site_id,latitude,longitude,outlier_flag,total_plant_cover_z,clay_content_z,silt_content_z,sand_content_z,aggregate_stability_z,bulk_density_z,soil_moisture_z,as_z,cu_z,k_z,mo_z,ni_z,p_z,pb_z,zn_z,soil_ph_z,plot_total_c_z,plot_total_organic_c_z,plot_total_n_z,nematode_shannon_z,macro_shannon_z,earthworm_shannon_z,orib_shannon_z,meso_shannon_z,coll_shannon_z,bac_shannon_z,fun_shannon_z,euk_shannon_z,oomy_shannon_z,cerc_shannon_z,macro_total_abundance_z,macro_order_richness_z,earthworm_abundance_z,earthworm_richness_z,orib_total_abundance_z,orib_species_richness_z,meso_total_abundance_z,meso_species_richness_z,coll_total_abundance_z,coll_species_richness_z,coll_nymphs_abundance_z,bac_asv_richness_z,bac_total_reads_z,fun_asv_richness_z,fun_total_reads_z,euk_asv_richness_z,euk_total_reads_z,oomy_asv_richness_z,oomy_total_reads_z,cerc_asv_richness_z,cerc_total_reads_z,gee_temp_media_C_z,gee_humedad_rel_pct_z,gee_ndvi_verano_z,dem_elevacion_m_z,dem_pendiente_deg_z,dem_orientacion_deg_z,eu_clay_content_z,eu_sand_content_z,eu_silt_content_z,eu_water_holding_capacity_z,eu_cn_ratio_z,eu_p_z,eu_ph_z,eu_as_z,eu_organic_carbon_octop_z,eu_zn_z
BE_001,51.099,4.975,True,0.466314207050283,-0.2702107038277066,-0.1789825640437486,0.2695787470947122,0.5450590004056404,-1.7755800861048403,0.9010455262594688,9.598574981386454,-0.3402675028536095,-0.2680869424625237,-0.6343769928459315,-0.6607291624174956,0.3955368701948253,1.2734965530450555,1.176845222224999,-1.1659182338381282,1.3175251682737106,1.24288354867532,1.5773927656880358,0.4533686904939333,0.9764921677576268,0.911747767313979,0.6286171798867792,0.4550105757858323,-0.6185677000086734,0.2176878733482403,-0.0170941953476345,0.0215934901280685,0.7962031183051863,-1.1787549572515812,-0.2639223498235979,0.8593003893340802,-0.0744127465903787,0.3663176653433644,0.0921371671478461,0.2322185046351462,0.2039305200561082,0.398798868317965,-0.4071103740646977,-0.6982208754395988,-0.2449265049874135,0.0467275997979122,-0.4285717977572645,0.2939565253401415,0.0134073023460597,-0.1208688493598091,-0.1931277290501136,-0.9697450598549218,-0.4636687390147735,0.7279986130391894,0.7643297182272045,-0.07449423838925773,0.13292881021263386,0.512543708847885,-0.9532211660938916,-0.7586606707504289,-0.7951989711691176,-1.263243560563161,1.0083287347795544,-0.7234427484912722,-0.5224246174646053,-0.294011899359498,1.7054654054228606,-0.4596156035654776,0.4472402984276404,-0.2685471038573648,-0.4880330349986752
BE_002,51.102,4.978,True,0.466314207050283,-0.6067949640985292,-0.6765555706218038,0.7784505690086475,0.3154372587466762,-0.7247086542347596,0.3513717783778986,2.710580667592394,-0.3561312504903706,-0.3919733778755939,-0.1126623309099009,-0.6607291624174956,0.4714497101971004,0.214580964224654,0.057942433214106,-0.8268249368447663,0.9493377636194454,0.8710724093302133,1.3185818669067195,0.6326285516380014,0.1523396528157599,0.5669974714742794,0.5295731904062921,-0.6420043641948351,-0.6185677000086734,0.7924605833873869,-0.4612825290112713,0.0185902364615042,-0.130850789596233,1.1206812441612513,-0.1946182417651282,-0.0170631530844733,0.1081337297309229,0.740503729226324,-0.0134915137609346,-0.0033016849000257,-0.3591808514536615,-0.1897732545788937,-0.4071103740646977,-0.6982208754395988,-0.2449265049874135,0.8230109115252595,-0.4453178062674588,0.2939565253401415,1.2625057143269471,-0.1088800040467156,-0.0569134724460563,0.6413108169716945,0.0680922617579403,1.5884846865449227,0.3137184249698583,-0.10048526648987827,0.20022363440061577,-0.16835026216850368,-0.9572843789319527,-0.8103723955687641,-0.4039605699636303,-1.263243560563161,1.0083287347795544,-0.7234427484912722,-0.5224246174646053,-0.294011899359498,1.7054654054228606,-0.4596156035654776,0.7899944226895456,-0.2685471038573648,0.684414594720878
BE_003,51.097,4.976,False,0.466314207050283,-1.2862274597072485,-1.3498285184810914,1.5969777515577648,0.9260223445216486,-0.5126907337697434,0.2211858907217372,-0.3587148118749679,-0.4222301989768747,-0.7807204683097108,-0.0604908647162978,-0.6607291624174956,0.7231607059941181,-0.1260330216760002,-0.6469663238627564,-1.1824593702768285,0.3195683083995719,0.2351047045416027,0.6828099620265063,0.8825832074834268,0.2831724219552556,1.038095195704433,-0.8646157247300631,-0.6420043641948351,-0.6185677000086734,0.3820030645187944,-1.0114166221795295,-0.1782238534586036,-1.166785325126371,0.6238681973334111,-0.3332264578820678,-0.3091843338906578,-0.1580798815709753,0.3663176653433644,-0.4360062373960579,-0.7098622535055418,-0.5468846419569181,-0.7783453774757525,-0.4071103740646977,-0.6982208754395988,-0.2449265049874135,-0.1629792664033142,2.318616922084192,0.2939565253401415,-0.4530379431256867,0.2867518912853679,0.2398118981273306,-0.1223715142513119,-0.1700182839440447,-0.1254916387307248,-1.0580399017979951,-0.07449423838925773,0.13292881021263386,0.21368196891743466,-0.9554374640055613,-0.2752641547100258,0.6009849285635578,-1.073249293615596,0.9192430311982832,-0.7083202745046644,-0.8723907003455023,-0.2523162139516721,1.475930000532895,-0.3780442816905371,0.5343726783235834,-0.2685471038573648,-0.2459190604979491
BE_004,51.232,5.027,True,0.466314207050283,-2.163685087103094,-2.2939946362019907,2.7011244482827457,0.0388474335665602,0.2339810730853136,-0.1404415749898223,-0.4825292791995537,-0.3878587457638926,-0.5756670579708358,-0.0604908647162978,-0.6607291624174956,0.9828625270545328,-0.5593310853727511,-1.0654359669528304,-0.4132965258772518,-0.524930548225435,-0.6177057883980733,-0.5439801736878845,0.9668264135032606,-0.31690357307252,1.2343344241715228,-0.8646157247300631,1.887905776610241,0.4120978754238195,0.5192358228330921,-0.3000067466289351,0.5494244970490813,0.867944612575804,1.5161684288900912,-0.4163913875522315,-0.6013055146968422,0.0396788011104348,0.740503729226324,-0.4360062373960579,-0.7098622535055418,3.207191168108213,2.7530873599054,2.109916859435027,1.4062758477163753,3.121127664472637,0.6684900627454083,1.3886713128022463,-0.9964372474350444,-1.327314282852492,-0.252746147803837,-0.7315309027286927,-1.440508140745816,-0.4016203466104306,2.644853768653588,1.733295424527667,-0.10323078749079863,0.18668847610696387,-0.11364236510481927,-0.9287033704460453,-0.6998350763512757,-1.3583898628889381,-1.5190040059520435,1.5277999194442218,-1.343588803837029,-1.6136205323448576,0.9650177768025776,1.6722672577923934,-0.6663159191909973,-0.0220413958146941,-0.2685471038573648,-1.0002926324970245
BE_005,51.226,5.033,False,0.466314207050283,-2.173201515083268,-2.282839008579568,2.6996155209039974,0.3363119625338547,-0.1808365973897179,0.1141441608711154,-0.5411782374059364,-0.4671774839476976,-1.0327652851845774,0.0047234680257059,-0.6607291624174956,-0.0519493445554279,-0.5570139834278487,-1.2511738299286386,-1.099753688083326,-0.5451554808404676,-0.6381297766815254,-0.56756009054651,0.9142103431250812,-1.342740262241462,0.071928578432384,-0.8646157247300631,-0.6420043641948351,-0.6185677000086734,0.8802810271113906,-1.3826828035730507,-0.6597466376408663,1.3855841783973255,0.6775925973827571,-0.4579738523873133,-1.185547876309211,-0.1961103974712466,-0.0078683985395949,-0.4360062373960579,-0.7098622535055418,-0.5468846419569181,-0.7783453774757525,-0.3259159471776098,-0.1720966946506053,-0.2449265049874135,0.9407410820241936,-0.7797560769458732,0.2939565253401415,-0.0868537457877481,-0.1688242306121829,-0.2753574056957068,0.097317923497772,-0.4170203399348205,1.056802234622681,-0.0616581564312914,-0.10323078749079863,0.18668847610696387,0.2366242807161741,-0.9269488012659735,-0.6816130067057469,-0.8069968606004997,-1.3167870264631556,1.2783549384989208,-1.095370618674984,-1.5306452458081614,-0.2098700598114147,1.6148500184391048,-0.0658353497351257,0.6080947108259753,-0.0759476676456733,-0.1834595857720285
BE_006,51.222,5.026,True,0.466314207050283,-2.161341603690493,-1.884684350466588,2.441809105816502,0.3363119625338547,-1.6465256997348303,1.031231413915631,-0.4238803209931709,-0.5332764324342018,-0.9985897167947652,0.382966597929328,-0.6607291624174956,-0.5154172098324761,-0.5384771678686293,-1.380966553453902,-1.3396001664444843,-0.5179111591333981,-0.6106173138255453,-0.4348145529098692,0.8593725161350834,-0.31690357307252,-0.3974631808911456,0.6109496432012795,1.4159555478647123,-0.6185677000086734,-1.1657862354098538,-0.4560653601653819,-1.0356910772055032,-3.005955507208196,0.2398759355609103,-0.4163913875522315,-0.6013055146968422,-0.2645653260917347,-0.756240526305514,2.028662983808828,1.1742992627758344,0.3916343105593647,0.9873709912148236,-0.4071103740646977,-0.6982208754395988,-0.2449265049874135,-1.2151926652375384,-0.8599923479371644,1.5843502981153277,0.2062170102956904,-0.876166104084696,-0.1958611255037068,-0.7919012292961395,0.1371488042025837,0.6440487522093619,0.5881976067842022,-0.10323078749079863,0.18668847610696387,0.24044950000480161,-0.9190070670824904,-0.27287085751926343,0.313322329652853,-1.4332685485494776,1.3529708692047695,-1.134664126661197,-1.506909807854015,0.2527023386788882,2.089384705587163,-0.482425193570583,0.6376735339611533,-0.2217471512434077,-0.4122277433530523
BE_007,51.347,5.029,False,0.466314207050283,-1.9654929159808456,-1.556977595860365,2.12164732739456,0.4719975371505154,-0.273018301939725,0.0707488649857284,-0.554211339229577,-0.4248741569163349,-0.93023858001514,0.0438520676709082,-0.6607291624174956,0.0319543207102446,-0.5268916581441173,-0.557454100741885,-0.8268249368447663,-0.3631792644284211,-0.4543625334174341,-0.305346777347538,0.2909612760713686,-1.342740262241462,0.912732138593569,-0.8646157247300631,-0.6420043641948351,-0.6185677000086734,0.1419301406603551,-0.4813851926613705,-0.2966032403686546,-0.0712884685962606,1.3316934595979355,-0.2916439930469859,-0.8934266955030267,0.5721060237142316,0.740503729226324,-0.4360062373960579,-0.7098622535055418,-0.3591808514536615,-0.1897732545788937,-0.4071103740646977,-0.6982208754395988,-0.2449265049874135,0.0724810745945541,-0.7180729376853012,0.2939565253401415,0.3444230089539857,-0.6963334243882944,-1.4647645014050483,0.4634669864129121,0.4736168779838875,0.6650362174168187,-0.7341480914340306,-0.11777094726229616,0.22624826766777537,0.18673377827065035,-0.8941198884493657,-0.7303042254143612,0.9703977916377612,-1.4506110716966476,1.439693775491507,-1.2540232725612852,-1.3469637615492929,0.4190469878060982,1.6390703641762288,-0.7267758577618416,-0.8358735926434738,1.8862193191855048,-1.073801006525449
BE_008,51.339,5.003,False,0.466314207050283,-1.9492136348070328,-1.6099696099697682,2.145598482263583,0.4719975371505154,0.1233630276253056,-0.1230834566356675,-0.6128602974359596,-0.4883291474633789,-1.037037231233304,-0.6343769928459315,-0.6607291624174956,0.1158579859759169,-0.5292087600890197,-1.2086555239462249,-0.8929894825995687,-0.5172181424443587,-0.6099174764017777,-0.448614400668503,1.7724977663863857,-0.6759234133321365,0.6612458493395413,-0.8646157247300631,0.5997205374243119,-0.6185677000086734,-1.5048313408970964,1.671435430950719,-0.5035087898866197,-0.2097360282933957,1.228442364093667,-0.3332264578820678,-0.6013055146968422,-0.2341409133715177,-0.0078683985395949,-0.4360062373960579,-0.7098622535055418,0.0162267295528516,0.398798868317965,-0.4071103740646977,-0.6982208754395988,-0.2449265049874135,-1.8479923316693097,-0.8239703584080412,0.2939565253401415,0.375581057758646,-0.3966122915609583,0.2209059059899781,0.5471582007935155,-0.2132202618890053,2.022225634165699,0.2984164496770726,-0.11777094726229616,0.22624826766777537,0.7065581340883865,-0.9098186653236929,0.021752279412521818,-0.4728246570336919,-1.9684816651240624,1.715521612292467,-1.344788991274698,-1.993558518938905,0.5844793962419726,1.8615782729164163,-1.095125711245547,0.4571854698178295,-0.0257916274648669,-0.7935507686844597
BE_009,51.339,5.001,True,0.466314207050283,-1.9597231100133063,-1.611789240068177,2.1528430055971914,0.3363119625338547,-0.4942543928597419,0.0389256480031111,-0.5802775428768582,-0.490973105402839,-1.0199494470383978,-0.6343769928459315,-0.6607291624174956,-0.6472658266785329,-0.2071315897475846,-1.4570519431066429,-1.959892782895756,-0.4663314874176795,-0.5585299901820973,-0.4699930775690796,0.4585666581052638,-0.3726472262914482,-1.6482427398708548,1.416730779556021,2.5272514072341847,-0.6185677000086734,0.2176878733482403,-2.3510633005044363,0.0215934901280685,-0.6955348687905707,0.7851279520794203,-0.3055048146586798,-0.6013055146968422,-0.3102019451720602,-1.5046126540714329,5.127104290466399,2.8229405895220387,3.3948949586114696,2.7530873599054,-0.3259159471776098,-0.1720966946506053,-0.2449265049874135,0.0467275997979122,-0.4285717977572645,0.2939565253401415,-0.5227579335202732,-0.1208688493598091,-0.1931277290501136,-0.1851399250367645,-0.3279643053276374,-0.2094414995605525,-1.0602714398615265,-0.11777094726229616,0.22624826766777537,0.8068776322642568,-0.9162366946929031,0.43021383513526057,-1.7277601672277538,-1.9684816651240624,1.715521612292467,-1.344788991274698,-1.993558518938905,0.5844793962419726,1.8615782729164163,-1.095125711245547,0.4571854698178295,-0.0257916274648669,-0.7935507686844597
BE_010,50.805,5.256,True,0.466314207050283,-0.9074595157067894,1.469432583173694,-0.3995444593373197,0.3363119625338547,-0.0056913587447053,0.0244605493746488,-0.3978141173458898,-0.0732277509681327,2.722275291646067,0.7612097278329502,-0.3581698740636924,3.79962843240211,-0.197863181967975,-0.1680759301660941,0.1573726812579177,-0.4904124230434885,-0.5828479326167,-0.3756893500005838,0.498943721542607,-0.0914775060908744,1.0041485925683629,-0.8646157247300631,-0.6420043641948351,-0.6185677000086734,-3.744978695778062,-1.1607345467488517,-0.0279135308582623,-0.5579661189374844,1.0499490858452882,-0.0005667392014128,-0.3091843338906578,0.6938036745950994,1.1146897931092834,-0.4360062373960579,-0.7098622535055418,-0.3591808514536615,-0.1897732545788937,-0.4071103740646977,-0.6982208754395988,-0.2449265049874135,-2.495508269413448,-0.9158926928920578,0.2939565253401415,0.4422160928260384,-0.2287684571776501,-0.1392950044501824,-0.3002153448100942,-0.2389210826949338,1.6094721517523798,-0.2623371865731375,-0.10428716646633035,0.1289915496526993,0.03092275040841407,-0.7345926116823058,-0.6459446258144534,0.3289160529595214,-0.1839854166717342,-0.896142537901506,1.4617241484597303,-0.6499179940596507,-0.7506995636524232,1.893066572045773,0.3199088723855864,1.1834363069003278,-0.9611773675192736,0.193292037214881
BE_011,50.773,5.154,False,0.466314207050283,-0.6009691238149516,1.3588299067914709,-0.507670753566457,0.3363119625338547,-0.4389453701297375,0.0707488649857284,-0.3000658536685852,0.1356449262492203,1.1929186062019592,0.6046953292521411,-0.237146158722171,0.1957662386098908,-0.3253037889376076,-0.3918564879682729,0.1325609765998673,-0.4251935130663914,-0.5169871320599814,-0.4593515443692046,0.5535539876548577,-1.342740262241462,0.4958366674758988,-0.8646157247300631,-0.6420043641948351,-0.6185677000086734,0.027145476524062,0.6984992816667707,0.7495713658011933,0.386277497686647,-0.1292250952763077,-0.3748089227171496,-0.8934266955030267,0.2982863092322789,1.1146897931092834,-0.4360062373960579,-0.7098622535055418,0.2039305200561082,-0.1897732545788937,-0.4071103740646977,-0.6982208754395988,-0.2449265049874135,-0.140904859434764,-0.4919415853569929,0.2939565253401415,-0.8306364751742434,1.018071455384068,0.0707968840801557,-0.56175038974948,-0.3941894014123057,-0.076520886579992,-0.348649890959007,-0.1463709572396766,0.2397935805416954,0.515124061783357,-0.6184216628122847,-0.36061408418197327,0.979930948364588,0.2420810192724205,-1.4025937502938857,1.956006019538837,-0.1777758037860594,-0.7659855779230827,2.002416619201485,-0.1111752286432332,0.4924105778852027,-0.9611773675192736,0.1648103288644083
BE_012,50.824,5.143,True,0.466314207050283,0.2126164943424228,2.148714863731076,-1.4775268424170591,-0.2481797435071443,0.5197443571903348,-0.0912602396530502,-0.4108472191695303,-0.0309244239367701,2.2267295499937867,0.3960094644777289,-0.3581698740636924,0.5233900744091834,-0.1770092644638533,-0.3336735429397064,0.5709010922254322,-0.5633318905923359,-0.6564850803492098,-0.5656793407371542,0.8551104660363618,0.1960147715119509,0.6787685086757885,-0.8646157247300631,-0.6420043641948351,0.37573944424862,0.3690679987748111,0.3882296338429764,-0.1932080405780602,0.2519513709383254,0.4977139695806249,-0.4025305659405375,-0.3091843338906578,0.899168460456564,1.488875856992243,-0.4360062373960579,-0.7098622535055418,-0.5468846419569181,-0.7783453774757525,-0.0011382396292582,0.3540274861383882,-0.2449265049874135,-0.140904859434764,-0.1815982909522394,1.5843502981153277,-1.0731139638916989,-0.1208688493598091,-0.2269914740029618,0.3379301648420069,-0.252501775643231,1.0078314824719483,-0.1128241363165436,-0.09233198525724186,0.1546244329710478,-0.8290913979273814,-0.8150719295998126,-0.7698018818108745,-1.6022078446213839,-0.165123849837307,-0.4768510043273211,0.820522887165249,-0.672845925249969,-0.4733423378032443,2.083582694914253,0.1371402511929207,0.5692125968634771,-0.9799048716057946,0.2337245171445329
BE_013,50.742,2.824,False,0.466314207050283,-0.311278946920257,1.470487598568134,-0.7461222882682453,0.3363119625338547,-0.0610003814747096,-0.0160417267850458,-0.1045693263139762,-0.0970233724232743,0.987865195863084,0.6438239288973434,-0.3581698740636924,1.841876242869752,0.3953149159270421,-0.3068198760034449,-0.7441192546512637,-0.4214863774339585,-0.5132435104537615,-0.3868552882709796,0.2628839602602928,-0.3636468446506555,1.7273367668635056,-0.8646157247300631,-0.6420043641948351,-0.6185677000086734,0.3592579827599171,-0.4266335999540317,-0.5974988583550552,1.5687271925898203,1.297048176802251,-0.2916439930469859,-0.6013055146968422,0.2526496901519535,2.2372479847581617,-0.4360062373960579,-0.7098622535055418,-0.5468846419569181,-0.7783453774757525,-0.2447215202905219,-0.1720966946506053,-0.2449265049874135,0.7199970123386921,0.1372987200296636,-2.28683102021023,0.0399379181599289,-0.2767238384300238,0.3253064649813822,0.3902371738298841,-0.3410581432457126,0.0913788350796632,-1.0467228159043722,-0.10026605378788976,0.31546455747663926,0.3329480657748349,-0.8039442671683041,-0.44206871615723153,-1.1951051681485498,-0.7275037327733265,-0.8206354865257395,1.6876844141158915,-0.9716626758682184,-1.2303776716434267,2.321938836406206,0.8946461402601243,0.032239732680844,-0.948944976708788,0.0366294970158567
BE_014,50.785,2.751,True,0.466314207050283,-0.5529247785216852,1.0499943118853277,-0.3409123692248533,0.2736878511723191,0.1141448571703053,-0.0160417267850458,-0.1697348354321792,0.1144932627335391,2.628292478574082,0.382966597929328,-0.3581698740636924,5.757380621934469,-0.2511565267007304,-0.2352100975067477,0.2814312045481723,-0.4228736176075702,-0.5146444039742235,-0.4420971297645039,0.8117433313862672,-0.3320570930959974,2.037103364217221,-0.8646157247300631,-0.6420043641948351,-0.6185677000086734,0.3535622411941577,-1.532892984078025,-0.0425310613146705,1.1238025572846986,1.2570806852931111,-0.3124352254645268,-0.6013055146968422,-0.1580798815709754,1.8630619208752024,-0.4360062373960579,-0.7098622535055418,-0.5468846419569181,-0.7783453774757525,-0.163527093403434,-0.1720966946506053,-0.2449265049874135,0.2490763303429554,-0.7066278239553122,1.5843502981153277,-0.0680355182918642,-0.0729134681074353,0.780189191466838,-0.4152907645834239,-0.3840551295990009,2.036217277637337,-0.1433483891141318,-0.11195431976216239,0.3549261700928518,-0.9412862124156909,-0.5342485150419952,0.14349683168192498,-0.06131309823534528,-0.3940566427649704,-1.3689439418664628,2.302621611073373,-0.5530831524461707,-0.5213557446830694,1.5698252619241708,0.2074961288124737,0.2960104230868508,-0.948944976708788,0.7666553216559489
BE_015,50.771,2.803,True,0.466314207050283,2.069759822228776,0.4390813869490508,-1.4776237611527825,0.3363119625338547,0.012744982165297,-0.0391858845905857,-0.0850196735785152,0.3471615614060337,0.2146429610435772,0.3047093986389235,-0.1968049202749973,0.7271561186258166,-0.4272562745133136,-0.0091917341265474,0.1077492719418162,-0.4237015841462975,-0.5154805194366545,-0.4563245447833096,0.6674234181924953,-0.7851319134796286,1.1805263289408727,-0.8646157247300631,-0.6420043641948351,-0.6185677000086734,0.1418582750209182,0.3463151746743128,0.7427405205086661,0.633245003009736,0.039072020831238,-0.3470872794937616,-0.6013055146968422,0.2830741028721704,0.740503729226324,-0.4360062373960579,-0.7098622535055418,-0.5468846419569181,-0.7783453774757525,-0.4071103740646977,-0.6982208754395988,1.1976681390668935,0.0430485319698205,-0.7449388362304332,1.5843502981153277,0.8552916111373271,0.8742053116269466,0.2569715536415541,-0.5512889879519045,-0.3977511303176138,-0.5032660124649493,-1.153438154013956,-0.10026605378788976,0.31546455747663926,0.03862082269586917,-0.5946888060081549,0.14575808488974878,-1.5164945515507193,-0.1680469509606049,-1.3413423859422922,2.120093198487848,0.1661698861126073,-0.1966743179328291,0.9991710055162312,-0.6546671732258305,0.042762535387857,0.0248204417563505,0.2309593129507172
BE_016,51.156,4.49,False,0.466314207050283,-1.2956651821416412,0.7666445159897736,0.2686095597374814,0.3154372587466762,0.0035268117102973,-0.0189347465107384,-0.3000658536685852,0.6115573553520504,-0.0032262874414771,0.5264381299617366,-0.6607291624174956,-0.2916741024573494,0.2701914109023119,-0.4052833214364036,0.6287950697608844,-0.5237999799015186,-0.6165640929155308,-0.5692941620013532,-0.1965570227891972,-0.1484405221387313,1.3022711043549182,-0.8646157247300631,-0.6420043641948351,-0.6185677000086734,0.30939914551208,-1.2295580898506202,-0.3699221416323885,0.4951855318108482,1.5525245708126931,0.1241806553038328,0.2750580277217112,0.1005276265508688,1.488875856992243,-0.4360062373960579,-0.7098622535055418,0.0162267295528516,-0.1897732545788937,-0.3259159471776098,-0.1720966946506053,-0.2449265049874135,0.4183134504351732,-0.2484618501116486,-0.9964372474350444,-2.2521838899452806,-0.6124115071966403,-0.439968614345426,-0.0491417016682839,-0.2648909549649324,1.560501399601647,0.3522921543537556,-0.08421509418478142,0.2436425651119202,0.05908618156420502,-0.9317046072014314,-0.7663357272587359,0.7080667600117012,-1.1219395079466548,0.4591190621436142,0.0127989870535021,-1.5015198880948355,0.1659530031778162,1.4760989789601224,0.4011693930341262,0.2859367532045716,-0.7329456379454212,0.2952870267884438
BE_017,50.917,4.928,True,0.466314207050283,-1.3230596331016486,-0.5602937276383358,1.1207675435825015,-1.2814775809724823,0.3077264367253204,-0.1635857327953625,-0.1958010390794604,-0.284744386124946,0.8255312460114751,0.0829806673161104,-0.6607291624174956,0.1757891754513973,-0.4318904784031185,-0.5306004338056235,0.1077492719418162,-0.5309725200142676,-0.6238072258353652,-0.5291809465113568,0.9361679117788796,0.6234403083944162,1.5986944063701096,-0.8646157247300631,0.7102013799351834,-0.6185677000086734,0.2176878733482403,-0.40870414817953,0.0215934901280685,0.1837990938807684,0.3883068692003202,0.1519022985272207,0.5671792085278956,0.0396788011104348,1.488875856992243,-0.4360062373960579,-0.7098622535055418,-0.1714770609504049,0.398798868317965,-0.0011382396292582,-0.1720966946506053,-0.2449265049874135,0.0467275997979122,-0.4285717977572645,0.2939565253401415,0.4172279546757663,-0.1208688493598091,-0.1931277290501136,-0.3839065591906976,-0.3514999024465261,0.3082493088900512,0.2478880520956864,-0.06953346893360435,0.09448218616473555,-0.49928052614279333,-0.7111829649902943,-0.0005631537041041892,-1.3928543321271214,-0.9725840573234216,-0.5905479799733434,1.4952842072435888,-1.4013498013782242,-0.8386582003847516,2.615389469260115,0.585989722322694,0.6581412021095647,-0.7722257210990514,0.2493430662220119
BE_018,50.961,4.916,False,0.466314207050283,-1.041097235415719,-0.9447574941180577,1.199465556989628,-0.2377423916135551,0.058835834440301,-0.1635857327953625,0.332039584777984,0.1356449262492203,0.3983366411388193,-0.1909195302003055,-0.3783404932872792,0.0119772575517511,-0.5570139834278487,-0.4343747939506868,0.2152666587933699,-0.3150884865581283,-0.4057984416372269,-0.4477587008812701,0.4891475509054724,0.3259768416447001,0.8609887717074896,-0.8646157247300631,-0.6420043641948351,0.7187166079773896,0.0634215307749746,-0.5648155396808362,-0.0484897120422626,0.5734235490202967,1.5585577257229146,-0.263922349823598,0.2750580277217112,-0.0744127465903787,0.3663176653433644,-0.4360062373960579,-0.7098622535055418,0.0162267295528516,-0.1897732545788937,-0.0011382396292582,0.3540274861383882,-0.2449265049874135,0.0651229389383707,-0.8191513631533089,1.5843502981153277,0.9330324853826184,-0.4325788275002386,-0.9438246939577586,-0.8860538454743183,-0.4001854054687237,1.6514470821672935,-0.1994556318543462,-0.06953346893360435,0.09448218616473555,0.32700198458449453,-0.8195968711694714,-0.3116587775074816,1.2021230127007823,-1.615536312660541,0.4507403589416935,0.3335207310962887,-1.7730939324982598,0.2452729534892908,1.9754844675357572,0.080402227308501,0.7371888852115083,-0.5675280918512603,0.6959072446266743
BE_019,51.198,4.94,True,-0.5004678149295717,0.1781633432555569,0.0297059497395607,-0.1220943427939243,0.3363119625338547,-2.7158334725149125,-0.1635857327953625,3.864010178984588,14.862490649042348,-0.5201317593373908,-0.0213622650710956,-0.6607291624174956,-0.5473805108860657,9.615063554693734,4.220260808334627,-1.8110225549474503,6.756865350189631,6.735758222709478,7.450704464590924,1.237006250165164,-1.342740262241462,-1.6482427398708548,-0.0894544439478515,-0.6420043641948351,-0.6185677000086734,0.8746185406789415,0.9886905301971104,-0.5756013319325927,-1.1026434148275532,-0.6612426159696613,-0.4579738523873133,-1.185547876309211,-0.3102019451720602,-1.5046126540714329,-0.2951679961843502,-0.2388218744351977,-0.5468846419569181,-0.7783453774757525,-0.3259159471776098,-0.1720966946506053,-0.2449265049874135,1.1982758299906122,0.6552202350320063,0.2939565253401415,0.2151633807445533,-0.1928019212383697,0.0073213442133821,-1.220818702996732,-0.3578162058649323,1.4555640735643625,0.6993760210208485,-0.10048526648987827,0.20022363440061577,1.0423345471766283,-0.9444021473203725,-0.5318586245554898,0.9116140450352243,-1.0426084362936567,0.9183283517360008,-0.7260755263596858,-0.883837338365326,1.295956619501675,1.2339535197503628,-0.6207282393050838,0.2164493579141284,-0.0993475701973486,-0.5684328629065031
BE_020,51.195,4.942,True,0.466314207050283,0.1781633432555569,0.0297059497395607,-0.1220943427939243,0.3363119625338547,-2.68817896114991,-0.1635857327953625,2.560699996620527,7.618045894921492,-0.9515983102587732,-0.6343769928459315,-0.6607291624174956,0.311633204929153,8.386999523895456,1.3111135569063062,-1.3974941439799369,5.993696256666854,5.96507794796698,5.263981589425101,1.041431024456211,-1.342740262241462,-1.6482427398708548,-0.8646157247300631,0.7102013799351834,0.7587261763467392,0.2176878733482403,-0.0170941953476345,0.0215934901280685,0.1606293667816362,0.0853317765029191,-0.4579738523873133,-1.185547876309211,-0.3102019451720602,-1.5046126540714329,-0.4360062373960579,-0.7098622535055418,0.5793381010626214,0.398798868317965,-0.2447215202905219,0.3540274861383882,-0.2449265049874135,0.0467275997979122,-0.4285717977572645,0.2939565253401415,0.0134073023460597,-0.1208688493598091,-0.1931277290501136,0.0659337181050458,-0.2134636894041163,0.0563997264005683,-0.0312733747626739,-0.10048526648987827,0.20022363440061577,0.1530663299911319,-0.9636562354280032,-0.7856636652613757,0.4384460249956765,-0.9761068179288696,0.9639508880227422,-0.8360784870288898,-0.9576553144861631,0.5298177042818156,0.4150793588525915,-0.637893707038863,0.1017916831661229,1.7600467118429437,-1.089892048346402
BE_021,51.08,4.931,True,0.0796013982583411,0.1781633432555569,0.0297059497395607,-0.1220943427939243,0.3363119625338547,-2.706615302059912,-0.1635857327953625,-0.7627409684078266,8.913585285256973,-0.5457634356297499,-0.6343769928459315,-0.6607291624174956,0.1717937628196988,7.390645687587419,0.5055035488184633,-1.3809530075412355,3.270200962502624,3.2147777597377987,2.839511112104615,0.9630173829733554,-1.342740262241462,-1.6482427398708548,-0.8646157247300631,0.7102013799351834,-0.6185677000086734,-0.3779144781683624,0.8246064841343416,-1.6328909418442366,0.5107692235480032,0.3282268023016221,-0.4579738523873133,-1.185547876309211,-0.3102019451720602,-1.5046126540714329,-0.4360062373960579,-0.7098622535055418,-0.1714770609504049,0.398798868317965,-0.4071103740646977,-0.6982208754395988,-0.2449265049874135,-0.751630118897985,0.9864056839134764,-0.9964372474350444,-1.0472003391432685,-1.391686452547714,0.0626726223986428,-1.534660756923995,-0.4217992064156836,-0.6291908037096907,-1.0453679535086569,-0.07449423838925773,0.13292881021263386,0.738779434544209,-0.9438018999692953,-0.2616306134716138,1.5362607639579906,-1.3570098465844065,0.8317810145447427,-0.3998782779824631,-1.3048243509291686,-0.1612593410833279,1.0132401054766866,-0.8251920461054902,0.3059552885282492,-0.0759476676456733,0.6922307042807582
BE_022,51.08,5.285,True,-0.1137550061376297,0.1781633432555569,0.0297059497395607,-0.1220943427939243,0.3363119625338547,-2.752706154334915,10.225248102166324,9.272747435795438,-0.4010785354611934,0.197555176848671,-0.6343769928459315,-0.6607291624174956,-0.155830072979594,0.8517839990728169,0.9083085528623848,-1.4305764168573378,5.576798715283217,5.544077262195073,5.157393535575337,-0.0316909882784257,-1.342740262241462,-1.6482427398708548,0.6363985860587393,-0.6420043641948351,-0.6185677000086734,-0.4677448532299123,0.9489904763574069,-2.035005507852933,0.179548807489428,-0.8509832804758788,-0.4579738523873133,-1.185547876309211,-0.3025958419920059,-1.1304265901884734,-0.0839106343667885,0.2322185046351462,-0.5468846419569181,-0.7783453774757525,-0.4071103740646977,-0.6982208754395988,-0.2449265049874135,-1.112178766050971,0.9937546516769432,0.2939565253401415,0.1858563051362094,-0.8521884134585092,0.5461800839675599,-0.7500556221058378,-0.3267471677520824,-0.4542952603142164,-1.0603511376495096,-0.11001712659379355,0.06430701485411829,0.34958994805125787,-0.8182578578478378,0.08178277515598971,-0.9537707926169388,-1.979897338287347,1.6953418238613125,-1.3073693025901407,-1.8604750160214665,0.8268827112783694,1.226969600597588,-0.7219402386808145,-0.3261697912006999,-0.1776277613732163,-1.4128566116363408
BE_023,51.091,5.322,True,-0.5004678149295717,0.1781633432555569,0.0297059497395607,-0.1220943427939243,0.3363119625338547,-2.697397131604911,7.664925644928481,1.413787036140154,-0.3719949981271315,-0.9943177707460388,-0.6343769928459315,-0.6607291624174956,0.051931383868738,1.319838591943104,2.4523944016974166,-1.281706188909032,1.176776099287291,1.1007492142573778,0.3202847666644517,0.3685886546072381,-1.342740262241462,-1.6482427398708548,-0.6007160890970898,-0.6420043641948351,-0.6185677000086734,-0.0453504066835018,1.1872785612035404,-3.896733648791916,1.4902528540330413,-2.3670422639177264,-0.4579738523873133,-1.185547876309211,-0.3102019451720602,-1.5046126540714329,0.3033945289654078,-0.2388218744351977,-0.5468846419569181,-0.7783453774757525,-0.3259159471776098,-0.1720966946506053,-0.2449265049874135,-0.3910814717449992,-0.6445832600506352,-0.9964372474350444,0.7065967643665719,-1.391686452547714,0.8153437069672163,-1.220818702996732,-0.4698184867649458,0.2033119828527667,0.7457601336271051,-0.1253589544940648,0.04235320319464995,-1.5051633271343707,-0.774670665585,-0.02507381803708469,-0.7858259163516061,-1.9604510332071807,1.4796876301485369,-0.9957763930241432,-1.831415628353996,0.8333318924092808,0.8514017221826581,-1.6850817391722868,0.2680356894612637,1.8862193191855048,-1.0421001784746338
BE_024,51.074,5.273,True,-0.3071114105336007,0.1781633432555569,0.0297059497395607,-0.1220943427939243,0.3363119625338547,-2.29179763158488,-0.1635857327953625,6.73129258018552,-0.7368611937726346,-0.6653779249940937,-0.6343769928459315,-0.6607291624174956,0.2796699038755634,4.702807431500623,1.781052728290881,-0.9095306190382696,1.720914695236831,1.6502432728920675,0.8550581333124534,-0.2120252872993651,-1.342740262241462,-1.6482427398708548,-0.0894544439478515,-0.6420043641948351,-0.6185677000086734,0.2376667196156074,-0.2534559304225658,-1.2154781994799222,-0.0793516495007977,-0.049827209623342,-0.4579738523873133,-1.185547876309211,-0.3025958419920059,-1.1304265901884734,-0.2951679961843502,-0.2388218744351977,-0.5468846419569181,-0.7783453774757525,-0.4071103740646977,-0.6982208754395988,-0.2449265049874135,-0.0893979098414803,-0.5731416553992303,-0.9964372474350444,-0.306194069551248,-0.9960545572156304,0.0767192430629408,-1.3254327209724863,-0.4291020318690132,-0.8460612775200788,-1.397472780818695,-0.11001712659379355,0.06430701485411829,0.7473320091207409,-0.8453151615194722,-0.797597140219453,1.5209730582248233,-1.8202171788745405,0.8343607023086653,-0.1145786234675708,-1.8215263844546885,0.5859047124952768,1.508239679030222,-0.737371799572714,0.2449371676617037,-0.8861965092043523,-1.0002926324970245
BE_025,51.332,5.004,True,-0.1137550061376297,0.1781633432555569,0.0297059497395607,-0.1220943427939243,0.3363119625338547,-2.3471066543148846,2.68893171673742,0.0322782428342501,-0.1128871200600352,-0.5500353816784765,-0.6343769928459315,-0.6607291624174956,-0.6472658266785329,2.153995292107972,-0.7633322139198894,-1.066671415205925,0.8752314588361889,0.7962367434008162,0.2078934798471038,0.1763609251817403,-1.342740262241462,-1.6482427398708548,-0.8646157247300631,-0.6420043641948351,-0.6185677000086734,0.9880607586691712,1.1587204509972784,0.8572004523791481,-0.0417579299369195,-0.9442967850667848,-0.4579738523873133,-1.185547876309211,-0.2949897388119517,-1.1304265901884734,-0.4360062373960579,-0.7098622535055418,-0.5468846419569181,-0.7783453774757525,-0.4071103740646977,-0.6982208754395988,-0.2449265049874135,2.000312616514601,1.253257546144272,1.5843502981153277,0.633483323112072,1.5216029585339923,0.3607646911988263,-1.6706589802924756,-0.462195361949628,0.9658565520570344,0.5209326737263317,-0.11777094726229616,0.22624826766777537,1.135147379254201,-0.920807809135722,-0.7930911393016727,0.7402614300292114,-1.4543227222289472,1.346260352871713,-1.1114468431090194,-1.6461729921871897,0.8300240227880579,1.647913673035656,-1.154516045595805,-1.1260146212166862,1.8862193191855048,-1.597560965235497
BE_026,51.331,5.004,True,-0.3071114105336007,0.1781633432555569,0.0297059497395607,-0.1220943427939243,0.3363119625338547,-2.7803606656999174,11.179944611644842,1.2573898142564668,1.431184316584702,0.3299855043591944,-0.6343769928459315,-0.6607291624174956,-0.5393896856226682,4.749149470398671,0.4159913256975918,-1.620799485902394,6.476380327273603,6.452512640103047,5.369216002153569,0.5263396624058275,-1.342740262241462,-1.6482427398708548,-0.1748267487994795,-0.6420043641948351,0.7587261763467392,1.1760887868933794,-0.151103369018747,-0.2341689918236248,-1.5811732036141406,-3.092294603305447,-0.4579738523873133,-1.185547876309211,-0.3102019451720602,-1.5046126540714329,-0.0839106343667885,-0.2388218744351977,-0.5468846419569181,-0.7783453774757525,-0.2447215202905219,0.3540274861383882,-0.2449265049874135,1.9488056669213176,1.298676576420123,0.2939565253401415,-0.3086620338130033,0.4306180350424892,2.422884532397039,-1.994962436017314,-0.4208767442531577,-1.048940107858829,-1.1652334266354785,-0.11777094726229616,0.22624826766777537,1.1369342242856086,-0.9184991654777327,-0.7844092474234587,1.70759513950598,-1.4543227222289472,1.346260352871713,-1.1114468431090194,-1.6461729921871897,0.8300240227880579,1.647913673035656,-1.154516045595805,-1.1260146212166862,1.8862193191855048,-1.597560965235497
BE_027,51.337,5.005,True,0.466314207050283,0.1781633432555569,0.0297059497395607,-0.1220943427939243,0.3363119625338547,-2.734269813424914,5.414156298339733,-0.1762513863439995,-0.1155310779994954,-0.4987720290937579,-0.6343769928459315,-0.6607291624174956,-0.5234080350958734,1.7925273887031958,-0.52612482264958,-2.174927556598864,1.7749854092195556,1.7048461558722672,0.545020021472076,-1.2599197968442786,-1.342740262241462,-1.6482427398708548,0.0127990032181508,1.4159555478647123,1.2988281461296791,0.6347214246010424,1.0005127638146347,-0.7062470606513164,-1.7749959954296868,0.6967818582389363,-0.4579738523873133,-1.185547876309211,-0.3102019451720602,-1.5046126540714329,-0.3303775564872771,-0.2388218744351977,0.3916343105593647,0.9873709912148236,0.3236394679190933,0.8801516669273817,0.7168032577154579,0.5213273496217407,1.0358003852744817,-0.9964372474350444,-0.9925966298519332,-0.9480991759632568,-0.4612283645400392,-1.3777397299603635,-0.4211457957172277,0.7349944347750085,0.8211542410592682,-0.11777094726229616,0.22624826766777537,0.6935785289577726,-0.8937505054640875,0.5072780046778099,-0.0213433525838064,-1.8559050671369672,1.8063579585158789,-1.551428933711843,-1.566893698346152,0.7791874240100385,1.4614411192847632,-1.4781322225634368,-0.0471928339997882,-0.0257916274648669,-1.1587967727511008
BE_028,51.282,5.493,True,0.466314207050283,-1.8195005370842208,-1.056713342916952,1.721663705065484,0.9260223445216486,2.4463419822854835,0.7918340316145782,-0.4173637700813506,-0.5279885165552815,-1.028493339135851,-0.1517909305551032,-0.6607291624174956,-0.723178666680808,0.7590999212767205,-1.069911578108874,-2.35688005742457,0.1878895936746618,0.1021299956556697,-0.3788886621496457,-0.6784778154242908,1.1391505027155249,-1.6482427398708548,2.735853103310851,-0.6420043641948351,1.1052934877023988,-1.3171665562553552,-0.6482767780948513,-0.6353613668944764,-0.2968732027643898,-0.8342070601800108,-0.2708527606294449,0.5671792085278956,-0.2987927904019788,-1.1304265901884734,4.4581226447107865,4.236061726733071,-0.1714770609504049,-0.1897732545788937,0.0800561872578296,0.8801516669273817,-0.2449265049874135,-1.1416113086757045,0.2148845436308519,-1.6416341338226372,-0.877836291680313,-1.781323925223251,-0.8141022539309849,-1.0272827697415865,-0.4215493729133328,0.7594798108503749,0.7482706139485779,-0.0831229332412011,0.07276741853066301,0.21165056544707317,-0.8471159035727038,-0.2423686974604433,-1.223886019606039,-1.8347547343784012,2.0962425414277117,-1.999798302381184,-1.992449345351465,1.3941180573344398,0.7427454584396633,-2.006019005569118,-1.2384907281126722,1.8862193191855048,-1.6352186018389552
BE_029,51.278,5.518,True,0.466314207050283,-1.9242268963377456,-1.5275908332250498,2.079184029857908,0.8373048534261397,0.6695396270840976,1.76605842424152,-0.3652313627867882,-0.3852147878244324,-1.0840286377692965,0.0960235338645112,-0.6607291624174956,-0.6752337151004237,1.6395986603396364,-0.922216409959436,-2.480938580714824,-0.3587368182109972,-0.4498763642310363,-0.6089644135734923,0.1255704924022817,0.1960147715119509,-1.6482427398708548,-0.8646157247300631,-0.6420043641948351,-0.6185677000086734,0.3848696127102481,-0.1230644627921341,-1.0708823831257042,-1.2577123190385098,-0.8383643681269679,-0.3748089227171496,-0.3091843338906578,-0.3102019451720602,-1.5046126540714329,-0.4360062373960579,-0.7098622535055418,-0.3591808514536615,-0.1897732545788937,-0.4071103740646977,-0.6982208754395988,-0.2449265049874135,0.2932251442800557,0.9043622897016608,-0.9964372474350444,-0.3692814059923671,-1.0320210931549108,1.209408362360225,-0.6506723050288712,-0.072333384524901,0.9588607303212154,1.362581163723538,-0.08426134719337526,0.05007941646558531,0.7372470232331385,-0.8359882411411955,0.650166099715259,1.8498092070166028,-1.886231145381163,2.248988402392584,-2.196959121772267,-1.843846389146489,1.287424504746056,1.108768720496636,-2.082597907744306,-0.8811078153982906,1.8862193191855048,-1.6067346151481023
BE_030,51.277,5.52,True,0.466314207050283,-1.8676913852669168,-1.299386872318952,1.9025625252925789,0.8738355850537022,-0.6578769184360045,-0.0796881607502804,-0.7627409684078266,-0.3667070822482112,-1.0071336088922185,-0.1257051974583017,-0.6607291624174956,-0.5633621614128603,0.9977614216016688,-1.007253021924264,-2.4643974442761234,-0.1915756055381835,-0.28106993535129,-0.5199705323605515,0.7644076026078944,0.9444385056174446,-1.6482427398708548,0.0127990032181508,0.7102013799351834,1.869378688704516,0.5938280143391383,1.0568915141877155,-0.854711952308261,-1.5292626445745603,-0.3100727130697586,-0.2916439930469859,0.2750580277217112,-0.3044973677870195,-1.1304265901884734,-0.3303775564872771,-0.2388218744351977,0.2039305200561082,0.398798868317965,3.7338053971767846,1.9324000285053688,-0.2449265049874135,0.3447320938733394,0.3165653435057013,0.2939565253401415,1.2294966923259705,-0.7862497642364952,1.113777450324099,-1.2469722074906706,-0.416168343631932,-0.6151991602380528,-1.065571342762413,-0.08426134719337526,0.05007941646558531,0.6374790885674508,-0.8633225820517886,-0.434723769606271,1.3712088683957924,-1.8797521815497944,2.198632418585986,-2.1254109974186126,-1.7794124432826477,0.7991096247952509,1.5885890779286538,-1.0029836476591718,0.097492796708129,1.8862193191855048,-0.9396481187694022
BE_031,51.136,5.041,True,0.466314207050283,-2.3350706403687886,-2.518909757279652,2.9423109821500133,0.3363119625338547,0.5796624651478401,0.0736418847114209,-0.534661686494116,-0.5332764324342018,-0.9686860944536791,0.1481950000581143,-0.6607291624174956,-0.5433850982543669,-0.457378599797045,-1.423484859436316,-2.257633238792366,-0.6411423949526608,-0.7350614029325322,-0.7482154691172432,0.4463115483975241,0.8300620754387252,-1.6482427398708548,1.4343865034327297,-0.6420043641948351,-0.6185677000086734,1.280244918482593,0.7138195515035352,-1.0080253132848889,1.4780104066141926,0.8653060102232838,-0.3055048146586799,0.2750580277217112,-0.3102019451720602,-1.5046126540714329,2.9441115516849283,2.3519002104516944,-0.3591808514536615,-0.1897732545788937,-0.3259159471776098,-0.1720966946506053,-0.2449265049874135,1.7942848181414663,0.3604182003237642,0.2939565253401415,0.0965468484139405,-1.5954968228703026,-0.5461914376392255,-2.083884351296705,-0.4855515914258034,1.7878656060157634,1.1003355923646243,-0.10388383374621116,0.1855397206014074,0.7513614143744334,-0.8446225684220755,0.2503039083813974,1.8285967173355449,-1.398460535530963,1.272250593632896,-1.0352197841000927,-1.041507418088029,0.2625391586415275,1.2685028677914982,-0.8415931108229867,0.6658407093760847,-0.027347864364863,0.4822732259068977
BE_032,51.137,5.038,False,0.466314207050283,-2.2802785430182477,-2.2930719231624392,2.768192213403104,0.3363119625338547,-1.2109671457360471,0.3752391911148616,-0.3912975664340694,-0.5464962221315026,-0.8917910655766013,-0.0213622650710956,-0.6607291624174956,-0.7311694919442053,-0.2581078325354377,-1.4190092482802723,-2.2410921023536656,-0.4194105439203321,-0.5111472463935692,-0.6273844577690444,-0.1548914174026421,1.1879076878684116,0.6561572384522177,0.4527864663430113,-0.6420043641948351,-0.6185677000086734,-0.5667366013271917,-0.4876982894259092,-0.3000622550088154,-0.0891458324034928,-0.0854927666817436,-0.1391749553183523,0.8593003893340802,-0.2702699034767754,-0.0078683985395949,-0.1895393152755693,-0.0033016849000257,-0.5468846419569181,-0.7783453774757525,-0.4071103740646977,-0.6982208754395988,-0.2449265049874135,-0.3874024039169075,1.621970920571969,0.2939565253401415,0.580267843717974,-1.2717979994167796,-0.7799727621007041,-0.9383608544621954,-0.3932669392497798,0.500634406625073,-0.0098147453481814,-0.10388383374621116,0.1855397206014074,0.789013829141421,-0.8435144194662405,-0.14391340268183836,-0.7160843086899809,-1.6420630675709236,1.5163312749516882,-1.2495486729047558,-1.533690723747851,0.170778402259687,1.0726032615234828,-0.3293534895599517,-0.6277958314276472,-0.027347864364863,-1.4900818351097171
BE_033,51.137,5.04,True,0.466314207050283,-2.3526900947936324,-2.5510471104703325,2.9727876645144877,0.5972457598735869,-0.2361456201197222,-0.1635857327953625,-0.2935493027567649,-0.5359203903736619,-1.028493339135851,-0.0083193985226948,-0.6607291624174956,-0.6872199529955197,-0.2048144878026822,-1.2869787191769873,-2.2907155116697675,-0.6362501986703091,-0.730121057199225,-0.7465072527825668,1.3252762133459293,1.280222672131204,-0.6267447221646523,3.188902965645727,0.6981343767881549,-0.6185677000086734,0.4745910675868321,0.3396385631426311,-0.9142029378646802,-0.5660149585695909,0.922437054162974,0.013294082410281,0.8593003893340802,-0.241747016551572,-0.3820544624225545,3.15536891350249,5.649182863944103,1.1424494725723913,0.398798868317965,-0.4071103740646977,-0.6982208754395988,-0.2449265049874135,0.4183134504351732,1.1128440719095123,0.2939565253401415,0.7178568513108304,-0.9720768665894436,-0.1252863476255176,-0.7919012292961395,-0.3496421661469949,-0.1919519452210051,-1.1349881160958315,-0.10388383374621116,0.1855397206014074,0.7013648978787693,-0.8591208505942481,0.4665094249455126,0.0408805584625632,-1.6420630675709236,1.5163312749516882,-1.2495486729047558,-1.533690723747851,0.170778402259687,1.0726032615234828,-0.3293534895599517,-0.6277958314276472,-0.027347864364863,-1.4900818351097171
BE_034,51.13,4.855,False,0.466314207050283,-1.8382089426178847,-1.5390615843424105,2.03650421806185,0.3884987220018012,1.74806557031918,0.0801511790942289,-0.1632182845203589,-0.3376235449141494,-0.7465448999198983,-0.217005263297107,-0.6607291624174956,0.1078671607125195,-0.2187170994720966,-1.3250214140033574,-2.307256648108468,-0.431864458670201,-0.5237237337310536,-0.6083474991396934,-0.3844106750345341,-1.342740262241462,-1.6482427398708548,-0.8646157247300631,-0.6420043641948351,-0.6185677000086734,1.268174540230123,0.2914763187374727,-3.138252595721481,-2.173646646648548,0.7945963357117103,-0.3748089227171496,-0.8934266955030267,-0.3102019451720602,-1.5046126540714329,-0.4360062373960579,-0.7098622535055418,-0.5468846419569181,-0.7783453774757525,-0.4071103740646977,-0.6982208754395988,-0.2449265049874135,2.147475329638269,1.507339070950027,-0.3512403610474514,0.0777286209180565,-1.9551621822631056,0.1109246625724881,-1.879887016243984,-0.3927672722450783,-0.2199352321642809,-0.6617426510512399,-0.08300651513890053,0.1832268736551101,-0.0021495669430559635,-0.9146206441323106,1.387796799406098,1.4876566615388824,-1.7222581659229446,1.4170429315056663,-1.050436005187772,-1.940559102668749,-0.2116254610577886,-0.1728257453041733,0.1372652016859669,0.447176355130386,-0.0759476676456733,-0.5959986784241148
BE_035,51.131,4.857,True,0.466314207050283,-2.02780485606972,-1.7565257321906158,2.2835609229409544,0.5972457598735869,-1.3492397025610576,0.4490111941200198,-0.143668631784898,-0.284744386124946,-0.6607215038009816,0.161237866606515,-0.6607291624174956,-0.2876786898256507,-0.0982277983371714,-1.2444604131945731,-2.117033579063412,-0.4382883093021942,-0.5302108084986084,-0.6264137561775163,-0.4204574016472847,0.9724797833627028,0.5937561679345463,0.44530227582629,-0.6420043641948351,1.4473731145244455,0.190729268925309,-0.1047958316760766,-0.732596078566076,0.0154572165387775,0.6956034287700312,-0.1045229012891174,0.5671792085278956,-0.2759744808618161,-0.0078683985395949,-0.2599584358814232,-0.0033016849000257,0.3916343105593647,-0.1897732545788937,0.2424450410320054,0.8801516669273817,0.2359383763640222,0.0356903963136372,-0.5800087236372238,-0.9964372474350444,-0.3515429128610011,-1.1878760822251255,-0.959845434282985,-0.7552863230046254,-0.3562275210294711,0.0598976372684778,-0.3664623465732654,-0.08300651513890053,0.1832268736551101,0.6947368413741011,-0.92768756723653,-0.26006259117421776,1.6422978797826902,-1.629227657028251,1.1130879533413536,-0.6522263878306311,-1.847385389834289,0.7934121887041391,2.006322246745825,-0.616689223367399,-0.6103435945602824,-0.0759476676456733,-1.0954238587896516
BE_036,51.131,4.858,True,0.466314207050283,-1.9056928340071717,-1.9608952289239605,2.3415074793823254,0.419810777682569,-1.0242991940222823,0.2255254203102759,-0.3717479136986085,-0.4592456101293171,-0.8234399287969763,-0.6343769928459315,-0.6607291624174956,-0.4834539087788866,-0.2650591383701449,-1.0609603557967868,-1.5463643719282416,-0.5249283230015785,-0.6177035412733567,-0.6609609663173421,0.5993594102721961,1.1159668766234565,-1.4084445083454469,0.8480670407937081,1.3863042520001925,-0.6185677000086734,-0.379770626277377,-0.3311510774972498,-0.7096726243301767,-0.7215986454194105,0.6374961698406013,-0.2362007066002101,0.8593003893340802,4.744053617973982,0.740503729226324,-0.2247488755784963,0.2322185046351462,0.2039305200561082,0.9873709912148236,0.7296116023545328,-0.1720966946506053,0.2359383763640222,-0.6743696945080595,-0.7497578314851654,-0.9964372474350444,-0.0701949870209,-1.1638983915989385,-0.6331286303993402,-1.2365108056930951,-0.3158377714827663,0.4586594762101591,0.5057900940095125,-0.08300651513890053,0.1832268736551101,0.5663210058659535,-0.9264870725343757,0.37010081190245614,-1.6716667406836487,-1.629227657028251,1.1130879533413536,-0.6522263878306311,-1.847385389834289,0.7934121887041391,2.006322246745825,-0.616689223367399,-0.6103435945602824,-0.0759476676456733,-1.0954238587896516
CH_001,47.325,8.417,True,0.466314207050283,0.8217254298647817,-0.0567999790564934,-0.4409809638589145,0.3363119625338547,-0.014909529199705,-0.0941532593787427,-0.1827679372558197,-0.250372932911964,-0.8106240906507965,0.1221092669613127,0.1864368449731535,-0.723178666680808,-0.2766446480946569,-0.4366125995287085,-0.9095306190382696,-0.4421007661812176,-0.5340607879329262,-0.3101208676713591,-0.7430330787941193,1.37120642434259,0.8111947145102808,-0.8646157247300631,0.7102013799351834,-0.6185677000086734,0.7190035910677532,-0.6856470691843365,-0.9906145838439452,-0.9457373799130764,-0.8688307330308429,-0.2639223498235979,0.8593003893340802,-0.0972310561305414,0.740503729226324,-0.4360062373960579,-0.7098622535055418,-0.1714770609504049,0.398798868317965,-0.4071103740646977,-0.6982208754395988,-0.2449265049874135,0.3741646364980729,-0.6843399709021758,0.2939565253401415,-0.3882538812546108,-1.30776453535606,0.4010063612100584,-0.4362135681785748,-0.315306074541866,-1.6435849554034414,-1.0133294427393869,-0.43769354871416366,-0.016385609398047545,1.2350187139249573,1.8986463446202786,1.5185698590089292,0.08090502248817168,0.2313671781253583,-0.3793232131741957,0.4265950423435715,0.6613715301362925,-0.2116254610577886,-0.1728257453041733,0.1372652016859669,-0.0220413958146941,-0.928003965336758,0.0014764575181038
CH_002,47.641,9.102,True,0.466314207050283,0.3931024959417397,-0.2067408479835848,-0.097791720663553,0.5085282687780779,-0.3744181769447327,-0.0015766281565835,-0.2870327518449446,-0.2212893955779021,-0.6824657091889998,-0.6343769928459315,0.0452425104080453,-0.7191832540491093,-0.2951814636538762,-0.5731187397880375,-0.3967553894385516,-0.3686822960860499,-0.4599197264246106,-0.2691691565231826,-0.6481750022366913,0.8685933763993595,0.6992190602301773,0.9682805543803992,-0.6420043641948351,-0.6185677000086734,0.0482200284330767,-1.391656046910819,-0.2403875924772701,-0.3879632883115313,-0.6397723473528207,-0.3470872794937618,0.2750580277217112,0.1689825551713568,1.8630619208752024,-0.2247488755784963,0.2322185046351462,-0.5468846419569181,-0.7783453774757525,-0.4071103740646977,-0.6982208754395988,-0.2449265049874135,0.0356903963136372,-0.6497636799494723,-2.28683102021023,-0.0671100316937059,-0.4685453634395189,-0.2104392399228701,-0.5512889879519045,-0.3749714396930171,-0.2724038951829232,0.7004917900526141,-0.3174883964083568,0.43835491043731095,0.729347088576238,1.6237792307000734,1.1939892434479458,1.7427902003683173,0.1664531118741394,-0.629341458067035,0.8424386578202162,0.26172749753449,-0.2116254610577886,-0.1728257453041733,0.1372652016859669,-0.0220413958146941,0.2847683531074256,0.0014764575181038
CH_003,47.467,8.197,True,0.466314207050283,0.4093053114485736,-0.2781742157955167,-0.0621740852853277,0.5450590004056404,0.1786720503553093,-0.2445902851147516,-0.5281451355822958,-0.538564348313122,-0.6952815473351796,-0.1517909305551032,-0.3581698740636924,-0.5433850982543669,-0.2326197111415111,-0.8148017422143904,-1.6290700541217444,-0.5512472097123485,-0.6442814609157059,-0.5094508768610139,0.4399857558183076,1.2889908017410665,0.2279265985987087,-0.8646157247300631,-0.6420043641948351,-0.6185677000086734,0.3104419890851549,-0.3197388612560962,-0.8981463206279944,-1.7985756537094617,0.2303332417311195,-0.2777831714352919,0.8593003893340802,-0.2797775324518432,-0.3820544624225545,-0.4360062373960579,-0.7098622535055418,-0.5468846419569181,-0.7783453774757525,-0.4071103740646977,-0.6982208754395988,-0.2449265049874135,-0.7957789328350854,-1.5005572921724415,0.2939565253401415,-0.3888708723200496,-1.415664143173901,-1.128253026896028,-1.827580007256107,-0.4263858932793538,0.3572200610407841,-0.180328162738364,-0.38550806239587226,0.213323895071945,1.1270307693057808,1.08351044185742,0.6522622979444096,-0.5259146528232995,0.5183051957428845,-1.059471905874357,1.2684810597176148,0.2544678697668199,-0.2116254610577886,-0.1728257453041733,0.1372652016859669,-0.0220413958146941,-0.7024362404410768,0.0014764575181038
CH_004,47.282,8.522,True,0.466314207050283,0.8851168575435793,-0.1810586683827392,-0.3994512856015826,0.5241842966184619,-0.3191091542147283,0.0418186677288035,-0.0915362244903355,-0.1631223209097784,-0.7465448999198983,-0.0865765978130994,0.0654131296316322,-0.7391603172076028,-0.3484748083866317,-0.3471003764078371,0.9265355256574952,-0.0486108159252307,0.5414494359494272,0.1741602255324905,0.2924177942493481,0.5273871972587191,1.4276092072543531,0.0127990032181508,-0.6420043641948351,-0.6185677000086734,0.9703147796152692,-0.6848823840869177,0.3154331577913929,-1.485127545161698,0.283042171554165,-0.2777831714352919,0.2750580277217112,-0.2189287070114093,0.740503729226324,-0.3303775564872771,-0.2388218744351977,-0.5468846419569181,-0.7783453774757525,-0.4071103740646977,-0.6982208754395988,-0.2449265049874135,1.3969454927075635,0.1119989949423195,-0.9964372474350444,1.383127467620236,0.2148188194068072,-0.3222047838031223,-0.8860538454743183,-0.2552563501563291,-0.9859777122364582,-1.4919943573668402,-0.5048478587247458,0.25389595361518325,1.150111625493334,2.2879298382304323,5.370986072238764,0.12403019437773537,1.7677053370903408,-0.9568053063930698,0.3343829798821913,2.070782729371836,-0.2116254610577886,-0.1728257453041733,0.1372652016859669,-0.0220413958146941,-0.9513706411242888,0.0014764575181038
CH_005,47.552,8.421,True,0.466314207050283,-0.3142856850198337,0.8255816276153402,-0.3379449509971982,0.9260223445216486,-0.9828174269747796,0.0649628255343435,-0.3326486082276867,-0.5438522641920424,-0.8832471734791482,0.0308092011225073,-0.6607291624174956,-0.3316282287743363,-0.288230157819169,-0.9244542155374578,-1.6290700541217444,0.222709932710481,0.137293039707782,-0.1223382042165672,0.1119721040982776,1.4772232943025037,-1.6482427398708548,0.2141219930244472,-0.6420043641948351,-0.6185677000086734,0.6719039238711094,0.4131727773190861,-0.4732343887132075,0.4295626059934386,0.774084584585343,-0.2223398849885161,1.1514215701402646,-0.2949897388119517,-1.1304265901884734,2.275129905929316,1.6453396418461783,-0.3591808514536615,-0.1897732545788937,-0.4071103740646977,-0.6982208754395988,-0.2449265049874135,0.4551041287160902,-0.7745756570470361,0.2939565253401415,1.5154720511568625,-0.6244003525097337,-0.532372600012727,-0.6454416041300834,-0.4311903837091759,0.6370529304735428,0.3173048254291049,-0.4469683564318361,0.15890426103305874,1.2372897381935812,1.4582494804222417,4.668611115992533,0.08198723033088534,0.4828015327646646,-0.1694111946384748,-0.0454839224985435,0.6917148285063325,-0.2116254610577886,-0.1728257453041733,0.1372652016859669,-0.0220413958146941,-0.6798493057202171,0.0014764575181038
CH_006,47.641,9.101,True,0.466314207050283,0.3491770456801317,-0.1755432846472094,-0.091966848678126,0.8216488255857558,-0.6693996315047557,0.0649628255343433,-0.3717479136986085,-0.250372932911964,-0.80635214460207,0.3047093986389235,0.1460956065259797,-0.7191832540491093,-0.2905472597640714,-0.4298991827946431,-0.5621667538255568,-0.2289290443521445,-0.318791010185227,-0.1245622473499456,1.3744947498266782,1.460670865112745,0.7506728929971814,0.0127990032181508,-0.6420043641948351,-0.6185677000086734,0.4779873474611396,-0.6508947571665773,0.8094030144973866,-1.4646560844987682,-0.5142653268470213,0.2627888714207722,1.4435427509464491,0.4656205791934721,1.488875856992243,-0.3303775564872771,-0.2388218744351977,-0.3591808514536615,-0.1897732545788937,-0.4071103740646977,-0.6982208754395988,-0.2449265049874135,0.1754949737811215,-0.8748107583454658,1.5843502981153277,1.886592177018312,2.480710583581468,2.56570449709728,-1.6392747748997492,-0.3561122132591554,-1.279802225140855,-0.5650293853335551,-0.3174883964083568,0.43835491043731095,1.377985195651964,1.6231328104758362,0.7310595447630281,-0.07634241164651569,0.1664531118741394,-0.629341458067035,0.8424386578202162,0.26172749753449,-0.2116254610577886,-0.1728257453041733,0.1372652016859669,-0.0220413958146941,0.2847683531074256,0.0014764575181038
CH_007,47.272,8.544,True,0.466314207050283,1.4958541714282425,-0.4433152762433704,-0.5885308480681449,0.3884987220018012,-0.1992729382997194,-0.0044696478822759,-0.3326486082276867,-0.2371531432146631,-0.5414914895810234,-0.2430909963939086,0.3881430372090223,-0.723178666680808,-0.107496206116781,-0.3001064592693796,-0.7523898228706138,-0.3855448896898313,-0.4769482832434482,-0.2308459698991736,1.6423719825784016,1.0626060724792925,0.8341043473600177,-0.8646157247300631,-0.6420043641948351,-0.6185677000086734,-4.585176922286474,-1.496782477773413,-0.0750769612330967,-0.4688372307857663,-0.9201486370838008,-0.0837316688715765,0.8593003893340802,-0.1200493656707041,0.3663176653433644,-0.4360062373960579,-0.7098622535055418,-0.3591808514536615,-0.1897732545788937,-0.4071103740646977,-0.6982208754395988,-0.2449265049874135,-3.356410141186904,2.0359828503941486,-0.9964372474350444,0.8025388750423083,0.3227184272246482,-0.5621362502851854,-0.6663644077252343,-0.3950221797534748,-1.258814759933398,0.1601407875261182,-0.5048478587247458,0.25389595361518325,1.0784815624316224,1.7750877360446917,1.1959368921962903,-0.1587503096020755,0.6272015592848896,-0.0865315500743897,-0.260046337016055,0.6684240620638081,-0.2116254610577886,-0.1728257453041733,0.1372652016859669,-0.0220413958146941,0.1825392249019883,0.0014764575181038
CH_008,47.561,8.456,True,0.466314207050283,-0.2917824063713111,-0.7378607231760367,0.634311289637947,0.8581795572133183,-0.8168903587847667,-0.1115113777328976,-0.5411782374059364,-0.5676478856471839,-0.8832471734791482,-0.1387480640067025,-0.3581698740636924,-0.7032016035223145,-0.4921351289705811,-1.1034786617792007,-1.0253185741091737,-0.5324560902133639,-0.6253053974703846,-0.5368949077002202,2.2132510154672755,0.7995928406773123,0.8380235610704951,1.8521068290281344,-0.6420043641948351,-0.6185677000086734,0.0585273241388894,-0.3673007148663126,-0.2669816475405302,-0.6152483038194501,0.8718666439293726,-0.1807574201534342,0.2750580277217112,-0.211322603831355,0.3663176653433644,0.3033945289654078,1.8808598313813505,-0.3591808514536615,-0.1897732545788937,-0.3259159471776098,-0.1720966946506053,-0.2449265049874135,-0.1997699446842311,-0.6133802657762443,0.2939565253401415,0.0374699538981737,-0.4205899821871451,-0.1337522838637297,-1.1894344976040057,-0.3821461454015515,0.1963161611169477,-0.7249828458159558,-0.4469683564318361,0.15890426103305874,1.2667912699767607,1.0739526571133442,3.9605417629820767,0.3032804947078221,-0.4855686137770311,0.8027199353412229,-0.9002784104662259,0.0288098123427871,-0.2116254610577886,-0.1728257453041733,0.1372652016859669,-0.0220413958146941,-0.027347864364863,0.0014764575181038
CH_009,47.399,8.225,True,0.466314207050283,-0.1628879310118244,0.0039452960473024,0.0920236232500631,0.3519679903742387,0.3722536299103244,-0.1954089497779794,-0.5151120337586552,-0.4618895680687773,-0.6952815473351796,0.109066400412912,-0.418681731734453,-0.5313988603592708,-0.2279855072517063,-0.870746881664935,-1.5380938037088914,-0.4108734128605087,-0.502526092095605,-0.35744523235972,1.44589707051567,0.6927259323186933,0.2279265985987087,-0.8646157247300631,-0.6420043641948351,-0.6185677000086734,-0.5674703525234585,0.1365015512856962,-0.7179613446237193,-1.960782535372623,-0.6259372984703969,-0.1253141337066584,0.2750580277217112,-0.2797775324518432,-0.3820544624225545,-0.400796677093131,-0.4743420639703698,-0.5468846419569181,-0.7783453774757525,-0.4071103740646977,-0.6982208754395988,-0.2449265049874135,-0.5750348631495839,-0.5822977463832215,0.2939565253401415,0.3160414199438001,-0.9241214853370696,0.9044828024260586,-1.702043185685202,-0.4394412952739904,-1.3917353729139583,-0.3575760432131319,-0.4056082230155443,0.008862844366584778,1.3235991165815824,1.3402316166258288,1.3042459692016894,0.9694088076916108,0.3773513847283241,-0.5050935089834426,0.5242618388235815,0.1452932893228505,-0.2116254610577886,-0.1728257453041733,0.1372652016859669,-0.0220413958146941,-0.9874206476467876,0.0014764575181038
CH_010,47.278,8.438,True,0.466314207050283,0.1404555015697207,-0.4448008121878279,0.1988280700168771,0.6285578155543541,-0.8998538928797735,0.0678558452600359,-0.1697348354321792,-0.1393266994546369,0.0950284716792336,-0.2039623967487063,-0.1968049202749973,0.063917621763834,-0.288230157819169,-0.1568869022759852,0.2069960905740198,-0.1023158918507592,-0.1909317192574962,0.437669837792264,1.4111828783959115,1.1940570262890162,0.7465499199009648,0.725781195246511,-0.6420043641948351,-0.6185677000086734,-2.199504322582301,0.1251408392722162,-0.9926783961684876,-0.0080438118802989,1.0999181035677683,-0.250061528211904,0.5671792085278956,1.370746857619927,1.488875856992243,-0.1895393152755693,0.2322185046351462,-0.5468846419569181,-0.7783453774757525,-0.4071103740646977,-0.6982208754395988,-0.2449265049874135,-1.531592498453424,-1.3141826506956735,0.2939565253401415,1.807000329576704,-0.9720768665894436,-0.0017140496193284,-0.708210014915536,-0.2770367067715228,-0.4193161516351216,-1.0722261080590152,-0.46252598102181003,0.06514745800723486,-1.5078620382217114,1.2556429129971012,2.3954574442064054,1.7434113552443313,0.2135983740810834,-0.3730229189875511,0.4282300030134551,0.2175501135357496,-0.2116254610577886,-0.1728257453041733,0.1372652016859669,-0.0220413958146941,-0.7024362404410768,0.0014764575181038
CH_011,47.389,8.768,True,0.466314207050283,0.3069101990187901,-0.3243098677730833,0.0263127204298273,0.3154372587466762,-0.1255275746597136,0.0157814901975713,-0.0785031226666949,-0.2768125123065656,-0.14847245309818,-0.164833797103504,-0.1766343010514104,-0.5713529866762578,-0.3229866869927051,-0.3918564879682729,0.0994787037224661,-0.3047786626660926,-0.3953871474992735,-0.0272222631290644,1.1468566476975273,0.2552340449269717,1.303021009993545,-0.8646157247300631,-0.6420043641948351,-0.6185677000086734,-2.9160743347694527,-0.0349186794871852,0.6350320867742734,0.5290477633179133,-0.1570873906001491,-0.2084790633768221,0.2750580277217112,0.1841947615314655,1.488875856992243,-0.4360062373960579,-0.7098622535055418,-0.5468846419569181,-0.7783453774757525,-0.4071103740646977,-0.6982208754395988,-0.2449265049874135,-1.5830994480467078,-0.6889180163941714,0.2939565253401415,0.837090374706882,0.7423280131829187,0.232219130200683,-1.1998958994015811,-0.4195699228562461,0.0773871916080252,0.0079977102660769,-0.6503976931251674,0.44350874030404147,1.202679781440897,1.7514010521137218,2.2906805437446147,0.033626320685421145,-0.0173070568806441,-0.0746328641339312,0.1244470128705496,0.1455705305282184,-0.2116254610577886,-0.1728257453041733,0.1372652016859669,-0.0220413958146941,-0.9395577336014208,0.0014764575181038
CH_012,47.279,8.526,True,0.3889716452918946,0.6598643141315678,-0.4863997917209338,-0.0763242207008946,0.2110637398107834,-0.3836363473997333,0.0823209438884983,0.1495761592470155,-0.0758717089075929,-0.6653779249940937,-0.0735337312646987,0.0250718911844584,0.1478212870295065,-0.0449344536044158,0.6845279950602061,-0.4215670940966019,-0.1507320733275076,-0.2398244172967275,0.3326906339170433,-0.3449791008990329,-0.1918252598965915,1.1009389863423191,-0.8646157247300631,-0.6420043641948351,-0.6185677000086734,-0.0928038959875894,0.9189228472277746,1.4453546469858438,0.330541613970991,0.0451703814315229,-0.1807574201534343,0.2750580277217112,1.0588966272377027,1.8630619208752024,-0.4360062373960579,-0.7098622535055418,-0.3591808514536615,-0.1897732545788937,-0.4071103740646977,-0.6982208754395988,-0.2449265049874135,-0.920867238990203,-1.3521322383266898,1.5843502981153277,2.1509728485588453,1.401714505403058,0.2102001032134051,-0.1328329160488873,-0.2897333734807327,0.2173036263244046,0.0328634201168537,-0.5048478587247458,0.25389595361518325,0.39933144992768016,2.3437528418806135,-0.04603580032858982,-0.07686223620017874,1.389265014949126,-1.1006777295163654,0.7866131011720041,1.5000992444631702,-0.2116254610577886,-0.1728257453041733,0.1372652016859669,-0.0220413958146941,-0.9513706411242888,0.0014764575181038
CH_013,47.603,8.695,True,0.2729578026543121,0.4260927646283343,-0.0400373588379773,-0.2219930804926566,0.1693143322364262,-0.079436722384709,-0.0796881607502804,-0.0915362244903355,0.0298866086708137,-0.5799390040195624,-0.0213622650710956,-0.0556105857098891,-0.4315135445668035,-0.2326197111415111,-0.0718502903111574,0.8521004116833426,-0.4910371695889419,-0.5019018508060133,-0.3327409321615587,0.2536530735559472,0.7988611770419246,0.36233738472888,-0.8646157247300631,-0.6420043641948351,-0.6185677000086734,-0.070786484398825,1.239771695845297,-0.921420755959248,0.2597818127019535,-0.0022779307260396,0.0687373688570569,0.8593003893340802,1.3555346512598183,1.1146897931092834,-0.2951679961843502,-0.4743420639703698,-0.5468846419569181,-0.7783453774757525,-0.4071103740646977,-0.6982208754395988,-0.2449265049874135,0.3815227721542563,0.0269437286962963,0.2939565253401415,1.7999049323241578,0.4306180350424892,0.9214906025817492,-1.754350194673079,-0.4565837171275958,-0.1114999952590869,0.0192350983717164,-0.429627188267627,0.16757814559364634,0.7241413630401659,0.8019020884558863,-0.18710829060063283,1.740662263598936,0.163470213404168,-0.8405875399640363,1.161416537375108,0.1282462954482066,-0.2116254610577886,-0.1728257453041733,0.1372652016859669,-0.0220413958146941,-0.7249877726163443,0.0014764575181038
CH_014,47.318,8.637,True,-0.1137550061376297,1.339213290072726,-0.1922850103639471,-0.6558498009569423,0.2632504992787298,0.1694538799003096,0.050497726905881,-0.2023175899912807,0.162084505643822,-0.0544896400261958,-0.0865765978130994,0.2267780834203272,0.6712203417820349,-0.079690982777952,0.7292841066206418,0.8686415481220429,-0.2271181127119036,-0.011160231864568,0.0447855817558101,0.2761147441398508,0.3241210180983838,0.9213052383783584,0.0127990032181508,-0.6420043641948351,-0.6185677000086734,-0.4212596925813751,1.1080654703889437,-0.6103713485136518,0.7810140916080994,-0.7234704109811237,0.0964590120804448,0.2750580277217112,0.5721060237142316,1.488875856992243,-0.3303775564872771,-0.2388218744351977,-0.5468846419569181,-0.7783453774757525,-0.4071103740646977,-0.6982208754395988,-0.2449265049874135,-0.5088116422439334,-0.7178319879225645,-0.9964372474350444,0.708139242030169,-0.3126903743693042,0.4064731541172447,-0.2688311394173679,-0.4000444737494489,0.3292367740975082,0.9575968540866076,-0.588111859421163,0.3286698911649839,0.9101518727197936,1.9431108214731523,0.5976786164971595,0.028616549548364147,-0.0046223761159589,-0.209769836628071,0.3193913027491742,0.110379268851661,-0.2116254610577886,-0.1728257453041733,0.1372652016859669,-0.0220413958146941,-0.9060626845411384,0.0014764575181038
CH_015,47.333,8.427,True,0.466314207050283,0.9640067571842206,0.2289790883690506,-0.703638477521248,0.5085282687780779,-0.3744181769447327,0.1315022792252705,0.0648609973933516,0.1092053468546187,-0.3877014318268674,-0.0213622650710956,0.8117260409043469,-0.6352795887834368,-0.2279855072517063,0.2369668794558489,0.8024770023672404,-0.2694982568692443,-0.0341794423038497,0.0145882126655773,0.7788151486006665,0.0680499216754886,0.8692103702603518,-0.8646157247300631,-0.6420043641948351,-0.6185677000086734,-1.0585181547266835,1.4480865333778603,-0.7530471158426427,0.0582755699842814,-1.4634433320165148,-0.1668965985417403,0.2750580277217112,0.4732266823735264,1.488875856992243,-0.4360062373960579,-0.7098622535055418,-0.5468846419569181,-0.7783453774757525,-0.4071103740646977,-0.6982208754395988,-0.2449265049874135,-0.8914346963654695,-0.855896201970642,-0.9964372474350444,0.8179636516782787,-0.6723557337621074,-0.5732976191373573,-0.5408275861543291,-0.3850544636084039,0.3222409523616892,2.1901231452477075,-0.43769354871416366,-0.016385609398047545,0.9794054783616455,1.7365333869562705,1.991039735461162,-0.6404027175321121,0.1053006584119802,-0.1906307485008951,0.2220371837260312,0.1100665374317505,-0.2116254610577886,-0.1728257453041733,0.1372652016859669,-0.0220413958146941,0.1301436049359506,0.0014764575181038
CH_016,47.774,8.568,True,0.3889716452918946,1.929688624463828,-0.6404755522553911,-0.7159937333131626,0.1275649246620691,-1.2317080292597986,0.3166555416695888,0.7230326394872021,-0.1842739844254598,0.1932832307999445,-0.1387480640067025,0.7512141832335862,-0.6232933508883407,0.0315299105773636,0.6845279950602061,0.6866890472963366,0.5300439672339715,0.7751122247632368,1.1939919176863771,0.5313960511903266,1.3798621522196568,0.7377025434154083,0.5601170051617287,-0.6420043641948351,-0.6185677000086734,-3.09081721013158,-0.270456244206758,-0.6148011230278978,-0.925194225611806,-1.6425934933125177,0.4429795523727938,2.027785112558818,0.0396788011104348,0.3663176653433644,-0.0487010740638615,0.2322185046351462,-0.3591808514536615,-0.1897732545788937,-0.4071103740646977,-0.6982208754395988,-0.2449265049874135,-1.9951550447929771,-0.9368553222501428,0.2939565253401415,0.4887989182666691,-0.6004226618835468,-0.4975977229086811,-1.2312801047943074,-0.4189805720301879,-1.6225974901959843,-1.0139670250432529,-0.7016257634569331,0.2562906385952099,0.9146053341740475,3.2588068421612486,0.7438843166059411,-0.15361083565240863,0.3445098276873566,-0.0687076408796942,-0.1103237962066668,0.7465839527849789,-0.2116254610577886,-0.1728257453041733,0.1372652016859669,-0.0220413958146941,0.5717838707335411,0.0014764575181038
CH_017,47.74,8.589,True,0.2729578026543121,2.0152214793114447,-0.1855184480739034,-1.0523443487999875,0.492872240937694,-0.9090720633347738,0.1459673778537328,-0.0263707153721325,-0.1551904470913979,0.4239683174311788,-0.6343769928459315,0.8117260409043469,-0.6952107782589171,-0.079690982777952,1.020198831763474,0.5130071146899806,0.2327145957336769,0.1811844527801067,0.3971473233545861,0.7519773810578999,0.7567579821349592,0.0640689649239116,2.365970807992683,1.462915777274916,0.6461955289172611,0.0974012386053016,0.2479587373562322,-1.6743733232583522,-0.0415066130190432,-0.0265795665575454,0.0964590120804449,0.5671792085278956,-0.1580798815709753,-0.3820544624225545,2.7680637501702936,4.236061726733071,0.767041891565878,0.9873709912148236,1.0543893099028845,0.3540274861383882,-0.2449265049874135,-0.597109270118134,-1.40755068375611,-0.9964372474350444,0.2759370006902769,-0.0009803962288747,0.2660069474742647,-1.974039632422163,-0.4797093310631397,0.5670947131153532,0.0906443164047164,-0.7016257634569331,0.2562906385952099,0.8943461944169437,2.2288747334590666,0.0841265558531501,-0.2949362362360091,0.3492158339101603,0.2103174605993177,-0.5321245628004978,0.530880274242238,-0.2116254610577886,-0.1728257453041733,0.1372652016859669,-0.0220413958146941,0.4671423540671999,0.0014764575181038
CH_018,47.334,8.508,True,0.2729578026543121,1.5721496429003492,-0.2779435375356288,-0.7370192421250065,0.3154372587466762,-0.4942543928597419,0.0418186677288035,-0.124118979049437,-0.1102431621205751,-0.2809027806087034,-0.6343769928459315,0.4083136564326092,-0.723178666680808,-0.3415235025519244,-0.1188442074496151,0.8521004116833426,-0.1084690497477387,0.3873597171621915,-0.00480510424767,-1.2466044435259525,0.9873150692052968,0.8410579506661902,0.0127990032181508,-0.6420043641948351,-0.6185677000086734,0.3706946926875846,-0.8515766655420384,-0.9739867651266702,0.4563966693309449,-0.8026008691066203,-0.0005667392014128,1.1514215701402646,-0.0287761275100533,1.1146897931092834,-0.3303775564872771,-0.2388218744351977,-0.5468846419569181,-0.7783453774757525,-0.4071103740646977,-0.6982208754395988,-0.2449265049874135,0.3079414155924225,-0.659522145340305,-0.9964372474350444,-0.2090179767446341,-0.4086011368740517,0.2349525266542761,-0.7709784257009886,-0.4215045310026545,-0.5732242298231389,-0.300353031441152,-0.4988487735978026,0.14037988394232767,1.2046713933362743,1.6002772382617427,6.057152629579278,-0.08781908395604386,0.6005180049410302,0.0407412731589988,-0.4344462584428113,1.233896330881815,-0.2116254610577886,-0.1728257453041733,0.1372652016859669,-0.0220413958146941,0.0774407203762929,0.0014764575181038
CH_019,47.433,8.411,True,0.2729578026543121,0.9522666702626224,0.1697260721533587,-0.6594842535465572,0.5450590004056404,-0.1255275746597136,0.0099954507461864,0.4949533575734915,0.003447029276212,-0.477412298850125,-0.0344051316194964,0.5091667525505437,-0.7271740793125067,-0.091276492502464,0.1474546563349775,-0.3388614119030994,-0.3042743154696636,-0.3948778364708155,-0.2680741598662483,0.0428193473785826,0.8647783531590069,0.7681597525249668,-0.8646157247300631,-0.6420043641948351,-0.6185677000086734,0.3512493617623326,1.1373833734611694,-0.0908848945717994,-0.2821648723411026,0.0426140920624245,0.1934847633623027,1.7356639317526334,0.1841947615314653,1.488875856992243,-0.365587116790204,-0.4743420639703698,0.2039305200561082,-0.1897732545788937,-0.4071103740646977,-0.6982208754395988,-0.2449265049874135,0.3447320938733394,-0.6198859093701327,0.2939565253401415,-0.7362368421621043,-0.2767238384300238,0.2187040032912503,-1.3986625335555145,-0.4055279988266859,-0.4333077951067595,-0.6365183011545383,-0.479301713000883,0.05164041876321017,1.3278986398260435,1.4298993363021333,4.896221931582972,-1.4618116430937464,0.1805870914884671,-0.2963555036005572,0.3337478011704408,0.3512242153763704,-0.2116254610577886,-0.1728257453041733,0.1372652016859669,-0.0220413958146941,0.1825392249019883,0.0014764575181038
CH_020,46.949,7.265,True,-3.014101072077194,-0.2108282201918371,-0.3651399197732296,0.35244426613793,0.5763710560864083,0.5842715503753418,-0.065223062121818,-0.5737609919650378,-0.2477289749725037,0.6033900514776941,-0.0735337312646987,-0.237146158722171,0.4195093459850176,-0.4944522309154835,-0.4075211270144253,0.3062429092062234,-0.4617450544387013,-0.5538984171030421,-0.4105029265965177,0.5357470914739461,0.5939558039594794,0.896093745656069,-0.8646157247300631,-0.6420043641948351,-0.6185677000086734,-0.5651715739424422,-0.0843170293841399,0.9702924486172524,1.1371701058278176,0.7062106696946255,-0.2916439930469859,-0.0170631530844733,0.3743473410328213,0.3663176653433644,-0.4360062373960579,-0.7098622535055418,-0.3591808514536615,-0.1897732545788937,-0.4071103740646977,-0.6982208754395988,-0.2449265049874135,0.2122856520620384,-0.245449978077441,-0.9964372474350444,1.3673941954515465,0.6344284053650777,-0.0620765546361766,-0.1537557196440382,-0.4091922235278303,-0.9020278514066306,-1.3204050198388837,-0.49626766719181287,0.21672150419775651,-0.211685901371374,1.9094046240665083,-0.3509748734274543,-1.4721686153412905,0.4271877523376367,-0.2795169502452378,0.1545218687981087,0.5813206372779054,-0.2116254610577886,-0.1728257453041733,0.1372652016859669,-0.0220413958146941,-0.9395577336014208,0.0014764575181038
CH_021,47.03,7.286,True,0.2729578026543121,-0.3043702478601553,-0.4973185626889578,0.490020411496816,0.4041547498421851,0.8792530049353627,-0.1172974171842826,-0.3587148118749679,-0.205425647941141,0.0608529032894211,-0.1126623309099009,-0.1564636818278235,1.2066056344296594,-0.4411588861827281,-0.6492041294407782,0.9596177985348964,-0.5121163971144819,-0.6047655192197244,-0.4741229145571132,-0.1801552620077201,1.3338531455811744,0.8324421649329008,-0.0894544439478515,1.7817990787880962,-0.6185677000086734,0.4880690538104926,-0.6544063226910952,0.3056963720500023,0.2353317692995254,-0.1604469071288707,-0.0698708472598826,1.1514215701402646,0.5492877141740689,1.1146897931092834,-0.2951679961843502,-0.2388218744351977,0.5793381010626214,1.5759431141116824,-0.4071103740646977,-0.6982208754395988,-0.2449265049874135,0.5066110783093739,-0.5441072089894688,-0.9964372474350444,0.272235054297644,0.0589638303365925,0.6065425889844082,0.9028458619110802,-0.0628717413717713,-1.2658105816692171,-0.9470208831373154,-0.4797661284797993,0.29580952988133097,0.6522057471544881,1.4179867350269082,-0.17591756304658523,1.5867871025921056,-0.2487266101425319,0.3391810632409439,-0.352285625431938,-0.3558673704885027,-0.2116254610577886,-0.1728257453041733,0.1372652016859669,-0.0220413958146941,-0.6798493057202171,0.0014764575181038
CH_022,47.634,8.612,True,-0.8871806237215136,0.068294508797018,-0.8077346077446849,0.4694251801556655,0.2475944714383459,0.934562027665367,-0.2301251864862891,-0.3456817100513273,-0.1393266994546369,0.6076619975264207,-0.6343769928459315,-0.0354399664863022,0.0159726701834497,-0.378597133670363,-0.4925577389792532,0.4054897278384269,-0.568342820921692,-0.6615453287210581,-0.5790346081212261,-1.018250486646119,0.5033418341041611,0.1674648707607,-0.8646157247300631,-0.6420043641948351,-0.6185677000086734,-0.0264939176894902,0.0322971370273602,-0.0123936040512574,0.9017662920284488,0.3611501130800779,-0.0421492040364946,-0.0170631530844733,-0.1808981911111381,-0.0078683985395949,-0.4360062373960579,-0.7098622535055418,-0.5468846419569181,-0.7783453774757525,-0.4071103740646977,-0.6982208754395988,-0.2449265049874135,-0.0967560454976637,-0.4371255143344141,0.2939565253401415,-0.6301143789066275,-0.0249580868550615,-0.2925929888891967,0.7250020313522979,-0.2453270699346967,0.0563997264005683,0.0322258378129876,-0.429627188267627,0.16757814559364634,-1.69185450510579,0.7992240618126188,-0.4787439324184319,-1.4015971123396067,-0.2597655150613613,-0.2718831536209403,0.5719151182418654,-0.1056183521738795,-0.3712980538799362,0.4991202623532553,-0.956628764745927,-0.0220413958146941,0.0248204417563505,0.0014764575181038
CH_023,47.418,8.638,True,0.466314207050283,-0.09473588228205,-0.0029750517493322,0.0568421221825917,0.0545034614069442,0.3261627776353197,-0.12597647636136,-0.1697348354321792,-0.2397971011541232,0.0950284716792336,0.0438520676709082,-0.1968049202749973,0.4434818217752097,-0.2140828955822918,-0.3224845150495974,1.091946890044501,-0.5197960641239339,-0.6125207702263596,-0.479825928959697,1.0285222988377194,1.1713138005610135,1.0861480186618588,-0.8646157247300631,-0.6420043641948351,-0.6185677000086734,0.3480329331099985,1.1436942782110988,1.1211513485106244,0.5481792165863582,-0.0312589674538339,0.0132940824102811,0.5671792085278956,0.5949243332543944,1.8630619208752024,-0.4360062373960579,-0.7098622535055418,-0.5468846419569181,-0.7783453774757525,-0.3259159471776098,-0.1720966946506053,-0.2449265049874135,0.565476163558841,-0.5685636099072348,1.5843502981153277,1.3217368566090737,0.15487459284134,-0.6424677349491167,0.6726950223644207,-0.1182835309957199,-0.0625292431083541,0.0057661722025456,-0.584728699697481,0.20502555099191022,-0.587696534409338,1.167960626866668,0.055274945581062766,-0.3979719479126581,0.4827977111297268,-0.6865010715288927,0.730756669730026,-0.2845007243627188,-0.2116254610577886,-0.1728257453041733,0.1372652016859669,-0.0220413958146941,-0.96334680601105,0.0014764575181038
CH_024,47.431,8.87,True,0.2729578026543121,1.0781421444964168,-0.3666179673054067,-0.3945042394937321,0.2632504992787298,-0.3744181769447327,0.0678558452600359,-0.1567017336085385,0.082765767460017,0.8127154078652955,-0.2430909963939086,0.6907023255628256,-0.3156465782475415,-0.2604249344803401,0.2817229910162847,0.4385720007158281,-0.1456189058336319,-0.2346609255326747,0.1970692191347461,0.1109128134871747,0.9203977541562356,0.7578965100705721,-0.8646157247300631,-0.6420043641948351,-0.6185677000086734,0.441500262671316,0.6458323147748884,0.2960296534279826,-0.6308264617017806,0.1955386805169869,0.068737368857057,1.1514215701402646,0.648167055514774,1.488875856992243,-0.4360062373960579,-0.7098622535055418,-0.1714770609504049,-0.1897732545788937,-0.4071103740646977,-0.6982208754395988,-0.2449265049874135,1.235066508271529,0.3063249785893954,0.2939565253401415,-0.1846468296598008,-0.0849023134205288,-0.2598681591253458,-1.1057432832234024,-0.3780975614660214,-0.6571740906529666,-1.0004184010860988,-0.650100479787844,0.3971503677770651,0.9410007995128397,1.7953576273618377,1.8058150383940195,0.17345405910466669,0.8955560902102265,-0.2346707322592724,-0.20519389773136,1.084684195582514,-0.2116254610577886,-0.1728257453041733,0.1372652016859669,-0.0220413958146941,0.3337578056556615,0.0014764575181038
CH_025,47.593,8.536,True,-2.627388263285252,0.2054338029321771,-0.9845879403253563,0.5013114442085529,-1.0570745152603132,0.2063265617203115,-0.180943851149517,-0.3130989554922258,-0.0943794144838141,0.1505637703126789,0.0568949342193089,-0.1766343010514104,0.799073545996393,-0.2812788519844618,-0.452277238574861,0.736312456612438,-0.542019118152602,-0.6349625456202949,-0.4958155550586986,0.7530647995282812,0.2831724219552556,1.026161724631914,-0.8646157247300631,-0.6420043641948351,-0.6185677000086734,-0.2432845779611588,1.6941848288554042,0.5898442634161934,0.6767195761154486,-0.4341259152346033,-0.3956001551346906,-0.3091843338906578,0.3287107219524959,0.740503729226324,-0.4360062373960579,-0.7098622535055418,-0.5468846419569181,-0.7783453774757525,-0.4071103740646977,-0.6982208754395988,-0.2449265049874135,-0.4793790996191998,-0.5680817103817616,0.2939565253401415,1.8276695302689048,0.5265287975472368,0.9791197111450042,-0.101448710656161,-0.3445430003041436,-2.0283551508734847,-1.5503331381705856,-0.40629768984057885,0.10346205207595818,0.5073867788198226,0.9011737657494258,-0.8218272110886888,1.1668914729223983,0.2385273483843876,-1.0517173236955553,1.4315005321622076,-0.226607833805044,-0.2116254610577886,-0.1728257453041733,0.1372652016859669,-0.0220413958146941,-0.9874206476467876,0.0014764575181038
CH_026,47.499,8.873,True,-0.3071114105336007,0.6525981030537608,0.1661890055017447,-0.4833829107377541,-0.2064303359327872,0.5381806981003373,-0.0999392988301277,-0.2414168954622025,0.0272426507313535,0.4154244253337255,-0.1778766636519048,0.4889961333269567,-0.0279768687652356,-0.0449344536044158,0.0803204889943239,0.9513472303155456,-0.3661909742672254,-0.328055371686774,-0.2144621919372827,-0.5580519056106781,0.8425435210612505,1.1346766533420174,-0.8646157247300631,-0.6420043641948351,-0.6185677000086734,-0.3775059237926199,-0.0805481576389227,-1.2414487767404374,1.065797345977041,-0.3719692243864281,0.027154904021975,0.8593003893340802,0.1613764519913026,1.488875856992243,-0.4360062373960579,-0.7098622535055418,-0.3591808514536615,-0.1897732545788937,-0.4071103740646977,-0.6982208754395988,-0.2449265049874135,-0.7295557119294349,-0.7219281338890869,0.2939565253401415,1.0894397204713586,-0.3846234462478649,0.5288685730948035,-1.2835871137821846,-0.4203770772484562,0.6790278608884567,0.0346167714524854,-0.650100479787844,0.3971503677770651,-2.2946333302987623,1.3239787652735844,-0.21516763697508856,-0.0796954320131261,0.1843597195782298,-0.7668156123433761,1.037631630128629,-0.0008332849709244,-0.2116254610577886,-0.1728257453041733,0.1372652016859669,-0.0220413958146941,-0.9395577336014208,0.0014764575181038
CH_027,47.278,8.681,True,-3.014101072077194,1.0269700688997732,-0.4310892062086147,-0.3241823528985427,-0.2220863637731711,0.1141448571703053,-0.1172974171842826,0.0778940992169922,-0.0547200453919115,-0.1228407768058207,-0.0604908647162978,0.2267780834203272,-0.3116511656158428,-0.079690982777952,-0.1837405692122467,0.3724074549610258,-0.4239735165059174,-0.515755128179857,-0.2670681018992103,-0.2026971410920756,0.154107205969525,0.5475297420372421,-0.8646157247300631,-0.6420043641948351,-0.6185677000086734,0.746429858750208,1.229905541398145,0.0003186234316401,0.3530239764768735,-0.8405056120419621,-0.3748089227171496,-0.3091843338906578,0.5721060237142317,1.488875856992243,-0.400796677093131,-0.4743420639703698,-0.5468846419569181,-0.7783453774757525,-0.4071103740646977,-0.6982208754395988,-0.2449265049874135,0.91130853939946,-0.1483472236945873,0.2939565253401415,0.5680822701755573,0.2028299740937138,0.0655578742107689,-1.367278328162788,-0.4251431317548398,-1.055935929594648,-0.7581371256169915,-0.565088839124004,0.4588633850922198,0.34831545585395357,1.9720612129443378,1.405193594158261,1.8689454383926782,0.3532849759106843,-0.1192790193593402,-0.0398857610288733,0.7669332067398266,-0.2116254610577886,-0.1728257453041733,0.1372652016859669,-0.0220413958146941,0.3337578056556615,0.0014764575181038
CH_028,47.571,8.734,True,-2.820744667681223,0.7581669628508625,-0.1534541699494951,-0.3431899595143453,-0.4830201611129032,0.0219631526202967,-0.065223062121818,-0.0719865717548747,-0.0177046342394693,0.1420198782152258,-0.1909195302003055,0.0250718911844584,-0.50343097193738,-0.2928643617089738,-0.2195454584605954,0.8024770023672404,-0.3257573489135044,-0.4165723079284799,-0.0814147533358244,0.0808637974549408,0.9670635480678842,0.654166634106461,-0.8646157247300631,-0.6420043641948351,-0.6185677000086734,-0.322866083845088,1.524061720690031,0.5200693075066826,0.2687557548004642,-0.3966163035181859,-0.3332264578820678,0.2750580277217112,0.2906802060522247,1.1146897931092834,-0.4360062373960579,-0.7098622535055418,-0.5468846419569181,-0.7783453774757525,-0.4071103740646977,-0.6982208754395988,-0.2449265049874135,-0.1776955377156809,-0.3000250993372831,0.2939565253401415,1.0959181266584663,0.1189080569020597,0.5383595330031129,-0.8965152472718937,-0.4024659369260793,-0.0065626692218023,-0.1341034457080738,-0.40481363018779787,0.17981398794865233,0.3423185460094363,1.145335919018373,-0.10824502179054492,1.552130105741455,0.3114092986788401,-0.5055108361624726,0.5660548017051271,0.4846736850355333,-0.2116254610577886,-0.1728257453041733,0.1372652016859669,-0.0220413958146941,-0.9753931490689176,0.0014764575181038
CH_029,47.452,8.39,True,0.466314207050283,1.0613433560972851,-0.3686000936715472,-0.383508153575139,0.158876980342837,-0.2177092792097207,-0.0247207859621233,0.116993404687914,0.1356449262492203,-0.5329475974835703,-0.6343769928459315,0.3276311795382617,-0.1957841992965807,-0.1561553469597316,0.1474546563349775,0.7528535930511391,-0.3549978086166587,-0.4461005549564124,-0.131855818182055,0.2218492697993606,0.2687984944218965,0.2403951355162264,1.6400204122993454,2.5016886814104584,-0.6185677000086734,0.0619439767013958,-1.0732268765650217,0.4644698921967425,-0.1316418559190469,-1.0259836598712064,-0.3193656362703738,-0.0170631530844733,-0.1504737783909211,-0.3820544624225545,1.6061482601737047,2.5874203999868666,2.080968425088674,2.7530873599054,-0.2447215202905219,-0.1720966946506053,-0.2449265049874135,0.0209741250012704,-0.6286805757100189,-0.9964372474350444,-0.1942101911741025,0.8502276210007597,0.225841205142299,0.0345495127123195,0.2707648860495572,-1.5596350945736135,-0.7705699805423799,-0.42145208307566967,0.016076246006714152,0.7041976513884112,0.9299856386011321,-0.40709356617636583,-0.8767516412040307,0.2094966357825607,-1.1062017054022342,1.5314141715885556,-0.1706852764523864,-0.2116254610577886,-0.1728257453041733,0.1372652016859669,-0.0220413958146941,-0.96334680601105,0.0014764575181038
CH_030,47.48,8.175,True,-1.0805370281174844,0.8095662001998083,0.1443819141694356,-0.5607148927560732,0.0545034614069442,-0.0702185519297093,-0.0767951410245879,0.3190064829543435,-0.4142983251584943,-0.4475086765090391,-0.0865765978130994,-0.1362930626042366,-0.6432704140468342,-0.3160353811579979,0.1698327121151953,1.06713518538645,-0.3341835091502894,0.0554276842577572,-0.1343990881905404,-0.6991300244482358,0.2458295324069616,0.5306116562630366,1.7101982452722666,-0.6420043641948351,-0.6185677000086734,-0.2360507336875641,-0.7211718119167766,0.644591296237499,-1.2903309726207568,-0.689243458349823,0.0687373688570569,0.5671792085278956,0.1385581424511399,0.740503729226324,0.2329754083595539,1.1742992627758344,-0.3591808514536615,-0.1897732545788937,-0.4071103740646977,-0.6982208754395988,-0.2449265049874135,-0.4278721500259161,-0.6463903832711597,1.5843502981153277,1.691623000339645,0.9461383835055072,-0.1597954778521308,-0.1328329160488873,0.6718693710800681,-0.9719860687648204,-0.1087595491293974,-0.38550806239587226,0.213323895071945,0.32443818726781154,1.011249895362355,0.7764001474045753,-1.1348308525042228,0.1490651225113125,-0.4363362385946738,0.5635606797287175,0.4933616895555585,-0.2116254610577886,-0.1728257453041733,0.1372652016859669,-0.0220413958146941,-0.7024362404410768,0.0014764575181038
CH_031,47.473,8.622,True,-0.3071114105336007,0.7256778121696346,0.2909090513477668,-0.6043859522879964,0.0753781651941227,1.2203253117703907,-0.186729890600902,-0.1827679372558197,-0.3164718813984681,-0.6739218170915467,0.0047234680257059,0.4688255141033698,-0.7711236182611922,-0.6798203865076764,-0.8595578537748261,1.1415702993606025,-0.4598533469587087,0.1266602061161389,-0.7928729761134682,-0.4737962574409859,-0.31690357307252,0.0763114700402865,-0.8646157247300631,-0.6420043641948351,-0.6185677000086734,-2.458728318020897,-0.8236612402431635,-0.3144506130759292,0.5614521252112128,-0.6849780340668007,-0.4163913875522315,-0.6013055146968422,-0.2569592229116805,-0.3820544624225545,-0.365587116790204,-0.4743420639703698,-0.5468846419569181,-0.7783453774757525,-0.4071103740646977,-0.6982208754395988,-0.2449265049874135,-2.201182843166112,-0.7926468892522819,1.5843502981153277,0.7035118090393779,0.4066403444163023,0.3687370975218063,-0.6663644077252343,-0.4218888902370402,-0.559232586351501,-0.4458811922985829,-0.584728699697481,0.20502555099191022,0.8327163060027224,1.3904677026236758,3.69828590736812,0.8544931290224752,0.1591288361148403,-0.4819823336737798,0.6258006151217966,0.4033727015613757,-0.2116254610577886,-0.1728257453041733,0.1372652016859669,-0.0220413958146941,0.1301436049359506,0.0014764575181038
CH_032,47.197,8.627,True,0.0796013982583411,-0.8091631185988274,0.2695328659314939,0.2996235551688612,0.4719975371505154,-2.3655429952248856,2.6455364208520327,0.1104768537760937,-0.1578344050308581,-0.6397462487017342,-0.1387480640067025,-0.6607291624174956,-0.6392750014151355,0.7544657173869156,-0.4254235716385997,-0.123826638199992,4.5696492089298815,4.527015296700276,4.7185566464807405,-0.2392633684653067,1.059778127446838,0.6525963845046481,-0.8646157247300631,-0.6420043641948351,-0.6185677000086734,0.2176878733482403,0.3475941440223831,0.0215934901280685,-1.5421548338327056,1.5110769993523854,0.4152579091494059,1.4435427509464491,0.0396788011104348,0.740503729226324,-0.4360062373960579,-0.7098622535055418,-0.3591808514536615,-0.1897732545788937,-0.4071103740646977,-0.6982208754395988,-0.2449265049874135,0.0467275997979122,-0.4285717977572645,0.2939565253401415,0.1920262157905976,-0.1208688493598091,-0.1931277290501136,0.7668476385425995,0.0056338861702525,-1.1678690773677514,-1.9820560556758997,-0.8348898541114478,0.4924746998429635,1.0954838924785228,2.111226252647932,0.3362150247808339,0.17423734249644365,0.6127476863460635,-0.5593785758277353,0.4587991363212141,0.721841010269759,-0.2116254610577886,-0.1728257453041733,0.1372652016859669,-0.0220413958146941,-0.928003965336758,0.0014764575181038
CH_033,47.181,8.665,True,-0.1137550061376297,0.7902729640608562,0.3573769707497665,-0.6837544581521541,0.5450590004056404,-2.015252517934859,1.167203341023177,0.2733906265716013,0.0404624404286543,-0.7550887920173514,-0.0996194643615002,-0.0959518241570628,-0.6512612393102315,0.3234847556350673,-0.2754905979111401,-0.2148028886128447,2.775834748623129,2.715545947588049,3.533896843436287,-0.8431609536549769,1.4084873048295172,1.3108562848745904,1.9493144182285371,1.3863042520001925,-0.6185677000086734,-0.7516376355870394,1.1190297556242503,-0.909197420641801,-0.850545885922145,-2.499959964677881,0.041015725633669,1.4435427509464491,0.0168604915702721,1.488875856992243,0.2329754083595539,1.4098194523110064,0.2039305200561082,0.9873709912148236,-0.4071103740646977,-0.6982208754395988,-0.2449265049874135,-1.0459555451453204,-0.6943393860557451,0.2939565253401415,0.6510675684770784,-0.8401995681454156,-0.2920614951343314,0.4425441828177612,-0.1477254483496699,-0.56622840808732,0.2421498113608917,-0.8348898541114478,0.4924746998429635,0.6238375491347273,2.058496831499457,0.9195358249100339,-0.9103507494893324,0.1633045342895121,-0.4709826213340272,0.6066815394221462,0.1613340312322281,-0.2116254610577886,-0.1728257453041733,0.1372652016859669,-0.0220413958146941,0.3337578056556615,0.0014764575181038
CH_034,47.338,8.799,True,0.3889716452918946,0.031044737064813,-0.0561848370301256,0.0173961967433056,0.3363119625338547,-2.3286703134048827,2.639750381400648,2.5541834457087065,-0.2345091852752029,0.1719235005563118,-0.0996194643615002,-0.6607291624174956,-0.723178666680808,-0.3183524831029003,-0.4567528497309046,0.8934532527800939,1.4633641806760314,2.25666575909802,1.6441522657833314,-0.3172140104283371,-0.1642233189240424,0.3894017852070381,-0.8646157247300631,-0.6420043641948351,-0.6185677000086734,-2.432842896000764,-0.7933877891148712,0.2272879937256476,-0.7880095603558437,-1.2324963203084534,-0.3609481011054556,-0.3091843338906578,-0.0439883338701617,-0.0078683985395949,-0.365587116790204,-0.4743420639703698,-0.5468846419569181,-0.7783453774757525,-0.4071103740646977,-0.6982208754395988,-0.2449265049874135,-2.0319457230738944,-0.4285717977572645,-0.9964372474350444,0.1587086982569014,0.5025511069210499,-0.2339008928162111,-1.461430944340967,-0.4339705821712329,0.0563997264005683,0.5371113246869332,-0.6503976931251674,0.44350874030404147,1.172796599077212,1.506592478620537,-0.787248193056639,1.0019074686761755,0.2178727603579722,-0.8955812403246924,1.2100086912038228,0.29734547684943,-0.2116254610577886,-0.1728257453041733,0.1372652016859669,-0.0220413958146941,0.1825392249019883,0.0014764575181038
CH_035,47.266,8.77,True,-0.1137550061376297,0.1781633432555569,0.0297059497395607,-0.1220943427939243,0.3363119625338547,-2.697397131604911,8.182776175827431,-0.1176024281376167,-0.2345091852752029,0.1035723637766867,-0.3213481956843132,-0.4590229701816268,-0.50343097193738,0.3559241828637011,0.1317900172888249,0.4964659782512796,5.34009255555377,5.305041418419664,5.453567041862533,-0.1882830016988394,0.1869000587097931,-0.3974631808911456,1.103410486663423,-0.6420043641948351,-0.6185677000086734,-3.385411513777957,-1.1095207736996189,0.2931654165838538,-1.0394536386115163,-1.6785674042487877,-0.3055048146586798,-0.0170631530844733,-0.2797775324518432,-0.756240526305514,0.4442327701771156,1.1742992627758344,-0.3591808514536615,-0.1897732545788937,-0.4071103740646977,-0.6982208754395988,-0.2449265049874135,-2.576447761631465,-1.0162482690718555,-0.9964372474350444,-1.4186289605374371,-0.3846234462478649,-1.0810260103922802,0.264700352258979,-0.1178735478123751,-1.510664342422881,-1.017712821078466,-0.6288174159648766,0.6071429680215872,0.9684503059145344,1.295767139772955,-0.5028584648025964,-1.0493364329298371,-0.2566450377336295,-0.3033464817474781,0.6171986168986338,-0.1765586981932166,-0.2116254610577886,-0.1728257453041733,0.1372652016859669,-0.0220413958146941,0.1301436049359506,0.0014764575181038
CH_036,47.417,8.555,True,0.466314207050283,0.0739465605886301,-0.0213043207751562,-0.0294784934314718,0.2841252030659084,0.4920898458253326,-0.1086183580072051,-0.1958010390794604,-0.3402675028536095,-0.4176050541679532,-0.6343769928459315,-0.2573167779457579,-0.2637062140354586,-0.4156707647888015,-0.6514419350188001,0.9596177985348964,-0.4901498949342537,-0.4710226266389948,-0.299612393129283,0.6650220481462117,0.063631156588108,0.7235007359332024,-0.8646157247300631,-0.6420043641948351,-0.6185677000086734,-1.4116440277886366,-0.788776972315668,0.2837349689125015,0.1426564842019681,-1.2146435454516318,-0.3886697443288436,-0.3091843338906578,0.1005276265508687,0.3663176653433644,-0.4360062373960579,-0.7098622535055418,-0.5468846419569181,-0.7783453774757525,-0.4071103740646977,-0.6982208754395988,-0.2449265049874135,-1.9510062308558769,-0.9204707383840534,-0.9964372474350444,-1.2307551811113169,0.2987407365984613,-0.8247700928679248,-0.6035959969397817,-0.3828379920234459,-1.552639272837795,-1.010619717947956,-0.5268090972729114,0.11030952364145079,-1.355419497884142,0.9609214636181885,0.05813039671211026,-1.1868153344769758,-0.286552253548541,-0.5175108623050074,0.9573658674151608,-0.929370866091529,-0.2116254610577886,-0.1728257453041733,0.1372652016859669,-0.0220413958146941,-0.7249877726163443,0.0014764575181038
CH_037,47.366,8.523,True,0.466314207050283,0.4222508599205284,0.1551164490271289,-0.3427538252035915,0.3154372587466762,-0.1531820860247157,0.044711687454496,-0.0328872662839529,0.955271887481872,-0.5030439751424844,-0.1909195302003055,0.085583748855219,-0.2716970392988559,2.7564417977825983,2.4971505132578526,0.9099943892187942,-0.2484265579778003,0.2092218005580292,0.2512563836946386,1.1150993059834229,-0.6859930142583006,0.4384011395140717,0.0908658264321849,-0.6420043641948351,-0.6185677000086734,-4.407944233318293,1.271575406052131,0.2199883175302918,0.5512262987775965,0.8265967910867318,-0.2223398849885161,-0.3091843338906578,0.5188633014538518,1.1146897931092834,-0.365587116790204,-0.2388218744351977,-0.5468846419569181,-0.7783453774757525,-0.4071103740646977,-0.6982208754395988,-0.2449265049874135,-2.730968610411316,-0.8652932427173697,0.2939565253401415,2.023872689078449,0.262774200659181,-0.3357958383918215,-0.8232854346888657,-0.4369301482760034,1.553505577865828,0.8190024007837201,-0.4988487735978026,0.14037988394232767,-0.8834603404800689,0.925045141173035,-0.7245273011607968,-0.4154868941311103,0.47531202749482,-0.7296761110533129,0.8002426385400521,-0.0594794031407736,-0.2116254610577886,-0.1728257453041733,0.1372652016859669,-0.0220413958146941,-1.2873439333958654,0.0014764575181038
CH_038,47.412,8.533,True,0.466314207050283,-1.5848937909053775,-0.5162341799997597,1.2449204440437436,0.8216488255857558,-0.1070912337497111,0.0042094112948013,-0.4825292791995537,-0.3825708298849722,-0.5756670579708358,-0.6343769928459315,-0.3379992548401054,0.335605680719345,-0.4272562745133136,-0.4791309055111225,0.5047365464706298,-0.1894847415812334,-0.2789584929167525,0.1215211116918591,0.1185360944701533,-0.2283606942937109,0.4458013656042644,-0.2992833004697436,0.3913573591961673,-0.6185677000086734,-1.9080017962346536,-0.7171622633912444,0.6100164321975078,0.4868227543897305,-0.3834286298668055,-0.2223398849885161,-0.3091843338906578,0.077709317010706,0.3663176653433644,0.0569276068449192,-0.2388218744351977,1.1424494725723913,0.398798868317965,-0.4071103740646977,-0.6982208754395988,-0.2449265049874135,-2.0908108083233614,-1.4530901889133294,0.2939565253401415,-0.4996207685663175,2.073089842936291,2.727886020010472,0.7354634331498733,-0.1398717079937207,-0.0695250648441731,0.1833328438292466,-0.5268090972729114,0.11030952364145079,0.2578328997333025,1.072428952299071,0.1360363466458933,0.8617524333157344,0.0962593445553383,-1.0282269640135482,1.4850531426293525,-0.827787433772251,-0.2116254610577886,-0.1728257453041733,0.1372652016859669,-0.0220413958146941,-0.7024362404410768,0.0014764575181038
CH_039,47.445,8.68,True,0.466314207050283,0.3887594732285679,-0.1932846161567943,-0.1037522229105214,-0.5195508927404656,0.2247629026303139,-0.0652230621218181,-0.1567017336085385,0.241403243827627,-0.3877014318268674,-0.6343769928459315,-0.0354399664863022,-0.0199860435018383,-0.3067669733783882,0.1922107678954132,0.3227840456449236,-0.4157271976349109,-0.5074276482713276,-0.211733280881347,0.266801433793097,0.5568072424039214,1.101851692112526,0.0908658264321849,-0.6420043641948351,-0.6185677000086734,-2.383986824684837,-0.0306030768879722,-0.220364145174376,1.2902115498817168,0.8715436145918568,0.4360491415669468,0.8593003893340802,0.8002891191158588,1.8630619208752024,-0.365587116790204,-0.2388218744351977,-0.1714770609504049,-0.1897732545788937,-0.4071103740646977,-0.6982208754395988,-0.2449265049874135,-2.1349596222604617,-0.9190250398076336,0.2939565253401415,-1.650000610076994,-0.1088800040467156,-0.2381528428551337,1.2689949248262202,-0.1406148025135332,-0.097508351787449,-0.8372770290843677,-0.584728699697481,0.20502555099191022,0.7173015688846692,1.487846292117664,-0.3859665289061874,-1.3928198798175218,-0.3450104543795594,-0.3357753464118788,0.7210448630109456,-0.5545958706495565,-0.2116254610577886,-0.1728257453041733,0.1372652016859669,-0.0220413958146941,-0.6352448272201074,0.0014764575181038
CH_040,47.22,8.666,True,0.466314207050283,0.2045986062565672,-0.3639865284737904,0.1106804798767527,0.5972457598735869,-0.1900547678447185,0.0823209438884982,0.0127285900987892,-0.0203485921789294,-0.2467272122188908,-0.2300481298455078,0.0452425104080453,-0.1758071361380873,-0.1329843275107075,-0.0002405118144602,0.1821843859159687,-0.0245278626254411,-0.1123780930115503,0.4290916313795982,0.7380313357998481,0.911186794011316,0.703096525315312,-0.8646157247300631,-0.6420043641948351,-0.6185677000086734,-1.344531012916399,-1.9563390590292813,2.181949406548029,1.4446053581065963,0.5151799079768647,-0.3332264578820678,0.2750580277217112,0.6101365396145029,1.1146897931092834,-0.4360062373960579,-0.7098622535055418,-0.5468846419569181,-0.7783453774757525,-0.4071103740646977,-0.6982208754395988,-0.2449265049874135,-1.833276060356943,-0.593140485706369,-0.9964372474350444,-0.4953018311082457,2.816398252348084,0.0922844173125683,1.0597668888747116,-0.1654956569527721,0.8679150477555688,0.328701609110711,-0.565088839124004,0.4588633850922198,0.6315579860300202,1.5877643896354405,0.645561065810275,-0.3288504818238239,-0.0027365116751879,0.0098732719760234,-0.0115070539988433,-0.0510410827183539,-0.2116254610577886,-0.1728257453041733,0.1372652016859669,-0.0220413958146941,-0.7024362404410768,0.0014764575181038
CH_041,47.22,8.676,True,0.466314207050283,0.3730880527445576,-0.3641918418674994,0.0130497603709833,0.3884987220018012,-0.1163094042047139,0.044711687454496,0.136543057423375,0.4529198789844403,0.3556171806515537,-0.2039623967487063,-0.0757812049334759,0.9229313375790524,-0.0889593905575616,0.0355643774338882,0.0333141579676638,-0.4314480325534534,-0.5233032091097228,-0.2465484602868183,0.0251797874012611,-0.1642233189240425,1.3067632604382735,-0.8646157247300631,-0.6420043641948351,-0.6185677000086734,-2.9275927442334253,-3.006600162674399,-0.8605891727248671,1.6274412717958415,1.481730898255308,-0.3609481011054556,-0.3091843338906578,0.4123778569330925,1.488875856992243,-0.4360062373960579,-0.7098622535055418,0.0162267295528516,-0.1897732545788937,-0.4071103740646977,-0.6982208754395988,-0.2449265049874135,-2.157034029229012,-0.8292712531882466,-0.9964372474350444,2.0846463090241723,-0.5045118993787993,-0.249845705462171,0.976075674494108,-0.2553204100287267,0.9378732651137586,-0.5216737886706622,-0.565088839124004,0.4588633850922198,0.19446002415499206,1.2953054110413573,0.988858915952807,-0.16576236790879728,0.2343671615515222,-0.2301885785246378,0.2008464093646793,0.3234270267508091,-0.2116254610577886,-0.1728257453041733,0.1372652016859669,-0.0220413958146941,0.0248204417563505,0.0014764575181038
CH_042,46.989,7.461,True,0.466314207050283,0.0478321902445737,-1.1445248671809205,0.6935497565152456,0.158876980342837,0.3261627776353197,-0.1028323185558201,-0.5281451355822958,-0.1578344050308581,-0.2381833201214377,-0.6343769928459315,-0.2573167779457579,0.3915414575631267,-0.3114011772681931,-0.2799662090671836,-0.0659326606645397,-0.4796644965800168,-0.5719942240610438,-0.3558369280410693,-0.2405948232270378,0.0992158595226528,0.5396328041150359,-0.8646157247300631,-0.6420043641948351,-0.6185677000086734,0.4255523167170506,-2.9384175188944286,-0.0622594367823193,0.4393733080319587,-0.1457499372791486,-0.3470872794937618,-0.3091843338906578,0.1157398329109772,-0.0078683985395949,-0.365587116790204,-0.4743420639703698,-0.5468846419569181,-0.7783453774757525,-0.4071103740646977,-0.6982208754395988,-0.2449265049874135,0.7494295549634257,0.2076560507487536,-2.28683102021023,-0.4280498049754145,-0.6124115071966403,-0.3486276161878558,-0.6559030059276588,-0.3517048940381985,-0.335366290805294,-0.4543291578248083,-0.6771736032527366,0.08382184690234365,-0.6696921575297085,1.5320337317315789,-0.39454938779719734,1.7294743827081103,0.1975533521958064,-0.3859884816679489,0.4577100981411028,0.655949042886121,-0.2116254610577886,-0.1728257453041733,0.1372652016859669,-0.0220413958146941,-0.9395577336014208,0.0014764575181038
CH_043,46.301,7.611,True,0.466314207050283,-0.8591258346788878,1.1974336315860357,-0.2561691493811536,0.4719975371505154,-1.681093838941083,0.1235464749796161,-0.3130989554922258,-0.3878587457638926,-0.8234399287969763,-0.6343769928459315,-0.6607291624174956,-0.7431557298393013,-0.3229866869927051,-0.8640334649308697,0.8438298434639917,0.0183446217689832,0.113614546193999,-0.4146649423594249,0.2328917290101678,0.2831724219552556,0.4489856631026991,-0.8646157247300631,-0.6420043641948351,-0.6185677000086734,-3.400394428982026,-0.0593334535365545,-1.2658838729461113,-1.8596011034908992,0.3971539375807681,-0.3956001551346906,-0.3091843338906578,-0.2474515939366127,-0.0078683985395949,-0.4360062373960579,-0.7098622535055418,-0.5468846419569181,-0.7783453774757525,-0.4071103740646977,-0.6982208754395988,-0.2449265049874135,-2.32627114932123,-0.9521556321839176,0.2939565253401415,-1.5907694677948674,-0.8042330322061353,0.1695787948058406,1.122535299660164,2.106772076863507,0.0354122611931114,0.3880764611582389,-2.9335726796838357,0.3603738869554823,0.4141690602055493,1.8409302531705463,1.1866112859012505,0.940625929627675,-0.2775181333576643,0.3777281088875201,-0.3921769816974387,0.772712266263167,-0.2116254610577886,-0.1728257453041733,0.1372652016859669,-0.0220413958146941,-0.6573939873381272,0.0014764575181038
CH_044,46.302,7.611,True,0.466314207050283,-0.7555434920246666,1.246762867569649,-0.3473574651504368,0.6807445750223005,-1.8815890463373484,0.1799603596306194,-0.3000658536685852,-0.4486697783714765,-0.93023858001514,-0.0604908647162978,-0.237146158722171,-0.7471511424710001,-0.2303026091966087,-0.6402529071286911,0.8272887070252916,-0.0671001856944975,0.1157647073671058,-0.4901409065768626,-0.6983199584795311,-0.31690357307252,0.8533163780885634,-0.8646157247300631,-0.6420043641948351,-0.6185677000086734,-0.5700593121715904,-1.0479855017644026,-1.0798889506773284,0.095870414654616,0.912413575116487,-0.3748089227171496,-0.6013055146968422,-0.2873836356318974,-0.0078683985395949,-0.4360062373960579,-0.7098622535055418,-0.5468846419569181,-0.7783453774757525,-0.4071103740646977,-0.6982208754395988,-0.2449265049874135,-0.9429416459587532,-0.5874781662820586,-0.9964372474350444,1.2051255452411371,-0.9480991759632568,0.1394355061370497,0.9133072637086556,-0.043512847933208,0.8889025129630258,0.1219655470821372,-2.9335726796838357,0.3603738869554823,-1.976553929735293,1.834512223801336,0.26433358156862524,0.6858156345265412,-0.2775181333576643,0.3777281088875201,-0.3921769816974387,0.772712266263167,-0.2116254610577886,-0.1728257453041733,0.1372652016859669,-0.0220413958146941,-0.6573939873381272,0.0014764575181038
CH_045,46.211,7.304,True,0.466314207050283,0.8757626547767473,0.0889886811926163,-0.5642131363307876,-0.02899535374177,-0.0333458701097075,-0.0305068254135082,-0.0459203681075934,-0.1023112883021946,0.1249320940203194,-0.6343769928459315,0.1057543680788059,-0.3396190540377337,-0.4388417842378256,0.4383693814778096,1.100217458263851,-0.3509432975838812,0.20344983503504,-0.1210845095419974,1.23028088832686,0.7925636197725631,1.0105254520172198,-0.8646157247300631,-0.6420043641948351,-0.6185677000086734,-1.803428028570598,-0.2098267535428604,-0.0329040104114624,0.8482374344620482,-1.5906981123672803,-0.0837316688715764,0.5671792085278956,0.7166219841352621,1.488875856992243,-0.4360062373960579,-0.7098622535055418,-0.3591808514536615,-0.1897732545788937,-0.4071103740646977,-0.6982208754395988,-0.2449265049874135,-2.0025131804491605,-0.5849481937733243,0.2939565253401415,-0.2685576145594801,-0.2647349931169304,0.3682056037669409,1.4363773535874271,-0.089892195549091,-1.3427646207632258,-0.0382270067642133,-2.325820546791063,-0.11239235217140607,-1.1328130833207748,1.2174117740207988,0.7838936434363415,-1.3546538139038395,0.6355821799014044,-0.5373769074537192,0.4115157930682362,1.1610491165117014,-0.2116254610577886,-0.1728257453041733,0.1372652016859669,-0.0220413958146941,-0.7024362404410768,0.0014764575181038
CH_046,46.21,7.304,True,0.466314207050283,0.2567148788146297,-0.0186611734217049,-0.1371891867349776,-0.2586170954007336,-0.0241276996547047,-0.0305068254135082,-0.0915362244903355,0.0563261880654153,-0.6354743026530077,-0.2430909963939086,-0.1968049202749973,-0.3436144666694324,-0.4967693328603859,0.3936132699173739,1.0175117760703478,-0.3327644562583675,0.2602997305057997,-0.1726178542049574,0.7644885895011191,0.6731166295788653,0.5659559564369685,-0.8646157247300631,0.7102013799351834,-0.6185677000086734,-1.1326013490260114,-1.031263091600879,-0.4436445745206697,1.4198597956629735,-0.8510557461199195,0.068737368857057,0.2750580277217112,0.5112571982737977,1.8630619208752024,-0.400796677093131,-0.4743420639703698,-0.1714770609504049,0.398798868317965,-0.4071103740646977,-0.6982208754395988,-0.2449265049874135,-1.362355378361206,-0.7201210106685624,0.2939565253401415,0.4980537842482515,-0.7442888056406681,0.0424758597137603,2.0745228632395283,-0.0222449702971953,-0.9440027818215444,-0.2762842994702078,-2.325820546791063,-0.11239235217140607,-0.20061658228945425,1.1939097815824677,-0.7282575436788127,-0.9347835168147197,0.4319256804522736,-0.5473067514608513,0.5535611760677261,0.7599850577962597,-0.2116254610577886,-0.1728257453041733,0.1372652016859669,-0.0220413958146941,-0.7024362404410768,0.0014764575181038
CH_047,46.214,7.309,True,0.466314207050283,-0.0118272802581067,0.2415893738067306,-0.1453921422197656,-0.7439539584526347,0.0957085162603035,-0.1201904369099751,-0.2870327518449446,0.4529198789844403,-0.3321661331934221,-0.6343769928459315,-0.0757812049334759,-0.150484210878381,-0.1538382450148292,0.9530646644228205,0.8190181388059414,-0.312083414298065,0.4629274671961932,-0.145531262291608,0.506188280774425,0.5805505953349098,0.8802442198847478,-0.8646157247300631,0.5997205374243119,-0.6185677000086734,-3.7277096955721847,1.8602730875454236,0.4628500556314797,-1.4256313112838628,-0.9168361250721168,-0.1114533120949645,0.2750580277217112,-0.051594437050216,0.740503729226324,-0.4360062373960579,-0.7098622535055418,0.0162267295528516,0.398798868317965,-0.4071103740646977,-0.6982208754395988,-0.2449265049874135,-2.0760945370109947,-0.6209701833024475,1.5843502981153277,-0.0569296791139654,0.0229972943973121,-0.1277539972016781,-1.0534362742355252,0.6207752168557196,-2.252221446419692,-1.2776073076918737,-2.325820546791063,-0.11239235217140607,-0.26193046169942147,1.2168576995428813,-0.07463982813266738,-0.10496417449791301,0.6355821799014044,-0.5373769074537192,0.4115157930682362,1.1610491165117014,-0.2116254610577886,-0.1728257453041733,0.1372652016859669,-0.0220413958146941,0.0774407203762929,0.0014764575181038
CH_049,46.297,7.857,True,0.466314207050283,-1.1814937965857566,1.3567963975361454,-0.1695600444664801,0.419810777682569,-1.964552580432355,0.353541543172168,0.332039584777984,-0.0494321295129912,-0.8917910655766013,-0.6343769928459315,0.4688255141033698,-0.7471511424710001,-0.1422527352903171,-0.0987039572474189,0.1739138176966186,-0.12612948306835,-0.2149796860553428,-0.2417646726556174,-0.4004506749456138,1.2706826324825211,-0.4996570815392762,-0.8646157247300631,-0.6420043641948351,0.6461955289172611,-1.3696509975612463,0.1867204035700095,-0.857018255559701,-0.9498523646346276,0.5009326595583627,-0.1114533120949645,1.1514215701402646,-0.2930882130169381,-0.756240526305514,-0.4360062373960579,-0.7098622535055418,-0.3591808514536615,-0.1897732545788937,0.5672227485803569,0.3540274861383882,-0.2449265049874135,-0.97973232423967,-0.8299941024764564,-0.9964372474350444,-0.6245614593176781,-0.3966122915609583,-0.0301110016649903,-0.5931345951422062,-0.3359333534539024,-0.7900947036335271,-0.7946387125133242,-2.486928715339224,0.4684165632776773,0.80804959580485,2.2109596586730698,6.943844480509946,0.09975347574876949,-0.6140469223392364,0.3907793059084178,-0.201680065520841,0.6895795701866761,-0.2116254610577886,-0.1728257453041733,0.1372652016859669,-0.0220413958146941,0.2342207460213074,0.0014764575181038
CH_050,46.302,7.809,True,0.466314207050283,-1.5091414524275522,1.4913587158040478,-0.0642578381033735,0.5972457598735869,-0.5219089042247443,0.1401813384023478,0.116993404687914,0.2942824026168303,-0.622658464506828,-0.164833797103504,1.0336028523638026,0.683206579677131,-0.2974985655987787,0.3712352141371561,1.1994642768960546,-0.2482851295003903,-0.1923573088554805,-0.1678264689315623,-0.5126157575144031,-0.032539784837159,0.0763114700402865,-0.8646157247300631,1.462915777274916,0.3489351794280865,-0.1116766582748771,1.7362745463204343,0.0140087763291289,1.0162673736471497,-0.162689407235101,-0.2223398849885161,-0.0170631530844733,-0.2569592229116805,-0.3820544624225545,-0.400796677093131,-0.4743420639703698,0.767041891565878,0.9873709912148236,3.0030555551929936,0.3540274861383882,-0.2449265049874135,-0.3616489291202656,-0.7880688437602863,0.2939565253401415,0.9157567355503312,-0.7083222697013878,-0.1741458092334947,-1.0534362742355252,-0.4160722538233356,-1.4197186598572344,-0.7841983022875172,-3.047625431774013,0.5686321738016593,0.8382078337999951,1.9140219113824868,-0.6122899156629739,-1.5457060568782022,-0.3925324848309583,0.2301954721187544,-0.0989046133923242,-1.177060413639728,-0.2116254610577886,-0.1728257453041733,0.1372652016859669,-0.0220413958146941,-0.5925860136215095,0.0014764575181038
CH_051,46.303,7.809,True,0.3889716452918946,-1.7947787154861654,0.8952091995005922,0.4771786790135103,0.8059927977453718,-1.0565627906147848,0.062069805808651,0.24732442292432,-0.0229925501183896,-0.6312023566042811,-0.6343769928459315,0.7512141832335862,0.5009598278948271,-0.531525862033922,-0.1434600688078546,1.1498408675799523,-0.3826728239536059,-0.2489673637570096,-0.266880990962672,-2.6353951120212926,-0.2662287533100342,-1.5490783460183444,-0.8646157247300631,-0.6420043641948351,-0.6185677000086734,0.2096898618774427,2.953466087674538,-0.1143632387523275,2.059072387747093,0.1997412687090262,-0.0837316688715765,-0.3091843338906578,18.568146147722565,-0.0078683985395949,-0.4360062373960579,-0.7098622535055418,-0.5468846419569181,-0.7783453774757525,-0.2447215202905219,-0.1720966946506053,-0.2449265049874135,0.2932251442800557,-0.1768997705788755,0.2939565253401415,0.5813475780824919,-0.3966122915609583,0.7807966129009698,1.4259159517898516,-0.3270674671140706,-0.1464791039381817,-0.5820050141739892,-3.047625431774013,0.5686321738016593,0.4792547162048951,1.916469073659956,-0.7407026890707771,0.9259624186801929,-0.3925324848309583,0.2301954721187544,-0.0989046133923242,-1.177060413639728,-0.2116254610577886,-0.1728257453041733,0.1372652016859669,-0.0220413958146941,-0.5925860136215095,0.0014764575181038
DE_001,51.111,10.425,False,0.466314207050283,0.9588173386426968,0.5518406884723868,-0.904101407288026,0.3363119625338547,-0.0702185519297093,-0.1954089497779794,-0.058953469931234,0.1356449262492203,0.1886481693370763,0.0308092011225073,0.1662662257495666,-0.1358530098211005,-0.1538382450148292,0.0803204889943239,0.0746669990644151,-0.1728422024748159,-0.2621521563921147,-0.1336340379189244,-0.6946272953209576,0.8974355644960528,0.8901662494974487,-0.8646157247300631,0.7102013799351834,0.4988006928299944,-0.885463565814949,0.1933449584143384,-0.3540195157467549,0.2655718807904115,0.1458781405913703,-0.1946182417651281,0.8593003893340802,0.0092543883902179,1.1146897931092834,-0.4360062373960579,-0.7098622535055418,-0.1714770609504049,0.398798868317965,-0.0823326665163461,0.3540274861383882,-0.2449265049874135,-1.362355378361206,-1.085882750502736,0.2939565253401415,0.205908514762971,-0.6244003525097337,0.0912973574821042,0.4634669864129121,-0.1153880247633471,0.7000153260959135,0.2498804967952678,-0.5634520928474485,0.1655617524319868,0.22872173201420162,0.47910753219582364,-0.24203858750309679,-0.504773094367888,1.2470260105851927,-0.7163908219051099,0.298531730720949,1.0336630456241551,-0.6205264225671441,-0.3177245898999089,0.3023801032182442,-0.6758531966485616,-0.3818010272920727,0.3315554015308058
DE_002,51.031,10.51,True,0.466314207050283,1.5970385038335269,-0.4364963948318662,-0.651536917217266,0.3363119625338547,0.1786720503553093,-0.1780508314238246,-0.3196155064040461,0.320721982011432,1.1758308220070528,-0.164833797103504,0.6503610871156519,0.207752476504987,-0.2627420364252425,0.3041010467965025,0.7528535930511391,1.3004325065746092,1.2256226594095645,1.8352920332223424,-0.3745550932990859,-0.1921200163227669,0.9595857372703844,1.2717706530535096,1.5011910335109906,1.1702546184524905,0.5413648848811021,0.3245380480288999,0.2895502277033256,-1.184834576767169,-0.0365870429730042,-0.2362007066002101,-0.3091843338906578,-0.2189287070114093,0.3663176653433644,-0.1895393152755693,0.4677386941703182,0.0162267295528516,0.9873709912148236,0.2424450410320054,0.8801516669273817,-0.2449265049874135,0.3152995512486058,-0.6042241747922531,1.5843502981153277,-0.4789515678741171,0.2148188194068072,-0.0931309754561652,0.7563862367450241,2.339450345386173,0.3012534871542323,-0.2696693830675973,-0.5215778141123595,0.10105354482869981,0.1659082620812896,0.4645169042773315,-0.08020218091395648,-1.1671998106761776,2.195578731953904,-1.39191825181096,0.7204461726918276,2.048327026800902,-0.6282391479924553,-0.4640028502281133,0.147705392882258,-0.4221563290992293,-0.3599726289881803,0.1588386234708176
DE_003,51.032,10.514,True,0.466314207050283,0.968171634952491,-0.3450453548319395,-0.3442931916694655,0.3363119625338547,0.0957085162603035,-0.2127670681321343,-0.3065824045804055,0.5057990377736437,1.3680683941997478,-0.0865765978130994,0.5293373717741305,0.978867114422834,-0.2812788519844618,0.3936132699173739,0.736312456612438,0.7324018425011817,0.6520013846937177,1.1532790210292525,-0.1505913720255429,0.3903926329671345,-1.6482427398708548,0.7879602840003624,0.5997205374243119,2.4466513085856376,-1.1002455867953855,1.2033233657461626,0.3821730007960316,0.9557915214629348,0.5247746210210312,-0.250061528211904,-0.0170631530844733,-0.3025958419920059,-1.1304265901884734,-0.0134915137609346,0.2322185046351462,0.0162267295528516,0.398798868317965,2.1911112863221147,2.458524209294362,0.2359383763640222,-1.2519833435184553,-0.5725392809923888,0.2939565253401415,1.042239903965289,0.2387965100329941,-0.4128624328472942,1.1643809068504658,0.0698603142361148,0.5181239609646203,-0.6778017553298665,-0.5215778141123595,0.10105354482869981,-0.9262632953871656,0.44064552885372216,0.013532541474592973,-1.3957067807013155,2.195578731953904,-1.39191825181096,0.7204461726918276,2.048327026800902,-0.6282391479924553,-0.4640028502281133,0.147705392882258,-0.4511575209175834,-0.3820578432582238,-0.1742459772742926
DE_004,51.086,10.596,True,0.466314207050283,-0.3412024212545551,2.00092699189627,-1.063053869097386,0.3363119625338547,-0.3744181769447327,-0.2214461273092117,-0.3326486082276867,-0.1578344050308581,1.1758308220070528,0.1481950000581143,-0.1766343010514104,-0.3076557529841441,-0.2071315897475846,-0.4724174887770572,0.8521004116833426,-0.2004004708399174,-0.1099606682003276,-0.0733085187526772,-0.6978104996926516,0.511310727155302,0.8533163780885634,-0.8646157247300631,0.7102013799351834,0.6461955289172611,0.0800465538834322,-0.5208315569491103,-0.854181935223979,-0.7354388030336833,-0.385783233763433,-0.2639223498235979,0.2750580277217112,-0.2493531197316262,0.3663176653433644,-0.4360062373960579,-0.7098622535055418,-0.1714770609504049,0.398798868317965,-0.163527093403434,0.3540274861383882,0.2359383763640222,-0.0084584176234631,-0.515313712342444,-0.9964372474350444,-0.9959900807118468,-0.2887126837431173,0.3908320521883507,0.8400774511256276,0.2056288077956486,0.1823245176453098,0.2662982411198192,-0.5215778141123595,0.10105354482869981,-0.37018939565772396,0.10427614788468262,0.4104237431923357,0.08608300196033195,1.3152529847233638,-1.5267942078436636,1.4724893470061196,1.3778342027681516,-1.2624458514969783,1.0078864049168297,2.007016329597949,-0.2073414225379999,-0.4304758397163569,0.617803633308235
DE_005,51.116,10.341,True,0.466314207050283,0.251787218428531,1.5250377417476717,-1.1072003532192405,0.3363119625338547,0.1510175389903078,-0.1606927130696697,-0.0328872662839529,-0.1789860685465394,0.4196963713824522,-0.0604908647162978,-0.1564636818278235,-0.5114217972007774,0.0825061533652167,0.2593449352360668,0.9678883667542464,-0.2117037100296915,0.0625871854803103,-0.0554323993499385,-1.650879036872847,1.1835373585034843,0.6271521670877805,1.2717706530535098,1.331063830744757,2.3828814363858783,-0.1969492496741289,0.6944487414918098,-1.0809292522986815,-0.0648760096108436,0.7160141617421794,0.0825981904687509,1.1514215701402646,-0.0363822306901075,0.3663176653433644,-0.1895393152755693,0.4677386941703182,0.5793381010626214,0.9873709912148236,1.6227502981124995,2.984648390083356,0.2359383763640222,-0.5529604561810336,-0.8474629602748607,1.5843502981153277,-0.0757479066098494,-0.336668064995491,-0.3030710086279704,0.630849415174119,-0.0819103354483465,0.9378732651137586,-0.216032771754864,-0.6208839657628942,0.2080998685289843,0.3555278966569299,0.3748491846010274,0.7789584995740109,1.381272996011741,-0.4673088420442781,-0.1943051722116009,0.5850231522752105,0.2093915395103126,0.3272747446579449,-0.758686649396492,-0.996802623269266,-0.747009083669036,-0.3818010272920727,-0.4687418012282312
DE_006,51.12,10.346,False,0.466314207050283,0.9628736680428688,0.7904043767582202,-1.0568026106432484,0.3363119625338547,-0.0702185519297093,-0.1172974171842826,-0.208834140903101,0.162084505643822,0.0266773348996086,-0.6343769928459315,0.3276311795382617,-0.335623641406035,0.0083588911283395,0.0131863216536703,0.6701479108576357,-0.081363555365086,-0.0564805959568415,0.0820795301367063,-2.073474737199452,1.179943895138467,0.7311296940966421,0.0127990032181508,0.7102013799351834,1.8502057495948443,-0.8171111615347537,-0.0255684835493246,0.0130868386578841,0.678817615916922,0.0295828681411867,-0.2916439930469859,0.5671792085278956,-0.1048371593105957,0.3663176653433644,-0.3303775564872771,-0.2388218744351977,-0.1714770609504049,0.398798868317965,0.0800561872578296,1.4062758477163753,-0.2449265049874135,-1.3844297853297562,-0.7185548372107744,0.2939565253401415,0.070170480366431,0.1908411287806203,-0.056230123332658,1.01792128168441,0.1914715759957727,-0.1604707474098197,-0.3044176186282982,-0.6208839657628942,0.2080998685289843,1.0218857439270816,0.3236896411399848,1.1701387990296583,-0.01749381363767399,0.5985709943412546,-0.9431636437667168,1.0437745913682983,0.2093915395103126,0.2225348995732504,-1.4241877289234297,-0.9697517165282104,-0.5754394267743436,0.4253595322061022,-0.3497461862511385
DE_007,51.069,10.464,True,0.466314207050283,1.6621003248635446,0.3033656773817091,-1.1555628023450484,0.3363119625338547,-0.73392682468976,-0.1520136538925923,-0.1762513863439995,0.082765767460017,0.8554348683525609,-0.0604908647162978,0.3276311795382617,-0.6272887635200394,0.3536070809187986,0.1698327121151953,0.8769121163413929,0.0007219949876713,0.1720335418973419,-0.0343904183442025,0.3076998106901902,0.2185094157709853,1.070841891837563,0.6497867039929828,3.3041320256843494,1.7863298392873102,-0.4382112018666005,-0.6385308899660344,-1.3262247799112283,0.6081584088752762,0.028507400084446,-0.3193656362703738,-0.3091843338906578,-0.1200493656707041,0.3663176653433644,-0.3303775564872771,-0.0033016849000257,3.95800633012124,5.107375851492836,1.7039447249995876,1.9324000285053688,-0.2449265049874135,-0.3984396074011825,-0.53977011326021,1.5843502981153277,-1.559611418990207,0.562495333486517,2.4780080275445004,-1.0115906670452235,-0.4190958798005036,-0.5032660124649493,-1.2111393525138354,-0.5509810735180504,0.1665069965327015,0.7202670577940761,1.1628816108190918,-0.5591752235259159,-0.4485357787660436,0.8440876596804232,-1.3775436489777086,1.54257961973413,1.140324083814638,-0.496955938573788,-0.2416458934595581,0.0985644989756013,0.4293392346843325,-0.2949720064192978,0.5313917909077811
DE_008,51.055,10.479,True,0.466314207050283,1.0988061526337176,0.7423868680482735,-1.105411078735188,0.3363119625338547,-0.7892358474197648,-0.1520136538925923,0.4688871539262103,-0.2001377320622207,0.2915379899206554,0.0829806673161104,0.0250718911844584,-0.6552566519419303,0.4578766684394071,0.7292841066206418,0.8851826845607438,0.2249815654976746,0.2224617766243715,0.4691768678583775,-0.2658839181202669,0.6581346713468176,0.9176461276563848,1.7361363535250167,0.7102013799351834,3.860095086039852,0.2116577637605823,-0.2040542519193694,0.6625223104442707,0.2248521298326247,0.7850722299012344,-0.1946182417651281,-0.0170631530844733,-0.0896249529504872,1.1146897931092834,-0.0839106343667885,0.9387790732406625,-0.1714770609504049,0.398798868317965,3.2466388358542573,6.141393474817317,0.2359383763640222,0.5949087061835745,0.2139207445799055,-2.28683102021023,-2.3934748439307696,2.061100997623197,3.095451915339481,-0.781439827498564,-0.418519340948925,-0.2094414995605525,-1.137737689781254,-0.5509810735180504,0.1665069965327015,0.04204580263903512,0.9954125998685485,-0.24583485201258193,-1.301631709430207,1.088117484226737,-1.5379842602677587,1.631084180824095,1.1613200947380324,0.0020540780446906,-1.0718844022196314,-0.7126589020572854,0.5935300186451486,0.5057151976173201,0.6518024305179622
DE_009,51.276,10.418,True,0.466314207050283,1.3415634379331585,0.4537255948910884,-1.0643423375637964,0.3363119625338547,0.2892900958153179,-0.2040880089550568,-0.3000658536685852,0.2149636644330253,2.73081918374352,-0.6343769928459315,0.5495079909977174,-0.3635915298279258,-0.2117657936373895,0.1250766005547596,0.9430766620961952,0.1971040765382924,0.4099540824236861,0.5738550835357166,-0.4652720463039335,-1.342740262241462,-1.6482427398708548,-0.8646157247300631,1.5011910335109906,0.5967921632374934,-0.2139408587323505,0.3187841420584389,-0.716571933750616,0.1277580034288402,0.553976829168708,-0.4163913875522315,-0.8934266955030267,-0.3025958419920059,-1.1304265901884734,-0.4360062373960579,-0.7098622535055418,0.0162267295528516,0.9873709912148236,2.840666701418818,0.8801516669273817,0.2359383763640222,-0.6044674057743173,-0.8651727678360015,-0.9964372474350444,-0.7973189576405473,-0.3246792196823976,0.182258717243342,0.2856231558541298,0.031552510542333,-0.9160194948782684,-1.5355890473936828,-0.6656470656914116,0.15176294958286385,0.9645780338146117,0.3137624734106307,0.9017098872133211,0.7182697101692711,0.0679129294094306,-0.7789491383093103,1.1285418990128555,0.3377621507024635,-0.6009989198355105,0.5900102784692026,0.4243828846330001,-0.957524950797876,0.7434329655273331,-0.0304462458343574
DE_010,51.205,10.39,True,0.466314207050283,-0.2717378866018691,1.6081137201387876,-0.8557993709975201,0.3363119625338547,-0.5126907337697434,-0.2388042456633665,-0.2935493027567649,-0.3825708298849722,-0.6653779249940937,0.3960094644777289,-0.237146158722171,-0.6232933508883407,0.2771427167370192,-0.7073870744693447,-0.9922363012317722,-0.2043354348013174,-0.2939553480411396,-0.4620117170368853,0.0961450414364631,-1.342740262241462,-1.6482427398708548,0.9667006121679158,2.445599377279835,2.511331884191889,-0.2065328310501435,-2.1587115046383256,-0.5914553670265471,1.3359384146823254,1.084072185915792,-0.4579738523873133,-1.185547876309211,-0.3102019451720602,-1.5046126540714329,0.2681849686624808,1.1742992627758344,3.207191168108213,2.7530873599054,1.460361444338324,3.510772570872349,0.7168032577154579,-0.1261885881223972,-0.5126632649523414,0.2939565253401415,-0.5958713747747731,-1.523563750991742,-1.308277554436842,0.9551528708989572,-0.2455192495518895,1.3576225692628967,0.3590664663323326,-0.7254901668261957,0.2051602178782374,1.426738298041735,0.4673796224132382,0.10063205372047708,-0.5706621231737103,1.7698234220540965,-1.5777657118444224,1.2652257337349004,0.8597918917287294,0.2036331065288184,-1.1191521200659174,-0.7463675350692803,-0.7552859163035892,1.1909838338221692,-0.3966081427338593
DE_011,51.282,10.229,True,0.466314207050283,-0.1296471033225471,1.411928501649338,-0.8146026900713175,0.3363119625338547,-0.3191091542147287,-0.1693717722467471,-0.1371520808730777,-0.4989049792212195,-0.9345105260638666,0.6438239288973434,-0.418681731734453,-0.6352795887834368,1.2063005966428857,-0.5977346011462771,-1.6952345998765468,-0.3201372635192416,-0.4108969091309033,-0.5985140930864952,0.412076188659334,-0.31690357307252,-1.6482427398708548,0.5686066020133089,0.4550105757858323,2.529375926098744,0.2214127041249929,-0.9556247053831068,-1.4157279905971385,1.436485584882989,-0.0099512768214935,-0.4163913875522315,-0.6013055146968422,-0.3102019451720602,-1.5046126540714329,-0.2951679961843502,-0.0033016849000257,0.2039305200561082,0.398798868317965,1.1355837367899724,2.984648390083356,0.2359383763640222,0.0209741250012704,-0.5669974364494469,-0.9964372474350444,-0.6220934950559229,-1.8592514197583585,-1.420194953675627,1.1539195050528903,-0.2368327308547711,-0.8600529209917167,-1.0323772140673857,-0.7146007915703728,0.21551330873780075,1.4192461544160593,1.279006386815953,-0.073566970771291,-1.6367878304270478,0.7696703113492004,-1.6179431755022624,1.9499169488482864,1.031257226610104,0.8181805285659537,-1.709629442684267,-0.9410915034369406,-0.0634258649362508,1.474788930605487,0.9352654788090105
DE_012,51.285,10.222,True,0.466314207050283,0.2358349619243801,1.1370369086163374,-0.8534186437284036,0.3363119625338547,-0.3744181769447327,-0.1433345947155148,-0.0394038171957731,-0.3799268719455121,-0.7422729538711716,0.2003664662517174,-0.6607291624174956,-0.6632474772053276,1.0023956254914737,-0.0159051508606127,-0.6283312995803592,-0.0927433248339013,-0.1812649381454767,-0.3133639673459016,-0.1865905147440137,-1.342740262241462,-1.6482427398708548,0.0908658264321849,2.272863158023031,-0.6185677000086734,0.2192140196549133,-0.1261442436961716,0.3424446806598366,-0.1362327388234548,0.1166417756420064,-0.4579738523873133,-1.185547876309211,-0.3102019451720602,-1.5046126540714329,-0.365587116790204,-0.2388218744351977,0.9547456820691346,2.164515237008541,-0.163527093403434,-0.1720966946506053,0.2359383763640222,-0.2954257082146151,-0.5569980212958775,-0.9964372474350444,-1.9171577414120025,0.8502276210007597,1.1349992366790789,0.5366967989959401,-0.2710150787661457,-0.7061448428036994,-0.7943996191493744,-0.7146007915703728,0.21551330873780075,1.3525168449653586,1.271895764349346,1.0899715958880516,-1.4693496057734725,0.8854539354552656,-1.518771504170808,1.7287619238218948,1.685474238253624,0.9429631854821444,-2.034226812521959,-1.1050279503191152,-0.1182846247486129,1.474788930605487,0.7344984750151786
DE_013,51.102,10.4,True,0.466314207050283,0.5276526803825075,0.958722613723042,-0.9103584009657024,0.3363119625338547,-0.8721993815147709,-0.2214461273092117,-0.1827679372558197,-0.3534872925509104,-0.400517269973047,0.3960094644777289,-0.1766343010514104,-0.2716970392988559,0.5690975617947229,-0.3426247652517935,-0.4298376623159528,-0.3183716387550012,-0.4091139069234688,-0.4962324170146148,-0.4916926890782411,-1.342740262241462,-0.3974631808911456,0.5575882312592839,1.2991147075126075,2.474059408356382,-0.147576304206349,0.760773176529723,-1.6061103961782088,-0.024452850989159,-0.8134456634622195,-0.4163913875522315,-0.8934266955030267,-0.2987927904019788,-0.756240526305514,6.993210986521527,2.5874203999868666,1.1424494725723913,0.9873709912148236,6.169638203789422,2.984648390083356,0.7168032577154579,-0.5897511344619506,-0.467485184439227,1.5843502981153277,0.6057187251673252,-0.9480991759632568,0.2889371066127403,0.097317923497772,-0.2005235951797953,-0.1394832822023628,-0.6916691704389536,-0.6208839657628942,0.2080998685289843,1.4074312515897274,1.0176217518584054,-0.021261048029732117,-0.24544144028343173,0.6182782665072089,-1.719984532113175,2.197609139796535,0.8192353446772045,0.6401203350302895,-1.3456350973924325,-0.9568499656187708,-0.1244439858027964,1.3193213068277014,-0.0520386033888551
DE_014,51.104,10.405,True,0.466314207050283,-0.0009432956110491,1.420463597265188,-0.8946575657785664,0.3363119625338547,-0.5956542678647498,-0.1954089497779794,-0.2153506918149212,-0.4169422830979544,-0.7294571157249921,0.3568808648325265,-0.3379992548401054,-0.6272887635200394,0.3466557750840914,-0.702911463313301,-1.5877172130249928,-0.4837255589874346,-0.5760952558224954,-0.6709890243604818,0.776423290380824,-1.342740262241462,-0.4996570815392762,2.9918093889501547,2.4424257697679117,-0.6185677000086734,-0.5555217802432256,-1.6403955181841885,-1.291778223799392,0.514069225546295,1.2455061737037056,-0.4163913875522315,-0.8934266955030267,-0.2930882130169381,-0.756240526305514,1.394890898356143,4.236061726733071,1.1424494725723913,2.164515237008541,-0.4071103740646977,-0.6982208754395988,-0.2449265049874135,-0.8620021537407359,-0.3976097532456101,-2.28683102021023,0.3450400000194245,-1.2478203087905926,-0.2432399973659876,0.4216213792226104,-0.1321845233060053,1.1337562737166895,-0.1724380817280214,-0.5634520928474485,0.1655617524319868,1.3667845934175415,0.947438984655531,0.325767044630816,-0.21231959781640555,0.7126825407610099,-1.680624895104563,2.07958883722612,1.2503625378337675,0.7473122856459089,-1.3705783823748,-1.168168899469047,-0.0652866454812312,1.3193213068277014,-0.0814414622807585
DE_015,51.106,10.409,False,0.466314207050283,-0.030008139922276,1.4588330811598638,-0.9019749303256572,0.3363119625338547,0.2063265617203115,-0.2561623640175214,-0.1045693263139762,-0.4275181148557951,-0.8405277129918826,0.4873095303165341,-0.237146158722171,-0.5833392245713538,0.501901605392553,-0.6872468242671484,-1.7117757363152477,-0.4617206758611649,-0.5538737985892775,-0.6410843173875378,0.459270533592273,-1.342740262241462,-1.6482427398708548,2.242255955930063,0.3341909525606973,-0.6185677000086734,-0.1567333214597376,1.7731861976715666,-0.8788676965085562,-1.36349049282148,-3.1734739285985087,-0.4163913875522315,-0.8934266955030267,-0.3102019451720602,-1.5046126540714329,-0.0134915137609346,1.6453396418461783,0.3916343105593647,0.398798868317965,-0.4071103740646977,-0.6982208754395988,-0.2449265049874135,-1.016523002520587,-1.1810579067836968,0.2939565253401415,-0.0668015361609865,-1.0200322478418171,-0.3994991612963945,-1.5660449623167212,-0.4242975414391911,-2.147284120382407,-0.6679989274079257,-0.5634520928474485,0.1655617524319868,1.363643382589409,0.824572969177341,-0.45910238995631286,0.9903000802508144,0.7126825407610099,-1.680624895104563,2.07958883722612,1.2503625378337675,0.7473122856459089,-1.3705783823748,-1.168168899469047,-0.089732259806202,1.3193213068277014,0.0747573480224084
DE_016,51.271,10.31,True,0.466314207050283,1.506419664529844,0.0631527160851797,-0.9138474754517324,0.3363119625338547,0.3169446071803201,-0.1086183580072051,-0.1110858772257964,0.162084505643822,-0.1228407768058207,-0.6343769928459315,0.6503610871156519,-0.5633621614128603,0.1103113767040455,0.3264791025767203,-0.3140497072450482,-0.3202400131562519,-0.4110006700394004,-0.5697121768894232,0.1408081830590166,-0.31690357307252,0.2279265985987087,-0.8646157247300631,1.3863042520001925,1.7916965836132988,0.5487351827490988,2.203207342053401,-0.5839595928845209,0.2659932831480678,-0.2769334079845077,-0.4163913875522315,-0.6013055146968422,-0.2873836356318974,-0.3820544624225545,-0.4360062373960579,-0.7098622535055418,0.2039305200561082,0.9873709912148236,0.2424450410320054,1.4062758477163753,-0.2449265049874135,0.5066110783093739,-0.7301204258221317,0.2939565253401415,-0.9219511528591884,-0.96008802127635,-0.8060159560891053,-0.92789945266462,-0.3914732628226463,-0.6921531993320614,0.0152502089725534,-0.7254901668261957,0.2051602178782374,0.9843277252321367,0.9393587318525686,0.1281137076695764,1.4683400621890212,1.1589791384514303,-1.624177280700835,1.716236581350898,1.4185247775710668,-0.5334918323693061,-0.6311276875650409,0.1854866419645215,-0.495301036233588,1.3766294725264945,-0.0667402080917591
DE_017,51.243,10.313,True,0.466314207050283,0.8677447666908917,-0.0746390978211524,-0.4564395022067428,0.3363119625338547,-1.2593625406248008,0.0302465888260337,-0.1958010390794604,0.082765767460017,0.4624158318697177,-0.1257051974583017,0.3679724179854354,-0.5433850982543669,0.490316095668041,0.4383693814778096,0.5047365464706298,1.4698820725660489,1.396739963794195,0.3076376617340839,-0.9272325640767202,0.5306891272487496,0.3166701518400674,1.4339280179855387,1.9348117219905263,1.9189185868689984,0.374489567574323,-0.6218559823416911,0.7419034122306245,-1.1139593508706314,-1.324089884420075,-0.1876878309592812,-0.0170631530844733,-0.2531561713216534,-0.0078683985395949,-0.1543297549726424,0.7032588837054903,0.9547456820691346,1.5759431141116824,0.1612506141449175,1.4062758477163753,1.6785330204183293,0.5581180279026576,-0.1938867288518065,-0.9964372474350444,-1.096251128845655,1.881268317926796,0.9299945026595944,-1.3358941227700618,-0.4128820721779337,-0.3633495777485698,0.5472329437608071,-0.7254901668261957,0.2051602178782374,1.267934769471015,1.0143896507372205,-0.4737757775603665,0.4200130260567197,0.3157684353305258,-1.0373778720763085,1.3617543730447168,0.9784143848158712,1.2651695331688342,-1.4331884949536826,-2.025710783271546,-0.5419469067086513,1.3766294725264945,-0.0975233907401902
DE_018,51.194,10.354,True,0.466314207050283,1.1525922806817188,0.0706584925386596,-0.713281795292515,0.3363119625338547,-0.7615813360547624,0.0649628255343434,-0.0980527754021559,0.162084505643822,0.0095895507047024,-0.1257051974583017,0.2267780834203272,-0.5713529866762578,0.7498315134971111,1.1992232780052168,0.3558663185223248,0.9755547944309004,0.8975474705980104,0.1718327395516274,0.5933989593416129,1.1984798248918251,0.8533163780885634,-0.0356274625528138,1.2937596752814664,2.8193313592655795,-0.1434617039613446,-0.2371094975876812,-0.1972556117964697,-0.7727186531515994,-0.6886742499933244,-0.1253141337066584,0.8593003893340802,-0.2873836356318974,-0.0078683985395949,2.34554902653517,0.9387790732406625,2.080968425088674,0.9873709912148236,2.2723057132092026,4.036896751661343,0.2359383763640222,-0.0746816385291135,-0.775298506335246,0.2939565253401415,1.222401295073424,0.0349861397104056,-0.2655627350703314,-1.9112712216367105,-0.4661926979872401,-1.4546977685363291,-0.935225610515793,-0.6208839657628942,0.2080998685289843,0.7439985207550934,0.9053293243338064,-0.10637990053153693,-0.540453527474289,0.5594264372775982,-1.1943796475792985,1.4453290716100748,1.2498736079369517,0.3887844638015385,-1.2144808765564463,-1.5837248392247882,-0.3916149910685387,1.3766294725264945,-0.0814414622807585
DE_019,51.134,10.426,True,0.466314207050283,-0.2336290894359901,1.6878197004751858,-0.928142988970884,0.3363119625338547,0.6211442321953436,-0.2388042456633665,-0.1176024281376167,-0.2345091852752029,-0.2125516438290785,0.2916665320905227,-0.2169755394985841,0.0399451459736419,-0.248839424755828,-0.5664053230539721,0.8355592752446417,-0.5872909443921879,-0.6806799413855852,-0.6550133982969412,0.5612981812376149,-0.4007187041573724,-0.4996570815392762,-0.8646157247300631,-0.6420043641948351,-0.6185677000086734,0.7868109763337475,0.0298810211375265,1.083331745327922,0.850367422716789,-0.9960618316338729,-0.3332264578820678,-0.6013055146968422,-0.2873836356318974,-0.756240526305514,-0.4360062373960579,-0.7098622535055418,-0.5468846419569181,-0.7783453774757525,-0.3259159471776098,-0.1720966946506053,-0.2449265049874135,1.3380804074580963,-0.4159219352135925,0.2939565253401415,-0.6779311864781359,0.3466961178508351,-0.2842409441698845,-0.3315995502028205,-0.3846829163484976,-0.1534749256740007,0.5950516165507624,-0.5634520928474485,0.1655617524319868,-0.21899709498817976,0.15663618604787974,-0.5246127109917333,-0.922636037771225,1.1039900829357032,-1.7705660072181202,1.970319012568888,1.205415224945421,-0.911816457799975,1.1027152799561266,0.9414406249080082,-0.3717249542369511,-0.5416371039300416,0.378896160007284
DE_020,51.241,10.376,True,0.466314207050283,-0.1036724867110767,1.456833869574169,-0.8579738243073873,0.3363119625338547,0.7870713003853566,-0.2214461273092117,-0.208834140903101,-0.2133575217595215,0.3598891267002804,0.2786236655421219,-0.1766343010514104,0.1757891754513973,-0.2928643617089738,-0.4657040720429917,0.1987255223546697,-0.5338429180467368,-0.6267058745923169,-0.6075356256547502,-0.6399552956866424,-1.342740262241462,1.0002735468726718,0.0908658264321849,-0.6420043641948351,1.3348424670949677,0.4273993786373766,0.9875316230564046,0.2033613858373042,0.0385919204189846,0.3016580854024063,-0.3748089227171496,-0.8934266955030267,-0.2189287070114093,0.3663176653433644,-0.365587116790204,-0.2388218744351977,-0.5468846419569181,-0.7783453774757525,0.5672227485803569,1.4062758477163753,0.2359383763640222,0.5434017565902909,1.119409952944085,0.2939565253401415,-0.280588940335537,-0.6723557337621074,-0.4306295097956495,-0.8965152472718937,-0.3941637774633467,-0.1884540343530956,-0.1313140231286597,-0.7254901668261957,0.2051602178782374,0.09832764528548889,0.2622335469643099,-0.6525798359571188,0.3794221255291664,0.6477851098618731,-1.1901884262329123,1.38387644345803,0.6071245284419807,-0.7970665340274242,0.8951596107487496,1.3826845660268725,-0.4791965037892154,-0.3818010272920727,-0.0878730419172554
DE_022,51.224,10.405,False,0.466314207050283,-0.4767330628997531,1.9333866023997568,-0.9418516323544096,0.3363119625338547,0.2063265617203115,-0.2214461273092117,-0.2805162009331243,-0.1313948256362564,0.2317307452384836,0.330795131735725,-0.0959518241570628,1.078752430215301,-0.2835959539293641,-0.4970333501352967,0.7859358659285403,-0.5953808372665089,-0.6735498787364086,-0.6451568353755625,0.094931223386462,-1.342740262241462,1.244694422586434,-0.8646157247300631,-0.6420043641948351,-0.6185677000086734,0.6328667586777956,-0.5531872192272513,0.7486068730224869,-0.7983944293781791,0.3631280890575843,-0.3332264578820678,-0.8934266955030267,-0.1276554688507584,0.740503729226324,-0.4360062373960579,-0.7098622535055418,-0.5468846419569181,-0.7783453774757525,-0.3259159471776098,-0.1720966946506053,-0.2449265049874135,0.4256715860913566,-0.5841048696037461,0.2939565253401415,0.0343849985709796,0.0589638303365925,-0.4586468234449791,-0.4466749699761502,0.2103692383530731,-0.2024456778247335,-0.6801926889693642,-0.6656470656914116,0.15176294958286385,0.5007020846719288,0.25406094841502763,-0.3255399012139036,-0.14505855644594431,1.140390930916083,-1.1405855758838108,1.0018890041054545,1.750652643558988,-0.5903637696141367,0.7684800264467473,0.7956804497481771,-0.4302407199444381,-0.407317264517136,0.4487357049956952
DE_023,51.224,10.404,False,0.466314207050283,-0.2895872667018587,2.0591348061413,-1.129685499906991,0.3363119625338547,-0.0425640405647072,-0.2127670681321343,-0.2349003445503822,0.003447029276212,0.7529081631831235,0.0699378007677097,0.4889961333269567,0.6911974049405286,0.0315299105773636,-0.076325901467201,0.579171660444783,-0.5792442930179594,-0.6646795364161617,-0.6229782795171016,-0.2178432319724275,-1.342740262241462,-0.3974631808911456,-0.8646157247300631,-0.6420043641948351,-0.6185677000086734,0.5537937862399296,1.5875457322438395,0.4735604367489074,1.6149634885158015,-0.2210034486308535,-0.4579738523873133,-1.185547876309211,-0.2949897388119517,-0.756240526305514,-0.4360062373960579,-0.7098622535055418,-0.5468846419569181,-0.7783453774757525,-0.3259159471776098,-0.1720966946506053,-0.2449265049874135,0.7052807410263253,-0.3366494632732478,0.2939565253401415,0.543711123090724,-0.4925230540657058,-0.2529587403120965,2.1372912740249808,0.0005987801997989,0.4341741001347927,0.1215670581422209,-0.6656470656914116,0.15176294958286385,0.4925035679779205,0.25863206285784646,-0.39114925523652805,-0.2062539647204463,1.140390930916083,-1.1405855758838108,1.0018890041054545,1.7206880466547143,-0.5903637696141367,0.7684800264467473,0.7956804497481771,-0.4302407199444381,-0.407317264517136,0.4487357049956952
DE_024,51.224,10.406,True,0.5049854879294773,0.2451056450236513,1.4787483042635128,-1.0741510643376766,0.1223462487152745,0.5105261867353351,-0.1693717722467471,-0.1762513863439995,0.1092053468546187,0.8127154078652955,0.3568808648325265,0.448654894879783,0.5153992491457862,-0.1329843275107075,-0.3471003764078371,0.9348060938768452,-0.5459045343176212,-0.6203785985888839,-0.5499270163138745,-0.2567060635319588,-1.342740262241462,-1.3488936086881047,-0.8646157247300631,-0.6420043641948351,0.37573944424862,0.3697260184294922,-0.1088287743822257,0.5025516022021567,1.583424624769834,0.0035189780487575,-0.4163913875522315,-0.8934266955030267,1.279473619459276,0.3663176653433644,-0.4360062373960579,-0.7098622535055418,-0.5468846419569181,-0.7783453774757525,-0.0011382396292582,0.3540274861383882,-0.2449265049874135,0.1313461598440212,-0.471822280168486,-0.9964372474350444,-0.901281952166988,-0.5404784353180796,-0.8597727530097701,1.7397580057171145,-0.0695724040245632,0.4481657436064307,-0.6138044315793095,-0.6656470656914116,0.15176294958286385,-0.2570956401141144,0.24995156270380675,-0.33544319993429966,-0.014665684340844361,1.140390930916083,-1.1405855758838108,1.0018890041054545,1.750652643558988,-0.5903637696141367,0.7684800264467473,0.7956804497481771,-0.4302407199444381,-0.407317264517136,0.4487357049956952
ES_001,43.0629,-8.1223,False,0.466314207050283,-0.7496971152953968,0.0970624202886908,0.3738148473648652,0.1223462487152745,2.556960027745492,-0.1664787525210549,0.7621319449581239,0.4529198789844403,0.1035723637766867,-0.0865765978130994,0.0049012719608715,-0.2037750245599782,-0.2905472597640714,-0.0091917341265474,-0.5373550491675064,0.4145744139382056,0.3310458690098198,0.4872901240194198,-1.5812168891067455,1.6642014211710785,-0.7452698357325781,-0.8646157247300631,-0.6420043641948351,-0.6185677000086734,0.4826089501090636,-2.2297110538501625,-0.165775003268272,0.1939528718992728,-0.8239337648161507,-0.2777831714352919,1.4435427509464491,-0.272171429271789,-0.756240526305514,-0.400796677093131,-0.4743420639703698,-0.5468846419569181,-0.7783453774757525,-0.4071103740646977,-0.6982208754395988,-0.2449265049874135,0.4771785356846403,-0.3848394158205698,-0.9964372474350444,-2.121381784072251,-0.7442888056406681,-0.143546954489105,0.2960845576517052,-0.0729035173892399,-0.2793997169187422,-0.0457982966226229,0.14482903284639165,1.2574799506602805,0.9137766818862378,1.0907134100703466,-0.04105113997265713,-0.13091892326501972,-0.6074639313568407,0.1214125614007174,0.1985745859033852,0.1531345390770832,0.4102915192610651,-1.1361437003577533,-1.7916508596868566,1.8762588731631784,-0.1548151723018571,-0.3639889682528505
ES_002,43.0638,-8.1265,True,-1.4672498369094265,-0.9076153366696804,0.258568794682718,0.3636567929194844,-0.587393680048796,2.759759777755498,-0.1491206341669001,1.0553767359900377,0.162084505643822,0.197555176848671,0.0177663345741066,-0.0757812049334759,-0.3795731803547205,-0.1770092644638533,-0.2105942361485082,-0.2478851614902459,-0.1696308138495673,-0.2589091609812456,-0.3138589574973467,-1.680648811839556,2.069562285635382,-0.4996570815392762,-0.8646157247300631,-0.6420043641948351,-0.6185677000086734,0.414895606536231,-0.0170941953476345,1.6587234713949055,0.9529588649762908,0.3486946066624853,-0.1946182417651282,2.612027474171187,-0.2873836356318974,-0.756240526305514,-0.4360062373960579,-0.7098622535055418,-0.5468846419569181,-0.7783453774757525,-0.4071103740646977,-0.6982208754395988,-0.2449265049874135,0.3447320938733394,-0.3919474338212998,0.2939565253401415,0.0134073023460597,0.8502276210007597,-0.5123276926863773,-0.2165241304294908,-0.3440817692228807,0.4691532088138875,-0.333268217878238,0.14482903284639165,1.2574799506602805,0.748300367595174,1.108489966236864,0.1036030433365959,0.8259443240031707,-1.0159755748132369,0.609340579809167,-0.2788597522574216,0.0519268855000207,-0.0519088356314422,0.4922194216480044,-1.3396478761135355,1.58470619686972,-0.1548151723018571,-0.4664399764163682
ES_003,43.0611,-8.126,True,0.466314207050283,-0.0851311205125354,0.13443229839052,-0.0353275954900397,0.7851180939581933,2.169796868635435,-0.1867298906009029,0.2929402793070622,0.0298866086708137,0.3812488569439131,0.2264521993485188,-0.2573167779457579,-0.5074263845690787,-0.2859130558742666,-0.5731187397880375,-0.3471319801224494,0.6444090556166873,0.5631425646143166,0.6746581090812939,-0.8079168406349833,0.6564211622037812,0.0665142400441255,0.4417929624305545,1.766945205740384,1.4185740912211808,0.0866395851958649,-2.028591991067791,-0.0979873590352439,-0.3092429451028569,0.3611564726599224,-0.1391749553183523,0.5671792085278956,-0.272171429271789,-0.3820544624225545,1.0075857350239468,0.4677386941703182,3.207191168108213,2.164515237008541,2.678277847644642,1.9324000285053688,-0.2449265049874135,-0.273351301246065,-0.7403607907384376,-0.9964372474350444,-1.0024684868989542,-0.5284895900049862,-0.6190060820557757,0.8923844601135047,2.083351787514934,-1.0629317513304668,-1.3382573243471336,0.14482903284639165,1.2574799506602805,0.8763667924120371,1.1024874927260917,0.1283777956354536,-1.5455074494463934,-0.7887293593044417,0.3032086570456407,0.0388292449977095,0.145318758770934,0.3763752463385326,-0.7551841874503235,-1.9296291041397131,1.5139353464023295,-0.1548151723018571,-0.6318373231193709
ES_004,43.0791,-8.1212,True,-2.24067545449331,-0.7197135546409984,0.0652288204241703,0.3764801125972494,0.7172753066498629,1.4968704254203924,-0.1172974171842826,-0.0263707153721325,-0.0494321295129912,-0.2552711043163439,-0.164833797103504,0.0654131296316322,-0.7071970161540132,-0.3762800317254606,0.4831254930382453,-0.9178011872576196,0.5093129966658557,0.4267168776826587,0.6968818971109785,0.3228326625682131,1.7824089888498538,-1.6482427398708548,-0.8646157247300631,-0.6420043641948351,-0.6185677000086734,-7.908265851125122,-1.989873434503412,1.3684820942339455,-0.4263883966797731,0.6653252482805956,-0.1807574201534342,1.4435427509464491,-0.2949897388119517,-1.1304265901884734,-0.4360062373960579,-0.7098622535055418,-0.5468846419569181,-0.7783453774757525,-0.4071103740646977,-0.6982208754395988,-0.2449265049874135,-3.5035728543105717,-2.416648290097032,0.2939565253401415,0.3709536247678549,1.401714505403058,2.1108976982910908,-0.2897539430125188,-0.1017945198405703,1.168735382395785,2.182073668661398,0.14482903284639165,1.2574799506602805,-0.33732097382186643,1.2649698333753783,-0.07457380614119793,-0.023088260734698815,-0.624019815912478,-0.0481166954294148,0.4634020067118445,0.381961663893801,0.6983480297768638,-1.0581275518204347,-1.983479616630208,1.6927553777388082,-0.05358476465864,-0.2344299157311992
ES_005,43.0798,-8.1212,True,-3.014101072077194,-0.3541709741536985,0.2792664461510199,0.0294959675114016,0.2475944714383459,2.096051504995448,-0.1664787525210549,0.4297878484552885,0.1092053468546187,-0.2253674819752581,-0.6343769928459315,0.0452425104080453,-0.7151878414174107,-0.4087194589540944,-0.076325901467201,-0.8102838004060661,0.7454144484279843,0.665142061898677,0.9941604805628568,-0.6877127487239056,0.635173500091584,-0.1167951954287498,0.6262570248381034,-0.6420043641948351,-0.6185677000086734,0.6899753080302369,-1.0435268625647705,0.8757832145979454,0.6065051081350867,-0.0043123867937486,-0.1668965985417403,0.2750580277217112,-0.241747016551572,-0.3820544624225545,2.23992034562639,0.7032588837054903,-0.3591808514536615,-0.1897732545788937,-0.4071103740646977,-0.6982208754395988,-0.2449265049874135,0.4477459930599068,-0.5373606156328439,1.5843502981153277,-0.2648556681668472,0.0709526756496859,-0.3547018305291739,-0.342060952000396,-0.3042877764894739,-0.3073830038620181,0.0923976677403481,0.14482903284639165,1.2574799506602805,0.0077132251134303265,1.2487169820231334,0.04514056989052406,0.10588497355425709,-0.624019815912478,-0.0481166954294148,0.4634020067118445,0.381961663893801,0.6983480297768638,-1.0581275518204347,-1.983479616630208,0.9747813732908632,-0.05358476465864,-0.5450055650611415
ES_006,43.0799,-8.1219,False,0.2729578026543121,-0.296185320439177,0.0576933306011678,0.1354916762218565,0.4563415093101315,1.9577789481704373,-0.1722647919724402,0.136543057423375,0.0298866086708137,1.0348566023990764,-0.6343769928459315,0.0049012719608715,0.1971965963320389,-0.4133536628438992,0.2817229910162847,0.0002318850902626,0.5388618860870142,0.4565565900225747,0.733197716334446,-1.015695940425225,1.297387599117792,-1.6482427398708548,-0.8646157247300631,-0.6420043641948351,-0.6185677000086734,0.5699387316529327,-0.3168027254413312,0.2460137673307695,0.953079057542467,0.4793558158201507,-0.0837316688715765,0.8593003893340802,-0.3102019451720602,-1.5046126540714329,-0.4360062373960579,-0.7098622535055418,-0.5468846419569181,-0.7783453774757525,-0.4071103740646977,-0.6982208754395988,-0.2449265049874135,0.2270019233744052,-0.6995198059545822,0.2939565253401415,-1.1135268786779415,-0.1568353852990894,-0.6182468052631109,0.3065459594492806,-0.1047028380474227,0.4971364957571634,0.2910842531826128,0.14482903284639165,1.2574799506602805,0.5958062724797963,1.255042665646024,-0.019858080711009377,-1.4242343063529261,-0.624019815912478,-0.0481166954294148,0.4634020067118445,0.381961663893801,0.6983480297768638,-1.0581275518204347,-1.983479616630208,0.9747813732908632,-0.05358476465864,-0.5450055650611415
ES_007,43.0614,-8.1247,True,0.2729578026543121,-0.5801521901465706,0.3186673352876025,0.1357824324290254,0.5972457598735869,1.7826337095254323,-0.1317625158127452,0.5210195612207728,-0.205425647941141,1.8977897042418408,-0.1909195302003055,-0.1968049202749973,0.5513579628310744,-0.32762089088251,-0.0942283460913752,-0.297508570806348,0.8028914536682019,0.7231847611718293,0.9973835851078868,-0.8693818596965119,-0.5380012661111249,0.8607931773468993,1.831266021449658,2.900297812742402,2.3352327539013165,0.6440193741284588,-0.1371379218898074,-1.7525200543167851,1.3386518568996608,0.7704304969170257,6.721931742470155,1.7356639317526334,-0.2037165006513008,0.3663176653433644,3.084949792896636,2.5874203999868666,4.52111770163101,3.9302316056991176,12.82758120853063,2.984648390083356,2.1593979017697653,0.4992529426531905,-0.5224217303431741,-0.9964372474350444,-0.4511869699293702,-1.1399207009727517,0.4168752461767518,-0.3525223537979714,-0.3691291793303534,0.7279986130391894,0.2168059147822154,0.14482903284639165,1.2574799506602805,0.43982910753076465,1.1184633068393777,-0.03634707308046893,1.2089942218594354,-0.7887293593044417,0.3032086570456407,0.0388292449977095,0.145318758770934,0.3763752463385326,-0.7551841874503235,-1.9296291041397131,1.5139353464023295,-0.1548151723018571,-0.6318373231193709
ES_008,43.0612,-8.1256,True,0.466314207050283,-0.7592183573973507,0.2872950919428571,0.2594507392116521,0.9260223445216486,1.2111071413153798,-0.1028323185558208,0.3059733811307027,-0.1895619003043801,1.2783575271764904,-0.1387480640067025,-0.237146158722171,1.1067203186371923,-0.4295733764582161,0.2817229910162847,-0.4132965258772518,1.1347206177679567,1.0582798187763074,1.2621723199288857,-0.2669259003083454,-0.7881406515819491,1.3911116104870798,0.1985446861133999,-0.6420043641948351,0.7111922635280368,0.645511562848366,-1.0262213047419055,-0.933221753318488,1.7737835704856868,0.8085107891162566,7.193199677267751,1.7356639317526334,0.3287107219524959,1.8630619208752024,1.0075857350239468,-0.0033016849000257,-0.3591808514536615,-0.1897732545788937,2.9218611283059057,1.4062758477163753,1.6785330204183293,0.8303690471814429,-0.727469978432029,-0.9964372474350444,-0.0581636612448431,-1.7633406572536108,-1.280336168466779,1.101612496065013,-0.1989349103443341,1.1337562737166895,0.7384279371326453,0.14482903284639165,1.2574799506602805,1.169774182075127,1.1042882347793235,0.11098100088329098,1.6406836877476307,-0.7887293593044417,0.3032086570456407,0.0388292449977095,0.145318758770934,0.3763752463385326,-0.7551841874503235,-1.9296291041397131,1.5139353464023295,-0.1548151723018571,-0.6318373231193709
ES_009,43.009,-8.0728,True,0.466314207050283,-0.0430372080617922,0.3268179671369721,-0.1809964552818015,0.9260223445216486,2.750541607300508,-0.0565440029447414,1.1075091432845998,0.955271887481872,0.8725226525474674,-0.1387480640067025,0.1460956065259797,0.0199680828151484,-0.339206400607022,1.1320891106645632,-0.620060731361009,0.4468811508951069,0.3636705718775011,0.5020354753824146,-0.3929005345061716,0.0826466151122304,1.913738688343591,1.6732790686672117,2.713784336688109,1.846836187805728,0.2399971329266793,-0.3656428629738979,0.3950020547539815,1.114562220734736,0.1361832147697799,4.185401387530162,1.4435427509464491,0.0701032138306517,1.8630619208752024,1.2540526571444353,1.6453396418461783,3.582598749114726,3.341659482802259,2.678277847644642,1.9324000285053688,3.121127664472637,0.4403878574037234,0.0404369154095464,1.5843502981153277,-1.2060755384937645,-0.7203111150144812,-0.0522059563315348,0.8296160493280521,-0.0479329791286443,1.1477479171883276,1.5820290229354417,0.035443556982925055,1.3153875880777752,-0.7467010540011457,1.3917605430721496,-0.6172745760189066,-1.116383667320137,-1.0332563335957503,0.7984268128691329,-0.5519220419231711,0.1545203275719872,0.1081675489342818,-0.7496180882180239,-1.4824834397330466,1.5834872968876086,-0.05358476465864,-0.708098282841044
ES_010,43.0886,-8.1294,True,0.466314207050283,-0.7699923945127192,0.2726085760633316,0.274957736927342,0.7851180939581933,1.672015664065424,-0.1520136538925923,0.5731519685153351,0.241403243827627,0.1420198782152258,0.0829806673161104,0.0452425104080453,0.9109450996839564,-0.1955460800230725,0.6397718834997703,0.8934532527800939,0.4100038335615225,0.3264303045558464,0.4819412569318498,-1.8445158727044395,-0.873972422207449,0.5937561679345468,1.565486563504098,1.544768665212204,-0.3663547967116551,0.1552098193732817,-0.0170941953476345,1.2556609737082327,0.5744440782959894,-1.317593354236868,5.7655350512632735,0.5671792085278956,-0.2645653260917347,-0.0078683985395949,1.1132144159327275,1.4098194523110064,1.5178570535789042,1.5759431141116824,2.5158889938704663,0.3540274861383882,0.2359383763640222,0.5434017565902909,-0.1362997355577568,0.2939565253401415,0.0134073023460597,0.5145399522341433,-0.2345083142503429,0.0659337181050458,-0.3549719475304775,-0.9160194948782684,-0.2576350170821252,0.14482903284639165,1.2574799506602805,0.24266591977636703,1.3969319048660456,-0.33133333096533535,1.688654475652042,-0.9069262334726926,0.2433022005787972,0.2025470491413017,0.2930745426781815,0.7339040385905379,-1.305282798167661,-1.516083572316906,1.706806687848856,-0.1056629417991999,0.0292757152962151
ES_011,43.0817,-8.1325,True,0.2729578026543121,-0.6484712782114672,0.1734938170648593,0.266913481862328,0.6807445750223005,1.607488470880401,-0.1144043974585903,0.1886754647179373,-0.1313948256362564,1.4620512072717322,-0.0344051316194964,-0.2774873971693448,0.4035276954582227,-0.2673762403150473,0.057942433214106,-0.9674245965737212,0.4021444698403398,0.3184935882457256,0.7636992957002453,-0.277671878717503,-0.5950999025774399,-0.9683634453286124,-0.8646157247300631,-0.6420043641948351,-0.6185677000086734,0.2328158095868897,-0.53465196039586,0.9200823905194369,0.8231433953707047,0.911555159284844,5.003189862620106,0.2750580277217112,0.0548910074705433,-0.756240526305514,-0.400796677093131,-0.4743420639703698,-0.5468846419569181,-0.7783453774757525,-0.4071103740646977,-0.6982208754395988,-0.2449265049874135,0.0062578536889036,-0.71602486470204,0.2939565253401415,0.2851918666718592,0.4665845709817695,-0.8775398299581254,0.097317923497772,-0.1414219569057433,0.5251197827004394,-0.2876810831518138,0.14482903284639165,1.2574799506602805,-0.38135485350840115,1.2537498251975503,0.778463334637991,1.0853702152874136,-0.7511982065906974,0.050310256298959,0.3950418451545057,0.352187044020314,0.3995150179986764,-0.4496987793377748,-1.0729181236159024,1.7948373333942669,-0.1056629417991999,0.0407659116046789
ES_012,43.0819,-8.1265,True,0.466314207050283,-0.9697950379790484,-0.012468088938305,0.5705473155468518,0.9260223445216486,0.5842715503753222,-0.0131487070593534,0.4037216448080072,-0.3244037552168486,-0.836255766943156,-0.6343769928459315,-0.3178286356165186,-0.6672428898370263,-0.3716458278356558,-0.8282285756825211,-1.108024256302676,0.3935627421563891,0.3098273983995104,0.3901924319842337,-0.0422738075964461,-0.1890007949585126,0.755665635043073,0.742888379050949,1.9950835922545505,-0.6185677000086734,0.8617244511015718,-1.0748838472185598,-0.2957721869952233,-1.2708439779576874,0.0495032641852664,3.603246879839016,2.027785112558818,-0.272171429271789,-0.0078683985395949,3.61309319744054,0.9387790732406625,0.767041891565878,1.5759431141116824,-0.3259159471776098,-0.1720966946506053,-0.2449265049874135,1.4337361709884806,-0.0283542418517556,-2.28683102021023,-0.0180592419913199,-0.3246792196823976,0.0078528379682474,-0.0072960944779822,0.0169852955591123,-0.4962701907291303,-0.2039984057693919,0.14482903284639165,1.2574799506602805,-0.11855328444666544,1.322085677474033,-0.22110961620732625,-1.6309380309176975,-0.9102171107582387,0.2662783802687201,0.1701105521705837,0.2599329452744425,0.6318214654461873,-0.6949371080722325,-1.9916829490000043,1.6705551215887158,-0.1056629417991999,-0.354801297784059
ES_013,42.9415,-8.0374,True,0.2729578026543121,-0.093265748598839,-0.0964361276971242,0.1148901882983275,0.4041547498421851,2.077615164085437,-0.1577996933439775,-0.3717479136986085,0.241403243827627,0.8554348683525609,0.330795131735725,0.0250718911844584,0.9828625270545328,-0.1793263664087557,0.3936132699173739,-0.0411209560064886,0.0604197215460945,-0.0265944468135184,0.2027854179487872,-0.5262254325132788,0.1973846602917701,-0.0139690656236324,-0.8646157247300631,-0.6420043641948351,-0.6185677000086734,0.1331416116316381,-0.3261488154319039,1.8064423395372635,0.1606293667816362,0.0853317765029191,0.1241806553038328,0.2750580277217112,1.1805942781185708,0.3663176653433644,-0.4360062373960579,-0.7098622535055418,-0.5468846419569181,-0.7783453774757525,-0.4071103740646977,-0.6982208754395988,-0.2449265049874135,-0.369007064776449,-1.1870816508521125,0.2939565253401415,-0.6908879988523511,2.5526436554600287,2.566387846210678,0.0659337181050458,-0.2134636894041163,0.0563997264005683,-0.0312733747626739,0.04255031195173838,1.3292901921877773,0.10390572701958847,1.1451974003988936,-0.623101016766073,-0.17140545356055098,-0.983084336518078,0.4916543153227408,-0.1227264815424295,0.003176691740452,-0.0007917683092871,-0.3080334106203764,-1.286552666603416,2.447173696185029,-0.1056629417991999,0.1781326613524987
ES_014,42.9444,-8.0403,True,0.0796013982583411,0.0692967448077506,0.0937560318969658,-0.0992939610672601,0.3676240182146226,2.6675780732055,-0.1751578116981324,-0.3065824045804055,0.0563261880654153,-0.6653779249940937,0.435138064122931,-0.237146158722171,0.2556974280853711,-0.2696933422599498,0.2593449352360668,-0.4629199351933539,0.0998000714555562,0.0131734881634942,0.1668936999390454,0.1097089200696237,0.7565722996809116,-0.0507448217272058,0.6888201156,-0.2931100383334916,0.7587261763467392,0.3039642076297993,0.7087294755994274,-0.5650449284552472,-0.7059793201671719,0.6949803219477183,-0.3193656362703738,0.2750580277217112,-0.051594437050216,-0.0078683985395949,-0.0134915137609346,0.2322185046351462,3.770302539617983,0.398798868317965,-0.2447215202905219,0.3540274861383882,-0.2449265049874135,0.1607787024687547,-0.6447037349320035,0.2939565253401415,-0.5785956249424862,0.0949303662758728,-0.0023973987327267,-0.4466749699761502,-0.2818155732523859,1.3296392823196208,0.6240616113766687,0.04255031195173838,1.3292901921877773,0.9934373818584475,1.1568791373083196,0.0036787592477989075,1.0018790961859172,-0.9371144518565592,1.0040071921769929,-0.920551922772783,0.2429226942101486,-0.0262556956867057,-0.567246944994409,-1.4593707485319245,1.7055877878667447,-0.1056629417991999,-0.3947718003873769
ES_015,43.0611,-8.1274,True,0.0796013982583411,-0.6590782759917139,0.2674567615925033,0.2138504740539518,0.9260223445216486,0.851598493570352,-0.0854742002016659,-0.1827679372558197,-0.3561312504903706,-0.4603245146552188,-0.6343769928459315,-0.3985111125108661,-0.7191832540491093,-0.4040852550642895,-0.7767590473880199,-1.124565392741377,0.4961718070791031,0.4134463512854055,0.4810164352245463,1.0116191160511254,0.9807489348419692,-0.4996570815392762,1.3874713208682063,-0.6420043641948351,0.6461955289172611,1.019045651077365,1.1761905454359896,0.9389102124362178,0.4241110124001778,-1.4119486435051076,1.5657061029200046,2.027785112558818,-0.2873836356318974,-0.756240526305514,1.1484239762356545,1.6453396418461783,0.5793381010626214,-0.1897732545788937,-0.163527093403434,0.3540274861383882,-0.2449265049874135,1.5367500701750478,-0.4166447845018023,0.2939565253401415,0.3027761120368655,0.478573416294863,-0.2367102169490707,-0.1642171214416136,-0.1680452398741977,-1.0909150382737427,0.6693299549511598,0.14482903284639165,1.2574799506602805,1.3214425293972196,1.1725779141826467,0.9366355207005846,-1.2907660589644587,-0.7887293593044417,0.3032086570456407,0.0388292449977095,0.145318758770934,0.3763752463385326,-0.7551841874503235,-1.9296291041397131,1.5408193725891046,-0.1548151723018571,-0.3787059955675593
ES_016,43.0623,-8.1264,True,0.466314207050283,-0.5351350893311928,0.3891010973066871,0.0652740521904983,0.8738355850537022,1.4599977436003986,-0.1549066736182854,0.5210195612207728,-0.1313948256362564,-0.5671231658733827,-0.6343769928459315,-0.2573167779457579,-0.7271740793125067,-0.299815667543681,-0.6559175461748435,-1.2651650524703315,0.8331355936082154,0.7537265667508893,0.8940610046230898,0.2479517750122578,1.4530882809010903,-0.8352079819946038,2.140210528183312,2.455793622851268,0.2767042008213207,1.426812422696401,-1.4756193587043975,0.4601078156511898,-3.819377396444978,-0.1698000002377762,-0.1253141337066584,1.1514215701402646,-0.2189287070114093,-0.756240526305514,3.084949792896636,3.2939809685923827,4.708821492134266,3.341659482802259,0.0800561872578296,0.3540274861383882,2.1593979017697653,2.162191600950636,-0.0916035545701157,1.5843502981153277,0.9475317754204304,-0.3966122915609583,0.0222790970288778,-0.1328329160488873,1.75364843625882,-0.8950320296708116,0.1944108363589196,0.14482903284639165,1.2574799506602805,1.268477329048172,1.1392872726344412,-0.6712640595429328,0.6853515416501715,-0.7887293593044417,0.3032086570456407,0.0388292449977095,0.0519268855000207,0.3763752463385326,-0.7551841874503235,-1.9296291041397131,1.5139353464023295,-0.1548151723018571,-0.6318373231193709
ES_017,43.0646,-8.1224,False,0.466314207050283,-1.432124094040322,0.0697183040829735,0.787002064010529,0.3363119625338547,0.7041077662903501,-0.0970462791044355,-0.0198541644603122,0.0563261880654153,-0.5115878672399375,0.0308092011225073,-0.6607291624174956,-0.3795731803547205,-0.3044498714334859,-0.0539478456869832,-1.455388121515388,0.3564953902061283,0.2723952261228021,0.5004569040207724,0.7444316860524942,1.3510813018887562,-1.6482427398708548,1.6024673716512436,-0.6420043641948351,1.564391446487536,1.1975729037800935,-1.0989168584882305,1.1410177835589037,0.1909734769404753,0.3197565535882387,0.0132940824102811,0.8593003893340802,-0.3102019451720602,-1.5046126540714329,0.3033945289654078,1.1742992627758344,-0.5468846419569181,-0.7783453774757525,-0.163527093403434,0.8801516669273817,-0.2449265049874135,1.9340893956089509,0.0815188499561384,0.2939565253401415,-0.2626961994378113,-0.1568353852990894,-1.197347215028521,-0.0596031034658593,-0.2686320515129539,-0.4542952603142164,-0.5620008693901912,0.14482903284639165,1.2574799506602805,-0.6411721996710478,1.180057919634532,-0.5645064993370624,-0.40313574113968925,-0.9550798452980748,0.5517999122295391,-0.2304980366621787,0.1531345390770832,-0.0337122024078747,-0.2295280397533949,-1.418314186525497,2.107755943485605,-0.1548151723018571,-0.2569420217715091
ES_018,43.0104,-8.0721,False,-0.3071114105336007,-0.3717706195818809,0.3310470685682496,0.0070743513887998,0.9260223445216486,1.2111071413153798,-0.1404415749898227,0.5079864593971322,0.5322386171682454,-0.14847245309818,0.1481950000581143,0.0452425104080453,-0.723178666680808,-0.3948168472846799,0.1922107678954132,-1.132835960960727,0.5010795864662241,0.4184024334938487,0.6158513332223929,0.6226927500656991,0.5912768788830952,-0.4996570815392762,0.0908658264321849,-0.6420043641948351,-0.6185677000086734,0.9369458731044524,-0.3054247912736836,1.0144943283735797,-0.3808928391666681,0.2152547012261353,-0.0975924904832704,0.2750580277217112,-0.2873836356318974,-0.756240526305514,-0.365587116790204,-0.2388218744351977,-0.5468846419569181,-0.7783453774757525,-0.4071103740646977,-0.6982208754395988,-0.2449265049874135,1.235066508271529,-0.1736469487819313,0.2939565253401415,-1.6166830925432978,0.8622164663138532,-0.0269979668150648,-0.56175038974948,-0.4046952204855167,-0.580220051558958,-0.6266357754446142,0.035443556982925055,1.3153875880777752,0.5687082099155533,1.3399084065137103,0.35532839131119853,-0.6266268602084293,-1.0332563335957503,0.7984268128691329,-0.5519220419231711,0.1545203275719872,0.1081675489342818,-0.7496180882180239,-1.4824834397330466,1.8426378546053963,-0.05358476465864,-0.3814466637880492
ES_019,43.0626,-8.1228,False,0.466314207050283,-0.6278419203239006,0.1432749650195537,0.2739885495701116,0.701619278809479,1.9209062663504428,-0.1549066736182848,0.8403305558999676,0.003447029276212,-0.5756670579708358,-0.0474479981678971,0.1864368449731535,-0.4634768456203931,-0.2974985655987787,-0.1412222632298329,-1.3726824393218855,0.1594124452252336,0.073372572461837,0.2060835455074821,0.1835360267472548,0.6182121042136567,-1.6482427398708548,0.0908658264321849,-0.6420043641948351,-0.6185677000086734,0.7086580705893434,-1.1405784284425864,0.220329191393174,-0.234382929458971,0.3446121185482532,0.4291187307610998,0.2750580277217112,-0.272171429271789,-1.1304265901884734,-0.365587116790204,-0.2388218744351977,-0.5468846419569181,-0.7783453774757525,-0.4071103740646977,-0.6982208754395988,-0.2449265049874135,0.91130853939946,-0.5696478838395496,0.2939565253401415,-0.2090179767446341,-0.0669190454508886,-0.2684479868824575,-0.3629837555955468,-0.2787214814155804,0.3012534871542323,-0.0157920794469259,0.14482903284639165,1.2574799506602805,0.8377651888344774,1.1184633068393777,0.8389229733260096,-0.10692592953863758,-0.6074639313568407,0.1214125614007174,0.1985745859033852,0.4994083870497437,0.4102915192610651,-1.1361437003577533,-1.7916508596868566,1.8762588731631784,-0.1548151723018571,-0.3639889682528505
ES_020,43.0753,-8.1219,True,0.466314207050283,-1.0551285395659666,0.0786081594976646,0.5626610039212508,0.9260223445216486,1.1465799481303844,-0.0999392988301277,0.24732442292432,0.0563261880654153,-0.5286756514348437,-0.6343769928459315,-0.0152693472627153,-0.4434997824618996,-0.3438406044968269,0.1026985447745418,-1.422305848637987,-0.0805447353538937,-0.1689462890129138,-0.0153960013238033,-0.2084770937025534,1.5065987532014795,-0.7452698357325781,2.9027755178716355,0.5997205374243119,1.5254060507674518,0.7157659843385404,0.1586067247943684,0.6300062464236137,-0.6641062459241928,0.1934800805088888,0.3875362659260179,2.027785112558818,-0.272171429271789,-0.756240526305514,8.57764120015324,6.120223243014447,0.0162267295528516,0.398798868317965,0.7296116023545328,0.8801516669273817,0.7168032577154579,0.8487643863219013,-0.483689055983264,1.5843502981153277,0.4016489302734361,0.3946514991032089,-0.6612977994072027,-1.0429748724379495,-0.2574536037795678,-1.3077855120841309,-1.314108894588206,0.14482903284639165,1.2574799506602805,0.22815913142482644,1.2745276181194538,-0.053314724888081026,0.9685789123515526,-0.6002453125634688,0.1224315726577572,0.1925385637221239,0.1850703042502459,0.2475993427444598,-0.6436747276661472,-1.5853922458042622,2.2997932685287084,-0.05358476465864,0.1749180983329166
ES_021,43.0101,-8.0711,False,0.466314207050283,-0.3554471968711596,0.4498613442335409,-0.0772759029825207,0.9260223445216486,0.9161256867553664,-0.0941532593787427,0.1300265065115546,1.1667885226386854,-0.0886652084160083,-0.0996194643615002,0.8318966601279338,-0.6272887635200394,-0.378597133670363,0.8411743855217311,-0.8102838004060661,0.4889437164456077,0.4061471211114315,0.5366380601959208,1.2969000975973313,1.2337145881433509,-0.4996570815392762,-0.8646157247300631,-0.6420043641948351,-0.6185677000086734,0.2358464121445432,0.2392106862926069,0.8710903745018747,0.3610856851693697,0.9358694248000377,0.747917627830061,1.1514215701402646,-0.2873836356318974,-0.756240526305514,-0.4360062373960579,-0.7098622535055418,-0.1714770609504049,-0.1897732545788937,-0.4071103740646977,-0.6982208754395988,-0.2449265049874135,-0.0967560454976637,-0.6167535624545567,0.2939565253401415,-0.4963815654727637,1.036054723353708,-0.3629779475692197,-0.5879038942434186,-0.3031475107607961,-1.4686894120079672,-1.282707966122802,0.035443556982925055,1.3153875880777752,1.06855254789998,1.3213930843766364,1.3729913678191064,0.12849278177409437,-1.0332563335957503,0.7984268128691329,-0.5519220419231711,0.1545203275719872,0.1081675489342818,-0.7496180882180239,-1.4824834397330466,1.8426378546053963,-0.05358476465864,-0.3814466637880492
ES_022,43.0916,-8.1273,True,0.3116290835335063,-0.291508219055761,0.2772990340143841,-0.0056220029909212,0.7172753066498629,0.7409804481103526,0.0071024310204939,0.0909272010406328,-0.2318652273357427,-0.6354743026530077,-0.2039623967487063,-0.2774873971693448,-0.7071970161540132,-0.4782325173011667,-0.4455638218407957,-1.3147884617864332,0.3323798408900492,0.2480423293267694,0.3293725693178455,-0.0237614790119307,1.0583723521729893,0.2553538114511893,2.942662301347351,1.489911905951793,-0.6185677000086734,0.3424270101658494,-0.1342033324019259,0.3751937089867599,0.184105344873113,-1.0870659559345233,0.041015725633669,0.8593003893340802,-0.272171429271789,-0.3820544624225545,2.486387267746878,4.9426222953385865,1.8932646345854172,0.9873709912148236,0.1612506141449175,-0.1720966946506053,-0.2449265049874135,-0.0820397741852969,-0.7275302158727132,-0.3512403610474514,-0.262850447204171,-0.3186847970258509,-0.5760310155909505,-0.8389775373852288,-0.3864445628394324,-1.6470828662713508,0.0681296912994458,0.14482903284639165,1.2574799506602805,1.4286645588103133,1.448460831312367,0.04591632829028838,-0.3353194096027419,-0.9924482413238804,0.6111041236947449,-0.2961951069172246,0.2659040694882487,0.4462450978198963,-0.7527910579062778,-1.2220943122550925,1.5598756989660605,-0.05358476465864,-0.2344299157311992
ES_023,43.0616,-8.1337,True,0.466314207050283,-1.3552147051126329,-0.0078192952069769,0.7912438421240918,0.6650885471819166,2.179015039090463,-0.1520136538925923,0.136543057423375,-0.3429114607930698,-0.554307327727203,-0.164833797103504,-0.2774873971693448,0.063917621763834,-0.3322550947723148,-0.2396857086627913,-1.3478707346638343,-0.3063676348889171,-0.3969917585345448,-0.4009669368751263,0.0512367344792024,0.8984848118416062,1.4448170300420202,1.3213194127229697,-0.6420043641948351,0.6461955289172611,-0.0184405848048195,0.6980325656443883,0.5376075230456443,-0.94451224700116,0.116826611764168,-0.0421492040364946,0.5671792085278956,-0.1961103974712466,1.1146897931092834,0.0217180465419923,0.7032588837054903,-0.5468846419569181,-0.7783453774757525,-0.163527093403434,0.3540274861383882,-0.2449265049874135,-0.2659931655898816,-0.4249575513162154,0.9391534117277344,0.6822256172817387,0.4366124576990359,-0.3898563460295521,-1.1946651985027934,1.1600824705968742,-1.171366988235661,-0.9853953680512544,0.14482903284639165,1.2574799506602805,1.399321902877618,0.9901488923283329,-0.30499055636908157,1.488219044827933,-0.8059359334087512,0.0368022804705478,0.4494915087205255,0.0368523124900731,0.0079518943925911,0.0259167113870299,-1.4087871489324482,1.5292061683920704,-0.1056629417991999,-0.1246394969181307
ES_024,43.0307,-8.1075,True,0.466314207050283,-0.1590460263040182,0.114824646300054,0.0199160838721052,0.8373048534261397,1.3309433572303986,-0.1230834566356675,0.3124899320425231,-0.2212893955779021,-0.7166412775788124,0.2134093328001181,-0.0556105857098891,-0.7032016035223145,-0.3924997453397774,-0.4321369883726649,-1.331329598225134,0.4305947682607176,0.3472238971500241,0.4912282872597539,0.5780776684515995,0.5157243698406072,-1.6482427398708548,3.24569839284327,0.5496822519944169,1.0727499096720965,0.1758004585222513,0.5716600836432552,0.4278440728209289,-3.1037364175720485,-0.9941291210446068,0.3182321578675482,0.2750580277217112,-0.3025958419920059,-1.1304265901884734,3.5074645165317597,5.413662674408931,1.3301532630756476,0.398798868317965,2.75947227453173,0.8801516669273817,-0.2449265049874135,0.0651229389383707,0.047785883173013,-0.9964372474350444,0.436663173237089,0.0769470983062326,-0.2162477073867555,-1.3045099173773356,-0.2854477680173314,-2.3886399702681618,-0.7569815076912343,0.14482903284639165,1.2574799506602805,1.3234097435385919,1.2500098224716076,-0.24595039049765324,0.5891546134290233,-0.6455125784015725,0.1625518221055689,0.1605710829367064,0.2839381088591123,0.712946752529812,-1.4955680256527402,-1.9200439663174047,1.3662342844133657,-0.1056629417991999,-0.3180677910902211
ES_025,43.0617,-8.1234,True,0.466314207050283,-1.4327209566092387,0.2577682746772145,0.6688354789058647,0.3363119625338547,1.1557981185853847,-0.1838368708752095,0.2082251174533983,-0.2741685543671054,-0.7251851696762655,-0.6343769928459315,-0.3379992548401054,-0.7191832540491093,-0.3299379928274124,-0.8573200481968042,-1.480199826173439,0.8618558621457809,0.7827295028433854,0.9738970189653356,0.4951433496694657,1.6208369007514616,-0.6335126451499751,1.8753244245083736,0.7102013799351834,-0.6185677000086734,-0.4764634196139095,0.2095840898957176,0.4866603888241489,0.6147590304090959,-0.5757718042810616,0.8726650223353065,1.7356639317526334,-0.2797775324518432,-0.756240526305514,0.4442327701771156,1.4098194523110064,-0.1714770609504049,0.398798868317965,-0.4071103740646977,-0.6982208754395988,2.1593979017697653,-0.8325696111160024,-0.6080191335553546,0.2939565253401415,-0.0530734849549728,0.196835551437167,0.3374928575036515,-0.8285161355876535,-0.4122094435177586,-0.552236764615682,0.0450173327843006,0.14482903284639165,1.2574799506602805,1.1675051909526701,1.1126916976944046,0.9679299446570365,-1.3735620520546243,-0.6074639313568407,0.1214125614007174,0.1985745859033852,0.145318758770934,0.4102915192610651,-1.1361437003577533,-1.7916508596868566,1.8762588731631784,-0.1548151723018571,-0.3639889682528505
ES_026,43.0623,-8.1204,False,0.466314207050283,-0.746356328592957,0.3133617353101821,0.2355602708559176,0.3676240182146226,1.0451800731253762,-0.1635857327953622,0.8794298613708893,-0.0229925501183896,-0.5414914895810234,-0.6343769928459315,-0.0757812049334759,-0.631284176151738,-0.0565199633289279,-0.3851430712342074,-1.447117553296038,1.0437291437039544,0.9663927981591954,1.21218239196692,1.1451940171050423,1.082269679541764,-0.3974631808911456,1.4063437079324883,-0.6420043641948351,-0.6185677000086734,-0.7200437728151569,0.577261739009184,0.7693492094938449,-2.1417376615550188,-0.5058264193271687,0.0964590120804449,1.1514215701402646,-0.2949897388119517,-0.756240526305514,0.7611188129034581,1.1742992627758344,-0.3591808514536615,-0.1897732545788937,-0.3259159471776098,-0.1720966946506053,-0.2449265049874135,-1.1931182582689883,-0.908784674891328,0.9391534117277344,-0.2821314179991341,0.8082666624049326,-0.0291239418345262,-0.6820565104215974,0.0068318057840882,-1.1119025034811996,-0.3309171331327318,0.14482903284639165,1.2574799506602805,1.3444830131108836,1.1192020728099341,0.3065546451132476,1.080517506150002,-0.6074639313568407,0.1214125614007174,0.1985745859033852,0.4994083870497437,0.4102915192610651,-1.1361437003577533,-1.7916508596868566,1.4771707040202011,-0.1548151723018571,-0.1016643620097729
ES_027,43.0322,-8.1205,True,0.466314207050283,-1.302416753244684,-0.1817235136129414,0.8702076306844437,0.8581795572133183,1.4599977436004083,-0.2069810286807493,-0.3261320573158664,-0.2397971011541232,-0.7679046301635309,-0.6343769928459315,-0.0959518241570628,-0.6992061908906158,-0.4643299056317522,-0.8662712705088913,-1.4305764168573378,1.0608550608623089,0.9836872701875282,1.203981849167238,1.2581086511180155,1.2771721962889218,-1.6482427398708548,2.5546213889021603,1.2118029045452317,0.6461955289172611,0.2102357837766713,0.1570823844267464,0.0162527962129214,-0.910520446021621,-0.80275556265366,-0.0837316688715765,0.8593003893340802,-0.2797775324518432,-1.1304265901884734,2.662435069261513,4.236061726733071,0.3916343105593647,0.9873709912148236,-0.163527093403434,0.3540274861383882,-0.2449265049874135,0.3704855686699813,-0.6192835349632911,1.5843502981153277,0.5213451969685668,-0.3486569103085845,-0.4092179042425034,-0.8755924436767428,-0.3870403196527304,-1.258814759933398,0.3428081175837478,0.14482903284639165,1.2574799506602805,1.3479355857520312,1.3492353268919872,-0.2739272093827723,0.21619214916284785,-0.4981737146141883,-0.0680973559727258,0.4148328686384825,-0.0564314200094691,0.1211118582613555,-0.4111682493905891,-1.5035199227415912,1.103747049184306,-0.05358476465864,-0.4186593229895491
ES_028,42.1673,-8.6847,True,0.466314207050283,-1.394134870196058,0.4297773638002419,0.538043645047593,0.3363119625338547,1.6535793231554137,-0.0883672199273581,0.6839333340162802,0.2149636644330253,-0.2125516438290785,0.6829525285425456,0.0452425104080453,-0.6153025256249433,-0.2326197111415111,0.6397718834997703,-0.6448724360190601,0.2085741599887985,0.1230181413958542,0.141496801116063,0.9213340508859176,0.0766916753635963,0.182332964778994,1.7844099908505453,-0.6420043641948351,-0.6185677000086734,0.8006195432756671,0.4259270633293354,0.898686248713807,-0.94412437723601,0.4618833930465825,5.197241365183821,0.2750580277217112,-0.0896249529504872,0.3663176653433644,0.5146518907829695,1.4098194523110064,1.7055608440821608,-0.1897732545788937,-0.3259159471776098,-0.1720966946506053,0.2359383763640222,0.9775317603051106,-0.2462933022470192,1.5843502981153277,1.478761082763253,0.5265287975472368,-0.6418603135149848,-1.6811203820900509,-0.4426571008683514,-0.1744623908814576,0.6144978768186776,0.6330290394153204,0.9335711750062923,-1.4802796511955256,0.8204635834661201,0.09165306288065121,1.3138629990674227,-1.2014984164825615,0.8652124367064365,-0.5471476760871675,-0.3374078660750639,-0.2116254610577886,-0.1728257453041733,0.1372652016859669,0.2294742098314093,-0.2439828263322186,-0.4186593229895491
ES_029,42.3444,-7.8515,False,0.466314207050283,-1.205046342837958,-0.0048204778284349,0.7022239833624595,-0.9005142368564738,3.3589408573305533,-0.2330182062119822,1.1140256941964202,-0.126106909757336,-0.622658464506828,0.1221092669613127,-0.2573167779457579,-0.4195273066717074,-0.0611541672187328,0.0131863216536703,-0.8516366415028174,-0.5730223433588936,-0.666270907453445,-0.7566919359143373,0.5689354722749486,0.5472314976202389,-1.6482427398708548,-0.8646157247300631,-0.6420043641948351,-0.6185677000086734,0.7698173349826355,-0.6360492834515319,0.2687510596926966,-1.4666411241465287,0.7201270293070701,-0.3124352254645268,-0.0170631530844733,-0.0820188497704329,-1.1304265901884734,-0.4360062373960579,-0.7098622535055418,-0.3591808514536615,-0.1897732545788937,-0.4071103740646977,-0.6982208754395988,-0.2449265049874135,0.8671597254623599,-0.2176202804813626,0.2939565253401415,0.3074035450276566,-0.0729134681074353,-0.3580426484168988,-0.5408275861543291,-0.0706614218553229,-0.8320696340484408,-0.7227513077524246,0.277941825582115,0.6226310026902026,-0.8421160227231238,-0.4074116324720636,0.20722455894767414,0.07412805052930506,-0.8463860284077727,-0.0169693542798307,0.5554639054035444,-0.8369088364416315,-0.2116254610577886,-0.1728257453041733,0.1372652016859669,0.9419943711365034,0.4520207467598638,-0.2174345480362392
ES_030,42.441,-8.6361,False,0.466314207050283,-1.2970495968681208,-0.3728387899302672,0.9875382371877248,0.8894916128940861,2.778196118665509,-0.2214461273092117,-0.2023175899912807,0.1277130524308399,-0.0673054781723755,-0.0344051316194964,-0.3985111125108661,-0.3675869424596245,0.4022662217617493,0.0803204889943239,-0.7110369817738625,-0.1873927976388419,-0.2768459598674565,-0.2805008826297897,0.2334474932775596,1.2187978744592556,0.3752915982113103,1.6255974895191134,1.7391813359649573,-0.6185677000086734,0.3655568248082378,1.102828678946285,0.3275004470070817,-0.0010961724821159,0.0281196516492941,0.9419691303937764,1.7356639317526334,0.2146191742516823,0.3663176653433644,0.0921371671478461,0.9387790732406625,1.3301532630756476,1.5759431141116824,-0.4071103740646977,-0.6982208754395988,-0.2449265049874135,0.0430485319698205,-0.707712097887627,0.2939565253401415,-1.3637167557133822,0.6344284053650777,-0.4310850758712484,-0.9174380508670446,-0.4137789103915005,-0.1114999952590869,-0.4897946734773586,0.6608725699360123,0.7529919387486061,-1.3701570483256458,-0.9886357598074473,-0.34707957593076516,-1.2935394698872185,-0.7663291833196776,1.0625889340096846,-1.1151108390892186,-0.3426382886347696,-0.2116254610577886,-0.1728257453041733,0.1372652016859669,-0.3957856849832331,-0.5147946725960292,-0.3419356849137328
ES_031,43.4283,-7.4739,True,0.466314207050283,0.1781633432555569,0.0297059497395607,-0.1220943427939243,0.3363119625338547,0.2708537549053075,0.2848323246869714,-0.7627409684078266,-0.7368611937726346,-0.3791575397294143,-0.6343769928459315,-0.6607291624174956,-0.7071970161540132,0.0176272989079491,-1.078862800420961,-1.79448141850875,3.2278200297512094,3.1719797099033444,2.3281038257451843,0.8869340277473955,-0.6759234133321365,-1.6482427398708548,0.1103604286032876,-0.6420043641948351,-0.6185677000086734,0.1057985606471724,0.811839086544892,-0.7365725809663918,-2.308931841133992,-6.611139144973546,-0.3332264578820678,-0.6013055146968422,-0.3102019451720602,-1.5046126540714329,0.9371666144180928,0.2322185046351462,-0.5468846419569181,-0.7783453774757525,-0.4071103740646977,-0.6982208754395988,-0.2449265049874135,-0.1556211307471308,-0.5732621302805987,1.5843502981153277,0.3413380536267916,-0.4925230540657058,0.620741065007239,-1.4718923461385425,-0.3705641204720603,-3.126699163397063,-0.3650676352835583,0.0008273615448253751,1.40203679970787,0.2801916985820911,1.768669706675481,0.8248437836451797,-0.15985177020603603,-0.8016925698154751,0.3027902080193553,0.0475502515168433,-0.0068486675699249,0.505207626533643,-0.1598460702687927,-1.3105592613318215,1.4737058339656302,0.1185582694014682,-0.1815973053966016
ES_032,43.4286,-7.4855,True,0.466314207050283,0.1781633432555569,0.0297059497395607,-0.1220943427939243,0.3363119625338547,0.7501986185653351,0.117037180596808,-0.7627409684078266,-0.7368611937726346,-0.3748855936806877,-0.6343769928459315,-0.6607291624174956,-0.6632474772053276,0.12421398837346,-1.15271038449568,-1.7862108502894,1.7026706315155011,1.63181964939826,1.50751094302555,0.1951311494944312,0.526260422521668,-1.6482427398708548,0.7007516757461775,0.4550105757858323,-0.6185677000086734,-0.1891524324804081,-0.2109084029572407,-0.5586787254352543,-2.397060694066287,-2.734381573775122,-0.1807574201534342,0.2750580277217112,-0.3025958419920059,-1.1304265901884734,1.43010045865907,1.6453396418461783,0.2039305200561082,0.398798868317965,0.4860283216932691,-0.1720966946506053,0.2359383763640222,-0.6559743553676011,-0.621211133065184,-0.9964372474350444,1.3877549006110272,-0.9480991759632568,0.2450509079967174,-2.2041904719688223,-0.4724961894311667,-0.7551155949544321,0.8093589684377458,0.0008273615448253751,1.40203679970787,-0.20505581172053877,1.8370055589519645,0.4248000318347774,1.7650099134535482,-1.025753340202596,0.995448619465114,-0.8523685895797406,-0.0812708124018577,0.719640984675395,-0.2560230106830023,-1.67232978885395,1.2302106758674811,0.1185582694014682,-0.7871195395618676
ES_033,43.427,-7.462,True,0.466314207050283,0.1781633432555569,0.0297059497395607,-0.1220943427939243,0.3363119625338547,0.2431992435403053,0.2819393049612792,-0.7627409684078266,-0.7368611937726346,-0.3961299813810048,0.1873235997033165,-0.6607291624174956,-0.5513759235177642,0.253971697287995,-0.944594465739654,-1.5629055083669423,4.158930006033115,4.112253757197428,3.7819634026788207,0.423184824700191,-0.31690357307252,-1.6482427398708548,1.0366951941789575,-0.6420043641948351,-0.6185677000086734,0.2176878733482403,1.2491067812031365,0.0215934901280685,-2.344384376604576,1.926983749900658,-0.3748089227171496,-0.6013055146968422,-0.3102019451720602,-1.5046126540714329,0.0921371671478461,0.7032588837054903,-0.5468846419569181,-0.7783453774757525,-0.4071103740646977,-0.6982208754395988,-0.2449265049874135,0.0467275997979122,-0.4285717977572645,-0.9964372474350444,-0.165211611098478,-0.1208688493598091,-0.1931277290501136,-1.7961958018633808,-0.4379551062343654,-2.7839038983419333,-2.207122608940623,0.0008273615448253751,1.40203679970787,0.6549182545908201,1.7459988259540264,-0.10781587884599439,0.6559738545940322,-0.932113842540463,0.614748818453181,-0.3393316846874797,0.0046718736025344,0.8623739474931134,-0.7022020831804977,-1.4850391498177065,1.656952944303402,0.1185582694014682,-0.5679743907192156
ES_X01,38.0636,-3.9877,True,0.2729578026543121,0.555047131342515,-0.6540259939060922,0.0901337079034633,-1.7511584161839997,0.6027078912853333,-0.2908786007258312,-0.2023175899912807,-0.1023112883021946,-0.2552711043163439,-0.0604908647162978,-0.0152693472627153,-0.3276328161426376,-0.2326197111415111,-0.076325901467201,0.0912081355031153,-0.6444326163988627,-0.4994789120045846,-0.8002450104253971,-2.6353951120212926,-1.342740262241462,0.2470573851036731,-0.8646157247300631,-0.6420043641948351,-0.6185677000086734,0.2176878733482403,-0.0170941953476345,0.0215934901280685,0.1606293667816362,0.0853317765029191,-0.4579738523873133,-1.185547876309211,-0.1808981911111381,-0.0078683985395949,-0.4360062373960579,-0.7098622535055418,-0.5468846419569181,-0.7783453774757525,-0.4071103740646977,-0.6982208754395988,-0.2449265049874135,0.0467275997979122,-0.4285717977572645,0.2939565253401415,0.0134073023460597,-0.1208688493598091,-0.1931277290501136,0.0659337181050458,-0.2134636894041163,0.0563997264005683,-0.0312733747626739,1.7741847112433364,-4.194872332944273,-1.697158983455692,0.2326829081420468,-0.641174536930796,-0.7646519321930423,1.96118347388781,-0.4915071908216921,-0.4848923032972054,0.62661867699232,-0.7475987749016713,-1.146736672672387,2.93570299413296,0.126943121351217,-1.1574272394939409,-0.6097805346412066
ES_X02,38.0652,-3.9887,True,-0.3071114105336007,-0.1446555439020353,-1.192642650386088,0.8355588361755044,-1.5632860820993926,0.8884711753903458,-0.2908786007258312,-0.2023175899912807,-0.1023112883021946,-0.2552711043163439,-0.0604908647162978,-0.0152693472627153,-0.3276328161426376,-0.2326197111415111,-0.076325901467201,0.0912081355031153,-0.6884440185713867,-0.5531936320939894,-0.7976040754494877,-2.6353951120212926,-1.342740262241462,0.2470573851036731,-0.8646157247300631,-0.6420043641948351,-0.6185677000086734,0.2176878733482403,-0.0170941953476345,0.0215934901280685,0.1606293667816362,0.0853317765029191,-0.4579738523873133,-1.185547876309211,-0.1808981911111381,-0.0078683985395949,-0.4360062373960579,-0.7098622535055418,-0.5468846419569181,-0.7783453774757525,-0.4071103740646977,-0.6982208754395988,-0.2449265049874135,0.0467275997979122,-0.4285717977572645,0.2939565253401415,0.0134073023460597,-0.1208688493598091,-0.1931277290501136,0.0659337181050458,-0.2134636894041163,0.0563997264005683,-0.0312733747626739,1.7741847112433364,-4.194872332944273,-1.2441446820364341,0.2653271294660156,-0.1372451815434383,-1.5754951450430883,2.254274998161341,-0.9162250995705208,-0.0302915592060471,1.09688823653387,-0.8605944141967953,-1.4436162508839958,2.8372959058252194,0.4874701168131307,-1.1574272394939409,-0.935973681506914
ES_X03,38.0972,-3.9076,True,-0.3071114105336007,-0.497696709094026,-1.05830966704824,0.955739270276442,-2.831424337170489,0.3353809480903035,-0.2908786007258312,-0.2023175899912807,-0.1023112883021946,-0.2552711043163439,-0.0604908647162978,-0.0152693472627153,-0.3276328161426376,-0.2326197111415111,-0.076325901467201,0.0912081355031153,-0.7716184224901235,-0.8560594662891283,-0.9116218140894192,-2.6353951120212926,-1.342740262241462,0.2470573851036731,-0.8646157247300631,-0.6420043641948351,-0.6185677000086734,0.2176878733482403,-0.0170941953476345,0.0215934901280685,0.1606293667816362,0.0853317765029191,-0.4579738523873133,-1.185547876309211,-0.1808981911111381,-0.0078683985395949,-0.4360062373960579,-0.7098622535055418,-0.5468846419569181,-0.7783453774757525,-0.4071103740646977,-0.6982208754395988,-0.2449265049874135,0.0467275997979122,-0.4285717977572645,0.2939565253401415,0.0134073023460597,-0.1208688493598091,-0.1931277290501136,0.0659337181050458,-0.2134636894041163,0.0563997264005683,-0.0312733747626739,1.7741847112433364,-4.194872332944273,-1.0281828795965247,0.5209401552785896,0.0806769067988789,-1.6651066156146141,2.00494479075837,-1.113126494561083,0.420942709644839,0.6995828003044561,-0.8823018499131106,-1.0212205001392922,2.7976799495033244,0.2881184740309864,-1.1137841890308116,-1.057261657420444
FR_001,47.237,5.098,True,0.466314207050283,0.1781633432555569,0.0297059497395607,-0.1220943427939243,0.3363119625338547,0.0403994935302992,-0.1635857327953625,0.2994568302188825,0.0298866086708137,1.0861199549837952,-0.164833797103504,0.0049012719608715,1.5621973586508426,0.3790952023127252,1.2663574453458704,0.9265355256574952,-0.4281946690393725,0.4903601367219571,0.6358611087769231,-2.6353951120212926,0.9808990867241892,0.3397932005044025,0.9682805543803992,0.4550105757858323,0.6461955289172611,0.2203433162093401,0.9009038574902324,0.3842733318107441,0.0489419685327666,-0.3345285517554666,0.2627888714207723,0.8593003893340802,1.1805942781185708,1.8630619208752024,-0.2247488755784963,0.2322185046351462,0.2039305200561082,0.398798868317965,-0.163527093403434,0.3540274861383882,1.1976681390668935,0.2490763303429554,-0.1787068937994001,2.874744070890513,0.2824154068773845,-0.0129692415419681,-0.2647275305984002,0.4216213792226104,-0.2368327308547711,-0.2514164299754663,-0.5798531738984413,0.08460653134986504,-0.4132704019801349,0.5057268601991312,-0.03904445040329246,0.21102082345715942,-1.1210529685740929,0.5354391587833761,-1.1063651211524457,1.328179438223862,0.1007033837715445,-1.1987201436855548,1.0121582046374251,1.996012286176735,1.1528310255723828,-0.9993448150447098,-0.0253921858431509
FR_002,47.236,5.1,True,0.466314207050283,0.1781633432555569,0.0297059497395607,-0.1220943427939243,0.3363119625338547,0.0403994935302992,-0.1635857327953625,0.136543057423375,-0.1023112883021946,0.3966150468811826,-0.2561338629423094,-0.0556105857098891,0.358227707040023,-0.0449344536044158,0.3264791025767203,1.0257823442896987,-0.2244417462462385,1.7777350990574226,1.7705713819614215,1.029346282491208,1.0255293803020835,0.8085738679150823,0.600055860660173,0.9114567248205934,1.9189185868689984,-0.6050707668954461,-0.0077830854709453,-0.9014857894333664,0.8849117872154438,-0.3403215578443553,0.5261444820429575,1.1514215701402646,0.0548910074705433,1.1146897931092834,0.0921371671478461,0.2322185046351462,0.767041891565878,0.9873709912148236,0.1612506141449175,1.4062758477163753,-0.2449265049874135,-1.0312392738329537,-0.711687768972781,0.2939565253401415,-0.3931898097781213,-1.0320210931549108,-1.0611329584244635,0.7877704421377504,-0.2402535280408045,-0.0625292431083541,-0.0523335152372501,0.08460653134986504,-0.4132704019801349,0.42481577533416964,-0.040475809471245836,0.0057254409833473645,1.2966246846289902,0.5354391587833761,-1.1063651211524457,1.328179438223862,0.1007033837715445,-1.1987201436855548,1.0121582046374251,1.996012286176735,1.3380028597523892,-0.9993448150447098,-0.4352007751779822
FR_003,47.237,5.1,True,0.466314207050283,0.1781633432555569,0.0297059497395607,-0.1220943427939243,0.3363119625338547,0.0403994935302992,-0.1635857327953625,0.3190064829543435,0.1092053468546187,0.7785398394754831,0.0047234680257059,0.0452425104080453,1.3224726007489214,-0.0240805361002942,0.7292841066206418,1.0423234807283988,0.0378298027445354,0.6928473735505,1.2202372214411226,1.0807419339766726,1.293857135478524,1.1040781378426383,0.7788756512301209,1.5996048728748338,2.5888342525567927,-0.3076122759168022,0.8878890754473915,-0.2612461486293714,0.6047947938076407,0.3568346874629792,1.330072135521207,1.4435427509464491,0.2982863092322789,1.1146897931092834,0.3738136495712617,0.2322185046351462,1.1424494725723913,1.5759431141116824,1.7039447249995876,2.984648390083356,-0.2449265049874135,-0.6191836770866841,-0.382550393074572,-0.9964372474350444,0.2660651436432558,-0.5644561259442665,-0.6647904726534606,1.1748423086480413,-0.0257426393301058,-1.04194428612301,-1.3030309020585331,0.08460653134986504,-0.4132704019801349,0.7250504698263013,-0.03165679069772676,0.9257418921081491,-0.21888681600800458,0.5354391587833761,-1.1063651211524457,1.328179438223862,0.1007033837715445,-1.1987201436855548,1.0121582046374251,1.996012286176735,1.3380028597523892,-0.9993448150447098,-0.4352007751779822
FR_004,47.236,5.102,True,-0.6938242193255426,0.1781633432555569,0.0297059497395607,-0.1220943427939243,0.3363119625338547,0.0403994935302992,-0.1635857327953625,0.4297878484552885,0.0563261880654153,0.5393108607467956,0.161237866606515,0.267119321867501,2.193616389313977,0.1288481922632649,0.7292841066206418,1.0175117760703478,-0.5150080612716312,-0.2413724589230039,0.1878753528196821,0.3102921518690036,0.5286474470628099,-0.6437770389393407,-0.8646157247300631,-0.6420043641948351,0.7587261763467392,-0.0922936403683368,0.0584964601970674,-0.4654915511754236,0.8269732562730867,0.7285566751031434,0.4291187307610998,0.5671792085278956,-0.1732920879310838,-0.3820544624225545,-0.365587116790204,-0.4743420639703698,-0.3591808514536615,-0.1897732545788937,-0.0823326665163461,0.3540274861383882,-0.2449265049874135,0.109271752875471,-0.5494081037696743,-2.28683102021023,4.408543156999481,0.0589638303365925,-0.7026783846074319,1.2062265140407675,-0.0396308196659117,-0.1324874604665438,-1.3809753387061603,0.1408334135529569,-0.48288235864059326,-0.1848207792679874,-0.04481605954826569,-0.7545012852878624,-0.08274648801912889,0.5354391587833761,-1.1063651211524457,1.328179438223862,0.1007033837715445,-1.1987201436855548,1.0121582046374251,1.996012286176735,1.3380028597523892,-0.8305053178978372,-0.4352007751779822
FR_005,47.242,5.1,True,-1.0805370281174844,0.1781633432555569,0.0297059497395607,-0.1220943427939243,0.3363119625338547,0.0403994935302992,-0.1635857327953625,0.5275361121325931,0.082765767460017,0.5649425370391552,0.1351521335097135,0.3276311795382617,0.9069496870522578,-0.0333489438799038,1.2216013337854346,1.050594048947749,-0.5351084772502129,-0.4046157023475057,0.07443351577824,0.6749658513045885,0.1597788876588709,-0.6923913642496965,-0.8646157247300631,-0.6420043641948351,1.564391446487536,0.3125435960512124,0.025318360607674,-2.658841465756712,0.4027037137984432,0.534148173541366,0.35981462270263,0.2750580277217112,-0.2075195522413279,-0.756240526305514,-0.365587116790204,-0.4743420639703698,-0.5468846419569181,-0.7783453774757525,-0.163527093403434,0.8801516669273817,0.2359383763640222,-0.0378909602481966,-0.9691425904568486,0.2939565253401415,-1.3350266711704772,-1.8352737291321717,-0.0074086255643141,0.4634669864129121,-0.2328610187661182,1.7284011212613022,0.2229426444569263,0.08460653134986504,-0.4132704019801349,-0.5847065025211998,-0.03996790786648826,-0.7845082804106628,-0.39308681307209353,1.3711981233797037,-1.417936133359511,1.2741496718530605,0.8004718770145067,-1.275880901007079,0.982033019054608,1.873735803681973,1.1928684021685287,-0.8305053178978372,0.1372448638607012
FR_006,47.239,5.102,True,-0.1137550061376297,0.1781633432555569,0.0297059497395607,-0.1220943427939243,0.3363119625338547,0.0403994935302992,-0.1635857327953625,0.6643836812808193,0.003447029276212,1.0434004944965296,0.1481950000581143,0.2267780834203272,0.7830918954695983,0.1103113767040455,0.7069060508404239,0.9596177985348964,-0.5204629641300299,-0.1816335718351732,0.3146277697368434,0.9826588885116052,0.5409859548162745,0.8753302716113128,-0.8646157247300631,-0.6420043641948351,1.1052934877023988,-1.5708427117463482,1.8129183605770804,-2.1852126378731582,0.4910984210297439,-0.1459227294313738,0.7895000926651429,0.8593003893340802,-0.0972310561305414,0.3663176653433644,-0.4360062373960579,-0.7098622535055418,-0.5468846419569181,-0.7783453774757525,0.0800561872578296,0.8801516669273817,-0.2449265049874135,-0.9870904598958534,-0.6775933775455507,0.2939565253401415,0.6957994207213927,-1.5715191322441155,-0.0385389740635692,0.7563862367450241,-0.0920574192361308,0.3991949914556978,-0.1993759340663629,0.1408334135529569,-0.48288235864059326,-0.6454900212310126,-0.042138032904998186,-0.6845674908239984,1.1340938874868964,1.3007689883091458,-1.417630990906027,1.3176592732679977,0.8534345504743126,-1.1518145716012238,0.9589989708474074,2.033995836057264,1.4932752364645738,-0.8305053178978372,-0.3768556326648907
FR_007,47.236,5.097,True,0.466314207050283,0.1781633432555569,0.0297059497395607,-0.1220943427939243,0.3363119625338547,0.0403994935302992,-0.1635857327953625,0.3841719920725465,-0.2794564702460257,0.8682507064987409,0.1351521335097135,0.1662662257495666,0.243711190190275,-0.0287147399900991,0.527881604598681,0.5874422286641331,-0.3969663242475311,-0.5338909442288081,-0.2889785489002917,0.3295173932024715,1.4218558052452956,1.379489838356618,1.046347377594433,2.8533967776410094,1.2804223623897593,-0.3936996735960296,0.0348493266940006,-2.2118621822704463,-0.48463002712567,0.7687371683020299,2.6468501886321327,2.3199062933650025,0.2450435869718993,2.2372479847581617,-0.2951679961843502,0.2322185046351462,0.5793381010626214,2.7530873599054,0.1612506141449175,0.8801516669273817,0.7168032577154579,-0.4425884213382828,-0.6089226951656169,1.5843502981153277,0.0575221635249353,-0.2647349931169304,5.35908381731092,0.1810091378783755,-0.007395891875425,1.0288189476794052,-0.2002526097341787,0.08460653134986504,-0.4132704019801349,-2.5588457575757233,-0.03161061782456702,-0.3232291315124778,-1.3374844040846057,0.5354391587833761,-1.1063651211524457,1.328179438223862,0.1007033837715445,-1.1987201436855548,1.0121582046374251,1.996012286176735,1.1528310255723828,-0.9993448150447098,-0.0253921858431509
FR_008,47.237,5.098,True,0.466314207050283,0.1781633432555569,0.0297059497395607,-0.1220943427939243,0.3363119625338547,0.0403994935302992,-0.1635857327953625,0.3646223393370855,-0.0758717089075929,1.2954453113713966,0.2394950658969196,0.1460956065259797,1.837880830238053,-0.0379831477697087,0.4383693814778096,0.6784184790769866,-0.1402635625980581,-0.1969092120159069,0.0337809415370751,0.5918922451267904,0.5468056179066535,1.235740846670396,0.851526879177746,2.136217503588084,1.835076285400816,-0.0869228692555103,0.1934128174873941,-1.519994180750414,-0.1059154753666817,1.0120078059305937,1.1914639194042678,0.5671792085278956,0.1309520392710857,0.740503729226324,5.796085936222011,0.7032588837054903,1.7055608440821608,2.164515237008541,1.2167781636770605,1.9324000285053688,-0.2449265049874135,0.2343600590305886,-0.636993342524432,0.2939565253401415,1.2298051878586898,-0.8042330322061353,0.736302992850815,-0.3211381484052451,-0.2860050889071908,1.322643460583802,0.0181193293399507,0.08460653134986504,-0.4132704019801349,0.5057268601991312,-0.03904445040329246,0.21102082345715942,-1.1210529685740929,0.5354391587833761,-1.1063651211524457,1.328179438223862,0.1007033837715445,-1.1987201436855548,1.0121582046374251,1.996012286176735,1.1528310255723828,-0.9993448150447098,-0.0253921858431509
FR_009,47.237,5.098,True,0.466314207050283,0.1781633432555569,0.0297059497395607,-0.1220943427939243,0.3363119625338547,0.0403994935302992,-0.1635857327953625,0.4297878484552885,-0.0229925501183896,1.4022439625895606,0.0177663345741066,0.085583748855219,0.6512432786235417,0.0732377455856071,1.1097110548843454,1.050594048947749,-0.0293958496449449,-0.0554098648318794,0.1369666269555421,-0.2198478073552371,0.4938896581295565,1.0933687605529048,1.3154775412454998,1.0332450313931405,2.2694202163468,-0.1158665275481485,0.750217795137924,-2.198115645041104,-0.3751220757815419,-0.0015959648589016,3.339891269216831,1.7356639317526334,0.5644999205341774,1.8630619208752024,1.1836335365385815,1.1742992627758344,1.8932646345854172,0.9873709912148236,2.109916859435027,2.458524209294362,-0.2449265049874135,-0.1997699446842311,1.8787631302085108,-2.28683102021023,-0.3512344173282817,-0.3007015290562108,0.3495273946673879,0.5366967989959401,-0.0216556194711371,1.749388586468759,5.738428061838363,0.08460653134986504,-0.4132704019801349,0.5057268601991312,-0.03904445040329246,0.21102082345715942,-1.1210529685740929,0.5354391587833761,-1.1063651211524457,1.328179438223862,0.1007033837715445,-1.1987201436855548,1.0121582046374251,1.996012286176735,1.1528310255723828,-0.9993448150447098,-0.0253921858431509
FR_010,47.232,5.106,True,0.466314207050283,1.0027960691370257,0.906666219741688,-1.153236752687695,-1.959905454055785,0.4275626526403286,-0.1404415749898227,0.3841719920725465,-0.1684102367886987,0.1804673926537649,-0.6343769928459315,0.1259249873023928,0.2796699038755634,-0.0542028613840254,0.1922107678954132,0.5212776829093307,-0.5389509635561095,-0.6318641939608186,-0.4502168717602401,0.6623734586786375,0.6780882454745762,0.3462877743347184,-0.8646157247300631,-0.6420043641948351,1.564391446487536,-0.8128954674781257,0.7188891488162558,-2.203024089551584,0.8887341755822383,0.7036873992307509,1.0805773465107158,1.4435427509464491,-0.0363822306901075,-0.0078683985395949,-0.400796677093131,-0.4743420639703698,-0.5468846419569181,-0.7783453774757525,-0.163527093403434,0.8801516669273817,-0.2449265049874135,-0.0673235028729302,0.3119872980137057,0.2939565253401415,-0.8105842655474819,-1.559530286931022,-0.6057187381841425,1.0911510942674378,0.0212901189842329,1.784367695147854,0.6803282496928496,0.1408334135529569,-0.48288235864059326,-1.1139801955998752,-0.04994124846900198,-0.7215398060468107,-1.1346849368400367,1.1702563335487337,-1.3432611186982084,1.2874943190786303,0.5728647805141823,-1.2564704994764668,1.291746022883598,2.080686020293585,1.2458660754871198,-0.8305053178978372,-0.5794586282913003
FR_011,47.23,5.102,True,0.466314207050283,1.2506379753071906,0.7365389288716496,-1.189820697392513,0.3363119625338547,0.0496176639852903,-0.0941532593787433,0.3255230338661636,-0.1551904470913979,0.2231868531410305,0.161237866606515,0.1460956065259797,0.0878900975540262,0.1381166000428745,0.4383693814778096,0.4964659782512796,-0.5058053297762433,-0.5983923377695941,-0.4116835619908001,0.3980216649377096,1.1671405594539608,0.352538684565986,-0.8646157247300631,-0.6420043641948351,-0.6185677000086734,-0.2366927489004095,-2.044698510929142,0.2282837811870242,1.210925412633013,-0.3188163538446132,0.650891876548203,1.1514215701402646,-0.1200493656707042,-0.0078683985395949,-0.4360062373960579,-0.7098622535055418,-0.3591808514536615,-0.1897732545788937,-0.4071103740646977,-0.6982208754395988,-0.2449265049874135,-0.5529604561810336,1.0372460838509012,-0.9964372474350444,1.5059086896425609,-0.8042330322061353,-0.6303193062664806,0.7668476385425995,-0.2613292260596243,0.9518649085853964,-0.1701268458765069,0.1408334135529569,-0.48288235864059326,-1.1971399401256229,-0.052296065000151014,-0.7859442587251202,0.38976592483480493,1.2348062204705867,-1.4284366236705854,1.3750597250782213,0.5060880629585943,-1.2045388289766343,1.0170002673619665,1.3917174016698333,1.1947931260107634,-0.8305053178978372,-0.3387204208663413
FR_012,47.231,5.102,True,0.466314207050283,1.221077723227312,0.7336211818293975,-1.170830571153331,0.3363119625338547,0.0772721753502924,-0.1230834566356678,0.201708566541578,-0.1551904470913979,-0.0886652084160083,0.0308092011225073,0.1057543680788059,-0.3755777677230218,0.1821415369960203,0.4607474372580275,-0.1155560699806419,-0.5467285604724224,-0.6397183387095688,-0.3978249152572453,-0.6860677402247669,0.4997171664232085,-0.1628773818554157,0.4784464668232908,-0.6420043641948351,-0.6185677000086734,-1.1600900917706989,-0.3097833324791486,-0.4294033753732271,0.9814465747305354,-0.512253845228157,1.0805773465107158,0.8593003893340802,0.0168604915702721,-0.0078683985395949,-0.1543297549726424,-0.0033016849000257,-0.5468846419569181,-0.7783453774757525,-0.3259159471776098,-0.1720966946506053,-0.2449265049874135,-1.6198901263276246,0.8454500727125598,-0.9964372474350444,-0.5514480180631782,-0.3486569103085845,-0.1037608505534718,0.777309040340175,-0.0249354849378957,0.0144247959856545,0.0172426536721349,0.1408334135529569,-0.48288235864059326,-0.42474683990504475,-0.05137260753695535,-0.7935367877440905,0.1150006493529956,1.2348062204705867,-1.4284366236705854,1.3750597250782213,0.5060880629585943,-1.2045388289766343,1.0170002673619665,1.3917174016698333,1.1462864749907198,-0.8305053178978372,-0.4085526050627548
FR_013,47.235,5.103,False,0.466314207050283,0.5768457645759357,1.3574884323158094,-1.190211250366043,-2.205183223555133,0.8055076412953394,-0.1375485552641305,0.24732442292432,0.1092053468546187,0.1847393387024914,-0.0996194643615002,0.1057543680788059,2.016116187738131,-0.1121304100065857,0.6621499392799882,0.6701479108576357,-0.5575933575751726,-0.6506900681562084,-0.4469740297461744,0.2019608849817631,1.1730804347299644,0.5718253445971441,-0.8646157247300631,-0.6420043641948351,-0.6185677000086734,-0.2602150797655839,1.213317260499437,-0.0732496201360009,0.5062834827140641,0.1390059885505562,0.1241806553038328,1.1514215701402646,-0.1428676752108669,0.3663176653433644,-0.4360062373960579,-0.7098622535055418,-0.5468846419569181,-0.7783453774757525,-0.4071103740646977,-0.6982208754395988,-0.2449265049874135,-0.7369138475856183,0.7773817647394675,0.2939565253401415,-0.0421218935434338,-0.8881549493977894,0.3417827713822074,1.01792128168441,0.0636080706901063,0.1053704785513011,-0.4803106367073508,0.1408334135529569,-0.48288235864059326,-1.2834188213211177,-0.04786346917681167,-0.7790449606165776,-1.636016706673953,0.8844742480988608,-1.2657515699714517,1.3495484443492267,0.1007033837715445,-1.1610256818766616,0.948739879840746,2.158529127457242,1.269541922654713,-0.8305053178978372,-0.4085526050627548
FR_014,47.237,5.099,True,0.466314207050283,0.6707707354656758,1.209644764586855,-1.1515338630597551,0.3363119625338547,0.6027078912853333,-0.1693717722467471,0.4037216448080072,0.0563261880654153,0.4154244253337255,-0.0604908647162978,0.0654131296316322,1.8019221165527648,-0.0657883711085375,0.3936132699173739,1.1167585947025511,-0.5664835076575914,-0.4576912064184111,-0.4514078352344247,0.2044998527970455,0.3476013458282495,0.2889583130021407,-0.8646157247300631,-0.6420043641948351,-0.6185677000086734,-0.3208055892326102,0.0714739477027746,0.5414139152828152,1.0520541252919196,-0.4815970270457262,0.4152579091494059,0.2750580277217112,-0.2493531197316262,-0.0078683985395949,-0.400796677093131,-0.4743420639703698,-0.5468846419569181,-0.7783453774757525,0.1612506141449175,-0.1720966946506053,0.2359383763640222,-0.1629792664033142,0.8096690329461732,-0.9964372474350444,-0.2889183197189611,-0.3966122915609583,-0.3267604445591108,1.3317633356116727,-0.0143143580943689,-0.2304289647680094,0.0947089035918626,0.08460653134986504,-0.4132704019801349,-1.047177983336612,-0.021637277222053303,-0.3880132106417359,0.22008424684436814,0.5354391587833761,-1.1063651211524457,1.328179438223862,0.1007033837715445,-1.1987201436855548,1.0121582046374251,1.996012286176735,1.1528310255723828,-0.9993448150447098,-0.0253921858431509
FR_015,47.243,5.092,True,0.466314207050283,0.696780007193529,1.0722932103411515,-1.0800631072167832,-2.711394790394212,0.94378019812035,-0.1722647919724402,0.6252843758098976,-0.1551904470913979,-0.4346928383628594,-0.6343769928459315,0.0654131296316322,-0.2477245635086638,-0.0588370652738303,0.3264791025767203,0.3558663185223248,-0.631620199633713,-0.72544548928136,-0.5728275970847381,-0.4886707249210267,0.2184635752395656,0.5709321201729475,-0.8646157247300631,-0.6420043641948351,1.2696341585195547,-0.6563236674202874,-0.5125209150067875,0.0556941082587797,0.865185366704035,0.7659603837244044,2.14786061061115,1.1514215701402646,0.0929215233708145,0.3663176653433644,-0.365587116790204,-0.4743420639703698,-0.5468846419569181,-0.7783453774757525,-0.0011382396292582,0.8801516669273817,-0.2449265049874135,-1.0238811381767703,0.2168121417327448,0.2939565253401415,-0.8386573590249481,-0.4086011368740517,0.2723089448533822,0.9028458619110802,-0.2370889703443617,-0.1604707474098197,-0.9842397501254972,0.08460653134986504,-0.4132704019801349,-0.9047203690502794,-0.034888891818911846,-0.7063547480088698,-1.676492090634026,1.3796976642834002,-1.4023458220504297,1.245440043169847,0.799641823526146,-1.2358705794788036,0.9651445814391316,1.8413095757302624,0.8796931010418014,-0.8305053178978372,-0.4453064415630626
FR_016,47.237,5.101,True,0.466314207050283,1.1167168956902271,0.9874805034557256,-1.270266126073292,-2.847080365010873,0.2892900958153179,-0.128869496087053,0.3972050938961871,-0.0494321295129912,0.0053176046559759,-0.1257051974583017,0.4083136564326092,0.8709909733669697,0.0570180319712901,0.5055035488184633,0.9844295031929466,-0.5708020791756915,-0.6640287912235902,-0.4472334544369561,-2.6353951120212926,0.696769871815816,0.2170631491571078,-0.8646157247300631,-0.6420043641948351,-0.6185677000086734,0.4424180130046777,0.4152551705284403,-0.2294605346544881,0.5010510854123265,-0.8867835611632611,0.5954485901014275,0.8593003893340802,-0.1885042942911923,-0.0078683985395949,-0.4360062373960579,-0.7098622535055418,-0.5468846419569181,-0.7783453774757525,-0.4071103740646977,-0.6982208754395988,0.2359383763640222,0.3594483651857061,1.3306024199827235,1.5843502981153277,-0.0976510894329274,-0.8401995681454156,-0.118642675689701,0.5994652097813927,-0.1290712135074805,-0.2024456778247335,0.5522539044037524,0.1408334135529569,-0.48288235864059326,-1.4573029211366721,-0.046155072869899574,-0.7384909523565553,-1.3096712572055733,0.5354391587833761,-1.1063651211524457,1.328179438223862,0.1007033837715445,-1.1987201436855548,1.0121582046374251,1.996012286176735,1.3380028597523892,-0.8305053178978372,-0.4352007751779822
FR_017,47.231,5.099,True,0.466314207050283,0.6484221196757104,1.2246946473737128,-1.148051600326511,0.3363119625338547,-0.1163094042047219,-0.1057253382815129,0.2799071774834216,-0.2450850170330435,-0.3791575397294143,-0.0344051316194964,0.0654131296316322,-0.4395043698302009,-0.1746921625189509,0.2145888236756311,0.1656432494772685,-0.5838428906023722,-0.6771979515295812,-0.491363932477744,0.1963650401354552,-0.4963429101068027,-0.0073291941784718,-0.8646157247300631,-0.6420043641948351,-0.6185677000086734,-0.8053407627540584,-0.610129053795177,-0.2941706328649642,-1.642001935686134,0.4859765849941885,0.4568403739844878,0.2750580277217112,0.0320726979303805,-0.3820544624225545,-0.4360062373960579,-0.7098622535055418,-0.5468846419569181,-0.7783453774757525,-0.3259159471776098,-0.1720966946506053,-0.2449265049874135,-1.0459555451453204,-0.2874957116749794,-0.9964372474350444,-0.8306364751742434,-0.876166104084696,0.0423999320344938,1.237610719433494,6.500574664744446,0.7210027913033705,0.744484969019373,0.08460653134986504,-0.4132704019801349,0.3186315218146421,-0.05031063145428019,-0.6858714251555172,1.097555186550179,1.2348062204705867,-1.4284366236705854,1.3750597250782213,0.5060880629585943,-1.2045388289766343,1.0170002673619665,1.3917174016698333,1.2882130595041892,-0.9993448150447098,0.4395466324712851
FR_018,47.235,5.096,True,0.466314207050283,0.688428040437429,1.079751807410858,-1.0799177291131987,-2.5704905398307574,0.2800719253602992,-0.1057253382815129,0.5601188666916946,-0.1287508676967962,0.082212633533054,0.0308092011225073,0.1057543680788059,0.335605680719345,0.0825061533652167,0.2145888236756311,0.6122539333221841,-0.5459473840633043,-0.6389294738895558,-0.4676034712834344,0.9292622927700844,0.8949435859563192,0.5771899501582911,-0.8646157247300631,-0.6420043641948351,1.4775745453329503,1.0034811875488752,0.4511155143494993,-0.3125621030406701,0.8422002095935831,-0.2087254007115117,0.1657631201389147,1.4435427509464491,-0.1200493656707042,0.3663176653433644,-0.4360062373960579,-0.7098622535055418,-0.5468846419569181,-0.7783453774757525,-0.0011382396292582,0.8801516669273817,-0.2449265049874135,1.522033798862681,1.5755278538044877,-2.28683102021023,0.3289982323180153,-1.1878760822251255,-0.1246409623517526,0.3693143702347332,-0.2137071169192273,0.7559818999824653,-0.0768804339360939,0.08460653134986504,-0.4132704019801349,-0.8844250683363468,-0.044492849436147223,-0.7286866866233631,-1.448105703692486,0.6487863782155737,-1.1695067981294835,1.3522047993328798,0.2019319139453967,-1.2203736554155686,1.1344568899745366,1.4999084285843365,1.0565238533412096,-0.9993448150447098,-0.0437689288363525
FR_019,47.317,5.071,True,0.466314207050283,0.4549070499368785,0.4942134910622432,-0.5754072503068012,-0.0811821132097158,-0.4758180519497415,0.0504977269058807,0.2603575247479606,-0.1208189938784157,0.816987353914022,-0.1257051974583017,0.0250718911844584,0.023963495446847,-0.0403002497146111,0.0803204889943239,0.4881954100319295,-0.2200610065571821,-0.3098356923372506,-0.1242505730802294,0.9672586637682684,0.071554244894402,0.6638213059472445,0.5686066020133089,1.95683784551672,2.028492095875116,0.7539197051853616,-0.5110002864371108,-1.437856831982255,0.876160166799875,0.1388745811781593,1.718175140648638,1.1514215701402646,0.1081337297309229,0.3663176653433644,-0.2951679961843502,-0.0033016849000257,0.3916343105593647,1.5759431141116824,-0.0011382396292582,1.4062758477163753,-0.2449265049874135,0.8009365045567094,1.2057904428851598,1.5843502981153277,0.4989792708464097,-1.199864927538219,0.2001017218709638,0.976075674494108,-0.1881472278325735,1.070793878094319,0.4659412000178829,0.012076056686889328,-0.3456601818589402,-1.0009345094406443,0.24168661840820527,-0.3384472005461532,-0.766943010781409,0.5528788526188908,-0.787379446484982,0.8384412140673436,0.525546721294391,-0.2116254610577886,-0.1728257453041733,0.1372652016859669,1.4428438616022956,0.0248204417563505,-0.1136007625188613
FR_020,47.317,5.073,False,0.466314207050283,0.312643383509733,0.6649566397815401,-0.6004695150336739,-0.0655260853693319,0.1049266867152946,-0.0044696478822759,0.201708566541578,0.0140228610340526,0.5692144830878818,0.1481950000581143,0.085583748855219,0.2197387144000831,0.152019211712289,0.1922107678954132,0.7776652977091894,-0.3679777009819121,-0.4941429274023577,-0.3296975410075888,1.1386495074661864,1.0171072753922297,0.7087470244051308,1.8870330636331052,-0.6420043641948351,0.1963395947389579,1.4666076192601567,1.835386465463104,-0.3841340167127175,0.0784797994121951,0.0563801527844355,1.0944381681224098,1.1514215701402646,0.0701032138306517,0.3663176653433644,0.7611188129034581,1.8808598313813505,-0.5468846419569181,-0.7783453774757525,0.7296116023545328,0.3540274861383882,-0.2449265049874135,1.9782382095460511,1.7996111331495346,0.2939565253401415,0.0692449937682728,-0.1808130759252763,-0.1392950044501824,0.5366967989959401,-0.1083542507740875,-0.7481197732186132,-1.0907159948711311,0.012076056686889328,-0.3456601818589402,0.7783107668190274,0.2137520301465348,-0.6045653426610649,1.831215092865107,0.5528788526188908,-0.787379446484982,0.8384412140673436,0.2328789634945965,-0.2116254610577886,-0.1728257453041733,0.1372652016859669,1.5945231757166098,0.0248204417563505,0.2442493981595795
FR_021,47.232,5.113,True,0.466314207050283,0.7975537242654803,0.8656447190031623,-1.008299476656701,0.5607150282460244,-0.014909529199705,0.0013163915691083,0.4949533575734915,0.0298866086708137,0.1676515545075851,-0.0474479981678971,0.0452425104080453,-0.4754630835154891,-0.2511565267007304,0.2369668794558489,0.2318077952320709,-0.3327609654824665,-0.4236448547432936,-0.2842968253743909,1.6249518803651626,1.3127775918817357,0.7903556463948469,-0.8646157247300631,-0.6420043641948351,-0.6185677000086734,-0.2229917009838269,1.6984597849928371,-1.2396904289894397,0.7574613894261166,0.1220633211284089,5.19724136518382,2.027785112558818,0.1537703488112484,0.740503729226324,-0.400796677093131,-0.4743420639703698,-0.5468846419569181,-0.7783453774757525,-0.4071103740646977,-0.6982208754395988,-0.2449265049874135,-0.6854068979923346,1.4426440596552472,0.2939565253401415,-0.4058381266196171,-1.2238426181644058,-0.2175005140946523,0.9865370762916836,-0.0013358279466094,-1.3287729772915875,-1.5414069859164607,0.1408334135529569,-0.48288235864059326,0.40840683351860313,-0.04920248249844542,0.014852981303979126,0.4335730497937939,0.5518728634220318,-1.0743274072311142,1.2698260780060409,0.3428852675546699,-0.488961149220131,0.380737236674902,1.5402663878341245,1.0240577914682842,-0.8305053178978372,-0.3768556326648907
FR_022,47.234,5.116,True,0.466314207050283,0.7564965694996423,0.7767174666715423,-0.9284337451780532,-0.3264598827090639,0.3906899708203072,0.0620698058086504,0.2603575247479606,0.162084505643822,0.8767945985961936,-0.6343769928459315,0.1864368449731535,0.2117478891366857,-0.2048144878026822,0.2817229910162847,0.4220308642771271,-0.2203454863832274,-0.3101229720402104,-0.0765225692637491,0.0117390360415172,1.0363535321044022,0.6191623570538589,-0.8646157247300631,0.7102013799351834,1.3768772030435976,0.1830973318284082,1.1061494032184382,0.5062509541089233,0.9984839310666476,-0.2699745987544139,1.6904534974252496,2.027785112558818,0.3895595473929298,1.1146897931092834,-0.4360062373960579,-0.7098622535055418,-0.1714770609504049,0.398798868317965,0.1612506141449175,0.8801516669273817,-0.2449265049874135,0.697922605370142,2.979783071033449,0.2939565253401415,-0.0341010096927292,0.5025511069210499,0.0344275257115139,1.582836978753483,0.2823981588769665,0.5950780000586291,0.5603830787780448,0.1408334135529569,-0.48288235864059326,0.18610727880173847,-0.05806767414512424,-0.1673016931598406,-0.36978387884092506,0.4575940287150122,-1.5401726103140696,2.0279936886837424,-0.130720789685819,-1.0645326968508202,1.5584532332242675,2.2569726159086145,1.008017202321166,-0.264947107502445,-0.3814466637880492
FR_023,47.218,5.086,True,0.466314207050283,0.0188114605412679,1.3684647070022933,-0.8733488205170229,0.3363119625338547,0.6580169140153369,-0.1577996933439775,0.266874075659781,-0.1816300264859996,0.3812488569439131,-0.0735337312646987,0.1460956065259797,-0.2756924519305546,-0.299815667543681,-0.076325901467201,1.2077348451154049,-0.4764444631681857,-0.2238788123136262,-0.5519057592777388,-0.0049560560247474,0.916626687256442,-0.2754648445897933,0.6497867039929828,0.7102013799351834,1.0677832718925726,0.2176878733482403,0.8907397851891794,0.0215934901280685,-1.1855395749992816,1.5268153775387108,0.2489280498090784,1.1514215701402646,-0.1732920879310838,-0.0078683985395949,-0.3303775564872771,-0.0033016849000257,-0.1714770609504049,0.398798868317965,0.3236394679190933,0.8801516669273817,0.2359383763640222,0.0467275997979122,-0.4285717977572645,-2.28683102021023,0.1685805553039225,-0.1208688493598091,-0.1931277290501136,0.2960845576517052,-0.343748657886413,-2.280204733362968,-2.159463331726634,0.08460653134986504,-0.4132704019801349,-1.405275146395373,-0.013787888784889638,-0.4864354944246062,-1.5824960570143516,0.6131177105288634,-1.1410593693746989,1.3317676506193628,0.2754242151563137,-1.3472536044143577,1.1732357147535668,1.5450166065781676,1.2849409371877532,-0.9993448150447098,-0.1962971575299824
FR_024,47.226,5.042,True,0.466314207050283,0.5449412515676341,0.9696413846910664,-0.9272707203493766,-2.2417139551826955,0.2431992435403053,-0.1664787525210549,0.3190064829543435,-0.2186454376384419,-0.0288579637338364,0.0829806673161104,0.2066074641967404,-0.3316282287743363,-0.1677408566842436,-0.0987039572474189,1.240817117992806,-0.590404328646282,-0.6942494953991067,-0.5223238643953947,0.4930112709269648,-0.0969405562794135,0.4745278390002783,0.0908658264321849,-0.6420043641948351,-0.6185677000086734,0.3321103296740173,-0.0837657621801463,0.824145051775865,1.049333092161579,-0.9290259691154552,1.8983658216006591,1.1514215701402646,0.0624971106505975,-0.0078683985395949,-0.365587116790204,-0.2388218744351977,-0.5468846419569181,-0.7783453774757525,-0.3259159471776098,-0.1720966946506053,-0.2449265049874135,0.6464156557768582,1.1926586808160144,1.5843502981153277,-0.7513531232653553,0.2028299740937138,-0.1931277290501136,0.7250020313522979,-0.09613162712062,-0.9230153166140874,-1.064176631472706,0.08460653134986504,-0.4132704019801349,-1.169407100283073,0.02772152418575771,-0.4779021520271982,0.06918617070822379,0.5795298106647514,-1.0946631324307772,1.2830876439683865,-0.1067937045731428,-1.3246007440151368,1.525082658627242,2.0163088662656725,1.2292481609719683,-0.8305053178978372,-0.4090114277639469
FR_025,47.23,5.05,True,0.466314207050283,0.902405428728706,0.6686831482907406,-0.9450068489866968,-2.205183223555133,-0.2177092792097225,-0.0623300423961258,-0.18928448816764,-0.3667070822482112,-0.7892643604071639,-0.6343769928459315,-0.2774873971693448,-0.5593667487811617,-0.6126244301055065,-1.0005396051901985,1.3814167777217607,-0.0463677978178186,1.0243074480546797,-0.3252583051838319,0.2542720425595586,0.126974711817659,0.5093394562790908,-0.8646157247300631,1.0504557854676515,1.6648153614641197,-0.4545385436904234,0.0002330547279605,-0.6758253149971241,-0.1963455302102198,1.403935167769685,1.1637422761808796,0.8593003893340802,-0.0439883338701617,0.3663176653433644,-0.4360062373960579,-0.7098622535055418,0.5793381010626214,0.9873709912148236,0.9731948830157964,1.4062758477163753,1.6785330204183293,-0.5308860492124835,1.8197304383380413,0.2939565253401415,-1.117537320603294,-0.5404784353180796,0.1991146620404996,0.4425441828177612,-0.3510130474163041,-1.3847395511781395,-1.9902649278381752,0.08460653134986504,-0.4132704019801349,-0.48821933964554187,-0.012633566955894992,-0.7851024783338865,1.411615347736666,0.5951524294883753,-1.1339936014107472,1.3323761647364971,0.1277314785713712,-1.2477935238345708,1.6170636671861418,2.148796289052117,1.3897819390376596,-0.8305053178978372,-0.4195790714753613
FR_026,47.229,5.094,True,0.466314207050283,0.6880104420996238,1.032924120653628,-1.0501636772462186,-2.60702127145832,0.3906899708203072,-0.0710091015732032,0.3906885429843666,-0.1551904470913979,-0.4560525686064922,0.0438520676709082,0.085583748855219,-0.3556007045645283,-0.0240805361002942,-0.0987039572474189,1.0175117760703478,-0.5765867995916156,-0.6574753554047155,-0.5266266574290637,0.6424653094462125,0.5691310777115348,0.4624652921614469,-0.8646157247300631,1.2118029045452317,2.411048829568526,-1.108048345204737,-0.9875571967336796,-0.4940313360050251,0.4826037050155391,0.0828136102433658,3.2844479827700543,0.8593003893340802,0.5264694046339062,0.740503729226324,-0.400796677093131,-0.4743420639703698,0.3916343105593647,0.9873709912148236,0.6484171754674449,2.458524209294362,3.6019925458240727,-1.2814158861431888,1.4178262340933765,0.2939565253401415,0.6668008406457682,-0.5284895900049862,0.5645545823500471,-0.0177574962755576,-0.3444020685848689,0.2312952697960426,-0.2667205649122167,0.08460653134986504,-0.4132704019801349,-0.8681678863596797,-0.053127176717027186,-0.7334402700091534,1.8207679366306706,1.148189763813833,-1.259923199530269,1.1761659877170332,0.3991685724998544,-1.132949153316782,0.6016284074759214,1.065084912800038,1.317791882639367,-0.9993448150447098,-0.2137566056347044
FR_027,47.22,5.081,True,0.466314207050283,1.1967737430068637,0.6579594692033156,-1.1090454949806403,-2.8157683093301054,0.1325811980802967,-0.0305068254135091,0.1756423628942968,-0.1816300264859996,0.3727049648464599,0.161237866606515,0.1662662257495666,-0.4674722582520917,-0.3090840753232907,-0.076325901467201,1.265628822650857,-0.4997301890146055,-0.2352034245661815,-0.4110084014775622,-0.1989358506120605,1.0919528811195274,0.2292749572394399,-0.8646157247300631,0.5997205374243119,1.391107790809707,-0.7140970631473232,-0.5123755905828996,1.170148056989614,1.6686788010628426,1.6938060307793332,1.8290617135421896,1.1514215701402646,0.1309520392710856,0.3663176653433644,-0.4360062373960579,-0.7098622535055418,0.0162267295528516,0.398798868317965,0.0800561872578296,0.8801516669273817,-0.2449265049874135,-1.0901043590824209,1.3527697981544915,0.2939565253401415,0.0340765030382602,0.3586849631639285,-0.1720198342140334,1.1329967014577396,-0.3278618095318012,-0.0135584909576213,-1.6275602947263637,0.08460653134986504,-0.4132704019801349,-1.692271300070041,-0.010832824902663409,-0.5991020228669797,0.49341569826490406,0.9403613878249684,-1.2966756635172,1.361081302540617,0.4545479208040425,-1.1866067104551017,1.2537324603325126,1.76229676395103,1.083407573579194,-0.9993448150447098,-0.481600754334369
FR_028,47.227,5.074,True,0.466314207050283,0.8493704398274728,0.946881129715467,-1.0895611433176433,-1.0048877557923666,0.7409804481103434,-0.0883672199273581,0.0257616919224298,-0.3508433346114503,0.3983366411388193,-0.0996194643615002,0.0250718911844584,-0.6632474772053276,-0.32762089088251,-0.3448625708298153,1.2077348451154049,-0.6109979792935883,-0.0544400080148131,-0.5638319176605795,0.5018000628753708,1.1923198725026352,0.7012430794604017,-0.3837616703832991,0.7102013799351834,0.6461955289172611,0.2176878733482403,1.0012969336530104,0.0215934901280685,1.835582233803331,2.234742561372359,1.1360206329574916,1.4435427509464491,0.4428022696533095,0.740503729226324,-0.1191201946697154,-0.2388218744351977,-0.1714770609504049,0.398798868317965,-0.163527093403434,0.3540274861383882,-0.2449265049874135,0.0467275997979122,-0.4285717977572645,0.2939565253401415,1.1671805947166498,-0.1208688493598091,-0.1931277290501136,0.2123933432711018,-0.4065657687595275,0.5810863565869911,-1.6124177150095444,0.08460653134986504,-0.4132704019801349,-0.509961804756254,-0.00963233020050902,-0.22373399036823124,-1.095475168606134,0.3504207729258394,-1.212362859084269,1.6028034310942865,0.9280057542073242,-1.1595793065517843,1.6388606302841784,1.853103922269959,1.0945719509002851,-0.9993448150447098,-0.4085526050627548
FR_029,47.316,5.071,True,0.466314207050283,0.4533201762532197,0.5733361342037696,-0.6243512118469472,0.3884987220018012,0.0772721753502924,-0.0333998451392013,0.1756423628942968,0.0298866086708137,0.3086257741155616,-0.1257051974583017,0.0049012719608715,-0.0359676940286332,-0.0820080847228544,-0.0091917341265474,0.9430766620961952,-0.3954134479077613,-0.4869139687294781,-0.3950841898987024,-0.1795052722214706,0.6312709623757944,0.9842604696712604,0.2752731510554636,0.4550105757858323,2.5872667146312667,-1.472210044160317,1.348958799373403,-0.4954646581869207,-0.1035364121687119,0.1695941916433942,2.300329648339784,1.1514215701402646,0.3287107219524958,1.488875856992243,0.4794423304800425,0.4677386941703182,0.2039305200561082,0.398798868317965,1.0543893099028845,2.458524209294362,2.1593979017697653,-1.43593673492304,0.4929405698288996,0.2939565253401415,1.2723775713739682,-1.1878760822251255,-0.2953263853427899,0.996998478089259,0.1655145157002536,-0.2724038951829232,-1.2364035513045286,0.012076056686889328,-0.3456601818589402,-0.7182640194611571,0.2097349901816334,-0.5388239446555018,-1.4898598763206343,0.5528788526188908,-0.787379446484982,0.8384412140673436,0.2328789634945965,-0.2116254610577886,-0.1728257453041733,0.1372652016859669,1.4428438616022956,0.0248204417563505,-0.1136007625188613
IE_001,53.299,-6.536,False,0.466314207050283,0.6539344177347365,-0.4138899253628583,-0.1185807894761497,0.76946206611781,0.0311813230752798,-0.186729890600902,-0.0915362244903355,0.2678428232222287,-0.6781937631402732,-0.0213622650710956,0.1057543680788059,-0.4115364814083101,0.3142163478554577,0.8187963297415132,-0.0659326606645397,-0.3205213928074455,-0.4112848190552991,-0.3408530744698987,1.2815825864192592,0.063631156588108,1.0643532926480237,-0.8646157247300631,-0.6420043641948351,-0.6185677000086734,-1.004606737901339,1.1911907345770754,-0.2621099200653048,0.7174664340515063,0.7474663722730225,-0.3886697443288436,-0.3091843338906578,0.7470463968554791,1.8630619208752024,-0.4360062373960579,-0.7098622535055418,-0.3591808514536615,-0.1897732545788937,-0.3259159471776098,-0.1720966946506053,-0.2449265049874135,-1.2372670722060886,1.2514504229237473,0.2939565253401415,-0.9876607013284228,0.6703949413043581,0.1641879295779208,-0.101448710656161,-0.2057380687929623,0.7559818999824653,-0.6256794019888151,-0.5232823433969801,1.0398122150774503,1.3263313745806804,-0.6438629159233267,-0.6261050173779265,-0.2069034920867192,-0.1931987041005766,0.2856779239337045,-0.3066335940095804,-0.1219154586918353,-0.9466312511096364,1.4617295425742791,0.5454868625011379,0.1128915052923784,-0.1467739266023799,1.745233710711357
IE_002,53.299,-6.536,True,0.466314207050283,0.8013120717222505,-0.5011871952663994,-0.1490750173484907,0.3154372587466762,-0.0425640405647072,-0.1896229103265951,0.1430596083351953,0.0113789030945925,-0.6653779249940937,-0.0083193985226948,0.2469487026439141,-0.4235227193034062,0.2609230031227022,1.0649549433239096,-0.2065323203934946,-0.3570257420706528,-0.448148447520129,-0.4162863485806894,-0.3827771518071702,0.4875156304241876,0.3096562180203313,-0.8646157247300631,-0.6420043641948351,2.097107722954552,-0.3753906178544938,1.2731249054913694,0.4887871930631945,0.3912032681119823,-0.2949657947839648,-0.2916439930469859,-0.0170631530844733,0.5264694046339062,1.1146897931092834,-0.3303775564872771,-0.4743420639703698,-0.3591808514536615,-0.1897732545788937,0.4860283216932691,1.9324000285053688,0.2359383763640222,-0.7295557119294349,0.5395643489184336,-2.28683102021023,0.4406736151624413,0.0589638303365925,0.0703413180045569,0.3588529684371578,0.7275117762446481,0.602073821794448,0.5614191500218272,-0.5232823433969801,1.0398122150774503,1.3263313745806804,-0.6438629159233267,-0.6261050173779265,-0.2069034920867192,-0.1931987041005766,0.2856779239337045,-0.3066335940095804,-0.1219154586918353,-0.9466312511096364,1.4617295425742791,0.5454868625011379,0.1128915052923784,-0.1467739266023799,1.745233710711357
IE_003,53.299,-6.536,True,0.466314207050283,0.7699774818887122,-0.4682287774462682,-0.1516652781407452,-1.161448034196206,0.1786720503553093,-0.2098740484064421,0.0648609973933516,0.3471615614060337,-0.3663417015832346,-0.217005263297107,0.2872899410910879,-0.2037750245599782,0.2516545953430926,1.020198831763474,0.7942064341478904,-0.0762947100437657,-0.1646544345582833,-0.1238144548072427,0.0848131316139159,0.8300620754387252,1.334512286143133,-0.8646157247300631,-0.6420043641948351,-0.6185677000086734,-0.8156613002405338,-0.9630351627811912,0.2018927328452521,0.2704568483226041,0.3985456509642188,-0.3055048146586798,0.2750580277217112,1.9488106993040493,1.8630619208752024,-0.4360062373960579,-0.7098622535055418,-0.5468846419569181,-0.7783453774757525,-0.4071103740646977,-0.6982208754395988,-0.2449265049874135,-0.884076560709286,1.4501135023000822,-0.9964372474350444,-0.9913626477210556,-0.336668064995491,0.2842295904982189,1.404993148194701,0.3616786569562715,-0.0695250648441731,-0.5765855645911276,-0.5232823433969801,1.0398122150774503,1.3263313745806804,-0.6438629159233267,-0.6261050173779265,-0.2069034920867192,-0.1931987041005766,0.2856779239337045,-0.3066335940095804,-0.1219154586918353,-0.9466312511096364,1.4617295425742791,0.5454868625011379,0.1128915052923784,-0.1467739266023799,1.745233710711357
IE_004,52.292,-6.5,True,0.466314207050283,0.1145644046258111,-0.1357688366914282,0.019092274618459,0.665088547181916,-0.5219089042247459,-0.1693717722467471,-0.0524369190194137,-0.3058960496406274,0.2915379899206554,0.4481809306713319,-0.1766343010514104,-0.115875946662607,-0.3878655414499726,-0.4813687110891443,-0.0824737971032407,-0.2211566286441898,-0.3109420976387697,-0.3070156222204085,0.1537668167812347,0.2185094157709853,1.9297439108788264,-0.8646157247300631,-0.6420043641948351,-0.6185677000086734,1.4892056837735832,0.6029914024265468,1.056271241922124,1.2123720483153166,0.7571584129805866,-0.3886697443288436,-0.3091843338906578,0.6253487459746117,3.35980617640704,-0.4360062373960579,-0.7098622535055418,-0.5468846419569181,-0.7783453774757525,-0.4071103740646977,-0.6982208754395988,-0.2449265049874135,3.140823643223026,3.3519299795801434,0.2939565253401415,-0.0492172907959802,2.157011760127945,3.681233960880341,0.5471582007935155,-0.1232545770937759,1.4905431822434572,0.3170657320651552,-0.2768984571804044,0.9571607308984454,0.5024453622854703,-0.7789185699157002,-0.4102296107711579,0.7300777326328884,0.3734964790863714,-0.1586106101865658,0.0065398243172953,0.2754739014566733,-0.6998865765607133,1.6457182074960015,0.1711008851992944,0.4380009508975745,-0.1371381650004849,0.9926929759197176
IE_005,52.292,-6.5,True,0.466314207050283,-0.2421480955272117,-0.2723303665450249,0.3121260720771363,0.8738355850537016,-0.2730183019397268,-0.1606927130696697,-0.143668631784898,-0.3455554187325299,-0.0886652084160083,-0.0996194643615002,-0.3783404932872792,0.1478212870295065,-0.3137182792130955,-0.8170395477924122,-0.1403677746386922,-0.0985758643722132,-0.1871548820805538,-0.2563354176068323,0.2421505163752484,-1.342740262241462,1.3407589673836096,-0.8646157247300631,-0.6420043641948351,0.7587261763467392,0.7653704743876307,1.4692990846571452,1.3760818531241947,0.305373637997801,0.1252118022118085,-0.4163913875522315,-0.8934266955030267,0.3591351346727128,1.488875856992243,-0.4360062373960579,-0.7098622535055418,-0.5468846419569181,-0.7783453774757525,-0.2447215202905219,0.3540274861383882,-0.2449265049874135,0.6316993844644915,1.477340825489319,2.874744070890513,0.7140006571518378,2.7924205617218973,2.801080302823354,0.2123933432711018,-0.1960394041119613,1.315647638847983,1.2019502720432795,-0.2768984571804044,0.9571607308984454,0.5024453622854703,-0.7789185699157002,-0.4102296107711579,0.7300777326328884,0.3734964790863714,-0.1586106101865658,0.0065398243172953,0.2754739014566733,-0.6998865765607133,1.6457182074960015,0.1711008851992944,0.4380009508975745,-0.1371381650004849,0.9926929759197176
IE_006,52.292,-6.5,False,0.466314207050283,-0.1279977120129712,-0.258384432074468,0.2371052920275878,-1.0570745152603132,-0.6601814610497566,-0.1635857327953628,0.1104768537760937,-0.2768125123065656,-0.0245860176851098,0.3699237313809273,-0.1766343010514104,-0.0199860435018383,-0.3531090122764365,-0.4925577389792532,0.0415847261870139,-0.2618375113282784,-0.3520233653549721,-0.3105731325262761,0.1286071195619515,-0.31690357307252,1.421248329125553,-0.8646157247300631,-0.6420043641948351,1.4473731145244455,1.1984735659361971,1.631032203039565,1.294370960432929,0.6418180721734876,0.6055903740275136,-0.4302522091639255,-0.6013055146968422,0.5264694046339059,2.2372479847581617,-0.4360062373960579,-0.7098622535055418,-0.3591808514536615,-0.1897732545788937,-0.0823326665163461,0.8801516669273817,-0.2449265049874135,1.9855963452022345,2.544507324649764,-0.9964372474350444,0.543711123090724,1.2578483616459368,0.0160530273290268,-0.4571363717737257,-0.321276454649325,-0.1045041735232679,-0.7553477030375775,-0.2768984571804044,0.9571607308984454,0.5024453622854703,-0.7789185699157002,-0.4102296107711579,0.7300777326328884,0.3734964790863714,-0.1586106101865658,0.0065398243172953,0.2754739014566733,-0.6998865765607133,1.6457182074960015,0.1711008851992944,0.4380009508975745,-0.1371381650004849,0.9926929759197176
IE_007,53.519,-6.658,True,0.466314207050283,0.9096716398065136,-0.5685212522410026,-0.1695115850986187,0.6129017877139702,-0.2638001314847243,-0.1722647919724402,-0.0654700208430544,0.1118493047940789,-0.0160421255876568,0.3438379982841257,0.2469487026439141,-0.3316282287743363,-0.3901826433948751,0.863552441301949,0.0912081355031153,-0.084063660372686,-0.1724998476191235,0.1790421047862358,-0.4173969980490908,0.3094489647087112,1.4157655595633043,-0.8646157247300631,-0.0078258285717414,-0.6185677000086734,-3.630056348425308,-0.0170941953476345,0.9323898869214812,-1.6290795968819298,-0.5430629476441003,-0.2639223498235979,-0.0170631530844733,0.1613764519913026,1.1146897931092834,-0.4360062373960579,-0.7098622535055418,1.3301532630756476,0.398798868317965,-0.0823326665163461,-0.1720966946506053,-0.2449265049874135,-1.833276060356943,1.8382835700687603,0.2939565253401415,0.0134073023460597,0.9101718475662268,-0.3982083907488644,0.0031653073195932,4.537434251170162,0.7769693651899222,0.7962885312084913,-0.5397238535502296,0.9271013685507832,0.7813082051682025,-0.6189757372902023,-0.29581349955484776,-0.3452781536834448,0.5863417625403317,-0.161104476635446,-0.1225920358495756,0.6842752444743347,-1.0473031855354158,0.9969291414473936,0.1526397123527502,0.193158394325224,-0.6393496786262345,2.041104600713253
IE_008,53.519,-6.658,False,0.466314207050283,0.6699701939064482,-0.6687125097856175,0.0327093569875495,0.6285578155543541,-0.549563415589748,-0.1664787525210549,-0.1045693263139762,-0.046788171573531,0.1719235005563118,0.2786236655421219,0.2872899410910879,-0.3036603403524455,-0.3461577064417292,1.2216013337854346,0.2483489316707711,-0.1107706520271098,-0.1994696919700892,0.2027384321736966,-0.2766286335255505,0.5292239532384908,0.6192763034832798,-0.8646157247300631,1.3863042520001925,0.7587261763467392,-0.124092754456312,0.3546477960581652,1.5733815615575786,0.6629780724549471,0.3319756630078894,-0.1946182417651282,-0.0170631530844733,0.5568938173541231,1.1146897931092834,-0.4360062373960579,-0.7098622535055418,0.2039305200561082,0.9873709912148236,-0.2447215202905219,0.3540274861383882,-0.2449265049874135,-0.4131558787135493,-0.9691425904568486,1.5843502981153277,0.6325578365139138,1.401714505403058,-0.2604755805594775,-0.8651310418791675,-0.4348161724868817,1.5325181126583711,1.2958342662875586,-0.5397238535502296,0.9271013685507832,0.7813082051682025,-0.6189757372902023,-0.29581349955484776,-0.3452781536834448,0.5863417625403317,-0.161104476635446,-0.1225920358495756,0.6842752444743347,-1.0473031855354158,0.9969291414473936,0.1526397123527502,0.193158394325224,-0.6393496786262345,2.041104600713253
IE_009,53.519,-6.658,True,0.466314207050283,0.6242849357505825,-0.2488011840364661,-0.2054199766840131,0.8373048534261397,-0.4942543928597437,-0.1693717722467471,-0.3587148118749679,0.0431063983681145,-0.3321661331934221,0.0177663345741066,-0.0556105857098891,-0.3036603403524455,-0.2117657936373895,0.7516621624008596,0.049855294406364,-0.1370874524220586,-0.2260455047629029,0.1560797222386323,0.4928985689075966,-0.0587731411010583,0.9034850433071966,-0.8646157247300631,-0.6420043641948351,2.4609599706943985,-0.4818621805123794,-0.8360116246189429,1.471395232917157,-0.9102316298792242,0.2460128975023593,-0.2916439930469859,-0.3091843338906578,0.4732266823735265,1.1146897931092834,-0.4360062373960579,-0.7098622535055418,-0.3591808514536615,-0.1897732545788937,0.1612506141449175,1.9324000285053688,-0.2449265049874135,-1.0974624947386042,-1.3327357824263928,0.2939565253401415,2.395609806005337,0.8981830022531334,-0.5326003830505264,0.976075674494108,7.805551137331014,0.2872618436825943,-0.5138634054483028,-0.5397238535502296,0.9271013685507832,0.7813082051682025,-0.6189757372902023,-0.29581349955484776,-0.3452781536834448,0.5863417625403317,-0.161104476635446,-0.1225920358495756,0.6842752444743347,-1.0473031855354158,0.9969291414473936,0.1526397123527502,0.193158394325224,-0.6393496786262345,2.041104600713253
IE_010,52.623,-6.563,True,0.466314207050283,1.1495856027163025,-0.0565977416037864,-0.6313378236783825,0.7329313344902468,-0.8076721883297671,-0.1317625158127452,1.048860185078217,0.0298866086708137,0.6888289724522254,-0.6343769928459315,-0.2774873971693448,-0.2477245635086638,0.3814123042576276,1.020198831763474,-0.620060731361009,0.0817710415758918,-0.0050329851055726,0.4383143482519668,1.237602400137931,-0.2932713060381015,1.5888111536766778,-0.8646157247300631,-0.6420043641948351,1.564391446487536,-0.2375070550490892,-0.0645418284537321,0.8166201708549324,-0.2585407623316565,0.7284320223128006,-0.1668965985417403,-0.3091843338906578,0.6633792618748824,2.2372479847581617,-0.4360062373960579,-0.7098622535055418,-0.5468846419569181,-0.7783453774757525,-0.163527093403434,0.8801516669273817,0.7168032577154579,-0.6633324910237844,-1.0584144775507625,-0.9964372474350444,-1.3467495014138149,0.1908411287806203,-1.3835978122691857,1.38407034459955,0.0623524971911127,-0.3143788255978371,-1.1398098322688188,-0.5627157952313253,1.1363367835978613,0.5035996084094647,-0.694468384906452,0.22546313409107038,-0.9044594045478176,-0.0175729977119032,0.0596758111365964,-0.0770065255737866,0.0233079940248146,-0.6204696268892644,0.7909748485039829,0.1975812896891865,0.3546543813376372,0.0774407203762929,0.172160955958908
IE_011,52.628,-6.559,True,0.466314207050283,1.527007318959969,-0.0261679181392917,-0.8695010726315466,0.5241842966184619,-0.9551629156097774,-0.1346555355384374,1.283456017903748,0.1356449262492203,-0.5671231658733827,-0.164833797103504,-0.1161224433806497,-0.3955548308815153,0.3281189595248722,0.997820775983256,-0.0824737971032407,0.2330371362240891,0.1477218845191601,0.6443552039378377,0.657993043544371,0.4632401303922727,0.8426487178246952,0.0908658264321849,-0.6420043641948351,1.4473731145244455,0.3554063026001708,1.108642762981805,1.3980873424479914,0.7969394597200607,0.9113917821407712,-0.2777831714352919,-0.0170631530844733,0.9067745636366182,1.488875856992243,-0.365587116790204,-0.2388218744351977,-0.5468846419569181,-0.7783453774757525,-0.0823326665163461,0.8801516669273817,-0.2449265049874135,0.0283322606574538,-0.6991583813104774,0.2939565253401415,0.6732792468328758,1.6295025663518334,0.0354905132212445,1.1748423086480413,-0.1660465718553917,0.5251197827004394,-0.3345433824859701,-0.5627157952313253,1.1363367835978613,0.8691926909367828,-0.7871835142113018,-0.4550090264852158,-0.9570559216675736,0.8293388464452218,-0.226867536699401,-0.1755695331128418,0.7145225104991418,-0.9872194207988102,1.545573565829491,0.2580839284285228,0.1007006697785202,0.1301436049359506,0.3476625669913725
IE_012,52.623,-6.563,True,0.466314207050283,1.1876309919700354,-0.0122758338677035,-0.681344893425385,0.5085282687780779,-0.4205090292197372,-0.1693717722467471,1.2508732633446464,0.1092053468546187,-0.1911919135854456,0.2134093328001181,0.0452425104080453,-0.3675869424596245,0.2956795322962384,0.5950157719393346,0.2483489316707711,-0.1382451138889192,-0.227214560041623,0.0504921382248063,1.118509922218122,0.7480787175758472,1.2612455014702293,-0.8646157247300631,0.7102013799351834,1.6907919437404906,0.3344693237110739,-0.2116422062359291,1.604854309656165,0.7900011895102625,0.5011302478440381,-0.2777831714352919,0.2750580277217112,0.8991684604565641,2.6114340486411214,-0.4360062373960579,-0.7098622535055418,-0.1714770609504049,0.398798868317965,0.4860283216932691,1.4062758477163753,3.121127664472637,-0.0084584176234631,-0.5565161217704043,0.2939565253401415,0.4412906062278802,1.2218818257066564,0.155608101820809,1.1853037104456168,-0.1398076481213231,0.9728523737928534,-0.0812638122751731,-0.5627157952313253,1.1363367835978613,0.5035996084094647,-0.694468384906452,0.22546313409107038,-0.9044594045478176,-0.0175729977119032,0.0596758111365964,-0.0770065255737866,0.0233079940248146,-0.6204696268892644,0.7909748485039829,0.1975812896891865,0.3546543813376372,0.0774407203762929,0.172160955958908
IE_013,52.137,-7.946,False,0.466314207050283,0.2144539270287646,-0.6251143186668168,0.2695302877268508,0.665088547181916,-0.3559818360347332,-0.1722647919724402,0.0648609973933516,-0.3032520917011673,-0.7508168459686247,0.1481950000581143,-0.2169755394985841,-0.6113071129932447,0.0917745611448263,0.7740402181810775,0.049855294406364,-0.2712069553305227,-0.3614850242967706,-0.1303418713416432,1.2297413700198376,0.3578330478102081,0.5931517089811047,-0.8646157247300631,-0.6420043641948351,-0.6185677000086734,-0.0475375248767546,-1.0805550249663332,1.4148249396910382,-0.6402339294471294,0.0782014665986437,-0.3332264578820678,-0.0170631530844733,0.617742642794557,1.1146897931092834,-0.4360062373960579,-0.7098622535055418,-0.5468846419569181,-0.7783453774757525,-0.4071103740646977,-0.6982208754395988,-0.2449265049874135,-0.5750348631495839,-0.8869787213636646,0.2939565253401415,-0.1544142674532987,1.4496698866554318,-0.1707290636665033,-0.4152907645834239,0.1465015455726375,-0.2304289647680094,-0.7680196513269156,-0.5805310288555481,1.3277163105993184,0.28984071984158194,-0.7249886540650703,0.5237174805536676,1.7667882606108165,0.2861662759044718,-0.1635233662927531,0.068433400660308,-0.00098067374426,-0.6755735593524614,0.3061547360489164,0.0774958158399971,0.4354346524412616,-0.7113456966935542,0.0926777219117504
IE_014,52.144,-7.948,False,0.466314207050283,0.12366804838996,-0.6864747357969807,0.3608761961458363,0.6807445750223005,-0.4850362224047412,-0.1635857327953628,-0.2544499972858431,-0.4936170633422992,-0.7721765762122577,-0.0344051316194964,-0.2169755394985841,-0.4235227193034062,-0.3971339492295823,0.2369668794558489,-0.6614135724577603,-0.2982788634989179,-0.3888233767039882,-0.164175841206794,1.6109061019529074,-0.31690357307252,1.1314832283991691,-0.8646157247300631,0.5997205374243119,-0.6185677000086734,0.3105686187542004,-0.5801538327668707,0.7579795006513269,-0.6875118538578382,-0.6777503443013033,-0.4302522091639255,-0.6013055146968422,0.7242280873153163,2.6114340486411214,-0.4360062373960579,-0.7098622535055418,0.0162267295528516,0.398798868317965,-0.163527093403434,-0.1720966946506053,-0.2449265049874135,0.3815227721542563,-0.4204999807055881,-0.9964372474350444,-1.883223232812867,1.0060826100709743,-0.9342578063701829,0.1391635306880738,-0.0192469682689863,-0.4822785472574923,-0.3955918880811465,-0.5805310288555481,1.3277163105993184,0.28984071984158194,-0.9890051427927256,-0.3934930359336884,0.08631606170174058,-0.2209518666229064,0.7606142032257955,-1.0022662746737654,-0.2841525027282657,-0.236153057442299,0.0299417837936588,-0.2771416835356828,0.2682923804966531,-0.7113456966935542,-0.1062504859382663
IE_015,52.138,-7.946,True,0.466314207050283,0.3677960366707575,-0.3492231198409691,0.0066866764459075,0.7329313344902468,-0.8261085292397692,-0.12597647636136,-0.2153506918149212,-0.2292212693962826,-0.4987720290937579,0.0699378007677097,-0.0757812049334759,-0.2876786898256507,-0.2511565267007304,0.6845279950602061,-0.6944958453351615,-0.1926488409023367,-0.2821537335977454,0.0504192720026121,0.4893083916269088,0.7089331160964221,1.2520207096357368,-0.8646157247300631,0.7102013799351834,-0.6185677000086734,0.1410896158080113,1.3590430438503285,1.661356392044775,1.2059186444688283,0.528630362197173,-0.4025305659405375,-0.0170631530844733,0.3819534442128756,1.488875856992243,-0.4360062373960579,-0.7098622535055418,-0.1714770609504049,0.398798868317965,-0.4071103740646977,-0.6982208754395988,0.2359383763640222,-0.1261885881223972,-0.5413362867179979,0.2939565253401415,-2.1186053242777763,2.324855594511253,-0.4095216149595693,0.4320827810201858,-0.2439433766909079,-1.1888565425752082,-1.590102334374232,-0.5805310288555481,1.3277163105993184,0.28984071984158194,-0.7163081539110306,-0.40628479678086676,-1.1439921269480195,0.2861662759044718,-0.1635233662927531,0.068433400660308,-0.00098067374426,-0.6755735593524614,0.3061547360489164,0.0774958158399971,0.4354346524412616,-0.7113456966935542,0.0926777219117504
IE_016,53.299,-6.536,False,-0.6938242193255426,1.1720904352831687,-0.3146982736110903,-0.4817352922304621,-0.1855556321456087,0.6948895958353308,-0.2330182062119822,-0.0524369190194137,0.320721982011432,-0.4218770002166798,0.330795131735725,0.4284842756561961,0.0079818449200523,0.1798244350511178,1.176845222224999,0.9678883667542464,-0.3971005152325479,-0.4442837732885178,-0.1951589659078303,1.20651408901716,-0.0687064564367078,0.7076826235933369,-0.8646157247300631,-0.6420043641948351,-0.6185677000086734,-0.0652028933117912,-0.7095916609398849,1.018385511903367,1.317093434335861,-0.608556552570172,-0.2500615282119039,-0.3091843338906578,0.7090158809552081,1.8630619208752024,-0.4360062373960579,-0.7098622535055418,-0.3591808514536615,-0.1897732545788937,-0.4071103740646977,-0.6982208754395988,-0.2449265049874135,-0.5897511344619506,-0.967335467236324,-0.9964372474350444,2.7944945298115327,0.8142610850614793,-0.4061807970718444,1.3003791302189465,-0.1051512571542061,-0.7761030601618891,-0.984478843489447,-0.5232823433969801,1.0398122150774503,1.3263313745806804,-0.6438629159233267,-0.6261050173779265,-0.2069034920867192,-0.1931987041005766,0.2856779239337045,-0.3066335940095804,-0.1219154586918353,-0.9466312511096364,1.4617295425742791,0.5454868625011379,0.1128915052923784,-0.1467739266023799,1.745233710711357
IE_017,53.299,-6.536,True,0.466314207050283,1.119055446381935,-0.3639096357204947,-0.4199495982070101,0.2632504992787292,0.4275626526403286,-0.2214461273092117,-0.1176024281376167,0.4529198789844403,0.1377479321664993,0.0699378007677097,0.3276311795382617,0.1238488112393143,0.1844586389409227,1.1992232780052168,0.9430766620961952,-0.4005461322966995,-0.3622307362030925,-0.1309315984375988,1.4227465765769851,0.4974901576618073,1.2773054091861178,-0.8646157247300631,0.7102013799351834,1.4775745453329503,-3.953169606168577,-0.1814829582169747,0.7984300298905902,0.5094321243330859,0.780869413114399,0.4845620172078757,0.8593003893340802,0.8535318413762383,2.2372479847581617,-0.400796677093131,-0.4743420639703698,-0.1714770609504049,0.398798868317965,-0.0011382396292582,0.8801516669273817,-0.2449265049874135,-2.1938247075099286,0.3589725017473446,1.5843502981153277,0.6766726976927893,0.6344284053650777,-0.5047349247597298,0.5471582007935155,-0.0265369817478364,1.084785521565957,-0.2200973589420102,-0.5232823433969801,1.0398122150774503,1.3263313745806804,-0.6438629159233267,-0.6261050173779265,-0.2069034920867192,-0.1931987041005766,0.2856779239337045,-0.3066335940095804,-0.1219154586918353,-0.9466312511096364,1.4617295425742791,0.5454868625011379,0.1128915052923784,-0.1467739266023799,1.745233710711357
IE_018,53.299,-6.536,True,-0.3071114105336007,1.0478966896199644,-0.4548737628695969,-0.321334784608795,0.2319384435979619,0.2892900958153179,-0.2156600878578273,0.051827895569711,0.162084505643822,0.2530904754821165,0.1742807331549158,0.4889961333269567,0.2357203649268776,0.2748256147921167,1.154467166444781,0.9182649574381442,-0.3079072796275118,-0.3871444933187038,-0.08078721778699,-0.7755892554398838,0.9830778683917574,1.1148190776252078,-0.8646157247300631,0.7102013799351834,0.4988006928299944,0.2176878733482403,1.005903380669266,0.2566387785022518,1.0178999947302008,0.0704502098327979,0.0132940824102811,1.1514215701402646,1.4087773735201978,2.6114340486411214,-0.400796677093131,-0.4743420639703698,-0.1714770609504049,0.398798868317965,-0.0823326665163461,0.3540274861383882,-0.2449265049874135,-0.4057977430573659,-0.8213199110179384,0.2939565253401415,0.8636209905207513,0.5385176428603302,0.1192387434521672,0.3379301648420069,-0.2035344091824839,-0.2933913603903801,-0.7805322040402873,-0.5232823433969801,1.0398122150774503,1.3263313745806804,-0.6438629159233267,-0.6261050173779265,-0.2069034920867192,-0.1931987041005766,0.2856779239337045,-0.3066335940095804,-0.1219154586918353,-0.9466312511096364,1.4617295425742791,0.5454868625011379,0.1128915052923784,-0.1467739266023799,1.745233710711357
IE_019,52.865,-6.908,True,-0.3071114105336007,0.7198314354403641,-0.829495256927437,0.1051076525726766,-2.4139302614269185,0.916125686755348,-0.2619484034689067,-0.0980527754021559,-0.1155310779994954,-0.6397462487017342,0.2264521993485188,0.1864368449731535,-0.4434997824618996,-0.0982277983371714,0.863552441301949,-0.2230734568321955,-0.6039317334420699,-0.6974845106294684,-0.5872221051204193,0.8935835173204154,0.6288440914385622,0.2470573851036731,0.0908658264321849,-0.6420043641948351,-0.6185677000086734,0.3908935108677298,0.649235570227488,1.3905849290747916,1.0353544389676366,0.5008140120740909,-0.3886697443288436,-0.0170631530844733,-0.0744127465903787,0.3663176653433644,-0.365587116790204,-0.2388218744351977,-0.5468846419569181,-0.7783453774757525,-0.4071103740646977,-0.6982208754395988,-0.2449265049874135,0.2564344659991387,-0.7603596210455762,0.2939565253401415,-0.2090179767446341,1.1739264444542827,-0.1608584653618615,0.6099266115789681,-0.1862126196861651,0.3502242393049651,-0.9483757455330308,-0.6203268618093661,1.1559372133789647,0.3540675168100644,-0.7556474418431681,-0.5646385433200011,0.047827765362980175,-0.1095381696671746,0.2959544187427727,-0.3742881261893935,-0.5998747038949245,-0.0525690056175819,1.0553552353068378,0.212969450409832,-0.0256344584125647,-0.9227514814110132,0.238318001865024
IE_020,52.865,-6.908,False,0.466314207050283,0.6521300524858498,-0.8433922724121299,0.1531471938330035,-2.152996464087187,0.8792530049353541,-0.247483304840444,-0.0785031226666949,-0.0890914986048937,-0.1399285610007269,-0.164833797103504,0.2469487026439141,-0.0399631066603317,-0.1028620022269761,0.7292841066206418,0.066396430845065,-0.5083324467020651,-0.6009443268153097,-0.4519718284050454,0.8167402120275291,0.6582580907089911,0.264155373862132,-0.8646157247300631,-0.6420043641948351,0.2767042008213207,0.2590934255031528,-0.7173183585268615,1.3702340785812526,-0.0672505940764127,0.5446127716831893,0.0548765472453629,0.2750580277217112,0.1841947615314654,0.3663176653433644,-0.4360062373960579,-0.7098622535055418,-0.5468846419569181,-0.7783453774757525,0.0800561872578296,0.3540274861383882,-0.2449265049874135,-0.0231746889358298,-0.674942930155448,0.2939565253401415,0.2509488625400047,1.0060826100709743,-0.365407633305747,-0.0177574962755576,0.1997865474329848,0.7210027913033705,-0.3088009969673775,-0.6203268618093661,1.1559372133789647,0.3540675168100644,-0.7556474418431681,-0.5646385433200011,0.047827765362980175,-0.1095381696671746,0.2959544187427727,-0.3742881261893935,-0.5998747038949245,-0.0525690056175819,1.0553552353068378,0.212969450409832,-0.0256344584125647,-0.9227514814110132,0.238318001865024
IE_021,52.865,-6.908,True,-1.4672498369094265,0.5225579806612866,-0.7998146541552023,0.2008633634670615,-0.9892317279519828,0.8055076412953394,-0.2503763245661371,-0.1045693263139762,-0.1631223209097784,-0.4218770002166798,0.0177663345741066,0.2066074641967404,-0.2796878645622533,-0.0472515555493183,0.6397718834997703,-0.6366018677997101,-0.5048023381037261,-0.5973794745597231,-0.4968697031948268,1.118756965068404,0.7667144711893588,0.4098255443564343,-0.8646157247300631,1.5011910335109906,-0.6185677000086734,-0.3791749579343647,-2.281837081570101,0.963948335298024,0.7530583163552322,0.4379364088657592,-0.2223398849885161,0.5671792085278956,0.0168604915702721,0.3663176653433644,-0.4360062373960579,-0.7098622535055418,0.0162267295528516,0.9873709912148236,0.1612506141449175,-0.1720966946506053,-0.2449265049874135,-0.7663463902103519,-0.7655400409444133,-2.28683102021023,-1.488657446464743,0.2148188194068072,-0.4312369312297813,1.4363773535874271,-0.0040647785107483,0.7419902565108274,-0.1064483132778829,-0.6203268618093661,1.1559372133789647,0.3540675168100644,-0.7556474418431681,-0.5646385433200011,0.047827765362980175,-0.1095381696671746,0.2959544187427727,-0.3742881261893935,-0.5998747038949245,-0.0525690056175819,1.0553552353068378,0.212969450409832,-0.0256344584125647,-0.9227514814110132,0.238318001865024
IE_022,53.289,-6.248,True,-1.4672498369094265,0.6868411667537703,-0.2048954219044821,-0.2693863422612338,0.5607150282460244,-0.96438108606478,-0.1896229103265951,0.0192451410106095,0.5851177759574486,-0.691009601286453,0.2003664662517174,0.3074605603146748,0.1717937628196988,1.4171568736290052,1.6467843936095738,0.7445830248317882,0.3034318337888552,0.2372344225374959,0.6479222025196882,0.7821560568012317,0.9787259015471774,1.0024602140466703,1.4656715919216217,2.696917205098628,1.3894478379731623,0.0129886800083417,-1.009486878786919,0.6595006798403567,0.5310264714124596,0.3456813146558697,0.7895000926651428,1.4435427509464491,-0.0059578179698906,1.1146897931092834,2.592015948655659,1.6453396418461783,2.644079796598444,3.341659482802259,3.2466388358542573,1.9324000285053688,-0.2449265049874135,-0.236560622965148,-0.6324152970324364,-2.28683102021023,-3.1616287204020983,1.3897256600899646,0.1574303661232045,1.38407034459955,-0.0157364872615963,0.6720320391526378,-0.4048368314872045,-0.630089713268703,1.1293323206916193,-0.7000813028395428,-0.7256812471624672,-0.12998276248181437,-0.2156462722992043,0.3862892896395905,-0.031411080973867,-0.1923940502757886,-0.2506923284575149,0.7669565705017218,0.6808416694165198,0.746336555040493,0.0314057162774214,-0.5074670094561473,1.0528793679739568
IE_023,53.289,-6.248,True,-3.400813880869136,0.3458303641022152,-0.3287696474642475,0.0065412983423229,0.5607150282460244,-0.3191091542147314,-0.1983019695036725,-0.0068210626366716,0.1303570103702999,-0.3022625108523363,-0.0474479981678971,-0.0354399664863022,0.207752476504987,0.4648279742741144,0.7740402181810775,0.7859358659285403,-0.0190218150798337,-0.0753345174078509,0.2732226942491842,1.1873089113934467,1.1004307697731712,1.1725569742302713,0.0908658264321849,1.5011910335109906,0.4527435937965974,0.403184859445292,-0.4114754122777358,0.4264397743925482,0.3389030075518541,0.1732916567872491,0.0548765472453629,0.8593003893340802,0.4580144760134181,2.2372479847581617,-0.365587116790204,-0.2388218744351977,0.0162267295528516,0.9873709912148236,3.2466388358542573,1.4062758477163753,-0.2449265049874135,0.6390575201206748,-0.188947258715706,1.5843502981153277,0.6942569430577956,0.7543168584960122,-0.1179593265763027,0.3588529684371578,-0.303339690377989,-0.7201364862753373,-1.0600323464975765,-0.630089713268703,1.1293323206916193,-0.7000813028395428,-0.7256812471624672,-0.12998276248181437,-0.2156462722992043,0.3862892896395905,-0.031411080973867,-0.1923940502757886,-0.2506923284575149,0.7669565705017218,0.6808416694165198,0.746336555040493,0.0314057162774214,-0.5074670094561473,1.0528793679739568
IE_024,53.289,-6.248,True,0.466314207050283,0.7640133395801324,-0.5447613914725555,-0.099972392217322,0.665088547181916,-0.8814175519697734,-0.1520136538925923,0.4493375011907495,0.5851177759574486,-0.8832471734791482,0.435138064122931,0.7108729447864125,-0.6832245403638211,1.9222850976177304,1.6915405051700096,-0.2065323203934946,0.0369299268095634,-0.0503154302952144,0.2868544104019738,0.0581500335122035,0.3374771880546862,1.1982663753396332,0.6152292676378182,-0.0078258285717414,1.6405026731745551,0.3570861815137099,0.5566392442038854,0.5086001426618658,-0.8652846006691689,0.8602300906963349,0.1380414769155268,0.5671792085278956,0.906774563636618,1.488875856992243,-0.1543297549726424,0.2322185046351462,1.3301532630756476,0.398798868317965,0.8108060292416207,1.4062758477163753,-0.2449265049874135,0.4035971791228065,-0.297977026354022,0.2939565253401415,0.4033456557033928,0.2268076647199007,-0.0730101404505491,-0.1642171214416136,-0.1105450984100864,0.0843830133438442,-0.7990220908524034,-0.630089713268703,1.1293323206916193,-0.7000813028395428,-0.7256812471624672,-0.12998276248181437,-0.2156462722992043,0.3862892896395905,-0.031411080973867,-0.1923940502757886,-0.2506923284575149,0.7669565705017218,0.6808416694165198,0.746336555040493,0.0314057162774214,-0.5074670094561473,1.0528793679739568
IE_025,53.307,-6.234,True,0.0796013982583411,0.6239836430536998,-0.7045994647848745,0.0820081304216421,0.701619278809479,-1.3791987565398118,-0.1722647919724402,0.7751650467817646,0.9023927286926686,-0.652562086847914,0.1742807331549158,0.5696786102213043,-0.5473805108860657,2.7332707783335746,1.915321062972188,0.562630524006082,0.8033761430754214,0.7236742209372875,0.9483129079522564,0.6207638519912375,-0.5105013970511164,1.1662847850719935,1.9695226124129628,-0.6420043641948351,0.6461955289172611,-0.3967556027367412,-0.212928092802823,-0.0375637003501888,-1.136130435195961,0.0878499427624724,-0.4025305659405375,-0.6013055146968422,-0.0135639211499448,1.8630619208752024,1.5357291395678507,1.8808598313813505,0.3916343105593647,-0.1897732545788937,-0.163527093403434,0.3540274861383882,-0.2449265049874135,-0.8178533398036355,-0.8093928977624762,1.5843502981153277,-0.1744664770800603,1.0420491460102548,0.2180206541778521,0.2437775486638281,-0.1360921755222606,0.5950780000586291,0.0100698527536416,-0.45483395266951404,0.9876656076215491,-0.3600686844874714,-0.883084571764177,-0.1697610123420723,0.8075771897737426,0.4383961580060597,0.3404468808941842,-0.7831444951568393,-0.4074054249833755,0.8350150227509371,0.0500436330586365,-0.193705554302338,-0.1279731051034126,-0.5375357190231705,1.274322485975521
IE_026,53.307,-6.234,True,-2.627388263285252,0.7122849131593747,-0.5571205976657005,-0.0621697591965002,0.7172753066498629,-0.8353266996947691,-0.1577996933439775,0.2538409738361403,0.6908760935358553,-0.5201317593373908,0.330795131735725,0.3881430372090223,-0.5313988603592708,2.0844822337608995,1.8705649514117524,-0.0493915242258395,0.2667402336102848,0.181756690925391,0.5693153298580235,0.3002276588724962,-0.3320570930959975,1.7143441925165437,1.630759631445002,1.5011910335109906,0.4988006928299944,-0.0868358633332655,-0.3097222270527521,0.8028415223215261,-1.0164599329179171,-1.498270085847157,-0.3609481011054557,-0.6013055146968422,0.4656205791934722,2.2372479847581617,0.3738136495712617,1.4098194523110064,0.5793381010626214,0.9873709912148236,1.2167781636770605,0.3540274861383882,-0.2449265049874135,-0.2144862159965979,-0.8552938275638005,0.2939565253401415,-0.5940204015784567,1.4137033507161514,0.2618309251146085,-0.6768258095228097,0.2012086766002122,0.126357943758758,2.289267193498881,-0.45483395266951404,0.9876656076215491,-0.3600686844874714,-0.883084571764177,-0.1697610123420723,0.8075771897737426,0.4383961580060597,0.3404468808941842,-0.7831444951568393,-0.4074054249833755,0.8350150227509371,0.0500436330586365,-0.193705554302338,-0.1279731051034126,-0.5375357190231705,1.274322485975521
IE_027,53.307,-6.234,True,0.466314207050283,0.4135309799218887,-0.7870672321011151,0.2560887867291041,0.7172753066498629,-0.9828174269747796,-0.1549066736182854,0.5210195612207728,1.4576238959793035,-0.7380010078224452,0.3047093986389235,0.5696786102213043,-0.6472658266785329,2.571073642190405,1.5348941147084847,0.8603709799026927,0.3301566096898618,0.3087440468349828,0.6923206477864878,0.5258723664734783,0.7692665626309267,1.6335446484138127,1.032394340018775,1.301360584580895,1.985979189462848,0.0502324353370163,-0.95511323940542,0.8470434392683398,-0.8723409631485092,0.1304871672742019,-0.3332264578820678,0.2750580277217112,0.3211046187724415,2.9856201125240807,1.1484239762356545,0.7032588837054903,3.3948949586114696,1.5759431141116824,0.3236394679190933,1.4062758477163753,-0.2449265049874135,-0.2512768942775148,-0.8368611707144498,-0.9964372474350444,-0.8929525727835641,0.970116074131694,-0.0443094776878213,0.7459248349474488,0.0578811180977583,-0.0345459561650782,-0.7888207739905463,-0.45483395266951404,0.9876656076215491,-0.3600686844874714,-0.883084571764177,-0.1697610123420723,0.8075771897737426,0.4383961580060597,0.3404468808941842,-0.7831444951568393,-0.4074054249833755,0.8350150227509371,0.0500436330586365,-0.193705554302338,-0.1279731051034126,-0.5375357190231705,1.274322485975521
IE_028,51.896,-8.495,True,0.0796013982583411,-0.2743866872057571,-0.644568185250691,0.5654231878893579,0.5085282687780779,-1.250144370169801,-0.1896229103265951,-0.2414168954622025,-0.2768125123065656,0.3000818820181083,-0.1257051974583017,-0.3581698740636924,-0.4674722582520917,6.626002045769623,12.365873112333928,0.3475957503029747,0.1806686742151347,0.0948380072350253,0.3514469936353754,0.3722744094447155,0.5736252457466333,-1.0918475875240965,0.9717511125952184,0.0385044468701009,0.1963395947389579,0.2476007979690923,-0.7525327263249237,1.1347349006078014,-0.1334895149604821,-0.0232799501507481,1.0389948816756345,0.5671792085278956,0.0016482852101636,-0.3820544624225545,-0.2599584358814232,0.2322185046351462,1.1424494725723913,0.398798868317965,0.1612506141449175,0.3540274861383882,-0.2449265049874135,0.6537737914330416,0.3177700923193843,-0.9964372474350444,-0.3231613238508155,1.0420491460102548,-0.309221150648555,0.6831564241619962,0.2329055014625588,1.2177061345465174,1.2351045518443151,-0.3879584784586807,1.1435301840146397,0.28984071984158194,-0.9875737837247722,-0.2684473840908198,-0.5208359770670435,-0.1924458420178322,0.4396608084722609,-0.5382574195622072,-0.3612489396089662,0.3844625679763755,-0.4877518433393811,0.3096405318674066,0.204771904471049,-0.734829606535708,0.6720165673993601
IE_029,52.673,-8.572,False,0.466314207050283,-1.2544759846569855,-0.9195937529432158,1.307412419579064,0.4406854814697475,-0.0517822110197265,-0.2330182062119822,-0.3000658536685852,-0.4063664513401137,-0.3577978094857815,-0.6343769928459315,-0.6607291624174956,-0.2597108014037598,-0.2001802839128774,-1.007253021924264,-0.3554025483417996,-0.0430118702022565,-0.1310440219105923,0.1120082645957213,0.5204064366192762,0.7948651268286445,0.755665635043073,0.9717511125952184,1.5011910335109906,-0.6185677000086734,0.1957320970225655,0.8846594464732859,-0.1140172934693769,0.8299004133886506,1.4738376933441109,1.052855703287328,0.8593003893340802,-0.272171429271789,-0.0078683985395949,-0.2599584358814232,0.2322185046351462,0.0162267295528516,0.9873709912148236,-0.3259159471776098,-0.1720966946506053,-0.2449265049874135,0.0724810745945541,-0.6291624752354922,-0.9964372474350444,0.0559796858613382,1.1379599085150025,0.0340478873151815,0.4425441828177612,-0.2046234270132435,2.01522981242988,0.8373328920198697,-0.48317768063704725,1.2332327222479027,0.28984071984158194,-0.9478189399341966,-0.017398761528777684,0.653186257426143,-1.2159063174011069,1.119744247057063,-0.9202476657142158,-1.4680075223321103,0.2832695810675771,-0.1502144566686168,0.5278761930106225,-0.1416395316347717,-0.2343471384856269,0.3228531928199601
IE_030,52.673,-8.572,False,0.466314207050283,0.013440504114527,-0.7819503609448133,0.4850025453969094,0.0545034614069436,-1.6096530179148287,-0.128869496087053,-0.2023175899912807,-0.1287508676967962,-0.8789752274304216,0.0568949342193089,0.0049012719608715,-0.7311694919442053,0.2655572070125071,0.2817229910162847,-0.4215670940966019,-0.1154490301294407,-0.2041941151049551,0.120290874264911,-0.5764700731870074,-0.1642233189240424,1.6554996353138676,1.0185912065236389,-0.6420043641948351,1.564391446487536,-0.0123749777754111,0.3889047672040734,-0.1269221159598247,0.3048825516248872,0.0162188376182279,-0.3609481011054556,-0.3091843338906578,0.1537703488112484,1.8630619208752024,-0.0839106343667885,0.2322185046351462,0.2039305200561082,-0.1897732545788937,-0.163527093403434,0.8801516669273817,-0.2449265049874135,-0.3763652004326324,-0.9074594511962764,-0.9964372474350444,-2.226578760729569,0.4186291897293958,0.1626693759925913,-0.1328329160488873,-0.3551000672752728,-0.9440027818215444,-1.19193218560987,-0.48317768063704725,1.2332327222479027,0.28984071984158194,-0.9478189399341966,-0.017398761528777684,0.653186257426143,-1.2159063174011069,1.119744247057063,-0.9202476657142158,-1.4680075223321103,0.2832695810675771,-0.1502144566686168,0.5278761930106225,-0.1416395316347717,-0.2343471384856269,0.3228531928199601
IE_031,52.396,-7.837,True,-3.400813880869136,0.333803531973431,-0.4691758149826422,0.1020062530295386,-0.2899291510815014,0.1602357094452989,-0.2040880089550577,-0.1045693263139762,0.162084505643822,-0.9046069037227809,0.0960235338645112,0.085583748855219,-0.5074263845690787,-0.3021327694885835,0.0803204889943239,0.0415847261870139,-0.3407098713361423,-0.431671994467906,-0.1059205421027416,-1.0315198787992028,0.496052769025839,1.1476686459333916,1.0828082494053657,1.2118029045452317,-0.6185677000086734,0.3105236288041706,1.5815396987367116,0.0248932471322834,0.7945533802958499,0.3025274864896538,-0.3748089227171496,-0.0170631530844733,-0.1048371593105957,0.740503729226324,0.0217180465419923,0.4677386941703182,0.3916343105593647,0.9873709912148236,-0.3259159471776098,-0.1720966946506053,-0.2449265049874135,0.6537737914330416,-0.1893086833598109,1.5843502981153277,0.9228521328028776,0.6344284053650777,-0.1448377250366351,0.9656142726965328,-0.1979483883094107,0.1123663002871201,0.3412938596120659,-0.5697064260573784,1.387195080995675,0.28984071984158194,-0.6029999231769163,-0.5652492467410921,0.24302745843118873,-0.2644661260348411,0.5112483125120043,-0.6007614747819576,-0.2148138092146387,-0.987183684192504,0.228899303937697,-0.1986545738308357,0.2734892266553239,-0.1467739266023799,0.6646596310545767
IE_032,52.396,-7.837,True,-3.400813880869136,0.2769266383643916,-0.3817487544851536,0.0799087812846804,0.2110637398107834,-0.0886548928397197,-0.1954089497779794,-0.0850196735785152,0.0748338936416365,-0.7593607380660778,0.3568808648325265,0.0049012719608715,-0.4954401466739825,-0.3832313375601678,0.1250766005547596,-0.2396145932708958,-0.2715429970705869,-0.361824373390904,-0.0203875080293891,0.8784800703860187,-0.3818724963636422,1.3787203487912305,0.0908658264321849,0.2369596881713742,1.2696341585195547,0.2967953344937561,0.273090134095645,0.377347019783687,-0.5843332788125216,0.5932562514185079,-0.2223398849885161,-0.6013055146968422,0.2070130710716281,1.488875856992243,-0.365587116790204,-0.2388218744351977,0.5793381010626214,0.398798868317965,-0.0011382396292582,0.8801516669273817,-0.2449265049874135,0.1754949737811215,-0.154973342169844,-0.9964372474350444,-0.6193170352614482,0.2268076647199007,0.0086121147609121,2.0326772560492268,2.1309738966553318,1.5674972213374658,1.231597849173052,-0.5697064260573784,1.387195080995675,0.28984071984158194,-0.6029999231769163,-0.5652492467410921,0.24302745843118873,-0.2644661260348411,0.5112483125120043,-0.6007614747819576,-0.2148138092146387,-0.987183684192504,0.228899303937697,-0.1986545738308357,0.2734892266553239,-0.1467739266023799,0.6646596310545767
IE_033,52.396,-7.837,True,-3.400813880869136,0.2665701995868276,-0.4614865396530477,0.1361701073719178,0.5972457598735862,0.058835834440282,-0.2011949892293647,-0.1958010390794604,-0.2001377320622207,-0.1698321833418129,-0.0604908647162978,-0.0354399664863022,-0.2716970392988559,-0.3067669733783882,-0.1613625134320288,0.0002318850902626,-0.4541683627317544,-0.5462471548914196,-0.277685681000176,-0.1080645370632884,0.0632350179007002,1.1387935537546752,0.7193268670187625,0.7102013799351834,-0.6185677000086734,-0.1390874180565704,1.6127698110414153,0.9368460680916878,-0.5313549752336508,-0.1937010589439147,-0.1114533120949644,-0.0170631530844733,0.1461642456311942,1.1146897931092834,-0.1191201946697154,0.2322185046351462,-0.1714770609504049,0.398798868317965,-0.3259159471776098,-0.1720966946506053,-0.2449265049874135,-0.5750348631495839,-0.7627691186729423,1.5843502981153277,1.1255336977995296,0.7423280131829187,-0.2288896659846237,0.0450109145098949,-0.3352543188064875,0.5600988913795342,0.6592880336652692,-0.5697064260573784,1.387195080995675,0.28984071984158194,-0.6029999231769163,-0.5652492467410921,0.24302745843118873,-0.2644661260348411,0.5112483125120043,-0.6007614747819576,-0.2148138092146387,-0.987183684192504,0.228899303937697,-0.1986545738308357,0.2734892266553239,-0.1467739266023799,0.6646596310545767
IE_039,52.939,-7.287,False,0.466314207050283,0.5965238947444538,-0.1705516624491669,-0.2386270336364366,0.7329313344902468,-1.5451258247298243,-0.1230834566356678,-0.4173637700813506,-0.4989049792212195,-0.9174227418689604,0.0047234680257059,-0.2774873971693448,-0.7071970161540132,-0.3299379928274124,-0.808088325480325,-1.5877172130249928,-0.0411752288163158,-0.1291893041292597,-0.0206816208680766,-0.7488053916638246,0.6531894628774945,0.998781547617645,0.8413729818265862,-0.6420043641948351,-0.6185677000086734,-0.4330100150683661,1.013599767819493,-0.9310789123424176,-1.0706789779391743,0.2397206232930221,-0.1530357769300463,1.1514215701402646,-0.1808981911111381,0.740503729226324,0.2681849686624808,0.4677386941703182,-0.5468846419569181,-0.7783453774757525,0.0800561872578296,-0.1720966946506053,-0.2449265049874135,0.146062431156388,-0.6522334150175225,-0.3512403610474514,-1.1966664247458223,-0.8162218775192288,-0.7095498395810479,0.0763951199026212,-0.068822903517511,-0.4298098842388501,-0.9194454484951076,-0.5641065987639433,1.091805639096855,0.4178632867911266,-0.32490070813552646,-0.4030497191988707,1.1330572782892412,-0.0025692589461458,0.0719963116451067,-0.1048685008281503,0.2579375601532775,-0.7731341754917024,1.6416777734141703,0.4277813980433051,0.5349500036916166,0.5710084074744625,1.4273119909676752
IE_040,52.939,-7.287,False,0.466314207050283,0.5680761994820306,0.0310884379607708,-0.349198921129175,0.419810777682569,-1.655743870189833,-0.1086183580072051,-0.469496177375913,-0.522700600676361,-0.438964784411586,-0.1517909305551032,-0.3581698740636924,-0.4634768456203931,-0.4017681531193871,-0.8796981039770221,-1.3065178935670831,0.2563815983576583,0.1712961050208949,0.5021154372997212,-0.5223659977328493,-0.3258782087433979,-0.4668957876450565,-0.8646157247300631,-0.6420043641948351,-0.6185677000086734,0.7432827652786003,0.1456597864726151,-1.9615354513320156,-0.0096295295795428,-0.4934192915667597,-0.0282883824248007,-0.0170631530844733,-0.1732920879310838,-0.3820544624225545,-0.400796677093131,-0.4743420639703698,-0.5468846419569181,-0.7783453774757525,-0.4071103740646977,-0.6982208754395988,-0.2449265049874135,1.5992942232526066,1.8470179989679625,-0.9964372474350444,-1.228595712382281,-0.7502832282972148,-0.5752717387982857,-0.8232854346888657,-0.3090794549448165,0.3991949914556978,1.0461012476420166,-0.5641065987639433,1.091805639096855,0.4178632867911266,-0.32490070813552646,-0.4030497191988707,1.1330572782892412,-0.0025692589461458,0.0719963116451067,-0.1048685008281503,0.2579375601532775,-0.7731341754917024,1.6416777734141703,0.4277813980433051,0.5349500036916166,0.5710084074744625,1.4273119909676752
IE_041,52.939,-7.287,False,0.466314207050283,0.7620088675586684,-0.2226576479158448,-0.301805659360598,0.701619278809479,-1.1395263247097924,-0.1172974171842826,-0.2349003445503822,-0.2027816900016809,0.6973728645496784,0.1351521335097135,-0.418681731734453,-0.6033162877298472,-0.4203049686786064,0.4831254930382453,-0.93434232369632,0.2809673312589076,0.1961238129926865,0.8036015789099158,-0.1381644589929982,-0.0103887603691218,1.373615407165771,0.6497867039929828,0.7102013799351834,0.6461955289172611,0.5562700700729379,1.0900810055633112,0.081789328929587,-0.0657430809209273,1.9757447192547424,-0.3470872794937616,-0.3091843338906578,0.1233459360910314,1.488875856992243,-0.3303775564872771,-0.0033016849000257,0.2039305200561082,0.398798868317965,0.3236394679190933,0.3540274861383882,-0.2449265049874135,1.2203502369591623,1.4601129174536511,0.2939565253401415,-1.4633608127817517,0.9461383835055072,-0.0858419182465835,-0.854669640081592,-0.2989323711570322,-1.5736267380452518,-2.1012042487108715,-0.5641065987639433,1.091805639096855,0.4178632867911266,-0.32490070813552646,-0.4030497191988707,1.1330572782892412,-0.0025692589461458,0.0719963116451067,-0.1048685008281503,0.2579375601532775,-0.7731341754917024,1.6416777734141703,0.4277813980433051,0.5349500036916166,0.5710084074744625,1.4273119909676752
IE_042,52.937,-7.175,True,0.466314207050283,0.5084747877282855,-0.4946801490937902,0.0167327091579471,0.5972457598735862,-1.0842173019797885,-0.1664787525210549,-0.2414168954622025,-0.4777533157055382,-1.0028616628434917,0.0177663345741066,-0.418681731734453,-0.671238302468725,-0.417987866733704,-0.9826371605660242,-1.637340622341095,-0.1524582129334746,-0.2415675457292875,-0.036512659864973,-0.1001492071048488,-0.9413882602693682,-1.6482427398708548,0.2891461632329101,0.6709206068932241,-0.6185677000086734,-0.2402499217385398,0.8328273213290485,-1.0032996516280357,-1.6630597012405255,-0.200794782904358,-0.2777831714352919,-0.6013055146968422,-0.3102019451720602,-1.5046126540714329,-0.0134915137609346,0.2322185046351462,0.3916343105593647,0.398798868317965,0.0800561872578296,-0.1720966946506053,-0.2449265049874135,0.241718194686772,0.3286730690832159,-0.3512403610474514,-0.407997595348653,-0.9361103306501632,-0.271561021732383,-0.3263688493040328,0.5857985265266145,-0.5067639233328588,-0.6571998771361941,-0.5786074997359647,1.0866760052883264,-0.5304293419954832,0.4163124246985151,-0.08728303949903979,-1.4362824816805162,0.0053952530662603,0.3666797831666977,-0.5522094581851387,0.0415466240442178,0.6154416557610826,-0.8053936660978869,-0.915386702007526,-0.6106002855956718,4.606519060208897,-0.5119230111981801
IE_043,52.937,-7.175,True,0.466314207050283,0.6468017804474312,-0.4144678927462993,-0.1140780792640985,0.665088547181916,-1.1763990065297942,-0.1577996933439775,-0.1567017336085385,-0.3825708298849722,-0.9729580405024058,-0.0083193985226948,-0.2573167779457579,-0.6432704140468342,-0.3531090122764365,-0.8215151589484556,-1.7448580091926489,0.0810096212376621,-0.0058018994136097,0.086834373143873,0.3842651252797263,-0.3201948346981133,-1.6482427398708548,-0.8646157247300631,-0.6420043641948351,-0.6185677000086734,0.3797002692922343,0.5450118927914414,-0.6010042429896035,-1.8742703146787127,0.599326187665587,-0.250061528211904,-0.6013055146968422,-0.3102019451720602,-1.5046126540714329,-0.4360062373960579,-0.7098622535055418,-0.5468846419569181,-0.7783453774757525,-0.4071103740646977,-0.6982208754395988,-0.2449265049874135,0.9701736246489272,1.0712802378374473,-0.3512403610474514,0.124465694125047,-1.085970897063831,-0.9647048057560396,-0.1694478223404013,1.2728150340422206,0.6510445739451808,0.0327438734348788,-0.5786074997359647,1.0866760052883264,-0.5304293419954832,0.4163124246985151,-0.08728303949903979,-1.4362824816805162,0.0053952530662603,0.3666797831666977,-0.5522094581851387,0.0415466240442178,0.6154416557610826,-0.8053936660978869,-0.915386702007526,-0.6106002855956718,4.606519060208897,-0.5119230111981801
IE_044,52.937,-7.175,True,0.466314207050283,1.1077802912612005,-0.226809856593826,-0.4998106364428129,0.8216488255857558,-1.3515442451748074,-0.1375485552641299,-0.3587148118749679,-0.4989049792212195,-0.9558702563074996,-0.0474479981678971,-0.418681731734453,-0.6272887635200394,-0.1607895508495364,-1.058722550218765,-1.6538817587797952,0.3082992368481499,0.223724721739556,0.494885385923209,0.8581476840331821,-0.6859930142583006,-1.6482427398708548,-0.8646157247300631,-0.6420043641948351,-0.6185677000086734,0.8736121843864287,-1.3274009185141198,-2.0081862037815275,-0.720456324495225,0.3666552124588237,-0.2223398849885161,-0.3091843338906578,-0.3102019451720602,-1.5046126540714329,-0.4360062373960579,-0.7098622535055418,-0.5468846419569181,-0.7783453774757525,-0.3259159471776098,-0.1720966946506053,-0.2449265049874135,1.8678661747033003,1.7722030976382452,-0.3512403610474514,-0.3938068008435602,-1.6614354720923163,-0.3192436043117297,0.6151573124777558,0.1276423191387757,0.8154463847369267,0.5759241474347803,-0.5786074997359647,1.0866760052883264,-0.5304293419954832,0.4163124246985151,-0.08728303949903979,-1.4362824816805162,0.0053952530662603,0.3666797831666977,-0.5522094581851387,0.0415466240442178,0.6154416557610826,-0.8053936660978869,-0.915386702007526,-0.6106002855956718,4.606519060208897,-0.5119230111981801
IE_045,53.0,-6.176,True,0.466314207050283,0.9951341412579332,-0.9599955318615266,0.0276167920204755,0.9260223445216486,-1.406853267904812,-0.1577996933439772,0.8794298613708893,-0.1551904470913979,-0.6952815473351796,-0.6343769928459315,-0.3379992548401054,-0.6472658266785329,0.0709206436407046,-0.0987039572474189,-1.3809530075412355,0.4723220498263196,0.3893618625028833,0.7613443760424999,0.6553185277506863,0.7734657240892877,-0.9683634453286124,1.195057630194977,-0.6420043641948351,-0.6185677000086734,0.0576324357865969,0.0280842317164259,-0.9877252333714798,-0.6138571879937234,0.8051711667542152,-0.1253141337066584,0.5671792085278956,-0.2493531197316262,-0.756240526305514,-0.1543297549726424,0.4677386941703182,-0.5468846419569181,-0.7783453774757525,-0.4071103740646977,-0.6982208754395988,1.1976681390668935,0.2012484485777634,0.95773266214782,-2.28683102021023,-1.4985293035117642,-0.6663613111055607,-0.35360087917981,-0.4937512780652397,-0.105881539699539,0.0214206177214734,-0.904143473202322,-0.6555611527311566,1.2924909205259354,0.5312216417859085,-0.38958890343238634,-0.27934101268325556,0.019020061370067922,-0.6110259199209147,0.7447593229389691,-0.7349489420880464,0.1254851567567933,0.2392395294835317,-0.1728257453041733,-1.2021463335417124,0.3218676851320681,0.2847683531074256,-0.0382556956300492
IE_046,53.0,-6.176,False,0.466314207050283,1.3042175322585652,-0.8523743726895562,-0.2195430728562044,0.7538060382774254,-1.12108998379979,-0.1549066736182854,0.7360657413108427,-0.1023112883021946,-0.8533435511380622,-0.6343769928459315,-0.3379992548401054,-0.6672428898370263,0.1079942747591432,0.2145888236756311,-1.3396001664444843,0.1386231814482339,0.0523786988166194,0.4593277949794343,0.2729006846587224,0.9996972781116418,-1.6482427398708548,1.159168928222354,1.3863042520001925,0.7587261763467392,0.8819541990531805,0.5747831283260721,0.3059946028260649,-2.327213803642481,-0.0253072482273668,-0.0837316688715765,0.5671792085278956,-0.272171429271789,-1.1304265901884734,-0.0487010740638615,0.4677386941703182,0.2039305200561082,0.9873709912148236,-0.0823326665163461,0.3540274861383882,-0.2449265049874135,1.3160060004895464,1.0108620848312424,-1.6416341338226372,0.2892023085972115,0.3946514991032089,-0.5884451911510192,-0.9383608544621954,0.1556236714020598,0.2907597545505038,0.6010687995434986,-0.6555611527311566,1.2924909205259354,0.5312216417859085,-0.38958890343238634,-0.27934101268325556,0.019020061370067922,-0.6110259199209147,0.7447593229389691,-0.7349489420880464,0.1254851567567933,0.2392395294835317,-0.1728257453041733,-1.2021463335417124,0.3218676851320681,0.2847683531074256,-0.0382556956300492
IE_047,53.0,-6.176,False,0.466314207050283,1.2551176954686112,-0.7672572355554059,-0.2446971495818235,0.5763710560864088,-1.397635097449811,-0.1664787525210547,0.6969664358399208,-0.2080696058806012,-0.7679046301635309,-0.6343769928459315,-0.6607291624174956,-0.6912153656272184,-0.0124950263757821,-0.0987039572474189,-1.3892235757605855,0.427221623513783,0.3438175535986704,0.7208213613728999,-0.3786772301613885,0.6937795960729448,-1.6482427398708548,-0.8646157247300631,0.7102013799351834,-0.6185677000086734,0.9783610931054272,-0.6148416545233869,-0.7127713521987856,-0.0308207032865886,0.2844241119187936,-0.2639223498235979,0.2750580277217112,-0.2949897388119517,-1.1304265901884734,-0.3303775564872771,-0.4743420639703698,-0.1714770609504049,0.398798868317965,-0.3259159471776098,-0.1720966946506053,-0.2449265049874135,1.58457795194024,1.053751142598359,-0.3512403610474514,-1.0509022855359016,-0.5404784353180796,-0.6355583161358674,0.024088110914744,-0.0522570205154842,0.8259401173406551,1.1622607736276165,-0.6555611527311566,1.2924909205259354,0.5312216417859085,-0.38958890343238634,-0.27934101268325556,0.019020061370067922,-0.6110259199209147,0.7447593229389691,-0.7349489420880464,0.1254851567567933,0.2392395294835317,-0.1728257453041733,-1.2021463335417124,0.3218676851320681,0.2847683531074256,-0.0382556956300492
IE_048,53.343,-6.739,False,0.466314207050283,0.4580807973041961,-0.3905914211141874,-0.019626760302904,0.6494325193415327,-0.5956542678647498,-0.2040880089550569,-0.3912975664340694,-0.1128871200600352,-0.9345105260638666,-0.0996194643615002,-0.1564636818278235,-0.659252064573629,-0.146886939180122,0.172070517693217,-1.6290700541217444,-0.2775443906579747,-0.3678848332523173,-0.2081213668376473,0.900134380557495,1.6692218868834063,-1.6482427398708548,0.5156502942036353,1.95683784551672,-0.6185677000086734,0.9796204689529796,0.965982795323409,0.6345521116084569,-0.0634344631806506,0.4629451350664882,0.5261444820429576,1.7356639317526334,-0.3102019451720602,-1.5046126540714329,0.7259092526005312,0.7032588837054903,0.3916343105593647,1.5759431141116824,-0.0011382396292582,-0.1720966946506053,-0.2449265049874135,1.3785501535671052,1.2834365039270323,-0.3512403610474514,-0.6509378273651877,0.1308969022151531,-0.4661256998527269,-0.1642171214416136,-0.2625463636351792,0.0843830133438442,0.2557382842120374,-0.569048504128381,0.9680044616843485,1.2650825558480596,-0.6168517851248521,0.29960583051110284,1.8855929970518017,-0.6046636845566901,0.8686181779994604,-0.9248536235842229,-0.1403311222520157,0.0438697363451161,0.6156683516038496,-0.7212976361451482,0.2520593495601905,-0.3153525143637674,1.745233710711357
IE_049,52.764,-6.483,True,0.466314207050283,0.0914294567114151,1.1535688505749653,-0.7800511607860457,0.4406854814697475,-0.4481635405847385,-0.2185531075835192,0.5666354176035148,-0.4169422830979544,-0.7380010078224452,-0.0083193985226948,-0.418681731734453,-0.5993208750981486,0.4161688334311638,-1.02739327212646,-1.9350810782377053,0.4523599511984277,0.3692032950431261,0.0557989211101326,0.2074761726339948,0.6747723022691754,-1.6482427398708548,0.4791743715238841,-0.6420043641948351,-0.6185677000086734,0.0395119798987938,0.3260957344589353,-0.7528457050712248,0.6984191921797366,-0.157099614386473,0.5815877684897334,0.8593003893340802,-0.3102019451720602,-1.5046126540714329,0.8315379335093119,0.2322185046351462,-0.3591808514536615,-0.1897732545788937,0.0800561872578296,-0.1720966946506053,1.1976681390668935,0.4109553147789899,0.8274390779479982,0.2939565253401415,-0.2693288533912786,-0.8401995681454156,-0.4933837367093917,-0.9122073499682568,-0.3623964867413627,-0.1429811930702723,0.0408730478091712,-0.6257164066880087,1.2094181279284257,0.1559130250744909,-0.27143252101649445,2.4804112417295374,-0.9559098757217784,0.1716136678524848,-0.0957407941944335,0.0381935049260724,-0.0950752532631165,0.0916077799102777,0.0061083014687774,-0.4090894041924989,0.3588250752523316,0.1301436049359506,0.0605194732153616
IE_050,53.017,-7.114,False,0.466314207050283,-0.5640537999062295,-0.6434373663621845,0.7327797404480694,0.5972457598735862,-0.6509632905947541,-0.2359112259376741,-0.4369134228168115,-0.5438522641920424,-0.8960630116253278,0.161237866606515,-0.4590229701816268,-0.6952107782589171,-0.2859130558742666,-0.2262588751946607,-0.3884848212192007,-0.1430645820057608,-0.2320814618120487,-0.026481126236454,0.2694726908342991,1.3603941564496145,0.6796362297460896,0.7374755736353297,1.95683784551672,-0.6185677000086734,0.7156325495089858,0.2909071415969165,0.1872252830402671,-0.9723825494271136,0.1955581477845885,0.2627888714207723,1.1514215701402646,0.3667412378527671,1.8630619208752024,-0.0487010740638615,0.2322185046351462,0.3916343105593647,1.5759431141116824,-0.2447215202905219,-0.1720966946506053,-0.2449265049874135,0.7126388766825087,1.1603714126093088,0.2939565253401415,-0.3589468056462669,0.0829415209627793,0.1132404567901156,0.3170073612468561,-0.1440484116740461,0.1613370524378529,-0.4202185045679735,-0.5272823011276312,1.020530617685079,0.9597045824521302,-0.6687500945564512,-0.33443636456439274,0.17136462785777934,0.2338555120739689,0.0664843021299629,-0.2441896042977021,-0.2808368816261165,0.0928276106773208,0.5847057979707088,0.4278982985045864,-0.1379179705448111,-0.6393496786262345,0.2190229124416288
IL_001,32.716,35.188,True,0.466314207050283,0.0825490003230159,1.3196918867440357,-0.8795926826844148,0.3363119625338547,-0.7615813360547624,-0.0362928648648931,-0.3196155064040461,0.2149636644330253,1.0647602247401626,0.0047234680257059,0.7310435640099994,0.2556974280853711,-0.575550798987068,0.0355643774338882,1.3731462095024107,-0.6692427513829361,-0.6637115065598732,-0.5370388052454144,0.374137724816818,2.5247031662233623,0.2470573851036731,-0.8646157247300631,-0.6420043641948351,-0.6185677000086734,0.8312729704868895,-0.6305710917673943,-1.1739387189192567,1.396589430932799,-1.7408486295761725,0.2281368173915375,4.948996920620663,-0.1808981911111381,-0.0078683985395949,-0.4360062373960579,-0.7098622535055418,-0.5468846419569181,-0.7783453774757525,-0.3259159471776098,-0.1720966946506053,0.2359383763640222,1.1835595586782457,1.7964787862339586,0.2939565253401415,1.1875412998761308,-1.523563750991742,-0.3728485458738615,-1.074359077830676,-0.4623491056433824,-1.3427646207632258,-0.8960142988280295,2.257033154529967,-1.162471245696797,-2.0121441533899604,-0.5055289879366085,-0.6334334584310196,-1.5379411142764088,0.1612166852021762,-0.1035515622232793,0.0431897482572764,0.1254851567567933,-0.2116254610577886,-0.1728257453041733,0.1372652016859669,-0.0220413958146941,-0.1548151723018571,0.0014764575181038
IL_002,32.715,35.187,True,0.466314207050283,0.3526225109347705,1.269417335572964,-1.0046093587340492,-1.719846360503232,-0.623308779229752,-0.0333998451392007,-0.2935493027567649,0.1356449262492203,1.5175865059051772,-0.1257051974583017,0.6301904678920649,0.9149405123156552,-0.5709165950972631,0.057942433214106,1.3483345048443596,-0.6273724363826656,-0.6300926153838781,-0.4658706156861948,1.4249080247276056,1.5342298917066748,0.2470573851036731,1.3539437330601176,0.7102013799351834,-0.6185677000086734,0.9493726045113956,-0.7581230807558325,0.2903574313557077,0.51675120407569,-0.9561694321566188,-0.0005667392014128,1.4435427509464491,-0.1808981911111381,-0.0078683985395949,-0.0839106343667885,0.7032588837054903,0.5793381010626214,0.398798868317965,-0.4071103740646977,-0.6982208754395988,-0.2449265049874135,1.404303628363747,1.615645989300133,0.2939565253401415,-1.2955392429823929,-0.4086011368740517,-0.4033714729389848,-0.9488222562597708,-0.4344702491759344,-0.8670487427275357,-0.8925872939447494,2.257033154529967,-1.162471245696797,-2.144181167446397,-0.5197040599966627,-0.5432804290796801,-1.5399312418073918,0.1612166852021762,-0.1035515622232793,0.0431897482572764,0.1254851567567933,-0.2116254610577886,-0.1728257453041733,0.1372652016859669,-0.0220413958146941,-0.1548151723018571,0.0014764575181038
IL_003,32.715,35.186,True,0.466314207050283,-0.0199577344269921,0.2323317520299309,-0.1348403899414816,0.3363119625338547,-0.6786178019597563,-0.0305068254135082,-0.2153506918149212,0.0563261880654153,1.5304023440513572,0.0568949342193089,0.6301904678920649,2.14952301551055,-0.6473809592790426,0.0803204889943239,1.3400639366250096,-0.6446091702492202,-0.6876278160532323,-0.489745918518254,0.9874312962773802,1.1391505027155249,0.2470573851036731,-0.8646157247300631,-0.6420043641948351,-0.6185677000086734,0.9705101364069484,-0.2824601221440361,-0.3982210582125811,-0.7012450895102124,2.422077958965682,-0.3332264578820678,0.5671792085278956,-0.1808981911111381,-0.0078683985395949,-0.365587116790204,-0.4743420639703698,-0.3591808514536615,-0.1897732545788937,-0.4071103740646977,-0.6982208754395988,-0.2449265049874135,1.956163802577501,1.4774613003706871,0.2939565253401415,0.0578306590576547,-2.782392508866553,-2.660701377531306,-0.7500556221058378,-0.3665667844344483,-0.7481197732186132,-1.8930336264985992,2.257033154529967,-1.162471245696797,-2.430249589263792,-0.5183650466750289,-0.7713533986104033,1.9006101508242905,0.1612166852021762,-0.1035515622232793,0.0431897482572764,0.1254851567567933,-0.2116254610577886,-0.1728257453041733,0.1372652016859669,-0.0220413958146941,-0.1548151723018571,0.0014764575181038
IL_004,31.378,34.71,True,0.466314207050283,-0.2032279304437865,-0.0171233183557863,0.1287073647212422,-0.6030497078891799,-0.6509632905947538,-0.2706274626459839,-0.4955623810231943,-0.3111839655195477,8.288620993136773,0.5916524627037403,-0.1362930626042366,0.1757891754513973,-0.6473809592790426,-0.7096248800473663,1.4972047327926643,-0.6732182346121727,-0.3652329253925523,-0.5050145179085069,0.93799409254222,1.3409252352546468,0.2470573851036731,-0.8646157247300631,-0.6420043641948351,-0.6185677000086734,1.4342095533519934,0.8845722032651567,0.7694350949149426,1.3598541585856905,-0.690847258918526,1.2884896706861255,2.027785112558818,-0.1808981911111381,-0.0078683985395949,-0.400796677093131,-0.4743420639703698,-0.5468846419569181,-0.7783453774757525,-0.4071103740646977,-0.6982208754395988,-0.2449265049874135,2.4565170271979717,2.3688549476147758,1.5843502981153277,-0.9330569920370873,-0.3486569103085845,-0.7241659178398445,0.0659337181050458,-0.3881421494579696,0.6930195043600946,1.1068708109792516,2.179630564544252,-2.732071728045464,-2.477104422950963,-0.24506781044225673,-0.5678075989105279,0.11483649423078623,0.1612166852021762,-0.1035515622232793,0.0431897482572764,0.1254851567567933,-0.2116254610577886,-0.1728257453041733,0.1372652016859669,-0.0220413958146941,-0.1548151723018571,0.0014764575181038
IL_005,31.376,34.714,True,0.466314207050283,-0.4648950489123931,0.4945210620754268,-0.041918069519208,-2.10080970461924,0.1233630276253056,-0.308236719079986,-0.5411782374059364,-0.2926762599433266,0.1847393387024914,0.2264521993485188,-0.1766343010514104,0.4674542975654019,-0.6612835709484571,-0.7230517135154971,1.4889341645733143,-0.7418673242689606,-0.3965467151177771,-0.6334292781002542,0.8915666910868962,1.4126496404245688,0.2470573851036731,-0.8646157247300631,1.4159555478647123,-0.6185677000086734,0.7318740916368318,1.0927623589746394,0.6526672660424385,-0.6283271429594148,-1.0721387265733462,1.0805773465107158,1.7356639317526334,-0.1808981911111381,-0.0078683985395949,-0.400796677093131,-0.4743420639703698,0.3916343105593647,0.9873709912148236,-0.4071103740646977,-0.6982208754395988,-0.2449265049874135,1.0731875238354949,1.632271522928959,0.2939565253401415,0.1821543587435765,0.1069192115889662,-0.1831052753869388,-2.183267668373672,-0.4776978510698542,-1.8744470726854676,-0.2763639972581911,2.179630564544252,-2.732071728045464,-2.5714911643051237,-0.21976507595069417,-0.5608917953041179,0.3437477722421065,0.1612166852021762,-0.1035515622232793,0.0431897482572764,0.1254851567567933,-0.2116254610577886,-0.1728257453041733,0.1372652016859669,-0.0220413958146941,-0.1548151723018571,0.0014764575181038
IL_006,31.37,34.711,True,0.466314207050283,-0.3658178352264715,0.1416906408913447,0.1229567057503893,0.3363119625338547,0.0035268117102973,-0.314022758531371,-0.5020789319350145,-0.3006081337617071,1.889245812144388,0.7090382616393472,-0.1161224433806497,1.5462157081240484,-0.6543322651137499,-0.6671065740649524,1.4558518916959131,-0.7376844504211885,-0.404570005644931,-0.5883779519928897,1.376142097481628,0.6107388264926364,0.2470573851036731,-0.8646157247300631,-0.6420043641948351,-0.6185677000086734,1.1663448623535686,0.3054135483580733,0.9973458406294408,-0.7755018887735174,-1.5016187661264777,-0.1946182417651282,0.2750580277217112,-0.1808981911111381,-0.0078683985395949,-0.4360062373960579,-0.7098622535055418,-0.5468846419569181,-0.7783453774757525,-0.4071103740646977,-0.6982208754395988,-0.2449265049874135,1.441094306644664,1.3016884484543303,0.2939565253401415,-0.4150929926011994,-0.8042330322061353,-1.2507243735528533,-2.3401886953373032,-0.4762885338771063,-1.5176601641587,0.0878548938253023,2.179630564544252,-2.732071728045464,-2.621631816341561,-0.17072948465500162,-0.3981475863322746,-0.15364832787167879,0.1612166852021762,-0.1035515622232793,0.0431897482572764,0.1254851567567933,-0.2116254610577886,-0.1728257453041733,0.1372652016859669,-0.0220413958146941,-0.1548151723018571,0.0014764575181038
IL_007,31.815,35.0,True,0.466314207050283,0.5614267864819459,0.526696506702795,-0.6576830575286441,0.3363119625338547,-0.1624002564797154,-0.0941532593787427,-0.7627409684078266,0.082765767460017,-0.0758493702698285,-0.6343769928459315,1.6387214290714094,-0.7271740793125067,-0.6728690806729691,0.1250766005547596,1.224275981554105,-0.483026021532539,0.5640640277850086,-0.4562219145529868,0.7494003489056802,0.85667812786898,0.2470573851036731,-0.8646157247300631,-0.6420043641948351,-0.6185677000086734,0.2176878733482403,-0.9583300080205036,0.0215934901280685,-0.3409820620245072,1.6152397898621207,-0.1946182417651282,0.8593003893340802,-0.1808981911111381,-0.0078683985395949,-0.4360062373960579,-0.7098622535055418,-0.5468846419569181,-0.7783453774757525,-0.4071103740646977,-0.6982208754395988,-0.2449265049874135,0.0467275997979122,-0.4285717977572645,0.2939565253401415,-1.0922406869203023,-0.1208688493598091,-0.1931277290501136,-1.8171186054585315,-0.4665898691961054,-2.1402882986465883,-2.0567328830162133,2.3658201693775562,-2.41256128212913,-1.9363485368937259,0.13678185058917178,0.39093075021102264,1.3271778034244064,0.1612166852021762,-0.1035515622232793,0.0431897482572764,0.1254851567567933,-0.2116254610577886,-0.1728257453041733,0.1372652016859669,-0.0220413958146941,-0.1548151723018571,0.0014764575181038
IL_008,31.815,34.998,True,0.466314207050283,-0.0753593194078979,1.341879203396732,-0.8019547950594578,0.3363119625338547,-0.1070912337497111,-0.065223062121818,-0.3456817100513273,0.1356449262492203,1.6713765636593336,-0.6343769928459315,0.448654894879783,0.1917708259781922,-0.6126244301055065,0.0803204889943239,1.4227696188185122,-0.6106439949439773,-0.4775156960340785,-0.5082300610570313,0.111918396391756,0.6647802439200207,0.2470573851036731,-0.8646157247300631,-0.6420043641948351,-0.6185677000086734,0.4990045079266907,-0.1493664258345111,-0.4701747754915288,-1.2081891039964925,-4.973803018883862,-0.0282883824248007,0.5671792085278956,-0.1808981911111381,-0.0078683985395949,-0.400796677093131,-0.4743420639703698,-0.5468846419569181,-0.7783453774757525,-0.4071103740646977,-0.6982208754395988,-0.2449265049874135,0.5581180279026576,-0.3854417902274114,0.2939565253401415,0.1102748996199542,-0.1208688493598091,-0.090549434361105,-2.120499257588219,-0.4440920420100583,-3.0357534808314166,-0.9369789618514248,2.3658201693775562,-2.41256128212913,-0.8004161948363921,0.1474477842890823,4.240920655254359,-0.33143541834701,0.1612166852021762,-0.1035515622232793,0.0431897482572764,0.1254851567567933,-0.2116254610577886,-0.1728257453041733,0.1372652016859669,-0.0220413958146941,-0.1548151723018571,0.0014764575181038
IL_009,31.815,34.999,True,0.466314207050283,0.000476538737488,1.4942806404292928,-0.9420023681792818,0.3363119625338547,0.1049266867153032,-0.1028323185558201,-0.3782644646104288,0.1356449262492203,1.2484539048354044,0.1221092669613127,1.1747971869289109,-0.5713529866762578,-0.6682348767831644,0.0355643774338882,1.3814167777217607,-0.6012575889291134,-0.0022566440680208,-0.4607562911867333,0.5730159565393489,1.2218514606808932,0.2470573851036731,0.0908658264321849,-0.6420043641948351,-0.6185677000086734,0.2176878733482403,1.2456323408206915,0.0215934901280685,-0.6804466524044371,2.175340613341436,-0.3470872794937618,0.5671792085278956,-0.1808981911111381,-0.0078683985395949,-0.365587116790204,-0.2388218744351977,-0.5468846419569181,-0.7783453774757525,-0.4071103740646977,-0.6982208754395988,-0.2449265049874135,0.0467275997979122,-0.4285717977572645,0.2939565253401415,0.2802559381483486,-0.1208688493598091,-0.1931277290501136,-2.633107945669415,-0.4779925264828832,-1.3567562642348636,-1.993293443781539,2.3658201693775562,-2.41256128212913,-1.6458535565026091,0.09827367437391042,-0.21942605542485893,1.3066016681677162,0.1612166852021762,-0.1035515622232793,0.0431897482572764,0.1254851567567933,-0.2116254610577886,-0.1728257453041733,0.1372652016859669,-0.0220413958146941,-0.1548151723018571,0.0014764575181038
IL_010,31.865,34.761,True,0.466314207050283,-1.1386482071269648,-1.2253391508949578,1.4328943319786216,-0.4308334016449573,-0.0517822110197069,-0.2272321667605967,-0.5867940937886785,-0.4962610212817593,-0.8020801985533434,-0.6343769928459315,-0.2169755394985841,-0.4035456561449128,-0.7215282215159198,-1.235509190882486,1.2160054133347549,-0.577832623580014,0.0401965250589942,-0.5823010306170158,0.2364128515167551,-0.5164216214875251,0.2470573851036731,-0.8646157247300631,-0.6420043641948351,-0.6185677000086734,1.0469101749108547,3.729756479893107,0.7411130758767104,-1.0505412748088427,-0.8338950113260466,0.1657631201389146,0.2750580277217112,-0.1808981911111381,-0.0078683985395949,-0.4360062373960579,-0.7098622535055418,-0.5468846419569181,-0.7783453774757525,-0.4071103740646977,-0.6982208754395988,-0.2449265049874135,2.1327590583259024,1.3208439545918909,-0.9964372474350444,-0.5045566970898281,-0.0249580868550615,-0.7938675274064692,-2.2460360791591243,-0.463681550989253,-2.2592172681555107,-0.9985056541745008,2.3753200892602093,-1.9018040117637725,-1.7744711817678391,-0.8911186516939797,-0.5695736871823318,0.9854737169972133,0.1612166852021762,-0.1035515622232793,0.0431897482572764,0.1254851567567933,-0.2116254610577886,-0.1728257453041733,0.1372652016859669,-0.0220413958146941,-0.1548151723018571,0.0014764575181038
IL_011,31.862,34.76,True,0.466314207050283,0.1294587461760609,0.8030518256016081,-0.5812134103466767,-2.7948936055429265,-0.0978730632947115,-0.1693717722467471,-0.5020789319350145,0.241403243827627,4.29435143757744,-0.217005263297107,0.2267780834203272,7.027921838814652,-0.4596957017419474,0.7292841066206418,1.1829231404573537,-0.4442763184299816,-0.3252053743864097,-0.2933978797505377,0.4697868784844362,1.6546807806075037,0.2470573851036731,0.9717511125952184,0.7102013799351834,-0.6185677000086734,0.5470693208883989,-3.407055029050998,-0.847515212585269,0.4779310714342996,-0.2731010495088506,-0.3193656362703738,1.1514215701402646,-0.1808981911111381,-0.0078683985395949,-0.2599584358814232,0.2322185046351462,-0.1714770609504049,0.398798868317965,-0.4071103740646977,-0.6982208754395988,-0.2449265049874135,0.2122856520620384,1.5489029050220922,-3.577224792985416,-2.733745416520278,0.2148188194068072,0.1743622385996285,-1.900809819839135,-0.4646040131517789,-1.3497604424990446,-1.0846589629844037,2.3753200892602093,-1.9018040117637725,-1.286480013325103,-0.8959668033757572,-0.5936552085707618,0.8057978293132507,0.1612166852021762,-0.1035515622232793,0.0431897482572764,0.1254851567567933,-0.2116254610577886,-0.1728257453041733,0.1372652016859669,-0.0220413958146941,-0.1548151723018571,0.0014764575181038
IL_012,31.862,34.762,True,0.466314207050283,-1.5438021144653664,-1.272397515912076,1.6976278586061648,-1.5789421099397765,0.0957085162603035,-0.1780508314238246,-0.5998271956123191,0.0748338936416365,-0.4047892160217736,-0.6343769928459315,-0.6607291624174956,0.3995322828265241,-0.740065037075139,-1.0922896338890915,1.249087686212156,-0.6973711544049038,-0.4778959470283433,-0.6086098669663643,1.0653552430473308,0.5949707305260347,0.2470573851036731,0.0127990032181508,-0.6420043641948351,-0.6185677000086734,0.2588195841712333,-0.7808772559772992,0.0183858914391242,-1.3424217394981854,-1.1808584305735708,0.5261444820429576,0.5671792085278956,-0.1808981911111381,-0.0078683985395949,-0.3303775564872771,-0.2388218744351977,-0.5468846419569181,-0.7783453774757525,-0.4071103740646977,-0.6982208754395988,-0.2449265049874135,0.6096249774959414,1.5275788510199022,1.5843502981153277,-0.6369012806264546,0.5145399522341433,0.8110917569282936,-1.806657203660956,-0.4628487726480839,-1.4337103033288725,0.5965658745224444,2.3753200892602093,-1.9018040117637725,-1.8977969632343485,-0.8756045663122917,-0.28341787065648527,1.5882817248467902,0.1612166852021762,-0.1035515622232793,0.0431897482572764,0.1254851567567933,-0.2116254610577886,-0.1728257453041733,0.1372652016859669,-0.0220413958146941,-0.1548151723018571,0.0014764575181038
IL_013,31.986,34.829,True,0.466314207050283,-0.6363609264151224,-0.2106623784016776,0.5019898753586141,0.3363119625338547,0.5381806981003373,-0.2764135020973688,-0.4499465246404521,-0.0600079612708319,-0.6568340328966404,-0.6343769928459315,-0.0959518241570628,-0.3955548308815153,-0.4666470075766546,-0.9199786043814144,1.2573582544315065,-0.717183360474721,-0.8118507707117151,-0.6714140921059636,1.282832987645396,0.9047274678100702,0.2470573851036731,-0.8646157247300631,-0.6420043641948351,0.6461955289172611,0.4205112971696111,-0.0170941953476345,0.8460266540740871,-2.595632544122954,-0.5868908114813018,0.054876547245363,0.8593003893340802,-0.1808981911111381,-0.0078683985395949,-0.400796677093131,-0.4743420639703698,-0.3591808514536615,-0.1897732545788937,-0.163527093403434,0.3540274861383882,0.2359383763640222,0.5728342992150244,2.1745289639676995,0.2939565253401415,0.0134073023460597,1.6534802569780205,2.116060780481211,0.6099266115789681,1.1025438932093243,-0.3773412212202078,0.1822967725854642,2.440552664317956,-2.1655758946166124,-1.4912868140946234,-0.8086077273574425,-0.48216057047696853,-0.016274809859785615,0.1612166852021762,-0.1035515622232793,0.0431897482572764,0.1254851567567933,-0.2116254610577886,-0.1728257453041733,0.1372652016859669,-0.0220413958146941,-0.1548151723018571,0.0014764575181038
IL_014,31.984,34.83,True,0.466314207050283,-0.8862517717576288,-0.46410089326511,0.8067023804719202,0.3363119625338547,0.611926061740344,-0.2821995415487537,-0.5607278901413973,-0.2583048067303444,-0.3278941871446955,-0.164833797103504,-0.237146158722171,-0.0359676940286332,-0.638112551499433,-0.9177407988033924,1.1167585947025511,-0.6936845727380042,-0.7881207057198889,-0.7012367707175714,0.8468861137912655,1.4599627808565148,0.2470573851036731,0.2330747838675223,-0.6420043641948351,-0.6185677000086734,-0.35253745458213,-1.3598669794173333,0.862493672627348,-0.0882244481750772,0.4896700117452572,0.1380414769155268,1.1514215701402646,-0.1808981911111381,-0.0078683985395949,-0.1895393152755693,-0.0033016849000257,-0.5468846419569181,-0.7783453774757525,-0.4071103740646977,-0.6982208754395988,-0.2449265049874135,-0.1261885881223972,0.5817305573973404,-0.9964372474350444,-0.9506412374020936,1.2338706710197498,0.422645749801004,0.5053125936032138,0.3873154178898024,-0.0135584909576213,-0.3881002960107201,2.440552664317956,-2.1655758946166124,-2.0597888280568597,-0.786952649845503,-0.6264846438288749,1.453706950338245,0.1612166852021762,-0.1035515622232793,0.0431897482572764,0.1254851567567933,-0.2116254610577886,-0.1728257453041733,0.1372652016859669,-0.0220413958146941,-0.1548151723018571,0.0014764575181038
IL_015,31.987,34.825,True,0.466314207050283,-0.8939441602504127,-0.9305088049959755,1.105105316540912,-2.466117020894865,0.5013080162803354,-0.2995576599029086,-0.5476947883177566,-0.2371531432146631,-0.4047892160217736,-0.6343769928459315,-0.237146158722171,-0.451490607725297,-0.7701873623588705,-1.1661372179638108,1.2160054133347549,-0.7672931872779005,-0.8480803987586409,-0.7417587910656913,0.4203825966152756,0.6288440914385622,0.2470573851036731,-0.8646157247300631,-0.6420043641948351,-0.6185677000086734,-0.0175975620422587,-0.6648661664269003,0.4032696431021748,-0.6682549410780902,-3.3613194621673994,-0.3540176902996087,-0.0170631530844733,-0.1808981911111381,-0.0078683985395949,-0.4360062373960579,-0.7098622535055418,-0.5468846419569181,-0.7783453774757525,-0.4071103740646977,-0.6982208754395988,-0.2449265049874135,0.0062578536889036,1.9963466144239763,0.2939565253401415,-1.629639904917513,0.6104507147388909,1.0558825948834112,-2.1728062665760963,-0.4566349650255139,-2.692958215776287,1.0418374159849122,2.440552664317956,-2.1655758946166124,-1.7775303406256575,-0.810870198142272,-0.16612980281126033,0.11898698423430272,0.1612166852021762,-0.1035515622232793,0.0431897482572764,0.1254851567567933,-0.2116254610577886,-0.1728257453041733,0.1372652016859669,-0.0220413958146941,-0.1548151723018571,0.0014764575181038
IL_016,31.982,34.827,True,0.466314207050283,-1.5168974043478385,-1.7495824319064277,1.9827489234623967,-0.5508629484212335,0.6027078912853412,-0.3227018177084484,-0.5476947883177566,-0.4248741569163349,-0.6482901407991873,-0.6343769928459315,-0.6607291624174956,-0.0159906308701397,-0.7099427117914078,2.1614796765545847,1.1581114357993023,-0.7298178639091152,-0.8246096241043588,-0.7307746870330835,0.7630987823295836,-0.31690357307252,0.2470573851036731,-0.8646157247300631,-0.6420043641948351,-0.6185677000086734,-0.8713815841382161,-0.2770437431393002,0.5888395505372144,-4.264637187612138,-0.6685449677628513,-0.4163913875522315,-0.6013055146968422,-0.1808981911111381,-0.0078683985395949,-0.4360062373960579,-0.7098622535055418,-0.5468846419569181,-0.7783453774757525,-0.4071103740646977,-0.6982208754395988,-0.2449265049874135,-0.7663463902103519,2.097665989654721,-0.9964372474350444,-0.1269581650412713,1.7613798647958614,0.919364627562288,-1.994962436017314,-0.2744486879266586,-1.5946142032527086,-0.5007929682190484,2.440552664317956,-2.1655758946166124,-1.884874431421139,-0.7356084148918212,0.2725038030129521,0.7716940960226386,0.1612166852021762,-0.1035515622232793,0.0431897482572764,0.1254851567567933,-0.2116254610577886,-0.1728257453041733,0.1372652016859669,-0.0220413958146941,-0.1548151723018571,0.0014764575181038
IL_017,31.987,34.824,True,0.466314207050283,-0.3737750916033444,0.3170525874683876,0.0170569811682748,0.3363119625338547,0.1786720503553093,-0.0854742002016653,-0.5020789319350145,-0.3429114607930698,1.9148774884367477,0.2264521993485188,-0.2976580163929317,2.7128761965800656,-0.7029914059567005,-0.5798321565221028,1.2573582544315065,-0.6274579866475049,-0.6609645561209733,-0.5291378518034177,0.7040436240950463,0.8843005079232619,0.2470573851036731,-0.8646157247300631,-0.6420043641948351,-0.6185677000086734,-0.0113605573178269,-1.2838481392924124,0.506287217073558,-3.4341394871051723,-2.5518986526279472,-0.250061528211904,0.2750580277217112,-0.1808981911111381,-0.0078683985395949,-0.400796677093131,-0.4743420639703698,-0.5468846419569181,-0.7783453774757525,-0.4071103740646977,-0.6982208754395988,-0.2449265049874135,-0.3837233360888157,1.2662688333320489,0.2939565253401415,-1.7471767028836078,-1.0440099384680042,-1.33029658142412,-1.754350194673079,0.1748672570703074,-3.259619776377624,-1.391017259992051,2.440552664317956,-2.1655758946166124,-2.1826945470027783,-0.798126485150171,-0.5195620286443313,-0.3273021544982933,0.1612166852021762,-0.1035515622232793,0.0431897482572764,0.1254851567567933,-0.2116254610577886,-0.1728257453041733,0.1372652016859669,-0.0220413958146941,-0.1548151723018571,0.0014764575181038
IL_018,31.983,34.83,True,0.466314207050283,-1.4475874574350964,-1.5397536191220738,1.810295888884224,-1.4223818315359371,0.2247629026303139,-0.3227018177084484,-0.7627409684078266,-0.0600079612708319,-0.216823589877805,-0.6343769928459315,-0.4590229701816268,-0.0479539319237291,-0.6172586339953113,-0.7208139079374752,0.9761589349735964,-0.6857961441666381,-0.7801546385006253,-0.6829869418869225,-1.1758293306468202,0.6288440914385622,0.2470573851036731,-0.8646157247300631,-0.6420043641948351,-0.6185677000086734,0.302807043216068,0.1576882137812527,1.3545464484034002,-2.4577674939966365,0.3676110918636056,-0.3540176902996087,-0.0170631530844733,-0.1808981911111381,-0.0078683985395949,-0.400796677093131,-0.4743420639703698,-0.5468846419569181,-0.7783453774757525,-0.4071103740646977,-0.6982208754395988,-0.2449265049874135,0.1387042955002046,2.2783783117071783,0.2939565253401415,-0.4715476750888512,0.6344284053650777,-0.1756643628188242,-2.14142206118337,-0.3049027512644912,-0.9509986035573632,-0.2141997226312491,2.440552664317956,-2.1655758946166124,-0.9529057879852572,-0.7768407906235099,-0.42635548218753627,0.4954473712280509,0.1612166852021762,-0.1035515622232793,0.0431897482572764,0.1254851567567933,-0.2116254610577886,-0.1728257453041733,0.1372652016859669,-0.0220413958146941,-0.1548151723018571,0.0014764575181038
IL_019,32.627,35.262,True,0.466314207050283,0.0339679254294488,1.9318772994365128,-1.2372168371917278,-2.5183037803628108,-0.7247086542347596,-0.0883672199273578,-0.3587148118749679,0.1356449262492203,2.077211438288357,-0.0604908647162978,0.79155542168076,-0.2437291508769651,-0.6010389203809944,-0.076325901467201,1.240817117992806,-0.6788800365898676,-0.4447560039790276,-0.6757139929751802,-2.6353951120212926,-1.342740262241462,0.2470573851036731,0.3169716896103167,-0.6420043641948351,-0.6185677000086734,0.2176878733482403,-0.0170941953476345,0.0215934901280685,0.1606293667816362,0.0853317765029191,-0.4579738523873133,-1.185547876309211,-0.1808981911111381,-0.0078683985395949,0.0921371671478461,0.2322185046351462,-0.5468846419569181,-0.7783453774757525,-0.4071103740646977,-0.6982208754395988,-0.2449265049874135,0.0467275997979122,-0.4285717977572645,0.2939565253401415,0.0134073023460597,-0.1208688493598091,-0.1931277290501136,0.0659337181050458,-0.2134636894041163,0.0563997264005683,-0.0312733747626739,2.19451020700327,-1.6756564804190663,-1.8918688899100597,-0.7484444736302416,-0.773466102337421,-1.5533848687059968,0.1612166852021762,-0.1035515622232793,0.0431897482572764,0.1254851567567933,-0.2116254610577886,-0.1728257453041733,0.1372652016859669,-0.0220413958146941,-0.1548151723018571,0.0014764575181038
IL_020,32.634,35.265,True,-1.0805370281174844,-0.1823480135535369,2.193312660642723,-1.2764689251595678,-3.108014162350605,-0.7984540178747652,-0.1606927130696697,-0.3000658536685852,0.1092053468546187,1.3851561783946544,0.0960235338645112,0.5898492294448912,0.1438258743978077,-0.6751861826178716,-0.2105942361485082,1.3317933684056589,-0.7149159766816856,-0.6189416353168277,-0.6873804162150058,-2.6353951120212926,-1.342740262241462,0.2470573851036731,-0.1748267487994795,-0.6420043641948351,-0.6185677000086734,0.2176878733482403,-0.0170941953476345,0.0215934901280685,0.1606293667816362,0.0853317765029191,-0.4579738523873133,-1.185547876309211,-0.1808981911111381,-0.0078683985395949,-0.2599584358814232,-0.2388218744351977,-0.5468846419569181,-0.7783453774757525,-0.4071103740646977,-0.6982208754395988,-0.2449265049874135,0.0467275997979122,-0.4285717977572645,0.2939565253401415,0.0134073023460597,-0.1208688493598091,-0.1931277290501136,0.0659337181050458,-0.2134636894041163,0.0563997264005683,-0.0312733747626739,2.19451020700327,-1.6756564804190663,-1.0555818477934948,-0.6915594938973854,-0.39572127814577757,-1.573952897536899,0.1612166852021762,-0.1035515622232793,0.0431897482572764,0.1254851567567933,-0.2116254610577886,-0.1728257453041733,0.1372652016859669,-0.0220413958146941,-0.1548151723018571,0.0014764575181038
IL_021,32.631,35.267,True,-3.400813880869136,0.1561017865584231,1.8864046603165128,-1.2794229645911557,-3.128888866137784,-0.8168903587847667,-0.1028323185558201,-0.143668631784898,-0.0229925501183896,1.4406914770280994,-0.0735337312646987,0.3074605603146748,0.2197387144000831,-0.6520151631688476,-0.232972291928726,1.3400639366250096,-0.7034781696778183,-0.5874744740424854,-0.6607246704684773,-2.6353951120212926,-1.342740262241462,0.2470573851036731,1.4470590895500697,-0.6420043641948351,-0.6185677000086734,0.2176878733482403,-0.0170941953476345,0.0215934901280685,0.1606293667816362,0.0853317765029191,-0.4579738523873133,-1.185547876309211,-0.1808981911111381,-0.0078683985395949,-0.1191201946697154,0.7032588837054903,-0.3591808514536615,-0.1897732545788937,-0.4071103740646977,-0.6982208754395988,-0.2449265049874135,0.0467275997979122,-0.4285717977572645,0.2939565253401415,0.0134073023460597,-0.1208688493598091,-0.1931277290501136,0.0659337181050458,-0.2134636894041163,0.0563997264005683,-0.0312733747626739,2.19451020700327,-1.6756564804190663,-1.049577386263214,-0.7209254412270092,-0.631584842669879,-1.6028786513553508,0.1612166852021762,-0.1035515622232793,0.0431897482572764,0.1254851567567933,-0.2116254610577886,-0.1728257453041733,0.1372652016859669,-0.0220413958146941,-0.1548151723018571,0.0014764575181038
IL_022,32.606,35.163,True,0.466314207050283,0.1055442805292235,1.9594817978697563,-1.2961434285113491,0.3363119625338547,-0.6417451201397532,-0.1462276144412073,-0.3521982609631476,0.2678428232222287,0.970777411668178,0.2916665320905227,0.9327497562458682,0.1917708259781922,-0.677503284562774,-0.0091917341265474,1.2738993908702072,-0.6658374994794403,-0.5442653013972707,-0.6381549403211113,-2.6353951120212926,-1.342740262241462,0.2470573851036731,-0.8646157247300631,-0.6420043641948351,-0.6185677000086734,0.2176878733482403,-0.0170941953476345,0.0215934901280685,0.1606293667816362,0.0853317765029191,-0.4579738523873133,-1.185547876309211,-0.1808981911111381,-0.0078683985395949,-0.4360062373960579,-0.7098622535055418,-0.5468846419569181,-0.7783453774757525,-0.3259159471776098,-0.1720966946506053,4.563722308526944,0.0467275997979122,-0.4285717977572645,0.2939565253401415,0.0134073023460597,-0.1208688493598091,-0.1931277290501136,0.0659337181050458,-0.2134636894041163,0.0563997264005683,-0.0312733747626739,2.2372026662823266,-1.4679663319216365,-0.6604730014598277,-0.6125115350478322,-0.2130054167544687,-0.19258551753845585,0.1612166852021762,-0.1035515622232793,0.0431897482572764,0.1254851567567933,-0.2116254610577886,-0.1728257453041733,0.1372652016859669,-0.0220413958146941,-0.1548151723018571,0.0014764575181038
IL_023,32.609,35.166,True,0.466314207050283,-0.0067061526727579,1.8847420416660985,-1.183911532544044,-2.883611096638436,-0.6509632905947538,-0.1954089497779794,-0.3782644646104288,0.1356449262492203,1.3937000704921072,-0.164833797103504,1.0336028523638026,0.3196240301925503,-0.751650546799651,0.2369668794558489,1.265628822650857,-0.6263570375176299,-0.2972890526744155,-0.5628354973369315,-2.6353951120212926,-1.342740262241462,0.2470573851036731,0.2495589482506193,0.5997205374243119,-0.6185677000086734,0.2176878733482403,-0.0170941953476345,0.0215934901280685,0.1606293667816362,0.0853317765029191,-0.4579738523873133,-1.185547876309211,-0.1808981911111381,-0.0078683985395949,0.1625562877537,-0.0033016849000257,0.0162267295528516,0.398798868317965,-0.2447215202905219,-0.1720966946506053,-0.2449265049874135,0.0467275997979122,-0.4285717977572645,0.2939565253401415,0.0134073023460597,-0.1208688493598091,-0.1931277290501136,0.0659337181050458,-0.2134636894041163,0.0563997264005683,-0.0312733747626739,2.2372026662823266,-1.4679663319216365,-0.24311282257477457,-0.6857417118792524,0.3621781729261392,0.08471098939569323,0.1612166852021762,-0.1035515622232793,0.0431897482572764,0.1254851567567933,-0.2116254610577886,-0.1728257453041733,0.1372652016859669,-0.0220413958146941,-0.1548151723018571,0.0014764575181038
IL_024,32.612,35.163,True,-3.400813880869136,0.4766221635027378,1.6462207209420796,-1.3140249352522542,-2.9879846155743284,-0.5403452451347456,-0.1375485552641298,-0.2805162009331243,0.0563261880654153,1.329620879761209,-0.6343769928459315,0.5898492294448912,0.5233900744091834,-0.6427467553892379,-0.0987039572474189,1.397957914160461,-0.6525504404154768,-0.4253023405412812,-0.6162204228449962,-2.6353951120212926,-1.342740262241462,0.2470573851036731,-0.8646157247300631,-0.6420043641948351,-0.6185677000086734,0.2176878733482403,-0.0170941953476345,0.0215934901280685,0.1606293667816362,0.0853317765029191,-0.4579738523873133,-1.185547876309211,-0.1808981911111381,-0.0078683985395949,-0.400796677093131,-0.4743420639703698,-0.5468846419569181,-0.7783453774757525,-0.4071103740646977,-0.6982208754395988,-0.2449265049874135,0.0467275997979122,-0.4285717977572645,0.2939565253401415,0.0134073023460597,-0.1208688493598091,-0.1931277290501136,0.0659337181050458,-0.2134636894041163,0.0563997264005683,-0.0312733747626739,2.2372026662823266,-1.4679663319216365,-2.3595597473858083,-0.7306217445905642,-0.619717389703271,0.2917572104500124,0.1612166852021762,-0.1035515622232793,0.0431897482572764,0.1254851567567933,-0.2116254610577886,-0.1728257453041733,0.1372652016859669,-0.0220413958146941,-0.1548151723018571,0.0014764575181038
IL_025,31.845,34.981,True,0.466314207050283,0.2045150865890059,1.5578709474050396,-1.1004645010864875,-0.5195508927404656,-0.3191091542147283,-0.2069810286807493,2.567216547532348,0.003447029276212,0.5222230765518895,-0.6343769928459315,0.3679724179854354,-0.5873346372030525,-0.4851838231358739,-0.0539478456869832,1.2325465497734558,-0.5533695494548823,0.0855593341562074,-0.558663218058419,-2.6353951120212926,-1.342740262241462,0.2470573851036731,1.605268255155231,1.5011910335109906,-0.6185677000086734,0.2176878733482403,-0.0170941953476345,0.0215934901280685,0.1606293667816362,0.0853317765029191,-0.4579738523873133,-1.185547876309211,-0.1808981911111381,-0.0078683985395949,-0.0134915137609346,0.9387790732406625,0.0162267295528516,0.9873709912148236,-0.4071103740646977,-0.6982208754395988,5.04458718987838,0.0467275997979122,-0.4285717977572645,0.2939565253401415,0.0134073023460597,-0.1208688493598091,-0.1931277290501136,0.0659337181050458,-0.2134636894041163,0.0563997264005683,-0.0312733747626739,2.3658201693775562,-2.41256128212913,-1.1246813700008278,-0.16897491547492977,-0.027450609729979647,1.1381876325098959,0.1612166852021762,-0.1035515622232793,0.0431897482572764,0.1254851567567933,-0.2116254610577886,-0.1728257453041733,0.1372652016859669,-0.0220413958146941,-0.1548151723018571,0.0014764575181038
IL_026,31.849,34.983,True,0.466314207050283,2.354812447614463,-0.5304593393595102,-1.0319914142981448,-2.690520086607034,-0.7984540178747652,-0.2359112259376741,-0.2805162009331243,0.0298866086708137,0.8084434618165689,-0.6343769928459315,0.2469487026439141,-0.2716970392988559,-0.5153061484196052,-0.3224845150495974,1.3648756412830598,-0.7203784393322067,-0.4755802798933451,-0.6986854974504991,-2.6353951120212926,-1.342740262241462,0.2470573851036731,0.9717511125952184,-0.6420043641948351,-0.6185677000086734,0.2176878733482403,-0.0170941953476345,0.0215934901280685,0.1606293667816362,0.0853317765029191,-0.4579738523873133,-1.185547876309211,-0.1808981911111381,-0.0078683985395949,-0.2599584358814232,0.2322185046351462,-0.5468846419569181,-0.7783453774757525,-0.4071103740646977,-0.6982208754395988,-0.2449265049874135,0.0467275997979122,-0.4285717977572645,0.2939565253401415,0.0134073023460597,-0.1208688493598091,-0.1931277290501136,0.0659337181050458,-0.2134636894041163,0.0563997264005683,-0.0312733747626739,2.3658201693775562,-2.41256128212913,0.5480383746327,-0.1590477477455758,-0.34739318039024436,0.88107308587849,0.1612166852021762,-0.1035515622232793,0.0431897482572764,0.1254851567567933,-0.2116254610577886,-0.1728257453041733,0.1372652016859669,-0.0220413958146941,-0.1548151723018571,0.0014764575181038
IL_027,31.851,34.98,True,-3.400813880869136,0.3221107785148919,1.6698267962039348,-1.2392521306419122,-3.055827402882658,-0.6601814610497547,-0.2330182062119816,-0.3261320573158664,0.003447029276212,1.53894623614881,0.1873235997033165,0.4083136564326092,0.1518166996612053,-0.5153061484196052,-0.3940942935462947,1.4806635963539645,-0.742864318331062,-0.5633191356741146,-0.7130675476183136,-2.6353951120212926,-1.342740262241462,0.2470573851036731,0.8392443039450852,-0.6420043641948351,-0.6185677000086734,0.2176878733482403,-0.0170941953476345,0.0215934901280685,0.1606293667816362,0.0853317765029191,-0.4579738523873133,-1.185547876309211,-0.1808981911111381,-0.0078683985395949,0.2329754083595539,0.4677386941703182,-0.3591808514536615,-0.1897732545788937,-0.4071103740646977,-0.6982208754395988,-0.2449265049874135,0.0467275997979122,-0.4285717977572645,0.2939565253401415,0.0134073023460597,-0.1208688493598091,-0.1931277290501136,0.0659337181050458,-0.2134636894041163,0.0563997264005683,-0.0312733747626739,2.3658201693775562,-2.41256128212913,0.817455510872649,-0.20545148527116058,-0.4934503310182201,1.4033467934327855,0.1612166852021762,-0.1035515622232793,0.0431897482572764,0.1254851567567933,-0.2116254610577886,-0.1728257453041733,0.1372652016859669,-0.0220413958146941,-0.1548151723018571,0.0014764575181038
IL_028,31.474,34.752,True,0.0796013982583411,-0.1988849077306143,1.4840539042409326,-0.8198847611682241,-0.5508629484212335,-0.4942543928597419,-0.2764135020973688,-0.4238803209931709,-0.1551904470913979,0.7059167566471315,0.161237866606515,0.1057543680788059,-0.6153025256249433,-0.677503284562774,-0.6715821852209961,1.2573582544315065,-0.7445412230542832,-0.3239516344472898,-0.6551593219432107,0.3220206705520736,1.1847505315043632,0.2470573851036731,-0.8646157247300631,2.3450009519253765,-0.6185677000086734,-0.9145283506899046,-0.0525086110215747,-0.1777283899197421,-0.5152571159589174,-2.5364408410927446,0.1103198336921389,1.1514215701402646,-0.1808981911111381,-0.0078683985395949,-0.400796677093131,-0.4743420639703698,3.582598749114726,2.7530873599054,-0.4071103740646977,-0.6982208754395988,-0.2449265049874135,-1.0091648668644035,-0.1529252691865829,0.2939565253401415,-1.509943638222382,0.9221606928793205,2.704120656400065,-2.266958882754275,-0.4765319613922173,-2.930816154794132,0.0837903066381561,2.2055388683840844,-2.4111802692374606,-2.4218616995267928,-0.05308100384386744,-0.792447424884847,0.763700146892331,0.1612166852021762,-0.1035515622232793,0.0431897482572764,0.1254851567567933,-0.2116254610577886,-0.1728257453041733,0.1372652016859669,-0.0220413958146941,-0.1548151723018571,0.0014764575181038
IL_029,31.477,34.749,True,0.466314207050283,-0.1382496290813298,1.1391899057086243,-0.6377259973767297,-1.855531935119892,-0.0886548928397118,-0.2850925612744462,-0.469496177375913,-0.0494321295129912,0.9494176814245452,0.2003664662517174,0.1864368449731535,0.1198533986076157,-0.6636006728933596,-0.6335394903946256,1.2160054133347549,-0.726695999879589,-0.3764576208230347,-0.6177121913002679,-0.652877862515732,0.9639599436135556,0.2470573851036731,-0.8646157247300631,-0.6420043641948351,-0.6185677000086734,0.4567490559790448,-0.0170941953476345,0.3022979629632309,-0.7623566550290473,-1.10322190114453,-0.0421492040364946,0.5671792085278956,-0.1808981911111381,-0.0078683985395949,-0.400796677093131,-0.4743420639703698,-0.3591808514536615,-0.1897732545788937,-0.4071103740646977,-0.6982208754395988,1.6785330204183293,0.013615989345087,0.0514001296140622,0.2939565253401415,0.0134073023460597,-1.2478203087905926,-1.401668599934607,-2.2564974809567,-0.4790431083902043,-2.3711504159286143,-0.5539513928038821,2.2055388683840844,-2.4111802692374606,-2.4191917792414253,-0.12229414071038627,-0.38883848553510225,1.3519733333038122,0.1612166852021762,-0.1035515622232793,0.0431897482572764,0.1254851567567933,-0.2116254610577886,-0.1728257453041733,0.1372652016859669,-0.0220413958146941,-0.1548151723018571,0.0014764575181038
IL_030,31.475,34.749,True,0.466314207050283,-0.661647456023735,1.8807914331936384,-0.8014149799251685,-2.4139302614269185,-0.2638001314847241,-0.2561623640175214,-0.4303968719049912,0.0298866086708137,2.085755330385809,0.3699237313809273,0.267119321867501,0.3236194428242489,-0.677503284562774,-0.3963320991243163,1.265628822650857,-0.6973441831251141,-0.4653965604482376,-0.6042782556705242,0.2139571741066036,1.549181193664642,0.2470573851036731,1.2867744047678151,-0.6420043641948351,-0.6185677000086734,-1.155964778815329,0.0298140975299096,0.4395792075182865,-3.225422859611617,-1.03285893540394,0.2766496930324662,1.4435427509464491,-0.1808981911111381,-0.0078683985395949,-0.2247488755784963,0.4677386941703182,-0.5468846419569181,-0.7783453774757525,-0.4071103740646977,-0.6982208754395988,-0.2449265049874135,-0.7589882545541685,0.9338786356368955,0.2939565253401415,-0.131277102499343,-0.0249580868550615,-0.25288281263283,-0.1537557196440382,-0.0349288250319257,-0.4053245081634837,0.953452569111478,2.2055388683840844,-2.4111802692374606,-2.3045002612599457,-0.10396351006595131,-0.03434990783852234,0.5163690428839598,0.1612166852021762,-0.1035515622232793,0.0431897482572764,0.1254851567567933,-0.2116254610577886,-0.1728257453041733,0.1372652016859669,-0.0220413958146941,-0.1548151723018571,0.0014764575181038
IL_031,32.709,35.182,True,0.466314207050283,0.653400219590244,1.537911338403409,-1.3483354605812237,-2.10080970461924,0.1233630276253056,-0.2503763245661365,-0.3717479136986085,-0.1816300264859996,1.3039892034688494,-0.6343769928459315,0.2872899410910879,-0.5753483993079564,-0.7354308331853342,-0.4119967381704689,1.2904405273089077,-0.6768008050408227,0.2634029540419543,-0.5419365769216777,-2.6353951120212926,-1.342740262241462,0.2470573851036731,0.725781195246511,-0.6420043641948351,0.1616823742637695,0.2176878733482403,-0.0170941953476345,0.0215934901280685,0.1606293667816362,0.0853317765029191,-0.4579738523873133,-1.185547876309211,-0.1808981911111381,-0.0078683985395949,-0.1895393152755693,0.2322185046351462,-0.1714770609504049,-0.1897732545788937,0.8108060292416207,0.3540274861383882,-0.2449265049874135,0.0467275997979122,-0.4285717977572645,0.2939565253401415,0.0134073023460597,-0.1208688493598091,-0.1931277290501136,0.0659337181050458,-0.2134636894041163,0.0563997264005683,-0.0312733747626739,2.257033154529967,-1.162471245696797,-0.6929767640081476,-0.5553495180760173,-0.03963166715606695,-1.6139510156786963,0.1612166852021762,-0.1035515622232793,0.0431897482572764,0.1254851567567933,-0.2116254610577886,-0.1728257453041733,0.1372652016859669,-0.0220413958146941,-0.1548151723018571,0.0014764575181038
IL_032,32.71,35.184,True,0.466314207050283,-0.2044807254572012,2.2425240227521277,-1.2946411881076418,-2.1373404362468027,-0.2822364723947259,-0.071009101573203,-0.2218672427267415,0.003447029276212,1.7739032688287708,-0.6343769928459315,0.6907023255628256,-0.2037750245599782,-0.6983572020668957,-0.1882161803682903,1.3400639366250096,-0.6542546837801619,-0.1859326833871769,-0.5205730872142418,-2.6353951120212926,-1.342740262241462,0.2470573851036731,-0.8646157247300631,-0.6420043641948351,-0.6185677000086734,0.2176878733482403,-0.0170941953476345,0.0215934901280685,0.1606293667816362,0.0853317765029191,-0.4579738523873133,-1.185547876309211,-0.1808981911111381,-0.0078683985395949,-0.365587116790204,-0.4743420639703698,-0.5468846419569181,-0.7783453774757525,-0.3259159471776098,-0.1720966946506053,-0.2449265049874135,0.0467275997979122,-0.4285717977572645,0.2939565253401415,0.0134073023460597,-0.1208688493598091,-0.1931277290501136,0.0659337181050458,-0.2134636894041163,0.0563997264005683,-0.0312733747626739,2.257033154529967,-1.162471245696797,-2.1903412097371517,-0.5550263079638988,-0.18065464093450803,-1.4048032037388072,0.1612166852021762,-0.1035515622232793,0.0431897482572764,0.1254851567567933,-0.2116254610577886,-0.1728257453041733,0.1372652016859669,-0.0220413958146941,-0.1548151723018571,0.0014764575181038
IL_033,32.713,35.185,True,0.466314207050283,0.0220246129682255,2.096427791489833,-1.333990194811205,0.3363119625338547,-0.4112908587647357,-0.1549066736182847,-0.3456817100513273,-0.0494321295129912,0.863978760450014,-0.6343769928459315,0.5495079909977174,0.9748717017911356,-0.6612835709484571,-0.0987039572474189,1.397957914160461,-0.6891627619388802,-0.514408119001153,-0.5707620593524602,-2.6353951120212926,-1.342740262241462,0.2470573851036731,-0.8646157247300631,-0.6420043641948351,-0.6185677000086734,0.2176878733482403,-0.0170941953476345,0.0215934901280685,0.1606293667816362,0.0853317765029191,-0.4579738523873133,-1.185547876309211,-0.1808981911111381,-0.0078683985395949,-0.4360062373960579,-0.7098622535055418,-0.3591808514536615,-0.1897732545788937,-0.4071103740646977,-0.6982208754395988,0.7168032577154579,0.0467275997979122,-0.4285717977572645,0.2939565253401415,0.0134073023460597,-0.1208688493598091,-0.1931277290501136,0.0659337181050458,-0.2134636894041163,0.0563997264005683,-0.0312733747626739,2.257033154529967,-1.162471245696797,-1.352561039597959,-0.5174415892118333,-0.6404152840288989,-1.0351157354910314,0.1612166852021762,-0.1035515622232793,0.0431897482572764,0.1254851567567933,-0.2116254610577886,-0.1728257453041733,0.1372652016859669,-0.0220413958146941,-0.1548151723018571,0.0014764575181038
IL_034,32.256,34.844,True,0.0796013982583411,-0.7953823734512628,-1.4355639384060694,1.366214241801155,-1.5789421099397765,0.3538172890003219,-0.1693717722467471,-0.339165159139507,0.1356449262492203,-0.2381833201214377,0.1742807331549158,0.8520672793515207,-0.2477245635086638,-0.5616481873176534,0.0131863216536703,0.8355592752446417,-0.5972038206933314,-0.6906903811375269,-0.5435024220386419,-2.6353951120212926,-1.342740262241462,0.2470573851036731,-0.8646157247300631,0.5997205374243119,-0.6185677000086734,0.2176878733482403,-0.0170941953476345,0.0215934901280685,0.1606293667816362,0.0853317765029191,-0.4579738523873133,-1.185547876309211,-0.1808981911111381,-0.0078683985395949,-0.4360062373960579,-0.7098622535055418,0.0162267295528516,0.398798868317965,-0.2447215202905219,-0.1720966946506053,7.929776477986994,0.0467275997979122,-0.4285717977572645,0.2939565253401415,0.0134073023460597,-0.1208688493598091,-0.1931277290501136,0.0659337181050458,-0.2134636894041163,0.0563997264005683,-0.0312733747626739,2.5048616692786836,-1.9758138868301565,-0.9923710430096458,-0.9254712693248603,0.630722623227548,-0.04572748135446496,0.1612166852021762,-0.1035515622232793,0.0431897482572764,0.1254851567567933,-0.2116254610577886,-0.1728257453041733,0.1372652016859669,-0.0220413958146941,-0.1548151723018571,0.0014764575181038
IL_035,32.254,34.848,True,-3.207457476473165,0.1034287084161842,1.3782066868542484,-0.9285846136731128,-2.659208030926266,-0.0425640405647072,-0.0362928648648932,-0.5085954828468349,-0.5253445586158213,0.9024262748885532,-0.6343769928459315,-0.3985111125108661,0.5633442007261704,-0.7307966292955295,-1.235509190882486,1.265628822650857,-0.6045274151049309,-0.476445219033356,-0.3743651607050751,-2.6353951120212926,-1.342740262241462,0.2470573851036731,-0.8646157247300631,-0.6420043641948351,-0.6185677000086734,0.2176878733482403,-0.0170941953476345,0.0215934901280685,0.1606293667816362,0.0853317765029191,-0.4579738523873133,-1.185547876309211,-0.1808981911111381,-0.0078683985395949,-0.4360062373960579,-0.7098622535055418,-0.5468846419569181,-0.7783453774757525,-0.4071103740646977,-0.6982208754395988,-0.2449265049874135,0.0467275997979122,-0.4285717977572645,0.2939565253401415,0.0134073023460597,-0.1208688493598091,-0.1931277290501136,0.0659337181050458,-0.2134636894041163,0.0563997264005683,-0.0312733747626739,2.5048616692786836,-1.9758138868301565,-1.4553916185148945,-0.9816174830871599,0.553724475676468,-0.853785123643069,0.1612166852021762,-0.1035515622232793,0.0431897482572764,0.1254851567567933,-0.2116254610577886,-0.1728257453041733,0.1372652016859669,-0.0220413958146941,-0.1548151723018571,0.0014764575181038
IL_036,32.247,34.85,True,-0.6938242193255426,0.3756165831187297,1.8259487118762816,-1.368688191555757,-2.659208030926266,-0.6878359724147566,-0.0362928648648931,-0.0524369190194137,-0.0229925501183896,0.8938823827911001,-0.6343769928459315,0.448654894879783,0.1238488112393143,-0.5037206386950932,0.0355643774338882,1.3235228001863086,-0.5009580178461236,-0.3190151447782933,-0.3093512918872282,-2.6353951120212926,-1.342740262241462,0.2470573851036731,-0.8646157247300631,-0.6420043641948351,-0.6185677000086734,0.2176878733482403,-0.0170941953476345,0.0215934901280685,0.1606293667816362,0.0853317765029191,-0.4579738523873133,-1.185547876309211,-0.1808981911111381,-0.0078683985395949,-0.400796677093131,-0.4743420639703698,-0.5468846419569181,-0.7783453774757525,-0.4071103740646977,-0.6982208754395988,-0.2449265049874135,0.0467275997979122,-0.4285717977572645,0.2939565253401415,0.0134073023460597,-0.1208688493598091,-0.1931277290501136,0.0659337181050458,-0.2134636894041163,0.0563997264005683,-0.0312733747626739,2.5048616692786836,-1.9758138868301565,-1.7732079444868174,-0.9987014461562805,-0.6576965402959902,-1.276215024674787,0.1612166852021762,-0.1035515622232793,0.0431897482572764,0.1254851567567933,-0.2116254610577886,-0.1728257453041733,0.1372652016859669,-0.0220413958146941,-0.1548151723018571,0.0014764575181038
IL_037,32.245,34.852,True,-3.014101072077194,-0.2383655480055163,2.204359374742388,-1.250928571344643,0.3363119625338547,-0.8721993815147709,0.0938930227912682,-0.1697348354321792,0.003447029276212,0.8212592999627486,-0.1517909305551032,0.2872899410910879,0.2876607291389607,-0.4921351289705811,0.1250766005547596,1.3566050730637098,-0.4963803783790138,-0.3395000422374046,-0.3664195122456101,-2.6353951120212926,-1.342740262241462,0.2470573851036731,-0.8646157247300631,-0.6420043641948351,-0.6185677000086734,0.2176878733482403,-0.0170941953476345,0.0215934901280685,0.1606293667816362,0.0853317765029191,-0.4579738523873133,-1.185547876309211,-0.1808981911111381,-0.0078683985395949,-0.4360062373960579,-0.7098622535055418,-0.5468846419569181,-0.7783453774757525,-0.4071103740646977,-0.6982208754395988,-0.2449265049874135,0.0467275997979122,-0.4285717977572645,0.2939565253401415,0.0134073023460597,-0.1208688493598091,-0.1931277290501136,0.0659337181050458,-0.2134636894041163,0.0563997264005683,-0.0312733747626739,2.5048616692786836,-1.9758138868301565,-0.37388042729932447,-0.9938071216013432,-0.806031449629657,0.47980399606343027,0.1612166852021762,-0.1035515622232793,0.0431897482572764,0.1254851567567933,-0.2116254610577886,-0.1728257453041733,0.1372652016859669,-0.0220413958146941,-0.1548151723018571,0.0014764575181038
IL_038,31.853,34.772,True,0.466314207050283,-0.2978321459749271,1.4381154257088136,-0.733522726628631,0.3363119625338547,-0.6970541428697572,0.0794279241628058,-0.4955623810231943,-0.2292212693962826,0.8810665446449202,0.0438520676709082,0.1864368449731535,0.2916561417706595,-0.6636006728933596,-0.6066858234583643,1.249087686212156,-0.7056655887486981,-0.354985352086606,-0.6273483905620016,-2.6353951120212926,-1.342740262241462,0.2470573851036731,-0.8646157247300631,-0.6420043641948351,-0.6185677000086734,0.2176878733482403,-0.0170941953476345,0.0215934901280685,0.1606293667816362,0.0853317765029191,-0.4579738523873133,-1.185547876309211,-0.1808981911111381,-0.0078683985395949,-0.400796677093131,-0.4743420639703698,-0.3591808514536615,-0.1897732545788937,-0.4071103740646977,-0.6982208754395988,-0.2449265049874135,0.0467275997979122,-0.4285717977572645,0.2939565253401415,0.0134073023460597,-0.1208688493598091,-0.1931277290501136,0.0659337181050458,-0.2134636894041163,0.0563997264005683,-0.0312733747626739,2.3753200892602093,-1.9018040117637725,-2.106355209131577,-0.8857164255342848,-0.7091606826463155,-0.5185124727755244,0.1612166852021762,-0.1035515622232793,0.0431897482572764,0.1254851567567933,-0.2116254610577886,-0.1728257453041733,0.1372652016859669,-0.0220413958146941,-0.1548151723018571,0.0014764575181038
IL_039,31.859,34.768,True,0.466314207050283,-0.2262201229587615,0.2048350052749549,0.0021651573455999,-2.7792375777025438,0.1786720503553093,-0.1780508314238246,-0.5216285846704756,-0.3614191663692909,0.3513452346028272,-0.6343769928459315,-0.1362930626042366,-0.0958988835041136,-0.7701873623588705,-1.02739327212646,1.406228482379812,-0.7797692802970732,-0.4773478491428244,-0.6973941780546467,-2.6353951120212926,-1.342740262241462,0.2470573851036731,0.0908658264321849,-0.6420043641948351,-0.6185677000086734,0.2176878733482403,-0.0170941953476345,0.0215934901280685,0.1606293667816362,0.0853317765029191,-0.4579738523873133,-1.185547876309211,-0.1808981911111381,-0.0078683985395949,-0.365587116790204,-0.2388218744351977,-0.5468846419569181,-0.7783453774757525,-0.4071103740646977,-0.6982208754395988,0.2359383763640222,0.0467275997979122,-0.4285717977572645,0.2939565253401415,0.0134073023460597,-0.1208688493598091,-0.1931277290501136,0.0659337181050458,-0.2134636894041163,0.0563997264005683,-0.0312733747626739,2.3753200892602093,-1.9018040117637725,-0.7391974376220989,-0.8947663086736027,-0.6627967391369942,0.24983989600287837,0.1612166852021762,-0.1035515622232793,0.0431897482572764,0.1254851567567933,-0.2116254610577886,-0.1728257453041733,0.1372652016859669,-0.0220413958146941,-0.1548151723018571,0.0014764575181038
IL_040,32.758,35.183,True,0.466314207050283,0.4474737995239491,1.4499904145308289,-1.1734443090859534,0.3363119625338547,-0.5956542678647498,-0.0507579634933555,-0.3196155064040461,0.1092053468546187,1.3253489337124822,-0.6343769928459315,0.6503610871156519,0.091885510185725,-0.6311612456647258,0.1250766005547596,1.1415702993606025,-0.5394389213095993,-0.0696603048760939,-0.487782611278418,-2.6353951120212926,-1.342740262241462,0.2470573851036731,1.2867744047678151,-0.6420043641948351,-0.6185677000086734,0.2176878733482403,-0.0170941953476345,0.0215934901280685,0.1606293667816362,0.0853317765029191,-0.4579738523873133,-1.185547876309211,-0.1808981911111381,-0.0078683985395949,-0.2247488755784963,0.4677386941703182,-0.5468846419569181,-0.7783453774757525,-0.3259159471776098,-0.1720966946506053,-0.2449265049874135,0.0467275997979122,-0.4285717977572645,0.2939565253401415,0.0134073023460597,-0.1208688493598091,-0.1931277290501136,0.0659337181050458,-0.2134636894041163,0.0563997264005683,-0.0312733747626739,2.257033154529967,-1.162471245696797,-2.3315024028925215,-0.18942949828471492,0.47694089959766306,-1.4093093631737774,0.1612166852021762,-0.1035515622232793,0.0431897482572764,0.1254851567567933,-0.2116254610577886,-0.1728257453041733,0.1372652016859669,-0.0220413958146941,-0.1548151723018571,0.0014764575181038
IL_041,32.744,35.225,True,0.466314207050283,0.3263702815605023,1.615694297883589,-1.2076081634283324,0.3363119625338547,-0.3191091542147283,-0.0420789043162781,-0.3456817100513273,0.082765767460017,0.6503814580136861,-0.1778766636519048,0.6907023255628256,0.1238488112393143,-0.6728690806729691,0.1250766005547596,1.389687345941111,-0.6819058482700063,-0.0914412568215872,-0.6103478989978062,-2.6353951120212926,-1.342740262241462,0.2470573851036731,-0.8646157247300631,-0.6420043641948351,-0.6185677000086734,0.2176878733482403,-0.0170941953476345,0.0215934901280685,0.1606293667816362,0.0853317765029191,-0.4579738523873133,-1.185547876309211,-0.1808981911111381,-0.0078683985395949,-0.400796677093131,-0.4743420639703698,-0.5468846419569181,-0.7783453774757525,-0.4071103740646977,-0.6982208754395988,0.7168032577154579,0.0467275997979122,-0.4285717977572645,0.2939565253401415,0.0134073023460597,-0.1208688493598091,-0.1931277290501136,0.0659337181050458,-0.2134636894041163,0.0563997264005683,-0.0312733747626739,2.1465919281557855,-1.403590551814677,0.6513733190237966,-0.40187088769288937,-0.6842868973602538,0.3233996302107072,0.1612166852021762,-0.1035515622232793,0.0431897482572764,0.1254851567567933,-0.2116254610577886,-0.1728257453041733,0.1372652016859669,-0.0220413958146941,-0.1548151723018571,0.0014764575181038
IL_042,32.707,35.185,True,0.466314207050283,0.1677664328621675,1.7181154452737883,-1.1801317018508446,0.3363119625338547,-0.964381086064778,0.1748975751106575,-0.40433066825771,-0.0229925501183896,2.6880997232562547,0.1481950000581143,0.4688255141033698,0.3755598070363318,-0.5987218184360921,-0.232972291928726,1.249087686212156,-0.5455399442699829,-0.2693675864186267,-0.4386372523103101,-2.6353951120212926,-1.342740262241462,0.2470573851036731,-0.8646157247300631,-0.6420043641948351,-0.6185677000086734,0.2176878733482403,-0.0170941953476345,0.0215934901280685,0.1606293667816362,0.0853317765029191,-0.4579738523873133,-1.185547876309211,-0.1808981911111381,-0.0078683985395949,-0.400796677093131,-0.4743420639703698,-0.5468846419569181,-0.7783453774757525,-0.4071103740646977,-0.6982208754395988,-0.2449265049874135,0.0467275997979122,-0.4285717977572645,0.2939565253401415,0.0134073023460597,-0.1208688493598091,-0.1931277290501136,0.0659337181050458,-0.2134636894041163,0.0563997264005683,-0.0312733747626739,2.257033154529967,-1.162471245696797,-2.2771676607628586,-0.6288567321463964,-0.5539099697062386,-1.3029712962916937,0.1612166852021762,-0.1035515622232793,0.0431897482572764,0.1254851567567933,-0.2116254610577886,-0.1728257453041733,0.1372652016859669,-0.0220413958146941,-0.1548151723018571,0.0014764575181038
IL_043,32.703,35.183,True,0.0796013982583411,0.0576039913492102,1.9560216239714387,-1.2661470798050618,0.3363119625338547,-0.7984540178747652,0.117037180596808,-0.3326486082276867,0.1356449262492203,1.778175214877498,0.161237866606515,0.5898492294448912,0.3316102680876465,-0.6334783476096282,-0.1882161803682903,1.3235228001863086,-0.5754170943406742,-0.3422909625183342,-0.5315478572794514,-2.6353951120212926,-1.342740262241462,0.2470573851036731,-0.8646157247300631,-0.6420043641948351,-0.6185677000086734,0.2176878733482403,-0.0170941953476345,0.0215934901280685,0.1606293667816362,0.0853317765029191,-0.4579738523873133,-1.185547876309211,-0.1808981911111381,-0.0078683985395949,-0.4360062373960579,-0.7098622535055418,-0.3591808514536615,-0.1897732545788937,-0.0011382396292582,-0.1720966946506053,10.81496576609561,0.0467275997979122,-0.4285717977572645,0.2939565253401415,0.0134073023460597,-0.1208688493598091,-0.1931277290501136,0.0659337181050458,-0.2134636894041163,0.0563997264005683,-0.0312733747626739,2.257033154529967,-1.162471245696797,-1.628684218020556,-0.6522663788384077,-0.6729311148275329,-1.1010098308129714,0.1612166852021762,-0.1035515622232793,0.0431897482572764,0.1254851567567933,-0.2116254610577886,-0.1728257453041733,0.1372652016859669,-0.0220413958146941,-0.1548151723018571,0.0014764575181038
IL_044,31.995,34.819,True,0.466314207050283,-0.424555049480431,-0.1473027496858197,0.3391663993438705,-2.152996464087187,0.5658352094653394,-0.2156600878578267,-0.5802775428768582,-0.3614191663692909,0.2488185294333897,-0.1778766636519048,-0.237146158722171,-0.4794584961471879,-0.6960401001219932,-0.9423566601616322,1.1332997311412525,-0.6738968566623035,-0.6576245713584067,-0.6362322915926654,0.0033592172604742,1.732616598562244,0.2470573851036731,-0.8646157247300631,-0.6420043641948351,-0.6185677000086734,0.3899125317740341,-0.6191686183583389,0.5379049960758192,-0.330786725494729,-0.5707918763640655,0.1380414769155268,1.4435427509464491,-0.1808981911111381,-0.0078683985395949,-0.400796677093131,-0.4743420639703698,-0.5468846419569181,-0.7783453774757525,-0.4071103740646977,-0.6982208754395988,-0.2449265049874135,1.5073175275503143,3.781904831183623,0.2939565253401415,0.1941856845196335,0.5984618694257974,-0.1900146942001881,-0.708210014915536,-0.0625386300353036,-0.6291908037096907,-0.0232438226233606,2.440552664317956,-2.1655758946166124,-1.0486463505434194,-0.833725770356366,-0.5187532592488323,-0.735478932388053,0.1612166852021762,-0.1035515622232793,0.0431897482572764,0.1254851567567933,-0.2116254610577886,-0.1728257453041733,0.1372652016859669,-0.0220413958146941,-0.1548151723018571,0.0014764575181038
IL_045,31.991,34.816,True,-0.3071114105336007,0.2072712356185189,-0.338765705392721,0.0932351074466013,-2.6748640587666506,0.1694538799003096,-0.2359112259376741,-0.5672444410532176,-0.4592456101293171,-0.4902281369963047,-0.0604908647162978,-0.2774873971693448,-0.4395043698302009,-0.6056731242707993,-0.5350760449616672,0.8107475705865905,-0.3764330846530122,-0.3040990929667359,-0.3567551449870201,-0.3421015185315195,1.4746579820991712,0.2470573851036731,-0.8646157247300631,-0.6420043641948351,-0.6185677000086734,-0.2982278053121784,0.8923848025446677,0.2795444935457185,-1.8745138998776425,-5.69862722633232,-0.0421492040364946,0.8593003893340802,-0.1808981911111381,-0.0078683985395949,-0.400796677093131,-0.4743420639703698,0.3916343105593647,-0.1897732545788937,-0.4071103740646977,-0.6982208754395988,-0.2449265049874135,0.0577648032821873,1.944060515910132,0.2939565253401415,-1.4544144423328886,-0.4565565181264255,0.1698825055229065,0.8923844601135047,2.4205885797650093,-1.055935929594648,-0.2556425723825438,2.440552664317956,-2.1655758946166124,-1.6886772785455548,-0.8123015572102253,-0.31250055789871534,-1.7379154921338187,0.1612166852021762,-0.1035515622232793,0.0431897482572764,0.1254851567567933,-0.2116254610577886,-0.1728257453041733,0.1372652016859669,-0.0220413958146941,-0.1548151723018571,0.0014764575181038
IL_046,32.705,35.182,True,0.466314207050283,0.9007830010781064,1.058566707802799,-1.1897779945129554,-0.8326714495481435,-1.2317080292597986,0.0881069833398832,-0.339165159139507,-0.0494321295129912,4.085026081189839,-0.6343769928459315,0.2066074641967404,0.8070643712597906,-0.5500626775931414,0.997820775983256,0.9513472303155456,0.5787875414917575,1.0358320899081006,0.5431974444748405,-1.1929448828469025,0.7740309670820915,0.2470573851036731,0.8937431891431571,-0.6420043641948351,-0.6185677000086734,0.0206454723027908,-0.2069892642683416,1.6465632380114483,0.4751908016052835,-2.256338697256462,0.1657631201389146,0.5671792085278956,-0.1808981911111381,-0.0078683985395949,0.3738136495712617,0.7032588837054903,-0.3591808514536615,-0.1897732545788937,-0.163527093403434,-0.1720966946506053,5.525452071229815,-0.140904859434764,1.032065663952064,0.2939565253401415,-0.2741105341484294,2.612587882025496,3.2927120260737843,0.5157739954007893,-0.2333606857708197,-0.4472994385783975,1.706198176613359,2.257033154529967,-1.162471245696797,-1.3828064124288357,-0.570725084838226,0.9283497607711865,-1.2415063493597367,0.1612166852021762,-0.1035515622232793,0.0431897482572764,0.1254851567567933,-0.2116254610577886,-0.1728257453041733,0.1372652016859669,-0.0220413958146941,-0.1548151723018571,0.0014764575181038
IL_047,32.706,35.178,True,0.466314207050283,0.5360046471386073,1.3459545193214173,-1.1592457143025248,0.3363119625338547,-0.9735992565197786,0.1459673778537328,-0.4303968719049912,0.1092053468546187,1.6756485097080602,-0.0996194643615002,0.4889961333269567,-0.1598254856112926,-0.5153061484196052,0.4831254930382453,1.108488026483201,-0.3708798536652112,-0.1027134187351671,-0.2674838916157448,-1.0894773441931211,0.657858825608008,0.2470573851036731,0.5688715578041599,1.2118029045452317,-0.6185677000086734,-0.5077407970646329,1.3031797539019732,-0.4825723648546737,0.8004466886781735,-2.855065610377209,-0.3124352254645268,-0.0170631530844733,-0.1808981911111381,-0.0078683985395949,2.169501225020536,0.7032588837054903,0.3916343105593647,0.9873709912148236,-0.4071103740646977,-0.6982208754395988,-0.2449265049874135,-0.0599653672167468,1.7492526327375832,-0.9964372474350444,0.0942331319185449,-0.3726346009347714,0.0273662515397316,-0.3106767466076697,-0.269951684884345,-2.3851420594002524,-1.279918543543388,2.257033154529967,-1.162471245696797,-2.036066732090683,-0.5583045819582436,-0.4910735393253251,-1.56909816179304,0.1612166852021762,-0.1035515622232793,0.0431897482572764,0.1254851567567933,-0.2116254610577886,-0.1728257453041733,0.1372652016859669,-0.0220413958146941,-0.1548151723018571,0.0014764575181038
IL_048,31.365,34.72,True,0.466314207050283,-0.8419863479502997,0.5545743023995592,0.139029210075748,-1.1249173025686434,-0.7431449951447608,-0.2677344429202913,-0.5216285846704756,-0.3455554187325299,0.3128977201642883,0.0438520676709082,-0.0152693472627153,-0.179802548769786,-0.7122598137363101,-0.5999724067242989,1.0836763218251502,-0.5276240420614122,0.1412464578881444,-0.3159067290536081,0.4215874330339665,1.1326943900533963,0.2470573851036731,0.3561203436675962,-0.6420043641948351,-0.6185677000086734,0.9740884728024324,0.237705387059253,-0.2819540300522649,-1.3049552213952305,-1.3785090531541515,-0.2292702957943631,0.5671792085278956,-0.1808981911111381,-0.0078683985395949,-0.0487010740638615,0.2322185046351462,-0.5468846419569181,-0.7783453774757525,-0.4071103740646977,-0.6982208754395988,7.929776477986994,1.4263780353322972,1.2854243394696092,0.2939565253401415,-0.1911252358469084,-0.3606457556216779,0.0459685329600182,-1.3045099173773356,-0.3938819140247971,0.1613370524378529,1.2954357773476424,2.179630564544252,-2.732071728045464,-2.404083724217153,-0.12229414071038627,-0.009855749003409275,-0.3642309771760643,0.1612166852021762,-0.1035515622232793,0.0431897482572764,0.1254851567567933,-0.2116254610577886,-0.1728257453041733,0.1372652016859669,-0.0220413958146941,-0.1548151723018571,0.0014764575181038
IL_049,31.365,34.72,True,0.466314207050283,0.1011177381484903,0.6819855946109391,-0.4884711443632148,-2.711394790394212,-0.2638001314847247,-0.2069810286807493,-0.469496177375913,-0.1287508676967962,3.0939345978852777,0.0829806673161104,-0.1564636818278235,0.8550093228401751,-0.6867716923423837,-0.0987039572474189,1.1663820040186534,-0.4894804561525561,0.1545606633137988,-0.432868187953736,-0.8862973978960571,0.8104140971406106,0.2470573851036731,0.0127990032181508,-0.6420043641948351,-0.6185677000086734,-1.5645593332597287,0.2829691171178846,0.2038000578166951,-0.6352498126443218,-0.1784090649549018,0.4707011955961817,1.1514215701402646,-0.1808981911111381,-0.0078683985395949,-0.3303775564872771,-0.2388218744351977,-0.3591808514536615,-0.1897732545788937,-0.4071103740646977,-0.6982208754395988,0.2359383763640222,-1.318206564424106,1.672148708661868,0.2939565253401415,-0.789606569322562,-0.0489357774812484,-0.1742976645920277,0.4634669864129121,0.9290569467820669,-0.8950320296708116,-0.679794200029448,2.179630564544252,-2.732071728045464,-2.404083724217153,-0.12229414071038627,-0.009855749003409275,-0.3642309771760643,0.1612166852021762,-0.1035515622232793,0.0431897482572764,0.1254851567567933,-0.2116254610577886,-0.1728257453041733,0.1372652016859669,-0.0220413958146941,-0.1548151723018571,0.0014764575181038
IL_050,31.744,34.757,True,0.466314207050283,-0.250750621285994,0.3365064540522615,-0.0665838877607273,-0.7074232268250727,-0.1070912337497111,-0.192515930052287,-0.5802775428768582,-0.2212893955779021,2.34634403935813,0.0438520676709082,-0.0152693472627153,3.148376173435223,-0.6520151631688476,-0.6782956019550613,1.2160054133347549,-0.6397989468582514,-0.3618205667153481,-0.6099076767477621,-0.6546468720522747,0.8944382289837811,0.2470573851036731,0.4494383367369353,-0.6420043641948351,-0.6185677000086734,-0.5392093495663469,-0.0170941953476345,-1.907277162281036,0.9251591662619312,-0.9692998917278984,-0.0975924904832705,0.5671792085278956,-0.1808981911111381,-0.0078683985395949,0.0921371671478461,0.2322185046351462,-0.5468846419569181,-0.7783453774757525,-0.4071103740646977,-0.6982208754395988,-0.2449265049874135,-0.9723741885834868,1.1756717225430835,0.2939565253401415,0.0134073023460597,-1.3197533806691533,-0.2486308625939073,0.7982318439353259,0.1248493087022391,-1.6365891336676224,-1.1113577219587951,2.35802855970734,-2.026329132486792,-1.6308071130684363,-0.7445659522848196,-0.03319452298780951,0.6862604746416642,0.1612166852021762,-0.1035515622232793,0.0431897482572764,0.1254851567567933,-0.2116254610577886,-0.1728257453041733,0.1372652016859669,-0.0220413958146941,-0.1548151723018571,0.0014764575181038
IL_051,31.744,34.754,True,0.466314207050283,-0.3566535597533399,1.0730621378741108,-0.4693296940579101,-0.4830201611129032,-0.5126907337697434,-0.1838368708752095,-0.3652313627867882,-0.1763421106070793,0.9451457353758188,-0.0474479981678971,0.0049012719608715,0.2117478891366857,-0.7099427117914078,-0.3851430712342074,1.050594048947749,-0.5128550354718516,-0.1267354894380865,-0.4105428422201378,0.7195984401026949,1.0001037717548444,0.2470573851036731,1.314872198349586,-0.6420043641948351,-0.6185677000086734,0.0592269677447313,1.2543981445178671,-2.4447287621203486,-0.5193442217502848,2.3260272682475622,1.2746288490744309,1.7356639317526334,-0.1808981911111381,-0.0078683985395949,0.197765848056627,0.9387790732406625,0.3916343105593647,-0.1897732545788937,-0.2447215202905219,-0.1720966946506053,-0.2449265049874135,0.1239880241878378,-0.477364124711428,-0.9964372474350444,0.4755336103597345,-3.15404671357245,-2.7136229699800403,0.9028458619110802,0.1759818988500261,0.1403495872303959,-1.8010623791659184,2.35802855970734,-2.026329132486792,-1.2187183012957066,-0.7716694288296139,-0.47380878855610115,1.255180582787237,0.1612166852021762,-0.1035515622232793,0.0431897482572764,0.1254851567567933,-0.2116254610577886,-0.1728257453041733,0.1372652016859669,-0.0220413958146941,-0.1548151723018571,0.0014764575181038
IT_001,37.515,15.084,True,0.466314207050283,-0.6777847877597943,-0.5154831628880566,0.7181288447393701,0.3363119625338547,0.2892900958153179,0.1459673778537325,-0.0915362244903355,2.3830091747903617,2.8942766554059443,-0.0083193985226948,-0.2976580163929317,3.4635662851246694,0.8332471835135977,1.2216013337854346,1.1167585947025511,-0.4278292443615248,-0.4432414970868768,-0.4910057821752236,0.2331696111438635,-1.342740262241462,0.2470573851036731,-0.1748267487994795,-0.6420043641948351,-0.6185677000086734,0.7693548629932743,-1.3025590498513675,0.3408402808359548,-0.6393996106752762,-0.5767802245993512,-0.4579738523873133,-1.185547876309211,-0.1808981911111381,-0.0078683985395949,-0.2599584358814232,-0.2388218744351977,-0.5468846419569181,-0.7783453774757525,-0.4071103740646977,-0.6982208754395988,-0.2449265049874135,1.3307222718019132,2.441862725723968,0.2939565253401415,-0.4459425458731403,-0.1088800040467156,-0.0371722758367726,-1.8589642126488333,-0.3233263705660491,-1.083919216537924,1.1708681347298084,1.300778602185346,-0.43507897730399053,-1.768148315025322,-0.8292931745330264,-0.45165841041814847,1.7177980896635496,1.9857840123885195,-0.9213796137602592,0.1450604285884765,1.0195550590455735,-0.2116254610577886,-0.1728257453041733,0.1372652016859669,0.5855738203432391,-0.9857227636867704,0.2181042154975306
IT_002,36.804,15.133,True,-0.6938242193255426,1.3015034272814094,0.4477557986012545,-1.0373366302617637,0.3363119625338547,0.2892900958153179,-0.2677344429202919,0.6774167831044601,0.2942824026168303,1.7586951408953042,-0.0996194643615002,0.1662662257495666,-0.5969795632959731,-0.1098133080616834,-0.0987039572474189,1.2160054133347549,-0.1723649271632399,-0.1623985757480955,0.1103501090579489,0.2331696111438635,-1.342740262241462,0.2470573851036731,-0.8646157247300631,-0.6420043641948351,-0.6185677000086734,0.6848024709489179,0.4729973412740838,-1.7079003872343217,-1.1383611743418314,-0.256324335573136,-0.4579738523873133,-1.185547876309211,-0.1808981911111381,-0.0078683985395949,-0.2951679961843502,-0.4743420639703698,-0.5468846419569181,-0.7783453774757525,-0.4071103740646977,-0.6982208754395988,-0.2449265049874135,1.0363968455545778,1.1907310827141215,0.2939565253401415,1.2023490854466623,-2.03908409945476,-0.5975185488233631,-1.9321940252318608,-0.465680219008059,-1.734530637969088,-1.00631603739686,-0.2330619277627183,0.22624826766777537,-3.117904352184613,-1.0146772602695664,-0.836979258130895,-1.7396381076137937,0.1612166852021762,-0.1035515622232793,0.0431897482572764,0.1254851567567933,-0.2116254610577886,-0.1728257453041733,0.1372652016859669,-0.0220413958146941,-1.2873439333958654,0.0014764575181038
NL_001,52.071,5.736,True,0.466314207050283,-1.862847244548379,-1.850707913450872,2.2472055495237857,0.8373048534261397,0.7501986185653541,-0.2879855810001387,-0.5672444410532176,-0.3984345775217332,-0.913150795820234,-0.1778766636519048,-0.6607291624174956,0.2117478891366857,-0.4805496192460691,-0.8617956593528479,-0.7358486864319136,-0.4125169900291124,-0.5041858455036119,-0.6064018232580046,-1.4244656562365543,0.373009043206189,0.7108366815952493,0.6775367185022296,2.669969165589149,1.564391446487536,0.6305580785585614,0.4192149565435539,1.6760279621845555,0.1606293667816362,0.0853317765029191,0.0132940824102811,0.5671792085278956,-0.1124432624906499,-0.0078683985395949,-0.0134915137609346,0.2322185046351462,1.8932646345854172,2.7530873599054,-0.163527093403434,0.8801516669273817,-0.2449265049874135,0.4183134504351732,-0.2364143619748182,-0.9964372474350444,0.2571187731943929,1.018071455384068,-0.9404838760700336,0.0659337181050458,-0.2134636894041163,0.0563997264005683,-0.0312733747626739,-0.25770784782975903,0.46504538606452767,0.9268387746613447,-0.7253118641771888,-0.03205564363496397,1.6350466819152187,-2.0767770203715865,2.5283167765796546,-2.497323149525498,-2.308693043905932,3.236559637289324,0.774571087416324,-1.7186867717754812,-1.6910261623221603,0.0247990527183885,-2.297711087726307
NL_002,52.059,5.752,True,0.466314207050283,-1.7353127121827352,-1.7372911023393542,2.1017305272034705,0.2110637398107834,0.9529983685753688,-0.2561623640175214,-0.4434299737286318,-0.4037224934006536,-0.9772299865511322,-0.6343769928459315,-0.6607291624174956,0.878981798630367,-0.4133536628438992,-0.4701796831990353,-0.7193075499932126,-0.1491944506469433,-0.2382716611906888,-0.3187309261544234,-0.4907415732217663,0.3713821633387907,1.047986535704076,0.8299855193037011,2.8143068214337927,0.7587261763467392,0.5483040394676179,0.0412874911796228,1.1433638701396176,0.1606293667816362,0.0853317765029191,-0.1807574201534342,0.2750580277217112,-0.2493531197316262,0.3663176653433644,0.0921371671478461,0.4677386941703182,3.582598749114726,3.341659482802259,0.0800561872578296,0.3540274861383882,-0.2449265049874135,0.5728342992150244,0.3042769056061342,0.2939565253401415,-0.7130996772081486,1.1379599085150025,-0.148330398282893,0.0659337181050458,-0.2134636894041163,0.0563997264005683,-0.0312733747626739,-0.25770784782975903,0.46504538606452767,0.7926090124637165,-0.8073148869089685,0.41100143561769215,0.11281191439020367,-2.067608918155832,2.449325641577525,-2.3844679192721983,-2.4462946599006097,2.8808195898136835,1.2575615930044155,-1.6783505126113205,-1.647139338041545,0.0247990527183885,-2.628499121368124
NL_003,52.041,5.809,True,0.466314207050283,-1.686871304997356,-1.8858479017071188,2.1672475925522603,0.701619278809479,0.7501986185653541,-0.2185531075835193,-0.5216285846704756,-0.3719949981271315,-0.990045824697312,-0.1909195302003055,-0.6607291624174956,0.4634588849337031,-0.2766446480946569,-0.7946614920121943,-0.8433660732834672,-0.3750072464246228,-0.4663069275128561,-0.6342487061387055,-0.7903671402857836,-0.3883497960535204,0.9385503354282118,0.3020729070966814,-0.6420043641948351,1.564391446487536,0.467089718594856,-0.6189276953707339,1.2853582239685937,0.1606293667816362,0.0853317765029191,0.2073455849739965,-0.0170631530844733,-0.1276554688507584,0.3663176653433644,0.1625562877537,-0.0033016849000257,-0.5468846419569181,-0.7783453774757525,-0.163527093403434,0.8801516669273817,-0.2449265049874135,0.3447320938733394,0.6158249488245706,0.2939565253401415,-0.5798296070733638,0.2867518912853679,-1.5578518361857474,0.0659337181050458,-0.2134636894041163,0.0563997264005683,-0.0312733747626739,-0.2511579940840181,0.4170720366543153,-0.46935755220412423,-0.8575048000336557,-0.7941309856673143,0.4304297831944514,-1.8623004608043283,1.874283940088354,-1.6494047588094567,-2.603214225968721,1.3694451214483894,2.3914820805586223,-0.6855008948936189,-1.593884667738774,0.0247990527183885,-2.6831691255909185
NL_004,52.028,5.798,False,0.466314207050283,-1.6789369365790612,-1.5331408423386226,1.940360832224573,0.6494325193415327,0.8884711753903649,-0.247483304840444,-0.40433066825771,-0.538564348313122,-1.0071336088922185,-0.6343769928459315,-0.4590229701816268,-0.419479361720127,-0.4666470075766546,-0.9065517709132836,-0.9674245965737212,-0.2905878839579116,-0.3810567018268106,-0.5053085505647921,-0.6489700757977857,-0.6350919863275225,0.0211466475530755,-0.8646157247300631,1.5011910335109906,-0.6185677000086734,1.1604191609124126,-0.0094613119981783,1.7862474943660962,0.6771539717941646,0.6457100618274909,0.1241806553038328,-0.0170631530844733,-0.211322603831355,-0.3820544624225545,-0.4360062373960579,-0.7098622535055418,0.0162267295528516,0.9873709912148236,-0.4071103740646977,-0.6982208754395988,-0.2449265049874135,1.5588244771435982,1.3185549318458931,0.2939565253401415,-0.2793549582046594,1.9052460085529823,0.0759599662702761,0.4948511918056384,-0.1403713749984222,1.3646183909987155,0.4709621606608282,-0.25770784782975903,0.46504538606452767,1.1856977828556674,-0.7410568139246758,-0.5463504516830029,1.0507172716496571,-2.0577927397152966,2.3925971914108475,-2.305436867629429,-2.251256724520049,2.5787980431531885,0.8547455513195927,-1.0543050501699684,-1.7331807045498857,0.0247990527183885,-2.6468741117918024
NL_005,52.012,5.805,False,-1.0805370281174844,-2.078077427853071,-2.3689650706655363,2.698701479889669,0.3363119625338547,0.5013080162803354,-0.2735204823716763,-0.554211339229577,-0.5015489371606798,-0.7422729538711716,-0.6343769928459315,-0.6607291624174956,1.5582019460191443,-0.6033560223258968,-1.1146676896693095,-0.0328503877871385,-0.3420604924206284,-0.4330359084907603,-0.644783438187461,-0.0382662907023165,-0.4007187041573724,0.0540232711779926,-0.8646157247300631,-0.6420043641948351,-0.6185677000086734,0.6523638617171248,-0.4310901954641352,1.3154727954867116,-0.9742827818724265,0.4063779803646304,-0.3332264578820678,-0.6013055146968422,-0.2341409133715177,-0.3820544624225545,-0.4360062373960579,-0.7098622535055418,-0.5468846419569181,-0.7783453774757525,-0.2447215202905219,-0.1720966946506053,-0.2449265049874135,0.4771785356846403,0.5484794901396882,1.5843502981153277,0.5995488145129371,0.6224395600519843,-0.4017010639951223,-0.2060627286319153,-0.0404251620836423,1.53951393439419,1.6143863248566446,-0.2511579940840181,0.4170720366543153,0.8755442395627286,-0.8832692632568161,-0.5639948289031753,-0.7558118748710998,-1.681919909946367,1.927401911837887,-1.841752478532357,-2.192074495344639,0.7576242110263163,3.4294585608552617,-0.7060662760432274,-1.0162974075407527,0.0247990527183885,-2.0018408987522203
NL_006,52.016,5.772,True,0.466314207050283,-1.3102811239648158,-1.2536356841078653,1.5503113803071114,0.6285578155543541,0.5105261867353351,-0.2214461273092117,-0.4369134228168115,-0.2715245964276452,-0.7422729538711716,-0.1387480640067025,-0.6607291624174956,0.9189359249473537,-0.4666470075766546,-0.5395516561177107,-0.620060731361009,-0.1125733576746331,-0.2012901400143097,-0.4469216758591447,0.3514067407978414,0.3932543056251615,1.017521826275294,1.332740363508404,-0.6420043641948351,-0.6185677000086734,0.2808875801780047,-0.6842970858690206,1.4735339579908928,-1.4258895240229703,1.0934928818065877,-0.1461053661241993,0.5671792085278956,-0.1428676752108669,0.3663176653433644,0.4794423304800425,0.9387790732406625,-0.5468846419569181,-0.7783453774757525,-0.163527093403434,-0.1720966946506053,-0.2449265049874135,0.0504066676260039,0.8878572309542031,-0.9964372474350444,0.4113665395540975,1.1739264444542827,-0.1058868255729331,2.356980711774065,4.515717954427366,3.0156323206519926,2.273805822630129,-0.25770784782975903,0.46504538606452767,-0.05602735947166844,-0.869925302913638,-0.7835179505386232,0.428989879313837,-2.110653566074529,2.4960176722478016,-2.427688139665565,-2.367035616358458,1.5407006822511315,2.624279176648726,-0.5505893625418015,-1.468832841750241,0.0247990527183885,-2.4139453541625358
NL_007,52.044,5.674,True,0.466314207050283,-1.681191967603208,-1.515916865600331,1.9308143367558512,0.701619278809479,0.9069075163003648,-0.2908786007258312,-0.4564630755522724,-0.3270477131563087,-0.8106240906507965,-0.2300481298455078,-0.6607291624174956,0.3475919186144411,0.6664158434806241,-0.369478432188055,-1.1990005067155294,-0.3502914126056009,-0.4413478381579552,-0.4925869889342593,0.7986954146567637,-0.7171437031294111,0.7307697389268718,-0.4871577952141988,1.968325689214271,1.0143741814405645,0.4725056938059658,-0.9504529814978634,0.5127152864511003,-1.0400035450584049,1.2603272340042504,0.373675444314324,-0.6013055146968422,0.0016482852101636,0.3663176653433644,3.9651888004698095,-0.0033016849000257,9.026008673709168,3.341659482802259,1.8663335787737636,0.8801516669273817,-0.2449265049874135,0.4624622643722736,0.878339715326107,-0.9964372474350444,0.3052440762986207,-0.3966122915609583,-1.3696271192841545,2.555747345927998,6.70410569132619,2.3510292557491907,1.0344255217024692,-0.23824751542427852,0.5056668616599281,-0.9184881087700878,-0.8631840634323092,-0.28808892655293883,0.35914187481374255,-1.347974040378116,1.8953028702665904,-2.002042619208032,-1.8432664372876697,0.861371088978644,1.3700284927083557,0.3487986863828461,-1.5172109942781944,2.7972616419705494,-1.756085785809948
NL_008,52.044,5.675,True,-3.400813880869136,-1.7775736639686002,-2.02971424312383,2.310541943318807,-1.9285933983750168,0.7594167890203545,-0.3429529557882958,-0.4890458301113739,-0.4037224934006536,-0.7807204683097108,-0.1909195302003055,-0.6607291624174956,0.7071790554673233,1.264228145265446,-0.9132651876473488,-0.3305908436837492,-0.564808575205071,-0.6579762986292864,-0.7703784709642787,0.7184666252247428,-0.6021599355641685,0.755665635043073,-0.8646157247300631,-0.6420043641948351,-0.6185677000086734,0.7535738185280318,1.202596840797393,1.3419229379788322,-0.3497427916763916,0.937449963347929,-0.3540176902996087,-0.6013055146968422,-0.272171429271789,-0.0078683985395949,-0.4360062373960579,-0.7098622535055418,-0.3591808514536615,-0.1897732545788937,-0.4071103740646977,-0.6982208754395988,-0.2449265049874135,1.1688432873658787,2.050319361276977,0.2939565253401415,0.1673465731730449,1.0300603006971614,-0.0299591463064574,1.1748423086480413,1.0607640444315911,2.6588454121252254,3.494935330109623,-0.23824751542427852,0.5056668616599281,0.010740579756206679,-0.8667393746656128,-0.19968547997553593,0.47101561720588697,-1.4748551303383808,2.0756424342248456,-2.193552789980042,-1.8432664372876697,0.9962081762637318,1.285170912393355,-0.1112270288476333,-0.0056159230888871,2.7972616419705494,-0.8753284667514827
NL_009,52.0287,5.753,True,0.466314207050283,-1.6309966473990485,-1.5805836711222203,1.9424445850426184,0.0910341930345066,1.3309433572303992,-0.253269344291829,-0.5085954828468349,-0.4090104092795739,-0.9985897167947652,-0.6343769928459315,-0.4590229701816268,0.5833212638846639,-0.5129890464747029,-0.9065517709132836,-0.9922363012317722,-0.0020611352469351,-0.089690246011998,-0.2624562542932421,-0.8867470886076622,-0.0718298989609773,1.013078751730839,-0.8646157247300631,-0.6420043641948351,1.5996704746293786,0.4349297693821669,-0.0170941953476345,0.2412472389550042,-0.7148306758221021,1.0545488503407767,-0.2777831714352919,-0.3091843338906578,-0.0896249529504872,0.740503729226324,-0.4360062373960579,-0.7098622535055418,-0.1714770609504049,-0.1897732545788937,0.7296116023545328,1.4062758477163753,-0.2449265049874135,-0.2292024873089646,-0.4672442346764904,0.2939565253401415,0.0134073023460597,0.3826626537901154,-0.2277507507956265,-0.3002153448100942,0.1236065471777251,-0.8600529209917167,-1.5614111307002587,-0.25770784782975903,0.46504538606452767,1.1443540459976267,-0.8613371485059178,-0.5271545576633017,0.7209438173761266,-2.169424283912611,2.6671977273143384,-2.647968565988548,-2.2730535616962984,4.191018661900006,-0.3646458862951997,-2.199772770108419,-1.9273351952245683,0.0247990527183885,-2.6422832559255967
NL_010,52.0133,5.751,True,-3.400813880869136,-1.5755395881385457,-1.7570525399364123,2.0214818140247752,0.5607150282460244,1.0359619026703752,-0.2301251864862891,-0.4955623810231943,-0.3429114607930698,-0.652562086847914,-0.0865765978130994,-0.6607291624174956,2.0176743986644934,-0.5801850028768727,-0.8282285756825211,-0.2644262979289468,-0.1953102099309804,-0.2848412960679689,-0.5330304020013347,-1.7498522388312905,-1.342740262241462,0.7352916459591489,-0.8646157247300631,-0.6420043641948351,-0.6185677000086734,-0.1960090420857502,-1.5329696767629608,2.507210513999113,0.6970107611228182,0.0040248204147632,-0.4163913875522315,-0.8934266955030267,-0.1885042942911923,0.3663176653433644,-0.4360062373960579,-0.7098622535055418,-0.5468846419569181,-0.7783453774757525,-0.4071103740646977,-0.6982208754395988,0.2359383763640222,-0.464662828306833,0.9844780858115836,-0.9964372474350444,0.6951824296559539,1.881268317926796,-0.2905429415490019,0.6936178259595716,0.0043270647733409,1.070793878094319,0.2309124232552522,-0.25770784782975903,0.46504538606452767,0.35839898949429383,-0.8823458057936204,-0.2726232750512535,-1.734809717753746,-2.1496802285103804,2.5915818567547926,-2.5467823236991523,-2.2646766184684406,3.730962822462716,0.3734956175830161,-2.083826412591904,-1.755252462207888,0.0247990527183885,-2.713030982440966
NL_011,52.0154,5.832,True,0.466314207050283,-1.5016246823470625,-1.014114757590999,1.510380861189209,0.3363119625338547,0.5381806981003373,-0.2445902851147516,-0.1567017336085385,-0.1789860685465394,-0.7422729538711716,-0.6343769928459315,-0.6607291624174956,0.6991882302039258,1.1970321888632762,0.0870339057283892,0.1739138176966186,0.0142282819111027,-0.0732405068948083,-0.0017599892518059,-0.0543082294283272,-0.3719161828710651,1.5099081614060894,-0.8646157247300631,-0.6420043641948351,1.2696341585195547,0.7128126517790493,-0.3607353175999303,0.5603841263598256,0.2124170081547571,-0.630997311690472,-0.263922349823598,-0.3091843338906578,0.1841947615314653,1.1146897931092834,-0.4360062373960579,-0.7098622535055418,-0.5468846419569181,-0.7783453774757525,-0.0011382396292582,0.8801516669273817,-0.2449265049874135,0.6096249774959414,1.1744669737294005,2.874744070890513,0.0356189807018572,2.360822130450533,3.153081023902736,1.1329967014577396,0.2381968469226029,-0.4752827255216734,-0.6323740161794089,-0.2511579940840181,0.4170720366543153,0.9572479609833974,-0.7753170858092369,1.097861223868634,1.2557328330440527,-2.0487236066043284,2.3127160575860555,-2.191183851258357,-2.2963299232870376,1.418842683668898,1.8476063590643848,-0.5149473219007104,-1.62044790661851,0.0247990527183885,-2.441051295437241
NL_012,52.0449,5.921,True,0.466314207050283,-1.70140372715297,-0.8336474656054178,1.5125615327429782,0.4928722409376945,0.5566170390103398,-0.2272321667605967,-0.4825292791995537,-0.5015489371606798,-0.7935363064558904,-0.6343769928459315,-0.3985111125108661,-0.1278621845577029,-0.457378599797045,-0.8550822426187824,0.3310546138642737,0.2913509449827365,0.2066096232088225,-0.1047134556282042,0.0748121718408884,-0.3024416807535299,1.1054230667342502,-0.8646157247300631,0.5997205374243119,0.7587261763467392,0.2862227980934845,-1.7902455596128175,1.643455044109325,0.6982451135551555,-0.2971598016742051,-0.1253141337066584,-0.3091843338906578,-0.0592005402302702,0.740503729226324,-0.4360062373960579,-0.7098622535055418,0.0162267295528516,0.398798868317965,-0.0823326665163461,0.3540274861383882,0.2359383763640222,0.7199970123386921,3.504330704511049,-2.28683102021023,-1.9029669469069093,1.4976252679078057,-0.2925929888891967,0.1287021288904983,-0.352178937093941,0.4061908131915168,-0.0158319283409175,-0.24085103370896377,0.3907947078725324,-0.7313436844281362,-0.7219412444365245,-0.0026263409375200815,0.12830633398096752,-2.116678795057806,2.480176441102583,-2.4001467009064816,-2.2208647836794886,2.9971550064142325,1.349844192003005,-1.3454998992052245,-1.7323465351720675,0.0247990527183885,-2.7006271716400216
NL_013,52.0445,5.963,True,0.466314207050283,-1.745158938407387,-1.109905220465353,1.7120521876205272,0.5763710560864088,0.8700348344803625,-0.1954089497779794,-0.2283837936385619,2.1186133808443453,-0.9644141484049528,-0.1909195302003055,-0.6607291624174956,1.250555173378345,0.214580964224654,-0.3806674600781639,-0.620060731361009,-0.0816516457972579,-0.1700640937718428,-0.0214260144733852,-0.3927545291642951,0.8403276945256508,0.831338361414126,0.0127990032181508,0.7102013799351834,0.5952288587895147,1.2571879215252602,-1.130027412792044,1.5059911954098335,1.1892204359892622,0.0621357583611174,-0.3609481011054557,0.2750580277217112,0.0853154201907603,0.3663176653433644,-0.3303775564872771,-0.2388218744351977,-0.1714770609504049,0.398798868317965,0.4048338948061812,0.3540274861383882,-0.2449265049874135,1.6912709189548991,1.4898702131516226,-0.9964372474350444,-0.5057906792207056,3.104130539862327,2.916718158346197,1.2062265140407675,-0.0475998677921766,1.784367695147854,3.1030613065959387,-0.24085103370896377,0.3907947078725324,-0.872700204840271,-0.6325505619991793,-0.5513186065410683,1.517353539110429,-2.1166090783204483,2.5331639046213974,-2.479732937477153,-2.3280821831744185,3.827750315413741,0.3574288728390853,-1.808987828097366,-1.7615403217541614,0.0754689460974069,-2.695118495114479
NL_014,52.0029,6.11,True,0.0796013982583411,-1.9530484855142567,-1.9566661274926835,2.366318675727429,0.6285578155543541,0.5289625276453376,-0.308236719079986,-0.5867940937886785,-0.4195862410374146,-0.7721765762122577,-0.3083053291359124,-0.4590229701816268,1.5621973586508426,-0.6195757359402138,-1.195228690478094,-1.0170480058898232,-0.4714186863223845,-0.5636672577717088,-0.7566009427516046,0.0940892104545694,0.5195318497238116,0.82154876955005,-0.8646157247300631,-0.6420043641948351,0.3235542485887147,-0.4854175115657995,-0.0870812501910541,1.0005202309176926,1.055819664223517,0.9465207879804468,-0.1253141337066584,0.2750580277217112,-0.1885042942911923,0.3663176653433644,-0.365587116790204,-0.4743420639703698,-0.3591808514536615,-0.1897732545788937,0.4860283216932691,0.3540274861383882,0.2359383763640222,-0.1703374020594976,-0.5296502232252723,-0.9964372474350444,-1.3609402959189076,0.4306180350424892,-0.3918304656904805,0.2228547450686772,-0.3747152002034267,0.7279986130391894,-0.6229696771973844,-0.214590637332485,0.35893289767746334,0.3605163660025774,-0.9774619245027791,-0.7522070210843039,-0.7180176912404469,0.9075548999046064,0.1763292282498322,-0.8296638276040794,1.11045426665979,-0.7820271661556462,2.0684718225722083,0.5453699620398564,-1.392223264561311,-0.4250644868672663,-0.8477633522616803
NL_015,51.9967,6.12,True,-2.820744667681223,-1.328655450828235,-0.3978193399240057,1.0216196769378092,0.6285578155543541,-0.4573817110397391,-0.2648414231945989,-0.5020789319350145,-0.4301620727952552,-0.584210950068289,0.0047234680257059,-0.4791935894052136,-0.0919034708724148,-0.4620128036868497,-0.9915883828781114,-0.4794610716320542,-0.597195099502318,-0.6906815741117401,-0.8024348489657719,0.300426374108959,-1.342740262241462,2.036364708364624,-0.8646157247300631,-0.6420043641948351,-0.6185677000086734,0.3135748220348566,-0.0170941953476345,1.778150093508616,0.5893487963387444,0.7749539466860651,-0.4163913875522315,-0.8934266955030267,0.1233459360910314,1.8630619208752024,-0.4360062373960579,-0.7098622535055418,-0.5468846419569181,-0.7783453774757525,-0.4071103740646977,-0.6982208754395988,0.2359383763640222,0.4109553147789899,-0.5001338772900377,0.2939565253401415,0.0134073023460597,1.3297814335244973,-0.1063423916485319,-0.9488222562597708,-0.4159056981551017,2.455966581786475,2.0239532573026127,-0.18707626037031685,0.35376569704523964,-0.009130519532438064,-0.9652261131154358,-0.7724262559717795,1.0558861313928054,-0.6061247855142287,0.9968969242719083,-1.116509186566877,-1.0775859351281512,-0.824940448792621,2.3451506411407497,0.4868133309793354,-0.4378117287188681,-0.4250644868672663,-0.7986062307312849
NL_016,51.9875,6.115,True,0.466314207050283,-1.864851716569843,-1.0477937835346225,1.742355855142358,0.5763710560864088,0.0403994935302992,-0.1491206341668997,-0.5998271956123191,-0.4830412315844585,-0.8704313353329683,0.0829806673161104,-0.6607291624174956,0.5273854870408822,-0.4550614978521426,-0.8103261310583467,-0.4711905034127041,-0.1664808355050802,-0.2557281802568344,-0.3015728260933475,0.2417549111669002,0.612134204107124,1.0928919263555048,-0.8646157247300631,-0.6420043641948351,-0.6185677000086734,-0.2393728006933241,-1.0683686658049047,1.560281299581482,-1.0228817360670222,0.670021252165153,-0.3470872794937618,-0.0170631530844733,0.3667412378527671,1.1146897931092834,-0.4360062373960579,-0.7098622535055418,-0.5468846419569181,-0.7783453774757525,-0.3259159471776098,-0.1720966946506053,-0.2449265049874135,-0.4499465569944663,-0.3129159116436918,1.5843502981153277,0.2228757690625385,2.27690021325888,2.664258624785165,-0.708210014915536,-0.1791916576713851,0.5181239609646203,0.2453377228802221,-0.18707626037031685,0.35376569704523964,-0.34141224480892846,-0.9681811769976623,-0.7930746338038054,-0.8648453283277325,-0.1165256919478379,0.6107312964568481,-0.8424583421407276,-0.6930594813256833,-0.6849662243510087,1.9996032381144,0.0526534178135682,-0.908889954260138,-0.4250644868672663,-1.0002926324970245
NL_017,52.2114,5.666,True,0.0796013982583411,-1.992970886608414,-1.924524956614979,2.3692262377991207,0.0545034614069436,0.3538172890003219,-0.2388042456633665,-0.5411782374059364,-0.1366827415151768,-0.6354743026530077,0.0438520676709082,-0.6607291624174956,1.6940459754969,-0.5407942698135317,-0.830466381260543,-0.8185543686254162,-0.3465063660030264,-0.4375255387745772,-0.666328494796641,0.3403515779310703,-1.342740262241462,-0.6335126451499751,-0.8646157247300631,-0.6420043641948351,-0.6185677000086734,-0.7567012558037643,-1.8364511693444063,1.06423191621572,0.4232326705542758,0.4805995726008987,-0.4579738523873133,-1.185547876309211,-0.2493531197316262,-0.756240526305514,-0.400796677093131,-0.4743420639703698,-0.3591808514536615,-0.1897732545788937,-0.4071103740646977,-0.6982208754395988,-0.2449265049874135,-1.399146056642123,-1.5089905338682228,-0.9964372474350444,-0.0819178172642376,2.456732892955281,3.15535885428073,-1.3358941227700618,-0.2783947760663525,-0.0485375996367162,-0.3453025838637101,-0.23100050122343788,0.565474249259487,0.6653779202720694,-0.8707564146305141,-0.4495457066911306,0.7777779685766212,-2.110717072655113,2.6272752969325723,-2.624688410129065,-2.2910128628506548,2.588456499161139,-0.0665104127598933,-2.290100426535266,-1.875556421888089,0.0247990527183885,-2.853157853930984
NL_018,52.2566,5.68,False,-0.6938242193255426,-1.948621943133524,-1.9713526433722088,2.37300606849232,-0.7804846900801972,-0.3375454951247299,-0.241697265389059,-0.5998271956123191,-0.3799268719455121,-0.5371768240718096,-0.0996194643615002,-0.6607291624174956,0.3036423796657554,-0.5732336970421655,-1.2511738299286386,-0.6614135724577603,-0.3343570360985225,-0.425256634034843,-0.6420402815349256,-0.3578038875388136,0.0992158595226528,0.1099018664692941,-0.8646157247300631,-0.6420043641948351,-0.6185677000086734,-0.0370106666060495,0.1691003214021542,1.8421610332388465,-0.866602269708768,0.8213093185694543,-0.3470872794937618,-0.3091843338906578,-0.2493531197316262,-0.3820544624225545,-0.4360062373960579,-0.7098622535055418,-0.5468846419569181,-0.7783453774757525,-0.4071103740646977,-0.6982208754395988,-0.2449265049874135,0.0062578536889036,-0.1103976360635712,0.2939565253401415,-0.8170626717345895,1.6414914116649268,0.1733751787691644,-2.02634664141004,-0.4582108378864956,1.4345766083569054,1.5338118612055698,-0.23100050122343788,0.565474249259487,0.43205290434060334,-0.6759992356425376,0.6221397643365378,1.8246306485187085,-2.040928005236121,2.309830292495936,-2.1917182658704526,-2.1005274869320365,2.2988687388804854,-0.4413003320520686,-2.504894874099685,-0.2969758516442107,0.0754689460974069,-0.6658319141622422
NL_019,52.1306,5.667,True,-0.3071114105336007,-1.8929143248703384,-1.841480783055359,2.258835797810553,0.1588769803428376,-0.1808365973897179,-0.2156600878578267,-0.7627409684078266,-0.1551904470913979,0.0437651190945149,-0.1517909305551032,-0.6607291624174956,2.7847936239506423,-0.5129890464747029,-0.8976005486011964,-0.768930959309314,-0.2268125862626937,-0.3166537217183556,-0.6313280386686465,-0.0836473177991621,0.0992158595226528,0.0015796188453916,-0.8646157247300631,-0.6420043641948351,1.2804223623897593,-0.2970202414982945,-1.5092273690521896,0.9212306187757844,0.6607116813668944,1.135040085707136,-0.3470872794937618,-0.3091843338906578,-0.0059578179698905,-0.0078683985395949,-0.365587116790204,-0.4743420639703698,-0.1714770609504049,-0.1897732545788937,0.7296116023545328,0.8801516669273817,-0.2449265049874135,-0.4793790996191998,-0.9696244899823218,0.2939565253401415,-1.365876224442418,2.192978296067225,2.7441345433734976,-0.8965152472718937,-0.3976614464962572,0.7909610086615602,-0.5766652623791109,-0.2425240383705172,0.5371339570735435,0.4808722292055304,-0.933736213620462,0.08278961052589666,1.106381057626992,-1.989032984706387,2.2978463461640626,-2.206125567361461,-2.1586237155424435,-0.3203944489650926,3.426678411147185,-0.1629383328969552,-1.6336652003251353,0.1905227939542714,-1.7693813039843325
NL_020,52.1301,6.071,True,-1.8539626457013685,-1.4202888693908868,0.2840337491823381,0.645069161724486,-0.5195508927404656,0.3630354594553246,-0.2069810286807493,-0.339165159139507,-0.3349795869746892,-0.5713951119221093,0.2003664662517174,-0.6607291624174956,1.0947340807420964,0.1103113767040455,-0.6961980465792358,-0.620060731361009,-0.4560765634843799,-0.5481741363333815,-0.6702330695472117,1.5758979557612884,-0.6759234133321365,-0.2495596900773772,-0.8646157247300631,-0.6420043641948351,-0.6185677000086734,-0.5377021941270793,-0.0964291844589518,1.6233253960517038,-1.7761424307971958,0.9198839843880036,-0.3332264578820678,-0.6013055146968422,0.5264694046339061,-0.0078683985395949,-0.4360062373960579,-0.7098622535055418,0.2039305200561082,-0.1897732545788937,-0.3259159471776098,-0.1720966946506053,-0.2449265049874135,-0.8914346963654695,-1.1620228755275048,-0.9964372474350444,0.4101325574232198,2.948275550792112,2.7977394849356294,-0.6559030059276588,1.233597580160393,0.0773871916080252,-0.2408984816056408,-0.2330619277627183,0.46588133804162485,1.0378015025724059,-0.9669345094223479,-0.6233485992340829,0.8469835388330073,-0.0662068991281434,0.7975796312167205,-1.1543622450839324,-0.7094630584872669,-0.990619503627377,1.2246581387349762,-0.1437407571446147,-0.5069142404306224,0.2431644616121757,-1.132620043837633
NL_021,52.1256,6.072,True,-0.5004678149295717,-1.4952771876124265,0.07091888416807,0.822887809337671,0.4719975371505148,0.6027078912853412,-0.1983019695036719,-0.4173637700813506,-0.3693510401876714,-0.3706136476319611,-0.6343769928459315,-0.6607291624174956,1.6700734997067077,-0.4272562745133136,-0.9289298266935014,-0.595249026702958,-0.4930433407260809,-0.5855047440358914,-0.7322619071809231,0.2470366799977778,0.0632350179007002,0.8335553241197949,-0.8646157247300631,-0.6420043641948351,-0.6185677000086734,0.7176727321088727,-0.7556540993140064,1.1276046614695705,0.3524571151784629,1.4208153599966729,-0.1114533120949644,-0.0170631530844733,-0.1276554688507584,0.3663176653433644,-0.4360062373960579,-0.7098622535055418,-0.1714770609504049,-0.1897732545788937,-0.4071103740646977,-0.6982208754395988,-0.2449265049874135,0.7935783689005259,1.1451915775569024,-0.9964372474350444,1.3738726016386538,3.0681640039230467,3.170544390134025,-0.854669640081592,-0.3537676219294021,1.4205849648852675,1.4779437118293053,-0.2330619277627183,0.46588133804162485,0.08019691911586131,-0.9659648790859924,-0.7478990861409317,0.6033145126744184,-0.5174020460016155,0.9936575903217774,-1.1670343831652896,-1.207279287492901,-0.9053640859006434,1.3997053681781204,0.0152900703803164,-0.5471440588161128,0.2431644616121757,-1.0701251672073424
NL_022,52.1905,5.738,True,0.2729578026543121,-1.2052969018406412,-1.434256761600038,1.6032290100119024,0.179751684130015,0.9990892208503734,-0.2416972653890591,-0.7627409684078266,-0.7368611937726346,-1.1651956126951009,-0.6343769928459315,-0.6607291624174956,-0.8110777445781792,-0.8814082557141861,-1.7099239734231046,0.0912081355031153,-0.1891572434451484,-0.2786277715135434,-0.6231904662644979,0.5202893641326659,0.6736404669515337,-0.0931480532303872,0.725781195246511,1.598817235811112,1.0996838820353827,-0.1670717445184526,0.1909148425837684,1.5434770373162687,0.2662142820571789,1.2942549297804538,-0.250061528211904,0.2750580277217112,-0.1428676752108669,-0.0078683985395949,-0.1895393152755693,0.2322185046351462,4.333413911127753,1.5759431141116824,2.1911112863221147,0.8801516669273817,-0.2449265049874135,-0.4205140143697327,-0.9534808558789688,-0.9964372474350444,-1.4969868258481671,1.293814897585217,-0.399423233617128,-0.6872872113203852,-0.3492193709891705,1.0987771650375948,0.5895524691799175,-0.2655150069444995,0.512609076337179,-0.8163107506716885,-0.8903337128502633,0.4167783598712566,-1.350400980274748,-2.023848837696576,2.6059867494639413,-2.646960924992001,-2.3106297657901176,3.858750545077052,0.1908957735010294,-1.701820205221146,-1.83853478252178,0.0247990527183885,-2.8508588332303586
NL_023,52.1883,5.737,True,0.0796013982583411,-1.931667450618641,-2.0352505213611383,2.4034385515093617,0.3363119625338547,0.6395805731053461,-0.2706274626459839,-0.5933106447004988,-0.4592456101293171,-0.1869199675367192,-0.6343769928459315,-0.6607291624174956,1.7140230386553934,-0.5153061484196052,-0.922216409959436,-0.3884848212192007,-0.3397622778091265,-0.4307150746372381,-0.8158568313944696,-0.1132868501489286,0.135849537109514,-1.6482427398708548,0.0127990032181508,1.5447686652122037,1.2916842187037845,-0.3668992940865892,-0.0170941953476345,1.5294823536935676,-1.8122465449720653,0.204534855682608,-0.0837316688715765,0.2750580277217112,-0.3025958419920059,-1.1304265901884734,-0.3303775564872771,-0.2388218744351977,1.5178570535789042,1.5759431141116824,2.1911112863221147,1.9324000285053688,0.2359383763640222,-0.5529604561810336,-0.932156801876779,0.2939565253401415,0.0134073023460597,3.271974374245635,3.154144011412466,-0.2165241304294908,1.527312095103519,0.3852033479840599,0.508101329861027,-0.2655150069444995,0.512609076337179,-0.3293597543305012,-0.9002608805796173,-0.7444164260909258,0.015215614417381831,-2.0763075212793765,2.626186357196609,-2.644534727561877,-2.4379788851013457,3.289375788795236,0.6099431493069528,-1.533127939572831,-1.8040156512889256,0.0247990527183885,-2.6404420063844487
NL_024,52.1876,5.737,True,-0.3071114105336007,-1.12737305200623,-1.67746854027511,1.7112934003431164,-1.8398759072795088,0.7133259367453498,-0.2706274626459839,-0.40433066825771,-0.1551904470913979,-0.2467272122188908,-0.6343769928459315,-0.4388523509580398,0.9269267502107512,0.9630048924281326,-0.4142345437484907,0.2483489316707711,-0.5758241164492955,-0.6691002558552651,-0.8610409278903064,-0.0336466825108421,0.1092671972621077,0.3492708355255088,-0.8646157247300631,1.4159555478647123,2.00605731094378,0.2184118183423392,-0.2358414354000364,2.4318160224722742,-2.088517515879013,-0.0794219765222483,-0.1391749553183524,0.5671792085278956,0.1081337297309229,-0.0078683985395949,-0.4360062373960579,-0.7098622535055418,0.3916343105593647,0.9873709912148236,0.2424450410320054,1.4062758477163753,0.2359383763640222,-0.0967560454976637,-0.2506303979762782,0.2939565253401415,-0.1612011691731257,2.34883328513744,-0.1364856803173228,-2.2251132755639733,-0.0927236419090661,-0.804086347105165,1.335922253643138,-0.2655150069444995,0.512609076337179,-0.34207766450446725,-0.9025695242376065,-0.6841878643730498,0.41236967984174805,-2.0763075212793765,2.626186357196609,-2.644534727561877,-2.4379788851013457,3.289375788795236,0.6099431493069528,-1.533127939572831,-1.731833306075684,0.0247990527183885,-2.6528677243044343
NL_051,52.0259,6.034,True,0.466314207050283,-2.200099662159689,-2.220408271297772,2.675877117626888,0.3363119625338547,0.130276655466556,-0.3060669542857167,-0.7627409684078266,-0.7368611937726346,-0.2595430503650706,-0.3735196618779162,-0.6607291624174956,1.4703028681217734,-0.7145769156812126,-1.6271251670362985,-2.3237977845471685,-0.5623751164162276,-0.655518889512647,-0.9338803573340412,0.4258668972657699,-1.342740262241462,-1.6482427398708548,1.2371453814524909,0.2593467203986523,-0.6185677000086734,1.0099390072436676,0.2226968850360537,-0.3309032234196093,-1.0481172278665445,-1.0634676086845876,-0.4163913875522315,-0.8934266955030267,-0.3102019451720602,-1.5046126540714329,0.0217180465419923,0.4677386941703182,3.770302539617983,0.398798868317965,-0.4071103740646977,-0.6982208754395988,-0.2449265049874135,1.1982758299906122,1.5435417728012026,-0.9964372474350444,-1.995515606722732,-0.9660824439328968,-0.3694318003068702,-0.7709784257009886,-0.377002137648022,-0.4018265972955742,0.1721353046175987,-0.22274377665315562,0.37574384986475995,-0.19465859267156388,-0.6724439244092341,0.7695668712875017,0.6316748432941488,-1.8534651780312448,1.9127902252846487,-1.712725031304404,-1.8759024035171608,2.252204388888721,0.4114063509613176,-1.955697907005453,-1.6067170778667106,-0.96334680601105,-1.8189895369100175
NL_052,52.0266,6.034,True,0.466314207050283,-2.091440574662831,-2.1229082601185145,2.551385001590615,0.3363119625338547,0.3376854907040718,-0.2518228344289827,-0.5476947883177566,-0.5861555912234051,-1.1224761522078353,-0.3083053291359124,-0.6607291624174956,-0.787105268787987,-0.4828667211909715,-1.600271500100037,-2.265903807011717,0.1378636123662467,0.051611653985061,-0.6527407174251909,0.0861438722230558,-0.4007187041573724,-1.6482427398708548,0.44530227582629,1.8492602755977785,-0.6185677000086734,1.1236802747844965,1.0106593295095034,0.1230305728128391,0.1655215375456554,-0.9763305428219892,-0.3332264578820678,-0.6013055146968422,-0.3102019451720602,-1.5046126540714329,-0.2599584358814232,-0.0033016849000257,0.767041891565878,1.5759431141116824,-0.3259159471776098,-0.1720966946506053,1.6785330204183293,1.8678661747033003,1.6104053319606118,-0.9964372474350444,-0.7524328576298732,-0.918127062680523,-0.9744615125417816,-1.1894344976040057,-0.4353158394915832,-0.1849561234851861,1.0768645938035546,-0.22274377665315562,0.37574384986475995,-0.7771491605498254,-0.6685654030638122,1.8464845851391125,1.0672493137412997,-1.8534651780312448,1.9127902252846487,-1.712725031304404,-1.8759024035171608,2.252204388888721,0.4114063509613176,-1.955697907005453,-1.6067170778667106,-0.96334680601105,-1.8189895369100175
NL_053,52.0,6.034,False,0.466314207050283,-2.047676268860868,-1.884079368381312,2.375477496253258,0.3363119625338547,0.3584263742278236,-0.2756902471659457,-0.5737609919650378,-0.6205270444363873,-1.096844475915476,-0.6343769928459315,-0.6607291624174956,-0.7431557298393013,-0.5570139834278487,-1.7099239734231046,-2.423044603179372,-0.4155046834211251,-0.5072029440519482,-0.8180270908181594,0.2612365689054643,0.2831724219552556,-1.6482427398708548,-0.8646157247300631,-0.6420043641948351,-0.6185677000086734,0.7454398940305098,-0.6542151787085148,-0.5739253599321481,-2.106903079224548,-0.9444957457219252,-0.3956001551346906,-0.3091843338906578,-0.3102019451720602,-1.5046126540714329,-0.400796677093131,-0.4743420639703698,0.0162267295528516,-0.1897732545788937,-0.4071103740646977,-0.6982208754395988,-0.2449265049874135,1.2387455760996209,1.6418492759977394,-0.9964372474350444,-1.717252636209825,-1.2538147314471395,-0.511948054290045,-0.7866705283973517,-0.1823369974061086,0.4026929023236074,0.4860648914836558,-0.19810421219341137,0.3909844949796771,-2.094190750389234,-0.38958890343238634,-0.27934101268325556,0.019020061370067922,-0.9881015811862564,1.1347068848267163,-1.0849237111843286,-1.5450584482318095,0.3937997136044113,1.7537004385515402,0.4255938894115434,-1.5613545095941992,0.1466643503472168,-1.5212807272490678
NL_054,52.0039,5.804,False,0.466314207050283,-2.208284589580667,-2.027945709798024,2.559332337919906,0.3363119625338547,0.8492939509566112,-0.2887088359315619,-0.4108472191695303,-0.4989049792212195,-1.101116421964203,-0.1909195302003055,-0.6607291624174956,-0.7711236182611922,-0.1121304100065857,-1.4704787765747735,-2.3237977845471685,-0.1195677022543661,-0.2083533235841138,-0.7364888684605208,-0.0761790818803904,0.6251179850115699,-1.6482427398708548,-0.8646157247300631,-0.6420043641948351,-0.6185677000086734,0.864571516708034,-0.6491117566472521,-0.5411819359166886,0.6785492034520214,-0.9973092398840973,-0.3748089227171496,-0.0170631530844733,-0.3102019451720602,-1.5046126540714329,-0.400796677093131,-0.4743420639703698,-0.5468846419569181,-0.7783453774757525,-0.4071103740646977,-0.6982208754395988,-0.2449265049874135,1.1099782021164115,1.0764004202956003,0.2939565253401415,-1.1553280233614214,-0.8461939908019623,0.8517889930151246,-0.598365296040994,-0.3368558156164282,-0.3983286864276647,0.8294826599035187,-0.2511579940840181,0.4170720366543153,0.528492288281335,-0.8870554388559186,0.8867724116433902,-0.12998769760260956,-1.910017647539867,2.2266830873614243,-2.148625474171357,-2.146799419886693,1.940403775173993,1.4132333609671577,-1.2710952056093163,-1.8493141232897876,0.0247990527183885,-2.69005970318556
NL_055,51.966,5.804,True,0.466314207050283,-2.154502924779067,-2.064862589538779,2.551393170789157,0.3363119625338547,0.3307718628628214,-0.3212553078456022,-0.4760127282877333,-0.617883086496927,-0.9345105260638666,-0.6343769928459315,-0.6607291624174956,-0.6272887635200394,-0.2905472597640714,-1.5219483048692746,-2.307256648108468,-0.5365952846407804,-0.6294853302344449,-0.8773839642697454,-0.19486440887664,-1.342740262241462,-1.6482427398708548,1.060581415103621,2.738509996130211,-0.6185677000086734,0.965594428305489,-0.3415936488172963,-0.2122939955233107,-1.8194847919229988,-1.0330683610470304,-0.4579738523873133,-1.185547876309211,-0.3102019451720602,-1.5046126540714329,1.6413578204766317,0.4677386941703182,0.9547456820691346,2.7530873599054,-0.4071103740646977,-0.6982208754395988,-0.2449265049874135,1.3822292213951968,1.1530826822865263,-0.3512403610474514,-1.5340062897744962,-0.7862497642364952,1.3078485985292103,-0.708210014915536,-0.3202002487930449,-0.0240522235613498,1.7291511395525376,-0.21311500114003962,0.44663085165455263,-0.4341757004795865,-0.9638409269206424,-0.5750039959806823,1.7346422291480352,-0.5441152742167565,1.383193060317687,-1.7351154317435382,-1.2031544894991808,-0.1665199609777143,1.798671585955053,1.0432658267033943,-1.1788842549663732,0.0247990527183885,-0.6832906612391549
NL_056,52.1883,5.804,True,0.466314207050283,-2.1791362256018787,-2.060548237195504,2.5629667905095213,0.8581795572133183,0.1164493997840546,-0.2821995415487537,-0.5867940937886785,-0.7368611937726346,-1.0626689075256637,-0.1126623309099009,-0.6607291624174956,-0.7431557298393013,-0.4272562745133136,-1.551039777383558,-2.2989860798891177,-0.3611300324246413,-0.4522931326816232,-0.7756015543186988,0.6596995859068435,0.1960147715119509,-1.6482427398708548,-0.8646157247300631,0.7102013799351834,-0.6185677000086734,0.9789811198032542,0.5383430329795278,-0.4319416432421437,-1.120960570098296,-0.1046789511359701,-0.3748089227171496,-0.3091843338906578,-0.3102019451720602,-1.5046126540714329,-0.4360062373960579,-0.7098622535055418,-0.1714770609504049,0.398798868317965,-0.4071103740646977,-0.6982208754395988,-0.2449265049874135,1.452131510128939,1.3395175612039782,-0.9964372474350444,-1.6271719406557577,-1.1878760822251255,0.4512325210448321,-0.854669640081592,-0.3542736949213434,0.4236803675310642,0.3980785335501379,-0.26266554591565805,0.4877612995375416,0.2380858223608494,-0.7682064633426299,0.14491630449851517,0.041153137029688494,-2.1654961068508034,2.6024009516864166,-2.55315039025337,-2.530252816614168,3.461524764755635,0.2271117065498476,-1.7448262749201997,-1.9133478284117749,0.0754689460974069,-2.886234799571471
NL_057,52.1876,5.804,False,0.466314207050283,-1.7085028988956548,-1.0847023051166758,1.6749004150791071,0.179751684130015,-0.6163951513885013,-0.2583321288117908,-0.3000658536685852,-0.7368611937726346,-1.0883005838180229,-0.2300481298455078,-0.6607291624174956,-0.7311694919442053,-0.0472515555493183,-1.4794299988868609,-2.2493626705730163,0.0702484755709196,-0.0166689572771651,-0.622310203471124,0.1247757546757453,-0.6021599355641685,-1.6482427398708548,0.6497867039929828,-0.6420043641948351,-0.6185677000086734,0.6885114826291094,-0.3073030098511815,-0.5451366385260846,1.8665416585011247,-0.3284655066331675,-0.3886697443288436,-0.6013055146968422,-0.3102019451720602,-1.5046126540714329,-0.3303775564872771,-0.0033016849000257,-0.3591808514536615,-0.1897732545788937,-0.4071103740646977,-0.6982208754395988,-0.2449265049874135,1.3638338822547384,1.0891707577206406,0.2939565253401415,0.5273608598565953,-0.6783501564186541,-0.1458247848670993,-0.0334495989719207,-0.4117994603344138,0.1543412307020339,-0.028145236584331,-0.26266554591565805,0.4877612995375416,0.18194397635047144,-0.7771640007356283,-0.0484456030172195,0.8249573666634675,-2.136299911836119,2.5467861218953227,-2.487889496630255,-2.13946359254074,2.288330268942244,1.620062015382808,-0.9182735133986892,-1.943247438853992,0.0754689460974069,-2.7915934164605978
NL_058,52.0259,5.865,True,0.466314207050283,-1.7065381302574474,-1.0102480753034575,1.6268378656938762,0.3676240182146232,-0.3882454326272337,-0.2236158921034811,-0.3847810155222491,-0.6073072547390864,-1.0626689075256637,-0.0213622650710956,-0.6607291624174956,-0.7191832540491093,-0.0542028613840254,-1.4928568323549911,-2.36515062564392,0.3853745973988015,0.3015586651594363,-0.3980029172252456,-0.9624268222868172,0.4524739438041865,-1.6482427398708548,0.0127990032181508,1.3863042520001925,-0.6185677000086734,-0.1343518673527264,-0.2639926189407537,0.0167754351289383,0.7823754061482147,0.2007032648014408,-0.3470872794937618,-0.0170631530844733,-0.3102019451720602,-1.5046126540714329,-0.3303775564872771,-0.2388218744351977,0.2039305200561082,0.9873709912148236,-0.4071103740646977,-0.6982208754395988,-0.2449265049874135,0.2122856520620384,0.7346131818537193,-0.9964372474350444,-1.3779075502184752,-0.3786290235913181,-0.4213663329251395,-0.4362135681785748,-0.4163156813384466,0.6650362174168187,0.7565591838988368,-0.2511579940840181,0.4170720366543153,0.676366494406211,-0.8277232968455938,-0.1502019973692899,-1.0970934138540869,-1.940479197122556,2.316786493377937,-2.264869072700508,-2.1664599549134467,3.058477108374718,0.6403620877400708,-1.7623361440129637,-1.8178104233379797,0.0247990527183885,-2.69005970318556
NL_059,52.0266,5.865,True,0.466314207050283,-1.5466417831624406,-0.8411829554284208,1.4275153421459923,-0.0133393259013861,-0.3744181769447329,-0.2561623640175214,-0.2805162009331243,-0.6284589182547677,-1.0028616628434917,-0.0083193985226948,-0.6607291624174956,-0.6952107782589171,0.0593351339161926,-1.4615275542626864,-2.4395857396180727,0.5845668665929258,0.5027114031987783,-0.3676763596770342,1.0394130106832171,-0.31690357307252,-1.6067369897596142,1.863655348749302,-0.2397606804868969,-0.6185677000086734,1.002365961853922,0.1617491814382285,-0.0124872282210155,-1.138676533637461,-0.3460189032040884,-0.3748089227171496,-0.6013055146968422,3.397773355104382,-0.3820544624225545,-0.0134915137609346,1.1742992627758344,3.0194873776049564,0.398798868317965,-0.4071103740646977,-0.6982208754395988,-0.2449265049874135,1.8384336320785668,1.5627575163794472,-0.3512403610474514,-1.0061704332915873,-0.2467517251472902,1.0418359742191132,-0.3943679609882731,-0.269573731637199,0.9588607303212154,1.1056753441595026,-0.2511579940840181,0.4170720366543153,0.7276264660199867,-0.8149795838534929,-0.48178094402602,-0.4409086454026481,-1.940479197122556,2.316786493377937,-2.264869072700508,-2.1664599549134467,3.058477108374718,0.6403620877400708,-1.7623361440129637,-1.8376365168723128,0.0247990527183885,-2.69005970318556
RO_001,44.461,26.519,False,0.466314207050283,0.3608639042631942,1.3780187974458262,-1.077833976295153,-1.5789421099397765,0.6395805731053461,-0.2706274626459839,-0.2414168954622025,0.1092053468546187,-0.1100249386596411,-0.6343769928459315,0.0452425104080453,0.4035276954582227,-0.3507919103315341,-0.3023442648474014,-0.3305908436837492,-0.4844716745329195,-0.5768487147065937,-0.5714487467782502,-1.4677961322031243,2.698513185183673,-0.6335126451499751,-0.8646157247300631,-0.6420043641948351,-0.6185677000086734,1.5555089747054427,-1.32316036223707,1.5471291256699051,0.4327369044236305,-0.374612062961316,-0.2500615282119039,4.072633378202109,-0.2797775324518432,-0.756240526305514,-0.4360062373960579,-0.7098622535055418,-0.5468846419569181,-0.7783453774757525,-0.4071103740646977,-0.6982208754395988,-0.2449265049874135,2.5153821124474383,1.512880915492969,0.2939565253401415,0.034693494103699,1.2338706710197498,-0.2397473241197297,-0.0072960944779822,-0.1283921788600657,0.6790278608884567,0.5137598728078383,0.2519684755982921,-0.9690557536878519,-1.0399905211865452,-0.7133530900288044,-0.7870336215843637,-0.2572859416630956,-0.2818586114387713,0.3023835383892523,-0.2763628234815787,-0.1596891553912857,-0.883732271395887,-0.8093773560325417,1.8186049861394813,-0.6901613507683941,-0.3062238942274825,0.948590615408338
RO_002,44.459,26.522,True,-1.4672498369094265,0.478543115856641,1.209316096714525,-1.039793372523851,-1.2658215531320989,1.0359619026703752,-0.2879855810001387,-0.3000658536685852,-0.0494321295129912,0.2573624215308429,0.1742807331549158,0.2267780834203272,0.4834359480921965,-0.3137182792130955,-0.2508747365529002,-0.123826638199992,-0.4816379668635204,-0.573987117422679,-0.5450493180351546,-0.4472754007651933,0.3475625715465458,-1.6482427398708548,0.6772572473272025,-0.6420043641948351,-0.6185677000086734,1.4518637395628264,-1.8194682477703,0.1717318033651657,-0.0449506607619822,-0.0910147905782851,-0.3193656362703738,-0.0170631530844733,-0.3102019451720602,-1.5046126540714329,0.1625562877537,0.4677386941703182,-0.5468846419569181,-0.7783453774757525,-0.3259159471776098,-0.1720966946506053,-0.2449265049874135,1.8310754964223837,1.0862793605678014,0.2939565253401415,-0.2454204496055244,-0.2767238384300238,-0.3085378015351567,0.3274687630444315,4.122146910390816,-0.0625292431083541,-0.2794722109895382,0.2519684755982921,-0.9690557536878519,-1.3163283417544953,-0.7136763001409229,-0.793553293241958,1.3474327215592425,0.7076586644322043,-0.7390536322616752,0.669269798624895,0.7056545497147889,-0.7452918493338656,-0.3238640871719097,1.3086158737568028,-0.5604898510148281,-0.3062238942274825,1.1893302248889157
RO_003,44.458,26.525,False,-0.6938242193255426,0.5013439851007926,1.2369205951477673,-1.0704196930123386,-2.048622945151294,0.4736535049153332,-0.2879855810001387,-0.0980527754021559,-0.0229925501183896,0.2616343675795694,-0.0083193985226948,0.0654131296316322,0.6672249291503364,-0.3623774200560462,-0.2553503477089439,-0.2230734568321955,-0.4841187670240796,-0.5764923338492192,-0.5463084232518893,-1.5594504471363355,0.8892869214467688,-0.4337975835477581,0.5686066020133089,-0.6420043641948351,-0.6185677000086734,-1.3904411520213589,-2.16747842336819,-0.6368148094409509,0.4058343919650915,1.0388426442473675,0.020224493216128,1.1514215701402646,-0.272171429271789,-0.756240526305514,-0.2951679961843502,-0.0033016849000257,-0.5468846419569181,-0.7783453774757525,-0.4071103740646977,-0.6982208754395988,-0.2449265049874135,-1.759694703795109,0.8214755713202672,-2.28683102021023,-1.298624198309587,-0.660366888449014,0.258717890264683,-0.0177574962755576,0.2787723700992607,1.4555640735643625,-0.0206934934078963,0.2519684755982921,-0.9690557536878519,-0.13704503928567524,-0.7124758054387684,-0.6914337779368063,-0.8213219282713274,0.7076586644322043,-0.7390536322616752,0.669269798624895,0.7056545497147889,-0.7452918493338656,-0.3238640871719097,1.3086158737568028,-0.6229196196016201,-0.3062238942274825,0.9954518708632496
RO_004,44.461,26.519,True,-3.400813880869136,0.4833037369076175,1.3449549135285703,-1.1280378813996987,-2.7427068460749804,0.9622165390303692,-0.2850925612744462,-0.1567017336085385,0.0563261880654153,-0.1228407768058207,0.161237866606515,0.2469487026439141,0.0719084470272315,-0.3067669733783882,-0.1658381245880724,-0.1734500475160934,-0.5336162379034275,-0.6264769634419479,-0.6546770505771635,-1.775631017377674,0.8157390486696718,-1.6482427398708548,2.2926877194866293,2.40266152959767,-0.6185677000086734,1.3257815479560524,1.3150081295193874,0.117036815234696,1.4712830973366278,-0.0442865225707763,-0.2362007066002101,0.2750580277217112,-0.3102019451720602,-1.5046126540714329,0.8315379335093119,2.5874203999868666,0.5793381010626214,2.164515237008541,1.0543893099028845,-0.1720966946506053,-0.2449265049874135,2.0886102443888017,0.5220954911200294,1.5843502981153277,-0.1864978028561172,-0.6843445790752009,-0.0566097617289904,-0.9174380508670446,-0.4310110160664626,0.3572200610407841,0.2081985536800234,0.2519684755982921,-0.9690557536878519,-1.0399905211865452,-0.7133530900288044,-0.7870336215843637,-0.2572859416630956,-0.2818586114387713,0.3023835383892523,-0.2763628234815787,-0.1596891553912857,-0.883732271395887,-0.8093773560325417,1.8186049861394813,-0.6901613507683941,-0.3062238942274825,0.948590615408338
RO_005,44.459,26.521,True,-3.400813880869136,0.2389251896241376,1.4045467973329275,-1.023801781129546,-1.8398759072795088,0.3169446071803201,-0.3111297388056785,-0.2870327518449446,0.1092053468546187,0.3769769108951866,0.2264521993485188,0.2469487026439141,0.063917621763834,-0.299815667543681,-0.2777284034891618,0.1904549541353188,-0.4769075023123573,-0.5692100951993057,-0.5411544739762622,-1.8612656060947743,-0.178446421187597,-1.6482427398708548,-0.8646157247300631,-0.6420043641948351,-0.6185677000086734,-0.2838676836044196,-1.5191748486382366,-0.3804328901630939,0.0316129919074906,-0.441545516770406,-0.3082769789810187,-0.3091843338906578,-0.3025958419920059,-1.1304265901884734,-0.400796677093131,-0.4743420639703698,-0.5468846419569181,-0.7783453774757525,-0.4071103740646977,-0.6982208754395988,-0.2449265049874135,-0.9723741885834868,0.8624370309854907,0.2939565253401415,0.4200044144702409,-1.151909546285845,-0.4057252309962455,1.3317633356116727,2.0117072262254263,0.4691532088138875,1.4047014446726904,0.2519684755982921,-0.9690557536878519,-1.4094448387345937,-0.7159387709257524,-0.7528837464968644,-1.0285383842671973,0.7076586644322043,-0.7390536322616752,0.669269798624895,0.7056545497147889,-0.7452918493338656,-0.3238640871719097,1.3086158737568028,-0.5604898510148281,-0.3062238942274825,1.1893302248889157
RO_006,44.459,26.525,True,-3.400813880869136,0.3009803026219587,1.3478768381538164,-1.0240925373367151,-1.9077186945878384,0.0311813230752995,-0.3169157782570634,-0.1762513863439995,0.0298866086708137,0.4923194542108036,0.0699378007677097,0.2066074641967404,0.5593487880944716,-0.3507919103315341,-0.0987039572474189,-0.0742032288838898,-0.4727598065717607,-0.5650215774513502,-0.5662119474009295,1.393617091147935,1.1849046043526354,-1.6482427398708548,0.0127990032181508,-0.6420043641948351,-0.6185677000086734,-1.8014302129478472,-0.303546560615649,-1.2254022156130993,0.6989520537956129,-0.1047690244130396,-0.1565009823329698,1.4435427509464491,-0.3102019451720602,-1.5046126540714329,-0.3303775564872771,-0.2388218744351977,-0.5468846419569181,-0.7783453774757525,-0.4071103740646977,-0.6982208754395988,-0.2449265049874135,-2.0540201300424443,0.5719720920065077,0.2939565253401415,0.3848359237402283,-1.9431733369500124,0.1647194233327861,1.1957651122431925,0.304588498675505,0.9168857999063016,0.1121627191601963,0.2519684755982921,-0.9690557536878519,-0.6563354037851018,-0.7141842017456805,-0.802944921528467,-1.2291491165489745,0.7076586644322043,-0.7390536322616752,0.669269798624895,0.1118995026298911,-0.7452918493338656,-0.3238640871719097,1.3086158737568028,-0.6229196196016201,-0.3062238942274825,0.9954518708632496
RO_007,44.444,26.513,False,0.2729578026543121,0.4978361590632311,1.2090085257013408,-1.0507936490284189,-0.8326714495481435,0.3999081412753265,-0.2706274626459839,-0.2283837936385619,-0.0494321295129912,0.3812488569439131,-0.0083193985226948,0.3074605603146748,-0.4195273066717074,-0.3507919103315341,-0.2419235142408133,0.0415847261870139,-0.3836119439371753,-0.4749963132588632,-0.4327655616984716,0.6048251349609493,1.4220411433184357,-0.1782220528549682,0.8179529348623762,-0.6420043641948351,0.6461955289172611,-0.9253768900903896,-1.2563569387427258,1.1745947195400686,0.3320968707049881,-0.0497137885642533,0.0964590120804449,1.4435427509464491,-0.1276554688507584,-0.3820544624225545,0.2681849686624808,0.2322185046351462,-0.3591808514536615,-0.1897732545788937,-0.163527093403434,0.3540274861383882,-0.2449265049874135,-1.5095180914848738,0.4060781803623518,-0.9964372474350444,1.175509974100074,0.7423280131829187,0.5092792318440528,-0.5826731933446309,-0.297856165300752,0.1753286959094908,0.2956270270976585,0.2519684755982921,-0.9690557536878519,-1.496857634592412,-0.7101671617807792,-0.7110753203989253,-0.532957110226727,0.2847749759850617,-0.6480561139825631,0.7966664953821143,0.1013062998868327,-0.5891260705439405,-0.3295170268946397,1.194273922571167,-0.6077130468579245,-0.862561732889263,1.006478687789761
RO_008,44.444,26.514,True,-0.3071114105336007,0.8982649741373275,0.8555701012854949,-1.060384431471705,-1.824219879439125,0.1971083912653118,-0.308236719079986,-0.3782644646104288,0.1092053468546187,0.5991181054289676,0.0568949342193089,0.0452425104080453,-0.4275181319351048,-0.3438406044968269,-0.3135332927375104,-0.3719436847805005,-0.4305935517211598,-0.5224403183975813,-0.5412560962675514,-0.1299987172556448,1.7134290649123805,-1.6482427398708548,-0.8646157247300631,0.7102013799351834,-0.6185677000086734,-1.8409915158377752,-0.0170941953476345,-0.8834683808155738,-0.3517676596881809,0.0455160158633222,-0.0490796148423417,1.4435427509464491,-0.3102019451720602,-1.5046126540714329,-0.400796677093131,-0.4743420639703698,-0.1714770609504049,0.398798868317965,-0.4071103740646977,-0.6982208754395988,-0.2449265049874135,-1.7670528394512923,0.6811223345261919,0.2939565253401415,0.0134073023460597,-1.175887236912032,-0.6816464174506182,-0.5512889879519045,-0.0536727436954718,1.049806412886862,1.4031871867010084,0.2519684755982921,-0.9690557536878519,-0.3525843829970118,-0.7134454357751239,-0.3512884778869335,-0.02529219524584338,0.2847749759850617,-0.6480561139825631,0.7966664953821143,0.1013062998868327,-0.5891260705439405,-0.3295170268946397,1.194273922571167,-0.6077130468579245,-0.862561732889263,1.006478687789761
RO_009,44.444,26.514,False,-0.5004678149295717,0.8271542082562464,0.8280818258732324,-1.001801228120411,-1.803345175651946,0.9253438572103668,-0.2821995415487537,-0.3912975664340694,-0.1155310779994954,0.2317307452384836,0.2525379324453204,0.1259249873023928,-0.4315135445668035,-0.406402357009192,-0.3985699047023381,-0.5290844809481563,-0.4466031465802264,-0.5386074811786999,-0.6106197889502769,-0.1136061190674494,1.6772811491968926,-1.6482427398708548,0.6227410407436329,-0.6420043641948351,1.564391446487536,-1.7838199764865457,-0.4561832546551243,1.8463442800700536,1.0926407357289167,-0.496789181653653,0.041015725633669,2.027785112558818,-0.3102019451720602,-1.5046126540714329,-0.1895393152755693,-0.0033016849000257,-0.5468846419569181,-0.7783453774757525,-0.163527093403434,0.8801516669273817,-0.2449265049874135,-1.649322668952358,1.1560343168800498,1.5843502981153277,0.672662255767437,0.6584060959912647,-1.0062372463148015,0.3379301648420069,-0.1881472278325735,-0.5172576559365872,-0.8168743953606534,0.2519684755982921,-0.9690557536878519,-0.3525843829970118,-0.7134454357751239,-0.3512884778869335,-0.02529219524584338,0.2847749759850617,-0.6480561139825631,0.7966664953821143,0.1013062998868327,-0.5891260705439405,-0.3295170268946397,1.194273922571167,-0.6077130468579245,-0.862561732889263,1.006478687789761
RO_010,44.416,26.535,True,-1.9506408478993535,0.6519299457132725,1.0452269611809788,-1.0369827291878824,-2.377399529799356,0.7041077662903501,-0.2691809527831376,-0.1567017336085385,0.0298866086708137,1.126558196281041,-0.0996194643615002,0.2469487026439141,0.3143101313923911,-0.3832313375601678,-0.2284966807726824,-0.6614135724577603,-0.400396289926649,-0.4919458523430934,-0.4546997942881125,1.0566551817695824,0.6821139896534053,-0.6335126451499751,1.5774288845695263,0.7102013799351834,-0.6185677000086734,-1.5854202083300877,-1.6553351689245466,0.959831775829492,-2.16521469856384,0.7084172220310228,-0.263922349823598,0.2750580277217112,-0.2797775324518432,-0.756240526305514,1.0075857350239468,1.4098194523110064,-0.1714770609504049,0.398798868317965,-0.4071103740646977,-0.6982208754395988,-0.2449265049874135,-1.722904025514192,0.4392087727386357,-0.9964372474350444,0.1799948900145407,0.3826626537901154,-0.4707952521276152,-0.6140573987373571,0.0649020801125384,0.7699735434541033,-0.4816654991030662,0.2519684755982921,-0.9690557536878519,0.9324447395428784,-0.6919288768826637,3.074972285906387,-1.1163431351911963,-0.74673734700905,0.4283634326607271,-0.1752635919746147,0.040961244270233,-0.6524178338502167,-0.7376804990678083,0.8660251273235355,-1.1024671195667877,-0.862561732889263,-1.1307696809349643
RO_011,44.469,26.298,True,-1.7572844435033828,0.6595806131858228,1.0080486740677006,-1.0179912533112407,-0.5717376522084121,0.0957085162603035,-0.2431437752519053,-0.1632182845203589,0.0298866086708137,-0.2125516438290785,0.0699378007677097,0.0452425104080453,-0.5553713361494629,0.3976320178719446,0.1026985447745418,0.1242904083805165,-0.3501534993253318,-0.441208567522351,-0.3667809980213545,0.9182336348303214,1.3565912235966824,-1.6482427398708548,-0.8646157247300631,-0.6420043641948351,-0.6185677000086734,-2.11932177053212,-0.4422214404185172,1.2549337791822004,0.7606401451993163,0.7210954334931727,-0.116997640739642,1.1514215701402646,-0.3102019451720602,-1.5046126540714329,-0.400796677093131,-0.4743420639703698,-0.5468846419569181,-0.7783453774757525,-0.4071103740646977,-0.6982208754395988,-0.2449265049874135,-1.9289318238873268,1.2441014551602807,0.2939565253401415,-0.9074518628213762,0.2867518912853679,-0.5293354928420679,0.2751617540565544,-0.2864406960394946,1.070793878094319,-0.3820432641239925,0.2052878271055426,-0.876325739588297,0.5001110200362144,-0.6344436497987305,3.5353601379197364,-1.4390609591193935,-0.3106229336052289,0.4770665615109525,-0.5206340872805499,0.2999274943403871,-0.4137193200265159,-1.0292624938595856,0.0133979629141879,-0.4981240257252904,-0.128977066933117,0.4064682847751795
RO_012,44.138,26.145,False,0.466314207050283,0.8638193423155252,0.899284515425277,-1.0679482652514003,-1.959905454055785,-0.1739229695484675,-0.3234250726398716,-0.1827679372558197,-0.1234629518178759,-0.1313846689032738,0.4090523310261296,0.085583748855219,-0.5114217972007774,-0.32762089088251,-0.3224845150495974,-0.8599072097221675,-0.4822722818788684,-0.5746276754254215,-0.6213650792456044,0.6292822405499005,0.9360078610659724,-1.6482427398708548,0.0908658264321849,-0.6420043641948351,-0.6185677000086734,-1.6812438838590311,0.7130652481638621,-0.5169693972027173,-0.657203339116208,0.008511627932147,-0.1946182417651281,0.5671792085278956,-0.3102019451720602,-1.5046126540714329,-0.365587116790204,-0.2388218744351977,-0.5468846419569181,-0.7783453774757525,-0.4071103740646977,-0.6982208754395988,-0.2449265049874135,-1.5720622445624326,0.9958027246602044,-0.9964372474350444,-0.3034176097567733,-0.3186847970258509,0.4945112982267232,0.7197713304535102,0.5942672416575809,0.24878482413559,0.3956875999106402,0.2698239715387533,-0.8176417310923426,1.2209961048106333,-0.5741418774520501,-0.4396919244643364,1.7769273726653052,-0.0704682468858326,0.395520980308148,-0.5481446512458674,-0.2288124024260423,-0.1592520286701791,-1.1461272217214964,-0.749033845590362,-1.019248895524545,-0.1778382590088841,-0.0428502318922543
RO_013,44.433,25.539,False,0.466314207050283,0.6140120166405799,0.8327722838242856,-0.8810889427773377,0.3519679903742387,-0.4228135718334863,-0.3299343670226796,-0.3587148118749679,-0.1551904470913979,0.0480370651432415,-0.0213622650710956,-0.0354399664863022,-0.387564005618118,-0.1376185314005123,-0.0696124847331357,-0.1651794792967433,0.1222799300085368,0.035874595575762,0.1773593794453775,0.6323747162358436,0.7483486436123488,-1.6482427398708548,0.5005712840092809,-0.6420043641948351,-0.6185677000086734,-1.6723421300051908,0.0941838693833281,-1.4834508763530636,0.1878358644707197,0.1649840077458514,-0.0088832321684292,0.2750580277217112,-0.3102019451720602,-1.5046126540714329,0.2329754083595539,0.2322185046351462,-0.1714770609504049,-0.1897732545788937,-0.3259159471776098,-0.1720966946506053,-0.2449265049874135,-1.8994992812625933,0.5031809347452055,-0.3512403610474514,-0.8972715102416358,-1.265803576760233,0.7612072716502191,0.2699310531577666,-0.324812559605674,0.0563997264005683,-0.3027041161866581,0.12827146950624854,-0.6146820054828409,0.7837680215809122,-0.3773069191718833,-0.5462514186957989,1.4087507395237895,-1.0478683547803846,0.4324362991216625,0.0066130817825038,-1.243156136608034,-0.3059364390994752,-1.313288738976765,0.1258975068298088,-0.9951880118038676,-0.128977066933117,0.0003369368140736
RO_014,44.65,26.101,True,-2.627388263285252,0.5931831414495461,1.0712538852248543,-1.0192996431596038,0.3154372587466762,-0.4988634780872423,-0.2887088359315619,-0.2609665481976634,-0.205425647941141,-0.2723588885112503,0.1742807331549158,0.1662662257495666,-0.5993208750981486,-0.2163999975271943,-0.1703137357441161,-0.3305908436837492,-0.1590062486622465,-0.2481800278348971,-0.1813603984068493,0.5121346959216512,1.2662191292143403,-1.6482427398708548,1.046347377594433,3.4444360483229026,-0.6185677000086734,-1.4597939114088998,-0.6455481436516141,-0.7781164875790721,0.0589858525830093,0.5908830666421565,-0.0490796148423416,1.4435427509464491,-0.3102019451720602,-1.5046126540714329,-0.2951679961843502,0.2322185046351462,1.7055608440821608,4.518803728595977,-0.4071103740646977,-0.6982208754395988,-0.2449265049874135,-1.6419645332961748,0.6796766359497722,-0.3512403610474514,-0.5623996094747172,-0.8521884134585092,-1.0646256316707214,-0.0700645052634348,-0.2667230673155046,-0.7621114166902512,-1.024287888587085,0.1694258819484358,-0.7764765362641094,0.4793557926143441,-0.4810111922887622,0.36922602051548775,0.30707024876376715,-1.166966010783678,0.8179907071570417,-0.4978176146874443,-1.4357540153558075,-0.2411823466262207,-1.081165362070542,-0.0809211092625164,-0.7438650009215039,-0.128977066933117,0.9632929211390514
RO_015,44.629,26.228,False,0.466314207050283,0.4902358693151808,1.0202368163597968,-0.9274160984529612,0.2319384435979619,-0.3191091542147287,-0.2735204823716763,-0.3130989554922258,-0.1366827415151768,0.2616343675795694,0.2134093328001181,0.0049012719608715,-0.631284176151738,-0.2673762403150473,-0.4119967381704689,-0.5456256173868566,-0.36013838385476,-0.4512917242142594,-0.4242862825502814,0.7707470610816898,1.393240502419021,-1.6482427398708548,1.666834679883093,0.7102013799351834,0.6461955289172611,-1.2338375042449652,-1.5208465662476056,-0.5571601370339815,0.0783723146729241,0.8377582243590174,0.047946136439516,1.1514215701402646,-0.3102019451720602,-1.5046126540714329,0.1273467274507731,1.1742992627758344,-0.1714770609504049,0.398798868317965,-0.163527093403434,0.3540274861383882,-0.2449265049874135,-1.5904575837028911,0.6158851862652548,-0.3512403610474514,-0.2099434633427923,-0.7382943829841214,-0.6808112129786869,-0.4780591753688765,-0.3593536428024753,0.500634406625073,0.3142364605917495,0.17898370171789083,-0.8197222690082532,0.9887556271345761,-0.5505937121405594,-0.4565605432847445,-1.5059278255359076,-0.8717236928473651,0.605115329096032,-0.3625708612752369,-1.377510397972065,-0.2113646157394371,-2.052122380373925,-0.0732301789146234,-0.7609962975074341,-0.128977066933117,0.551647638943833
RO_016,44.15,26.121,False,0.466314207050283,1.397426498362742,0.6171650035824584,-1.1997577458347646,0.0231914057261763,-0.3951590604684844,-0.2887088359315619,-0.2935493027567649,0.003447029276212,0.7998995697191158,-0.1126623309099009,0.2267780834203272,0.2956515544023581,-0.3160353811579979,0.0131863216536703,-0.0163092513484383,-0.1556921919633112,-0.2448333538816083,-0.166680957766104,0.983978385968337,0.8734067931799682,-1.6482427398708548,0.6497867039929828,-0.6420043641948351,-0.6185677000086734,-0.6076073832461484,-1.955238655851772,-0.324099267102676,0.6073418808329516,0.4428486590414101,-0.0282883824248007,0.8593003893340802,-0.3102019451720602,-1.5046126540714329,-0.3303775564872771,-0.0033016849000257,-0.3591808514536615,-0.1897732545788937,-0.4071103740646977,-0.6982208754395988,-0.2449265049874135,-0.7258766441013432,0.932432937060476,-0.9964372474350444,-1.4209426770328326,-0.2467517251472902,0.3081088456275255,-0.0177574962755576,-0.3269521593437549,0.0563997264005683,-0.5139431032362861,0.2698239715387533,-0.8176417310923426,1.1176550609810354,-0.5430675338155143,-0.5228961392135314,-0.5673547014521582,0.4227838800769734,-0.1382141182605655,-0.054847966767841,0.05039579589146,-0.2530679589914715,-1.01964075562204,-0.5534453738114296,-0.7788334179534877,-0.1778382590088841,0.3798162590070008
RO_017,44.697,26.027,True,-2.588716982406058,0.5208358221376578,0.993440186645976,-0.928282873665594,-0.1333688726776623,-0.1946638530722187,-0.2257856568977505,-0.1762513863439995,-0.0838035827259734,-0.0459457479287427,0.109066400412912,0.1662662257495666,-0.4275181319351048,-0.2395710169762184,-0.0942283460913752,0.0333141579676638,0.002823174635451,-0.0847578642973387,0.0614557122496721,0.4744983810832432,0.8898628980803786,-1.6482427398708548,1.6297426691573198,1.3863042520001925,2.028492095875116,0.0386486037683244,-1.914246681612913,-0.6388673257938785,0.9300885083532404,0.8362877834978897,-0.2639223498235979,0.8593003893340802,-0.3025958419920059,-1.1304265901884734,0.0569276068449192,0.9387790732406625,0.2039305200561082,0.9873709912148236,-0.0011382396292582,1.4062758477163753,-0.2449265049874135,0.0945554815631043,0.4624001874020343,0.2939565253401415,-0.34167105581398,-0.8461939908019623,-0.6484660216111683,0.4686976873116998,-0.2336169252604102,0.4586594762101591,0.2696455482151161,0.14833545283300295,-0.7251515025349522,0.397435105452703,-0.42440324979486477,-0.687373425461444,0.7211353316853709,-0.5358811121391811,0.0490257411914611,0.2625516494657193,-1.4614823332395042,0.1416913573411295,-1.0322688363974286,-0.2194964560714988,-0.7762669665227795,-0.0787188756572161,0.7744668745350686
RO_018,44.236,26.716,False,-0.3071114105336007,0.7042967772740185,1.0835964450756563,-1.091547977399966,-0.3943026700173943,0.2132401895615625,-0.2561623640175214,-0.1958010390794604,0.082765767460017,0.4367841555773584,0.0699378007677097,0.1460956065259797,-0.155830072979594,-0.4087194589540944,-0.192691791524334,0.1739138176966186,-0.2134234523014216,-0.3031328106549815,-0.3346062312629039,0.5409349789523419,0.3110706933243505,-1.6482427398708548,-0.8646157247300631,0.4550105757858323,-0.6185677000086734,0.0645883424835999,-1.3194317165542933,-0.4264406952817128,-0.3611607063194263,0.363786629199831,-0.2639223498235979,0.5671792085278956,-0.3025958419920059,-1.1304265901884734,-0.365587116790204,-0.4743420639703698,0.2039305200561082,0.398798868317965,-0.4071103740646977,-0.6982208754395988,-0.2449265049874135,0.157099634640663,0.2427142412269304,0.2939565253401415,0.3954790196190479,-0.0908967360770755,-0.5038617564481653,0.0450109145098949,-0.1307559881515382,0.6650362174168187,0.775567106332844,0.3053976843287383,-0.8147457101491078,0.6689193704456635,-0.7452585453822164,-0.005349748085628977,0.7058759984424625,0.5813646450390002,-0.2069369853335004,-0.0506826764088585,1.1783791970388144,-0.6553906727873184,-0.300287207523625,1.0017416628518412,-0.9155628503594956,-0.2250497662153519,1.0910124766890783
RO_019,44.825,24.867,False,0.466314207050283,0.387172599544909,0.6075534094204648,-0.6075358111989961,-0.1542435764648408,-0.6048724383197505,-0.2937716204515236,-0.3326486082276867,-0.1895619003043801,-0.3919733778755939,0.3699237313809273,-0.0354399664863022,-0.7511465551026987,-0.3253037889376076,-0.5417894616957324,-0.7441192546512637,-0.5345162117915221,-0.627385794956778,-0.7357500559092542,0.5786460625352088,1.379453407290331,-0.4996570815392762,0.0127990032181508,-0.6420043641948351,-0.6185677000086734,0.2763615989898978,-2.2863022368719594,-0.1571194977124347,0.9296050987359812,0.4211369277900894,0.1311110661096798,2.027785112558818,-0.2645653260917347,-0.756240526305514,-0.3303775564872771,-0.2388218744351977,-0.5468846419569181,-0.7783453774757525,-0.4071103740646977,-0.6982208754395988,-0.2449265049874135,-0.2659931655898816,0.1407924915893444,0.2939565253401415,-2.079734887155131,-1.0200322478418171,-0.1346634160149274,1.01792128168441,-0.1949631982556812,-1.3987311946497774,-1.6263648279066147,-0.3491794717217356,0.15085271000227732,0.33204273483158114,0.4681645612569544,-0.6080480027110708,-0.5986130792911408,0.4665957774099453,-0.658461995175094,0.6987799265064788,-0.3034833962917089,-0.7759321603193771,-0.1010729279512023,0.6554453963901045,-0.4487836642506149,-0.9262609062534592,0.3430680307291675
RO_020,44.811,24.948,False,0.3503003644127004,0.4700763825322238,0.9832125631142205,-0.8923858278684073,-0.4986761889532871,-0.3836363473997333,-0.3111297388056785,-0.2935493027567649,-0.1525464891519377,-0.4603245146552188,-0.0604908647162978,-0.0959518241570628,-0.5513759235177642,-0.3577432161662413,-0.1434600688078546,-0.7358486864319136,-0.5819641587268224,-0.6753007290001249,-0.787191167389967,1.0956880549036458,1.2861080725259129,-1.6482427398708548,-0.8646157247300631,-0.6420043641948351,-0.6185677000086734,0.0225412048133554,0.9229385092779078,-0.6297666643593367,0.2573070938152647,-0.5012352998884376,-0.2015486525709751,1.4435427509464491,-0.3102019451720602,-1.5046126540714329,-0.4360062373960579,-0.7098622535055418,-0.5468846419569181,-0.7783453774757525,-0.4071103740646977,-0.6982208754395988,-0.2449265049874135,0.3520902295295228,1.4592695932840734,2.874744070890513,1.6114141618325988,-0.4086011368740517,0.6353951071056688,1.7083738003243882,0.5804687451431317,-0.2514164299754663,-0.4231673227233541,-0.37381078504216925,0.1817848844064587,0.08014550956277953,0.27723973074124025,-0.7141618485001154,-0.9764485187591988,-0.1160324762388081,-0.2195794560043267,0.4036685432126814,-1.1673966369857496,-0.659483471439911,-0.92093258733875,0.0630743589338998,-0.6304906283760501,-0.9262609062534592,0.0632773166171795
RO_021,44.61,25.346,False,0.0796013982583411,-0.1156993188398606,-0.5036237684592251,0.3845243676622634,0.3363119625338547,0.6856714253803476,-0.368990133319528,-0.3978141173458898,-0.3693510401876714,0.0095895507047024,-0.6343769928459315,-0.0152693472627153,0.683206579677131,-0.4318904784031185,-0.2978686536913578,-0.7358486864319136,-0.2928463095861321,-0.3833373550901763,-0.3328019740586255,1.182243782084903,1.0458115478414072,-1.6482427398708548,-0.8646157247300631,-0.6420043641948351,-0.6185677000086734,0.3265903151657773,1.059700718429516,-2.1348297086249266,0.7483061055255911,0.6139416778436977,-0.1086811477726256,1.4435427509464491,-0.3102019451720602,-1.5046126540714329,-0.4360062373960579,-0.7098622535055418,-0.5468846419569181,-0.7783453774757525,-0.4071103740646977,-0.6982208754395988,-0.2449265049874135,0.1387042955002046,0.8578589854934952,-2.28683102021023,1.2470809376909766,-1.9431733369500124,0.6484546679395027,2.220982488405584,0.530732660213613,-0.1324874604665438,-0.5924454243997962,-0.021800455532792924,-0.3479934084560757,-0.32491674905653495,-0.2760036354593133,-0.7013865931508044,0.8916641311706662,-0.3725761319878824,0.0352754463558713,0.1812445641625054,-1.0301158942837303,-0.7842709145087319,-0.2380681906552548,1.2901449008715882,-1.0418981315249758,-0.2185740505840888,-0.8312243536705798
RO_022,44.531,25.493,False,0.466314207050283,-1.263273464530259,-0.9186337784442488,1.3119118544400843,0.3363119625338547,-0.7984540178747652,-0.3487389952396807,-0.5476947883177566,-0.4486697783714765,0.2958099359693821,-0.6343769928459315,-0.2774873971693448,-0.4634768456203931,-0.2905472597640714,-0.441088210684752,-0.5621667538255568,-0.2364536390256867,-0.3263896626195953,-0.2743189707740223,0.2148620666053762,0.9835119225569308,-1.6482427398708548,0.1465484660912321,-0.6420043641948351,-0.6185677000086734,-0.102265679400319,-0.2230506470034295,-0.2449465300116311,0.1380975089930473,0.2808307328325991,-0.1668965985417403,0.5671792085278956,-0.3102019451720602,-1.5046126540714329,0.2329754083595539,0.2322185046351462,-0.5468846419569181,-0.7783453774757525,-0.4071103740646977,-0.6982208754395988,-0.2449265049874135,0.1313461598440212,1.0847131871100133,0.2939565253401415,-0.4771005946778006,-0.8521884134585092,-0.3519684340755807,0.7145406295547224,0.0315012626444149,0.1123663002871201,-0.1612803914103651,0.07335364981887335,-0.5382485315607886,0.07685500771609305,-0.4290667099840032,-0.6754564560012338,-0.7792191793342901,-0.6026527177722203,-0.6007863319757261,1.2797121869699275,-1.0054468549211462,-0.819764065184528,0.1767404600572947,0.6566711012266532,-0.9525202404797593,-0.128977066933117,0.0527110749613837
RO_023,45.089,23.205,False,0.466314207050283,0.8312118137116683,0.1490883166022818,-0.5762400733973247,-0.0133393259013861,-0.6048724383197505,-0.2995576599029086,-0.3912975664340694,-0.2609487646698046,-0.9345105260638666,0.6959953950909463,-0.237146158722171,-0.735164904575904,-0.2187170994720966,-0.7387163525616497,-0.4546493669740031,-0.5493026110237552,-0.6423177233059042,-0.7052538119266243,0.4729053813584913,1.1080970824902228,-1.6482427398708548,-0.8646157247300631,-0.6420043641948351,-0.6185677000086734,-0.0072540674775347,0.3793230444245701,0.0359028699771022,-0.2711669057950333,0.2936766666611741,-0.1946182417651282,1.1514215701402646,-0.3025958419920059,-1.1304265901884734,-0.400796677093131,-0.4743420639703698,-0.5468846419569181,-0.7783453774757525,-0.4071103740646977,-0.6982208754395988,-0.2449265049874135,-0.3910814717449992,-0.8577033251911665,0.2939565253401415,-0.7254394985169249,-0.3846234462478649,0.2386729829383334,1.1957651122431925,-0.0149549568183452,-1.048940107858829,-1.3462271031454596,-0.28558759618940077,-0.16147814668134466,-0.22538698294184759,0.2663891055486905,-0.6966825262586164,-1.3974364893038551,1.1604408014141068,-0.7921428099316511,0.4663017112063626,0.5916044488565397,-0.8793749580412596,-0.4506153070409277,0.5684994533072707,-0.5395730500416829,-0.7563455404970965,0.5259188668005131
RO_024,45.077,23.25,True,-0.5004678149295717,0.781051351762576,0.2423128312647297,-0.605888192691704,-0.7439539584526347,-0.6509632905947538,-0.2908786007258312,-0.3196155064040461,-0.2979641758222469,-0.5286756514348437,-0.1778766636519048,-0.2774873971693448,-0.7032016035223145,-0.3832313375601678,-0.1501734855419199,-0.2313440250515456,-0.4448381387311825,-0.5368251019581988,-0.5635757929251349,-0.1070229545137397,0.3859155396829423,-1.6482427398708548,-0.8646157247300631,-0.6420043641948351,-0.6185677000086734,-0.0426056599986223,0.9306286664898518,-1.849471414585636,-0.4116726029757748,0.028855109754841,-0.2188746795855926,-0.0170631530844733,-0.3025958419920059,-1.1304265901884734,-0.400796677093131,-0.4743420639703698,-0.3591808514536615,-0.1897732545788937,-0.4071103740646977,-0.6982208754395988,-0.2449265049874135,-0.3175001151831653,-0.8428849147828651,1.5843502981153277,0.5819645691479307,-1.199864927538219,0.0647226697388377,0.024088110914744,-0.0029629487055091,-0.580220051558958,-0.9693362637726278,-0.28558759618940077,-0.16147814668134466,0.2524497095817898,0.18092311732992702,0.08095750026262338,-1.2778829217806924,0.51108994898034,-0.6502066951712735,0.6586101357371971,-0.0330475439452624,-0.1627459200902998,-2.034103448864976,-0.594949937585642,-0.0220413958146941,-0.0787188756572161,0.4197913182910792
RO_025,45.075,26.719,False,-1.0805370281174844,1.115547620344373,1.0752151349663976,-1.324879833653237,-1.667659601035285,0.3722536299103244,-0.2619484034689064,-0.1306355299612574,0.3471615614060337,0.7101887026958581,-0.6343769928459315,0.7310435640099994,-0.0958988835041136,-0.2395710169762184,0.6845279950602061,1.3069816637476084,-0.3940467717478416,-0.3173559897724229,-0.4174688766925062,0.5376987775880149,-1.342740262241462,-1.6482427398708548,0.9561872424044148,1.3863042520001925,-0.6185677000086734,0.4737498512492978,0.54866474052815,0.8954913535955596,1.049390625703055,-1.530735667763148,-0.4579738523873133,-1.185547876309211,-0.3102019451720602,-1.5046126540714329,-0.1543297549726424,0.2322185046351462,0.2039305200561082,0.9873709912148236,-0.2447215202905219,-0.1720966946506053,-0.2449265049874135,0.6243412488083081,1.3752986009703647,-0.9964372474350444,-0.9105368181485703,0.4665845709817695,0.2701829698339208,1.5305299697656058,-0.0588231574362412,0.1683328741736718,-0.5609647981464089,0.17119402812583037,-1.395961460697767,-0.43680484892306837,-0.6182831441928054,-0.7654609358717676,-0.31411198643780214,-0.2278865604206062,-0.1708465982018316,0.4003408018045886,-0.6357711770110398,-0.7625274231092684,-0.92381979851788,1.9148182657906008,-0.6582729202122928,-0.128977066933117,0.944913023520708
RO_026,44.809,25.475,False,0.466314207050283,0.7154048930596315,0.8575317503855793,-0.9555225318126492,-0.4464894294853407,-0.5772179269547486,-0.2850925612744462,-0.2479334463740228,-0.1472585732730174,-0.5329475974835703,0.2003664662517174,-0.1564636818278235,-0.7032016035223145,-0.2743275461497546,-0.3403869596737717,-0.9012600508189188,-0.4811512236576677,-0.5734955836449103,-0.6279866129829015,0.3347475271354834,-1.342740262241462,-1.6482427398708548,0.6497867039929828,-0.6420043641948351,-0.6185677000086734,0.1368865884465503,-1.460614542140212,-0.5617046728725916,-1.7416134286845453,-0.0213071368186406,-0.4579738523873133,-1.185547876309211,-0.3102019451720602,-1.5046126540714329,-0.3303775564872771,-0.0033016849000257,-0.5468846419569181,-0.7783453774757525,-0.4071103740646977,-0.6982208754395988,-0.2449265049874135,-0.4278721500259161,-0.93492772414825,-0.9964372474350444,1.1317036084539176,-0.6124115071966403,-0.4502188510464003,0.4216213792226104,0.2981568874867831,-0.2024456778247335,-0.286485616332065,-0.3397342688541835,-0.11410628754272618,0.4956593012786751,0.049699811809815836,0.39045209077287013,0.02633155077933859,0.1183209686450253,-0.1488125832319498,0.1511329391623705,-0.2368002058897391,-0.6803976821269642,-0.300796494082124,0.1220019914583676,-0.9342339872089718,-0.940182736041732,0.4528700165010895
RO_027,45.051,23.136,True,0.466314207050283,1.3995144900517662,0.2332394863758081,-0.9590116062986792,0.0023167019389977,-0.4665998814947394,-0.253269344291829,-0.0980527754021559,0.003447029276212,-0.1442005070494536,-0.1126623309099009,0.085583748855219,-0.7511465551026987,0.006041789183437,0.0803204889943239,-0.1982617521741445,-0.4603411402663884,-0.5524806854768324,-0.5738584574762463,0.3436426399203123,-1.342740262241462,-1.6482427398708548,0.9054935377533953,1.3863042520001925,-0.6185677000086734,0.0445590463673865,-0.4455995692091402,-0.9658443698026794,0.6275590330986738,-0.9572218971584728,-0.4579738523873133,-1.185547876309211,-0.3102019451720602,-1.5046126540714329,2.028662983808828,1.1742992627758344,0.2039305200561082,0.9873709912148236,-0.4071103740646977,-0.6982208754395988,-0.2449265049874135,-0.4867372352753832,-0.987816197068936,0.2939565253401415,-0.0991935670965245,-0.8042330322061353,0.6145909229866545,0.3797757720323086,0.0683869371709693,0.5950780000586291,1.6469827201417977,-0.33120390852636794,-0.11850913673298577,0.6607530936408761,0.04499017874751764,-0.06686573863715635,-0.7636254560276218,1.5583768569873666,-1.1824222516324712,0.8037516991915344,0.6584179092224777,-0.3379640961940904,-0.395398862788078,1.1222926385378695,-0.8260567667709795,-0.7563455404970965,-0.3166671375272236
RO_028,44.113,25.641,False,0.466314207050283,1.259491148600389,0.234654909268825,-0.8786599847464969,0.3363119625338547,-0.9275084042447752,-0.053650983219048,-0.058953469931234,0.1356449262492203,-0.0972091005134614,0.4220951975745303,0.2267780834203272,-0.2637062140354586,-0.2835959539293641,0.5055035488184633,0.1821843859159687,1.695439123662703,1.6245169683723937,1.528316155596344,0.4233776990873498,-1.342740262241462,-1.6482427398708548,1.702073464481364,-0.6420043641948351,-0.6185677000086734,0.0475970199789261,-0.772427094298171,1.0221538191130033,0.7757808845105063,0.3059907207462204,-0.4579738523873133,-1.185547876309211,-0.3102019451720602,-1.5046126540714329,0.1273467274507731,0.9387790732406625,-0.5468846419569181,-0.7783453774757525,-0.4071103740646977,-0.6982208754395988,-0.2449265049874135,-0.2880675725584318,-0.8881834701773477,0.2939565253401415,-0.7235885253206085,0.8262499303745728,-0.4141532033948243,1.1957651122431925,-0.0018098710023518,0.6860236826242757,1.4557877267699593,0.25851532892988005,-0.8240185694164099,0.059448372031397,-0.6961767812133639,1.5379968299987727,0.5989522422971875,-0.2103594185856327,0.797171839739362,-1.0637576366579895,-0.0927040893997359,-0.5874761241938543,-0.4533398098643414,0.7051434924954434,-0.7223066253342804,-0.1778382590088841,1.024855781296867
RO_029,44.232,25.733,False,0.2729578026543121,-0.6075261702313499,1.2237362857283205,-0.4187275250481109,-0.7282979306122501,0.1325811980803053,-0.1433345947155148,-0.3912975664340694,-0.2212893955779021,1.039128548447803,-0.6343769928459315,0.0049012719608715,1.841876242869752,-0.4110365608989967,-0.3314357373616846,1.0588646171671,-0.1813003302002984,-0.0773597168601245,-0.1411289770033758,0.1099942289167025,-1.342740262241462,-1.6482427398708548,-0.8646157247300631,-0.6420043641948351,-0.6185677000086734,0.2592098515444084,0.672191161699814,2.8394492984602056,2.0198568731840303,0.4998581916393033,-0.4579738523873133,-1.185547876309211,-0.3025958419920059,-1.1304265901884734,-0.4360062373960579,-0.7098622535055418,-0.1714770609504049,-0.1897732545788937,-0.4071103740646977,-0.6982208754395988,-0.2449265049874135,-0.3322163864955321,-0.8615585213949523,0.2939565253401415,1.2569527947379977,2.6605432632778694,-0.371481847647065,1.969908845263774,-0.0569526091622304,1.168735382395785,1.6622049976466,0.2251631391101259,-0.7646571460668352,0.28984071984158194,-0.6678266370932555,-0.29545037860176665,-0.9154314518520352,0.7100368453737844,0.1039506349204492,-0.5977043088392328,-0.0776057170694479,-0.5117962024961455,-1.1986240224563536,0.6757615765563826,-0.7555426073389786,-0.3062238942274825,0.5479703975701076
RO_030,44.39,25.73,False,0.466314207050283,0.87091851405821,0.6592253396353391,-0.9207771650559314,-0.2064303359327872,0.058835834440301,-0.1606927130696697,-0.4564630755522724,-0.0970233724232743,1.1893600751433702,-0.164833797103504,0.0452425104080453,-0.210870877393875,-0.3160353811579979,0.057942433214106,0.9761589349735964,0.0674388570929613,-0.0195062282815757,0.0687770963486375,0.44492723996243,-1.342740262241462,0.8533163780885634,0.8242321797241876,-0.6420043641948351,1.2501166027383774,0.6923136679824891,-0.5888673341713213,1.3389203467014283,0.3310870483578465,0.9048020016166284,-0.4579738523873133,-1.185547876309211,-0.2797775324518432,-0.0078683985395949,0.5850710113888233,0.4677386941703182,-0.3591808514536615,-0.1897732545788937,0.4048338948061812,1.4062758477163753,-0.2449265049874135,1.36751295008283,2.03947662195383,1.5843502981153277,1.7832461735573095,1.4736475772816189,-0.3560685287559704,0.2856231558541298,-0.2255581933127885,-0.0275501344292593,-1.08115226031314,0.16559904609616122,-0.6738713430240337,-0.008936208848756073,-0.577835707304833,-0.5641928948775832,-0.8613038335615485,0.812075622223011,-0.7207379800200044,0.576589281338101,0.4288354691339063,-0.6153561014190495,-0.6014810651903177,0.5327986124341579,-0.7815282149018906,-0.128977066933117,0.9132149995811298
RO_031,44.008,25.767,False,-1.0805370281174844,0.965817821387773,0.846047442931083,-1.0935782380935493,-1.4902246188442676,0.4367808230953283,-0.2359112259376741,-0.1306355299612574,0.9817114668764736,1.1373833075685138,0.0177663345741066,0.4284842756561961,-0.0479539319237291,-0.3229866869927051,-0.0987039572474189,0.8107475705865905,-0.3402853846675342,-0.4312433299620135,-0.5839502861130144,0.6950220498921813,-1.342740262241462,-1.6482427398708548,1.4470590895500697,-0.6420043641948351,-0.6185677000086734,0.2634025475437833,-1.0701377781266737,0.7579152867042741,0.4468684647655522,0.4759323701359811,-0.4579738523873133,-1.185547876309211,-0.3102019451720602,-1.5046126540714329,-0.1191201946697154,0.7032588837054903,-0.5468846419569181,-0.7783453774757525,-0.3259159471776098,-0.1720966946506053,-0.2449265049874135,-0.4205140143697327,-1.027934332564581,0.2939565253401415,0.1457518858826862,0.370673808477022,-0.3770245682335177,0.8400774511256276,0.0796742866874315,0.0424080829289304,-0.992767413439706,0.2720389868535852,-0.8718351563840564,-1.3208549964707643,-0.6168979579980118,-0.7235204657908898,-0.4112543265664893,0.3881234496076738,-0.416317996168305,0.38427019096942,0.5918461998473651,-0.1647002657476733,-0.7495856405979533,0.5670525475978783,-0.7697224159411166,-0.3062238942274825,1.1819792472805113
RO_032,44.063,25.812,False,0.0796013982583411,0.7504028243502935,1.203476578528342,-1.1938502837039942,-1.52675535047183,0.6211442321953436,-0.2416972653890591,-0.1176024281376167,0.003447029276212,0.7742678934267562,-0.1778766636519048,0.3679724179854354,-0.3476098793011311,-0.3160353811579979,-0.0539478456869832,0.0746669990644151,-0.3769071817847285,-0.468225562213536,-0.5931691699397664,1.1861337399465746,-1.342740262241462,-1.6482427398708548,0.840115406269697,-0.6420043641948351,1.2696341585195547,0.7613730935059823,-0.0559928589423017,-0.2656531721015184,0.4464099364573755,-0.3877878097313338,-0.4579738523873133,-1.185547876309211,-0.3102019451720602,-1.5046126540714329,-0.0134915137609346,0.2322185046351462,-0.5468846419569181,-0.7783453774757525,-0.0011382396292582,0.8801516669273817,-0.2449265049874135,0.9628154889927438,1.4380660141632515,0.2939565253401415,0.034693494103699,-0.4086011368740517,-0.2010242076938271,0.5366967989959401,0.0699756220064305,1.280668530168888,1.7273180904289227,0.2785952874354582,-0.8840021051497865,-0.7472449206008389,-0.6126962265404713,-0.70444011025626,-0.8673238680124495,0.6390445811550407,-0.4022332038760466,0.2064807785470389,0.4301294006029355,-0.2578531543912478,0.0547421111455707,0.2365007432627283,-0.8494116736571382,-0.3062238942274825,1.2839717832567414
RO_033,44.061,25.81,True,-0.6938242193255426,1.1779368120124385,0.8552249677867009,-1.222436729993961,-2.1164657324596243,0.2247629026303139,-0.2706274626459839,-0.1762513863439995,0.637996934746652,0.9494176814245452,-0.1517909305551032,0.2469487026439141,-0.2876786898256507,-0.3160353811579979,-0.1210820130276367,0.3062429092062234,-0.439358109699799,-0.531291137971255,-0.707888977140926,0.6348561740985263,-1.342740262241462,-1.6482427398708548,-0.8646157247300631,-0.6420043641948351,-0.6185677000086734,0.3579461062247097,-0.0170941953476345,-0.2866417915723963,0.3766674941774795,-0.2195682878405485,-0.4579738523873133,-1.185547876309211,-0.3102019451720602,-1.5046126540714329,-0.4360062373960579,-0.7098622535055418,-0.5468846419569181,-0.7783453774757525,-0.4071103740646977,-0.6982208754395988,-0.2449265049874135,0.1975693807496717,-0.5572389710586141,0.2939565253401415,0.0134073023460597,-0.3846234462478649,-0.3266085892005779,0.1077793252953475,-0.0156980513381577,-0.8600529209917167,-1.5804589020282576,0.2785952874354582,-0.8840021051497865,-1.3076032402032145,-0.6125115350478322,-0.7738457287883695,-1.2069547360443311,0.0194352654215294,-0.0871313644069739,0.1202716180336073,-0.1468421152588051,-0.2777038819638478,-0.3390006668071507,0.4867685308025569,-0.822720242234103,-0.3062238942274825,1.2641985928673982
RO_034,44.469,26.065,True,-2.24067545449331,0.0592180033498333,1.1700646072109664,-0.7717575502196147,-0.1333688726776623,0.1141448571703053,-0.2416972653890591,-0.3196155064040461,1.0874697844548804,0.5692144830878818,-0.0735337312646987,0.1864368449731535,4.842431129275468,-0.1144475119514882,0.7964182739612954,1.0423234807283988,-0.250275890105712,-0.2992937648863322,-0.2004084754870085,0.4076285917090635,-1.342740262241462,-0.4544561986171285,0.0908658264321849,-0.6420043641948351,0.4988006928299944,-0.1188934555519081,-0.0247270786970914,-3.066561168433047,0.2319656732958205,0.2234811632405414,-0.4579738523873133,-1.185547876309211,-0.2493531197316262,-0.756240526305514,-0.365587116790204,-0.2388218744351977,-0.3591808514536615,-0.1897732545788937,-0.0823326665163461,0.3540274861383882,-0.2449265049874135,-0.9502997816149364,-0.9166155421802676,0.2939565253401415,1.3840529542183944,0.8262499303745728,5.843274627993236,1.3317633356116727,7.358246672327334,1.1477479171883276,1.2136658468768189,0.17332772815826114,-0.7656228055505628,0.22638041897808725,-0.6166209207590532,-0.2708406812815822,0.11005674292546723,-0.9344683068652234,0.939592966463182,-0.8255075190032833,-0.1982874776639314,-0.4617633582831749,-1.1981443619857453,1.1908390090172294,-0.4069497563555337,-0.228265644950595,0.4965160079086096
RO_035,44.469,26.065,True,-2.24067545449331,0.8112366102551289,0.9171618125926596,-1.0487056070288316,-0.31080385486868,-0.3191091542147289,-0.2330182062119816,-0.3326486082276867,2.620965389341777,1.3125330955663028,0.0829806673161104,0.0452425104080453,0.3515873312461398,-0.1607895508495364,0.1922107678954132,0.6866890472963366,-0.219480289988532,-0.309249260302105,-0.3514416850351015,0.4367974069968395,-1.342740262241462,-1.6482427398708548,0.0767515829366339,-0.6420043641948351,-0.6185677000086734,-0.1320233212134363,1.5865964549687583,0.2688174047877888,-0.0332995786938171,0.4845912706361411,-0.4579738523873133,-1.185547876309211,-0.3102019451720602,-1.5046126540714329,-0.1895393152755693,-0.2388218744351977,-0.3591808514536615,-0.1897732545788937,-0.4071103740646977,-0.6982208754395988,-0.2449265049874135,-0.0673235028729302,-0.02377619635976,0.2939565253401415,-0.2932372571770328,0.6344284053650777,0.0509797597916056,0.9028458619110802,1.2125603180650113,-0.3983286864276647,-1.2415839075234405,0.17332772815826114,-0.7656228055505628,0.22638041897808725,-0.6166209207590532,-0.2708406812815822,0.11005674292546723,-0.9344683068652234,0.939592966463182,-0.8255075190032833,-0.1982874776639314,-0.4617633582831749,-1.1981443619857453,1.1908390090172294,-0.4069497563555337,-0.228265644950595,0.4965160079086096
RO_036,44.469,26.066,True,-0.5004678149295717,0.5400455377738433,0.8201221875369269,-0.8302001322864417,-0.796140717920581,-0.1163094042047139,-0.2561623640175214,-0.2805162009331243,2.1450529602389468,1.620113211074615,0.0438520676709082,0.2066074641967404,0.3915414575631267,-0.209448691692487,0.2145888236756311,0.537818819348031,-0.2596436641816294,-0.3498079261606016,-0.4550847130210184,1.159995931142155,-1.342740262241462,-0.4996570815392762,0.0127990032181508,-0.6420043641948351,-0.6185677000086734,-0.0814648072467203,-1.2879727503394636,0.492177201671676,0.8847816683057267,0.3706034981201441,-0.4579738523873133,-1.185547876309211,-0.2873836356318974,-0.756240526305514,-0.3303775564872771,-0.2388218744351977,-0.3591808514536615,-0.1897732545788937,-0.2447215202905219,-0.1720966946506053,-0.2449265049874135,-0.6780487623361512,-0.6533779263905215,-2.28683102021023,-0.0834602949278346,-0.0489357774812484,-0.5449006670916955,1.0911510942674378,-0.0459727470332769,0.1823245176453098,-0.8377552158122673,0.17332772815826114,-0.7656228055505628,0.5032519404148946,-0.6130194366525897,0.39396776181861076,0.30236345529054104,-0.8286453246203933,1.0279081479544971,-1.02414639897593,-0.0207253414560763,-0.2116254610577886,-0.1728257453041733,0.1372652016859669,-0.1815484097388276,-0.228265644950595,0.6876354669907438
RO_037,44.431,26.089,True,-3.207457476473165,0.0198531016116392,1.1166603289929118,-0.7152609859551792,0.3363119625338547,0.0035268117102973,-0.2503763245661364,-0.2153506918149212,0.1092053468546187,1.889245812144388,-0.0213622650710956,0.0250718911844584,1.9217844955037255,0.1056771728142408,0.3041010467965025,0.9182649574381442,-0.4167423623419885,-0.3957623378324423,-0.3768880812162291,-0.9415553203598466,-1.342740262241462,-1.6482427398708548,-0.8646157247300631,-0.6420043641948351,-0.6185677000086734,-0.0849677514261965,-2.284830131184149,-1.0613176807159028,0.9238808472396274,-0.4981667339535532,-0.4579738523873133,-1.185547876309211,-0.3102019451720602,-1.5046126540714329,-0.4360062373960579,-0.7098622535055418,-0.3591808514536615,-0.1897732545788937,-0.4071103740646977,-0.6982208754395988,-0.2449265049874135,-0.6191836770866841,-0.6018146771648869,1.5843502981153277,0.04980977520695,-0.9241214853370696,-0.3384533071661481,0.2228547450686772,-0.3894617828293607,0.9308774433779397,0.6412763335810526,0.17332772815826114,-0.7656228055505628,-0.6197538761492584,-0.6779384963152486,-0.5420920332332325,-0.5858241793071612,0.8363998789979239,-0.2583263774369168,-0.132752649798037,0.7918427444974286,-0.1029451765125662,-0.8736603236906184,1.080274972738991,-0.4414047913167386,-0.1778382590088841,0.483651797093902
RO_038,44.456,26.082,True,-0.6938242193255426,0.3543794601249684,1.1706797553888162,-0.9434023476331312,-2.622677299298704,1.4876522549654094,-0.241697265389059,-0.1501851826967182,-0.0229925501183896,-0.14847245309818,0.2264521993485188,0.3478017987618486,-0.4035456561449128,-0.1445698372352195,0.2145888236756311,0.5460893875673818,-0.5159543997213146,-0.6086412958052814,-0.6370437739735918,-0.6790837313310121,-1.342740262241462,-1.6482427398708548,0.6497867039929828,-0.6420043641948351,-0.6185677000086734,-0.9528358863749584,-1.3196596302608132,-0.4252771732352971,0.788364609756642,-0.177520702453292,-0.4579738523873133,-1.185547876309211,-0.3102019451720602,-1.5046126540714329,-0.3303775564872771,-0.0033016849000257,-0.3591808514536615,-0.1897732545788937,-0.4071103740646977,-0.6982208754395988,-0.2449265049874135,-1.4800855488601403,-1.5824802115028889,-0.9964372474350444,1.6185095590851453,0.3826626537901154,0.0258476979544021,1.237610719433494,-0.1319795317143329,1.4205849648852675,2.872734699324321,0.17332772815826114,-0.7656228055505628,-1.1199168371830113,-0.6136658568768268,-0.2449435551277463,1.518766083804008,-0.3475707249858225,0.3826567578298264,-0.3558429630336728,1.198885025469585,-0.4721607962572437,-0.8245778903971972,1.0024367655946698,-0.2613658599981487,-0.228265644950595,1.010152073510535
RO_039,44.484,26.084,True,-3.207457476473165,0.1660960395109473,1.0616820103863107,-0.765464891059725,0.1275649246620691,0.1786720503553093,-0.2388042456633665,-0.2153506918149212,0.0563261880654153,1.0733041168376154,-0.164833797103504,0.2267780834203272,0.799073545996393,-0.1677408566842436,0.2145888236756311,0.8190181388059414,-0.3481584145972132,-0.4939756691754886,-0.4945841763800642,-0.5777206760502188,-1.342740262241462,-1.6482427398708548,1.3535974636278223,-0.6420043641948351,-0.6185677000086734,-0.3595545532041181,-0.9009482736455136,0.4716093650956846,0.9020005895920578,0.3140207503642923,-0.4579738523873133,-1.185547876309211,-0.3102019451720602,-1.5046126540714329,0.8667474938122389,0.9387790732406625,-0.5468846419569181,-0.7783453774757525,-0.4071103740646977,-0.6982208754395988,-0.2449265049874135,-0.2439187586213314,-0.4888092384414169,0.2939565253401415,0.1037964934328466,0.6224395600519843,-0.360776044870492,1.3003791302189465,-0.0892259728761556,0.2033119828527667,0.0030564474111148,0.17332772815826114,-0.7656228055505628,0.5754780057530119,-0.6280256204295201,1.360711277405815,0.5025921722570534,0.3609821982795005,-0.1973418257575795,0.0724942780803727,1.0256526954359255,-0.3337816369488903,-0.6251588929899331,1.012680606016174,-0.5353381068809433,-1.2873439333958654,0.617803633308235
RO_040,44.398,26.158,False,-0.1137550061376297,-0.4263924821667734,1.1442648274261558,-0.4737394965333093,-1.1092612747282595,-0.2545819610297237,-0.253269344291829,-0.2609665481976634,0.2942824026168303,0.5307669686493429,-0.1387480640067025,0.3074605603146748,0.3076377922974542,0.2562887992328975,1.7139185609502274,1.224275981554105,-0.667745299781622,-0.6725968591647323,-0.856347359358158,0.4376340225810758,-1.342740262241462,-1.6482427398708548,0.9717511125952184,-0.6420043641948351,-0.6185677000086734,-1.115495787600979,1.8159764606410445,1.3994130183100322,1.129784837788811,-0.5869443925118994,-0.4579738523873133,-1.185547876309211,-0.3102019451720602,-1.5046126540714329,-0.2599584358814232,0.2322185046351462,-0.1714770609504049,-0.1897732545788937,-0.4071103740646977,-0.6982208754395988,-0.2449265049874135,-0.0378909602481966,-0.4585700432179724,0.2939565253401415,0.1451348948172474,0.2987407365984613,-1.0127670267317186,-0.2583697376197925,-0.4127155165096998,1.6444512604314745,1.820086315641436,0.22777577013943054,-0.8195131079904624,-0.3742835711393104,-0.733022733994873,-0.31403556920037673,0.8328722781423412,2.0960210953875227,-0.6560799395026743,-0.3220176617033696,1.845856605431252,-0.2116254610577886,-0.1728257453041733,0.1372652016859669,-0.1450401524432979,-0.2729387158827897,0.8171948700262998
RO_041,44.393,26.133,False,0.2729578026543121,-0.4719942206550783,1.6745172541549862,-0.7814564824540301,-0.1333688726776623,0.012744982165297,-0.2069810286807493,-0.2349003445503822,0.479359458379042,1.837982459559669,-0.1517909305551032,0.1662662257495666,1.3664221396976073,0.061652235861095,1.1992232780052168,0.9844295031929466,-0.4473137226042529,-0.4764970662773671,-0.5316436375790289,0.4045258752563894,-1.342740262241462,-0.2113035874928512,-0.8646157247300631,-0.6420043641948351,-0.6185677000086734,0.6187274354047563,-0.6752698000743794,1.3681075911656453,1.211378204105351,-0.1348947591205189,-0.4579738523873133,-1.185547876309211,-0.2569592229116805,-0.3820544624225545,-0.4360062373960579,-0.7098622535055418,-0.5468846419569181,-0.7783453774757525,-0.4071103740646977,-0.6982208754395988,-0.2449265049874135,0.5507598922464743,1.3997550018881306,1.5843502981153277,-1.220883324064296,0.2747630459722744,0.6347117579922705,1.844372023692869,-0.1279437597532823,0.6720320391526378,-0.1030213083946028,0.22777577013943054,-0.8195131079904624,0.12274805434769269,-0.7132145714093249,-0.5236718976132957,0.029410979275599866,0.7626600840609654,-0.2849306111509865,-0.0467806638367173,1.2490406317250402,-0.2116254610577886,-0.1728257453041733,0.1372652016859669,-0.258286179471057,-0.1778382590088841,1.0257748287548698
RO_042,44.397,26.022,False,-0.6938242193255426,-0.2507691834430132,1.700532632605957,-0.9262099953946336,-0.6917671989846889,0.3353809480903225,-0.3024506796286011,-0.1567017336085385,-0.0494321295129912,0.1505637703126789,0.0829806673161104,0.3679724179854354,-0.0958988835041136,-0.3021327694885835,0.4831254930382453,1.1415702993606025,-0.551472606312954,-0.5043305516692259,-0.6851217033593192,0.4451825154358824,-1.342740262241462,-1.6482427398708548,1.2852177653849948,0.3341909525606973,-0.6185677000086734,-0.482147543355572,-0.5856294971728349,0.8695149838379317,0.879228555097971,-1.3690261347532966,-0.4579738523873133,-1.185547876309211,-0.3102019451720602,-1.5046126540714329,-0.1543297549726424,0.4677386941703182,0.3916343105593647,0.398798868317965,-0.4071103740646977,-0.6982208754395988,-0.2449265049874135,-1.1195369017071544,-1.4071892591120052,0.2939565253401415,0.7806356922192301,-0.252746147803837,-0.2570588349924861,0.8923844601135047,-0.0625642539842627,-0.4612910820500354,2.641053229656986,0.2137321181161368,-0.7874422625218466,-0.6019260887585249,-0.6284873491611181,-0.7776750042935894,-1.6484053518846442,-0.4587892937576719,-0.1384525108023501,0.4958606773980853,-0.3010496026379591,-0.8088082427369239,-0.617895328647758,0.8936906364897709,-0.4809930350881508,-0.3062238942274825,1.2954570723705403
RO_043,44.457,26.111,False,-0.3071114105336007,0.4164880028588193,0.92066070084155,-0.821871595250547,-0.1855556321456087,0.4459989935503311,-0.2156600878578267,-0.7627409684078266,0.162084505643822,0.5478547528442491,-0.2039623967487063,0.085583748855219,0.9469038133692448,0.3258018575799698,0.6845279950602061,0.7280418883930879,-0.393121934715109,-0.4430017837781518,-0.4256846719362904,0.2851968120107222,-1.342740262241462,-1.6482427398708548,0.0127990032181508,-0.6420043641948351,0.37573944424862,-0.2197932263661459,-1.0150646998530457,1.3872945426929306,-0.1694911827597237,-0.3029289741169892,-0.4579738523873133,-1.185547876309211,-0.3102019451720602,-1.5046126540714329,-0.3303775564872771,-0.2388218744351977,-0.1714770609504049,-0.1897732545788937,-0.0011382396292582,0.3540274861383882,-0.2449265049874135,-0.6706906266799678,-0.5792858743490139,-0.9964372474350444,-0.469079710827096,1.161937599141189,-0.007864191639913,-1.1789730958064304,-0.4244384731584659,0.1403495872303959,0.9314559796280986,0.18910690698977056,-0.8249876691628955,0.1310912148690158,-0.6364290833446011,0.6547711336202433,0.3593749345551509,-0.6431834043080181,0.2738934794387599,-0.008025499981807,0.5745328205976838,-0.2116254610577886,-0.1728257453041733,0.1372652016859669,-0.7507303388102059,-0.2729387158827897,0.0237379461165861
RO_044,44.464,26.134,True,-0.5004678149295717,-0.3154783636457674,1.0842115871020237,-0.5002467707535666,-0.5352069205808491,0.0403994935302992,-0.2966646401772161,-0.2935493027567649,1.0874697844548804,1.4193317467844668,-0.0865765978130994,0.1864368449731535,2.5211683076858997,0.5297068287313819,1.3111135569063062,1.0588646171671,-0.4468513667062845,-0.5532390274899148,-0.6818169981867753,1.226240444197768,-1.342740262241462,-1.6482427398708548,0.2631825403655323,1.5011910335109906,-0.6185677000086734,1.984473767777429,-0.682817790224183,1.6158590518184877,0.8296520305193061,-0.0679943139234474,-0.4579738523873133,-1.185547876309211,-0.3102019451720602,-1.5046126540714329,1.1132144159327275,0.7032588837054903,0.0162267295528516,0.9873709912148236,-0.4071103740646977,-0.6982208754395988,-0.2449265049874135,4.281334669931451,3.741425271043873,-0.9964372474350444,0.1044134844982854,1.857290627300609,0.3537034170270441,0.5890038079838172,-0.3163438444747076,-0.3633495777485698,1.6990253756948657,0.18910690698977056,-0.8249876691628955,0.1684517279363018,-0.6547597139890362,-0.43724911077997203,-1.1875388329785652,0.1213701837212701,0.2331449955278925,-0.4241526022012126,0.763045566885638,-0.4592206349291163,-0.6712611612940705,1.014095311598507,-0.1945732616561085,-0.1778382590088841,-0.3038036277403252
RO_045,44.483,26.156,True,-3.323471319110748,0.2744136260797968,1.060804599424465,-0.827759422541509,0.2632504992787292,0.0680540048953013,-0.2850925612744462,-0.3130989554922258,-0.0309244239367701,0.4795036160646238,-0.1257051974583017,-0.0556105857098891,-0.4395043698302009,0.163604721436801,-0.1770271524781814,-0.5621667538255568,-0.2727971572531742,-0.3630908771346889,-0.4272193023367778,0.3065244041624108,-1.342740262241462,-1.6482427398708548,0.7721995050862144,1.3863042520001925,-0.6185677000086734,1.1162488439411768,-0.1962041541044841,-0.5664676809440296,-0.1486587295098133,0.1766225608454747,-0.4579738523873133,-1.185547876309211,-0.3102019451720602,-1.5046126540714329,0.1625562877537,0.2322185046351462,0.2039305200561082,0.9873709912148236,-0.4071103740646977,-0.6982208754395988,-0.2449265049874135,1.58457795194024,1.549685991750986,-0.3512403610474514,-0.0678812705255045,-0.6483780431359206,-0.5863951438108244,-0.2217548313282785,-0.2696313855223569,0.3887012588519694,1.6390129413434718,0.18910690698977056,-0.8249876691628955,0.4522536637577669,-0.5738186673399316,0.26832791205251844,-1.2772769664530306,-0.0248480418211213,-0.5785217773948479,0.8855757969503579,0.5354910794092238,-1.2551712185757609,-0.3402488812932472,1.559056561978886,-0.3425310146804619,-0.228265644950595,0.7335790770432711
RO_046,44.169,26.129,True,0.466314207050283,-1.153279162295447,-0.6127574645961213,1.0553220675111483,0.1275649246620691,-0.4389453701297379,0.0273535691003412,-0.554211339229577,-0.5650039277077238,-0.9003349576740544,-0.6343769928459315,-0.4590229701816268,-0.3516052919328298,-0.5940876145462872,-1.0408201055945907,1.1167585947025511,-0.5514377495576669,-0.5995004363739201,-0.7137551463694976,0.8282705876979726,-1.342740262241462,-1.6482427398708548,1.1510798329958098,-0.6420043641948351,0.37573944424862,0.3860106581973098,0.9849090954391212,0.5304499159905007,-0.2556686100474021,-0.2639581152753785,-0.4579738523873133,-1.185547876309211,-0.3025958419920059,-1.1304265901884734,2.7680637501702936,0.9387790732406625,-0.3591808514536615,-0.1897732545788937,-0.0011382396292582,0.3540274861383882,-0.2449265049874135,0.1754949737811215,1.5796239997710098,-0.9964372474350444,4.698837453288445,1.161937599141189,0.1607711840109294,0.5890038079838172,0.1528306609655232,-1.279802225140855,-0.249266749343883,0.2698239715387533,-0.8176417310923426,1.0854584487286703,-0.7551857131115703,0.4868441983180593,0.4888872461590164,-0.2603895655664967,0.9287772370733244,-1.2300863256344157,-0.0609010993821561,-0.6623841990107162,-1.1263750856950572,0.7600034089689778,-0.689840563461355,-0.2250497662153519,0.6922307042807582
RO_047,44.68,25.313,True,-0.3071114105336007,-1.2344452658194294,-0.0208910632672875,0.7294096887327782,0.3363119625338547,1.8563790731654397,-0.1491206341668997,-0.4434299737286318,-0.1816300264859996,-0.7550887920173514,0.2003664662517174,0.0452425104080453,-0.3635915298279258,-0.4805496192460691,-0.5171736003374929,1.3317933684056589,-0.8234303167828801,-0.8560668928101267,-0.8041070357149223,0.5894855925272163,-1.342740262241462,-1.6482427398708548,-0.8646157247300631,-0.6420043641948351,-0.6185677000086734,0.2176878733482403,1.673515344802587,0.0215934901280685,1.7561689123514337,2.1266555391524125,-0.4579738523873133,-1.185547876309211,-0.3025958419920059,-1.1304265901884734,-0.4360062373960579,-0.7098622535055418,-0.5468846419569181,-0.7783453774757525,-0.4071103740646977,-0.6982208754395988,-0.2449265049874135,0.0467275997979122,-0.4285717977572645,0.2939565253401415,1.9001659804579656,-0.1208688493598091,-0.1931277290501136,0.1496249324856492,-0.4353927113384603,-1.8884387161571052,-2.093314167700529,-0.021800455532792924,-0.3479934084560757,0.639552607208416,-0.16888256972861015,-0.6064634749158074,0.7064150757573724,0.4808900408896049,-0.4423033441464478,0.3653658354264153,-0.3378579655018511,-0.2116254610577886,-0.1728257453041733,0.1372652016859669,-0.7772293284438968,-0.1731473479625974,-0.3387228744636739
RO_048,44.67,26.036,False,0.2729578026543121,-0.3853008057267623,0.1711101417126851,0.1157202541343519,0.3363119625338547,0.2524174139953161,0.0215675296489563,-0.4564630755522724,-0.0732277509681327,0.4752316700158973,-0.164833797103504,-0.1161224433806497,1.606146897599529,-0.3090840753232907,0.4831254930382453,0.7197713201737379,0.2479022792740094,0.1627333316899531,0.2009729188314973,0.2894184630964739,-1.342740262241462,1.312491900355977,-0.8646157247300631,-0.6420043641948351,-0.6185677000086734,0.1842389924370641,0.3977531195283578,-0.7342861439024883,1.5305895976761392,0.6529961270658241,-0.4579738523873133,-1.185547876309211,-0.1504737783909211,0.740503729226324,-0.4360062373960579,-0.7098622535055418,-0.5468846419569181,-0.7783453774757525,-0.3259159471776098,-0.1720966946506053,-0.2449265049874135,-0.3469326578078988,-0.5080852194603458,-0.9964372474350444,-0.5190559871276402,0.3826626537901154,0.3735964689948607,1.1957651122431925,-0.190158707825859,0.1823245176453098,-1.002012356845764,0.14833545283300295,-0.7251515025349522,0.7016489574432551,-0.5202581344745801,-0.3351626064705552,0.22204701518831596,-0.1154437196563335,-0.0231871926931993,0.1084836217737322,-0.3160903555611074,-0.6852301008993594,-0.9133103749061328,1.1183775230890878,-0.5278952906498128,-0.2630167099487201,0.7106088493295784
RO_049,44.255,26.589,True,-0.3071114105336007,-0.3208236223696716,1.0860570131811251,-0.4983083960391055,-2.346087474118588,0.9990892208503734,-0.1838368708752095,-0.3978141173458898,0.082765767460017,5.22721202429181,0.0047234680257059,-0.0152693472627153,7.310013952263107,-0.2720104442048521,0.7516621624008596,1.3483345048443596,-0.1788029423447148,-0.2681715624183693,-0.4567699362747766,0.8086714469460193,-1.342740262241462,-1.6482427398708548,1.7766563334515482,1.4159555478647123,-0.6185677000086734,0.8388185648043613,0.1674943267427159,1.9370616618617191,1.446606379589512,0.4891083826896125,-0.4579738523873133,-1.185547876309211,-0.3025958419920059,-1.1304265901884734,0.4794423304800425,1.4098194523110064,0.3916343105593647,0.9873709912148236,-0.2447215202905219,-0.1720966946506053,-0.2449265049874135,0.697922605370142,-0.0585934370752001,0.2939565253401415,0.3910058343946165,2.1690006054410382,0.777152084296179,2.011754452454076,0.1108201966471584,-0.4822785472574923,-0.6906330991951712,0.29226801324019647,-0.847015240671294,0.05792380285554235,-0.8433297279736013,-0.40486532396427666,-1.01604131561159,0.3631787391605082,-0.4109080747534078,0.3917216821048828,0.2941233829008989,-0.5320132302833847,-0.8126392039844672,1.2660648058531556,-0.6743133563850157,-1.2873439333958654,1.010152073510535
RO_050,44.355,25.876,True,-1.6606062413053977,-0.8626157058378662,1.1802506359686575,-0.2433152023517302,-0.4830201611129032,1.1004890958553792,-0.0999392988301277,-0.339165159139507,-0.1499025312124776,-0.3150783489985159,-0.1257051974583017,0.0049012719608715,-0.3316282287743363,-0.3206695850478028,-0.0091917341265474,1.0754057536058002,-0.4486218548237198,-0.540646057736536,-0.6763987507006264,-0.0168900945665609,-1.342740262241462,-0.7452698357325781,1.527201431941197,-0.6420043641948351,-0.6185677000086734,0.859217299122504,1.084603441589307,-1.7684659913673044,-0.12061155054854,0.9361733356482064,-0.4579738523873133,-1.185547876309211,-0.272171429271789,-0.756240526305514,-0.1191201946697154,0.7032588837054903,-0.5468846419569181,-0.7783453774757525,-0.3259159471776098,-0.1720966946506053,-0.2449265049874135,0.756787690619609,0.9898994554731574,0.2939565253401415,0.7272659650587724,0.1668634381544335,2.7728352061362256,-1.095281881425827,-0.3693854188199439,1.1897228476032415,0.2332236591067667,0.17512344571037936,-0.6820816421508695,-1.7258725258744028,-0.6157898090421771,-0.7031361759247411,0.15672036967154435,-0.3436027439101223,0.7051661547266794,-0.8424605875802742,-0.0343665273304393,-0.7215349830612549,-0.789253404765487,0.8126338166450207,-0.2804221863751043,-0.2729387158827897,0.5001918472267165
RO_051,44.604,25.873,True,0.2729578026543121,-0.4890322328375216,0.8014000404795397,-0.221314649342595,0.8738355850537016,0.141799368535305,0.0331396085517261,-0.4173637700813506,0.035174524549734,0.4666877779184444,-0.2039623967487063,0.0250718911844584,4.734554988219604,0.2470203914532878,0.8859304970821668,0.9348060938768452,0.3669684491237699,0.2829713618606699,0.6166982917621976,-0.0163820999090103,-1.342740262241462,-0.4996570815392762,-0.8646157247300631,2.062407124065202,-0.6185677000086734,0.7404818238496147,2.698740743244048,0.8801773212673153,0.1557371960176169,-0.7211489115140504,-0.4579738523873133,-1.185547876309211,-0.2873836356318974,-0.756240526305514,-0.4360062373960579,-0.7098622535055418,0.2039305200561082,1.5759431141116824,-0.4071103740646977,-0.6982208754395988,-0.2449265049874135,0.6905644697139586,0.6982297676804912,0.2939565253401415,-0.2741105341484294,0.5744841787996106,-0.1390672214123829,0.1287021288904983,-0.2040468881616649,-1.1188983252170186,-0.2988387734694701,0.07887354039883333,-0.6587772097387027,0.5138699010477236,-0.4903381126670389,0.7725213554057534,0.09198447993408185,-0.6451126555454357,0.0567492855961951,0.3191485145981957,-0.4097907849325732,-0.2116254610577886,-0.1728257453041733,0.1372652016859669,-0.6220852972494069,-0.128977066933117,1.002343675256557
SE_001,59.792,17.679,True,-0.8871806237215136,-1.8311932905427608,-1.6869263489305113,2.125620995559205,0.3363119625338547,0.6211442321953436,-0.2301251864862891,-0.7627409684078266,-0.7368611937726346,-1.0541250154282105,-0.6343769928459315,-0.6607291624174956,-0.7471511424710001,-0.3739629297805582,-1.1885152737440283,-1.447117553296038,-0.4714563552895775,-0.5637052974803813,-0.7235487261632486,-0.3333319327243424,-1.342740262241462,-0.4996570815392762,-0.8646157247300631,-0.6420043641948351,-0.6185677000086734,0.568672165152772,0.8123541421103246,-1.0380438574277926,-0.1046043867604057,0.1398587970160641,-0.4579738523873133,-1.185547876309211,-0.2873836356318974,-0.756240526305514,-0.4360062373960579,-0.7098622535055418,-0.3591808514536615,-0.1897732545788937,-0.4071103740646977,-0.6982208754395988,-0.2449265049874135,1.0952619308040448,2.202720086207883,-0.9964372474350444,-1.525676910391072,-1.5715191322441155,-0.0478021509340792,-0.3682144564943345,-0.3286689639240113,0.4901406740213445,0.0747446077020562,-1.1754797350325843,0.47387556628241023,0.30938883933911404,-0.7411953325441553,-0.6707854001047804,-0.19930067800068801,-2.000014255998324,2.1834672873867227,-2.027568214614136,-1.4205834100006272,4.628082462255007,-1.2730319015907516,-2.403951675784625,-2.3049292380263675,-0.267694197529803,-1.7183748710929825
SE_002,59.773,17.578,True,0.466314207050283,1.9107840291698577,-0.6027155478285783,-0.7288221209400056,0.0231914057261763,0.2431992435403139,0.0244605493746488,-0.4499465246404521,-0.3164718813984681,-0.3962453239243205,-0.1909195302003055,-0.1161224433806497,-0.6512612393102315,-0.1770092644638533,0.1474546563349775,-0.8847189143802185,-0.1527469399267403,-0.2418591144004826,-0.2608986631831783,-1.1215841865075054,-1.342740262241462,0.5050999869639101,0.9987759241500104,1.9519262815543303,2.341784273755027,0.878384198950889,-1.5001700039410486,-1.250736052638116,-0.7832128492890915,-0.166147988396047,-0.4579738523873133,-1.185547876309211,-0.0059578179698905,0.3663176653433644,0.0569276068449192,0.7032588837054903,0.5793381010626214,1.5759431141116824,0.8920004561287086,1.9324000285053688,-0.2449265049874135,1.2681781187243544,1.1733224623564016,-0.9964372474350444,-1.321607115497183,-1.5055804830221018,-1.2686433058597415,-0.1589864205428259,-0.292077964810486,0.010926885117745,0.6619579095627084,-1.1731289509706397,0.49231444526920737,0.4530274210990655,-0.8085615544842827,-0.2180395936040035,0.7569718134881931,-0.7185716727154943,1.1510192918192268,-1.2776739259459609,-0.3599203529892661,2.2940723757912385,-0.9283927184228018,-1.7239682926160067,-2.0661820227237486,0.6666637254952246,-1.0503807189581806
SE_003,59.808,17.601,False,0.466314207050283,1.445533826877877,-0.651565425800622,-0.4280907720077472,0.3519679903742387,0.7225441072003496,-0.0102556873336609,-0.554211339229577,-0.3138279234590079,-0.4090611620705001,-0.1126623309099009,-0.0152693472627153,-0.5713529866762578,-0.1283501236209026,0.3264791025767203,-0.4050259576579017,0.0622882806112186,-0.0247074972162344,0.1753912056244543,0.4682968320447255,-1.342740262241462,0.5493072831353439,0.0908658264321849,-0.6420043641948351,-0.6185677000086734,0.1174272383084316,-1.991129503801002,-2.347944078976476,-2.020010346871768,0.0162377448675375,-0.4579738523873133,-1.185547876309211,0.1613764519913027,0.3663176653433644,-0.365587116790204,-0.2388218744351977,-0.3591808514536615,-0.1897732545788937,-0.4071103740646977,-0.6982208754395988,-0.2449265049874135,0.0651229389383707,0.9365290830269984,0.2939565253401415,1.312173495094772,-0.876166104084696,-0.0622284099947096,-2.39249570432518,-0.4697928628159868,1.7214052995254832,2.956576772282709,-1.2061108430371525,0.41252661086690307,-0.22702569875251094,-0.9656878418470337,3.038132014666513,-0.32727074209836443,-1.256198488956375,1.371830991314422,-1.2735181787050514,-0.9120533115224898,2.482383231953642,-1.057353197988799,-1.8227022822136776,-2.0801052167776946,-0.267694197529803,-1.4918806724684015
SE_004,59.991,17.747,True,0.466314207050283,-0.5135034954328943,-0.0561848370301256,0.3333512752004869,0.9260223445216486,0.4920898458253326,-0.0102556873336609,-0.7627409684078266,-0.5412083062525823,-0.8704313353329683,-0.0083193985226948,-0.6607291624174956,-0.6792291277321224,0.033847012522266,-0.4992711557133185,-1.0253185741091737,0.013708417511046,-0.0737654878486559,-0.323110164967782,-0.7480521224268207,-1.342740262241462,0.1099018664692941,1.850682293617702,1.7817990787880962,-0.6185677000086734,0.53196731928778,0.7678220462266115,-0.6968645121045133,0.498575484232907,-0.0043756600989611,-0.4579738523873133,-1.185547876309211,-0.2493531197316262,-0.3820544624225545,0.6554901319946773,1.6453396418461783,0.5793381010626214,1.5759431141116824,-0.4071103740646977,-0.6982208754395988,-0.2449265049874135,0.5397226887621991,1.0137534819840817,-0.9964372474350444,-0.2401760255492944,-1.1818816595685788,0.495915960293153,-0.1903706259355522,-0.4158032023592655,0.602073821794448,1.216853758396149,-1.2222691789534823,0.3878223188496924,0.9608335594737624,-0.7251733455577095,-0.5129928404931352,-0.0783335524807223,-0.6852130709476496,1.1415075228892948,-1.284220504944135,-1.5620198480596157,2.9857582197709567,-0.606475177149006,-1.7760232980215511,-2.30486506526752,1.7674364031929153,-2.1405869207148536
SE_005,60.009,17.881,True,0.466314207050283,-0.7596359557351553,1.2839789601648866,-0.3684372901702027,0.8894916128940861,0.0403994935302992,-0.2301251864862891,-0.7627409684078266,-0.7368611937726346,-0.8319838208944295,-0.0996194643615002,-0.4388523509580398,-0.6392750014151355,-0.4249391725684112,-1.1079542729352445,-1.3561413028831852,-0.3418113458813626,-0.4327843098280758,-0.6580553259236824,0.8500340923136406,-1.342740262241462,-1.6482427398708548,1.762958540966119,0.5997205374243119,-0.6185677000086734,0.330695283341093,-2.1740102015843146,-2.436681709992386,1.2395405526337442,-2.03091556966375,-0.4579738523873133,-1.185547876309211,-0.3025958419920059,-1.1304265901884734,-0.1543297549726424,0.9387790732406625,0.0162267295528516,0.398798868317965,-0.4071103740646977,-0.6982208754395988,-0.2449265049874135,0.0467275997979122,0.1532014043702798,-0.9964372474350444,-0.6692933115619925,-2.1949390885249747,-0.4989264572958444,0.5785424061862419,-0.3220515791053363,-0.8740445644633547,0.6037386754409377,-1.231159538315129,0.3402912409081369,0.685837179701904,-0.8436067652125601,0.5134510608801901,1.3599115507568262,-1.9931029978148749,2.073697525032969,-1.8671001228543915,-1.956794414460207,3.652954916125628,-1.2025465791937742,-2.054412296525784,-2.2654695692342437,1.747393252005819,-2.2903615121735217
SE_006,60.126,17.961,True,0.466314207050283,2.262154784306529,0.2619521096608895,-1.4776237611527825,0.9260223445216486,-0.2453637905747231,0.117037180596808,-0.3912975664340694,-0.3905027037033527,-0.8405277129918826,-0.0474479981678971,-0.6607291624174956,-0.723178666680808,-0.2766446480946569,0.1250766005547596,-1.0914831198639758,0.7821607431675857,0.702250017089789,0.058456221920083,0.6916012447669198,-1.342740262241462,-0.2787462915668027,0.9717511125952184,-0.6420043641948351,-0.6185677000086734,1.5834050479608284,-2.1100762509575435,-2.0441125207328943,-0.3289766223712175,0.0561041023625256,-0.4579738523873133,-1.185547876309211,-0.2037165006513008,-0.3820544624225545,-0.2599584358814232,0.2322185046351462,-0.1714770609504049,-0.1897732545788937,-0.4071103740646977,-0.6982208754395988,-0.2449265049874135,2.769237792585765,1.4356565165358854,-1.6416341338226372,-0.949407255271216,-1.0500043611245509,0.0266069747470669,0.1653170351820123,-0.3031475107607961,0.5321156044362583,1.0598092671751371,-1.2270153985134598,0.3040525419557739,1.326936671239564,-0.8273077409871558,-0.10771684585879036,0.7275637273353484,-1.949139949200062,1.6948321312582502,-1.325805483987675,-1.9852398214160905,3.2903764137718112,-0.9379273026663416,-1.7743537914337906,-2.320648963379249,1.747393252005819,-1.817610790466061
SE_007,59.999,17.748,True,0.466314207050283,-0.653565977932688,-0.2798658563680273,0.5555859362134673,0.701619278809479,0.6073169765128423,-0.0507579634933556,-0.7627409684078266,-0.5808676753444848,-0.8234399287969763,-0.0865765978130994,-0.6607291624174956,-0.7391603172076028,-0.0982277983371714,-0.5283626282276018,-1.728316872753948,-0.0960810634700255,-0.1846355271157834,-0.5243217148601955,-0.4887243675703733,-1.342740262241462,0.1768296482746437,1.4014554617096808,-0.6420043641948351,1.3348424670949677,0.0241095907735893,0.0273786201046907,-1.7500703853927717,1.788571383774541,0.0594132347141872,-0.4579738523873133,-1.185547876309211,-0.2645653260917347,-0.3820544624225545,0.4090232098741886,0.9387790732406625,0.0162267295528516,-0.1897732545788937,0.5672227485803569,1.4062758477163753,-0.2449265049874135,0.43302972174754,-0.4099584285858614,-0.9964372474350444,0.1931059501551155,-1.2717979994167796,1.0667782168581503,1.0022291789880466,-0.373626182372667,-0.5487388537477725,-0.2419345528494232,-1.2222691789534823,0.3878223188496924,0.20494524938805608,-0.6731826903797908,0.6693289827392254,-1.1512939899766668,-1.8456462253495567,1.6167081841845885,-1.273137576701899,-1.9677596381580589,4.056307609967516,-0.5622438981838173,-2.1264663808463458,-2.312243708739804,1.7674364031929153,-2.200312036470568
SE_008,60.024,17.895,False,0.466314207050283,-2.1017970134403945,-2.3553550533321546,2.703886632250853,0.3363119625338547,1.9209062663504437,-0.0941532593787427,-0.7627409684078266,-0.5015489371606798,-1.0626689075256637,-0.2039623967487063,-0.6607291624174956,-0.735164904575904,-0.5825021048217752,-1.351875080939619,-1.099753688083326,-0.5738570870813364,-0.6671138668012644,-0.6823039286343547,-1.0322804116702855,-1.342740262241462,0.1611558176778521,-0.8646157247300631,-0.6420043641948351,-0.6185677000086734,0.4170158361287132,0.328616454421602,-0.5137233739653306,0.4026416205702846,-0.8260081314631167,-0.4579738523873133,-1.185547876309211,-0.241747016551572,-0.0078683985395949,-0.400796677093131,-0.4743420639703698,-0.5468846419569181,-0.7783453774757525,-0.4071103740646977,-0.6982208754395988,-0.2449265049874135,0.2821879407957806,-0.7153622528545143,-0.3512403610474514,-0.0996563103956036,-0.2227740345211034,0.905014296180924,0.813923946631689,-0.2307342310025169,-0.1709644800135482,0.6850304191838619,-1.231159538315129,0.3402912409081369,1.0056403251532384,-0.8165956344140853,-0.6535701658291584,-0.568958760454982,0.929484565187912,-0.1389984764666723,-0.3699948457762536,0.676285353350959,1.7289215587440856,-0.0482862931607388,-0.496738150048545,-2.091205268365543,1.747393252005819,-1.1845311531168952
SE_009,60.126,17.954,True,0.466314207050283,-0.3883301765941224,-0.8558130272089747,0.7646656856415047,0.8738355850537016,0.5473988685553369,-0.0883672199273578,-0.5476947883177566,-0.4407379045530959,-1.101116421964203,0.0568949342193089,-0.3783404932872792,-0.7911006814196857,-0.4596957017419474,-0.2486369309748786,-1.281706188909032,-0.3147538381891676,-0.4054604996278849,-0.468442508884894,-0.1066725878182999,-1.342740262241462,-0.0833118147348516,-0.8646157247300631,-0.6420043641948351,-0.6185677000086734,-1.08587118411516,0.5440793658681712,-1.0966372211095292,0.1412931696095634,0.6114234860898763,-0.4579738523873133,-1.185547876309211,-0.0744127465903787,0.740503729226324,-0.400796677093131,-0.4743420639703698,-0.5468846419569181,-0.7783453774757525,-0.3259159471776098,-0.1720966946506053,-0.2449265049874135,-0.920867238990203,-0.5538656743803017,-0.3512403610474514,0.3433432745894678,-0.4265844048436919,-0.3041339961377011,0.7563862367450241,-0.1755082150085214,0.6720320391526378,0.57273623591545,-1.2270153985134598,0.3040525419557739,0.619927228156535,-0.772916096404928,0.5010884429775624,0.2730779788277417,-1.949139949200062,1.6948321312582502,-1.325805483987675,-1.1846974902773568,3.2903764137718112,-0.9379273026663416,-1.7743537914337906,-2.2264589567796547,1.747393252005819,-1.5497655902246823
SE_010,59.747,17.513,False,0.466314207050283,0.550537069294221,-0.7266127530174635,0.1384961570292713,0.8216488255857558,0.8147258117503587,0.1199302003225005,-0.5607278901413973,-0.3058960496406274,-0.2125516438290785,-0.6343769928459315,-0.3581698740636924,-0.4594814329886943,-0.339206400607022,0.057942433214106,-0.8847189143802185,-0.0947510766548187,-0.1832924504466064,-0.0112772169885649,0.0192943166076809,-1.342740262241462,0.4133405506634249,-0.8646157247300631,1.4159555478647123,-0.6185677000086734,-1.0446248250797847,1.0107148392898246,-0.5125500762896645,-1.5369215449266664,-0.2681238724495061,-0.4579738523873133,-1.185547876309211,-0.1504737783909211,-0.0078683985395949,-0.4360062373960579,-0.7098622535055418,0.3916343105593647,0.9873709912148236,-0.2447215202905219,-0.1720966946506053,-0.2449265049874135,-1.3255647000802893,-0.6286805757100189,1.5843502981153277,1.5555764704103858,-0.8881549493977894,-1.3067590008515124,-1.6811203820900509,-0.4188012043874746,0.133353765494577,0.3929380262252177,-1.1731289509706397,0.49231444526920737,0.025696112511766227,-0.9361833758979307,-0.48767340676465576,1.5190538619194867,0.4279891716642964,0.4446960329038356,-0.9331426636705752,0.2147104788404069,0.2075826396793439,-0.4918762963794629,-0.2796420934021316,-2.0469975802906912,1.651470644765835,-0.3364235032491434
SE_011,59.766,17.587,True,0.466314207050283,-1.1058094897334594,-1.0198629059326567,1.2843455298080777,0.7851180939581933,0.5934897208303416,-0.0449719240419706,-0.7627409684078266,-0.5332764324342018,-0.7508168459686247,-0.2561338629423094,-0.6607291624174956,-0.671238302468725,-0.4759154153562642,-0.8416554091506518,-0.8929894825995687,-0.4378901904482083,-0.5298087713218227,-0.4375716297653103,-0.2877265255523441,-1.342740262241462,0.0322151339203997,-0.8646157247300631,-0.6420043641948351,2.460959970694399,0.0405619688116158,2.111349833325551,-2.0706069692136477,-0.880883327167879,1.268575049139627,-0.4579738523873133,-1.185547876309211,0.1613764519913027,-0.0078683985395949,-0.365587116790204,-0.4743420639703698,-0.3591808514536615,-0.1897732545788937,0.1612506141449175,1.9324000285053688,-0.2449265049874135,-0.9061509676778362,-1.5651318285858529,0.2939565253401415,-0.239867530016575,-1.0200322478418171,-0.3017043104011739,-0.8651310418791675,-0.3510771072887018,-0.6291908037096907,-1.3566675133712665,-1.1731289509706397,0.49231444526920737,0.7474435417104778,-0.8988756943848237,0.2659676258574906,-1.066434911523425,1.0661048669850757,-0.0068005568072864,-0.6537358845658473,0.1254851567567933,0.4731129633022036,0.70070462895692,-0.3117302200197174,-1.7749502102245265,-0.2770241696441443,-1.5543599512299353
SE_012,59.779,17.581,True,0.466314207050283,1.4518388664705466,-0.9822619735616168,-0.2233373999291673,0.6129017877139702,-0.8261085292397676,0.299297423315434,-0.2935493027567649,0.1356449262492203,0.2317307452384836,-0.0735337312646987,-0.1161224433806497,-0.5154172098324761,-0.2024973858577798,0.527881604598681,-0.7110369817738625,0.4687279528720211,0.3857323921119845,0.8691050949294172,0.390644761714387,-1.342740262241462,0.4888190728657833,1.650395286545831,1.0504557854676515,1.2696341585195547,-2.8300676313718878,1.0353343647007898,-0.3509449722558964,-0.6538082028075524,1.1606177261555368,-0.4579738523873133,-1.185547876309211,0.0624971106505975,-0.0078683985395949,0.4794423304800425,1.1742992627758344,0.5793381010626214,0.9873709912148236,0.8108060292416207,0.8801516669273817,-0.2449265049874135,-1.759694703795109,-0.4565219702347112,0.2939565253401415,-1.8967970362525213,-0.6004226618835468,-0.9590102298110538,-1.2522029083894584,-0.4097303264559704,1.3646183909987155,0.5258739365812937,-1.1731289509706397,0.49231444526920737,0.3835109587027559,-0.9003993991990966,-0.7046216707328006,1.5792501532156034,-0.5725393584727234,0.9854566999098464,-1.1203022953210071,-0.7065394998728293,2.3603088992725185,-1.1752548389268782,-1.6200738826556649,-2.0034956395887646,1.651470644765835,-0.6814515147814352
SE_013,59.837,17.597,False,0.466314207050283,1.088069649716804,-0.9045425841442783,-0.0612533572959586,0.8894916128940861,0.1417993685353075,0.117037180596808,-0.534661686494116,-0.0494321295129912,0.7101887026958581,-0.2561338629423094,-0.0959518241570628,-0.2397337382452663,-0.1955460800230725,0.4159913256975918,0.0415847261870139,-0.045522754738925,-0.1335796188064703,0.0397156452438126,0.5286111929303304,-1.342740262241462,0.1067043155508307,0.6778476057369593,-0.6420043641948351,1.4473731145244455,-0.0779672274233038,0.469169418015697,-0.8219079741698267,-0.5397394061872388,0.4525716291118697,-0.4579738523873133,-1.185547876309211,-0.0135639211499448,0.3663176653433644,0.0217180465419923,0.2322185046351462,-0.5468846419569181,-0.7783453774757525,-0.0823326665163461,0.8801516669273817,-0.2449265049874135,-0.4057977430573659,-0.7612029452151543,0.2939565253401415,-0.5767446517461697,-0.7802553415799485,-0.7057154917780909,-1.513737953328844,-0.4201080257843862,-0.1394832822023628,-0.4728987424249077,-1.2118720541011445,0.41171155811359283,0.31031217814841905,-0.9141589154007127,-0.31492686608521236,1.7509584376530691,0.9427379951521624,0.1893224631625313,-0.8711331665109682,0.5908787783521278,-0.4360189623616206,-0.0531114266921997,-0.1180177556433838,-1.7263153666611837,0.6666637254952246,-0.0511202569586615
SE_014,59.838,17.587,False,0.466314207050283,0.7154048930596315,-0.7527562891380842,0.0593135499435299,0.8894916128940861,0.058835834440301,0.1806836145620426,-0.4564630755522724,-0.5306324744947416,-0.1612882912443598,-0.6343769928459315,-0.418681731734453,-0.6153025256249433,-0.2511565267007304,-0.4187101549045342,-1.2072710749348796,0.2150122338812582,0.1295195794105283,0.0544635491169107,-0.3810367718042034,-1.342740262241462,0.1183825514015913,1.871717556733291,-0.6420043641948351,-0.6185677000086734,0.4353592424945815,-0.1901745282334047,-0.7692861957279463,-1.4043777050799038,0.9765341006015432,-0.4579738523873133,-1.185547876309211,-0.0439883338701617,-0.0078683985395949,0.197765848056627,1.4098194523110064,-0.3591808514536615,-0.1897732545788937,-0.2447215202905219,-0.1720966946506053,-0.2449265049874135,0.1387042955002046,-0.724699056160558,-0.9964372474350444,0.4372801643025278,-0.552467280631173,-0.827199778604452,-1.5974291677094474,-0.4125873967649046,0.126357943758758,-0.0344015129410168,-1.2118720541011445,0.41171155811359283,0.057285975857985325,-0.8822534600473008,-0.07086006912104939,-0.22002880874090558,0.7606060676829317,0.2550174644929886,-0.856050549076313,0.6990191321911327,-0.1170544353898555,-0.2698264163631697,-0.1509724856805283,-1.7784791765507473,0.6487842598862462,0.2291303313962325
SE_015,59.845,17.572,True,0.466314207050283,1.8414170511170076,-0.9858182243780916,-0.4471353035773289,0.1588769803428376,0.9714347094853713,0.0852139636141907,-0.4499465246404521,-0.0229925501183896,1.0305846563503498,-0.6343769928459315,0.0452425104080453,-0.3276328161426376,-0.0009095166512701,4.063614417873103,-0.0163092513484383,-0.0603549151472618,-0.1485577587174527,-0.008667120527982,0.4828946732504087,-1.342740262241462,0.6322052424119575,0.7660921461407095,2.936526119160994,2.7670805985125027,-0.5142015369904035,1.408183448120249,-0.0859352185053021,-0.1590864115191089,0.2331672020841991,-0.4579738523873133,-1.185547876309211,0.077709317010706,0.3663176653433644,2.2047107853234627,0.9387790732406625,1.3301532630756476,3.341659482802259,2.1911112863221147,3.510772570872349,-0.2449265049874135,-1.266699614830822,-0.1797911677317148,0.2939565253401415,0.6714282736365593,-0.5404784353180796,-0.7205973169143202,0.1705477360808001,-0.0873426126276653,-0.5872158732947769,-1.0282329290922565,-1.2118720541011445,0.41171155811359283,0.6519806488288474,-0.8614756671253971,-0.04357648114635813,-0.29939375711625044,0.3382918028415197,0.6230959229574063,-1.1449544147434756,-0.1570253016409127,0.4154296136481157,-0.4588037069310081,-0.5887360130659144,-1.6728041582974182,-0.267694197529803,-0.5229529827498332
SE_016,59.828,17.607,True,0.466314207050283,0.2932424521002375,-1.3861067523197037,0.703408818516933,0.7329313344902468,0.0035268117102973,0.0128884704718788,-0.7627409684078266,-0.3693510401876714,-0.2424552661701643,0.0829806673161104,-0.2774873971693448,-0.5313988603592708,-0.3461577064417292,-0.5395516561177107,-0.4629199351933539,-0.3799709142669177,-0.4713194482358487,-0.382720142002519,1.1606696098526104,-1.342740262241462,0.8800723832440736,0.7302552927088848,1.95683784551672,1.7028271056108533,-0.3690156228720258,1.6342702124104194,-1.2656703071510185,-0.1696448342719812,-0.007794715755767,-0.4579738523873133,-1.185547876309211,0.0548910074705433,0.740503729226324,0.0217180465419923,0.2322185046351462,0.3916343105593647,1.5759431141116824,0.4048338948061812,1.4062758477163753,-0.2449265049874135,-0.8031370684912688,-1.1461201911868886,-0.9964372474350444,0.1235402075268888,1.3537591241506843,3.851615673154312,0.9342300673038064,0.0468628200453662,-0.4123203298993027,-0.073533126840797,-1.2061108430371525,0.41252661086690307,0.5861273349267042,-0.9112038515184865,-0.4513117949629346,0.2612456370867602,-0.4627134384326151,0.978367747102616,-1.1782228470662168,0.11530948594953,0.6429700103063716,-0.578681360905849,-1.1131066821972468,-2.011772548710516,1.651470644765835,-0.8597158764103828
SE_017,59.838,17.598,False,0.466314207050283,2.0979894698643933,-0.9105402189013624,-0.6434442027843905,0.665088547181916,0.7225441072003526,0.0794279241628058,-0.4955623810231943,-0.1023112883021946,-0.1142968847083676,-0.6343769928459315,-0.1161224433806497,-0.671238302468725,-0.1723750605740484,0.4383693814778096,-0.2809674343676471,-0.1787712875527108,-0.2681395960769574,-0.1477678954378898,-0.3218497601424212,-1.342740262241462,-0.5846724800451512,1.8151136632354536,2.381428090577413,-0.6185677000086734,-0.0744735803847047,-0.2746338675470197,-1.002100760472748,-0.8618002884926573,0.042444459106047,-0.4579738523873133,-1.185547876309211,-0.0972310561305414,-0.3820544624225545,0.4090232098741886,1.1742992627758344,0.767041891565878,2.164515237008541,-0.4071103740646977,-0.6982208754395988,-0.2449265049874135,-1.0238811381767703,-1.506219611596752,0.2939565253401415,0.9243946104664748,-1.175887236912032,-0.3210658686141251,-0.2374469340246416,-0.2787022634538611,0.6090696435302669,0.0219448231631472,-1.2118720541011445,0.41171155811359283,0.775970034681818,-0.8901490213576242,-0.44451152984159586,1.1699323958961658,1.0937182026290937,-0.1176848744093363,-0.5045185676544489,0.7308509319122823,0.2711791213697493,-0.0664972456097198,-0.4146187260108303,-1.9486370327507976,0.6666637254952246,-1.5405780950128434
SE_018,60.005,17.457,True,0.466314207050283,2.6460455283996627,-0.86394321040402,-0.9908009516158436,0.5607150282460244,1.109707266310382,-0.0218277662364308,-0.4173637700813506,-0.1023112883021946,-0.2509991582676176,-0.0865765978130994,-0.0152693472627153,-0.4035456561449128,-0.1932289780781702,0.5055035488184633,-0.3057791390256981,-0.4455218052140004,-0.5375154971501453,-0.4833125560079702,-0.1719608438843052,-1.342740262241462,-0.9848216597617344,0.8957357696471322,0.5997205374243119,2.4609599706943985,-0.7971390060687603,0.7914853501745823,-0.5365998156034231,-0.9064133888094316,0.793620391248009,-0.4579738523873133,-1.185547876309211,-0.1428676752108669,-0.3820544624225545,-0.1895393152755693,0.2322185046351462,0.0162267295528516,0.398798868317965,0.1612506141449175,1.9324000285053688,-0.2449265049874135,-1.259341479174639,-0.6854242448344906,0.2939565253401415,-0.0495257863286996,0.1069192115889662,-0.3458942197342627,0.5785424061862419,1.2147767896499693,1.2596810649614312,0.764489113803171,-1.2231115554063066,0.3931778532690412,0.8172437732218206,-0.8257378632997229,0.3577877104934302,-0.34781343834867867,-0.4530545933304376,1.0012594142992943,-1.2186171817901608,-0.717916827591311,0.8114314152035433,-0.629305448032092,-0.8838781776770117,-1.9609561372951527,1.6786093511532734,-1.1914138441486817
SE_019,59.831,17.808,True,0.466314207050283,2.857211649408002,-0.7613896703951236,-1.177954026994417,0.3363119625338547,1.4231250617804054,0.0157814901975713,-0.208834140903101,0.2149636644330253,0.6204778356726003,0.3438379982841257,0.2872899410910879,-0.1758071361380873,-0.2581078325354377,1.020198831763474,-0.0824737971032407,-0.2510532763155532,-0.3411329908979426,-0.0748332981756364,1.42568495369906,-1.342740262241462,1.054322598031487,0.0127990032181508,1.331063830744757,2.42126486340038,0.2087559951487787,0.9724039635152822,-1.5092457814913731,0.5345934430378856,1.2251467671317855,-0.4579738523873133,-1.185547876309211,-0.1808981911111381,0.740503729226324,-0.3303775564872771,-0.2388218744351977,0.5793381010626214,0.9873709912148236,3.1654444089671694,2.984648390083356,0.2359383763640222,0.3152995512486058,-0.2048499430563223,-2.28683102021023,0.582890055746089,-1.5475414416179287,-0.2800649218102283,1.3945317463971254,0.3414485492531005,1.2456894214897931,0.4367718096160101,-1.203308354710652,0.395625934259698,0.8454507717954776,-0.9943611960792607,-0.6491962088943168,1.6133265273191801,0.4957514799544434,0.431628008174106,-0.9558283394100904,0.3991840211814789,-0.2320896138591723,-0.3500051125647086,-0.0519024947570186,-1.7900925337221771,-0.2770241696441443,-0.5280031870880885
SE_020,60.011,17.698,True,-3.014101072077194,1.5422915709661524,-0.3183633026177248,-0.6942217862835258,0.3363119625338547,3.0178685504955287,-0.12597647636136,-0.4825292791995537,-0.0996673303627344,-0.3791575397294143,-0.6343769928459315,-0.2169755394985841,-0.4235227193034062,-0.2627420364252425,0.0355643774338882,-0.2148028886128447,-0.547889245241841,-0.6408904470464722,-0.5836561749245806,0.9261986932514326,-1.342740262241462,1.037617222195749,0.57176676992025,-0.6420043641948351,0.7587261763467392,0.3312632943837389,-0.0356065150785157,0.3824967312503012,0.3906641712895111,0.5312594273074871,-0.4579738523873133,-1.185547876309211,-0.1732920879310838,0.3663176653433644,0.6202805716917503,0.9387790732406625,-0.1714770609504049,-0.1897732545788937,-0.2447215202905219,0.3540274861383882,-0.2449265049874135,-0.1776955377156809,-0.810838596338896,0.2939565253401415,0.0291405745147496,-0.6843445790752009,-1.2398667154177472,-0.9069766490694692,-0.42054363291669,1.756384408204578,1.1697523656980429,-1.2326761362445433,0.3649825593134236,0.6029141514798945,-0.9002608805796173,0.8729738154263048,0.2287469761021955,1.368520506100645,-0.1113623302521251,-0.6855638674194309,1.1373562668150063,0.1880666237140231,-0.6763811449383467,-0.4063530933952008,-1.9150161671674109,1.6786093511532734,-0.3989369571163808
SE_021,59.577,17.654,True,-3.400813880869136,0.1588579631497023,-0.5506586332780784,0.2548644241466595,-2.3252127703314094,2.197451380000465,-0.1693717722467471,-0.4108472191695303,-0.1551904470913979,-0.4517806225577657,-0.1387480640067025,-0.237146158722171,-0.179802548769786,-0.2442052208660232,0.6621499392799882,-0.7027664135545124,-0.5734072649829244,-0.6666596175119107,-0.666090237396539,0.9211153904087156,-1.342740262241462,1.1932560253596844,-0.8646157247300631,-0.6420043641948351,-0.6185677000086734,-0.0863772591880964,1.298383715671089,0.7225240724974442,0.8984417874017586,1.0739095443174744,-0.4579738523873133,-1.185547876309211,-0.1885042942911923,1.1146897931092834,-0.4360062373960579,-0.7098622535055418,-0.5468846419569181,-0.7783453774757525,-0.2447215202905219,-0.1720966946506053,-0.2449265049874135,-0.4352302856820995,-0.7638533926052571,0.2939565253401415,-1.1264836910521567,0.370673808477022,-0.4919790746429619,0.976075674494108,-0.2584593437762105,0.8958983346988447,0.1609377654059508,-1.1457102122147111,0.3999335812389179,-0.4488643101883542,-0.9259791709296179,-0.6554022760924316,0.6572009647977086,0.7251974959740463,0.1478520705427776,-0.6730724872215766,0.1302709078048772,-0.0706584290222306,-0.1036565109174013,-0.3548580901993876,-1.9209832394066453,1.651470644765835,-0.5445449897904261
SE_022,59.833,17.801,True,-0.3071114105336007,2.475748926242788,-0.6682511532658415,-1.0153213917537782,0.3363119625338547,2.225105891365467,-0.0420789043162781,-0.4108472191695303,0.2678428232222287,-0.2339113740727112,0.3960094644777289,-0.0152693472627153,-0.0399631066603317,-0.2256684053068039,0.550259660378899,0.0415847261870139,-0.3517841558919947,-0.4428552731626508,-0.2950651644042703,0.5486262496030646,-1.342740262241462,0.4315525802487301,1.7645151803489396,-0.6420043641948351,3.862126028603136,0.0384589269576379,1.0546962515005758,-0.8116980212988131,-0.0437233011793147,0.8716111462937123,-0.4579738523873133,-1.185547876309211,-0.1808981911111381,0.3663176653433644,-0.0134915137609346,1.1742992627758344,-0.1714770609504049,-0.1897732545788937,2.109916859435027,5.08914511323933,-0.2449265049874135,-0.1114723168100305,-0.7302409007035,0.2939565253401415,-0.9614385810472728,-1.1159430103465648,-0.4811973441871223,1.6351439877413605,0.6068357886219956,0.832935939076474,0.4557398831560257,-1.203308354710652,0.395625934259698,-0.709001005523958,-0.9907597119727974,-0.7338529074558365,0.5297547784665895,2.3620824205481314,-0.9262951744845852,-0.0824769776692427,1.944264707378808,-1.0539131813947054,0.5478537661670771,0.2941228706357608,-1.583169576216812,-0.2770241696441443,0.6407763146192602
SE_023,59.728,18.404,False,0.0796013982583411,0.368994932905011,-0.851955351413565,0.3228230761512521,0.1588769803428376,2.1144878459054586,-0.0362928648648931,-0.4564630755522724,-0.1340387835757165,0.8767945985961936,-0.1126623309099009,-0.3379992548401054,-0.2716970392988559,-0.2974985655987787,0.2145888236756311,-0.5373550491675064,-0.2428104245240431,-0.3328090121922286,-0.1992025355875349,0.6842701461686569,-1.342740262241462,-1.6482427398708548,0.0908658264321849,-0.6420043641948351,2.5794096464172807,-0.6047043289995839,-1.212141329495219,0.6850784998692575,0.7610419413760582,1.0142285213170237,-0.4579738523873133,-1.185547876309211,-0.3025958419920059,-1.1304265901884734,-0.365587116790204,-0.2388218744351977,-0.5468846419569181,-0.7783453774757525,-0.0011382396292582,1.9324000285053688,-0.2449265049874135,-0.9650160529273032,-1.0156458946650142,0.2939565253401415,-0.1723070083510244,1.7134244835434875,1.0648420610368552,-0.0491417016682839,-0.4072960513048605,1.3856058562061726,0.451515900392913,-1.1560112731262928,0.5268400839664359,0.6476671840106693,-0.9144821255128314,0.11745115604728314,0.6235704441124779,-1.0351426476406318,0.9613137990742489,-0.7952648164696144,-1.0661618438328604,1.455680105080125,-1.255036482849969,-0.7412981150656905,-1.495267582137887,1.747393252005819,0.0577640834108762
SE_024,59.737,17.669,True,-2.24067545449331,1.384187259230066,-0.902523391007897,-0.2343377864375998,0.3363119625338547,2.455560152740483,-0.0883672199273578,-0.339165159139507,0.003447029276212,-0.2467272122188908,0.4090523310261296,-0.2976580163929317,-0.4115364814083101,-0.2187170994720966,0.057942433214106,-0.3967553894385516,-0.4074788872025763,-0.4990981572003382,-0.4072497445785916,0.6057465315687927,-1.342740262241462,1.4781361843479277,-0.8646157247300631,-0.6420043641948351,-0.6185677000086734,0.1393040258776532,-0.5295395472279038,0.9983184571828108,-0.6235627071738223,0.3098249397128547,-0.4579738523873133,-1.185547876309211,-0.1656859847510296,1.1146897931092834,-0.4360062373960579,-0.7098622535055418,-0.5468846419569181,-0.7783453774757525,-0.3259159471776098,-0.1720966946506053,-0.2449265049874135,-0.0893979098414803,-0.3761652243620518,0.2939565253401415,0.1281676405176799,1.9292236991791696,2.2936556222854976,1.823449220097718,9.357363110240124,0.5670947131153532,0.3377871569408025,-1.1754797350325843,0.47387556628241023,-0.1048208343353284,-0.9628712965842868,-0.7119501117858936,-1.5444059888424329,1.1555374189868692,-0.0936807086843299,-0.5791451896265211,0.0368569053413668,0.1044924218678936,-0.8229357586684082,-0.5011313673838846,-1.842127998094046,-1.2873439333958654,-0.6502172207377144
SE_025,59.397,17.552,True,0.466314207050283,1.468208885012687,-0.836548748933556,-0.3246669514231431,-1.1092612747282595,3.073177573225529,-0.1606927130696697,-0.4499465246404521,0.0563261880654153,1.0861199549837952,-0.0735337312646987,-0.0757812049334759,0.4874313607238952,-0.0982277983371714,0.7292841066206418,0.4054897278384269,-0.4980247413943006,-0.590535172112931,-0.5442454551598913,-0.7407065866802558,-1.342740262241462,0.2866345760349562,-0.8646157247300631,-0.6420043641948351,2.8548684216883635,-0.1997218316269721,1.0576940067325569,-0.3941490415058788,1.073430608797412,-0.8038594861017219,-0.4579738523873133,-1.185547876309211,-0.1276554688507584,-0.0078683985395949,-0.4360062373960579,-0.7098622535055418,-0.5468846419569181,-0.7783453774757525,1.2167781636770605,3.510772570872349,-0.2449265049874135,-0.2512768942775148,-0.4341136423002065,0.2939565253401415,1.39670127105989,-0.3726346009347714,-0.1007237433828127,1.6874509967292377,-0.0518662552938587,-0.4612910820500354,-0.4753693738523887,-1.0491829409009605,0.18130167803156155,-0.9988817579355282,-0.9471725197099596,-0.39370760740596367,1.6353212870887908,0.6124585909031225,-0.005626543654451,-0.3722947372318804,0.1254851567567933,-0.4295075612465153,-0.4156079302758976,-0.2579924079739315,-1.9186092297652813,1.6170546501106806,0.0026159782221341
SE_026,59.675,16.938,True,-2.24067545449331,2.0603220997943827,-0.747681367420552,-0.7242259690095623,0.3363119625338547,0.6487987435603458,0.1112511411454231,-0.7627409684078266,0.082765767460017,0.5307669686493429,0.0960235338645112,-0.1161224433806497,0.8630001481035723,-0.1422527352903171,1.0649549433239096,-0.4877316398514043,-0.3231375196293681,-0.4139266940407939,-0.3456210424457666,-0.5614182949479661,-1.342740262241462,0.5833470272127689,-0.8646157247300631,-0.6420043641948351,1.6646312057792356,0.6083442326233401,1.1394689364509931,-1.692791859823224,0.6897396580447539,0.4620034915459749,-0.4579738523873133,-1.185547876309211,-0.2189287070114093,-0.0078683985395949,-0.4360062373960579,-0.7098622535055418,-0.3591808514536615,-0.1897732545788937,0.3236394679190933,1.4062758477163753,-0.2449265049874135,0.3962390434666231,-0.7139767917187788,-2.28683102021023,1.0021354847117658,0.8981830022531334,3.845465531133727,1.2480721212310693,-0.0118288350453409,0.6720320391526378,1.226098701802207,-1.1895800401490886,0.3038744216789977,0.6462143558495671,-0.8905645772160623,-0.5873170973897083,-0.660844083460075,2.60679069769693,-1.185298667995462,0.1535633467916447,2.412038261008175,-0.5640526932211546,-0.1752759324989711,0.2052974201365174,-1.528888447721274,1.651470644765835,-0.1204932679399782
SE_027,59.675,16.931,True,-0.3071114105336007,2.725695522672709,-0.9142340601103964,-1.0053207664659924,-0.3629906143366264,0.5658352094653394,0.232757969624507,-0.4238803209931709,0.241403243827627,0.3428013425053739,1.1655385908333742,0.2267780834203272,0.1797845880830961,-0.1121304100065857,0.8411743855217311,0.3475957503029747,0.529989936486518,0.4475973218687105,0.7364238627509293,0.1967338248662283,-1.342740262241462,0.3166701518400674,0.5686066020133089,-0.6420043641948351,2.2999666071193587,0.0020286006572742,-0.8957764461369359,0.132256293334967,0.7845830729790807,0.822567903995653,-0.4579738523873133,-1.185547876309211,-0.2341409133715177,-0.0078683985395949,-0.2951679961843502,-0.0033016849000257,-0.5468846419569181,-0.7783453774757525,1.2167781636770605,2.458524209294362,-0.2449265049874135,-0.3248582508393487,-0.7396379414502278,0.2939565253401415,-0.0350264962908874,1.61751372103874,2.5083790992510906,2.043138657846802,0.1393396518385826,0.7979568303973792,0.6747494045340214,-1.1895800401490886,0.3038744216789977,0.14673395102904707,-0.9036315003202816,-0.7379462709269337,0.1876879294853784,2.60679069769693,-1.185298667995462,0.1535633467916447,2.412038261008175,-0.5640526932211546,-0.1752759324989711,0.2052974201365174,-1.6247466401021085,1.651470644765835,-0.288653365239464
SI_001,45.623,15.099,True,0.466314207050283,-0.2430861318972398,0.4683387313055398,-0.1541143065438404,0.9260223445216486,-1.757143745194839,-0.1780508314238246,2.130607636440387,-0.2741685543671054,-0.797650190500814,8.886915587486625,0.5495079909977174,-0.7433714821214131,0.5644633579049181,1.020198831763474,0.901723820999444,1.079007349851176,1.002018215693418,0.565692674544594,-1.5823015616183385,2.846629250519132,0.2470573851036731,0.0908658264321849,-0.6420043641948351,0.8906643944434305,0.4227485938348624,-1.2444512901337117,-0.7828820896779007,0.3348065553630495,0.597397044399061,0.06180695805121,4.3647545590082935,-0.1808981911111381,-0.0078683985395949,-0.365587116790204,-0.2388218744351977,-0.5468846419569181,-0.7783453774757525,0.4860283216932691,0.8801516669273817,-0.2449265049874135,0.1239880241878378,-0.544528871074258,0.2939565253401415,-0.7888353304907635,-1.3257478033257,-1.046365024807134,0.9499221700001697,-0.2025927290582387,0.9448690868495776,0.5689505909862451,-0.4165126611622017,0.6619453704480648,0.969992011608083,3.2635626480967064,1.9445932644625037,1.8259165303093485,0.8848435978754953,-1.00042235373614,0.9510146416575423,1.3497121742965417,0.0279050456314796,-2.212017159063316,0.1021618131703608,-0.3155187959503875,0.3432799103351445,1.8104692555621371
SI_002,45.624,15.101,True,0.466314207050283,0.4301286169989333,-0.0413160060346114,-0.223528913449673,0.9260223445216486,-1.572780336094825,-0.1635857327953622,0.1300265065115546,-0.3561312504903706,-0.5886537739589647,0.1873235997033165,-0.0757812049334759,-0.7360518861801412,0.332753163414677,0.7516621624008596,0.901723820999444,1.6093118273505322,1.5375419991970836,0.9916379489733982,-1.5790339736259142,-0.31690357307252,0.2470573851036731,-0.8646157247300631,-0.6420043641948351,-0.6185677000086734,0.534347512652268,-1.4606616791776337,-1.0693905826790209,0.4373956972438725,0.442294685868429,-0.2916439930469859,-0.6013055146968422,-0.1808981911111381,-0.0078683985395949,-0.4360062373960579,-0.7098622535055418,-0.5468846419569181,-0.7783453774757525,-0.3259159471776098,-0.1720966946506053,-0.2449265049874135,-0.0158165532796464,-0.848366521885123,0.2939565253401415,0.2433907219883792,-0.1388521173294493,0.7689898587750328,1.1905344113444043,0.0472279613180327,0.983346106396582,0.5835751350811732,-0.2918650913812507,0.5921513963839848,0.936413440861011,3.168308010768069,2.9858756084185565,-1.3280069790350724,0.8848435978754953,-1.00042235373614,0.9510146416575423,1.3497121742965417,0.0279050456314796,-2.212017159063316,0.1021618131703608,-0.0135718154420058,0.2403875744422776,2.221200046980113
SI_003,45.625,15.094,True,0.466314207050283,0.4917550460036405,0.0229162545689839,-0.2997659642452124,0.9260223445216486,-1.5174713133648208,-0.1751578116981321,0.4949533575734915,-0.3825708298849722,-0.7894138785188691,1.4263959218013893,0.085583748855219,-0.7232425932829152,0.7730025329461352,0.9306866086426026,0.7528535930511391,2.002304139982038,1.9344021787314627,1.299209380729817,-1.071876604741251,0.6288440914385622,0.2470573851036731,-0.8646157247300631,-0.6420043641948351,0.37573944424862,0.50604805201371,-0.3383502348818831,-0.4272180512296297,0.8409136619090807,0.0520615630458397,-0.3886697443288436,-0.0170631530844733,-0.1808981911111381,-0.0078683985395949,-0.4360062373960579,-0.7098622535055418,-0.5468846419569181,-0.7783453774757525,-0.0011382396292582,0.3540274861383882,-0.2449265049874135,0.0982345493911959,-0.7296987637373425,-0.9964372474350444,0.283186645709183,-0.9361103306501632,-0.8877900666590995,1.122535299660164,-0.1325112286552332,0.5566009805116247,0.658451206891445,-0.4165126611622017,0.6619453704480648,0.9722836577878302,3.202291245413671,1.9491817928696205,1.6214785517523564,0.5127269575460445,-0.6651100620109301,0.6799608976662457,1.285894088037998,-0.0839588281049988,-2.000948956607405,0.6289285917565799,-0.1093016623051458,0.3432799103351445,2.221200046980113
SI_004,45.566,15.048,True,0.466314207050283,0.7176779178428175,-0.4134634684979002,-0.1558344891432979,0.9260223445216486,-1.1671808360747935,-0.2011949892293644,0.8598802086354284,-0.2900323020038665,-0.7121984536881366,1.3481387225109849,0.5293373717741305,-0.7708199669011832,0.462510872329212,0.6621499392799882,0.8686415481220429,1.435068186491387,1.361583436213884,0.8553619612017735,-0.9058566502196757,-0.4007187041573724,0.2470573851036731,-0.8646157247300631,-0.6420043641948351,-0.6185677000086734,0.3592095852240808,0.5770825453160059,0.4356427218238778,-0.6172061421197834,-0.5065721742670101,-0.3748089227171496,-0.6013055146968422,-0.1808981911111381,-0.0078683985395949,-0.400796677093131,-0.4743420639703698,-0.5468846419569181,-0.7783453774757525,-0.2447215202905219,-0.1720966946506053,-0.2449265049874135,0.1019136172192876,-0.5178436848511785,-0.9964372474350444,0.8457282496230255,-0.3126903743693042,-0.8839936826957758,-0.0177574962755576,-0.2950631548642154,0.0284164394572924,0.0253718280464273,-0.38348562096958977,0.776642039227508,1.032781664685895,1.8095326994218917,1.7807101761378152,1.870328597292776,1.1127726496268513,-1.4807251763492504,1.5297368282472297,1.3137413804958549,0.2619262120280068,-2.6616017817141846,0.1467848892500126,0.2366603350271505,0.1586789417470062,2.8974738633137003
SI_005,45.626,15.096,True,0.466314207050283,0.8458907213126088,-0.2789268780465879,-0.3150131665360673,0.9260223445216486,-0.4205090292197366,-0.180943851149517,1.843879396320294,-0.0494321295129912,-0.7508168459686247,1.8959391175438167,1.356332759941193,-0.7591373803660962,0.6826355570949411,1.1097110548843454,0.5130071146899806,0.5110686866080015,0.4284898472885553,0.2150026442000863,0.309901621841808,0.0716664317971838,0.2470573851036731,-0.8646157247300631,-0.6420043641948351,0.6461955289172611,0.1595355723313847,0.2611888812335848,0.5132129493586073,0.4848327478235667,-0.1206881376952648,-0.3124352254645268,-0.3091843338906578,-0.1808981911111381,-0.0078683985395949,-0.400796677093131,-0.4743420639703698,-0.5468846419569181,-0.7783453774757525,-0.163527093403434,0.3540274861383882,-0.2449265049874135,-0.2218443516527813,-0.6242230050993917,0.2939565253401415,0.2966062013824773,1.401714505403058,2.227902252040729,0.8610002547207785,-0.1309033258580527,0.5321156044362583,1.1288674004626311,-0.4165126611622017,0.6619453704480648,0.9493910128454579,3.371191615432167,0.1616198683402499,-1.6094549892759613,0.5127269575460445,-0.6651100620109301,0.6799608976662457,1.285894088037998,-0.0839588281049988,-2.000948956607405,0.6289285917565799,-0.1093016623051458,0.5986293260349895,2.221200046980113
SI_006,45.626,15.096,True,0.466314207050283,0.4969183378435068,-0.1601199138477159,-0.1874086896247808,0.9260223445216486,-0.3744181769447327,-0.192515930052287,8.686257853731611,0.2678428232222287,-0.6397462487017342,16.060492189107045,18.66272405377874,-0.7551419677343975,0.8564182029626218,3.504163023367656,0.5957127968834832,0.3429064300027294,0.2586725221088355,0.0592342597693575,-0.0849621582763662,-1.342740262241462,0.2470573851036731,-0.8646157247300631,-0.6420043641948351,-0.6185677000086734,0.7146220707309363,0.7831325130567824,0.1070411091200289,-0.3766472147240389,-0.7437617174350509,-0.4163913875522315,-0.8934266955030267,-0.1808981911111381,-0.0078683985395949,-0.4360062373960579,-0.7098622535055418,-0.5468846419569181,-0.7783453774757525,-0.4071103740646977,-0.6982208754395988,-0.2449265049874135,0.2196437877182218,-0.812404769796684,0.2939565253401415,-0.2688661100921995,-0.2287684571776501,-0.6966041702661139,-1.2522029083894584,-0.4369429602504829,0.832935939076474,2.331746114493958,-0.4165126611622017,0.6619453704480648,0.9493910128454579,3.371191615432167,0.1616198683402499,-1.6094549892759613,0.5127269575460445,-0.6651100620109301,0.6799608976662457,1.285894088037998,-0.0839588281049988,-2.000948956607405,0.6289285917565799,-0.1093016623051458,0.5986293260349895,2.221200046980113
SI_007,46.089,15.195,True,0.466314207050283,0.5091745028717412,0.0084876412071211,-0.3007797913550259,0.9260223445216486,-1.148744495164792,-0.2011949892293643,0.136543057423375,-0.3455554187325299,-0.4949657251643424,0.3568808648325265,0.085583748855219,-0.7799694618277732,-0.0518857594391232,0.1026985447745418,0.8686415481220429,1.3261698335347785,1.251613295536142,0.5014031297350893,-0.8707021142494824,-1.342740262241462,0.2470573851036731,-0.8646157247300631,-0.6420043641948351,0.4655369270828751,0.5967733321398042,-1.0991313796023583,0.1787757792380667,0.7381578471999851,-1.349796946215581,-0.4163913875522315,-0.8934266955030267,-0.1808981911111381,-0.0078683985395949,-0.4360062373960579,-0.7098622535055418,-0.5468846419569181,-0.7783453774757525,0.9731948830157964,0.3540274861383882,-0.2449265049874135,0.241718194686772,-0.6671120628665083,0.2939565253401415,1.091907684733114,-1.0200322478418171,-1.8131206938796387,0.9028458619110802,-0.2558969488803054,-0.5382451211440441,0.6804876452688161,-0.4463242911460826,0.08488755042243347,1.0624136082732198,0.5221406499807439,3.3858863492332234,0.32096567586782465,0.513330775866215,-0.8294202984341356,0.9262407071396696,1.0856182145228876,0.3981889346432406,-1.5677713476437924,1.021282239957642,1.315610467761743,-0.1634272840490107,1.6542690432033518
SI_008,45.965,15.205,True,0.466314207050283,0.3762654497655071,0.1038898569418994,-0.2837883641678338,0.9260223445216486,-0.5864360974097489,-0.186729890600902,0.7360657413108427,-0.2477289749725037,-0.6012987342631952,1.8437676513502137,0.6705317063392388,-0.7511465551026987,0.3049479400758481,0.5726377161591167,0.7445830248317882,0.7907354539864485,0.7109091210102774,0.2758670290332639,0.2794516104289039,-0.31690357307252,0.2470573851036731,-0.8646157247300631,-0.6420043641948351,1.2696341585195547,0.2135451766797109,1.07274218274904,0.0762958993325072,1.0020731659424942,2.180823463669981,-0.3332264578820678,-0.6013055146968422,-0.1808981911111381,-0.0078683985395949,-0.4360062373960579,-0.7098622535055418,-0.3591808514536615,-0.1897732545788937,-0.0011382396292582,0.8801516669273817,-0.2449265049874135,-0.1776955377156809,-0.8516795811227513,1.5843502981153277,0.809942767827574,-0.3846234462478649,-0.7278104464446353,1.070228290672287,-0.2564094278594864,-1.3077855120841309,-2.0634274972068067,-0.17509550468366175,0.03190022007539194,0.7979483447479109,0.3199496384140421,1.1401152984089908,0.9916994520024883,0.5906973023591346,-0.5419585316450042,0.4464144145018244,0.5143389115418421,-0.3371424733258886,-2.12027355108701,-0.3000506739330155,1.1139489116098846,-0.9035850595144505,1.4387979811092833
SI_009,45.985,15.22,True,0.466314207050283,0.075369152647394,-0.0814794273370984,0.0076196661169123,0.9260223445216486,-0.5956542678647498,-0.180943851149517,0.9315622686654518,-0.2080696058806012,-0.7337290617737185,1.2437957901237784,1.1747971869289109,-0.7671282056294936,0.4069004256515542,0.5055035488184633,-0.0328503877871385,0.2508262041015096,0.1656860340576322,-0.0588679919778592,-0.5180278947492903,-0.31690357307252,0.2470573851036731,-0.8646157247300631,-0.6420043641948351,-0.6185677000086734,0.532073913613792,-1.6972466073101604,-0.1525441954772711,0.5037165122467535,-1.1750009857937254,-0.3748089227171496,-0.6013055146968422,-0.1808981911111381,-0.0078683985395949,-0.4360062373960579,-0.7098622535055418,-0.5468846419569181,-0.7783453774757525,-0.2447215202905219,-0.1720966946506053,-0.2449265049874135,0.146062431156388,-0.6869904182922785,-0.9964372474350444,-1.0728054683589796,-1.0320210931549108,-1.605686274123627,0.4111599774250349,-0.3129871071610718,-0.4123203298993027,1.000713357385551,-0.17509550468366175,0.03190022007539194,1.1327558184628148,0.2101967189132311,1.5459854909665591,0.05856168640967187,1.1701021193388912,-1.2325643365623622,1.1214165579715394,0.4835701481292268,-0.2118863063761401,-2.1112251717012183,-0.1546643002481798,1.0196307124669912,-0.9192312514166312,1.1488998480426915
SI_010,45.528,15.304,True,0.466314207050283,0.4511221489022795,-0.5177835220661149,0.0645697859914287,0.9260223445216486,-0.5864360974097489,-0.2011949892293644,0.4558540521025697,-0.2741685543671054,-0.7636326841148043,0.0047234680257059,0.4889961333269567,-0.7591373803660962,0.3536070809187986,0.4607474372580275,0.7776652977091894,0.4315540021743052,0.3481925719330313,0.0769104208607685,-0.7693393795656036,-1.342740262241462,0.2470573851036731,0.0908658264321849,0.5997205374243119,0.7587261763467392,0.833800763579481,0.1026373434588748,-0.0833884655203566,0.6161725045610978,0.5822942292140683,-0.3956001551346906,-0.8934266955030267,-0.1808981911111381,-0.0078683985395949,-0.365587116790204,-0.2388218744351977,0.0162267295528516,0.398798868317965,-0.2447215202905219,0.3540274861383882,-0.2449265049874135,0.469820400028457,-0.9105917981118524,-0.9964372474350444,-0.3105130070093197,-0.1688242306121829,-0.5959999952380336,0.850538852923203,-0.1701592156633194,0.0563997264005683,-0.1796108826465147,0.016766160390071127,0.43991943053119215,0.8884224778344412,-0.14381069960284643,1.2310770971558294,0.0605325611794078,1.0633827388990944,-1.209038825666351,1.1527235988503068,1.184781214210361,-0.3462817913118719,-1.2004440674642736,0.5047089015940514,1.1033621656056172,-0.7484411477629246,1.051960320515954
SI_011,45.623,15.068,True,0.466314207050283,0.6069100784012508,-0.4492616847852037,-0.0690045622192303,0.9260223445216486,-1.2685807110798015,-0.1664787525210547,0.1691258119824765,-0.4513137363109366,-0.6696498710428201,0.1873235997033165,0.2066074641967404,-0.7111924287857119,0.1543363136571914,0.0109485160756487,0.7280418883930879,1.4131409989203458,1.3394404392227772,0.6143145742640318,-0.6458198086457246,0.6251179850115699,0.2470573851036731,0.0127990032181508,0.3341909525606973,-0.6185677000086734,0.3492055471739935,-1.7162078842120472,-0.6209550933282451,0.8602028927753906,-0.4235707066694463,-0.3748089227171496,-0.0170631530844733,-0.1808981911111381,-0.0078683985395949,-0.3303775564872771,-0.2388218744351977,0.3916343105593647,0.398798868317965,-0.3259159471776098,-0.1720966946506053,-0.2449265049874135,-0.1041141811538471,-0.6860266192413321,0.2939565253401415,1.581490095158816,-0.4086011368740517,-0.8729082415228704,1.0283826834819854,-0.2122593638030409,-0.559232586351501,0.0402753143992967,-0.4165126611622017,0.6619453704480648,0.8363733550583875,3.0254953140848513,0.3469601038924638,-1.3550895342899505,1.162359936559042,-1.3849325089512314,1.3549798819325605,2.0656662930306027,0.312474046263998,-2.009013169893617,0.5936162524164679,-0.2739418850394864,0.5407095813610892,1.4939250554637462
SI_012,45.622,15.068,True,0.466314207050283,0.2761325216776749,-0.210519654939955,-0.0275425009676861,0.9260223445216486,-0.8353266996947682,-0.1954089497779794,0.6122512739862571,-0.1816300264859996,-0.691009601286453,0.7090382616393472,0.6301904678920649,-0.7671282056294936,0.4254372412107734,0.6621499392799882,0.5957127968834832,0.4754334902841955,0.3925039260472177,0.1064225972832308,-0.1482438075186153,-0.31690357307252,0.2470573851036731,1.8177601108605088,-0.6420043641948351,-0.6185677000086734,0.8178600276999352,-0.7829445648568576,0.0452403790086384,-0.1805495958704327,-0.1246586250807546,-0.3748089227171496,-0.6013055146968422,-0.1808981911111381,-0.0078683985395949,-0.1895393152755693,0.9387790732406625,-0.5468846419569181,-0.7783453774757525,-0.2447215202905219,-0.1720966946506053,-0.2449265049874135,0.7273551479948754,-0.7224100334145601,-0.9964372474350444,0.5390836900999328,-0.1808130759252763,-0.9050256498525896,1.404993148194701,0.1855140078627932,0.4901406740213445,0.801707980791353,-0.4165126611622017,0.6619453704480648,0.8728267944857051,2.975397746706483,-0.2966222689503468,-1.358632042359358,1.162359936559042,-1.3849325089512314,1.3549798819325605,2.0656662930306027,0.312474046263998,-2.009013169893617,0.5936162524164679,-0.2739418850394864,0.5407095813610892,1.4939250554637462
SI_013,45.634,15.076,True,0.466314207050283,0.4630191882287467,-0.7864915764015321,0.2270121937458823,0.9260223445216486,-0.3836363473997333,-0.1896229103265944,0.8663967595472487,-0.0494321295129912,-0.691009601286453,1.6350817865758014,0.448654894879783,-0.7271740793125067,0.1890928428307276,0.6845279950602061,-0.9260717554769698,-0.1404478172915284,-0.2294389426560487,-0.0843456239102532,-1.2077253433327062,0.0406906800572308,0.2470573851036731,1.286774404767815,-0.6420043641948351,-0.6185677000086734,0.215190313568564,0.5528716966173174,-0.1639505479557588,-0.0228615372095506,-1.7869466016172149,-0.2292702957943631,-0.3091843338906578,-0.1808981911111381,-0.0078683985395949,-0.2247488755784963,0.4677386941703182,-0.5468846419569181,-0.7783453774757525,-0.4071103740646977,-0.6982208754395988,-0.2449265049874135,-0.1703374020594976,-0.6078384212333022,0.2939565253401415,0.4021116735725152,-0.6363891978228271,-0.8337295590213689,0.1077793252953475,-0.2041750079064601,-0.9579944252931824,0.1626911167415825,-0.4165126611622017,0.6619453704480648,0.2724462830338884,2.6955439624850217,-0.2722601540981723,1.8418253909185298,0.6030924380767686,-1.2618037894794998,1.5192837457978206,1.417984073714212,-0.1023012794453695,-2.2250603969486416,0.4697423636184483,-0.1182846247486129,0.5407095813610892,1.4420142966983889
SI_014,45.634,15.079,True,0.466314207050283,0.3789206183858892,-0.8473972266333928,0.314191421681268,0.9260223445216486,-0.4573817110397391,-0.1896229103265944,0.5275361121325931,-0.1023112883021946,-0.8148960366995232,1.726381852414607,0.3276311795382617,-0.7471511424710001,0.1381166000428745,0.5726377161591167,-0.7441192546512637,-0.1922680285041861,-0.2817691732085435,-0.1502366836414894,0.4359477031430027,-0.1162275720864731,0.2470573851036731,-0.8646157247300631,-0.6420043641948351,0.7587261763467392,0.7179523453333962,0.7954111386343945,-0.1484318292308922,0.7504911536490001,-0.5001083739072738,0.0825981904687509,-0.3091843338906578,-0.1808981911111381,-0.0078683985395949,-0.400796677093131,-0.4743420639703698,-0.3591808514536615,-0.1897732545788937,-0.2447215202905219,0.3540274861383882,-0.2449265049874135,0.2858670086238723,-0.5674793359749201,0.2939565253401415,0.368794156038819,-0.8401995681454156,-0.7971324176149276,0.6203880133765436,-0.1994858252469537,-0.2654080734471042,1.618211818679841,-0.4165126611622017,0.6619453704480648,0.44620243986564345,2.707271872267607,-0.38494318803841304,1.225243552351718,1.3631771860514512,-1.707178271743052,1.713357647172186,1.417984073714212,-0.1654577541706292,-1.7941808867577322,1.0274793644110776,-0.1212358067836146,0.5407095813610892,1.8729546683170024
SI_015,45.635,15.081,True,0.466314207050283,0.2105595266541298,-0.5215920173503877,0.2065480299636192,0.9260223445216486,-0.3467636655797308,-0.192515930052287,1.8503959472321143,0.0298866086708137,-0.8020801985533434,3.943669165642737,0.7713848024571731,-0.7711236182611922,0.5436094404007964,0.8187963297415132,-0.0907443653225908,0.1215146797409685,0.0351018136438654,0.3068819219563041,0.1257568930713595,0.2393979428555736,0.2470573851036731,-0.8646157247300631,-0.6420043641948351,0.6461955289172611,0.4899253422033879,1.3402866303907293,0.3332266432071238,0.1981999935235052,0.4348690672572287,0.4984228388195696,-0.0170631530844733,-0.1808981911111381,-0.0078683985395949,-0.400796677093131,-0.4743420639703698,-0.5468846419569181,-0.7783453774757525,-0.163527093403434,0.3540274861383882,-0.2449265049874135,0.1166298885316544,-0.6478360818475795,-0.9964372474350444,0.8182721472109981,-0.6363891978228271,-1.137819914483604,0.944691469101382,-0.0626667497800989,-1.2028481860468463,-1.062343582349091,-0.4165126611622017,0.6619453704480648,0.3014206490608903,2.749889434194089,-0.08363532447036054,0.8170647478555113,1.3631771860514512,-1.707178271743052,1.713357647172186,2.044107449057756,-0.1654577541706292,-1.7941808867577322,1.0274793644110776,0.0469971725998058,0.5407095813610892,2.169743904749092
SI_016,45.654,15.332,True,0.466314207050283,-0.0191742207811093,-0.5770084712368755,0.3747675768235765,0.9260223445216486,0.6395805731053461,-0.2330182062119816,0.351589237513445,0.1092053468546187,-0.652562086847914,0.7742525943813511,0.3074605603146748,-0.5953254624664498,0.2331177797838733,0.3264791025767203,0.388948591399726,-0.3332390541858283,-0.4241276488401527,-0.1710436703495634,0.7836839294941943,0.0055379143481168,0.2470573851036731,-0.8646157247300631,-0.6420043641948351,-0.6185677000086734,0.5167138917755386,-0.051425736424912,0.3708478806551203,0.0083419033401882,0.5073012069952688,-0.2777831714352919,-0.3091843338906578,-0.1808981911111381,-0.0078683985395949,-0.400796677093131,-0.4743420639703698,-0.3591808514536615,-0.1897732545788937,0.2424450410320054,-0.1720966946506053,-0.2449265049874135,0.1313461598440212,-0.6653049396459836,1.5843502981153277,0.8154956874165233,0.0349861397104056,-0.1636677894947211,0.5890038079838172,0.1587113572516255,0.3921991697198789,0.9316153752040652,-0.2567487289054926,0.37667847616135425,0.7301039998492952,-0.2549026324252911,-0.25801590943866926,-1.7099341369196828,1.2764314682129785,-0.8214043258448125,0.4378171878376981,1.5650730591199948,-0.7497404186653106,-0.4205181800281233,0.8798193817547342,1.285325820766442,-0.9037719554530566,1.1488998480426915
SI_017,45.653,15.333,True,0.466314207050283,0.2507048233843378,-0.8337015904416064,0.3799528883910893,0.9260223445216486,0.5658352094653394,-0.2330182062119816,0.0583444464815313,0.1092053468546187,-0.7251851696762655,0.5394809965101373,0.5898492294448912,-0.567357574044559,0.2284835758940685,0.2817229910162847,0.388948591399726,-0.3022574855723829,-0.3928411567460504,-0.1277211980278604,0.4084727937130954,0.1507512376624546,0.2470573851036731,-0.8646157247300631,-0.6420043641948351,-0.6185677000086734,0.4714758466625215,0.6689581800844502,0.5706247760490719,-0.4091381100544721,0.1082168227719404,-0.0837316688715765,-0.3091843338906578,-0.1808981911111381,-0.0078683985395949,-0.4360062373960579,-0.7098622535055418,-0.3591808514536615,-0.1897732545788937,-0.2447215202905219,-0.1720966946506053,-0.2449265049874135,0.0577648032821873,-0.7157839149393034,0.2939565253401415,0.1756759525564689,0.1189080569020597,-0.3104359935168185,-0.101448710656161,-0.0659338032723779,-0.9789818905006392,-0.8329733485332718,-0.2567487289054926,0.37667847616135425,0.6319654866117927,-0.2640910341840885,-0.5147259177692045,1.4402067114913577,1.2764314682129785,-0.8214043258448125,0.4378171878376981,1.5650730591199948,-0.7497404186653106,-0.4205181800281233,0.8798193817547342,1.4072338699562337,-0.9037719554530566,1.3197799332422928
SI_018,45.655,15.335,True,0.466314207050283,-0.1024354656756613,-0.5172284774102931,0.3854024431332942,0.9260223445216486,0.482871675370333,-0.2330182062119816,0.136543057423375,-0.0229925501183896,-0.7807204683097108,0.4220951975745303,0.1057543680788059,-0.5873346372030525,0.0315299105773636,-0.076325901467201,0.5212776829093307,-0.2706368341588079,-0.3609092919394427,-0.0904649985648455,-0.3031784657239233,-0.31690357307252,0.2470573851036731,0.0908658264321849,-0.6420043641948351,-0.6185677000086734,0.4131161143621069,0.8379481282507163,0.2650428394075238,0.0568326200240963,-0.1090441399009231,-0.2916439930469859,-0.6013055146968422,-0.1808981911111381,-0.0078683985395949,-0.365587116790204,-0.2388218744351977,-0.5468846419569181,-0.7783453774757525,-0.163527093403434,-0.1720966946506053,-0.2449265049874135,-0.2071280803404145,-1.0144411458513312,0.2939565253401415,1.306929071038542,-0.4805342087526124,-0.2641201091642684,0.3693143702347332,-0.0275235037827599,-0.9649902470290012,0.6623962473966163,-0.2567487289054926,0.37667847616135425,0.5681644885405865,-0.23994262152152057,0.40223701625014163,-1.5921761427085879,1.2764314682129785,-0.8214043258448125,0.4378171878376981,1.5650730591199948,-0.7497404186653106,-0.4205181800281233,0.8798193817547342,1.2846199969063186,-0.9037719554530566,1.4420142966983889
SI_019,45.651,15.306,True,0.466314207050283,-0.182026849749014,-0.2239346330730769,0.2467428508438223,0.9260223445216486,0.2524174139953161,-0.2098740484064417,0.4558540521025697,0.2678428232222287,-0.7550887920173514,0.0308092011225073,0.8520672793515207,-0.7631327929977948,0.1311652942081673,0.6621499392799882,-0.107285501761291,-0.1576546656528427,-0.2468151424197705,-0.0155971941847441,0.5778858099755333,-0.2248269092641721,0.2470573851036731,0.8456284846175435,-0.6420043641948351,0.7464352882089605,0.5442347602414371,1.1437684342312855,0.1195737940426667,-0.5750562542935197,-2.7338590550449298,8.329787049426654,-0.0170631530844733,-0.1808981911111381,-0.0078683985395949,-0.0487010740638615,0.2322185046351462,1.1424494725723913,-0.1897732545788937,0.3236394679190933,0.3540274861383882,-0.2449265049874135,0.2932251442800557,-0.6386799908635883,-0.9964372474350444,1.1230657335377745,-0.9361103306501632,-0.8749582888630651,0.1182407270929229,-0.0082927300889918,-0.9579944252931824,2.0435589131464944,-0.2567487289054926,0.37667847616135425,-0.9995557458899139,-0.2209193977796888,-0.3093315023081885,-0.9209823269104489,1.3428247319871762,-1.0987769463165369,0.812751701574336,1.1293947678632643,-0.8471574502256425,-0.737817186626753,1.123761244332889,1.4087737102197797,-0.7484411477629246,1.441094898726481
SI_020,45.653,15.308,True,0.466314207050283,-0.2031172495834482,-0.078459276751832,0.1672983071853467,0.9260223445216486,0.0680540048953013,-0.2185531075835193,0.2994568302188825,0.2678428232222287,-0.6440181947504608,0.3438379982841257,0.8520672793515207,-0.7271740793125067,0.4115346295413589,0.7292841066206418,0.0912081355031153,-0.1741637562830088,-0.2634867170558383,-0.0053911611601992,0.555143586608781,0.2460704119231136,0.2470573851036731,0.6497867039929828,1.7817990787880966,-0.6185677000086734,0.4924891560003939,-0.2578182054223765,-0.5017749407173437,-0.0343992798312936,0.2161789862258274,-0.3470872794937616,-0.0170631530844733,-0.1808981911111381,-0.0078683985395949,-0.3303775564872771,-0.0033016849000257,0.5793381010626214,1.5759431141116824,-0.2447215202905219,-0.1720966946506053,-0.2449265049874135,0.6537737914330416,-0.0869050341967518,0.2939565253401415,-0.00232596982263,-1.0320210931549108,-1.6605060585540226,0.5053125936032138,-0.0844855423187311,-0.0555334213725351,1.5989249539878925,-0.2567487289054926,0.37667847616135425,0.8282064973546951,-0.2152401343810352,-0.23195372830616004,-1.6862836396828487,1.55538024559203,-1.1051561437601485,0.6896331285133169,1.0256343240307506,-0.7172925373697548,-0.5869718062097745,1.1017244573772125,1.422376193453884,-0.7484411477629246,1.441094898726481
SI_021,45.65,15.301,True,0.466314207050283,-0.0765313994105969,-0.4196857629529413,0.308899123183217,0.9260223445216486,0.3999081412753265,-0.2272321667605967,0.3450726866016246,0.162084505643822,-0.7465448999198983,0.0438520676709082,0.4083136564326092,-0.7391603172076028,0.4022662217617493,0.0131863216536703,-0.0080386831290874,-0.3174629236028671,-0.4081962481122653,-0.2082677849869615,-1.002337555497434,0.6280823068583303,0.2470573851036731,1.3539437330601176,-0.6420043641948351,1.564391446487536,0.2118130200137705,1.1650299606948291,0.603657877692038,0.4179884559455462,-0.0863095237589815,-0.1668965985417403,0.2750580277217112,-0.1808981911111381,-0.0078683985395949,-0.2599584358814232,0.4677386941703182,-0.3591808514536615,-0.1897732545788937,-0.163527093403434,0.8801516669273817,-0.2449265049874135,-0.1997699446842311,-0.5586846696350338,1.5843502981153277,-0.1065974598817903,0.7183503225567318,-0.5503674599988817,-0.0177574962755576,-0.3396744500019239,0.3991949914556978,0.422266812203057,-0.2567487289054926,0.37667847616135425,-0.7956163724101041,-0.22179668236972472,-0.22417963881064906,0.02282450832275401,1.3352358642089492,-1.1555498964243471,0.9027146756498317,1.2446515360159618,-0.729199208806579,-0.3503468314620702,1.0951591314708786,1.3173427498146333,-0.9037719554530566,1.0303686639892655
SI_022,45.643,15.302,True,0.466314207050283,-0.2203208641449665,-0.4262393779457366,0.3964581549397945,0.9260223445216486,0.5842715503753418,-0.2503763245661364,0.1951920156297576,0.0563261880654153,-0.7892643604071639,0.5394809965101373,-0.0152693472627153,-0.7111924287857119,0.3234847556350673,-0.0539478456869832,0.049855294406364,-0.5433467795680222,-0.6363032740028843,-0.4444071663399835,-0.2307626675964418,-1.342740262241462,0.2470573851036731,-0.8646157247300631,0.6902267806291911,0.6461955289172611,0.4419189527197805,0.9461803238002569,-2.9083793773897995,0.6757295914849311,-0.4282080662380157,-0.4579738523873133,-1.185547876309211,-0.1808981911111381,-0.0078683985395949,-0.400796677093131,-0.4743420639703698,0.767041891565878,0.398798868317965,-0.163527093403434,0.3540274861383882,-0.2449265049874135,0.2564344659991387,-0.2913509078787652,0.2939565253401415,2.871926908524104,-0.3007015290562108,1.0636272181685915,0.6413108169716945,-0.2646347154753419,0.3991949914556978,0.7060706352114422,-0.2567487289054926,0.37667847616135425,0.3532388645222546,-0.279281909453658,-0.44964473967833457,-0.5034132414419312,1.1408996579669188,-0.4227633825999888,-0.0759991652571836,0.9600605159821886,-0.2005265326465385,-0.8486662511290098,0.1769354082219292,1.227836513251722,-0.9037719554530566,1.342777851554453
SI_023,45.643,15.302,True,0.466314207050283,-0.1266846495005016,-0.4429160403099478,0.3526389840500681,0.9260223445216486,0.6027078912853412,-0.247483304840444,0.2603575247479606,0.2149636644330253,-0.7337290617737185,0.5003523968649348,0.2872899410910879,-0.6992061908906158,0.3628754886984084,-0.0539478456869832,-0.0328503877871385,-0.5188992496756033,-0.6116151292467937,-0.3905768811873857,-0.6423549959443913,-0.31690357307252,0.2470573851036731,-0.8646157247300631,-0.6420043641948351,-0.6185677000086734,0.4638649078648615,1.1141266377404857,1.10938736773867,1.2838580460319515,0.9950053073235056,-0.3748089227171496,-0.6013055146968422,-0.1808981911111381,-0.0078683985395949,-0.4360062373960579,-0.7098622535055418,-0.5468846419569181,-0.7783453774757525,-0.3259159471776098,-0.1720966946506053,-0.2449265049874135,0.146062431156388,-0.6334995709647512,-0.9964372474350444,0.3691026515715384,0.586473024112704,-0.0240367873236723,1.5619141751583323,-0.0352106884704753,0.9588607303212154,1.090373368866717,-0.2567487289054926,0.37667847616135425,0.3532388645222546,-0.279281909453658,-0.44964473967833457,-0.5034132414419312,1.1408996579669188,-0.4227633825999888,-0.0759991652571836,0.9600605159821886,-0.2005265326465385,-0.8486662511290098,0.1769354082219292,1.227836513251722,-0.9037719554530566,1.342777851554453
SI_024,45.648,15.324,True,0.466314207050283,0.0715416598274149,-0.6530106739548174,0.3700309827493104,0.9260223445216486,0.7225441072003526,-0.247483304840444,0.4623706030143901,0.082765767460017,-0.5671231658733827,0.1481950000581143,0.4284842756561961,-0.4714676708837905,0.1705560272715082,0.1474546563349775,0.2566194998901212,-0.4679199794134334,-0.5601341162638583,-0.3308118436680237,-1.7752643971994784,0.0165048513821427,0.2470573851036731,-0.8646157247300631,-0.6420043641948351,-0.0486202861527941,0.0777789758620293,0.7745203710686586,0.3630354104476836,0.5669069855897141,0.1113069738022151,-0.2084790633768221,-0.3091843338906578,-0.1808981911111381,-0.0078683985395949,-0.4360062373960579,-0.7098622535055418,0.767041891565878,-0.1897732545788937,0.5672227485803569,0.3540274861383882,-0.2449265049874135,0.0577648032821873,-0.5743464042129134,-0.9964372474350444,0.3225198261309077,-0.0249580868550615,-0.2613107850314088,1.237610719433494,0.36766184903821,0.0703913698722062,0.5905088426357167,-0.2567487289054926,0.37667847616135425,0.3916072371895055,-0.3196831734684706,0.14762320614875676,-0.7322556148340525,0.3085662270871807,-0.9011482203553536,1.1617474590282912,0.7803234559207766,-0.7166626796836071,-0.0268327732297295,0.9957216390972332,1.2105770241224922,-0.9200936353006692,1.429150085883681
SI_025,45.644,15.303,True,0.466314207050283,0.2286676030133344,-0.4663890733198512,0.1612514400779933,0.9260223445216486,0.7962894708403563,-0.247483304840444,0.286423728395242,0.082765767460017,-0.6354743026530077,1.009024192252565,0.1662662257495666,-0.7711236182611922,0.0593351339161926,-0.076325901467201,-0.1734500475160934,-0.6106191557307767,-0.7042377511505035,-0.6278154946984373,-0.6183532174741246,0.0716664317971838,0.2470573851036731,-0.1748267487994795,-0.6420043641948351,-0.6185677000086734,0.5657862543086108,1.339644849267778,0.3445279981501935,0.5036697056496215,-0.5884423706330177,-0.3609481011054557,-0.3091843338906578,-0.1808981911111381,-0.0078683985395949,-0.2599584358814232,-0.2388218744351977,-0.3591808514536615,-0.1897732545788937,-0.3259159471776098,-0.1720966946506053,-0.2449265049874135,0.984889895961294,-0.2096689383110545,0.2939565253401415,-0.5341722682308913,0.0589638303365925,-0.4441446367050822,-0.6035959969397817,-0.3852338312511172,1.0358147694152242,2.4382223592395924,-0.2567487289054926,0.37667847616135425,-0.998322933189035,-0.25933522824863053,-0.46436764377599016,-0.2768730929736354,0.9135067591171292,-0.5832174560571044,0.3068266650861114,0.5989525933945983,-0.6032123558886043,0.1174704145724399,0.6532410876920508,1.2196881791092586,-0.9037719554530566,1.3615632937604814
SI_026,45.661,15.315,True,0.466314207050283,-0.0819123917489767,-0.6100356765697208,0.431983620252009,0.9260223445216486,0.8700348344803625,-0.2416972653890591,0.051827895569711,0.1885240850384237,-0.622658464506828,0.5916524627037403,0.5495079909977174,-0.6832245403638211,0.4022662217617493,0.1250766005547596,-0.1155560699806419,-0.5475943264824168,-0.64059262566918,-0.5739334327841813,-0.9958305507184316,-1.342740262241462,0.2470573851036731,0.0908658264321849,-0.6420043641948351,-0.6185677000086734,0.2365412717180786,0.4727374235244421,0.929204427603052,1.4834578577444368,0.2377410089604732,-0.4163913875522315,-0.8934266955030267,-0.1808981911111381,-0.0078683985395949,-0.365587116790204,-0.2388218744351977,-0.5468846419569181,-0.7783453774757525,-0.3259159471776098,-0.1720966946506053,-0.2449265049874135,-0.1850536733718643,-0.6173559368613983,0.2939565253401415,0.7874225939390571,0.5385176428603302,-0.2837094504150191,1.603759782348634,0.2481901870166329,0.2872618436825943,0.977122812142506,-0.2567487289054926,0.37667847616135425,0.26470057703623323,-0.06083804653471136,0.11053535244087316,0.6979165016217541,1.1097753638253494,-0.9311262227156668,0.706568514253878,1.4859090040932368,-0.46846110027402,-0.9720683123003084,0.8314015907013926,1.3498730609336036,-0.8868799627225425,0.818573441213304
SI_027,45.662,15.313,True,0.466314207050283,-0.0275959387412744,-0.4529852567352673,0.301492046839334,0.9260223445216486,0.6487987435603458,-0.2330182062119816,0.2212582192770388,0.1092053468546187,-0.6781937631402732,0.5655667296069387,0.4083136564326092,-0.723178666680808,-0.0935935944473665,-0.0315697899067653,-0.3636731165611504,-0.3393805513762311,-0.4303295912172763,-0.2670356735284538,0.7965794584916561,-0.31690357307252,0.2470573851036731,-0.8646157247300631,0.4550105757858323,-0.6185677000086734,0.5363505149386196,-0.0999852950294584,0.0258721176231492,1.498487184720348,0.5116813137136722,-0.3748089227171496,-0.6013055146968422,-0.1808981911111381,-0.0078683985395949,-0.4360062373960579,-0.7098622535055418,0.2039305200561082,0.398798868317965,-0.4071103740646977,-0.6982208754395988,-0.2449265049874135,0.1387042955002046,-0.5379629900396854,1.5843502981153277,0.4582578605274476,-0.552467280631173,-0.6472511787429046,1.237610719433494,-0.0693674124328908,0.2522827350034995,-0.226791973132604,-0.2567487289054926,0.37667847616135425,0.7748512233910212,-0.09676054185302471,0.11342381456765538,1.4537474824671852,1.1212315013585632,-1.1122753864432766,0.9713515876312916,1.4859090040932368,-0.4286208467025413,-0.9334206887676508,0.5898789376692757,1.3852263615442764,-0.8868799627225425,1.188825484866214
SI_028,45.649,15.355,True,0.466314207050283,0.0563202275919862,-0.6896418025813091,0.4019483646974318,0.9260223445216486,0.9253438572103668,-0.2503763245661364,0.3255230338661636,0.3736011408006353,-0.0758493702698285,0.8003383274781525,0.8318966601279338,-0.5913300498347512,0.474096382053724,0.863552441301949,0.1987255223546697,-0.5235117240884588,-0.6162730000619412,-0.411750557175558,-0.297243605069002,0.2831724219552556,0.2470573851036731,-0.8646157247300631,-0.6420043641948351,-0.6185677000086734,0.4638875505090711,0.3035598879792255,1.0141286713462982,0.3640342987791645,-0.1419642693778808,-0.3956001551346906,-0.3091843338906578,-0.1808981911111381,-0.0078683985395949,-0.4360062373960579,-0.7098622535055418,-0.5468846419569181,-0.7783453774757525,-0.4071103740646977,-0.6982208754395988,-0.2449265049874135,0.0651229389383707,-0.7833703233869225,0.2939565253401415,0.789582062668093,0.4066403444163023,-0.7953860809917986,1.1539195050528903,0.1939570990448006,0.3012534871542323,0.0488826755014887,-0.2567487289054926,0.37667847616135425,-0.06680100101100483,-0.35934567151272656,0.008927507569608797,0.6939159804953182,1.2605062658231034,-0.9082222151991782,0.5780869895156974,0.8838855720837878,-0.7104110071179062,-0.0547766009337925,0.486349929150783,0.93185675795697,-0.7833113275759072,0.7565489542430591
SI_029,45.649,15.355,True,0.466314207050283,-0.0808204050556758,-0.4451858153578074,0.3274583174206203,0.9260223445216486,0.934562027665367,-0.253269344291829,0.136543057423375,0.003447029276212,-0.7166412775788124,0.435138064122931,0.0452425104080453,-0.6792291277321224,-0.0704225749983424,-0.1031795684034625,0.3972191596190761,-0.5389278583723301,-0.6318408613736709,-0.4299985991589649,-0.6900291104624834,0.7089331160964221,0.2470573851036731,-0.8646157247300631,-0.6420043641948351,1.564391446487536,0.7690684662768099,1.1153404687123964,-1.1094736978432096,0.5387518735967559,0.6907473359868322,-0.3748089227171496,-0.0170631530844733,-0.1808981911111381,-0.0078683985395949,-0.400796677093131,-0.4743420639703698,-0.5468846419569181,-0.7783453774757525,-0.163527093403434,0.8801516669273817,-0.2449265049874135,0.4845366713408237,-0.6953031851066915,-0.9964372474350444,0.6834595994126162,-0.3007015290562108,3.2287003800441994e-05,0.8714616565183538,0.1429526286418089,0.2872618436825943,-0.7775833858849067,-0.2567487289054926,0.37667847616135425,-0.06680100101100483,-0.35934567151272656,0.008927507569608797,0.6939159804953182,1.2605062658231034,-0.9082222151991782,0.5780869895156974,0.8838855720837878,-0.7104110071179062,-0.0547766009337925,0.486349929150783,0.93185675795697,-0.7833113275759072,0.7565489542430591
SI_030,45.649,15.358,True,-1.0805370281174844,0.1713975418173456,-0.7224805309703564,0.3558744059989843,0.9260223445216486,0.8515984935703605,-0.2445902851147516,0.2212582192770388,0.1092053468546187,-0.6781937631402732,0.5655667296069387,0.4083136564326092,-0.723178666680808,-0.0935935944473665,-0.0315697899067653,0.0746669990644151,-0.5883630374219829,-0.6817625860547215,-0.4954315406578055,-0.1628398909598392,-0.31690357307252,0.2470573851036731,0.6497867039929828,-0.6420043641948351,0.6461955289172611,0.5906271332358655,-0.1191386133398063,0.6925484460594676,-0.0383565064416171,-0.4786165676965452,-0.3748089227171496,-0.6013055146968422,-0.1808981911111381,-0.0078683985395949,-0.3303775564872771,-0.0033016849000257,-0.5468846419569181,-0.7783453774757525,-0.163527093403434,0.3540274861383882,-0.2449265049874135,0.5949087061835745,-0.0590753366006733,0.2939565253401415,-0.3018751320931763,-0.144846539985996,-0.557428734170664,0.4425441828177612,-0.132517634642473,0.5810863565869911,1.1624998669915665,-0.2567487289054926,0.37667847616135425,0.5110528318085134,-0.3258703384718819,-0.24997773197728101,1.4394528138930631,0.9945409311400498,-0.6813005616016808,0.4034774001712752,0.5012914560801798,-0.6661745128170736,-0.0987089542396838,0.4588090204762128,0.9704182375868244,-0.7833113275759072,0.7152005814805462
SI_031,45.99,14.335,True,0.4276429261710888,0.1019078486001551,-0.8526669575078742,0.4782394899442534,0.9260223445216486,-1.720271063374836,-0.1635857327953622,-0.0524369190194137,-0.0494321295129912,-0.2809027806087034,0.4090523310261296,0.1864368449731535,-0.7511465551026987,0.033847012522266,-0.076325901467201,-0.0742032288838898,3.766684109857884,3.7161473404195298,4.17314589119721,0.6463555778699059,0.1435079727270573,0.2470573851036731,-0.8646157247300631,-0.6420043641948351,-0.6185677000086734,0.5519007637890609,-0.2915210778141813,-0.0614629773250897,1.5962420654239986,0.3452487332845864,-0.3609481011054557,-0.3091843338906578,-0.1808981911111381,-0.0078683985395949,-0.400796677093131,-0.4743420639703698,0.0162267295528516,-0.1897732545788937,-0.4071103740646977,-0.6982208754395988,-0.2449265049874135,0.0798392102507375,-0.8745698085827293,0.2939565253401415,1.0113903506933482,0.2148188194068072,-0.3865914558210936,1.2794563266237955,-0.111365064776776,0.0284164394572924,-0.2989981690454366,-0.33863842834817803,0.6487332507356284,0.911279107044711,0.31934939106296495,-0.7725252889589834,0.7082623275338398,1.6707189864309258,-0.9377095963597716,0.3662640112450638,0.8100408739190598,-0.6400526489914096,-0.89756230654676,0.2201787788573564,1.382210624314439,3.5447005409794774,1.0588531764509754
SI_032,45.997,14.344,True,0.4276429261710888,0.0213677570996913,-0.3585178081396136,0.2135472775513789,0.9260223445216486,-1.6649620406448318,-0.2098740484064417,-0.4108472191695303,-0.0362123398156904,0.0480370651432415,-0.1778766636519048,-0.3379992548401054,0.5273854870408822,0.281776920626824,0.109411961508607,0.1821843859159687,2.55952583503444,2.497108101547568,2.573695355152017,0.3021658975805575,0.2831724219552556,0.2470573851036731,-0.8646157247300631,0.7102013799351834,-0.6185677000086734,0.8384659469802848,0.3593417510309736,-0.6923592674135409,1.6454831677959405,-0.0405753974307328,-0.3956001551346906,-0.3091843338906578,-0.1808981911111381,-0.0078683985395949,-0.4360062373960579,-0.7098622535055418,-0.1714770609504049,0.398798868317965,-0.4071103740646977,-0.6982208754395988,-0.2449265049874135,0.7862202332443425,-0.3277343220519933,0.2939565253401415,1.00522044003896,0.262774200659181,-0.3914508272941481,1.6351439877413605,0.0292976030339365,-0.6991490210678805,-0.7637159707758197,-0.33863842834817803,0.6487332507356284,0.3985411369675924,0.32253531931099017,-0.6551546936244218,-0.965468365029193,1.2564674721000266,-0.7728133817201327,0.3773373963692267,1.0928795124183008,-0.4187195732178138,-0.9525983294918744,0.1373901521790131,1.703662758075719,3.5447005409794774,0.7799503140594762
SI_033,45.998,14.345,True,0.4276429261710888,-0.155375402531548,-0.5323686495464597,0.4256606337055811,0.9260223445216486,-1.563562165639824,-0.192515930052287,-0.3130989554922258,0.1435768000676008,-0.2552711043163439,-0.1257051974583017,-0.3783404932872792,0.3475919186144411,0.5621462559600156,0.6151560221415309,-0.3057791390256981,2.879864034527146,2.8205990994022763,2.7874084076220136,-0.093009060760783,-0.31690357307252,0.2470573851036731,-0.8646157247300631,-0.6420043641948351,-0.6185677000086734,0.5454050308834801,0.3432329189735624,1.25451779858261,1.3072768318712007,0.9961234028493412,-0.3748089227171496,-0.6013055146968422,-0.1808981911111381,-0.0078683985395949,-0.4360062373960579,-0.7098622535055418,-0.5468846419569181,-0.7783453774757525,-0.4071103740646977,-0.6982208754395988,-0.2449265049874135,0.0283322606574538,-0.8542095536314858,0.2939565253401415,0.165187104444009,0.7303391678698252,-1.170696599605988,1.0806896924698626,-0.0775927000487463,1.1127688085092329,0.9966487701984044,-0.33863842834817803,0.6487332507356284,0.009114353271998218,0.32345877677418583,-0.6796653579574022,-0.878224984091021,1.2564674721000266,-0.7728133817201327,0.3773373963692267,0.618455927647525,-0.4187195732178138,-0.9525983294918744,0.1373901521790131,1.703662758075719,3.5447005409794774,0.7799503140594762
SI_034,45.989,14.335,True,-0.3071114105336007,0.0828505973023853,-1.0066914046330109,0.5863661147851223,0.9260223445216486,-1.6557438701898315,-0.1433345947155148,-0.4499465246404521,-0.0494321295129912,0.0138614967534291,-0.0474479981678971,-0.4791935894052136,0.8630001481035723,0.3883636100923348,-0.2173076528825735,-0.2313440250515456,3.696754350748568,3.645529326115161,3.995443366056316,1.2304966798477572,0.0533865902661269,0.2470573851036731,0.5686066020133089,-0.6420043641948351,-0.6185677000086734,0.6770095768931674,0.6321582309249937,1.289397527140934,-0.6185319448692812,-0.264946074916937,-0.250061528211904,-0.3091843338906578,-0.1808981911111381,-0.0078683985395949,-0.2951679961843502,-0.0033016849000257,-0.5468846419569181,-0.7783453774757525,-0.4071103740646977,-0.6982208754395988,-0.2449265049874135,0.7273551479948754,-0.535071592886846,0.2939565253401415,0.1294016226485576,1.0300603006971614,-0.5835478558383316,0.5053125936032138,0.0361904453039213,-0.6361866254455097,0.3589070707563661,-0.33863842834817803,0.6487332507356284,0.27303444317507825,0.31944173680928445,-0.8128482202488629,-0.9420154619209443,1.6707189864309258,-0.9377095963597716,0.3662640112450638,1.1202767054493703,-0.6400526489914096,-0.89756230654676,0.2201787788573564,1.382210624314439,3.5447005409794774,1.0588531764509754
SI_035,45.996,14.344,True,-3.400813880869136,-0.1740487298936182,-0.452237905783783,0.3859951642993018,0.9260223445216486,-1.6649620406448318,-0.2040880089550568,-0.3782644646104288,-0.0705837930286726,-0.622658464506828,-0.0474479981678971,-0.3783404932872792,0.023963495446847,0.2493374933981901,-0.0136673452825911,0.5130071146899806,2.588094519584269,2.525957961748618,2.681289923794504,1.048996586812387,-1.342740262241462,0.2470573851036731,-0.8646157247300631,1.3863042520001925,-0.6185677000086734,0.7818509544368526,-1.010701253048771,-3.450573352636481,1.189489029757982,1.8699953181492412,-0.4163913875522315,-0.8934266955030267,-0.1808981911111381,-0.0078683985395949,-0.4360062373960579,-0.7098622535055418,0.2039305200561082,0.9873709912148236,-0.4071103740646977,-0.6982208754395988,-0.2449265049874135,0.4992529426531905,-0.7155429651765668,-0.9964372474350444,5.4185575311228265,-0.984065711902537,0.2234874470850383,0.944691469101382,-0.3363689605862062,-2.1262966551749503,-2.14639289449738,-0.33863842834817803,0.6487332507356284,0.6844813616579166,0.3226738379304694,-0.6672037070675705,0.2620735058203718,1.2564674721000266,-0.7728133817201327,0.3773373963692267,1.0928795124183008,-0.4187195732178138,-0.9525983294918744,0.1373901521790131,1.516309509018089,3.5447005409794774,0.9531357292099868
SI_036,45.998,14.345,True,-2.24067545449331,-0.3943424932188497,0.0525011863109269,0.1957161391800601,0.9260223445216486,-1.093435472434788,-0.1635857327953622,-0.3000658536685852,0.0378184824891942,0.0864845795817806,-0.1387480640067025,-0.3178286356165186,-0.2876786898256507,0.552877848180406,0.0758448778382803,-0.0659326606645397,1.8970405106213424,1.8281025349374205,2.109916403735596,-0.5464350525988148,-0.31690357307252,0.2470573851036731,-0.8646157247300631,-0.6420043641948351,-0.6185677000086734,0.5538633862509132,-0.2363181396595748,1.4060720389553152,-0.1220780760920741,-1.4414820656621254,-0.2916439930469859,-0.6013055146968422,-0.1808981911111381,-0.0078683985395949,-0.4360062373960579,-0.7098622535055418,-0.5468846419569181,-0.7783453774757525,-0.4071103740646977,-0.6982208754395988,-0.2449265049874135,0.146062431156388,-0.6886770666314348,1.5843502981153277,1.4661127659217572,0.562495333486517,-1.418296761693965,0.3170073612468561,0.402830718984508,0.7979568303973792,3.060582385600862,-0.33863842834817803,0.6487332507356284,0.009114353271998218,0.32345877677418583,-0.6796653579574022,-0.878224984091021,1.2564674721000266,-0.7728133817201327,0.3773373963692267,0.618455927647525,-0.4187195732178138,-0.9525983294918744,0.1373901521790131,1.703662758075719,3.5447005409794774,0.7799503140594762
SI_037,45.975,14.535,True,0.466314207050283,0.5957435955779463,-0.1920060629322426,-0.2246532953365849,0.3363119625338547,-1.148744495164792,-0.1288694960870524,0.0583444464815313,-0.1023112883021946,-0.7892643604071639,-0.2691767294907101,0.1864368449731535,-0.6992061908906158,0.6780013532051361,0.2369668794558489,0.1573726812579177,0.53924538401982,0.4569438623777138,0.9029277909284624,0.7037389545119328,0.1960147715119509,0.2470573851036731,1.2717706530535102,-0.6420043641948351,-0.6185677000086734,0.4141748699777923,1.586917981060552,0.0269646784162627,-0.0463112774241879,-1.6713129976803625,-0.3748089227171496,-0.3091843338906578,-0.1808981911111381,-0.0078683985395949,-0.1895393152755693,0.4677386941703182,-0.5468846419569181,-0.7783453774757525,-0.4071103740646977,-0.6982208754395988,-0.2449265049874135,-0.4793790996191998,-1.5879015811644626,2.874744070890513,0.1630276357149732,0.4186291897293958,-0.3531832769438444,0.0031653073195932,-0.2488375509420867,-0.8950320296708116,-0.5424749113342928,-0.25529497749186675,0.31233712795799734,0.7728000693578938,0.3172716117707746,-0.6829004355393984,0.18607475075354296,1.5536461225384948,-0.975596247921969,0.4962247192845813,1.064451433037753,-0.5325237532306168,-0.960930157267774,0.304277110703708,1.4046033222538756,3.5447005409794774,1.1001997966439652
SI_038,45.974,14.538,True,0.466314207050283,0.3751290502948011,-0.0748719441913063,-0.1704697065435821,0.3363119625338547,-1.5266894838198213,-0.1144043974585901,-0.1697348354321792,0.0748338936416365,-0.7892643604071639,0.0177663345741066,-0.0152693472627153,-0.6392750014151355,0.501901605392553,0.2213022404096963,0.3724074549610258,1.670198124335729,1.5990275447817517,2.1473013062791817,0.1435443559111712,-0.3260580783024199,0.2470573851036731,0.6497867039929828,-0.6420043641948351,-0.6185677000086734,0.7918378066789883,1.1244159066466772,0.6093001169544826,-0.4739741901325763,1.0176220245740224,-0.2708527606294449,-0.6013055146968422,-0.1808981911111381,-0.0078683985395949,-0.3303775564872771,-0.0033016849000257,-0.5468846419569181,-0.7783453774757525,-0.4071103740646977,-0.6982208754395988,-0.2449265049874135,1.0658293881793113,-0.4088139172128625,-0.9964372474350444,-2.5810401278241706,0.7063614772436384,-0.306032188119363,0.4530055846153367,-0.1822280956230326,-1.8044888553272775,-2.019912504967948,-0.25529497749186675,0.31233712795799734,0.5778411024980592,0.3152400053517438,-0.7563664065468704,-0.15755258519188106,1.5451184813779026,-1.061250033774256,0.6301289805278525,1.1016297291967596,-0.5079108037908661,-0.8105423353193267,0.248999992583924,1.5508287932253388,3.5447005409794774,1.1001997966439652
SI_039,45.974,14.538,True,0.466314207050283,-0.0582916155693662,0.1552504517502247,-0.0640203012995496,0.3363119625338547,-1.6373075292798298,-0.1028323185558201,-0.0198541644603122,-0.0838035827259734,-0.8277118748457027,-0.2039623967487063,-0.1161224433806497,-0.6632474772053276,0.8077590621196713,-0.3650028210320113,0.2731606363288222,1.3725002674143296,1.2983997178562776,1.7654013109696098,0.2920103413845037,0.3398043033454644,0.2470573851036731,0.0908658264321849,-0.6420043641948351,-0.6185677000086734,0.9189473978816112,1.0613995240705212,1.2794688677018191,-0.0011273418432037,-0.654231847066445,0.2212064065856904,0.2750580277217112,-0.1808981911111381,-0.0078683985395949,-0.365587116790204,-0.2388218744351977,-0.5468846419569181,-0.7783453774757525,-0.4071103740646977,-0.6982208754395988,-0.2449265049874135,0.6832063340577752,-0.8485472342071754,0.2939565253401415,2.136473558521033,1.6055248757256466,-0.3944879344648071,0.0345495127123195,-0.3152292026949889,-0.2863955386545612,0.1634880946214151,-0.25529497749186675,0.31233712795799734,0.5778411024980592,0.3152400053517438,-0.7563664065468704,-0.15755258519188106,1.5451184813779026,-1.061250033774256,0.6301289805278525,1.1016297291967596,-0.5079108037908661,-0.8105423353193267,0.248999992583924,1.5508287932253388,3.5447005409794774,1.1001997966439652
SI_040,45.973,14.537,True,0.3889716452918946,0.462026922066464,-0.1210099067511771,-0.1918120824282725,0.3363119625338547,-1.3331079042648062,-0.1317625158127449,-0.0133376135484919,0.0880536833389373,-0.6482901407991873,0.1742807331549158,0.0049012719608715,-0.631284176151738,0.5181213190068699,-0.1613625134320288,0.3227840456449236,1.4156934014656797,1.3420179627514246,1.7125595871416086,0.0065828774769417,0.6670691551711528,0.2470573851036731,-0.2992833004697436,-0.6420043641948351,-0.6185677000086734,0.7892460254981306,0.6280507944163521,1.1760426877556875,-0.3246388588595674,-0.0797103326390181,-0.2639223498235979,-0.0170631530844733,-0.1808981911111381,-0.0078683985395949,-0.1895393152755693,-0.2388218744351977,-0.5468846419569181,-0.7783453774757525,-0.4071103740646977,-0.6982208754395988,-0.2449265049874135,0.6464156557768582,-0.6479565567289477,1.5843502981153277,-1.5080926650260658,1.1259710632019089,-0.2528068849535635,0.3902371738298841,0.0383300450420021,0.5670947131153532,0.2957067248856417,-0.25529497749186675,0.31233712795799734,0.07661103017604391,0.3184259335997693,-0.7798372245142093,-0.05855083364804399,1.5451184813779026,-1.061250033774256,0.6301289805278525,1.1016297291967596,-0.5079108037908661,-0.8105423353193267,0.248999992583924,1.5508287932253388,3.5447005409794774,1.1001997966439652
SI_041,45.973,14.539,True,0.466314207050283,0.7369621447451891,-0.2669853000688895,-0.2593369912289017,0.3363119625338547,-1.2685807110798015,-0.1317625158127449,-0.2218672427267415,0.035174524549734,-0.7380010078224452,-0.0344051316194964,0.1057543680788059,-0.6073117003615459,0.2701914109023119,0.0870339057283892,0.7859358659285403,1.135826943030856,1.0593970325953708,1.380916724133871,1.370008429199445,0.4934346542217736,0.2470573851036731,-0.8646157247300631,-0.6420043641948351,-0.6185677000086734,1.0760707715060158,1.0605306489763469,0.0120969379150864,-0.0078143550479622,0.1922728783818806,-0.3055048146586799,-0.0170631530844733,-0.1808981911111381,-0.0078683985395949,-0.400796677093131,-0.4743420639703698,-0.5468846419569181,-0.7783453774757525,-0.4071103740646977,-0.6982208754395988,-0.2449265049874135,2.176907872263002,1.0585701378530912,-0.9964372474350444,-1.7212630781351774,0.1308969022151531,-0.4102808917522341,0.996998478089259,-0.0935820441991944,0.6300571087377239,0.3297376803544933,-0.25529497749186675,0.31233712795799734,0.0998850352494692,0.31782568624869184,-0.726706026879284,0.12524109172983564,1.5451184813779026,-1.061250033774256,0.6301289805278525,1.1016297291967596,-0.5079108037908661,-0.8105423353193267,0.248999992583924,1.61152597381045,3.5447005409794774,1.2090827349578843
SI_042,45.973,14.539,True,0.466314207050283,0.1781633432555569,0.0297059497395607,-0.1220943427939243,0.3363119625338547,-1.194835347439796,-0.1346555355384374,-0.2349003445503822,-0.1816300264859996,-0.7764485222609842,0.109066400412912,0.0452425104080453,-0.6632474772053276,0.2678743089574095,-0.1188442074496151,0.5295482511286809,0.6832753938505441,0.6023914289649922,0.9808894486918884,1.372168219437686,-0.31690357307252,0.2470573851036731,0.0127990032181508,-0.6420043641948351,-0.6185677000086734,0.6542734257177903,0.9755126536023024,0.0215934901280685,-0.3049632430029868,-0.0261510546041122,-0.3748089227171496,-0.6013055146968422,-0.1808981911111381,-0.0078683985395949,-0.3303775564872771,-0.2388218744351977,-0.5468846419569181,-0.7783453774757525,-0.4071103740646977,-0.6982208754395988,-0.2449265049874135,0.3079414155924225,-0.770961410605987,2.874744070890513,0.4709061773689434,0.4665845709817695,-0.2723202985250478,0.5785424061862419,-0.2078776685310431,-0.335366290805294,-0.2744512503465929,-0.25529497749186675,0.31233712795799734,0.0998850352494692,0.31782568624869184,-0.726706026879284,0.12524109172983564,1.5451184813779026,-1.061250033774256,0.6301289805278525,1.1016297291967596,-0.5079108037908661,-0.8105423353193267,0.248999992583924,1.61152597381045,3.5447005409794774,1.2090827349578843
SI_043,46.051,14.495,True,0.2729578026543121,0.9661309350777478,0.4997497692995509,-0.8755161154732616,-0.4151773738045728,-0.2177092792097207,-0.1954089497779794,-0.0263707153721325,-0.0494321295129912,-0.5500353816784765,-0.0213622650710956,0.1460956065259797,-0.631284176151738,0.0570180319712901,0.6173938277195525,0.7611241612704891,0.135548547027661,0.0492738035580313,0.2435712669974861,1.5242454539245405,-0.31690357307252,0.2470573851036731,-0.8646157247300631,-0.6420043641948351,-0.6185677000086734,0.2176878733482403,0.7852007729681824,0.0215934901280685,0.2356842008610043,-0.6285696694613807,-0.2084790633768221,-0.6013055146968422,-0.1808981911111381,-0.0078683985395949,-0.400796677093131,-0.4743420639703698,-0.5468846419569181,-0.7783453774757525,-0.4071103740646977,-0.6982208754395988,-0.2449265049874135,0.0467275997979122,-0.4285717977572645,0.2939565253401415,1.0212622077403692,-0.1208688493598091,-0.1931277290501136,0.6203880133765436,-0.1820743519292783,0.1543412307020339,0.7234447529917927,-0.21387742060618697,0.45216070249393336,0.7443133679615378,0.37882005169276906,0.7233514772589865,1.679124358834886,0.5423954335783717,-0.5252658184328942,0.4515098781929947,1.1798455691973269,-0.2993171900117671,-1.3570035991771103,0.7380835224745825,1.9427950864186203,-0.0787188756572161,1.956110587057125
SI_044,46.052,14.518,True,-0.3071114105336007,1.1119562746392495,-0.0939391788984342,-0.5859713925006149,0.0545034614069436,0.6395805731053461,-0.2503763245661364,0.0974437519524531,0.5322386171682454,-0.7807204683097108,-0.2561338629423094,-0.1766343010514104,2.796779861845738,2.293021408802116,2.318126067016109,0.9513472303155456,0.3753566021776416,0.2914420718972877,0.1469301246548541,-1.330165929734866,-0.31690357307252,0.2470573851036731,-0.8646157247300631,-0.6420043641948351,-0.6185677000086734,0.600693221020993,0.5033180384807239,1.3234277159829495,-0.8566618978075072,0.772781586607728,-0.250061528211904,-0.6013055146968422,-0.1808981911111381,-0.0078683985395949,-0.4360062373960579,-0.7098622535055418,-0.5468846419569181,-0.7783453774757525,-0.4071103740646977,-0.6982208754395988,-0.2449265049874135,0.2122856520620384,-0.5735030800433353,0.2939565253401415,0.7997624152478335,1.0540379913233482,-0.4320721357017126,-0.8965152472718937,-0.3991348235614026,2.4279832948431994,2.124213074585552,-0.20997898027195275,0.3441620970373154,-2.3271908986081473,0.33952693663379135,-0.44423093637785127,0.4735184761679685,0.5300481806984877,-0.8224237110509375,0.9053014220075394,0.4910911508887046,-0.2916820002590668,-1.3141917860261685,0.7616932156368411,2.1233470938591985,-0.0787188756572161,1.3859636182051625
SI_045,46.054,14.506,True,0.2729578026543121,1.2635444712624615,0.1256665245147826,-0.8123250997818252,-1.0936052468878756,1.1834526299503858,-0.2821995415487537,0.2733906265716013,0.5057990377736437,-0.8789752274304216,-0.6343769928459315,0.085583748855219,-0.2077704371916769,0.71044078043377,1.7139185609502274,1.100217458263851,-0.5210041295189697,-0.18660812661434,-0.3929137019888178,-0.7735950377359023,-1.342740262241462,0.2470573851036731,-0.8646157247300631,-0.6420043641948351,-0.6185677000086734,0.7605609797127731,1.3519603949024803,-2.125483705670499,0.7221036227995021,0.2328173430397652,-0.4579738523873133,-1.185547876309211,-0.1808981911111381,-0.0078683985395949,-0.400796677093131,-0.4743420639703698,-0.5468846419569181,-0.7783453774757525,-0.4071103740646977,-0.6982208754395988,-0.2449265049874135,0.4992529426531905,-0.5921766866554226,0.2939565253401415,-0.0257716303093051,0.8622164663138532,3.26287244812206,1.0911510942674378,-0.0062812500957063,1.4695557170360003,1.1181878968728742,-0.20997898027195275,0.3441620970373154,-2.2757212224897096,0.39304129662598297,1.1655007541289395,-0.5312811066950335,1.0198842156310213,-1.017620272162291,0.8925279584666408,-0.1642957852389134,-0.2116254610577886,-0.1728257453041733,0.1372652016859669,1.991365680735918,-0.0787188756572161,0.9237693237641674
