random_state,r2_global,rmse_global,mae_global,nematode_shannon_z_r2,macro_shannon_z_r2,earthworm_shannon_z_r2,orib_shannon_z_r2,meso_shannon_z_r2,coll_shannon_z_r2,bac_shannon_z_r2,fun_shannon_z_r2,euk_shannon_z_r2,oomy_shannon_z_r2,cerc_shannon_z_r2,macro_order_richness_z_r2,earthworm_richness_z_r2,orib_species_richness_z_r2,meso_species_richness_z_r2,coll_species_richness_z_r2,bac_asv_richness_z_r2,fun_asv_richness_z_r2,euk_asv_richness_z_r2,oomy_asv_richness_z_r2,cerc_asv_richness_z_r2
100,-0.05453411745754093,0.9533452558805336,0.7118602903091615,0.0659651644123429,0.2481747775852997,0.35806764085041154,0.22741275913822356,-0.13834080847741825,-1.1745417024001172,-0.029270502392414466,-0.06441640704325757,0.10935600320904515,0.07391522473700007,-0.1323900261620079,0.32246256184261957,0.46804723984923524,0.25675415043576255,-0.01833548662852813,-2.028935231311004,-0.07932845682435485,-0.008216193325246923,0.24218261200150948,0.13347071592507798,0.022749497969461463
110,-0.038907948189285876,0.9599788028465898,0.7183410028916251,0.030055362496379634,0.0783140184679344,0.3225112610280313,0.22414209674616803,-0.21228058630690771,-0.8292870315738572,-0.052523756160719914,-0.05241336511449046,0.10327439968196761,0.07179523570360291,-0.16634025563457744,0.11761775441989208,0.4588535445912124,0.3043234694330016,-0.038482621551845675,-1.3890918706475661,-0.10007852520836513,0.031731372986057105,0.20839142434720903,0.05931539488736748,0.013105765434502592
120,-0.04289029273607153,0.9612749771080412,0.7088156089936563,0.048103516669034674,0.205769187969845,0.3264140846744167,0.2402719901096565,-0.2608133169314366,-0.8650718951530159,-0.0903770811726905,-0.10509363329907351,0.14633859355063505,0.08001519369632448,-0.06488568414068085,0.24271732580118077,0.43307421177178773,0.2885683257950036,-0.09676871751776339,-1.4742756302911464,-0.13978162427154217,-0.017015906956100002,0.1740749146272651,0.047187256373390496,-0.019147258762592934
130,-0.031466764052718935,0.9589390355333136,0.7160187027760317,0.06374394683864759,0.20593012962873591,0.3506317431110917,0.23138925114128417,-0.21510030634065203,-0.8319579892771194,-0.05172238125694317,-0.09624966395804613,0.05481800506694723,0.03310873199238651,-0.02905714680406435,0.2900884146495877,0.4575831302980621,0.2819897221750317,-0.06806970626882403,-1.310884987382694,-0.11467570720638265,-0.040417401721764,0.11959365767661001,0.011246484105569055,-0.0027899715745614007
140,-0.05150514868168771,0.9646069998256525,0.709101342292158,0.04079579895647567,0.25853616710690397,0.3990107431899458,0.1670094720861044,-0.3611043621204981,-0.8871222043412712,-0.08546159002623499,-0.07907421195749786,0.09110128261213346,0.12558060786872793,-0.1414019125777186,0.32813669549283364,0.48147568368322124,0.19192563287438447,-0.16255481702067343,-1.5678463105875102,-0.14620204866861153,-0.03859928165616666,0.13101780839390476,0.15790286425068,0.015265860125425523
150,-0.03532094207296451,0.966592176884477,0.7144280952647486,0.02554830701907873,0.2667748798763012,0.34028925240559327,0.24792813631633404,-0.4650162722586031,-0.631453723288679,-0.13140698990851196,-0.04810867866415158,0.1248007288444426,0.06740475161662396,-0.07183219296843024,0.37506548174851295,0.41999406861027744,0.2761785611829466,-0.3043507859327865,-1.1583772106312638,-0.19892382897376804,-0.027553548584461574,0.2045261894486473,-0.0038432862584332206,-0.049383623131924015
160,-0.023076548424331926,0.9631589975764066,0.7167872586301892,0.03659092820312537,0.1550480954538601,0.34914083030120846,0.2148190400219132,-0.39896608689109314,-0.5754614912190552,-0.04078702551545499,-0.03892642494316356,0.15055900854243665,0.07444178757691611,-0.18257290196423348,0.1862280154857694,0.47591604134248344,0.2540545919541707,-0.21595583325627699,-1.0111858640328277,-0.10192063033408005,-0.026014297864140445,0.24275195509321124,0.04822978790842192,-0.08059704277416135
170,-0.04903120812281979,0.9577257633800036,0.705544888123119,0.08972660946201916,0.2604275273708683,0.3664537111935475,0.20603050048022453,-0.2371368387350734,-0.9548242809287024,-0.09983502929730803,-0.059372871702543684,0.11530345043330625,0.1378158084347324,-0.056757422282984304,0.34899900984316656,0.4727776732055986,0.20630239923922278,-0.08691351392269264,-1.8868701894245006,-0.13544188018311631,-0.03255202388464151,0.26246841585037295,0.04727076438149724,0.006472809887790865
180,-0.0784060408185577,0.9738968928415993,0.7188616816841973,0.054145436079735765,0.18464449928677262,0.349572111654859,0.20419631994684662,-0.5221927381971581,-1.0024185600627775,-0.07120645384669166,0.0009749501780463854,0.07348444507144059,0.04335030009767871,-0.04096977851844419,0.29066008071039284,0.44235485861428314,0.20174756211071898,-0.3268390277873323,-1.6709356319614428,-0.11996284867087237,0.003945493773611641,0.16920108989781224,0.03922690768079551,0.05049412675201326
190,-0.08257671542795092,0.9694609582307266,0.7170521406353944,0.048384747225216684,0.21484473858453812,0.35299517787823687,0.19148792626015532,-0.23066577757979378,-1.1697712043050044,-0.10952895329836276,-0.113732777478047,0.10028351140564773,0.07709300228510074,-0.10379170081183364,0.31687775101471716,0.4461368350409377,0.22495236549797293,-0.10199993325385504,-1.959538224420192,-0.16335920826505212,0.025239830883755587,0.1373275294662024,0.03726562247026277,0.04538771741242742
200,-0.05963241969848947,0.9631516249947526,0.7209077060574617,0.027152658150147557,0.191908760972745,0.3720612728291913,0.2230847365902221,-0.26472550762034697,-1.078214030395963,-0.06105435394064829,-0.0583894290904432,0.019984829331011422,0.08701757199017024,-0.03584212234892403,0.3147276952845257,0.4856134622307514,0.2581119894869085,-0.12460019227326047,-1.6536965792107305,-0.1275296875338141,-0.020302111717663163,0.06917311364421919,0.0625923602472046,0.060644749706417755
210,-0.08638315780154,0.9731808588789771,0.7214246030614746,0.044366762636867674,0.276793227184849,0.3571115001311014,0.18211619482216457,-0.3553715466816074,-1.158428520464906,-0.12445956431316185,-0.12751226132747462,0.11296327732315703,0.11235860272463793,-0.12179551360590257,0.37805559610397177,0.47762067229066374,0.20842646631734174,-0.2161777418711135,-1.9221528068605092,-0.15992893605235659,-0.004444451995664789,0.21341748976790897,0.025323200546390923,-0.01232796050869811
220,-0.05344164566082366,0.9618100772514661,0.7155301185917204,0.05306062579237947,0.248942078204051,0.3284952412883819,0.2016157229744533,-0.23276166969816536,-1.0183847881171113,-0.08024105770417633,-0.054497334174692824,0.08906523172519543,0.051919470815087965,-0.09303875858368382,0.34733122187168897,0.4543571880597491,0.2492404238338667,-0.07483527694477532,-1.6630477090214106,-0.140915302003644,-0.03723495267878363,0.15780913670485985,0.01595553740660105,0.07489041137283159
230,-0.00583974510096817,0.9483403001792293,0.7139982675245813,0.013556716894657095,0.2323372993240269,0.38229691645973285,0.23112118284014238,-0.2265533685622969,-0.7449853836676175,-0.0230947177046259,-0.059462300732432416,0.15001373999414302,0.1064931450215344,-0.07145086882571294,0.3273390772208302,0.4839505068282891,0.24752137393724538,-0.07213027490966462,-1.2484725063469617,-0.06917195512164054,0.015265233574975556,0.21935619162547326,0.049720418569229374,-0.06628507353965873
240,-0.07278536968965649,0.9664167295623802,0.7199973119864573,0.09576096125840916,0.19297930467982805,0.38017079329654513,0.19377136160738162,-0.22895312652585376,-1.1540295763110873,-0.11291248769696582,-0.057778347579887424,0.1556157667450222,0.05197135139338571,-0.09809741452179543,0.20823773008977908,0.5018457218959724,0.2271952142277257,-0.1165334350806626,-1.8780274651396414,-0.14242053763375173,-0.03595572009012549,0.2167616515439833,0.03342578384952821,0.03847970650942345
250,-0.05760907347253581,0.9616933574154919,0.7082038108811316,0.0716161664500925,0.1766150352201823,0.3133172549860914,0.21687684135690477,-0.2636799747501384,-0.9989187209528045,0.01080114023297507,-0.056593115660679816,0.12824659449454445,0.003168801462894444,-0.20923900280908958,0.29543984580880533,0.47073982258791325,0.24140340953616413,-0.1090179509655862,-1.7388614651162224,-0.02506291963814844,-0.007186753423276349,0.17918307511820175,0.04649219046698949,0.04486918267093498
260,-0.03551141161589373,0.9705396185571463,0.7148233912875142,0.02841785173937117,0.15196215794210777,0.44663980662305325,0.21449477866340627,-0.5283337980269227,-0.5116029718488437,-0.10220866235318349,-0.08540886177018425,0.12871041354832424,0.021891101268623148,-0.1381234098299211,0.23229599643037535,0.5337575187753171,0.21361249121102677,-0.3131699743801022,-1.066358117564591,-0.16320927703724908,-0.014239656622627272,0.18640015948818456,0.07593190816050466,-0.057199098350437794
270,-0.07299372458094441,0.9679546986066917,0.7213735473452215,0.02975259938688457,0.22462055726644758,0.37825255276974357,0.17963985997076104,-0.29670136333130603,-1.1543730220596236,-0.04354062393349767,-0.05375395751061052,0.05564370229026028,0.03484183680439934,-0.12243759642521246,0.3296971482914227,0.4634854715874208,0.19361610399233853,-0.15557209458907062,-1.7734839380517262,-0.09705966792101628,-0.006386277980681809,0.1639307656500607,0.06741409697803835,0.04954563061513495
280,-0.05893358112570286,0.9633819184438175,0.719598244195215,0.08417945565978702,0.20989632882296116,0.45712892829905283,0.21983473477781623,-0.2958087721609004,-1.0410827403330094,-0.07746987910502012,-0.04580082420705889,0.025219865023674237,0.06009517484052529,-0.11405670773200849,0.3029624124188829,0.5179586388269162,0.2693246425370196,-0.1123311776875362,-1.6593047875213744,-0.10085031990314497,-0.03962337239678648,0.14828515628580763,0.013032993121331549,-0.0591949532066951
290,-0.12895862212192463,0.9861186682277516,0.7365324711354768,0.003035511378734035,0.12206332660314978,0.30495524186714096,0.2136238260937242,-0.4241295877392546,-1.3598893014994715,-0.03408775781034179,-0.09605892490032986,0.03583694959682304,0.04835168149909708,-0.04925779847613132,0.21011052020039,0.40004398539568753,0.26571992308206893,-0.2745379013568441,-2.1245678859766155,-0.0904141703334349,-0.03271368613707515,0.19604201357608098,0.023873015461473246,-0.046130045085288396
300,-0.057586543559192904,0.9684975729392971,0.7232369086516246,0.06501566482585908,0.23176876677873892,0.36013334699199206,0.1599063686221176,-0.24562275643957787,-0.998399371932152,-0.1398510373914046,-0.09264563494816214,0.17673235347318528,0.0939040981544651,-0.12935729230148607,0.3343060824794035,0.42553832848133033,0.19031521068301194,-0.0921718313583475,-1.5230105450071392,-0.18871856158825628,-0.0033708402642058655,0.24996132687661732,-0.0336250001225149,-0.05012609075652574
310,-0.07366765347749335,0.9693953766017509,0.7245967413259976,0.006820773950538261,0.23070763199019717,0.3082661127091699,0.18578456067503435,-0.2391211794737218,-1.0650640918565166,-0.03987963968499719,-0.12599218006350155,0.1628419422205819,0.06130917650666812,-0.15590966091494107,0.32231672925870547,0.3650784117222817,0.2308609111108706,-0.10384731270467751,-1.818101373117265,-0.10854955252214538,-0.029156118637806427,0.2499863060914973,0.021948789413728798,-0.0073209597010617244
320,-0.03507960721773974,0.9593647805567412,0.7058414830741848,0.00916690746766935,0.26648624178150737,0.34129001532017555,0.25346899111416143,-0.3732247984270298,-0.8685870484865896,-0.08253016570995486,-0.06562898986364551,0.12299469070541968,0.058623234979031325,-0.06791762456667771,0.3619479724464957,0.46004795991052705,0.29707301776154293,-0.2100580816533748,-1.3450883319851057,-0.12383273616644241,-0.019141160157642556,0.19490999237902695,0.04397555729468394,0.009352604283687116
330,-0.05414538639114006,0.9688058549681988,0.7203452786072679,0.07854895526798622,0.2377317739652186,0.3171378968400673,0.18793440177637522,-0.33780732746184117,-0.8583823869035081,-0.11004727059353692,-0.007663265949548581,0.14498689000089882,-0.02531067799786202,-0.15131655239645814,0.2682944857262858,0.4318333226322145,0.23505563870497392,-0.19463818508943143,-1.3675508626238742,-0.13049381222777767,-0.03266201413686942,0.14344720494616836,0.03462361819138704,-0.000774946884809502
340,-0.14300858003260744,0.9764444130894461,0.7156584744066441,0.021570150664208754,0.24388575638869692,0.40593713782388596,0.23203788828623706,-0.33200454306717253,-1.752643130265188,-0.14997432292705315,-0.04918642988528732,0.18409399633251666,0.06277610651414078,-0.039939528593047946,0.32397590202231874,0.48781001640254895,0.26709951019492073,-0.16357149423229145,-2.8112431065619705,-0.17883591126246712,-0.0036489374092412152,0.19291074405806963,0.08651611581035701,-0.030746100978937374
350,-0.07101469600820917,0.9665289194677278,0.7156254207288446,0.10528423474434967,0.19650095925703082,0.2823414380292816,0.20694287042098103,-0.3432693378332985,-1.065299432641976,-0.0676821541479995,-0.04690918460728244,0.12798824843096113,0.11607034750801182,-0.1442970546997986,0.323121209671125,0.40450500851341964,0.2087104964884694,-0.1333331874613144,-1.820766747231573,-0.09895950039766399,0.004103724662672392,0.1702259771721517,0.08601099705876658,-0.0025975291087068086
360,-0.060647108631340055,0.9680242776565118,0.7145590922879425,0.046473559725140334,0.14067688895424246,0.4220252078226733,0.17296276810349132,-0.38326985797880386,-0.9882260507559786,-0.13245448772592527,-0.06656296704308096,0.16483915314390085,0.10792957218476273,-0.14388834090562064,0.2519315512168897,0.4908455925861428,0.204645934906297,-0.18608109142894924,-1.583672108567593,-0.12895764560941325,-0.019312706968831916,0.25548617619412606,0.08113858655223272,0.01988098433615615
370,-0.08236216217916206,0.968076054333418,0.7133955186339729,0.007604968050558436,0.1837237136985711,0.3109045505087302,0.24776291128086037,-0.40601854326872555,-1.133775483368051,-0.027589514606767507,-0.06439410957934011,0.08531525822308461,0.07952388975423841,-0.08284315357188032,0.30194426294879606,0.44514864116088226,0.26601206421073287,-0.2217924824169717,-1.9502049624975748,-0.06876285241415747,0.017162161326922942,0.1599735874056738,0.12980175358115598,-0.00910206618914211
380,-0.03527218835119709,0.9665348984587299,0.7178686828102825,0.07389021051151179,0.18419381900388598,0.4185497638243847,0.15033264833253557,-0.4747770608215047,-0.6443469576045413,-0.03102050798372491,-0.032902145114109826,0.16254710987675713,0.029256611619016715,-0.13262763165574598,0.21105864884222847,0.48348899233047504,0.17749303883158019,-0.2562999650325919,-1.1839249970453745,-0.09468138795894165,0.010435295543729128,0.2087028446069099,0.009249182398250344,-0.009333467879869106
390,-0.04366508857883775,0.9674648274396207,0.7226514689519892,0.05901314281656278,0.1479332492414832,0.333321639816339,0.2121018602309067,-0.22589615089364634,-0.7429076074634144,-0.07509197066987339,-0.08923629615615081,0.09682050578594836,0.00540738460593615,-0.17164247449415693,0.19247446219624265,0.4886452600020116,0.2527282617558164,-0.1006889700221143,-1.2701319001305897,-0.13399244309209069,-0.009442523630016852,0.20242946210428558,-0.00503009081705863,-0.08378166134201304
400,-0.09969524681770367,0.9765335773581665,0.7241791515551883,0.01827244184445387,0.1846361854857108,0.30517328829390733,0.16835526377349364,-0.3393122383693419,-1.2351757843312363,-0.03930944872682285,-0.08992465377976866,0.11799334256890359,0.04049539258286117,-0.10989129188929692,0.24444441557801722,0.4158331833267104,0.1952338194900155,-0.1867830770377732,-2.0163759281320806,-0.10796553269261988,-0.006357349085618802,0.22300733513941073,0.05957137227028031,0.06447908051901685
410,-0.08289719060217883,0.9727673651641874,0.7193296300641993,0.07107078907565045,0.1584073315921225,0.3275978165965858,0.20159647039137452,-0.19248475777045893,-1.0802448336123769,-0.08124190835371659,-0.12180247793969912,0.05392406162743946,0.06856097652351989,-0.18576325785195302,0.23129587471776358,0.3954687230364742,0.253897287925151,-0.08588589686610226,-1.786897969259345,-0.15548772120553367,-0.009659690410118493,0.12288267137757714,0.07825437008013392,-0.004328862320243987
420,-0.07972298058744412,0.9746391231059784,0.7229539407242592,-0.030576939929368274,0.2152537829787876,0.29847008185452883,0.2039269944685259,-0.39113674939792653,-0.9484683462774679,-0.06693632794840143,-0.0730980555899805,0.12882510579705508,0.09396600015284873,-0.26785576086759044,0.2549991173313316,0.4123258617643678,0.2624401243869604,-0.2274123212732031,-1.6610226396944552,-0.08033085603173307,0.00427685935593658,0.23938210207161437,0.015801533222509323,-0.057012158710666894
430,-0.028843793604301834,0.96430869251464,0.7173033919670011,0.06676744249362698,0.1936484832528803,0.35635379426153013,0.24200004401879271,-0.2050746386810387,-0.6036803208070207,-0.1740821316818264,-0.08364211588794435,0.0583524760573062,0.017023865139011884,-0.18631925568835217,0.21368736804646415,0.5001612377429785,0.27373579940747517,-0.043886504309580854,-1.0855980853400853,-0.21838011363183174,-0.01879769629889738,0.08477027673703252,0.033322144647360386,-0.026081735168219877
440,-0.04380875262534088,0.9605916758622881,0.7131488202178184,0.09790097929024721,0.18952680666148702,0.2681456062058595,0.21137780642595105,-0.2347970652257667,-0.9249788762691964,-0.09569999558099584,-0.07273251989857243,0.09611006996586835,0.13634476340858948,-0.12122009813088974,0.2966460813827616,0.3713699495238245,0.29191165315534073,-0.09409576281335386,-1.4734617207779888,-0.1425416113309943,-0.04050773143687825,0.18526461552143247,0.09618129487914562,0.03927194991197025
450,-0.02863644823812181,0.9589004236374232,0.7027871072331812,0.07131844429822631,0.2483633631445653,0.3705768728696591,0.22072590644622492,-0.36283511850552563,-0.7423720253847219,-0.10381282216679222,-0.07270392751777521,0.10649640248620762,0.08353900103476608,-0.12215496990478858,0.3283879558613657,0.49976968475144834,0.26516006681164683,-0.20612421546842308,-1.2904833050070876,-0.11473637760812272,-0.0031058335870750575,0.16716482630841,0.07233783890550438,-0.016877180768270827
460,-0.07172498838709888,0.9654900968691036,0.716008464740097,0.05221992336612824,0.2236117129608417,0.3860786186384698,0.22535399881443852,-0.26836392916454477,-1.1625720219815432,-0.08020319788713759,-0.013247142983871862,0.1445146899933879,0.04587543142724115,-0.1748248001804551,0.28334405502584625,0.4770329084343098,0.24801223229333735,-0.11307622243214221,-1.8252774443839535,-0.14735606617374342,0.018259887443617173,0.22622425764152898,-0.011447188173248302,-0.040384458807583457
470,-0.11494471740579593,0.9778585369236771,0.7194087698053983,0.05856216341713916,0.14814015256384183,0.3237732017743674,0.22374325704589848,-0.28696526183547144,-1.327135323560694,-0.05691797104643315,-0.09892388141169994,0.10325028102305867,0.056838847040015184,-0.11189637718221324,0.250264819503467,0.4259430394640661,0.25984304015886817,-0.13683391449345295,-2.23076790904725,-0.10887358943219239,-0.01515027787057699,0.17342078963213192,0.0019841275011726056,-0.06613827876575651
480,-0.04575471177037917,0.9597576255173114,0.7118754107486434,0.08082538837171238,0.24600860382122947,0.34459000860306166,0.21207099111616423,-0.34857739117814535,-0.98414843709716,-0.04496969829576769,-0.07537037158269122,0.08620833433332586,0.13920152658250529,-0.15174572413579335,0.3370259261514075,0.44333572308791214,0.24470078222318503,-0.15234326014016752,-1.553311377430858,-0.0920986490609792,-0.003423045088357224,0.22495218955893503,0.05624660406288262,0.02997292891963621
490,-0.05410730380614705,0.9670023894814461,0.7226037451814588,0.05749385186696443,0.11311589717229853,0.342092940616216,0.21190201804248243,-0.2020749375305857,-0.9417021355994657,-0.053258837278911786,-0.08820771405552263,0.06240841916022266,0.04803610649284684,-0.08350158240579053,0.2021527688914463,0.42982536733563836,0.22870600099918303,-0.056245209059628376,-1.4532215289753978,-0.12810217015596503,-0.05052643777723187,0.17083932940272828,0.016442117372410525,0.037572355556974246
500,-0.07757068629331691,0.9672665257334906,0.7162864805239556,0.006386724539373501,0.20123374145868134,0.3002010218887865,0.21128402356078135,-0.2607809345351151,-1.2021631104186694,-0.023957064024978214,-0.11027719804725367,0.08375176335309908,0.08245415276986967,-0.06558632205532966,0.311294818033685,0.43555996230298344,0.2235826713787089,-0.11079755362487109,-1.8771190328007679,-0.04835496909093817,-0.006823716018794501,0.1420862172735361,0.08448060893768872,-0.005440217040131534
510,-0.04315488996517509,0.9653852182139794,0.720541246930459,0.07822054465322525,0.15144001925891426,0.3173311367499284,0.18084106662692645,-0.28665982808415835,-0.7769925845971211,-0.05596296737082418,-0.040594906543587994,0.11484419621575015,0.04167966752651042,-0.10923049311267774,0.22212824057282599,0.4040472562240355,0.2274223605902792,-0.11737626672520918,-1.3184936479308846,-0.08384845032968546,-0.009179225133223667,0.1732367611507375,0.047929947289270025,-0.06703551629970761
520,-0.04542214826389846,0.9621059288305248,0.7167625930848887,0.0937588965900169,0.1251885543269765,0.36170118127701933,0.21737551800678345,-0.1967580609548647,-0.9777317592031927,-0.02661473026293515,-0.14607473837404816,0.11155211062352044,0.09641941641555041,-0.08514306847146424,0.1790533966540402,0.42699657938795377,0.24777081772739007,-0.05374734102442269,-1.4536951226240715,-0.09360582176817944,-0.018227618769671716,0.21777860551649797,0.01273891154491702,0.007399159840316583
530,-0.09200121942453529,0.97813922256344,0.7184991091727463,-0.07405365016289212,0.20610551370007835,0.3158889421100727,0.22334397001778028,-0.6208650093607795,-1.0306070428859075,-0.08439286158853676,-0.06437859616167119,0.17502352599731552,0.10775488962965984,-0.10550520381820161,0.31766993863932735,0.40784861756135227,0.2528421930354552,-0.4036072258742911,-1.786032620593264,-0.13464835956476895,0.0005221175680709678,0.23713152334216292,0.11568614548413259,0.012247585009664053
540,-0.03657976982115182,0.9611979063405508,0.7117026183712872,0.07498439316136862,0.22712031112861786,0.38547397691560414,0.18593586858818212,-0.2843552166417411,-0.8563160411266222,-0.045365047027254635,-0.08651181953937237,0.053250502574617053,0.005993559299486861,-0.0654411596734128,0.31904756482087615,0.48074489841576384,0.21993116174304295,-0.12061141788083729,-1.3789851142854457,-0.08568511410563806,-0.050872288485321215,0.1680843667116314,0.03202672460762712,0.053374724554638875
550,-0.10455952307240413,0.9780673391344218,0.7265110913187529,0.0579862724837068,0.1947521798055698,0.24131396910931557,0.19335738866031127,-0.3815998328294352,-1.2114730877847397,-0.0600701488924007,-0.07798633229801455,0.048917450958885,0.029221437283712626,-0.06979060173953888,0.2578770106683984,0.3490556014889693,0.24571634862767155,-0.20654343360010619,-2.0009900581668414,-0.11112283232763409,0.00587738770598778,0.1559180659704439,0.09341037582691514,0.05042285452833706
560,-0.12750468687799285,0.9763395961684477,0.7235008047865314,0.0324826591468419,0.19918257850527787,0.2659289557660929,0.2532792510536471,-0.25128563046141394,-1.5480965414357013,-0.025733601351166868,-0.08330191012680843,0.07270289819867881,0.03404075124283068,-0.08493356526506912,0.2899358422135909,0.38148165105827614,0.27380311733750984,-0.1296263058002758,-2.4635741710378607,-0.07819286805128223,0.0003684225945929098,0.16814134331135933,-0.007745078297361596,0.023543776960391227
570,-0.017271432762395216,0.9592900800197488,0.7143414213351895,0.020417693245600277,0.2453708217695123,0.3364679122637044,0.1961747084559582,-0.42127191833135047,-0.6480738566818727,-0.022301264675477217,-0.005564890881706086,0.09561158712949991,0.11026896812298626,-0.08127521728084086,0.29819867502392317,0.4523666968316532,0.20835067585745126,-0.2025912129106664,-1.0354879474599454,-0.09167425749657876,-0.01941059651246846,0.20259683620641455,-0.00010034906234901442,-0.0007731516237476921
580,-0.03123337814150916,0.9613974101946893,0.7153889579228129,0.04318578548788454,0.15005458611434597,0.4032857800418692,0.2070027591427933,-0.3289256903641111,-0.742624486167643,-0.0829578538801603,-0.08532993279257606,0.01613282970442731,0.04553655603562978,-0.0027069236375771855,0.26471930887590533,0.5026328912558842,0.2721681040995808,-0.1793317601421478,-1.2192560869174685,-0.09493209828817228,0.003001070198706879,0.09724012538430205,0.02784962815758918,0.04735446671924515
590,-0.13486780896443246,0.9837610048439928,0.7309739494694647,0.0675536807587862,0.1496240742439453,0.35889934974884474,0.14599875307377053,-0.39610333837842604,-1.3977933584228808,-0.037223827749249594,-0.046490542285794634,0.14880726700394054,0.03830966061570695,-0.135780405804665,0.24128319195104397,0.4772590389108412,0.16724370342641226,-0.2443014097914893,-2.5037994108527513,-0.10919619945636305,-0.013500951153736507,0.24269674211705317,0.00117298212135164,0.013117011670578549
600,-0.08033343801618449,0.9684003659847173,0.7185832692862958,0.0596039696447529,0.23411658602185947,0.3478630293403485,0.20426316051624838,-0.32828697077006974,-1.063779853840264,-0.0711963679343095,-0.05922443610759087,0.15112441696773793,0.061939827078325904,-0.1343917840747748,0.2669420421847839,0.4597147395983393,0.23488281123867483,-0.11105647359969506,-2.0155583994473854,-0.14759247345256732,-0.025424331178439896,0.18194659171079297,0.04835835413482348,0.018753363628534303
610,-0.04859203923870173,0.9633462221143446,0.7133307251608452,-0.019529098443182846,0.17904066830602205,0.3685001015299487,0.2085354570095337,-0.24012894857190892,-0.9249590441548066,-0.07481845481796578,-0.05780006714717412,0.10418299559858868,0.0014763121951710811,-0.0928513141929812,0.26889965705682983,0.44949671937243774,0.23927555990049187,-0.1388580869698468,-1.517675587410054,-0.1455220660408263,0.029503532900798324,0.22604696637898714,0.08508301289769138,0.031668860589509684
620,-0.002484630512036729,0.9483490613322163,0.7091611033982084,0.0035542948781467354,0.26648098812667376,0.34964633742391094,0.2135969252584099,-0.04844816285911824,-0.7181338463588478,-0.053199905614779386,-0.010744347506330687,0.07492004711496858,0.011662113491736736,-0.0588941032165613,0.3545044313011473,0.46409892805713504,0.24181783750177666,0.03240671965814734,-1.1620331196140388,-0.1176309076216504,-0.010035014472927761,0.1034698396538214,0.04439895126297844,-0.033615247217369415
630,-0.045219183035265356,0.9592796967360663,0.7181718774070109,0.06911542359591605,0.16273006791217537,0.33985206508786914,0.21340386881996898,-0.16666999348303557,-0.994142230737485,-0.07942644066666604,-0.07168364623810053,0.12062751845673858,0.07059310626428406,-0.12643459144488434,0.26277888189668275,0.4448639481658927,0.2694914377294013,-0.03704483914024226,-1.5270527074599731,-0.1318749777468946,-0.02095501833293545,0.11258792992205569,0.11192003020369379,0.02771732345496647
640,-0.0054099204845400265,0.9589374016803941,0.7134470533774246,0.05337269495847674,0.1676829066224258,0.33228073275322145,0.19230649139558076,-0.3506539931432131,-0.4949069163022737,-0.047175423992986465,-0.05567898401368576,0.09978896732697884,0.048615650378873054,-0.11346475002996459,0.22203778715681177,0.4224163058606145,0.21504138728691002,-0.1751166813945686,-0.8313898067245846,-0.09557887535075382,0.014538132378340674,0.18575378868350845,0.0519965651800699,0.044525690794878114
650,-0.05112729205628007,0.9628095400076093,0.7192392487411965,-0.02828041275537485,0.2482434597048061,0.36762260914838485,0.19316761204639377,-0.2841775558423374,-0.9319566934655128,-0.023987963531448164,-0.06493697332925064,0.09926500959715279,0.09244399068419751,-0.13398249857185784,0.3409678395405433,0.45557121070094975,0.228995070052475,-0.15412493448441555,-1.588503884259985,-0.07706079906019947,-0.02359060909172883,0.1781419754128275,0.01624585842101245,0.016264555901486344
660,-0.036187514667829594,0.9643698220890542,0.7157214735983779,0.03998692777925328,0.19249557948466933,0.3524781760642235,0.21468342840960353,-0.33682489164907436,-0.677166756913645,-0.07895917897239912,-0.08066013714513254,0.04031509591376914,0.13184194267174876,-0.06502083871182207,0.2585620221789189,0.4578346925613439,0.2516427732498302,-0.18307502859827762,-1.2695828409356134,-0.1583040656046879,-0.040972715821810946,0.14873818293760666,0.010360802478252884,0.03168902259882156
670,-0.07024051746450187,0.9765830139199497,0.7263052902769932,0.03307583784579615,0.19502497586896317,0.3237248791373457,0.18860591917489145,-0.4088093968927804,-0.8734636728274587,-0.13321957306250742,-0.07185262934545444,0.07275893193334582,0.027479584768458687,-0.15647023598370313,0.274833131040067,0.4424476596062479,0.21144928514524985,-0.21221976060023762,-1.4023415538546526,-0.19328506946155954,0.007819368483197975,0.11316337866730952,0.048158709495075946,0.03806936410786588
680,-0.03774833504010487,0.9609381994955783,0.7146989602130432,0.08842628189826174,0.15990697768610074,0.39463365318231236,0.23079437835794092,-0.3157670721621464,-0.9042132018009501,-0.05944207503289811,-0.07315563521189272,0.1069644036805707,0.05380679687220047,-0.15016310216039974,0.2480222769177769,0.5265697958478324,0.27962067800743373,-0.16371965987006765,-1.3206488189250924,-0.11986183833115671,-0.017019532642225332,0.23019040784527411,0.06151591386658184,-0.04917566386765859
690,-0.050004984353014634,0.9625754414879598,0.7149238805963003,0.04034011330982712,0.23681566407476629,0.31796013523612754,0.24126494891997108,-0.33869142302769517,-0.9062401576000978,-0.10527128438174738,-0.06735288216315194,0.06309087342173925,0.09958790884096325,-0.10640079769596134,0.2866031673212336,0.4443266771579458,0.3015253740506132,-0.12920987005391527,-1.5306156962763326,-0.15511447820469204,-0.003340244696354855,0.1672281772645341,0.08308817755772935,0.010300945531190542
700,-0.04485963838075149,0.96152634044,0.7123042248741271,0.04661491013793018,0.16227731126702516,0.3434692488503196,0.24160894617159345,-0.45655791084182895,-0.8434654881768349,-0.039864134426348175,-0.10131266875362721,0.15035248526469647,0.1287238938390285,-0.04157511595918817,0.21590758243165564,0.4508778083004146,0.2934166559560246,-0.23971026868107193,-1.4898040516662925,-0.05922523665619961,-0.0038137861216682722,0.19680705124371278,0.05231224585615324,0.050908115968724243
710,-0.0733739811163157,0.9685387881761919,0.7118658284224746,0.10079607586890105,0.21158246857088503,0.3462043475145975,0.21420718060108224,-0.4595466527148526,-1.0312518344691322,-0.061784649386587676,-0.031226625802191155,0.12069976887292366,0.06108951976999988,-0.09718337664183174,0.29092528412314045,0.44901890579199655,0.24850749884337797,-0.23716984849997247,-1.8065610911079033,-0.12187968102583024,-0.030120463202790715,0.20366004779371993,0.08121517206778206,0.007964349590056097
720,-0.044180021897119844,0.9641652475955661,0.7151839873525615,0.08349815363957802,0.31152315497147554,0.3511223317489228,0.2759420971895439,-0.4502943804468367,-0.8157921477056143,-0.14295992437327465,-0.028793486272946867,0.11181676654146921,0.018644246228996075,-0.20512410297513384,0.43525175202451416,0.44108064292563054,0.2700222490340649,-0.23625394613362527,-1.34752815637084,-0.16485183074550824,-0.013850840529010977,0.1733672694310079,0.0497224570972753,-0.04432276511920419
730,-0.08395225079122759,0.9727225339931025,0.7193633428242249,0.035592596925221764,0.2399097359900998,0.37695120266612037,0.18785716855704804,-0.53772432724039,-1.0323708818526796,-0.016416589539233417,-0.08053096830044915,0.12946237365539126,0.10669243096714132,-0.07508964584956201,0.29581441944815756,0.49118025233896967,0.2020161673908789,-0.3380042720318752,-1.9431037223194823,-0.08318392947481867,-0.003712905249436682,0.26765671909976185,0.008626858040898244,0.005380050162459016
740,-0.090754422938106,0.9787456085434407,0.7197200317608031,-0.03094907679331227,0.10346793083285777,0.35115061298352157,0.14911738839204747,-0.4752804264362649,-1.026136897123823,-0.014528077970641595,-0.08330294896933266,0.14103647651080076,0.05352706478367175,-0.11272360555701644,0.2168609553558002,0.46710397550369964,0.16355192168514887,-0.2511266629588851,-1.8241264933857995,-0.041116856057014095,-0.025704932478145315,0.26627526246623345,0.07013312100784463,-0.003071613491616665
750,-0.054766025591741055,0.9740755017992234,0.7294705646145484,0.0923029583382734,0.14792207696988968,0.34414644800829,0.20086820227210644,-0.3771080486665386,-0.6522170053417808,-0.05879741289083862,-0.12225201902029825,0.04214106372336146,0.03479332669310464,-0.19019704167043638,0.20955309458058013,0.4072874548665736,0.2238799328728347,-0.18890421532797474,-1.2257866736516263,-0.10747581458963595,-0.018317260033217098,0.08048536487391811,0.01663050811691813,-0.009041477550065347
760,-0.04152715661861265,0.9655538292235168,0.712550198404106,0.020239318887306235,0.1857255180725933,0.38488286075662614,0.21644821293827,-0.38328143236217915,-0.7524799445735644,-0.047167951300342015,-0.08466029243854911,0.08808032108282227,0.04388913206675649,-0.10263413314180347,0.28115959766231247,0.44733135684847314,0.21627320260575877,-0.20568677777742983,-1.2885738135091662,-0.08507518432174987,0.013839036668275462,0.15846077776394518,0.041317119453331386,-0.020157214372552135
770,-0.046089935157612574,0.9612711417008376,0.7118358217175076,0.061113351725089915,0.2644860300707145,0.29321626486237284,0.20268898122340007,-0.34287146751232034,-0.8647383532727624,-0.05658451783839702,-0.06849742949155857,0.1715035816454561,0.07186806035669768,-0.11683626038466732,0.31734172412231465,0.42269524169984507,0.24760910552913562,-0.1601908437361228,-1.634684631514573,-0.10719379383579719,-0.01796558738283327,0.30820938714297996,0.06683699462050352,-0.025894476339342276
780,-0.029734048223710317,0.9661842320864331,0.723308774699146,-0.02221107669631861,0.18763019741603248,0.3088120405134256,0.19947701142230245,-0.31770979398889687,-0.613601121197717,-0.02773250180225295,-0.07521080337599284,0.05489898317512221,0.009017954583620535,-0.13896844721347112,0.2553626939030592,0.4246147149146361,0.2366785309889784,-0.1565377415624014,-1.0031349274451733,-0.06303697991926938,-0.00825781013096738,0.14637131555565108,-0.011044015576441524,-0.009833236261842293
790,-0.07182348557473088,0.9730526862930011,0.7262644342212634,0.07787465049175035,0.19456531644397224,0.3115291816763698,0.1846592935250303,-0.3032645926920161,-1.016608709681929,-0.08140425546574859,-0.11096656470003707,0.08358612441130397,0.004475232984921473,-0.08084463770885386,0.28912099610127584,0.4004345474780975,0.2458558249223889,-0.10974461741975139,-1.5812282071303465,-0.14795859314726778,-0.01750550901198933,0.1786540657503244,0.021170561646445263,-0.05069330554328899
800,-0.039897204243273074,0.9621988562886681,0.7182359514820006,0.0835050495724674,0.20797864523021792,0.3423559650758762,0.17235625420883294,-0.2693159829185072,-0.8764362799919854,-0.08199756223747179,-0.04425129491191515,0.1283670166287233,0.05606696784279164,-0.08145183067969342,0.28000297988814815,0.42081755716144853,0.21887860669510495,-0.10425270316709212,-1.3900813477614107,-0.12930683603884563,-0.011608829964619538,0.21601623418623817,0.0485254882791053,-0.02400938620614812
810,-0.035806695177538685,0.965407723216897,0.714745745712036,0.04474311829855493,0.1652419240688029,0.37066292197010675,0.16807604564090595,-0.4291881246276388,-0.633251256147823,-0.10078871204759654,-0.06430840307313845,0.13714083468869753,0.0751512638123174,-0.0770178823292782,0.2537447311643103,0.47615795326550403,0.2163384696927464,-0.22004893255598268,-1.3002759751202206,-0.12802005601735233,0.013643671288875225,0.2508209946955222,0.06921599710656601,-0.039979182502191124
820,-0.08612775736981015,0.9695863907447323,0.7155538415298464,0.04273793986345242,0.24454610261771093,0.2871586973939899,0.22939696973180457,-0.2932043977245682,-1.254424685932725,-0.07857034607390001,-0.02804073388111883,0.11002170302687242,-0.04493383603796741,-0.059188774519973286,0.33586355709245663,0.44519056638642496,0.3103850158882623,-0.12053106066381525,-1.940388582552088,-0.12316800742373135,-0.0333376169800601,0.20874294708888974,-0.002150000959479037,-0.04478836110645035
830,-0.06057010949555488,0.9648800654354784,0.712297073726563,0.0600194444587544,0.19478185749996713,0.356852018613934,0.2255047259407862,-0.42508450870817627,-1.001068391370882,-0.08165818784081069,-0.07807305230605799,0.15895569262384068,0.07080917739732828,-0.08841468719170242,0.2689358745442806,0.4723950679949095,0.23613107267727484,-0.24511910291569738,-1.7097084299688463,-0.1097109807284311,0.03509061067480279,0.2684168138580557,0.046942318554590634,0.07203036678542696
840,-0.08159722609558004,0.9672398202060579,0.7186508149646949,0.049791625967716135,0.18355718830829137,0.30398669796125066,0.18243168243915053,-0.22781338673184548,-1.240299319179051,0.007727025756087524,-0.03928749474689486,0.10480186175267137,0.04995926360364167,-0.14798575449519036,0.29765453349746085,0.43133325613071327,0.20846874902153378,-0.07287999486336405,-1.9820169388615905,-0.06634676351713509,0.015924789581099774,0.23211709813489467,0.029794891829481585,-0.03446075959610262
850,-0.037219239357956804,0.9605222159235194,0.7124080537574097,0.013923779706945805,0.23902892543658938,0.41287578040163897,0.17355609854704668,-0.4646279025661699,-0.8763781623227118,-0.025086522696940117,-0.06025247321806115,0.19807625441042243,0.07901388242686258,-0.09122618081472988,0.3152568916943239,0.5295419886359858,0.2575644432024474,-0.23125079741992827,-1.41325725383011,-0.0862282008455233,-0.024839961271562405,0.2734944522061462,0.006342946857564091,-0.0071320150573290775
860,-0.11650525886871692,0.9751243759820063,0.7252844211347486,0.01156374419763695,0.20394329113632348,0.34447343184024437,0.23124530039960478,-0.32592218959142905,-1.490140425929916,-0.035330785045252,-0.09264209375433263,0.11182200369849471,0.06372508698950152,-0.1230221755375751,0.308847176159072,0.4508190664109517,0.25978144065958775,-0.12204842190778842,-2.328262074699806,-0.11210204072725305,-0.017069358684471903,0.22401867737131154,0.000537508590432223,-0.01084759781839173
870,-0.017848148989830993,0.9527408257634576,0.7106599616885592,0.040503970359864194,0.2134338427509047,0.41488980719626356,0.2213109803824761,-0.3067583367511293,-0.8106387428147774,-0.0012089236166148432,-0.1149572117542148,0.12354673999988308,0.08690591745644316,-0.08098706561003288,0.333886091691164,0.49738560302638524,0.2989086592006731,-0.14328262765315625,-1.2706411161514208,-0.040543396641584684,-0.008759909343803551,0.18778980721248328,0.04866991872675963,-0.06426513645301624
880,-0.02850771973116828,0.9553594308595009,0.7091760505523665,0.11319975006895022,0.1825602350788036,0.34094936213835925,0.25266810379947535,-0.24833102298829646,-0.8593911258658189,-0.07924086158652432,-0.09044588576007073,0.1173631391597394,0.05649639561838071,-0.1034058349691287,0.2881111737232549,0.4412600584241142,0.2911814149333789,-0.07359691456912287,-1.4015389800233802,-0.12689720167158436,-0.01022089732889242,0.21123054697473542,0.04111210648084129,0.05827432400825161
890,0.010068391838696551,0.949692207541466,0.7119235784274703,0.051967863294153926,0.24059506157729205,0.3716060552508157,0.22021016234114066,-0.20103738033524032,-0.4848097074448374,-0.13501473722943702,-0.07936702615677493,0.0694140512049235,0.11381603875754842,-0.11689306780334152,0.3014971464885734,0.459507101163544,0.26936295693310364,-0.05114825819201796,-0.9106285143670312,-0.1852467020846158,-0.02642538015352569,0.1282255061467581,0.11001429852190892,0.06579076069968726
900,-0.09452919231702255,0.9757905289069765,0.7194129838454548,0.09309080399266612,0.1676183506569464,0.3095675834504643,0.19890974255048632,-0.3049954645818529,-1.2373045799621711,-0.06036305999780889,-0.10079858810782483,0.05169629988954316,0.025779406713883235,-0.09862616741013208,0.24694826378773027,0.40221812482509034,0.24805433042322989,-0.1620454158778688,-1.8518043596757634,-0.12404615811001207,0.0031897608820812273,0.17727676906715673,0.0513263438516417,-0.020805025024958956
910,-0.04486981422832202,0.9631068744789137,0.7134843920950816,0.08195981614968928,0.17064759689066844,0.38516115087162284,0.23323190510898384,-0.26042158119895387,-0.8959089771503492,-0.058436687957474476,-0.16010848091365992,-0.013323915497580607,0.08679177031414143,-0.008738564365922352,0.251655517456274,0.44950700179450853,0.27397211292198986,-0.11402230178573047,-1.4083184417443104,-0.11359722665733596,-0.028073723099523162,0.09893143235071189,0.06360403442364326,0.02322146329384467
920,-0.04274777104236404,0.9588024159792434,0.7143184299121664,0.0676794999218554,0.17052022380457998,0.3652473830150422,0.18833630794701373,-0.18000448516262701,-1.0083901839008966,-0.08525266600245085,-0.07040879740986572,0.17278104125932225,0.08500983680334029,-0.18672006397766028,0.27703045387672964,0.4813647779260103,0.23389077297827798,-0.039944755197362625,-1.560048281017616,-0.12081249580554276,-0.014201439224667656,0.25729773860577454,0.07396046321213023,-0.0050385235410321805
930,-0.028074188101373552,0.9530445739699803,0.7069405518795349,0.1148757393460671,0.2866470702272599,0.36233520912470407,0.22739151132800106,-0.2407476461227125,-0.9615841025305925,-0.0476818999755384,-0.11583714853786597,0.14364864706119063,-0.00030685846092559643,-0.061370857107830856,0.34441831492354724,0.45938298860656424,0.2612555879935967,-0.05956256262584714,-1.5091427234835786,-0.09408946870494739,-0.0017959361647479355,0.23815932342565838,0.03325770133764672,0.031189160211506084
940,-0.06388521180370384,0.9651205781743021,0.7199972432024693,0.0331843703032112,0.1548066724456153,0.3130341629820207,0.26549084168664816,-0.26811493816387677,-0.9586246464964308,-0.0795583578125949,-0.05520483823223743,0.071900903521108,0.0933391950538267,-0.18862123043263335,0.28946548372139325,0.3941427043026652,0.33225983618539834,-0.12059254077364212,-1.6891710726981755,-0.13483354810490011,-0.0324153180965856,0.16397678203891375,-0.02323486012311604,0.09718095081561173
950,-0.04550991072796942,0.9591591565823301,0.7139566279317021,0.08150125182413692,0.22720995540195799,0.3473876675862877,0.199636511490073,-0.25613836988216,-1.088721170795015,-0.08060565873190173,-0.08366240963800142,0.10455980922388142,0.04034444855844577,-0.12984878791126486,0.3344491373147894,0.448262510186487,0.26699426098451073,-0.09273326089175504,-1.528853043782187,-0.13521933876145975,0.020252676796750357,0.22546381424297324,0.10355814240410499,0.04045372909198841
960,-0.1002881733818884,0.9708636254275683,0.7169191334550733,0.047032962366380104,0.19361001838830905,0.3648515661479753,0.23268382357719863,-0.424781764205701,-1.2952882407338642,-0.06415549194707948,-0.10027383394368172,0.19064376436290853,0.14640874128455172,-0.0785085009154709,0.2525085829288798,0.5061400264820262,0.23136226859955977,-0.23685067910548252,-2.2743924596248344,-0.10705466032947086,-0.009203941446851882,0.2366363603277768,0.08270320546013388,-0.0001233886929195016
970,0.0034357658653257164,0.951851696720453,0.7127648596635118,0.04370685845268263,0.19510324305253257,0.3481339907310742,0.18979568928271162,-0.21745462254173953,-0.5450452966126396,-0.05898007708503061,-0.052995873672543325,0.1032990062914394,0.04461905494102025,-0.08527152725565457,0.2613440222864123,0.482046183394494,0.2334710886318906,-0.058482067624418876,-0.9672463538168878,-0.12049184476728225,0.013391576480854983,0.17891998903652306,0.04370058599355664,0.04058745797284424
980,-0.022040117488182027,0.9581203706665473,0.7059225542497275,0.08545588050997055,0.19556214171945385,0.31937935118965455,0.18889760341017858,-0.2880154666709589,-0.7430115743971515,-0.11678164390502355,-0.0641468105866323,0.1374558414953615,0.1786382374090102,-0.042758784569058905,0.29237235578286336,0.4368460536099079,0.2294296024100686,-0.10745904602158496,-1.2424280212161007,-0.16770342816664274,-0.003927756342668509,0.2623922882858891,-0.05124469711379809,0.038205405915439306
990,-0.06714248228068403,0.9696631415957984,0.7213834147207712,0.011482634960449545,0.1351615236908149,0.3138006088602723,0.20891477727140406,-0.1683473370048747,-0.9195495103472466,-0.07721899649643005,-0.07872656776168752,0.12110099025225662,-0.03486424594198678,-0.13384600343960984,0.22405247917096538,0.45109858313239515,0.2473419824866091,-0.015489274040632495,-1.692864633143023,-0.1327494161372229,0.014129184512706727,0.1960568443026557,0.0017935967371548456,-0.08126934895933502
1000,-0.11584415309381917,0.9773029168046992,0.7279253497304181,0.09308363649715423,0.18222118700836987,0.37082210174506613,0.1919263896986747,-0.3744803197981932,-1.3773517762837018,-0.04653710368417574,-0.10205572082366343,0.14895187569916568,0.08595268006105694,-0.08729947993853693,0.2618476612777746,0.43547439390760323,0.2056164300451928,-0.21948925242535888,-2.306079928770955,-0.12273720860549386,-0.019734312302450263,0.1915612241080772,0.07695397356688571,-0.021373665952695076
1010,-0.07659314585047888,0.9641513781868635,0.7184088504644304,0.01356480940305449,0.21099201058657835,0.38100277977950925,0.19481429495216995,-0.21056067881323326,-1.214469533708869,-0.03537700101863317,-0.047757865556975476,0.08832492991767504,0.05751910010526062,-0.11375193334588984,0.30516276115726404,0.47288823196660024,0.23783426927478402,-0.07030522530238481,-2.0179000040366435,-0.05820828568795555,-0.016527899534567236,0.19249229026303993,0.018995014606280503,0.002811872132878368
1020,-0.08256397458053093,0.9703732087134933,0.7185023939821379,0.01194322011106741,0.1990470569021452,0.31668711887530876,0.24315216429835274,-0.27465080359479543,-1.200294058174626,-0.06307492855158658,-0.05512122495193528,0.08082541653764674,-0.011894065200395598,-0.13883680437943635,0.30918307256315614,0.458165588085213,0.26438243844664777,-0.10046242730755361,-1.8197547291612062,-0.1134939634701253,-0.005177021046821828,0.17366043609159432,-0.0046847200535784506,-0.003445232210220972
1030,-0.08473572071157395,0.9743533399491706,0.7227053377886729,0.029928463205683542,0.17119210814502173,0.3192963225369476,0.2240780160166701,-0.4066764626462358,-1.012554388674244,-0.0292478546305881,-0.039768376020997476,0.13072832754035213,0.04268236818457716,-0.07612946424133393,0.2584188235309248,0.41240281070106444,0.2390722623573147,-0.25531224607387637,-1.82149974280978,-0.09573630177470593,-0.03153093269334084,0.223309600352402,0.009901690683895792,-0.0720051586328041
1040,-0.0005522045707912296,0.9538963654910281,0.712864005843971,0.05331009375346485,0.1749540735419446,0.3709035801752226,0.20274116499425054,-0.32263765814419654,-0.5497931793848618,-0.01930702303307763,-0.07303934424633596,0.10041438522622537,0.06772891992941077,-0.050308813606291025,0.2555603107729937,0.4483672232240751,0.23363542946890115,-0.184364444901171,-0.9346770872147396,-0.08626275174353104,0.019710475529187144,0.1685067932367187,0.01748723214923098,0.09547432428596347
1050,-0.13050118211944667,0.9884646788037196,0.7337042009955158,0.04793950770061828,0.23035375089084476,0.3027212384845904,0.19853834917789903,-0.4560202265356228,-1.2849182103637902,-0.10566888533734042,-0.06958328752966603,0.0400687015704877,0.05664546704925866,-0.1546596281107988,0.31892041108024816,0.42077810770688884,0.18079939349701946,-0.29189617864395623,-2.119522683860367,-0.15064746631899895,0.017588635740312886,0.14381615365374267,0.008541694267800715,-0.07431966862755068
1060,-0.09823446870996833,0.9707990118309566,0.7224101975315678,-0.007222926529599771,0.2444787598089504,0.39713648285048475,0.16759230224410615,-0.2302291834840393,-1.302984300280961,-0.03363501736058261,-0.06546376959700217,0.07099289940020814,0.08525725489209579,-0.16287079717303055,0.3708640056368139,0.480889424245875,0.1867110056570378,-0.08750446519439503,-2.213365364378121,-0.08860231101035998,-0.03368988416800622,0.11122012587407948,0.05843018771709996,-0.010928272059988808
1070,-0.15542335187182474,0.9844212371204113,0.7242948498696308,0.020426967231288673,0.23172772930033114,0.2857004884552623,0.19443601719097503,-0.4430566196376202,-1.6367457425231207,-0.04477379622651778,-0.017633258520749484,0.14224158302151946,0.06552123025271961,-0.13452056984421734,0.30007384424729056,0.3894802493246837,0.2325693858034491,-0.2907469035000585,-2.734779685652366,-0.06985662945153592,-0.008024722723130706,0.203250590014176,0.07853262095026337,-0.027713167020960938
1080,-0.1000280263713641,0.9706964953353133,0.7211741901487834,0.0718715674533621,0.2679559825093245,0.37618101777757673,0.20283219974984357,-0.19790781188891682,-1.350007038594792,-0.10420086663995876,-0.07889551981890053,0.006742144417119289,0.059689640496921936,-0.0997617685070824,0.32472436958703466,0.46890287917708284,0.2114705207307397,-0.045406954365527996,-2.2357691498828776,-0.12048314980126151,-0.012031170752137443,0.1416580280794728,0.06703145135342359,-0.05518492487909232
1090,-0.018412693216794736,0.9535096388598974,0.7112755189258164,0.022444444505512307,0.21180567308627363,0.40260583928992666,0.23334038056131723,-0.21143512590312352,-0.7616145188323689,-0.150354052187323,-0.057356812622364695,0.1457545521737994,0.10237880363168683,-0.08670042088803287,0.2889770654438637,0.4696099634670594,0.2840291706758744,-0.042082318006751995,-1.3047606460186216,-0.18793282208175444,0.02102404612080544,0.19381540651955353,-0.011892628541674277,0.05167744205365332
1100,-0.0917236795647252,0.9764617864475892,0.7285088387088682,0.024925989677805904,0.2953678446483492,0.3580488529476862,0.19285089580476844,-0.405850760561026,-1.18472925979946,-0.17119935796452168,-0.07874077697489024,0.16276016833419027,-0.0019229037448902364,-0.0953053533830639,0.3827019341192356,0.4614974170972659,0.2277179444850066,-0.20612747219149652,-1.8962925636584682,-0.1921456730145925,-0.013941563223688558,0.2860791889341143,0.020958998668593187,-0.09285082106014708
1110,-0.028264533753954307,0.9518521325451972,0.7071364198503439,0.05040199079090568,0.21360356492139865,0.43238217612299745,0.22794715306530644,-0.2314747328908311,-0.901525445704912,-0.10169140270919708,-0.02096210668744103,0.11983165845043753,0.13761996263994702,-0.08089264345210889,0.2814796986846846,0.4712769547986786,0.2573271229500538,-0.08887774115842495,-1.5646316222389687,-0.1524292063665298,0.017540142308794193,0.24099793324588725,0.07605570841337073,0.02246562598291124
1120,-0.016495448814758788,0.9526797816488354,0.7073963277298555,0.029834283937546835,0.2104690161975078,0.35988252640199236,0.25802911019136565,-0.25302625348776986,-0.7982812326100825,-0.048991556561793104,-0.06163484178490175,0.08651799896731116,-0.001060834951259526,-0.031162703617122478,0.2521922791277069,0.4751826889428702,0.3104264194600871,-0.11992700176319881,-1.238263340382177,-0.1328470959965502,0.0032399072302699006,0.2032900536166371,0.10950129139378184,0.0402248605778438
1130,-0.02379730534443194,0.9582593467518599,0.7172691012424252,0.08260483285007925,0.2290951353565337,0.37703680779674487,0.1920164505620423,-0.24142684976604234,-0.8237087556268077,-0.05220462375355295,-0.09067036673658935,0.09404716374345712,0.037257583341652745,-0.0933576744336746,0.3226850248676001,0.47421426636951647,0.25611226910712515,-0.09290578280690354,-1.1967831718806146,-0.15270605228096645,-0.019334169638708376,0.1814118014327578,-0.07141514849646069,0.08828784775974041
1140,-0.0037482044446996775,0.9587797592475156,0.7136947167277468,0.02822869181404275,0.19499936027572162,0.41149256466397865,0.20516327550899316,-0.37971782432363477,-0.5365136878186847,-0.08515446406292515,-0.1299265086635697,0.1051199084548472,0.06173898025620339,-0.033367879119517996,0.290264215191801,0.5441943127509707,0.24256181791861842,-0.20611840325917763,-0.8629091363607175,-0.13172814709966074,-0.06607355779757418,0.21296868611613728,0.0925802346243314,-0.03651473240887637
1150,-0.09466500059089886,0.969710239042936,0.7179344031474155,0.07025090243699206,0.2640001325993877,0.2817103769503432,0.21675193013319127,-0.39498228197002794,-1.2624362380737217,-0.025047079871724387,-0.051530574830137565,0.16160990903950656,0.0356103876229491,-0.048566379754503064,0.31114217275003797,0.38526266032586465,0.22093304845742223,-0.2223923222747135,-2.1856902421513977,-0.06046477065008693,-0.018356419576483818,0.22011447177831578,0.10908205378348568,0.005033250866424699
1160,-0.04067509779088566,0.9571377523685416,0.7134476428712064,0.030981848339515006,0.16716942171391103,0.35449793509954686,0.2484536504004089,-0.1566671161541775,-1.0014968015338135,-0.1108258359260621,-0.09823834718931268,0.09996001688142697,0.10020316529327411,-0.11555041717548864,0.22230629596239637,0.4839039107639507,0.3047679169539128,-0.0031993057413077786,-1.5634822150174421,-0.1800130934175459,0.0049789591277388245,0.2654356685091517,0.07138531800331827,0.021251971498000066
1170,-0.05954125441088155,0.968186706277787,0.7214111178660179,0.018433610181372906,0.23870727785214985,0.332683923324939,0.21497772160785844,-0.40454736880149267,-0.9922866708053186,-0.08585230302282221,-0.06093750874117165,0.12829998059863712,0.027597936231043896,-0.09863214870585524,0.3303230960527693,0.460920268633066,0.22814227474625304,-0.18644297921382402,-1.4780708042737616,-0.15399865081377095,0.027613406511734717,0.1502014798235265,0.0774106400694663,-0.024909523883312357
1180,-0.06483327183511069,0.9665561025027491,0.7147642300078149,0.09654866155592357,0.18166643392051463,0.4088405267688551,0.21472344599884474,-0.4073916435347231,-0.9810790224712713,-0.06439801033588077,-0.12055696662577664,0.07670586158617965,0.10503508250297233,-0.13034916078087688,0.2950834158436725,0.48484164378878825,0.2730325495857784,-0.19580698433770793,-1.73607503048131,-0.1310574060393852,-0.020849316168376486,0.20591751483110332,0.08107913754551077,0.0025905583098410068
1190,-0.1736878063061463,0.9958808991162409,0.7304239721838526,0.026838629340338982,0.10778016748182828,0.36706457709528106,0.21275602473165567,-0.4197334136921651,-1.5729911309627793,-0.14328599665515673,-0.06672134603431457,0.04490171578296587,0.09270318792236443,-0.1638052502196321,0.1943838205765741,0.4390646666883744,0.2409851751066291,-0.29966572629821364,-2.6607943256617945,-0.17891954429235168,-0.011592579916016366,0.18228699245555668,0.03480251912586485,-0.07350209500408256
1200,-0.05236767646655678,0.9696845342384004,0.7155454386144561,0.054245167523858884,0.13297346523675801,0.3388401119207348,0.24781394181311733,-0.42594003266556624,-0.723733823971654,-0.08274671306599779,-0.026495718682628233,0.04976544748504064,0.04066969822459232,-0.04569203721804027,0.21124269008055296,0.4377355649033733,0.2918594461055116,-0.24380964674054595,-1.3186055179328826,-0.1615924775572164,-0.007733708754586122,0.13518443665685187,-0.001966825939232475,-0.0017346732197340842
1210,-0.08181001934379697,0.9727150303632388,0.7202197391875663,-0.016489556911774006,0.12564491462091176,0.39480279015311626,0.2815192749979599,-0.40990107422675437,-1.1117184196521936,-0.15692206461065794,-0.09777195864489063,0.10364319302941238,0.11497999944760251,-0.14510764449118763,0.19682247709385903,0.5001992772203854,0.3431538498517642,-0.23733857092998356,-1.6724040180072581,-0.21796193536039254,-0.0035351717622691403,0.16998752404068596,0.07359817026482107,0.04678853765710678
1220,-0.07995219624872658,0.9695881808171669,0.7152019171705538,-0.04490895674978668,0.19434625281852957,0.3310219049465598,0.22759288750560258,-0.31998958574274305,-1.1071763828952266,-0.08459751909160085,-0.09534343650943167,0.09106006973543102,0.11663953825423923,-0.11057642373671017,0.24061487039823237,0.4601239369139808,0.275138259535752,-0.18037754623188307,-1.8512914038192552,-0.1016323616749113,0.007668078900927466,0.1980654719093432,0.07703474925041831,-0.0024085249407264087
1230,-0.10076554612359075,0.9758626521195848,0.723803403549232,0.01272719337731476,0.20819816622842102,0.32276878424226474,0.20276960517497944,-0.38929400308341977,-1.258413296958476,-0.03227452365053751,-0.12087491555203478,0.11664202928400347,0.05651599621046566,-0.07028609099803096,0.2969953383163815,0.45451803736246066,0.22667160555167776,-0.21175398600663642,-2.055712156767629,-0.08315491758429472,0.0024925312819421563,0.21814800382926824,-0.010483828166482079,-0.002276040687043901
1240,-0.10927413547525147,0.970725913487841,0.7138059433442467,0.05286834297715193,0.19528178478179326,0.2895524111915544,0.18626361464616525,-0.21913453934487492,-1.530315583099136,-0.041531294542364705,-0.06257201381105282,0.157747405633902,0.07004776150020464,-0.014227458915136992,0.27774054761533984,0.39735954607709567,0.23622257536707558,-0.08037592201731059,-2.385896425544944,-0.11931929601967006,-0.01706313506098578,0.22767918968639567,0.001208394624094944,0.08370724927442197
1250,0.0025823749444334795,0.9576506700093421,0.710495248328311,0.02401181898402105,0.17540599274840574,0.38686877007927833,0.2476696347953108,-0.3346005267305199,-0.41796625289962663,-0.11395537230035813,-0.07373303439165779,0.09560055096270836,0.0025420140919548695,-0.14050100338372817,0.26864126877772354,0.49833815787694147,0.265955214397405,-0.18574874658674378,-0.7191734614492347,-0.16078349955513183,-0.024022629154233588,0.13597351415362735,0.07903323103416737,0.044674232382793666
1260,-0.07655885198895146,0.9701819009174614,0.7140828664374886,0.03451392043667889,0.220104054779932,0.25047650651609543,0.22144304032653106,-0.416299382047002,-0.9007031560687677,-0.02340734023840385,-0.029761137268734528,0.05681294807116366,0.09627543065849131,-0.12846760125518597,0.31291810073607307,0.3769565483250856,0.24999451079242752,-0.1940336900326487,-1.8347619857399677,-0.06624223407646568,-0.031009894727531018,0.13131605922139722,0.04133421906439527,0.02480519075845511
1270,-0.07094331048440321,0.9678458963306606,0.717479116079856,0.08123881612120964,0.17119742817296646,0.3857733029062066,0.17267784676706854,-0.3597301409603151,-1.020392686575307,-0.0685767578030938,-0.028382473786235485,0.05880146542262987,0.10495921811623576,-0.09238155172156293,0.22250796228493808,0.4631186596443395,0.21526993482058587,-0.17268708198148786,-1.7697687109616873,-0.0868212268884081,-0.009900860580690285,0.14681563483354687,0.10524956393356777,-0.008777861936974718
1280,-0.054767544137666956,0.9659148016207528,0.7235909696083118,0.04709764861239141,0.11829966822614946,0.3509061291654556,0.1558414868875142,-0.2532465867406726,-1.0071023107679546,-0.0379127896336926,-0.09789909969461452,0.14515672296780402,0.08300809034757195,-0.08995700903790782,0.15555648975493974,0.4444788459110116,0.21664251249547073,-0.09161802794303275,-1.5235251405572892,-0.1296407605064862,0.0014268115739042297,0.24806406992005658,0.09157282618216656,0.022731995946208006
1290,-0.0940887421396033,0.9804673268975684,0.7265301694724939,0.0044222067627952555,0.15061751028028703,0.3434782132518288,0.21909291774322404,-0.33140033046014183,-0.9608740819556592,-0.18686835863915063,-0.0835005653089056,0.03377660069725141,0.12527559938590027,-0.1101315637343232,0.24987993327410374,0.44316958151534647,0.2264434835110617,-0.1745083116821471,-1.8129508821271778,-0.24387054235442496,-0.007454187703923809,0.1585284609891937,0.060830702934254854,-0.07981997131106233
1300,-0.0252126472672262,0.9603753473710352,0.7173089505453093,0.09795068529105855,0.23230600705735693,0.30759294626675115,0.20373168394596297,-0.2511919834819478,-0.7784432224170399,-0.13496072828914119,-0.06857541876260687,0.11302809358903065,0.09082546870965258,-0.019341550278623165,0.3084896027096289,0.4290113843286273,0.2169650849607122,-0.09009408385707118,-1.1840121028382091,-0.1945455642774263,-0.02772047940258604,0.19311112913311945,0.006963992108712236,0.0194434628922886
1310,-0.11938551160421318,0.9845046942360025,0.7223165209310707,0.06357658679045175,0.12665483886788242,0.3140331079850698,0.18431961022317866,-0.6873868569216948,-1.231599845798331,0.03750662339851729,-0.11527184205618224,0.18752043771200233,0.10793302445432473,-0.10668016814087511,0.21918560972915901,0.39874143466758205,0.23553348556067477,-0.4766533417027816,-2.0495904451454385,-0.02846976113076649,-0.025715106090996587,0.251060145230373,0.07284272118455193,0.015363997494821424
1320,-0.08556197220529281,0.971581946668126,0.7183990594363947,0.053046419244456744,0.20609074887339107,0.24591727854482304,0.22358483212278513,-0.27907481716309457,-1.1607545766079639,-0.08746166313694004,-0.08878635763326992,0.09005914416657268,-0.03564482179538708,-0.035805654636510864,0.30262032273522244,0.38152981399274355,0.25191494899903066,-0.06967986950283,-1.9554770390808098,-0.17340186424402115,0.0007112272330981328,0.22122442030732303,0.062356591856155164,0.050229499414077616
1330,-0.06752499811538794,0.9680954258645782,0.7153500257035719,0.08628019741263238,0.21151078385813438,0.3176886084482654,0.19596582308760757,-0.30297897530273055,-1.0051378253986645,-0.0650401341894773,-0.09134417957629526,0.10451451458504968,0.036789201060168364,-0.014922820550677063,0.2509856109392117,0.4249286220941342,0.2462611685403182,-0.12204243065208753,-1.7393286157122683,-0.1314026102893524,0.005539219382224347,0.19352465067366809,0.002800254050600026,-0.022616022883607867
1340,0.04607276413150249,0.9375830817657635,0.6944203431359485,0.12158142809185912,0.273742323903551,0.42089144917243293,0.23249689248730587,-0.15469507068492905,-0.4857165133024295,-0.13474595145413626,-0.08124636646678418,0.14298507650429315,0.05514053943293595,0.05753994326924783,0.38206755929205694,0.5214259852070815,0.2571900501054474,-0.043474869506967995,-0.650647844948069,-0.14798614635255025,-0.007902744531426364,0.19929702710658248,0.03687263247902772,-0.027287353042976692
1350,-0.016982003465151625,0.9570062911821624,0.7134064549941654,0.019870541476176173,0.1738355981851859,0.3621622415107024,0.22550178028906853,-0.3284647078332106,-0.6688504364352617,-0.11567694133811024,-0.07815138602231375,0.12302995769775782,0.13264442184367153,-0.039362677992871964,0.2869071838801184,0.45730691044021754,0.2517460342310066,-0.14713407483179286,-1.1401880849321349,-0.1456016394668911,0.022617139448383616,0.16586245096453112,0.035878059669296136,0.049445556448286965
1360,-0.07564196639168486,0.9719300137212975,0.7162014044007989,0.00011642896876518094,0.2766479061760775,0.29256309047462103,0.2517554255322427,-0.425675187373346,-0.9872118250008468,-0.12408133566594004,-0.005001284457640809,0.08756881538722572,0.07548210918031073,-0.07365963660193064,0.3465047569484919,0.407991790065517,0.2963530874916701,-0.2853974810389832,-1.6691826849137867,-0.21338897111555744,-0.023973648824571203,0.17237317023653254,0.09096731443896366,-0.07923313413319732
1370,-0.028364181017649474,0.9586585890927897,0.7099099487103729,0.13862424252226957,0.13903230452005455,0.4430085523969447,0.20662123208615335,-0.33933385550701023,-0.8211939000547439,-0.09053690621427934,-0.04341916770902854,0.14669194138826502,0.06389310308973817,-0.12676421480652644,0.22431961878524054,0.5242450250916293,0.22543775160097346,-0.15138796302037938,-1.300842647189545,-0.1350058784175856,-0.005375379842871952,0.26951932616951557,0.04276172293808489,-0.005942709197537921
1380,-0.016682099851375403,0.9508233444692333,0.7081042876751509,0.03124552571995398,0.2892460714168047,0.3184035891373673,0.22869606377527762,-0.2547692341633354,-0.8050425199941402,-0.03021705875891434,-0.038241186553498174,0.1420698255975763,0.06865068838165911,-0.11255365326251865,0.38070015687270575,0.41290939675558347,0.27790219213391465,-0.10971576009665429,-1.342278283868946,-0.0905575918459991,0.013602750101407324,0.2249535550523284,0.06634512444412544,-0.021673747723581327
1390,-0.024723042760321872,0.9617072324032215,0.7140904636422456,0.0665473265085289,0.22286409693482856,0.3712459175776014,0.16218260361188763,-0.31264947214160066,-0.6600212504771885,-0.06996647468258566,-0.00019160593594702569,0.0767549988299352,0.022773675770031865,-0.13470716588925113,0.304655963006947,0.4919565776411816,0.1953676541775501,-0.15361973659220318,-1.1020501345404505,-0.1224158997627307,0.005774148430222503,0.11479936732083174,0.10749258086409863,-0.10597706861844713
1400,-0.08760967269271197,0.9735632283636262,0.7189772194887329,0.07482779159809616,0.22716656100672383,0.3408258826482162,0.22244875882264592,-0.5529169110920444,-1.135001883891689,-0.06056429581379441,-0.049094774418445786,0.15733558058663488,0.08802342176984856,-0.11568929170538467,0.3044937178307616,0.41134854287815725,0.23373076656059943,-0.32183514292968973,-1.8448755227256166,-0.09354972089691937,-0.021281042899568448,0.24690546380002554,0.09200183929305317,-0.04410286696856147
1410,-0.07719000744245384,0.966251380448626,0.7169826726939017,0.11333787660689776,0.2829665213214,0.3690863187614337,0.19568409036636836,-0.27413405796117396,-1.1465293301837929,-0.16202529797211795,-0.03651272566840258,0.1040444828528776,0.07448168027442414,-0.08285457905783011,0.3232290819212684,0.48490243983297043,0.21645728373109419,-0.06910288924164365,-2.044529149092944,-0.20394071914484613,0.0013559809599926753,0.21227307183867306,-0.045957616897899456,0.06677738046172055
1420,-0.08490944212434116,0.9714223110459058,0.7164292981904669,0.059752239915649596,0.21527145279759308,0.3672020462194615,0.22160864693765636,-0.40074295092260837,-1.1310959794744049,-0.025802439160938606,-0.08643368417614483,0.07318188443697493,0.07301137219516873,-0.06581261735456678,0.3027805195310159,0.4585629546128017,0.24133860246876915,-0.21318800324918463,-1.9060401096682646,-0.08151967658802017,-0.04084262208258327,0.16740517313392933,0.0017593753747161545,-0.013494469558184674
1430,-0.05943787566346145,0.9630884721738491,0.7177866887655776,0.0813185546986841,0.21115327060084088,0.3751254391404002,0.20983223252953032,-0.3062641892745823,-1.04237277232932,-0.11044416373836152,-0.06314144683412737,0.20087101509753247,0.0838848015917174,-0.12491600684671544,0.26851469748810386,0.4713534714830121,0.22530461071193375,-0.13362740596120903,-1.7569320079703603,-0.12260649846347227,-0.03666132634499997,0.22973223946586818,0.10826391013214032,-0.01658381410930554
1440,-0.11234767904630943,0.9791729426423145,0.727508023364915,0.05155875735671167,0.09312238678506202,0.3791324472927382,0.21872581887588693,-0.40603362945795585,-1.3620177481755396,-0.13413240479490574,-0.060034157935143106,0.10971181077167225,0.07738193968830731,-0.10288686372184874,0.16540072390534133,0.4894159588284247,0.2601362986147503,-0.25234780346404184,-2.057667942962093,-0.17557092973608213,0.02049236483877337,0.22851295022725793,0.07600820770850991,0.021790555381675736
1450,-0.04735207370027731,0.9591528734412239,0.7107068778272031,0.04738161523431883,0.23599043876203507,0.2877477228161892,0.20937982185203052,-0.3155719817595095,-1.0428416284978095,-0.025167577182922063,-0.06439998218985288,0.14474767337840655,0.1669796750800503,-0.049205459649086736,0.32876962313805624,0.4437290679954645,0.22242978279423276,-0.16452852126268724,-1.6031189917069604,-0.11645447036932599,-0.009514774336081055,0.1701151138011726,0.1013456247776866,0.03779367961876856
1460,-0.10942177735546575,0.9789528955137816,0.7240459009587505,0.02929534079313223,0.15531899508643265,0.36582620866152915,0.2195977820420334,-0.41625051601732377,-1.3163096307504634,-0.05276812037195522,-0.1006880519094544,0.13612554872144988,0.06682811947196654,-0.09321410436112254,0.17841736344587533,0.45940871040407316,0.27869180168826146,-0.2002086349339265,-2.0142991210314745,-0.13213009576265722,-0.024116653754053807,0.18962564869795306,-0.03353447525646658,0.006526560671410331
1470,-0.0752772654832776,0.9796418635901496,0.720646705759466,0.03784378639039421,0.14284874449515284,0.2937799477228461,0.19204203637816153,-0.42535042495906805,-0.8118425760837427,-0.08280067933129565,-0.07688303766100502,0.10227046492109038,0.06095062599891066,-0.20273488469495793,0.20899902238072543,0.43596734356632727,0.22241066068016913,-0.24312542886690403,-1.399014079402514,-0.1760491675382594,-0.011849594875084302,0.1442459233681055,0.006289508404450306,0.0011792339576683908
1480,-0.06138716292218219,0.9707636019112914,0.7145042545368976,0.06651115387750306,0.22229924321445294,0.3368695925461591,0.22732641142350596,-0.4842092826322226,-0.886102047277578,-0.08956110290983688,-0.07090693496179012,0.13093633570143492,0.03227994466570838,-0.106986667691507,0.3207991742682814,0.40661778291100026,0.2408479105092476,-0.24989454414222867,-1.4851873071089128,-0.11414264065091029,-0.02376656377419617,0.24579469310089197,0.013374039405612326,-0.022029611840441277
1490,-0.08021831920693161,0.9750830472435242,0.7202707871441318,-0.02829529759078886,0.20092354557822567,0.3348121015086346,0.21169567564932934,-0.37530814367712106,-0.969786951601685,-0.14212199574360063,-0.10216447780895721,0.10767936471467421,0.059637869179836156,-0.08761113399683818,0.3045162854791039,0.46110648876390203,0.28655971372737465,-0.21587911250792247,-1.7080012144154275,-0.18577545936772233,-0.013578646736043254,0.16919408930593316,-0.01155377642640909,0.019366372619938566
1500,-0.12942984290922702,0.987251807894613,0.7307378147101529,0.0653510462715704,0.2249365717323103,0.33658446592932034,0.14061514110616213,-0.43199184642523547,-1.3164779140492975,-0.10958635072671497,-0.08945989680189514,0.040318541740257285,0.09839413362847027,-0.13418917154450716,0.3123542767612608,0.4493228711011499,0.16476523200042026,-0.23982341389707695,-2.1854808435985222,-0.16102443160055713,-0.013916100307606039,0.1154639170491415,0.017668592602745226,-0.001851522065162925
1510,-0.05411928723962077,0.9655411630451265,0.7130572155733139,-0.009073061124028392,0.19025109057895273,0.3430362180078266,0.20785242432161966,-0.23789452111981668,-0.9476053547820942,-0.036311295030793556,-0.06293355964960212,0.09971959132819896,-0.04645960733867094,-0.07295300819749206,0.29172175232631625,0.474493613315913,0.2357911159882381,-0.09093776234690476,-1.5628982909856437,-0.07957572789293299,-0.024839644313526588,0.23061537944264787,-0.040349633804349416,0.0018452492441057844
1520,-0.038892716788851756,0.9692623485287315,0.719874232931881,0.02386659650429046,0.1665890942478747,0.2867538007671887,0.19857491576661124,-0.34815214669065475,-0.6504541300064677,-0.174699827221648,-0.09173584549353797,0.11973785525731728,0.10299810153211308,-0.09568627202473068,0.2381357359342402,0.3767687507178362,0.22271034363961095,-0.1643009706250429,-1.1580969962088727,-0.23562465975122482,0.0036156148596512283,0.2368945188496454,0.10178707470178483,0.023571392678128245
1530,-0.11909057287737143,0.980309470399174,0.7214154337172156,0.0569172257327103,0.22583964437937232,0.3565428432951383,0.1744290642426759,-0.38455775013674787,-1.3476429824272875,-0.14613743578589844,-0.046923661843215836,0.045617057483636536,0.06889765257778424,-0.08997831843187609,0.2911690431339967,0.5092300270790231,0.22342251881955055,-0.20675391845130475,-2.258779089830307,-0.2436585982241377,0.020183648432180012,0.16676027506084257,0.07649061448615257,0.00803010998291187
1540,-0.09287898682178768,0.9746668647496912,0.7234455283611207,0.05804876845150764,0.1812121331238996,0.2866986194462168,0.19520449833624642,-0.4363097483646279,-1.1266252231537508,-0.019810310388173713,-0.0896401661776951,0.11971768058234733,0.06317282142445335,-0.06495598476733289,0.2534273255252647,0.4145945534138705,0.24684520327260318,-0.22650624309306244,-1.932714059607573,-0.06724581161204157,-0.015050965837929642,0.15021459842250173,-0.014141527396301257,0.07340511514203518
1550,-0.04473581224710055,0.9649526378753441,0.7146475557423511,0.05581002643652733,0.15922238027779945,0.41308014177918295,0.219914317221657,-0.4198720866831678,-0.8084079363091141,-0.15000960618470427,-0.04530370320801502,0.12159459022834074,0.05476700932954115,-0.10059654563980924,0.2524462282762653,0.5037399398115965,0.2575667061671174,-0.2032327884368954,-1.4005693535654955,-0.18162650475852993,0.010149848615713997,0.2411799683200173,0.0814662927150368,-0.0007709815821761445
1560,-0.0012774804101206043,0.9527505678725459,0.7125675334641135,0.000984786900605994,0.20726211494128566,0.40131204853596714,0.22694364738907236,-0.17287780913046857,-0.6027599690119603,-0.06799540758775091,-0.018346785725231518,0.0423067517091168,0.07726637146283877,-0.06040529196685207,0.26342555805644086,0.49060148183804964,0.2444093376023515,-0.05920851858903364,-0.964250602802341,-0.13346376321020648,-0.0064167854547032555,0.1582316791784918,0.0458338742162554,-0.09967980696446088
1570,-0.09519122957771405,0.9670694908696679,0.717600796060219,0.07339646781056408,0.2296980094478308,0.3120939748964229,0.22737191364759768,-0.23296348998498773,-1.3954160666292625,-0.09357751943110171,-0.03354547309745537,0.09663751718147717,0.09470346078243319,-0.14064007608524465,0.3129249883525349,0.4319172377405267,0.29250324995132926,-0.11928251520217992,-2.1745127413186394,-0.14245923007643158,-0.008347447750164827,0.16255843629111044,0.07444715371322574,0.03347632862841876
1580,-0.1026866544181953,0.9717832535711136,0.7165754314621554,-0.0077634682691540835,0.17965144903141628,0.3362167205774056,0.23482260250657805,-0.29351718417536454,-1.4007824779299947,-0.10015976892497336,-0.012657894141055115,0.18091560177213706,0.1006059323641244,-0.13278759495903159,0.22891186160117893,0.44820826463737706,0.26042682604382383,-0.1269236553818882,-2.1622603329077252,-0.15351164858588628,-0.01979418778529851,0.25309968312292797,0.06607466676482054,-0.03519513814351938
1590,-0.025619692411014146,0.9499005879380739,0.7034603975391116,0.07583496270914125,0.2642032277477765,0.4009023998732689,0.221692443538407,-0.16868364770119526,-1.0083225183010978,-0.047879945292198745,-0.16643918743355224,0.12675170185969897,0.06458725275905042,0.004758900803471189,0.3270883406924141,0.5277022192702687,0.29182650512245467,0.005930886068325147,-1.6072474936978147,-0.10348611997655488,-0.03420790972102061,0.22064998165165484,0.0723441567806038,-0.006019697384398226
1600,-0.03085776253669028,0.9517607706839739,0.7073033761514338,0.05309840965999435,0.26331469896572557,0.35989434505407536,0.2241805042822167,-0.2917888175815657,-0.9589896064164984,-0.042027782232761046,-0.052178749408697156,0.08259765557994014,0.18840563009455635,-0.10663016683141469,0.32969459789886746,0.4803265232623366,0.2705514170371175,-0.14159291273997576,-1.5519366840108644,-0.08697586261605705,0.002219054863698111,0.18874454196247348,0.08583493232049577,0.05524525758584131
1610,-0.06705904428053311,0.971378596347322,0.722478520975261,0.058603130791122005,0.13895624689814134,0.3189227737541307,0.23042608165839085,-0.33577774088600476,-0.9314056355402813,-0.18035466571539782,-0.04746822527862715,0.16160005961821744,0.09795993852803508,-0.11737502508768527,0.19447400692705685,0.448222516293053,0.27409890998454445,-0.1787277086892336,-1.5292817823476268,-0.20538491876039466,0.003945590985071634,0.19310212031403862,0.05163095541086726,-0.05440655874861289
1620,-0.023744594156394707,0.9588471953379138,0.7079930514089819,0.03944282915540942,0.2652862121439947,0.30686948001628556,0.16328971536858772,-0.3580396635729617,-0.686581949972255,-0.052821436787224396,-0.05447601327258034,0.1523042039290894,0.11837030240395563,-0.09291975114338502,0.37840908190138356,0.4263768053515228,0.18860357413682405,-0.18566929585976877,-1.2633458827693373,-0.08144221188555001,0.01834875156720628,0.19766100986829027,0.028702271466267693,-0.007004509330043485
1630,-0.017565379649779524,0.9616899752309852,0.7166737073069769,0.08459217460863688,0.22827299337898788,0.4201930074299782,0.20196626361454462,-0.4054328313224729,-0.6228870687783488,-0.0627566229853489,-0.07945498398473916,0.10231198058592539,0.04363171392914411,-0.15247905012560103,0.2906457811156329,0.4953950301568807,0.25442818825547575,-0.23110316584706903,-0.949304314457212,-0.14205567470304636,-0.04749557834510121,0.19184517530924927,-0.003412082766487412,0.014226092285601233
1640,-0.032539646719183246,0.9501507323604707,0.7142320137668638,0.06651977893303462,0.2548967840112899,0.38856206681700767,0.2045045647769479,-0.19674950639288435,-1.0246574807893714,-0.051978901093965524,-0.006073708146220547,0.12218301436124535,0.09576342538644966,-0.045068521261650396,0.3383688370506718,0.47893769756835414,0.22464890557157924,-0.02748372337288707,-1.7058658168360097,-0.08802237920371869,-0.004975728300879778,0.19933370897326042,0.07833084446708982,0.015493556377808582
1650,-0.025949370781080477,0.9578445104628573,0.713728892507718,0.05705136568173108,0.17191569598964362,0.35353096902991166,0.20794398791709767,-0.2248103802632151,-0.7903105513609925,-0.08135740181346929,-0.0947879984951896,0.1297355270491033,0.07116869199997045,-0.050895976961536915,0.22809588274623993,0.45753490625662474,0.27237303645834343,-0.08254314117200412,-1.2574790516134762,-0.13354572291028521,-0.0007352295518365803,0.15826298029864294,0.03394428395556104,0.02997134035644544
1660,-0.07233747007663201,0.9702567015045751,0.7202490750663342,0.11583901898240412,0.19755511921629565,0.3813999614354048,0.17026492078147193,-0.4591347003103097,-0.9626035063851188,0.01639144162759698,-0.12164992122961515,0.12466527096427837,0.036382863031387935,-0.12512469613518573,0.27546612749999033,0.5038183605478774,0.18146565554336014,-0.2805532413097178,-1.7930670957354584,-0.04834729561639817,0.011409439622117268,0.17625249412833,0.05751947798290513,0.02296343374911125
1670,0.00997914332764133,0.9505480288887612,0.7081750081567998,0.0745305828960674,0.2371877317077572,0.3026197978755809,0.19585540881637753,-0.18771177408599526,-0.5167786213501673,-0.09031524493147525,-0.04253606515366015,0.1601954770537668,0.12288183983862244,-0.10378357753969158,0.35041740870308236,0.38262023778869836,0.21566660896962175,-0.07132996482456067,-0.8971611376814868,-0.11631433196380825,-0.028794426125095862,0.23527891384067545,0.025552583801052964,-0.03851943775489408
1680,-0.025818936315713543,0.962801014095333,0.718698408645013,0.026164530624060656,0.21131137768054742,0.3695160000013953,0.199872378763859,-0.28722133628428037,-0.6354769365969981,-0.10478655849957019,-0.07715141232664102,0.08895658869154477,0.08262150792554057,-0.1364902176682341,0.30525211281207576,0.4455294974932644,0.23055116794904684,-0.14423775864689525,-1.1067682760425326,-0.17260401152334848,-0.000891561481782599,0.1386663981325017,-0.019086394421552244,0.04407524078801406
1690,-0.08856840757531595,0.9751292684782208,0.7243709903223817,0.03352841206327495,0.21320358142023543,0.3975792198098441,0.20234762883359714,-0.5043566906526429,-1.1392004672082208,-0.04525825770418468,-0.11105462034044322,0.13733910412172556,0.0848437312513931,-0.09700107981675377,0.29002267588667885,0.45779728635865424,0.20262078604087008,-0.2730865245842673,-1.829276307656658,-0.10148787188833697,-0.0038455061322406614,0.1997695631889307,0.06437387012553097,-0.03879509219862154
1700,-0.08049299449190535,0.9648935542472155,0.7194790965589344,0.052056792106253136,0.2215231949010471,0.2858361697720483,0.2681443796210925,-0.34530543550907056,-1.3075989044152627,-0.04166103959712886,-0.06955538064912936,0.12147697480949038,0.09988314041796864,-0.11066047590137318,0.29166140104789695,0.40135242673847293,0.33710966324739533,-0.16070137217496994,-1.928727681527274,-0.08740019431692159,-0.01597217658436323,0.25262585009795413,0.09315657861883975,-0.04759679503297787
1710,-0.0806575649104839,0.9726880705830745,0.7155961197416661,0.1017934101693102,0.21916730955052077,0.36819121333963145,0.15573382316833817,-0.4526877205157409,-1.0670024757837537,-0.027165158092107955,-0.10938200884778881,0.08057690866483491,0.056098123415672885,-0.026075461607354633,0.3004473994198211,0.4507559914099033,0.18295798382263728,-0.2852000310462268,-1.8572545347544942,-0.07481916693293122,-0.06644026344967124,0.18565820396174681,0.04234271723826677,0.12849487374922397
1720,-0.10623213727224859,0.978408091864856,0.7281532220570514,0.13211360729535881,0.2157257678960699,0.3266849134506481,0.26406937179063095,-0.34381655463173266,-1.296031376507457,-0.2014608036586134,-0.06541364767314417,0.06379581183689542,0.011264346395569724,-0.10086546052981893,0.3023857000282808,0.4487960966788461,0.2942064667688715,-0.1738493534213843,-1.977286021984809,-0.23764590223296755,-0.0301476345960896,0.15743420254574303,-0.017827294702002172,-0.0030071174661168154
1730,-0.1002385458272135,0.9704395591132463,0.7176108253750959,0.028599618650820946,0.22420804382810744,0.3281056905216413,0.21728921978564264,-0.40850613327502217,-1.3380387771980216,-0.008216217656129121,-0.042528911862957264,0.1037301966250157,0.08038931626755796,-0.1261614805443536,0.31248171017674875,0.4538507944996203,0.254815968979468,-0.20831685254183108,-2.177653591422891,-0.06132664655721887,-0.012358650019474116,0.16661833828319084,0.09948005881780797,0.008528842270792314
1740,-0.09278770273285988,0.9757799138374001,0.7227388259259172,0.04374957355801545,0.19500969085784214,0.3167430102708765,0.19331477444926493,-0.3904439186806632,-1.0841112564585065,-0.0365386100191365,-0.08226064312451253,0.11182813715547313,0.047400011402664366,-0.15999222691853188,0.276608665228683,0.43363532823984663,0.21587966510532652,-0.20018598739353477,-1.937003760922864,-0.09201055036575978,-0.012854258722285739,0.20746065108506928,0.04298580374075134,-0.03775585587807617
1750,-0.05177822639397404,0.9677491971106319,0.7215028277475207,0.021144432642815403,0.2145647367081016,0.38841945654503074,0.24333663678349315,-0.36727836713263096,-0.8244025391848764,-0.12550321876289283,-0.06396216880588512,0.06545679009808647,0.004757764116314123,-0.14012349420107806,0.29460620971652973,0.46911195748167034,0.27735132442229515,-0.16736422939277662,-1.4078518933584947,-0.15730375754915005,-0.036282189051463964,0.2095560589783162,0.006756392666540378,0.0076673430066004356
1760,-0.056743905976769295,0.9649416480344625,0.714843908753527,-0.009362788706240632,0.18299621268143595,0.31890148399451135,0.25251971553866603,-0.2353173938888531,-0.8706818909302916,-0.017844190279746597,-0.09602159597958071,0.10729137417359458,0.03143204767038754,-0.1164572485873232,0.2630715339807793,0.4239516873872686,0.2855786233995856,-0.10787434498778348,-1.6264623721848275,-0.057258760093515715,-0.0038987253685021095,0.19405379414332158,0.010910470757986013,-0.12114965823302759
1770,-0.061988830056722,0.9670758949534837,0.729119821244202,0.04569871612488885,0.13307383646841398,0.37559367062168514,0.2338850917884614,-0.28573889095540284,-0.9776552315457852,-0.09254993104177056,-0.08488568018885756,0.10290643969044422,0.03795016382849581,-0.09230833372379954,0.20815672242823102,0.4740519062748443,0.28409820331218993,-0.14302767846436648,-1.60741117684212,-0.12496725448266632,-0.010480505408424046,0.20251301041092484,-0.0260123217215682,0.045343812235019154
1780,0.0021271327850261867,0.9507529156233294,0.7188294985293161,0.10446897626059737,0.17619315869458085,0.33112776183847126,0.19837925628273168,-0.2006342946962676,-0.6169408783125381,-0.03712271446748505,-0.14683500291687457,0.13342775747724633,0.031231582226191712,-0.06432545172118731,0.2200584896959723,0.413201307096831,0.25410994841741075,-0.023876797337763156,-1.0227321655380361,-0.06242754569693276,0.0065786573271570115,0.21066861736503484,0.04962314726800965,0.09049597922239982
1790,0.006050960951965397,0.9517712034276272,0.7093162157516786,0.01188700369096285,0.19949578085863495,0.3394608255242998,0.23669716148546305,-0.294169788539006,-0.4251951297576977,-0.03199179255846296,-0.0795501877101088,0.09984769802210913,0.01193769894789476,-0.12552221242988204,0.29721974603756174,0.44685337289876037,0.29865204162050807,-0.11846611841306665,-0.9102806030317527,-0.07099840307756988,0.002854658168418678,0.16172159968804545,0.017417226137515285,0.05919960242864575
1800,-0.10449759916745778,0.9755477677789756,0.7269018869798922,-0.03308258147783616,0.14638122009313592,0.37712772410879736,0.25053872252947174,-0.29699536728571974,-1.3427774110927575,-0.11984385831951139,-0.028093838071098,0.13266359331988775,0.12557877926979444,-0.1590768177348416,0.20211348366779425,0.4386191496702698,0.296645251943502,-0.16094220729861042,-1.9503444346249017,-0.17345465724405895,0.04536062598808743,0.15157584336275287,-0.06123631564640153,-0.03520648767437029
1810,-0.04967887482978107,0.9682586433117062,0.7180954111620316,0.08858397715998534,0.2831554609316068,0.20546661274979083,0.18910298271349701,-0.48449320900860604,-0.8144497031445019,-0.056429334600012426,-0.019278149745111772,0.13115051978434522,0.14078227253957176,-0.11919338188055995,0.35252722713909423,0.32238993541338934,0.23621172578685612,-0.3045644872655864,-1.3096047493946474,-0.12528598662087487,0.010135175628769644,0.25870023398581343,0.037280127538676155,-0.06544362113689761
1820,-0.057979333416686304,0.9636921030428697,0.719779290889904,-0.053908149046122844,0.15227937950546333,0.38493264203045274,0.2180328716387422,-0.28132228506206314,-1.0310355412922374,-0.04659238859780168,-0.01670022738278698,0.07533973673578775,0.08787888718007109,-0.02320047583370255,0.22496735147892688,0.4676975050135761,0.270006604784339,-0.13300085542766538,-1.6404572719655213,-0.11685509015465301,-0.011560059676572587,0.22687429463395892,0.0010171160726604178,0.028039953614735658
1830,-0.02689647732198732,0.9606969890705717,0.7159486812189407,0.061834973116105196,0.18538103609733736,0.3511186072251722,0.2371655635604859,-0.3327992010984919,-0.694589339463836,-0.08714253289703122,-0.07267008712243705,0.07275186918584908,0.06480225588418431,-0.1643820679027279,0.2684046745460055,0.45886763471706593,0.28412058625244496,-0.1531553935138774,-1.1313793400425776,-0.12953635349208636,-0.005172489099539046,0.14182229029796534,0.041934876628568096,0.037796413359686865
1840,-0.09060830123537618,0.9691691266433061,0.7180509664714501,0.08269310737165492,0.17250803644730694,0.40256148517364776,0.2034608981801218,-0.35148528409570545,-1.3058934156522617,-0.08273217598982319,-0.05655472857090493,0.09774756092545833,0.09505455768019433,-0.019405515805817286,0.28834956338443696,0.5199211207816284,0.26246304684799504,-0.16752403259657878,-2.097889517552058,-0.1545771325516787,0.002973985421402814,0.21157798362229718,-0.011357370441412273,0.005333501477195246
1850,-0.10156912454715081,0.9739173734279608,0.713695387254185,0.025757467017048508,0.2841488891687528,0.3235610999043126,0.18358730049699223,-0.5989790777975037,-1.2299142974286692,-0.022962529498757656,-0.06435610331802266,0.1622659453723394,0.10725079449843156,-0.10626140631915293,0.3803128536381234,0.43887965303342136,0.2154873529219491,-0.3749992305618961,-2.159948122530908,-0.08479264635258632,0.03490472041425319,0.2022615605225504,0.11795867968595797,0.032885481643197156
1860,-0.034220374147010096,0.9585761058312133,0.7174850699687861,0.0424890556480535,0.19980830787134607,0.34174233726596226,0.24391819750919974,-0.1692179356888328,-0.8146485666364827,-0.063893882185037,-0.08095904194892456,0.13940584867940942,-0.005510071233569613,-0.18719717629367727,0.27863588655938387,0.4516455286887532,0.28584943532762574,-0.006498509331805069,-1.392845200261661,-0.1250125571797065,0.016066443432954713,0.15910292913795954,-0.041168625322148156,0.009659738873984747
1870,-0.12851054431319672,0.9863934864734277,0.7339651243913108,0.00394608072667102,0.18113555896620714,0.2246458830819913,0.18977197127467438,-0.36749547773177427,-1.284264912592421,-0.10637589111999901,-0.06940570996641315,0.04287480388107201,0.00013928378160710242,-0.032315549079737105,0.26159252755412277,0.31936917958820954,0.2598162766426221,-0.19698626691328802,-2.1807257710439036,-0.14035435869748336,-0.028110454515166694,0.1781116548351218,0.04547086527913258,0.0004388754716232457
1880,-0.047826452537675625,0.9630803284934212,0.7118580497920357,0.05032109854068778,0.22145831019117768,0.34765868015361034,0.19796037776938524,-0.29204677091565934,-0.8867211615265727,-0.07436273017415163,-0.05494303376977849,0.1007498292811001,0.06199078193315166,-0.1113350223083982,0.3024397880317943,0.4405323930963999,0.24335357180476025,-0.14769256193240032,-1.5142557325529102,-0.13676289271489983,-0.028508155982180483,0.161202296604659,0.05077302140042983,0.06383240977860727
1890,-0.03928652581415908,0.966982385353359,0.7178658525489016,0.030595473418936092,0.1926145237242869,0.3673383136034778,0.21188619133178666,-0.5560152645521348,-0.6055694869552557,-0.05956124633670412,-0.09125452431627856,0.1487435560659558,0.049021724531432054,-0.1041493301546157,0.2694022815295043,0.4818581503545223,0.2634401240967801,-0.34516248121883675,-1.303881499773857,-0.11357949613744833,-0.05226127922427626,0.2703365366733138,0.07727777426405213,0.0439029169780184
1900,-0.04449413519156017,0.9579971843357487,0.7150922287769081,0.10368446558430788,0.2085457002877784,0.3125567012361592,0.22328547386297082,-0.3901218843568024,-0.9114536954511347,-0.01927375416776278,-0.013568603335985863,0.16612692887941027,0.1124153989062443,-0.15155865943704105,0.28046442496120605,0.4569455742457047,0.26584266448716154,-0.21521328561055375,-1.6358154783011178,-0.07883917535951013,0.01454573124698566,0.2688821891322305,0.03628744302150755,0.0318850011454781
1910,-0.060105062831617234,0.970329689484286,0.7241176105627366,0.1061634263547967,0.18596898840289167,0.36277505448113745,0.1508784523232648,-0.4376905857478839,-0.869386515539162,-0.049305731514355244,-0.048037406205601485,0.09056012327543939,0.06137423307529499,-0.13543989709535786,0.26389019925226154,0.4565793385049286,0.1686748091989213,-0.26653164214880687,-1.494603602822341,-0.08574932522566558,0.03767224453684881,0.19666133400674968,0.03942445641419201,0.0039157270084849705
1920,-0.10136304731093566,0.9759632465301605,0.7288265760981844,0.05717337817936596,0.11538978426663238,0.3085543222131696,0.2602185596883193,-0.3129707808752178,-1.2763518702097763,-0.0886307131164703,-0.11341162058579712,0.08184010457719793,0.019228467922177472,-0.07832690887242988,0.1752473579908841,0.4380049411041128,0.30340530936759424,-0.17670187732751907,-2.007567854851941,-0.16779454601041532,-0.013440567008733195,0.25831580733594206,0.04399900164683035,0.045195711036424946
1930,-0.07624280705813137,0.9648863993855082,0.7200051793955365,-0.0014896674430602275,0.17240154579657974,0.3161712345611012,0.2691023483289935,-0.2569610910406337,-1.1900163392542646,-0.013272716573865084,-0.09211935559593765,0.09440226991879952,0.07317623742083912,-0.1425225919592361,0.26490163974392067,0.43324472851218643,0.32755696061679584,-0.11363841928062679,-1.8975796339889328,-0.09265516562055875,-0.04613596824815147,0.1799726766823636,0.09895925015885054,0.015403109044078489
1940,-0.05174818459673996,0.9609171735268226,0.7230518753182833,0.07065749116309561,0.2272864026756829,0.32900281756552907,0.18165756474404615,-0.2230490792419173,-0.9755883909741936,-0.012895382094246344,-0.05506638231650207,0.05127836453904322,0.09842288466952498,-0.21580030889458723,0.2971144536509558,0.4316130540789034,0.2332782477566855,-0.11215532858083277,-1.5922500574462504,-0.04900879208145992,0.0065190754082214974,0.10730233990821636,0.13382728235232277,-0.018858133413776512
1950,-0.037183316164141805,0.96355159191398,0.7155923188361273,0.1096162136987966,0.2273072000756885,0.38407425919996374,0.22953206660640713,-0.3903565455743401,-0.786380529856658,-0.09394925910906271,-0.14414779196149685,0.06830010085819105,0.1307940940010076,-0.13104812683717704,0.2834358275188771,0.4415241865295343,0.2506611112001206,-0.19029357370988653,-1.2112461076216419,-0.11792486941697189,-0.0013625180087035726,0.08855142981882147,0.040840676301050705,0.031222516840502035
1960,-0.06509016885101837,0.9703051271331053,0.7219324947239618,-0.04883750901816608,0.2120668033571126,0.32308949630872996,0.18060754852991046,-0.3148732283689708,-0.9716113463667619,-0.08775713463748502,-0.0785262450984483,0.12158204874786083,0.02542253014415108,-0.13069188213145377,0.3164167487641384,0.4490972171108615,0.2371772561631682,-0.11863983233878783,-1.5813737597849618,-0.14212671894042517,-0.06470068375926896,0.18249187701635927,0.10311530962060134,0.021177958810450148
1970,-0.06774693784079802,0.9656419563273557,0.7207502769440546,-0.05792745346535422,0.13480051812338978,0.3197926178618392,0.21522166403716714,-0.2768335585329007,-1.050266772017082,0.03465101447110097,-0.09538238030360091,0.08203314679141183,0.08003142699979804,-0.034056175271350186,0.26201279883406825,0.39411653731609364,0.24335488530876925,-0.10835757473639873,-1.8236108998225262,-0.024397340208599294,-0.032320101879819374,0.23685156383666994,-0.0044231408461674615,0.08202352884673292
1980,-0.05144248316494139,0.9630275841996956,0.7158115272209169,0.0630624011647617,0.18075182668587486,0.3979391271752871,0.22936287964350943,-0.30006820317277594,-1.0200459811540794,-0.09334272030042357,-0.0880028653040299,0.155981108506007,0.026079423743419983,-0.06514563687532315,0.2859662153234618,0.5120923300934593,0.2527855859555177,-0.13357356090573513,-1.5654037418885802,-0.14395458493997726,-0.01445605115632076,0.21704760932424172,0.035763119384633724,-0.013130427766697927
1990,-0.04271714165201829,0.9671621526932974,0.7182130735536835,0.05079460412835335,0.21159839707218975,0.3323345230431016,0.19302144826087986,-0.3155698634303812,-0.7830431830234619,-0.09157122441024224,-0.09454894462363317,0.09934373397788909,0.015354909004659745,-0.09672267293404113,0.27796941269795516,0.4575807964941815,0.24118707466863354,-0.15681824493682783,-1.255906001495302,-0.15583868137618406,-0.017270486301116827,0.16243676438866494,0.00936045917762951,0.019247204924668138
2000,-0.088784906821278,0.97787822688611,0.7313442091232873,-0.006974540534413931,0.17053914432989303,0.3579857506939448,0.24134360899272567,-0.4029713161118309,-1.0076389353627326,-0.15107939453259234,-0.11918986875028992,0.06561078145253418,0.04123118471160647,-0.17742959560453953,0.26616152881056254,0.4855835169415149,0.27475201294030693,-0.19883673379168254,-1.752579503229541,-0.19675191802255454,0.0026463490353230146,0.1966733463455781,0.023221949657862728,0.023219588781486555
2010,-0.09943619204524017,0.9807358284646229,0.7273060719273208,0.025966992941959366,0.14774094867298926,0.38412067032595465,0.1801636809814532,-0.5106243793843468,-1.0125697617927276,-0.019501218170787427,-0.0819795644602459,0.05317013737635512,-0.00040673970548499305,-0.1623665908636538,0.23573835644996843,0.45543491107389955,0.24733522851429257,-0.3280365727913297,-1.8552713013984308,-0.09323251523066389,-0.023863967575600054,0.15892621292384712,0.06545332620655442,0.04564211295595433
2020,-0.03021364728579933,0.9595058839760612,0.7196286588885964,0.07169760802568126,0.17487143346856437,0.33919670357076925,0.196504766130156,-0.29271684215950233,-0.7674728741004924,-0.02779125184001563,-0.11285953957405503,0.09049428420157268,0.09373450299064068,-0.09662461747666518,0.26298117687813893,0.43800968259175355,0.24391342972065277,-0.1434858737742286,-1.306988690415778,-0.0876810664398231,0.006564425770340887,0.18399800308486747,0.09013025647593742,0.009037889869699112
2030,-0.07388477953715464,0.9717357937335465,0.7175563521010878,0.028697447615751992,0.2390977479229891,0.3697807392892972,0.20641235782291167,-0.41468158859187243,-1.0128838406229606,-0.12522482170648352,-0.07394701608626253,0.07430922893718617,0.03269232934153088,-0.09109575850615892,0.34048388107322336,0.4756701950479638,0.23441397672641684,-0.20684475840271155,-1.7033452160363751,-0.15374881053938827,0.006749759515748743,0.18598088165214866,0.02845542050351768,0.007447474763279338
2040,-0.06542561994691401,0.9567462774036634,0.7052523782974589,0.04067521632829252,0.23806097874039567,0.3919756740843934,0.22582005000695482,-0.23681128271118945,-1.2578082639698391,-0.022778866025155775,-0.08002229569824215,0.11884917034834686,0.14731597215579306,-0.08764403965591372,0.308665356396147,0.4692756267269337,0.25855935154766396,-0.0772416455540581,-2.0733857872747987,-0.08157856183938006,-0.025022838452326335,0.21431824288480983,0.11836510340213369,0.036474819673844916
2050,-0.05813302456786539,0.9644538597620494,0.7084797077050311,0.015561014031685305,0.2065022174318566,0.3307577675041671,0.2055810107317817,-0.2607485069273314,-0.9980971780546688,-0.023467942921908902,-0.12537029032001223,0.09226037989903302,0.07139892105235424,-0.08556525919053692,0.30216612982458857,0.4272699747157187,0.27569625346585636,-0.0743967011463944,-1.637810078481687,-0.10609054543239527,-0.03806657102002986,0.12555242477117123,-0.007470378965187763,0.08354384310676644
2060,-0.1208429491240958,0.9833680903879198,0.726736853110086,0.07644690361645179,0.18278412583021952,0.32840742338009965,0.1718506540195257,-0.49211454734603377,-1.1528989174326618,-0.06940283402829728,-0.02902743685007092,0.09790059205589441,-0.009116644002604035,-0.1294110473109984,0.26403715710122355,0.43102632305373567,0.2168904967311549,-0.2846508260411724,-2.251267596836604,-0.13886804100472316,-0.019602731362459602,0.1880730166393616,0.021373666997028584,0.059868331184918744
2070,-0.07697622208280232,0.9662641305785808,0.7172922829417709,0.07542271571650438,0.14354870906701067,0.3678431831225629,0.23584933414784726,-0.24954091587570315,-1.1005933304585076,-0.07798162072378889,-0.038695965072488514,0.08300624678459423,0.025083360011113554,-0.1496293977412233,0.20958165961242392,0.442273745096894,0.27021886188201594,-0.05071399146955624,-1.9593129983346906,-0.14063358298455153,0.011137721691637847,0.20927873530211416,0.04417763781730788,0.033179228669634964
2080,-0.09500622811246691,0.9708560687532701,0.7126368968719343,0.05490806590104669,0.23907369877751194,0.38521625255187664,0.17704834454335305,-0.3032004622497937,-1.307668471364185,-0.014784185646234738,-0.05924189498870458,0.06019208410455257,0.08281773304776097,-0.1278652157835598,0.30203928911235656,0.48877692772447023,0.18879626020231755,-0.15355986445018943,-2.129050296932333,-0.06025739761079585,0.007272663064024076,0.2285304491048763,0.011032102090753892,-0.06520687156090954
2090,-0.10657142842840403,0.9765767140740641,0.7231421873251053,0.04599665864340263,0.22719205975160928,0.3351363394414868,0.21148065506148195,-0.42319746951503334,-1.2936791740363383,-0.08813152764735221,-0.037452539884186065,0.09540096826372935,0.1033141970477135,-0.1073863317975321,0.3025440357815372,0.3883727195721197,0.2582929766918197,-0.23946213881773204,-2.0655626642528038,-0.18049142146020403,-0.01324981815832138,0.16276490919525843,0.06923412232262505,0.010883446800235008
2100,-0.020123502464027034,0.9558618168895295,0.713867691004544,0.016491994274896116,0.22463477952583333,0.27231742955643556,0.21354945443782392,-0.273443073542879,-0.6967253392096244,-0.019822411408948692,-0.010406514524572197,0.07954280764117072,0.12063086331990969,-0.14805510050753368,0.32033108532565946,0.3990664868026317,0.22303310623314032,-0.09166460737476312,-1.2411801307029258,-0.08122531786246001,-0.009417475556457777,0.21017486969386712,0.05543115412133304,0.014142388012896134
2110,-0.041848904806125416,0.9598613751354086,0.7130625688530416,0.06649807647069084,0.24287592845285377,0.32908819203441975,0.24845390866517625,-0.2007625578998682,-0.9663330929861615,-0.08674729435393913,-0.08344558970260296,0.053168232529488435,0.04384612532548182,-0.12652946745192595,0.3408728613430875,0.4015336556598821,0.274819888195835,-0.061451432044473675,-1.4254133527478974,-0.14279135330402926,-0.0003686529605906319,0.15388778988898777,0.06540711786774933,-0.005435983910797582
2120,-0.09625490445772009,0.9735933512142715,0.7150789235672406,0.07590442764374494,0.16982847793614175,0.3908723930431758,0.23780833751451247,-0.42651234334747334,-1.2705560804139973,-0.06822159089409241,-0.0742235577397008,0.11165689691890912,0.016140966101232945,-0.11725397417180017,0.2378044412799093,0.5272198111037874,0.26312789801108216,-0.24408201397144325,-1.951540192193335,-0.08749971190378147,0.012405612922053555,0.16121917867172886,0.04885966675574527,-0.034311636878521234
2130,-0.06167498964543159,0.9634673440363987,0.7151310818046388,0.004023770054826237,0.1583499427097418,0.34619498095572643,0.21300017229462676,-0.2597229951772295,-1.0378879140047261,-0.050599645250687386,-0.08792078284611171,0.1450938043082448,0.09721675299682508,-0.032675826974233546,0.27254554207916903,0.42173900966678224,0.22651907981453367,-0.09438616413361456,-1.802228847496076,-0.09965852626006333,0.01010743752259391,0.21088605640582303,0.024563330396369154,0.03966604038341637
2140,-0.044715766942224476,0.9583663184009629,0.7065141093382908,0.14176307937131072,0.2257561459125601,0.3644033381224925,0.16561793326500251,-0.2776325813839602,-1.0019821154352786,-0.07627683269619157,-0.09158728334469002,0.1143503661890718,0.12118744106442103,-0.07407482573562074,0.30120401162488464,0.4405649175492091,0.20961714461253633,-0.11538158884934147,-1.6586893819630815,-0.0886865088830131,0.0004897242395520696,0.22670654325382789,0.09183816635377617,0.04178120094581805
2150,-0.07289632771882183,0.967149012593999,0.722822315692013,0.03443364071326238,0.1869923976450496,0.2724236634754771,0.22267553832181863,-0.26358224425843546,-1.0590915484581545,-0.09175485563133212,-0.07995625513966398,0.12071315340600641,0.10923053933082338,-0.10614268200204457,0.2689563077729269,0.39318670785525645,0.2810569621770702,-0.14187982912686126,-1.8198396803734869,-0.10743569429216193,-0.04851846477358834,0.16540427987728967,0.12589767608175229,0.006407505303737127
2160,-0.08081886414854855,0.9737366716082004,0.7214263419506087,0.00419064653523582,0.21752768425419933,0.35377546691306927,0.18694140498532663,-0.41018845132091863,-0.9652316745280274,-0.07553831063621441,-0.040340873153612344,0.1360746431653166,0.00454569773734248,-0.09661863003312243,0.33093669791732805,0.43954985911371813,0.20606607809373745,-0.2213970492441426,-1.8343304019095723,-0.12066622693971718,-0.018474389668495572,0.1933583863179139,0.009201254818471782,0.0034220404626442713
2170,-0.08783363750097807,0.971918923761107,0.7196854297156848,0.06717772728390736,0.26084399839689876,0.33649158967124615,0.22809307787066835,-0.3402357898198125,-1.1014678145805243,-0.09255271096607198,-0.05577887271056836,0.13077496124566623,0.14393382211605166,-0.16233884978475865,0.3591977170885782,0.44873615405983125,0.2418693761655546,-0.24643453717707753,-1.9743887122564714,-0.15458862892396041,-0.04475764049469522,0.17749755628346098,0.008611382346208396,-0.07519019333467103
2180,-0.10036593455665314,0.9773137879116288,0.721138823736298,0.09392264036651743,0.15659144576963602,0.3051850612973561,0.2546265827207067,-0.43531127230318356,-1.162571275514101,-0.08830612230437818,-0.03170120965999046,0.05488010414844191,0.08624112594525479,-0.08640485153786681,0.2571002070791959,0.3576497628003591,0.2592104893566808,-0.22541603371176655,-1.9082095451142789,-0.16396240330834266,0.020966523810524107,0.1546782999278249,-0.012473454299147146,0.005619298840841891
2190,-0.10833062337805843,0.9699988988532738,0.7149719994186614,0.03409936985494377,0.22831244200445322,0.41072335228233003,0.21284145591543546,-0.27345393292564024,-1.5586968213553511,-0.07688498547734901,-0.11490216119207575,0.07445529985458943,0.10319144676568293,-0.0827518622542911,0.30147749156957737,0.5294003336330658,0.2513895317130346,-0.08987184116166547,-2.3507458834992274,-0.16208725122289613,0.014432878475874378,0.1606163224097441,0.07327043899720453,0.0402412846733331
2200,-0.039345329039236474,0.9654370520357886,0.7177383843767775,0.07016145353703696,0.17653310912881726,0.33466707063130596,0.23708949934865176,-0.4956343577266762,-0.7086124291449403,-0.08233964983566766,-0.09887362752384243,0.11645752068185589,0.0809671052462132,-0.06109554064832601,0.2420276899431988,0.4229725317084535,0.25890071884376875,-0.29790629044765904,-1.2517302617880324,-0.12470724779567877,0.021283449692636847,0.20179499291287395,0.10777647941073776,0.024015874001306226
2210,-0.03852491195171497,0.957124719169524,0.7105059042931609,0.0639119637559229,0.15386354239422195,0.3830031888895553,0.20534300366721436,-0.12057763229338048,-0.9150148597626528,-0.09465086813892598,-0.02672879670121353,0.12282494400744781,0.032680525570265795,-0.0481870133204938,0.21866591274446556,0.47449786540563765,0.20846779093522227,0.009885354640856048,-1.616292608232155,-0.11316609856346393,-0.0260841352700123,0.22657797924696577,0.0790251495841936,-0.02706835954568554
2220,-0.1059234566145294,0.9745484980705039,0.7227792846142777,0.09371632933527774,0.20702099846157862,0.39157475572171907,0.23414935936525827,-0.418196935591288,-1.279856654052828,-0.07517131821801604,-0.046362218190327154,0.09571828220361234,0.10009004836823887,-0.12885472519667607,0.3000896180717313,0.4847403002407452,0.2544434235498959,-0.25481392115151125,-2.1696502806031925,-0.1217347571630567,-0.02747671168056698,0.1623581964853662,0.01891891954006264,-0.04509529840114035
2230,-0.07695618250902311,0.9765586667589072,0.729463708842542,0.020641123200225486,0.23162532319784168,0.3382080115443147,0.19370648895793885,-0.35143971295228327,-0.8890565533139076,-0.1523765785419462,-0.09872192904048327,0.05729151362112361,0.130497165397932,-0.08779924084594426,0.3305149002293005,0.4331668545702013,0.22224618671395813,-0.20846063355538336,-1.6103117857667955,-0.1872639140799146,-0.01584447548122281,0.12846502144440575,-0.017338096157392346,-0.08382950183145477
2240,-0.027658454095792765,0.9592188255389656,0.713244953810857,0.11761710027337136,0.1886010949353335,0.4170309284028094,0.2029639870854173,-0.29208490901899276,-0.709405252622124,-0.04530379096288195,-0.0892308846720693,0.0208569827113001,-0.013928971764886944,-0.04343235221315256,0.25884515532354324,0.46741702393403384,0.2780083991402196,-0.15617018756649492,-1.285873014191388,-0.09680588124017753,-0.014255568696620369,0.15142366710703625,0.046867372531458784,0.01603156549261686
2250,-0.022265812454978356,0.9562001668280676,0.7033803418275619,0.06601604464601263,0.2333541173420649,0.29790542095601236,0.2158177346958512,-0.25075024110039545,-0.7655558728441472,-0.05556883956351921,-0.0985544003846297,0.10556200447712882,0.08331510410566978,-0.1387721900447414,0.3294219967114639,0.414905797407625,0.23301981647645154,-0.1129304783398759,-1.2884486679015126,-0.10233452810917276,-0.007081766992218963,0.22367981544336535,0.06307136977194272,0.08634570169207945
2260,-0.05152932894613122,0.96766646141548,0.7172336370188329,0.0659930345398313,0.2337027747922007,0.18101346719460543,0.20573876184275408,-0.2450766569215861,-0.8235630160739817,-0.06501174527758224,-0.07096294559234106,0.10287269301063451,-0.024666404657539998,-0.15124231758773843,0.28863916456874783,0.3368531360764049,0.23763872075762915,-0.06705042679527295,-1.3945403021095242,-0.12113211545389047,0.017775943928760696,0.16342378020020276,0.026302262488137718,0.021176283200792456
2270,-0.07474270832322315,0.9703557540881357,0.7141269020798963,0.04590767738100476,0.20289453161027238,0.32948879848926016,0.2144498120512086,-0.4617752723544599,-1.0124549283830349,-0.020008900062099322,-0.1561625739564918,0.13905708210365653,0.059430233033675006,-0.0633353580234357,0.2864533969496138,0.4703264103624696,0.22685638938963149,-0.2694342810410977,-1.8175301609712826,-0.06118325932459978,0.04261480180009147,0.2345659920950698,0.015631160610929173,0.024611573451932878
2280,-0.1245683682774504,0.9827926628794497,0.7164193305583562,0.05264707170443095,0.21077935453642715,0.32710051051203015,0.22276855110564786,-0.5967487631109649,-1.2375295826703598,-0.05984026717405411,-0.0496079364743629,0.13274940267717983,0.01697342021858994,-0.10829241109889187,0.2845954945591709,0.42367257405252123,0.24427744736505186,-0.36688392339131526,-2.2700709445746265,-0.10106907004818488,0.01684712897152363,0.20613930103146694,0.08013863266339416,-0.04458172468113242
2290,-0.07201427485995937,0.9668229160262212,0.7181383734203944,0.08306536108836426,0.18982803645859858,0.3341842555537081,0.20321645619547435,-0.325164028688834,-1.205051585688318,-0.024966414931814063,-0.015683030504054285,0.0549180050764968,0.055426110873037726,-0.08324959250095065,0.27681319013061945,0.4458988184120313,0.2534032247700806,-0.1847528002394685,-1.6852356099293928,-0.10691542127447962,0.009313995141270515,0.1454686500870369,0.050973052893500514,0.01620955501794563
2300,-0.03461352547880712,0.9607655399034992,0.7084091785802353,0.08216231135794794,0.2513472940853769,0.39115705820683233,0.19303147244791408,-0.4174979084238939,-0.7959375994260531,-0.03479378541636913,-0.040350802448300804,0.1872255702498925,-0.02630465363515988,-0.022173111037988136,0.3066692877413669,0.45143191766591817,0.2122896053484643,-0.2408917674231288,-1.3900307622585548,-0.08510221306690724,-0.008822152691899454,0.2295256044134093,0.07913067696814391,-0.04895007771196069
2310,-0.09834265906133265,0.9666563359464393,0.7126318476395566,0.048776842177819635,0.21650385628445967,0.3106575236168464,0.28541185512885314,-0.4112450871510782,-1.3884047139889941,-0.009828895411395866,-0.027165621860087086,0.10974151584024439,0.04570901326349863,-0.08613539343092058,0.3083533764346258,0.44583907012050106,0.3187833315314632,-0.20127522528277497,-2.25715687592711,-0.05977798032462989,-0.018129360763014635,0.2105507048483286,0.0366604184353847,0.056935806169994496
2320,-0.019694789206205036,0.9505373603749454,0.71138353182313,0.07113151165914389,0.12926127748333838,0.3780695783781226,0.18862739594902822,-0.17724660474800902,-0.8229903991183196,0.02115723904524669,-0.051897877211839694,0.17422007674580264,0.11448855456777429,-0.11695653666994166,0.2415247865688821,0.422424973672999,0.22761618878473355,-0.05170660106562419,-1.4416018743837449,-0.0343865941652266,0.028568685348355882,0.21506185636377217,0.023358653033348276,0.047685136431852015
2330,-0.04429470818592844,0.9591049233495977,0.7138238298738857,0.05108961398175926,0.24215957993081216,0.32667368883900116,0.24814929355743975,-0.33056340668836137,-0.9030854933333441,-0.0983265087676426,-0.050656273024191956,0.09021350872332734,0.0626286805951336,-0.05616146554836088,0.31153764526034555,0.46699207507492413,0.2632147586496594,-0.14631566959656506,-1.5984270847819535,-0.13030633812390136,0.03130981896876439,0.1873707130019402,0.0829602386806707,0.01935375269604589
2340,-0.1100508360872898,0.9732753034903857,0.7208108075455533,0.014277912810355953,0.18422938442030679,0.4110912037058593,0.23388275399451497,-0.32757259513183934,-1.3461211149773686,-0.1115217042470682,-0.04121412051753248,0.06579086884201713,0.027590721711116206,-0.10733034024931709,0.2599370638186511,0.4786786622941439,0.27175839449490835,-0.14433970542787122,-2.3015402204146858,-0.1688950157872131,-0.0023783568068111993,0.12280466262824452,0.09449859085235135,0.07530539615415166
2350,-0.06529501504244518,0.9672828109655732,0.7166523530799073,0.13011170079778334,0.2742334339968089,0.3312843981599194,0.21330274237069324,-0.32970405386061064,-1.0389145220747533,-0.15914775172961404,-0.05321735074878298,0.11965285559361416,0.06602899232877113,-0.16289308511361944,0.34288130708750586,0.432033538276695,0.23552761143471512,-0.1485243075079543,-1.7028375098846982,-0.19771760465655874,-0.013089176436387406,0.25289658862743913,0.04395923477645791,-0.007062357328772695
2360,-0.06263669657943897,0.9668381131927045,0.7170973464988071,0.04954401894340965,0.2118941251510129,0.3397160738553574,0.22218361240129347,-0.2403631700234803,-0.9792277357799084,-0.10293867959345016,-0.10970624556536546,0.07037465911874352,-0.011287935018759798,-0.06228755745329839,0.30836720659536987,0.42568690838415735,0.2520134891021888,-0.09107971392769731,-1.7139588549351266,-0.14218919835771948,-0.016616379936136294,0.21424849593900575,-0.011416452672412092,0.07167270560459749
2370,-0.0830643619998664,0.9696460498008387,0.7247681087194212,0.09249033066742718,0.19429338654814288,0.3068747969474398,0.27318329141920894,-0.284738911927517,-1.210750389279482,-0.18852035111837107,-0.07450441244125128,0.14848866493835733,0.038461412924767235,-0.12880351930812073,0.24176852272310512,0.4167997415268453,0.31136520689107516,-0.09412969400596727,-1.8950320932007334,-0.24460803186363922,-0.022915059566930962,0.2600409443182168,0.10107747992401561,0.014807081886217599
2380,-0.04937928341024279,0.9753199468135333,0.732763001775137,0.08478614187613687,0.05410939331430753,0.2832867064264364,0.17809573818583757,-0.3405653580661707,-0.625696945771189,-0.13332047790635748,-0.07011135066893592,0.09981973140417755,0.04968477523236414,-0.08852140391952679,0.15849752757577285,0.3709694458807864,0.26552584445184135,-0.1563435194361218,-1.1044391219587042,-0.22011825049234268,-0.0018193555698118313,0.237242006950248,-0.032122428804741254,-0.045924050319105625
2390,-0.06521866193871735,0.9688957613172214,0.7227890959995948,0.02613914065170897,0.18388581436756302,0.3076507053316795,0.18832464187620646,-0.2744506923985568,-0.9617190288735977,-0.07156987887763022,-0.08848691996949598,0.11281457040385867,0.03886906773003185,-0.07796561497143517,0.27014000647610836,0.412831654455485,0.23724744298927603,-0.0989238154201264,-1.6584901652616049,-0.12408550829063847,-0.007509381579845709,0.19066538105315078,0.03534165427622471,-0.010300974681426212
2400,-0.0766473476051807,0.9737451129996205,0.7242003507782662,0.020179466768447618,0.20979533677382034,0.39962861909566827,0.19205465820391365,-0.46333037155762913,-1.0591514554239652,-0.11787306659039576,-0.08964371066783539,0.14064558841371277,0.01957625872199764,-0.08951610612342287,0.2833293010295205,0.4630168967492676,0.22671931542821244,-0.2831735697576443,-1.6638285879548649,-0.16190771568639195,-0.002823383335304852,0.24352012459830363,0.07794629808266473,0.04524180352313045
2410,-0.01565124255407734,0.9598696772685186,0.7161293522341007,-0.004511967419276175,0.1659550476236612,0.36007001798834226,0.1948441689274545,-0.3319647294897341,-0.5460810146324058,-0.015213156675381256,-0.07163213281952552,0.12110082752365914,0.02873386069956052,-0.10534234867767145,0.2583353216054921,0.4795244169932502,0.23357373972450968,-0.10945893111820193,-1.0715638992679644,-0.067464093540337,-0.025883189028567344,0.20946126795698095,-0.06113958957143639,0.029980289561966522
2420,0.007641235414712447,0.9479910654953254,0.7009866459295949,0.08663912045436517,0.23078021169962304,0.3774804056899437,0.22427075104883443,-0.26677313544327474,-0.6001070650578897,-0.004545660910604488,-0.09026749977868254,0.1140372203521306,0.06551252080785863,-0.06564790159080358,0.34802304129662576,0.4666748967808433,0.2517513670642765,-0.07946392549335002,-0.9937285387461605,-0.04641521622309508,-0.007407220598141251,0.17297939672419105,0.05451696101026349,-0.0778437853779923
2430,-0.1188610374539372,0.985972608142056,0.7230200951210888,0.07134060091718242,0.22679871877781022,0.36095437898567084,0.23390088855240643,-0.5376112334219993,-1.0865054627861546,-0.16185392330964832,-0.079034394356023,0.04355977727157312,0.05789151996350839,-0.12496282834095274,0.3070626072587278,0.4404700729461407,0.25069840864544457,-0.31918595446948883,-2.0697437576199826,-0.21958556578957622,-0.02937713795876351,0.14027347916432908,0.04138529432855231,-0.0425572752914376
2440,-0.04998709646723931,0.9689614560129275,0.7199797454780108,0.05498194301423376,0.17978146823350905,0.3950155267509675,0.1723282375220253,-0.39565011892215907,-0.838823312136783,-0.025580342529052613,-0.11338411378395152,0.020232174492315957,0.037039681915361666,-0.0794761750231121,0.2827877327988185,0.49442798934076726,0.22722070475228662,-0.207722806919737,-1.3166483530042128,-0.11265932022162617,-0.02440968680314959,0.14264962675387516,0.08572970925163392,-0.027569591294036577
2450,-0.08225380755043707,0.9723842269405045,0.7182664359003958,0.041901889469494136,0.21381646380847164,0.3155057232964724,0.16353539392073746,-0.2977606048430417,-1.061891188558472,-0.09335906835435925,-0.027198778800973544,0.08727609292322192,0.046502547925978965,-0.015151793885811005,0.3196969574933852,0.4253808786286918,0.2030686399808168,-0.15820330385989,-1.9033748036045672,-0.1637630113888009,-0.02353709284852501,0.17252662569845767,0.007655125014392805,0.02004334942514152
2460,-0.0819000270323258,0.9691151747282546,0.722462661881278,0.02100538982981981,0.16020225994368664,0.3171394656235038,0.23606855655203152,-0.22286156242880573,-1.2101634788842013,-0.0692359054613676,-0.15729786741491925,0.11790377320562717,0.03947064908526288,-0.0156398555055266,0.21125823375078323,0.4335962818128657,0.2622265988332577,-0.10432704600939569,-1.9454008205591728,-0.1255707328462803,-0.0002685922053495826,0.2315651538249719,0.07308905617113715,0.027339875003229874
2470,-0.08172765798139221,0.9699680533285333,0.7229590750470165,0.04756096928664033,0.24483402008870558,0.31542369077222887,0.22580195996638697,-0.2643530535342764,-1.1390510988822702,-0.0638373192700501,-0.06490638928572601,0.05904195316316485,0.03233779594426511,-0.16494711721626754,0.3615424718181962,0.449415333516889,0.261236947752872,-0.14990059168562642,-1.843877459603374,-0.14578293594816483,0.01089210278465047,0.10091342284419746,0.033235205183734906,-0.02186072530541283
2480,0.006574389422733145,0.9444842528044145,0.7056487447489521,-0.01925540727005437,0.24265215555118913,0.4088428425773821,0.2194073747687877,-0.1871211083805926,-0.6459996682127831,-0.004030429857890594,-0.09185187397173511,0.10024222895890189,0.01768616185631644,-0.0489984697779442,0.34156089511199017,0.5063600895301239,0.29459608207786203,-0.004921713035320074,-1.2013047316072103,-0.05351154262878066,-0.008736080626561948,0.20427392266669742,0.020100875538632157,0.04807057460838615
2490,-0.11893393827816331,0.9810113997961544,0.7260507762457591,0.059555858921276794,0.17826136694833472,0.3314361739776178,0.20941426275463493,-0.39761368509030137,-1.297359466607562,-0.08944431263554042,-0.10886544686780653,0.08676560042996428,0.0973170346409361,-0.15996533231691568,0.23473667936860887,0.4752334596297324,0.2501763370449356,-0.19377074159799879,-2.2215907970248283,-0.16102325642406368,-0.03639546792191806,0.2107058796454403,0.061440994129070114,-0.026627844845047655
2500,-0.034048804277679985,0.9584790829325679,0.7147399228966206,0.06673667093348157,0.24123960522940535,0.3137512236080623,0.23637412666159963,-0.271979761943242,-0.8675617039128054,-0.10783883136220429,-0.039225468998266066,0.07441359408796944,0.0977416136407171,-0.1031429425359951,0.3139198085004512,0.4039607283343485,0.2899825979735383,-0.08291268200792312,-1.3301482170528849,-0.16144809994650577,-0.007885707404832631,0.1458394499972887,0.048686522488663564,0.024472583877853893
2510,-0.03546877765471767,0.9615911755294384,0.7105650330381161,0.07277855681843759,0.2525809016004382,0.40012444274396597,0.18756312873404934,-0.3470851143415308,-0.8117449959877125,-0.10561439942387785,-0.04738827833680381,0.0995032703117934,0.08571623240409265,-0.05455325814656575,0.3176355039571528,0.5074166209265731,0.22219614490453055,-0.20425528605103604,-1.3474621609019777,-0.16538185357621527,0.033730338105461666,0.20140599557613004,0.05474883473770986,-0.09675895480368646
2520,-0.012855914675792819,0.9495221617558971,0.7091136109260798,0.043169194436289415,0.19866879665088355,0.4335513393726913,0.2352894485770708,-0.21189959798365576,-0.7851806894813123,-0.08765230268497204,-0.08077189948043584,0.15502063492376328,0.04376827793419169,-0.1395947669539057,0.2865752287944878,0.5250832488143987,0.31566512414130954,-0.056905204080550664,-1.346813041254601,-0.11177206046009092,-0.0020772539882178975,0.2500942864769369,0.05312114923656197,0.012685878817507934
2530,-0.05773988131836031,0.9606336596511693,0.7232688879595621,0.027340340959417397,0.19795515387076767,0.39841904195454103,0.26487666012949507,-0.17225902424193706,-1.1689388792130146,-0.05281413149374692,-0.11951518023011665,0.1017576619171413,0.03587167969027305,-0.16002293641575016,0.2880282242038501,0.49311881521041945,0.3144775887104698,-0.03919235488333328,-1.677427873948036,-0.11902395595281101,-0.04602259684022414,0.17341480439636792,0.0641566894557718,-0.016737234965111147
2540,-0.12030058769896167,0.9819197368857598,0.7197640285717858,0.03891288186581687,0.1630724626860235,0.29672163751222436,0.17904275286811033,-0.3396047507657465,-1.2948472789611603,-0.057662288499513714,-0.06375505034909601,0.07947969228363272,0.028217856276708697,-0.13856717626759862,0.2582919633704569,0.41941602769924236,0.22783491143325763,-0.1799870652422184,-2.1871941504095207,-0.11814253692856025,-0.027011582613480245,0.14597990966326357,0.023140200489090268,0.020349242210872864
2550,0.0352754669961522,0.9395782776842556,0.7020293079337302,-0.0009594096543736885,0.2243941007311504,0.4373889472633682,0.2291828677354818,-0.13100641417888736,-0.47689686295167744,0.0015737193443324804,-0.10698955371303476,0.10810849284417756,0.04976399201309201,-0.08477984081761591,0.2925261902899474,0.5112565406057489,0.30662218915033634,0.007223021374273664,-0.7476050857106682,-0.06021640416530483,0.018229465460736116,0.1958124024851876,0.0608862555829498,-0.09372980677002385
2560,-0.10147555823340867,0.9723119608759828,0.7223256634778894,0.093359983679983,0.21772175031884133,0.3233887600954062,0.18458608620525763,-0.2738465135968924,-1.2967155712974483,-0.002675020330443534,-0.14163976944611267,0.08924446797979158,0.11510975101446086,-0.14996089609339447,0.32542532824762516,0.417765378986776,0.21146524860941662,-0.13820646434335448,-2.2330895617348414,-0.0695856251597744,-1.9282673401566086e-05,0.1914481140114086,0.05615256896952914,-0.05091545634441497
2570,0.007508804935484379,0.9500289696586284,0.7103317994287552,0.04294394996453621,0.26473968297267825,0.39648412539235933,0.20787633321570875,-0.3383214319425196,-0.5519441070659477,-0.005489663119366828,-0.10126345377883528,0.1183790193194807,0.07112804392552707,-0.0639611713983097,0.2866842927402453,0.4901427147979782,0.25206648525468367,-0.12231815213457042,-0.9369796311166207,-0.06653694814168065,-0.013864729759959005,0.18967790675156282,0.03814990689694542,9.17308712761189e-05
2580,-0.006229827902754075,0.9589409397717997,0.7112398536870099,0.015327584927428806,0.18022800056373245,0.37154762964554255,0.18204352974391802,-0.31085618332378107,-0.5120250637072081,-0.07669321414705199,-0.08721880221381628,0.11027055836311661,0.09963167977906495,-0.10794571465251757,0.19476874216897633,0.46335903564976855,0.22336785695257666,-0.14587410427179015,-0.8804818012249545,-0.08894880149785944,0.013151074811160846,0.24747843338169961,0.03039278592994421,-0.052349612835785875
2590,-0.10537024607693335,0.9778113661154112,0.7186161851495831,0.04658091479364268,0.16843762612202906,0.28771525986244584,0.23765322022235003,-0.24018145312939443,-1.2318027740012987,-0.21459129194262827,-0.10576698426876008,0.11228568711507247,0.0767373411239497,-0.14651756948262795,0.23803399554858384,0.4086790802294257,0.30041571369973785,-0.1102561570185665,-2.047533666346589,-0.23545130900965283,0.022390638159043852,0.2175860535003432,0.024583950078270633,-0.021773442870977044
2600,-0.08083947744773906,0.9583364917766437,0.7093741557634393,0.053922929886570214,0.1701663343135883,0.4066426667140176,0.24896303988438506,-0.2708055850348938,-1.312707097924815,0.0006331241138847199,-0.07162808436495793,0.14831822505716596,0.09183486732224733,-0.07888259918565277,0.25706762743447087,0.5219624559995641,0.2811390240417413,-0.07358505758915279,-2.340855220727922,-0.03475890968031847,0.007999629654859453,0.20136753370424287,0.07495942970115232,0.020616640277302256
2610,-0.01505534320539239,0.9584276726867058,0.7195001928241649,0.02028916806743708,0.25248578619201023,0.32266440491936577,0.24289862935268836,-0.2938442886552408,-0.5954128579595155,-0.08184395789878796,-0.06474526237802491,0.026244860278127335,0.017479428745345027,-0.1470207098196179,0.33829892661248173,0.45745804561130854,0.2998368823177916,-0.12020498305540217,-0.9853575094796669,-0.09393074283813752,-0.01901601277424314,0.11308349527674566,0.034634503621588486,-0.04016001344949327
2620,-0.018882796606095414,0.957669735810351,0.7125713608127107,0.020668121822767005,0.24530284577106565,0.42867748031738895,0.19616257723803088,-0.30649005514140004,-0.706869548681877,-0.06953995548803404,-0.10420570003784801,0.16777664760220812,0.08269849792246875,-0.15525210710876292,0.3284671947791027,0.5106084799971098,0.20149551179674963,-0.1508615745016777,-1.2182891826530722,-0.14564363038942907,0.006265218803409245,0.24580103927899788,0.04553581810243934,-0.018846408157640493
2630,-0.08832961811540205,0.9707536135435166,0.7153413355434445,0.022722984549962688,0.2756317068780133,0.3189370400901522,0.18196837954641232,-0.4267140768067712,-1.1426872411495865,-0.0441863785086587,-0.053604266350598895,0.15256354128221683,0.09739933792170685,-0.09241479620070736,0.3570971631097052,0.44118663816987846,0.22401215228969318,-0.2642689297404024,-2.014248124994526,-0.11310661006732636,0.005290945826035953,0.11212471668062285,0.06698373933779056,0.040390097712943995
2640,-0.05199571417187506,0.9657579139850209,0.7140024963426246,0.07676812145741985,0.23044640088229307,0.3241843856820392,0.22666086319902434,-0.4185286499523657,-0.847703271449642,-0.07092418710284831,-0.06514227752773016,0.16060009750019733,-0.01325406454972855,-0.08186438982528244,0.28422938938139797,0.4333811404383697,0.24295106296167657,-0.22987669023104584,-1.5171583509215858,-0.1039866459282226,-0.06642769504780022,0.17287541559520436,0.0726460246324313,0.09821332319682208
2650,-0.03390185360723033,0.9559596350448949,0.7120513735356793,0.03152994636254913,0.29824836995328763,0.3193267921025259,0.18929155961196265,-0.18283505272953882,-0.9596402150082464,-0.06307533054332781,-0.049641767120121916,0.046781777410265235,0.03744493988596753,-0.12164709521736405,0.3847823865515184,0.46574219811332307,0.23480290437110096,-0.017332919916544398,-1.4870126794279077,-0.1386905307737223,-0.01396452217648081,0.15903973038260721,0.08974546160896002,0.06516512080734971
2660,0.0007582550751813519,0.9484249233653071,0.7056925043196521,0.0695993025495425,0.22673164670789214,0.37622177077383956,0.2178937014538911,-0.2732808331986889,-0.7164514723699698,-0.035656103824754704,-0.0685543503384971,0.1312358989144341,0.08802265773146956,-0.08749944349520766,0.32906958154720956,0.476308687620409,0.26417745685278426,-0.1208846860048074,-1.0836788738568655,-0.09960004214201579,0.019434494706998984,0.23440893299137378,0.08643375654347718,-0.018008726583706558
2670,-0.04309539362818383,0.9693227624846272,0.7239125318204869,-0.04392858754615814,0.13238176909101929,0.30483645235376433,0.21348907565444242,-0.2746263869760408,-0.6644812725834857,-0.0811922082858707,-0.10192276456339222,0.1365829891731557,0.03944480603416456,-0.11489174878323616,0.18966548266828487,0.4296913707600635,0.2560716913897132,-0.13657604884559782,-1.2097036007025426,-0.15907163397359092,-0.02176327183547211,0.17955626470168795,0.02799772382917709,-0.006563367751945881
2680,-0.0593537288840522,0.9638182867540592,0.714563136492375,0.052753403846233504,0.16246185345881792,0.37615387197183425,0.2167994167044306,-0.29688020473151644,-1.0338545226501212,-0.06569757657619935,-0.06378609251769873,0.15330628990841466,0.07444678408078387,-0.12263494287805266,0.2334230900484584,0.4598010183501201,0.22835473423052255,-0.12455545919634847,-1.687374448372727,-0.11496121959534755,0.004064670932191539,0.21006256635041498,0.0625023779673417,0.029186082103351163
2690,0.00435811981433744,0.9584425431655307,0.7159851251510609,0.026259979623466267,0.22747018207947722,0.32204792133146143,0.17997631292387295,-0.2933653033518506,-0.365250566556518,-0.10646239077735231,-0.09629670904528242,0.06649363726109303,0.01000126880124963,-0.06575471655239684,0.3258016094770809,0.41757351463705383,0.2169739663220901,-0.11412500051128172,-0.7656783431935588,-0.16631648449699576,0.007120272264225291,0.17514170864771073,0.08352422889803257,0.006385428319508946
2700,-0.07754752348342848,0.965859268510717,0.7094236200001189,0.09123970800631398,0.12400059298838473,0.4368821142112659,0.22055563910851828,-0.27925020440799675,-1.1491325171534243,-0.07513061538920751,-0.046812059438458675,0.08362558706525602,0.09734423516989432,-0.09703676856237053,0.19658720233543547,0.5022460649741056,0.24927734619819963,-0.08029804161810294,-1.9603274423982247,-0.14781200850135523,0.017658353737192156,0.1373537111565547,0.01739026934586574,0.03314084002015616
2710,-0.024532361112864984,0.960062163881881,0.7139139681924013,0.05666935009135887,0.2148703417742608,0.3778343175823351,0.2088928606841871,-0.20523826976385795,-0.7480426900573927,-0.17611003574742723,-0.0929266465147689,0.013082722620690324,0.07839485020149095,-0.0919291025268103,0.2974751015329362,0.47929012588048836,0.2549645670369848,-0.0633072086099502,-1.1564000317780136,-0.22675686370663506,0.021547373199236497,0.15209539577345688,0.11217775937811614,-0.021763500420850734
2720,-0.05602987476108022,0.9703727030372868,0.7181299648307753,0.08098893771813165,0.160898055563938,0.31922449658465746,0.1940574868627355,-0.34481326360572306,-0.7698818905404854,-0.0920292092328856,-0.13039379534517614,0.06590338734377488,0.028668309754589894,-0.02203219750608132,0.24637978184712395,0.42908181319087657,0.22766713048052822,-0.13311173184575797,-1.5308400927957106,-0.12064144771950569,-0.05184368691415342,0.24640368503449717,0.04368097231049173,-0.023994111168550658
2730,-0.10605475818283587,0.9714362086563859,0.7246649405760999,0.01879653032164319,0.2556916856363448,0.3022696946079281,0.22135797179351369,-0.3977116475592726,-1.3664205383839558,-0.06531749004013143,-0.047421241989682894,0.14248740634374257,0.12278500000977954,-0.11078057689803922,0.3232503247015135,0.415927425998748,0.26544499956248324,-0.19370337509080637,-2.287609315461195,-0.15534181360095745,0.006943243477664174,0.18268820982445333,0.09901733183958716,0.040496253067085486
2740,-0.03945542571046694,0.9646809514229588,0.7188742316971212,0.04478185493820408,0.13913936789787595,0.3469783679918549,0.19478674695385712,-0.40883062030030515,-0.7770475258717868,-0.08559904378773675,-0.0605168674661265,0.09439908487034032,0.041909355957441274,-0.047066278071250967,0.26559257810215775,0.46233155583599583,0.24278855196008053,-0.2327851503398366,-1.2997458014451833,-0.10658772260391691,0.008992884977412574,0.23769960717672534,0.06414631872418475,0.04606879458020674
2750,-0.08399935978346058,0.9693721864446043,0.7129554822940046,0.006683062710699628,0.28268556745400164,0.37696654211569725,0.21698681831952282,-0.3132185846461615,-1.1751365992020664,-0.05777418572974846,-0.05570232614380477,0.05988469591751555,0.05651783673597144,-0.11103187348503063,0.3678864003957595,0.5166937724365727,0.2605831492506643,-0.156705215295031,-1.9581754603406796,-0.11631812993533441,-0.04566734249834403,0.14024891499361725,-0.026439491703082796,-0.03295410680341049
2760,-0.03618680708512601,0.95892712552562,0.7163342701572236,0.0729459378368027,0.2594135196124103,0.39202238548475055,0.26621052565259185,-0.3014941162758247,-0.8307075058376565,-0.09293336992669099,-0.052367896673393144,0.10095332980059757,0.026065462560629027,-0.11712028955869891,0.3412761454936095,0.47345304496541396,0.3144281448996462,-0.14717282729965575,-1.4003947316950844,-0.14455152327918408,0.00527294248522403,0.1763604927504685,-0.02048324874468599,-0.08109937103891607
2770,-0.05188537980613263,0.9638735185219014,0.7185066718460517,0.1151545789282371,0.11114258167367119,0.4367620056163938,0.18992407446122883,-0.24555402408545368,-0.9639465386304078,-0.1090690956046878,-0.08183524777645235,0.05748896905853906,0.17086987162066603,-0.14432553406309845,0.215909537660805,0.5059883865389165,0.19839656128577543,-0.08599700714901237,-1.5678658128960206,-0.17802906528157036,-0.01265870313512174,0.1912586499550386,0.07551444792495665,0.03127838796881144
2780,-0.0571740129320619,0.9624718820520516,0.7164491724737543,0.04994705562629276,0.18713714385097058,0.33462143195160154,0.2044282692353836,-0.22921739997875878,-1.0870957545558175,-0.02321752595006288,-0.04083495272830118,0.02730987703810117,0.07399441366001913,-0.169038663592312,0.3021200676120731,0.47178214153287157,0.24716064323636588,-0.04064788894775506,-1.6355541665636797,-0.0771806041778953,-0.03905497298759686,0.18610695261782162,0.01699919513183179,0.03958046641554691
2790,-0.08345643482246719,0.9771827508088758,0.7243400717910102,0.004229232503615288,0.16752014307318164,0.37926062575690545,0.16597353492448252,-0.44685567201974985,-1.016645976146433,-0.10122238502661784,-0.06789332861349484,0.13993316000378353,0.0682216722952923,-0.0968077158381988,0.2931058003266881,0.4806014312166861,0.21214513961079895,-0.26442899205109405,-1.6989389155314978,-0.1383833743374403,-0.012971948529284072,0.22884974636637,-0.006649322769048505,-0.0416279864867557
2800,-0.036493411835203216,0.9630404373107124,0.7181875095732615,0.04539919017649374,0.2346438151129694,0.3600070152330246,0.20067202319413457,-0.4242192013446189,-0.7104510036758187,-0.09270836747181255,-0.0031203604022356224,0.026574281200499317,0.08693508689445084,-0.09126360905075281,0.3177828603678551,0.4364474178563913,0.23051884568725667,-0.2243477239041345,-1.2851076761223066,-0.11956192946071109,-0.0007499485981536935,0.15234144877604716,0.10888707444736478,-0.015040887455210816
2810,-0.023977337111223535,0.9597451144928316,0.7082908083009115,0.021365758407004054,0.13886649228025927,0.30960669395289997,0.20821139936608624,-0.2398522654406412,-0.6627109672629414,-0.07329472970371054,-0.05319180301207793,0.12635715586699048,0.06587680765984771,-0.09435555670505358,0.2531929352870048,0.41913307702583713,0.23203436603582972,-0.09446012880098276,-1.2099968619692691,-0.1385970517276851,0.005558337478943409,0.19933608340179398,0.017324587496414745,0.06607159102775606
2820,-0.062089304614368,0.9633739206164004,0.7227711111727457,0.07495499394722493,0.18195259757160664,0.3531211571283599,0.24442954064141842,-0.32030736930752646,-1.0764648146342863,-0.1061347110906885,-0.04680323360437444,0.14143997753459736,0.0797657528864566,-0.0038112261234912737,0.2846889303913507,0.4819281391485205,0.26328361918632426,-0.15018140956445514,-1.7790767251863682,-0.16498334516699087,0.0016032900576002929,0.2177647170444792,-0.022854194430236063,0.041808916668750196
2830,-0.0711824311880944,0.9689334728644068,0.7227562602525938,0.04297317958670577,0.19870216176519218,0.36569869784609776,0.16745585137002827,-0.23401511213693715,-1.1746481810972509,-0.14101415824335173,-0.05482702906689596,0.10743863404291198,0.035743952609072815,-0.11787491964474173,0.2352796225592878,0.46868337508994373,0.20578419609943333,-0.07416219858468076,-1.687553041420038,-0.18479703409077053,0.019563931313599237,0.2120194753735729,0.10188415925467065,0.012833382424167317
2840,-0.06918945003508081,0.9688601760078991,0.7210585060033788,0.0012963614902399279,0.19990911014203316,0.2566741956973537,0.21328450020703338,-0.3440639373556482,-1.0292080232406673,-0.07452337411502663,-0.04785955299397382,0.17197892241654444,0.044869462622146195,-0.07204353459121471,0.2745263376445689,0.3573906688914845,0.24800361838815999,-0.15810677796387673,-1.674672627171915,-0.10559236211275325,0.02863561625182165,0.23361133291651237,0.03312081890542695,-0.010209206764945966
2850,-0.07944392850188622,0.9721206282032525,0.7216056714184449,0.08017775176416797,0.22465000776023114,0.33003496763388085,0.1852171084209424,-0.22135297567135304,-1.0461629004937403,-0.08701869352969305,-0.048117090111677197,0.03986447058017062,0.03765809517851615,-0.13142516856046238,0.28900932850014105,0.3907273401002417,0.24257614093876256,-0.1188870793061203,-1.7451048670989926,-0.15929452096837937,0.04129505003498657,0.12438686290881706,0.022791233899429053,-0.11934756051947959
2860,-0.09526630973703057,0.976877402599395,0.7229508082335084,-0.03173606360265402,0.21599179682866454,0.28135361896063693,0.1453388996092645,-0.3531262142652074,-1.1524672120869557,0.003243616840920005,-0.032680019921294434,0.12059717644178847,0.09690109566846417,-0.12816161319187303,0.30117655575661484,0.43484697809849715,0.172916799220463,-0.1425670104421528,-1.860819882568658,-0.07494555716721196,-0.008345290263223282,0.07740562502687731,0.027660955422690314,-0.09317675884329302
2870,-0.015611706776892059,0.9507038594041829,0.7092787291454151,0.07245995763249569,0.23105738748517013,0.4302534402979459,0.23333326016482436,-0.15444499982451698,-0.7936110153693234,-0.04412370342949412,-0.10672201124801495,0.0981609750168706,-0.01115992144737632,-0.12914227651145094,0.3384180607294297,0.5223582463148657,0.2771863708204396,-0.014747414352445087,-1.3828069936539227,-0.07398540897446826,-0.03698249611216187,0.19251588651893603,0.02791329532026321,-0.003776481692799649
2880,-0.003411118767323907,0.9510156738541747,0.7075936085441233,0.03947268898312706,0.22361844425251554,0.3728166358078192,0.24718529480936946,-0.27963023810618637,-0.6888462508143256,-0.12205915372021403,-0.08260709706004965,0.08345390267981523,0.12088021690903472,-0.029458888326456156,0.31569036937921835,0.4807709609016909,0.2638607582899598,-0.08341792996498176,-1.1018957367436935,-0.16513799409391816,-0.027535040825128254,0.20082639237306288,0.11539800618942386,0.044981164966114484
2890,-0.0626250952232162,0.9660024611472289,0.7192189244884656,0.07676322708966488,0.219633739986838,0.3474809232091446,0.22905197287696177,-0.3380186318652012,-1.0116122338305589,-0.10687676681469993,-0.07196085081042503,0.19481354614855229,0.011025731873192113,-0.05959605993511197,0.3028641415792521,0.46028574622670393,0.2740157134048634,-0.18528474652654614,-1.7204055833721914,-0.15111289813882123,-0.02019167201690064,0.2560982263723409,0.018279405018638895,-0.04037993016323638
2900,-0.03949606918512105,0.9599927546187026,0.7175086055985027,0.08208207876128737,0.24548157886235378,0.3621019565595197,0.2514294276090068,-0.41863764190880604,-0.784721540890676,-0.02734139812997305,-0.06431217142296686,0.07416036583602492,0.07486747039920894,-0.11413746595396956,0.2981034720961355,0.4412145634886112,0.29092817308683516,-0.2000653233915899,-1.4301872491783003,-0.0486561321378427,-0.03465124435140354,0.14246859407626422,0.041571545496470796,-0.01111651179373263
2910,-0.05228582360070737,0.9707545326119734,0.7238671269022116,-0.03222656710416749,0.17786144340160448,0.24526684768082085,0.22863916130548867,-0.37660453056776144,-0.7109955049849619,-0.03741074431567393,-0.05773457003915938,0.07108348880921211,0.048074735007125224,-0.16468193401083764,0.2681434008323942,0.3499773481095362,0.24710910623105176,-0.1767125830270777,-1.2770926079901068,-0.0806074922165414,0.0044689824175087045,0.17970036366233821,-0.011842572779491967,0.007581933963844545
2920,-0.05835073656687895,0.9681805667194834,0.7177932577472435,0.07823224293353193,0.20455879990415615,0.2675689942137198,0.16828459991114741,-0.2852071171216235,-0.9763849792600394,-0.09082133327644937,-0.07188672748320357,0.06649253711009473,0.09239531221936537,-0.12130572669838657,0.3247640895942163,0.39187807268253283,0.2259122514298879,-0.0924160697347407,-1.4765518621314229,-0.11200502768315679,-0.03561477281535819,0.165221004679712,0.029207818545529785,0.022312425076028597
2930,-0.11798282374401278,0.9812189846952054,0.7264781018358912,0.038558872487056695,0.15903873344091735,0.2451189352403106,0.20142392668096631,-0.3715845048060116,-1.319100886710494,-0.057448870363232984,-0.07932054401165001,0.07411139932715494,0.06995855293138709,-0.10983056893433907,0.21405694148630905,0.3742279746331122,0.2529285897098593,-0.23123561805950277,-2.107559570708016,-0.08688987138832793,-0.012388589386987281,0.1974437294852115,0.09065316506182619,-0.019801094739817282
2940,-0.09378845997865402,0.9729882390430797,0.714607507616841,0.023858534367588224,0.21942611274523827,0.38205038935757907,0.23395475779785613,-0.5484372486174207,-1.1187518372445342,-0.05426010368437817,-0.07945112379521224,0.14139879115976672,0.08370128648624076,-0.11314460037539198,0.3070401726104549,0.48157634204684896,0.2614617142655383,-0.3832671574869333,-2.0373009206413872,-0.11362598635315835,0.02992057252794289,0.19659849190833179,0.17507684128916146,-0.057382687915866315
2950,-0.023481797533253402,0.9604053452691562,0.7135117543212328,0.05239861093106424,0.1926995424242336,0.2698977385589296,0.24764605301889742,-0.23421070080811712,-0.6753436365433516,-0.039316535396079155,-0.10795965149542885,0.10187018395041314,0.06921887077732147,-0.2109117991258167,0.25020672999955496,0.3972577362801144,0.2580014731700213,-0.09225388628535525,-1.095027762030547,-0.1059078729462768,-0.012801383013267165,0.19998023956545985,0.025174911626870355,0.016263389143037932
2960,-0.013841510569979246,0.9572678907854953,0.7151606713753728,0.014628364425840146,0.17275277107200626,0.38107633475033353,0.19599999450611238,-0.42063487652835874,-0.5630814070100403,-0.023681222718163752,-0.04461864968137208,0.09293141487916834,0.06381342967309767,-0.04222916090865492,0.20525710177456025,0.4919658308776236,0.26104159117428904,-0.2363057929086927,-1.0969135244742199,-0.06198348115353891,-0.002871813942582513,0.20789522595664411,0.06613257920876348,0.048153569057620915
2970,-0.09136228051644528,0.9704581374729047,0.7143736912672027,0.05295698111792235,0.16400879985591643,0.2890927999063462,0.23583155627820696,-0.392033974674195,-1.1354517744249226,-0.020809791649381237,-0.08771687334840217,0.1200717147350604,0.16679831080538454,-0.13656538666695006,0.2632748179070965,0.426133000435441,0.22964803468709083,-0.20039960873175056,-2.0975415687787313,-0.07241692498973862,-0.0015314634883865086,0.1890998946984247,0.11404045672509777,-0.025096891244881236
2980,-0.026836380781594064,0.9580521871318257,0.7167970341589174,0.003939051279747585,0.1604107865041604,0.35859389695043375,0.2492645741738042,-0.2299595322019956,-0.7833413413746491,-0.02242771096867413,-0.0710920530701189,0.11092621943540304,0.08154295124410027,-0.07801342499549646,0.1977292659134049,0.44341880552912893,0.25615727683881173,-0.09451129654436685,-1.2696704193955095,-0.08966583257700078,-0.0143886040372041,0.2623090720718715,0.06988735997584983,-0.10467304116517595
2990,-0.14218620624262324,0.977113461028267,0.7101383907813512,0.0722020398943014,0.20999941791680776,0.36278517709510827,0.23141150428709112,-0.4977036075589667,-1.6261382717631645,-0.06586640362616558,-0.047547823584027205,0.095649319965316,0.11381721292105429,-0.07087964292796212,0.30723779531639006,0.43614881199104905,0.26248844970946716,-0.28297653860184524,-2.78921554200114,-0.10989742465776531,0.0037443266822340115,0.20548446425153266,0.06872158399465056,0.13462481960094697
3000,-0.024192323221284322,0.9571091352208853,0.715372553462992,0.08867799051471814,0.1692061470742815,0.4134855372354779,0.21159074193876326,-0.2791652607081869,-0.6993209425870395,-0.042448728656927504,-0.13977956121410595,0.13825143525140016,0.09979944628080184,-0.09930402454788378,0.2496711467761179,0.5132911448331833,0.25312816199500476,-0.11969531108106479,-1.3485766871535008,-0.11107704777021699,-0.00818792734087781,0.17420470154717227,0.009110432787367007,0.019099817178545364
3010,-0.025991939773167966,0.9485053229492039,0.7127147524639792,0.12117889158947026,0.20976868717196429,0.38225325357972595,0.23887250674220328,-0.13659890418456366,-1.0059028017876201,-0.010487599935750103,-0.07672094863452839,0.1598960627991185,0.09948191761462688,-0.15762969014332628,0.28534118801938246,0.4240123694832699,0.28134992057000363,0.00048120169391463463,-1.5603273478567292,-0.05340032320010346,-0.006483696525415139,0.21298963322961184,0.016163452327940142,0.029931492210277244
3020,-0.07845599924458103,0.9725370887154117,0.719547740090756,0.030258311547878947,0.24111209596739835,0.13040682480448573,0.18928866750450746,-0.22622104152276634,-0.944751693719754,-0.05992264984553275,-0.051885152474269836,0.0675088953730334,0.11933195428913668,-0.09908437188208907,0.2964512388500342,0.28410900721004617,0.2139769176894929,-0.09637109736984462,-1.7767278343340833,-0.12820661318616144,-0.02663509514238971,0.12103383095927611,0.10446000934526312,-0.03570818819986421
3030,-0.10744197698366353,0.973854784419231,0.7195386097071315,0.06466116850158943,0.17953674635095085,0.4566582763401422,0.2038966021204519,-0.35736671864725533,-1.3618929881930169,-0.12532213402222214,-0.049710157350898676,0.033519146674696576,0.12121151760898019,-0.07289834469001977,0.26192440551425067,0.4873943995576654,0.24420546860247438,-0.21659542619924177,-2.2052682062065854,-0.15408142501540678,-3.6770018152498807e-06,0.14122342356337514,0.10551921661276653,-0.0128928107778159
3040,-0.1327784413512077,0.9752477893643171,0.7178664616077921,0.05710244062390435,0.2349072306267903,0.381631542880568,0.1957253129219525,-0.20084101178005564,-1.596706983618576,-0.05816942394150093,-0.11077793677304282,0.13897543108308674,0.04635328138930506,-0.1815539077442574,0.3066298977290711,0.47648683934477265,0.21226914059943025,-0.057908912501812626,-2.726572166447108,-0.08261025908869923,-0.010890884363370823,0.1769762139284301,0.04139724521946353,-0.030770358463712455
3050,-0.012961454083910933,0.952742083083102,0.7106568272197217,0.10784018556206576,0.24299237868558032,0.41266787157003393,0.16095490647903987,-0.27429180758105853,-0.7561967381123678,-0.052781283921001565,-0.0762748477326376,0.07497051409797673,0.1312730135934732,-0.11380087647259729,0.2904092612909691,0.511428847458838,0.2254560579975602,-0.10298571581797966,-1.2191577655194363,-0.09041900603546815,-0.0017412763303417123,0.174469304407194,0.0776901601459059,0.005306280472122005
3060,-0.033303901320270085,0.954141069007263,0.7055700303631764,0.0629843193693832,0.24766541177764811,0.385219702489468,0.24701984044393588,-0.39420284816296824,-0.9455161017249172,-0.016629530102868273,-0.0821930133414186,0.11057040824846454,0.1248815855499189,-0.09457293223005814,0.29601555420393444,0.48741979902574395,0.2605473751313496,-0.2005348067390147,-1.5280429992377424,-0.07229477009041707,0.032992203998782665,0.25864557833521373,0.10852390324507855,0.012119392084811498
3070,-0.018863247860040327,0.9538303888929431,0.7043274490210191,-0.022567505755616724,0.15936942607565263,0.43864860188633126,0.23563797361663408,-0.24102477110541498,-0.7466410095840397,-0.026447684204705224,-0.08141455609993176,0.08010208678377984,0.05735905246845363,-0.0542083769933952,0.2514043687888906,0.5199246805568132,0.26592336057341925,-0.08850171576428889,-1.3064392063178953,-0.08158483665287686,-0.021689864965390493,0.17618972359595353,0.061587258408109524,0.028244789628670608
3080,-0.05196253764288208,0.9669683206773416,0.716007043749863,0.07175098597562557,0.18863234689550823,0.42172262735336796,0.19656249930176595,-0.38987440864433154,-0.8571188343849097,-0.1137327028151518,-0.07076157690068907,0.0731810483785309,0.07679689040263205,-0.08761040565299894,0.24104519508314926,0.5382685521454815,0.22377854058468027,-0.2010503282290792,-1.4911488052153663,-0.16125273618523273,-0.04171632926370594,0.21011910193730066,0.09897317586988663,-0.017778127136987676
3090,-0.09166048123433272,0.9823603152484904,0.7269851891010685,0.026404069408892172,0.2135579261901931,0.3434202899987653,0.19623016212582944,-0.5661314947433582,-0.9217174932318226,-0.08532983202364552,-0.0830780693694102,0.05384143286569165,0.06943325362192931,-0.19145065591317123,0.31004129149764836,0.4162680052012727,0.25342346627882817,-0.37188484907598207,-1.5780854280002146,-0.13613563769314174,0.001981289587807189,0.13145268042242308,0.06342438166194675,-0.07053489473146857
3100,0.0014105186986503341,0.9483457297318288,0.7069626330120216,0.06155168276772316,0.15045762103691762,0.3463921330263242,0.2563450929283776,-0.15661335436751922,-0.6798980340960503,-0.06075069224396468,-0.08747884328365974,0.1472101786908241,0.15316619337550075,-0.08943651075481762,0.22138172787470312,0.46713336886863044,0.2890577533101639,-0.01564703370068754,-1.0815464364545662,-0.10798319978487325,-0.009082394281892059,0.2563747299414969,-0.02154054907645575,-0.00947254110451845
3110,-0.06388900195947848,0.9672293328554475,0.7161443937689729,0.09820136956926395,0.17569503985139678,0.32584404703138037,0.23494713713099014,-0.32764331345890607,-0.9945694260813247,-0.0635929672244937,-0.01611327007031993,0.0732582756277268,0.08530427010600561,-0.14105804808917188,0.21527685191909351,0.4093155949445243,0.25035909073269813,-0.19586584054341438,-1.5824144810999425,-0.10607310738336495,0.0019952734071219114,0.20825906030212216,-0.01995033151323633,0.027155733692802664
3120,0.005043733626291942,0.9488823904682091,0.7079683576483744,0.044024495170052136,0.14944513558207173,0.4097451034930334,0.20722765479213767,-0.1870234478589532,-0.6274518832517519,-0.0011389946460906852,-0.04732167155529576,0.13319041929832953,0.07574815176260241,-0.13721900696511713,0.2173969881332295,0.5038529790032024,0.27950956277686423,-0.06076878732809665,-0.9652323761405965,-0.03702280987090312,-0.03271586306576979,0.2256134078779477,0.027278607561268764,-0.07121925861603384
3130,-0.008667954633946005,0.9615449294666706,0.7122625757416855,-0.005467938582886855,0.2556106170009089,0.36161585082908987,0.22641821865936518,-0.48247447300395785,-0.449129369397159,-0.10166524802070764,-0.011309012225862558,0.07917316632035065,0.0283196983398607,-0.08174977124053973,0.33808196843115856,0.45841287715543433,0.2535515464272723,-0.2899919436769449,-0.7967247100429302,-0.13831136946525935,-0.04137310664190119,0.16329893305281717,0.04968460200682889,0.0020024167621967015
3140,-0.07892172129539839,0.9681487763459957,0.7202522117840978,0.08436683523196709,0.11480601186268913,0.34184787977504005,0.19993312271305064,-0.2517882918791998,-1.1190697325769667,-0.03507228941340612,-0.03277421605542763,0.0959234927563154,0.03490249605662077,-0.12745199807132335,0.13953092219982366,0.43233318687626543,0.2568293431898355,-0.09226089279292315,-1.891879344519829,-0.05599631159484941,-0.010486559535535678,0.2301728311533413,-0.008805134308696339,0.03758250172984223
3150,-0.05672574088807353,0.9617296616266726,0.7109305569732545,0.09739411790160613,0.26871417347073634,0.3938222212572925,0.23973359532968186,-0.30742494227723705,-1.0721602827706684,-0.06678906612755764,-0.09673786163010756,0.15301499176976885,0.06284829159563943,-0.18117325117754257,0.36374496496645425,0.4751220646165084,0.24896255698048775,-0.13271342123937346,-1.710666312696775,-0.14148393902537237,0.006136711963316999,0.20913189702798263,0.007164468063692864,-0.007881536648078447
3160,-0.03494040493977572,0.9554084562034868,0.7078203987960349,0.017904107565343552,0.156757839534597,0.3634232790722798,0.2261247008561188,-0.12725512775038572,-0.9268137885552508,0.008302972257033359,-0.10503322991543973,0.09654168139108354,0.1344776717351268,-0.14461647834758207,0.21207861656509108,0.443710283576783,0.22036461677151764,-0.03229388017549861,-1.531806407864555,-0.08306538025102328,0.028636503734257635,0.20225372620068416,0.03321846425851305,0.07334132560601603
3170,-0.0703347688310126,0.9659663814182673,0.7137116818518068,0.01926054005706601,0.19654560613313476,0.3742972891150882,0.25504282512987675,-0.3730845838830201,-0.9365457053326967,-0.0655059469324657,-0.060744393946473796,0.10113934635327959,0.046482930749972784,-0.14079999450434788,0.2897765909468295,0.49453716113471635,0.2918430851638708,-0.17548852533196269,-1.903392219162125,-0.12839392761499768,0.01431942332819014,0.19270190588890224,0.03653261803675256,-0.005554170780854406
3180,-0.0689117324458011,0.9643934947780429,0.7146889199838489,0.12958319349559622,0.2272688469446561,0.32552000348888643,0.17952128767767972,-0.30364616962884594,-1.1443756213340222,0.0009833099299988435,-0.0692583535669209,0.11434501795477436,0.060819155289885796,-0.07800289669587901,0.30639495536837813,0.3882030289580638,0.2113511141343285,-0.15050907616667852,-1.8374374727394818,-0.049047554490487366,0.006785226586375037,0.1721094945120606,0.06649142735218216,-0.004245298432372868
3190,-0.0015685680198549382,0.9480924269427701,0.7124681987203227,0.05347623840557636,0.23277877845910167,0.31024076595662886,0.18322674179728526,-0.19724873730582826,-0.7063638223176658,-0.03974920672198956,-0.04206144653115684,0.15650637967690662,0.10053142141263938,-0.13305891196722142,0.289768165958203,0.41742392485174706,0.22126455064351325,-0.05814956557109752,-1.1748041590428553,-0.052952795792925667,0.05747375137311006,0.26496041685622274,0.0747345323553642,0.00906304908748834
3200,-0.128718042191413,0.9767147634978981,0.7136429077715002,0.09801795516586675,0.23631009394488267,0.34239533407458245,0.19671148101981817,-0.39759808217001114,-1.5606358598955645,-0.014451012959932452,-0.04880022815999974,0.13688752583069463,0.04193619433302698,-0.08040216250748045,0.30492826559167663,0.4497596424639557,0.2484183715008369,-0.24697948335779962,-2.5440675259974745,-0.11012023495761669,0.033161278468754274,0.2692310092951734,-0.028386357941838636,-0.02939508976122318
3210,-0.050691860157898144,0.9640520965172014,0.7142822707172459,0.043171042536215176,0.19080783244399957,0.4012764277703732,0.2258607348236482,-0.3172102943843558,-0.9059854397158236,-0.031033139434296864,-0.06389225571568669,0.12101360990406473,0.03449725350412891,-0.12728724585783757,0.2703306660968533,0.4882700067832777,0.23826532239187748,-0.15452720357432925,-1.5577021078572924,-0.1222995520784913,-0.033813169849427505,0.24394350332313386,0.006357997700820794,-0.014573052126713115
3220,-0.07886922894469214,0.9710762659982778,0.7210714302075527,0.02262227765448399,0.26035097172055854,0.3344522029759118,0.20941782682972487,-0.3554095352337936,-1.02962849686473,-0.09901427176166955,-0.08772704001562892,0.07878922914775266,0.01755200787525768,-0.12839763853093822,0.38940062858619584,0.4190333064585884,0.26030302701257235,-0.18408482362603906,-1.8318304439576805,-0.11315328863247065,0.018309962348967312,0.16997403768733188,-0.000977230950982566,-0.006236516561947125
3230,0.02889504133399263,0.947079072052878,0.706411680715709,0.044986521556463654,0.2484414026883497,0.3339721603770035,0.2216316517049549,-0.20023886441546068,-0.4343363930868578,-0.07395054074684593,-0.09887311317129899,0.16714503524380542,0.03117280421378621,-0.10866126781463104,0.2986387430300036,0.40976435466351846,0.26394364166863205,-0.07430079559394498,-0.5996246976007598,-0.06478732856052494,-0.025144513619304476,0.25975748383489383,-0.03516762650623306,0.042427210148295424
3240,-0.08952260971337875,0.9765351926336983,0.7232313941569275,0.05218650377857248,0.24318343808701526,0.27769228118567546,0.21476447517647124,-0.49767477682843086,-1.0717804030742641,-0.006051062225837622,-0.06947726587893532,0.1236199410381611,0.0672344326970844,-0.1691671876991112,0.32709567933118766,0.38991548053223435,0.21889072853438718,-0.3302841721687684,-1.773118189610229,-0.04109275183051686,-0.02107936463032911,0.228578034880203,-0.054055704896078804,0.01064507962055572
3250,-0.09386105642623424,0.9738426251666756,0.7180759070001914,0.023206976702454862,0.22780695201415146,0.3386505114691364,0.20974359259241993,-0.3619192221833303,-1.2004087038266258,-0.06269113490294775,-0.0801538084357627,0.11918060298542166,0.023872064374548696,-0.1408976234889152,0.3224107133589469,0.4267176619812941,0.24493474754907774,-0.21238369634480758,-1.9904496431065275,-0.14003772840384765,0.01304620657179667,0.22494955140810624,0.04100152693559267,0.0023382677988976752
3260,-0.03275319861399365,0.95730226677147,0.7062850468979908,0.04218704091941816,0.1466116256972293,0.3292185509035339,0.2465593346191396,-0.21949058604584493,-0.8838105958748939,-0.035163968139500845,-0.11929685063642648,0.13884891103904307,0.10871094082475163,-0.08822192275710328,0.2666089004751051,0.43048084561260525,0.2663205488344874,-0.0707971343244631,-1.433207221959504,-0.09400911335302964,-0.045127989689990766,0.24964024812536723,0.045555484651357725,0.030565780184851787
3270,-0.029100090969905453,0.9642636883219872,0.7142946522568377,0.08928885211875459,0.19646316640597894,0.3687079962690586,0.21613562698828748,-0.41250316249762276,-0.6150153042666213,-0.10555005777671034,-0.07176885399293842,0.10658202584351051,0.008117311310050446,-0.18518170715151383,0.269959779095134,0.5004360241852409,0.24955343400519192,-0.234023455135284,-1.0942315363689987,-0.14587814705550906,0.026842319480124832,0.15055841947218662,0.06336229010799754,0.007043068595667501
3280,-0.04797153206089629,0.9670044325712368,0.713915527566607,0.0647993168795521,0.13263991685750098,0.3180525040499723,0.20909271321518486,-0.42719025655904197,-0.7479317384132094,-0.017480464791747696,-0.058008179895360445,0.10854100707690972,0.10749238294508812,-0.056547819091028684,0.1788647080021546,0.4114884526866093,0.2070884323932768,-0.2541877462975146,-1.3895759372546914,-0.06260904156468716,-0.00737227253246453,0.21537737411998648,0.04058097138310546,0.01948350351158301
3290,-0.021207609337497768,0.9517217098719156,0.7093216142913982,0.12949780558779078,0.17010698521934764,0.31742551484218395,0.22261475224705873,-0.10677774609203539,-0.8465362688918245,-0.031805185724140816,-0.0910321032625574,0.12020475660870888,0.07292810413319883,-0.16290983967091588,0.27163510732374097,0.46267625746999674,0.25271597637778676,-0.007846549461001606,-1.4316431723862078,-0.08349530477496314,0.0341054996344885,0.2559239638584404,0.03474947088271774,-0.027897820009266328
3300,-0.04464812500593721,0.9616888891931284,0.7127928291086238,0.010875231184866552,0.2452586773231289,0.28888812759296145,0.2233645024133809,-0.27084509153768566,-0.8618715886925785,-0.03999813927207474,-0.06818400651232781,0.06194369817818435,0.02954186493129496,-0.12228768753088404,0.35900691393631656,0.38508373587564493,0.25014825548175335,-0.072120011309325,-1.498048203516575,-0.09186585969873273,0.0004296556479955749,0.1658001875856293,0.026868552070922536,0.040400560723422574
3310,-0.11795176198585657,0.9806995024501697,0.7263874035701278,0.0673111851981597,0.24033827989888112,0.3728081055175957,0.18754184375357108,-0.4042530654645169,-1.4250457561166203,-0.15597184234515038,-0.016407763953229182,0.012147854774759104,0.06432014815472575,-0.14151893250693037,0.3490320493097889,0.4963917258536622,0.1968633240285793,-0.22568594147244658,-2.0782318137906883,-0.2333827733716447,0.023697737430721344,0.05728185101501648,0.051718807124289445,0.08405797525848946
3320,-0.10445121739959848,0.9795775151373659,0.7246923645507939,0.07730032197404058,0.16868065913916896,0.32956196578391417,0.2201209492219015,-0.4202506393775449,-1.1562808415953474,-0.05599889394970825,-0.07652310315250377,0.07741502419119728,0.018484473789451727,-0.19684315870243663,0.2831862275500565,0.4370788661488544,0.2633410926405273,-0.2395669483029068,-1.909767349273737,-0.12818968978999612,0.014690706813362264,0.11642478566905168,0.007767045826205021,-0.024107059995118973
3330,-0.04591439315834689,0.962730358396572,0.7134041027628909,0.0358460593528086,0.18643994804507835,0.32198911938370256,0.23314276681329527,-0.30656441690557523,-0.8678973416269096,-0.081446273434024,-0.021189314952835492,0.08181929659105336,0.10514702655576258,-0.06961135390557804,0.2899462857883037,0.4068029106915363,0.25723986217059547,-0.17382858748649133,-1.4473656464170457,-0.1631547002770397,0.0019741884520021458,0.16672826433268617,0.09550514839478008,-0.015725497891390328
3340,-0.04957658727255968,0.9582090085795529,0.7115551914890743,0.13976421792068372,0.2021827735343189,0.36012306249140347,0.23723048644072464,-0.2281787440407892,-1.0732060840187296,-0.04321096953515702,-0.0831757420585264,0.05957069619507582,0.07432799714908911,-0.06355005329631269,0.27561587527335407,0.47857129207225213,0.2550247252073362,-0.08778518023176396,-1.6590703732953087,-0.10574622480625062,0.02710042462080342,0.1376372327596589,0.026454154645698447,0.029212100248685924
3350,-0.0993139077789316,0.9856198695324323,0.7258096875089226,0.07770971749944378,0.23028837599409469,0.29169556384468676,0.21476185159252492,-0.47529073318208903,-0.9226685482188208,-0.15287209380109457,-0.1483415282794287,0.04514122905302276,0.027724769214732325,-0.1623849395030268,0.2813357531752141,0.4020431745935824,0.27606059137258043,-0.2878877284461103,-1.6719027138479912,-0.19676239186209554,-0.02940875075724203,0.1592624837815254,0.08121235089200518,-0.12530849647307796
3360,-0.048501588013439074,0.9577019401275133,0.7191088680897805,0.0655902738642381,0.18716627108928097,0.36406637945015197,0.24617430582945798,-0.24165638130741507,-0.9834871116059751,-0.006219986538647637,-0.05499431486005735,0.12836723147312334,0.08924749731735548,-0.12451232670422874,0.22685165671367147,0.4349429362798707,0.25797620867794324,-0.0715916982042133,-1.6913579231343125,-0.08860835096566344,0.02625979443985249,0.18528964159026362,0.0691304792196884,-0.037167930906605084
3370,-0.08887768356275065,0.9657066782680139,0.7191444871208406,0.09643418728115527,0.23133578378194686,0.386857058526505,0.21584167013374345,-0.3926817849895561,-1.343159513682151,-0.0328070890620169,-0.007357995472039969,0.16166765047197806,0.01498477813732002,-0.12783267940692977,0.3197801095856324,0.47021347360097987,0.2656268781301864,-0.18654019671893463,-2.1255321947846886,-0.056178595322333935,0.027868039213731932,0.215668008907408,0.028463879136692127,-0.02908282228639303
3380,-0.06627284427256722,0.9714582507092255,0.7214827319605424,0.008349382726541621,0.15271345272237857,0.28990847695766453,0.21546763986884532,-0.2761926184086254,-0.9448701822313206,-0.06114162780216792,-0.06889214047151748,0.07708859620687414,-0.007617838745760164,-0.07993793741971245,0.27515047364042444,0.4503076031440867,0.24836144829005324,-0.16329696852603548,-1.5117190836441474,-0.09814665323172744,-0.007199761564800955,0.14890019667995258,0.010076882323016623,-0.04903907023793419
3390,-0.060193177438216144,0.9641211288338967,0.7175692387033182,0.024156271532379536,0.1887056286468043,0.32868679131318157,0.22855709902518562,-0.32229556878745,-1.0409099850586694,-0.029686780180772088,-0.09726320317970716,0.1688791168521776,0.07883952054026155,-0.01834847686883334,0.2862186139545714,0.46215445856799764,0.24072266935967568,-0.1892278970612018,-1.7272885049219568,-0.08121966384512791,-0.029683194060869278,0.2269693945088853,0.03921474136922565,-0.0012377579082971657
3400,-0.08031543627039463,0.966010437721596,0.7154663234122949,0.0952985078811226,0.22625380023007735,0.3400066754432165,0.2430658034818005,-0.325077179480044,-1.2221845125015278,-0.049111961844970686,-0.08232424851234876,0.12269107617367492,0.11113381011031753,-0.1632624642770537,0.23484763725673496,0.4384093746669846,0.2502890802647806,-0.1278388510680779,-1.9839002203975098,-0.09400887511624223,-0.004849172939068724,0.25023879209228783,0.085887094328846,-0.03218832747128686
3410,-0.06659339748698233,0.9665670882152972,0.7130531609728188,-0.008050275106612936,0.17202915629644489,0.30326646223199005,0.1821099465794157,-0.1718675513120118,-1.1107230219256548,-0.07620918739037297,-0.045939760495612436,0.1512872150434994,0.10816308875092351,-0.15343185846379415,0.2604496878961171,0.41728549819284155,0.2256141295016596,-0.05251585338929177,-1.7148686492205814,-0.14220873832488978,0.021510074442769755,0.26516599479635417,-0.049294855092318235,0.019767149762495495
3420,-0.06565618733038599,0.9641729096754938,0.7219767767821718,0.0749512931590045,0.20403973775889317,0.2725902607577301,0.3018459326573202,-0.36791859549114636,-0.9673566984395499,-0.028145178293736972,-0.055912863683482916,0.09218413393510849,0.022335898003527532,-0.06643638196123436,0.2702893096106177,0.3934301267481628,0.30335269236536144,-0.20513260150951051,-1.7907715340857657,-0.07791761612881642,-0.02444839856515557,0.16478195595514922,0.08398444952754902,0.021474143741869067
3430,-0.051696546145589384,0.9602639622371554,0.7154564959183917,0.023228949938738808,0.22598405165645274,0.31875958939234483,0.25416074550733925,-0.16896335164340281,-1.0098920238751998,-0.11153994483415874,-0.1441352204229731,0.13403433584309787,0.08065397907766203,-0.1360560383348286,0.30654959946802607,0.4245338425753896,0.3150810016107356,-0.05180289932724502,-1.6966045291923137,-0.17705056701169553,-0.02036342904462507,0.2265312593469826,0.08210681760292515,0.03915636260937061
3440,-0.07112456158189157,0.970192300221093,0.7191136913620129,0.015143919374303594,0.17420190037868621,0.34206295899784567,0.2351712957551645,-0.3657135433867178,-0.8788972389767618,-0.13878933680107863,0.0018601614137262468,0.025393197914833965,0.07059747383298542,-0.07611428603246284,0.2703062892092605,0.47089331871370677,0.2552142829137861,-0.2021532021814021,-1.7264472169051834,-0.1974564954954907,-0.03811272121053744,0.09480619628313047,0.11569319834326353,0.05872405463921915
3450,-0.09249341796526982,0.9736576075419807,0.7246789256237713,0.09599332013763828,0.1884120886694971,0.28040101494086944,0.20692983157347855,-0.36884136112082144,-1.2191783284952837,-0.021304672981170558,-0.12045903150331072,-0.023180940339941003,0.09909109464805232,-0.09927318684561426,0.29132779082037086,0.4083000264191696,0.25538002268408966,-0.15581842779223587,-1.8774283965284555,-0.07597834284780469,0.015370013164296203,0.11925971009108882,0.05146200869061446,0.007173989344806286
3460,-0.042133592828420816,0.95894073016758,0.7152109065299141,0.045487802645112874,0.14311698648578675,0.388477438493098,0.19594989248835037,-0.22339929747966125,-0.9478233033449015,0.02615073607942353,-0.11800640404146545,0.066406676373028,0.08638754677435034,-0.046913243826511186,0.212823139869311,0.4819911661016373,0.23510709768130944,-0.07992613550965011,-1.5182616557469966,-0.043386074540493036,-0.03610815538391465,0.09330957253995809,0.06969496398349362,0.08411580096189741
3470,-0.04224840793472914,0.9607611796571909,0.715245508491838,0.08307592736645064,0.2828330176854439,0.34451374568122106,0.21998469695937328,-0.2781031150922446,-0.9213089866972095,-0.07809432895005908,-0.1001145898722704,0.06908407712690001,0.08728505614525939,-0.1979082894787627,0.346240255215998,0.485707884757002,0.26885199642067337,-0.14031944106137795,-1.4433880388205775,-0.13324380921053902,-0.02797363862926261,0.17223839502399985,0.06699621051373761,0.006426408286932195
3480,-0.037089249587934685,0.9546918225784888,0.7156314050681509,0.024615681584531424,0.21078635625261954,0.32775821810120087,0.2502527970895496,-0.13998603182257763,-1.1214613513727425,-0.05045066046140634,-0.09358380511133046,0.037325218644917446,0.10103816220344508,-0.02773571923068796,0.29547694703814076,0.41872731815857844,0.2862153265695818,0.0067877677101554346,-1.4249070603565919,-0.06793671602469442,-0.01190855128413948,0.10825486466237999,0.07273378832467581,0.019123207977765677
3490,-0.04550579858963381,0.9596800069776662,0.7093867140801405,0.05740843715151933,0.22575824414847923,0.3287440180241966,0.24564209436470075,-0.28077375125878823,-0.9766058935981174,-0.07262704921331076,-0.08471600287002401,0.08022446399393102,0.048609521626361785,-0.046475958304499576,0.3462816853546863,0.4419981468174422,0.2853788291927367,-0.14189975774556274,-1.550922420288634,-0.1362290860395643,0.004898778578600216,0.16585734673995345,0.08358847862138241,0.020238104322200745
3500,-0.07352900111119498,0.9752885763869021,0.7309350571119305,0.07329390434430505,0.20936153319154405,0.3278838509822083,0.16940742282831878,-0.39099273566349635,-0.966387736780276,-0.06317673744512331,-0.047085249968682685,0.10522567672052152,0.04365628378130271,-0.1434768345991646,0.2762313230105309,0.4105093395195364,0.18597751223229542,-0.23337451488649363,-1.5488869345101355,-0.12337718214434656,-0.01973748132146369,0.24554115094604412,-0.027490767627633694,-0.027210845944885875
3510,-0.021297006104969735,0.9612221668140778,0.7172071208101851,0.06027489785213236,0.18858833702092548,0.39934036727785094,0.21597127176099418,-0.3963151357967116,-0.6025426601172126,-0.14649047327971276,-0.0692013548375996,0.12054202698330674,0.06478116315188442,-0.1758389912071454,0.27279060484964157,0.4887888398335265,0.24766410058184452,-0.19739353609441523,-1.0682967764496274,-0.15497420319977206,0.02797995886322424,0.1881780606854474,0.05109286894616749,0.03782350497088638
3520,-0.06964647553044424,0.9704858728445935,0.7164391575161533,0.0247392041194614,0.2619524176136949,0.4198137751899662,0.22044058825710988,-0.4802393800357294,-0.911016179265826,-0.0920705076535846,-0.03038364664357207,0.10560658087818009,-0.020182022016705714,-0.15306389337230009,0.356589667808314,0.4774863104510948,0.2726222917712061,-0.2362528023307977,-1.6791835971761522,-0.16825297156600483,0.014329177053988729,0.19291827807710948,0.048767618866398355,-0.08719689616518034
3530,-0.09642224931238672,0.9725521503486917,0.7141284630969897,-0.04635363947567006,0.20698896132382805,0.3377930272808739,0.1960924324690123,-0.31409415510359784,-1.1991835828879776,0.02275931777941298,-0.08791263575164665,0.10988407555908053,0.019976722327804786,-0.07627632322178068,0.33791250038191945,0.3938371872088623,0.23390145951397634,-0.16003496033781173,-2.0934749092703377,-0.028259414448714937,-0.06770173662958734,0.08776442285533004,0.07780115820689548,0.023712856660006665
3540,-0.024058398047362813,0.9507662234099723,0.7033583068001658,0.09476245736719757,0.2618311506126819,0.3857073120243416,0.2418439153049703,-0.29196973358256817,-0.8183722197229402,-0.06962104119977197,0.025394227098658684,0.1350706497205061,0.1248211182882707,-0.12898850011285945,0.3497064557862286,0.4665572746036687,0.2622237340385599,-0.1698641585097893,-1.500234818793849,-0.1130810404931033,0.009964444455427213,0.19198019437068148,0.10200421019198769,-0.06496199044291795
3550,-0.06388288176991117,0.9678906184160712,0.7229685567887034,0.05968436393233212,0.19621098033074402,0.2991219320959425,0.2297872327361552,-0.40128704060964804,-1.0307772960252448,-0.06501381348445667,-0.06385709446896004,0.12063421372235417,0.02894004754681101,-0.02157442072517779,0.24826867933834884,0.44379885467514935,0.28427546186897434,-0.2146010543796837,-1.5483410893065979,-0.09468426284209452,0.0004776006278879308,0.17683562564494404,0.04079211638082503,-0.030231554226739954
3560,-0.05119879226135328,0.9668768312188206,0.7132326750105675,0.12099432308612923,0.25666126627174446,0.27817306925877816,0.22109045096676405,-0.34555140033261034,-0.87744336581471,-0.10518532483308873,-0.09599221138267411,0.09954836372552944,0.05956184385542107,-0.13501526715071854,0.32584982539689733,0.3709852825672558,0.24691241496869487,-0.15125493007243618,-1.391177023841438,-0.17933607428080744,-0.0009933132808785938,0.13903441768282776,0.031939777321554175,0.056023238399346864
3570,-0.04442319246799405,0.9551653999734067,0.7086034336993533,0.07653736446679271,0.20454133847138123,0.3796737189392617,0.22208751957902972,-0.25951297755145974,-1.0856647468630793,-0.017892256415524388,-0.030454398853040576,0.09283707139431863,0.1002046334286979,-0.08217116190317864,0.2834697408667062,0.48683642626326107,0.2605265353846098,-0.1210903656083695,-1.6740488807712377,-0.08150623265037815,0.02883350601439405,0.23058831980626904,0.05734265504771652,-0.004024850874045693
3580,-0.014236325779573318,0.9522396666253005,0.704176385090249,0.03106739774004108,0.2537058935586607,0.3571049347768984,0.2719155664277587,-0.24545962566254098,-0.7400933382171904,-0.10568327334460337,-0.10125995745908778,0.07458449193291206,0.1689786181449845,-0.15836248283850507,0.3756010164294038,0.4051612441727318,0.3143597589843943,-0.11750918193404747,-1.2088737951791977,-0.1596009571880097,-0.030306318108592745,0.17298841030282386,0.1160781735999159,0.026640582490210507
3590,-0.08342817142100604,0.9683578142132668,0.7235124568164829,0.05100054401043752,0.18136636421774532,0.3330767943528621,0.1967403675537247,-0.31337037453420447,-1.2731586804951864,-0.027174406303112963,-0.06142324023162549,0.22853255950755813,-0.00271421839368835,-0.10869592975839559,0.2569579955772803,0.4497467952602442,0.27779041819315453,-0.14270554923279488,-1.9376243565879165,-0.07614075778631135,-0.031023391491731278,0.2439022244800242,0.037354796166972015,-0.034429554346162794
3600,-0.010752400870800835,0.9448299490876096,0.698863546710845,0.05139008861345873,0.20429722331669653,0.36354073866571346,0.25967187968310634,-0.0940310586239792,-0.8744431295101243,-0.020440736470988652,-0.06028649081624704,0.1421885404636165,0.10090997690300718,-0.08146944417564161,0.2632625954226018,0.47456533499275866,0.2946411211474561,0.0033026557595585704,-1.4357301799111712,-0.08083797968503847,0.004762243746678219,0.20770513411624958,0.03181816549057259,0.01938290258489861
3610,-0.00015272461594364355,0.9506046089893078,0.7120927522795818,0.10236109733179177,0.22845161071322395,0.3571492564089487,0.23022597742287942,-0.24495892510367723,-0.6371568432377441,-0.09356488712159061,-0.09023553207946655,0.08078383099153708,0.0821187075174552,-0.17143353325068844,0.31892975916622013,0.4870210427028704,0.26007746338922344,-0.0656228182557208,-1.0601798401946616,-0.1576933703017236,-0.024552338628859083,0.200479956952903,0.07764380740163257,0.1169483612406299
3620,-0.11130350645449948,0.9798332445241921,0.7162567002597493,0.06261376395692042,0.07437873473398393,0.3273247293298165,0.21481946705323518,-0.4418567705464935,-1.1871497612032633,-0.0624164567417016,-0.13624706923745378,0.15749274902902133,0.10955570427082795,-0.10170290793492187,0.17396648073939702,0.44269131802352135,0.25463630388940584,-0.28805844264125713,-2.1292483682226786,-0.10470651847370971,-0.007427316664340378,0.20308523916699783,0.10313239477529257,-0.0022569088470887344
3630,-0.04057594587215131,0.9637386352560827,0.7145657454184554,0.03743736105137829,0.17776404252340916,0.3670298259077023,0.22921176542812693,-0.3715992801471628,-0.854160088269108,-0.059038105658066664,-0.10700950717146118,0.1195847084406737,0.014247273917717407,-0.027265188679991503,0.26542214009634346,0.4737293330880682,0.2589689913352826,-0.1758511402173355,-1.3328544974827325,-0.1223302349694193,0.03135080279448654,0.2364966850748197,0.03483446454877048,-0.04806421492667878
3640,-0.09901763617283307,0.9715955814307526,0.7172106884689738,-0.056593417910140165,0.1371756285995076,0.28695835419207083,0.18537064960519034,-0.16463546876468005,-1.3628985694840599,-0.09630155677788022,-0.052654443805055795,0.14013107543059522,0.0627710308417212,-0.10248334299422823,0.22776759023881854,0.44924436548871927,0.2304000829957703,-0.054478268786375184,-2.1666364427676803,-0.13065314086230573,-0.009072071931026882,0.24322358166906832,0.09764228924382823,0.05635171614864776
3650,-0.10340938363626632,0.9796834740425259,0.7227464782574731,0.06435171261844785,0.19046090200916788,0.3910364992180898,0.20960610498071308,-0.5621373919833679,-1.1102397946067235,-0.0822666960054883,-0.06562461284697618,0.1192208303188228,0.10497818669562986,-0.11247249027994077,0.26514165653573485,0.47334842929312815,0.25245425732489424,-0.3801140717907687,-1.9694951493937087,-0.14000302910479956,-0.01750044581818555,0.21438029041472695,0.02849645802540257,-0.04521870196639144
3660,-0.0029353224525205416,0.9552061076145915,0.7143525322012253,0.07158733956505536,0.20845074741926073,0.34110872825296656,0.19458369821086485,-0.2970361481612178,-0.6142039330132609,-0.06664946437765451,-0.08860955171742813,0.13790506256604596,-0.008405366556423877,-0.05707856310302728,0.2815525483426473,0.42977025934488466,0.24044233545622307,-0.07550619491790078,-0.951484728424211,-0.10879296440567754,-0.02495271800600163,0.23413874032829352,0.09404379521713024,-0.00250539352350021
3670,-0.04549538579341812,0.9629400966936547,0.7146744010791283,0.015488126174045158,0.18997846366351212,0.3843481762612939,0.20252079374927534,-0.29872434525282543,-0.827855627435782,-0.009290555987550464,-0.12340965370900636,0.12079100208011728,0.034318550398095504,-0.21875238624230486,0.2782837977521796,0.44232168830048624,0.23579129020380873,-0.12493410509434799,-1.4845609835681732,-0.05425875240901057,0.012457118337010131,0.18684021681704288,0.06513176199385629,0.018112322306497175
3680,-0.03857269477560153,0.9624994594022692,0.7127190122344557,0.026007318213007502,0.2421237397712902,0.31273273348366726,0.23174956384875256,-0.4804046247534388,-0.7134819066263607,-0.09364430450289607,-0.053657298784509644,0.16537903460427306,0.037638873082269986,-0.019689264653071303,0.2927274641741866,0.42760617228295716,0.2788629359230336,-0.27637715860441325,-1.385545445298865,-0.12652821188960672,0.005180518242159482,0.17708010725559054,0.10509005878711275,0.03712310515722861
3690,-0.059023368101640813,0.9686738231551177,0.7205991690849691,0.05518565445230206,0.18619540108569888,0.28987591530834733,0.21298163362540634,-0.31508055828357007,-0.8763800482184871,-0.04925789765192179,-0.04703717342566338,0.059520515566125365,-0.006058546900733486,-0.1484660797291828,0.2998585171746996,0.407938725225802,0.26028596977384433,-0.14802647042401995,-1.4864995128368004,-0.10367460102300097,-0.024301389072418855,0.16150958098038326,0.06615118930558006,-0.034211555066847366
3700,-0.10615715244628136,0.9836244668015373,0.7232794803221992,-0.013188233504006552,0.17504026467463318,0.3333133972108243,0.22013452960146274,-0.5767563899752426,-1.0466915677236344,-0.1162522147220173,-0.08882540545218909,0.11215339228052124,-0.0061016622744651805,-0.10024598269222573,0.2639948253295925,0.4480657145375927,0.260428509224922,-0.3047444212424619,-1.9076657038010656,-0.13990986159487617,-0.021310697110524135,0.2416968138053781,0.061170993763729475,-0.023606501707856387
3710,-0.1118510883897624,0.9817114490797165,0.7218032758670402,-0.01032247111544704,0.1520959030192497,0.33094279111995695,0.1796274262721631,-0.40254483128274154,-1.210164775540798,-0.021138791933259515,-0.06483228047026124,0.07351403180833405,0.04280855110008763,-0.18800982062109406,0.1953878284933478,0.44369732224279745,0.19043091517381772,-0.23532210154090905,-2.0129097713126596,-0.1055102947231581,0.015070433263077998,0.17339341243757644,0.08825158631132612,0.01666208111358214
3720,-0.0725638099664122,0.969029156089379,0.7205679168286361,0.07125233683196919,0.2694385900450418,0.23179120118057162,0.17117866997965403,-0.3146230474559557,-1.0389961984544591,-0.027288043195529577,-0.10694782406872516,0.13048549352659833,0.06538138100951829,-0.049267736596058764,0.37990524794516933,0.37764938787185665,0.21603551296369716,-0.155153159108256,-1.822976793188447,-0.06335921514332887,-0.037147265319675604,0.17448930238841442,-0.014137043057486087,0.01844919255077515
3730,-0.06895575393415496,0.9725323025650429,0.7247960564894641,0.01649916303764254,0.17259680662377652,0.3033132906804451,0.19359437419174297,-0.39868951192620106,-0.9349019160843692,-0.10407857077077409,-0.01754437691009536,0.08863761697407324,0.10884884250747029,-0.13719463710983493,0.2500762615667995,0.4003201794455452,0.21821208545963133,-0.2082936632976553,-1.5069903492044205,-0.15049686843129417,0.008516609090576388,0.16586934852505908,0.03139283855604047,0.0522416444585877
3740,-0.07563873033335851,0.9633501849888599,0.7199498775857143,-0.018926472619863244,0.1275473126590424,0.3263899187496807,0.2311598267795575,-0.26088672785176414,-1.1850081108056894,0.07888502310112089,-0.051591851652548204,0.12359685819384048,0.11440862572981525,-0.13357745412126643,0.19641946652198394,0.4463530595085625,0.2795084728457933,-0.13306406645811908,-1.9581776493663972,-0.01219014693157594,-0.001759304108181814,0.20087122648317401,0.04865476419033421,-0.0070261078480291506
3750,-0.020105860413332503,0.959279675721566,0.7157668522962325,0.05300290139360131,0.15465294204448565,0.368268280244039,0.18998927185618775,-0.27822609107449225,-0.6727171922055515,-0.02646922778531957,-0.09870517610906293,0.08557724807525058,0.10342334512518503,-0.13005226501126055,0.24186332298593816,0.4422922999305784,0.22330113794942208,-0.08015333788738022,-1.1331922946574724,-0.09750361453749479,-0.036596379876613794,0.20917137236287398,0.055583445453685765,0.004266943043417903
3760,-0.06314697526384634,0.967005190941445,0.7203688532302631,0.06326079916208915,0.13248525951753776,0.39526348632158115,0.2122092492457539,-0.2766356606975131,-1.1341706048100049,-0.0478845331244282,-0.10646909076228361,0.12941936933719267,-0.010070664269536955,-0.09158643694382662,0.195780738679741,0.4906990376458502,0.2531679655335467,-0.10934033157685974,-1.5907567061903798,-0.14192113225335756,-0.007013789177794605,0.24561737184951293,0.0182543036543098,0.0536048883180964
3770,-0.11145337391591256,0.9768540525748913,0.7282777026242668,0.03319812234479569,0.1355963598449731,0.3002539385324422,0.24552256951100027,-0.28357525494949787,-1.3396974579094936,-0.09517711120891059,-0.05566971277472876,0.06796864741360631,0.049605698393071274,-0.07139086060516098,0.20400019236046363,0.4120676941559318,0.27538140607718886,-0.09234928961269429,-2.1712298280607634,-0.15587717840038828,-0.01712188960412675,0.2115077668617702,0.05576137954706295,-0.04929604415070599
3780,-0.07289586197854558,0.9675208552399468,0.7193239966516906,0.0025886290805767764,0.16265809756163196,0.3581125700811433,0.17027511545261353,-0.2115700635079929,-1.1441228195272064,-0.03311380545499887,-0.08254660342962139,0.11056380762322626,0.06893257828214716,-0.10877555324112853,0.25876719366022183,0.46973868158880216,0.16976525076538795,-0.08793066356955936,-1.836703179723333,-0.07628767883981413,0.012056168488808083,0.19727214617332478,0.09491828056236462,-0.025411253576050674
3790,-0.09027204212492485,0.9733120449751073,0.722956837350697,0.01886482051705085,0.14018695856936958,0.33984901021869063,0.22056514564405738,-0.25362698927172533,-1.1885160724020154,-0.03445428182771093,-0.08121075526872579,0.09441260863766221,0.08142771027028506,-0.12072719628989836,0.19186489237178161,0.4020849146497034,0.2481319612539149,-0.11061647462513835,-1.853497535694879,-0.102785274798876,-0.030646457041431763,0.13244149284017281,0.07984311004549338,-0.06930447242120241
3800,-0.08867706627443461,0.9746112607356745,0.7186891862929261,0.10132732630245467,0.16646038687750397,0.4159300432159879,0.17956104027398712,-0.40751168390430315,-1.1804477631449655,-0.08387050424505471,-0.1023026920578527,0.10615347546653509,0.10805576706308395,-0.08565985676807997,0.2191458285411655,0.4715863413583733,0.21021475805308154,-0.2700356672768198,-1.8535248982972239,-0.16217371062887453,-0.025446635764278636,0.21167901177302495,0.08343356804190905,0.03520747335721919
3810,0.018465684607964855,0.9487448835791361,0.710989969471804,0.07460367449586403,0.1952790249004075,0.36763702960982114,0.2290836330023449,-0.24640685236279736,-0.4808339636516894,-0.09032893998754532,-0.09502456120574054,0.056621362391355734,0.11739133293149318,-0.11389794943234599,0.2794338924271381,0.459513046791875,0.26080109729664447,-0.08633402052704975,-0.7073136077811437,-0.13729751473803864,0.01177552749017552,0.1451038186802288,0.11371796839433246,0.034255378041931794
3820,-0.08124193430912338,0.9692389697941531,0.7141372558087072,0.10504928466778796,0.2401204766285966,0.22484567567368952,0.23473628749789044,-0.28184071228095964,-1.142851435537949,-0.05047741295189767,-0.05004992802024133,0.050103480210881735,0.03984839493554948,-0.14407750742683834,0.3243549308790312,0.3657562793606327,0.25665752666208386,-0.15334242868545678,-1.8507650100881552,-0.147382788428561,0.03695407633637726,0.13630451971888302,0.04428550949885046,0.055690160858213655
3830,-0.05266959988214262,0.9695424381488706,0.721093014593263,-0.0131074328053713,0.18755193484074306,0.25695670767414247,0.22750860094948078,-0.45155971902973135,-0.7528631488959496,-0.06147256511700383,-0.056988220710922244,0.08388040717088252,0.06560814879845134,-0.15968466378898172,0.29859352309573806,0.3800398761852345,0.28605272119254643,-0.23679616174594975,-1.3065617937773881,-0.09611233293630628,0.006684031613953034,0.18718741611219902,0.09353117137831024,-0.04451009772907244
3840,-0.09682149370722676,0.9753957068572708,0.7176729240407138,0.02111959579374656,0.2670457380867203,0.31113163018419776,0.19332274345725364,-0.6050855665589707,-1.1158897840068742,-0.040034689711453186,-0.027434434358057258,0.09539091097449737,0.11423294022585995,-0.05993671026547154,0.36547935830626055,0.44084431854886397,0.2041341755979622,-0.32496870498719255,-2.023494199136975,-0.08718481349558749,0.005846417781204982,0.16984230158653768,0.014517249068770721,0.047870155056944586
3850,-0.004318755158953583,0.9528189205304841,0.7090499561294621,0.10758955817638571,0.23331063650795147,0.4552007570484501,0.21325854942405909,-0.3286749826081514,-0.5885026418540811,-0.09057382977503226,-0.06214761580027339,0.1383103151531193,0.09335138437095936,-0.09603548835804498,0.30075852832477024,0.5469152517591022,0.2273391147383217,-0.18960510429655342,-1.1279642445034965,-0.16619359536116995,-0.026805084433109583,0.20126909129216752,0.08432981905700232,-0.01582427720040136
3860,-0.06899376838043872,0.967955753746528,0.714052654392289,0.06637392862539226,0.23483652572706337,0.34639149421475546,0.23019400834505888,-0.48264879272426087,-1.0056871429308392,-0.0657330287040192,-0.07278268060457505,0.08847794545568988,0.13293421165962593,-0.16458879395088033,0.31497385233470954,0.4578095954116319,0.25806253843700655,-0.30347419120137786,-1.7194991304604756,-0.13079835075746638,0.019414711860738065,0.24656879826506917,0.08830299091212401,0.012002374095816615
3870,-0.03334495022111822,0.9617366255033762,0.7145182460020088,0.06417964604290993,0.15076036273982796,0.39885896425170453,0.21458312962951742,-0.29890376204660907,-0.775764151967381,-0.03512025448647771,-0.10412259430189374,0.07757519790022227,0.035537728942367064,-0.054565214452303,0.2201382174845088,0.49155755226559317,0.25930644916554035,-0.15385230231920022,-1.2458363599527242,-0.08296600840641322,-0.02032928549297086,0.12968717355315507,0.034167637044718036,-0.00513608023757417
3880,-0.041624805075304125,0.962122975029562,0.718932150832421,-0.0015069731249601759,0.28677752683412117,0.3310967446414729,0.20740650207979938,-0.42008017858396096,-0.8675752245205495,-0.07019853199375437,-0.06665044383356844,0.1528463181648455,0.14625739038465269,-0.0671466717589837,0.3547346684151198,0.41935469069908404,0.23588502459932936,-0.24009125942422882,-1.4193639693500502,-0.14705550319130722,0.0038208273561288753,0.21911233532892627,0.15447071548537006,-0.08621489478887323
3890,-0.03845025006195021,0.9610748276630663,0.7166689230832598,-0.0012284110096765222,0.19099085930207627,0.40934117434443895,0.21170907847987752,-0.3204359650103028,-0.8035542654689114,-0.08518720161095628,-0.06248522437880788,0.09975645671781419,0.11753826460910743,-0.16712846803197112,0.2499073962391214,0.5352823960211084,0.23628327309320696,-0.1318696916928601,-1.4210296997290595,-0.11502245821738244,-0.0025049723800794066,0.20921291653527985,0.03318078400554503,0.009788506881477255
3900,-0.08875363515721463,0.9793943224877059,0.7268403334806057,-0.01373066128410727,0.15993356018509952,0.20458870694982423,0.21230020626786839,-0.3211326839228026,-0.9486727426941521,-0.14208596294663378,-0.03655370981501527,0.07034570513891525,0.03483843296250089,-0.1884003141078574,0.24884770020276636,0.30985917874230373,0.24877843554034396,-0.1496071270130821,-1.6301601113348902,-0.1991987330012066,0.022317638073934498,0.11368834329644817,0.07207955296870949,0.06813824748952602
3910,-0.0804274391583421,0.9741974260313849,0.7273815537379845,0.040824757352665886,0.14345886092500704,0.3054278353550628,0.1586057060459546,-0.35849956222953616,-1.0505880509174452,-0.06087974594631507,-0.08990678937552499,0.1576664556560351,0.06664281265195027,-0.10802115369762388,0.20840679318391908,0.42045938415078143,0.2209209565988235,-0.18770090333868183,-1.7496787468474349,-0.12641578956589594,-0.02915341771170854,0.24976184460798234,0.08116749816937163,0.01852503260742866
3920,-0.0748741035863447,0.9719607419346855,0.713711725630546,0.040429581292916295,0.29930814044310117,0.327891356691863,0.19625325183838382,-0.396482108980609,-1.0338857802336614,-0.1167678276119708,-0.044340320185483506,0.126302372491381,0.059953652641424826,-0.21133059247488672,0.33559491168265343,0.44854340853921426,0.23933893861209876,-0.23978527396164884,-1.6716769218189218,-0.17251168115649063,-0.028262553290385295,0.2120897339584581,0.10581661804019515,-0.048835081830870486
3930,-0.07407152078138392,0.9682064038683715,0.7188066146246059,-0.038531315595913274,0.20755423674262474,0.346698947417326,0.16177349080547965,-0.322140218900163,-1.0492042703911948,-0.013838735161561422,-0.04115714996306097,0.10252414638872209,0.08215730067833249,-0.0805460260669717,0.2982659613253513,0.4535139415746805,0.17888501859963957,-0.16502147677162027,-1.8688112578720784,-0.07320385155463449,-0.00707484521226065,0.15277035700408814,0.09853371251153098,0.021350098032621223
3940,-0.006535468629323844,0.9546718779700604,0.7140505141011017,0.04674987381390694,0.16347898491884028,0.36254116696779815,0.2143252201474155,-0.12754194601221158,-0.6471950490803464,-0.12989339421817725,-0.10718544230925686,0.16404549799187818,0.1100024660017328,-0.0983664674347664,0.22343861860321268,0.4447280943757692,0.2360148946233871,-0.012946357489870275,-1.060819815500758,-0.1773852533309177,-0.01266704846502642,0.23927271095886327,0.056025830204537996,-0.023867425981811907
3950,-0.017541911776748405,0.9570941951405209,0.7095335537063252,0.046060195490321254,0.1482751827980323,0.3430867607140998,0.24133607354797115,-0.37052910590126387,-0.6228783981627632,-0.09878015378249039,-0.06599760703859059,0.12765968376051928,0.10720370829272163,-0.1024729632267849,0.24653228960657358,0.39618993336284736,0.27587054908121045,-0.16617222398344134,-1.1291900798665133,-0.11674429172992173,-0.003855471920404918,0.18285018731379643,0.11230258625492462,0.08087299807743975
3960,-0.04407572399098116,0.9638686574799427,0.71907352562523,0.08910587651773672,0.16598989894831162,0.3587877773224837,0.22487930062539574,-0.29268701097000216,-0.8473822037508214,-0.09350481709111413,-0.09534742184755585,0.12284390461865258,0.13298386355522807,-0.12230767650349272,0.2509363444609375,0.44892409612928497,0.25966463041481436,-0.13281713234225268,-1.3734591912702334,-0.12586293087414457,-0.0593598257187673,0.15826642446815542,0.06514439081446688,-0.06038850131768769
3970,-0.08690478263090845,0.9720257869788825,0.7121308324278326,0.11239902614185315,0.1789978618751874,0.3900823053643325,0.22734020251931952,-0.4020888662614015,-1.214018238874126,-0.12290195674948845,-0.1343193989375333,0.18002919298706022,0.07096464723882268,-0.09608638120653867,0.23028680855074313,0.5088813501531653,0.2574689968046717,-0.19376353935229895,-1.9383524346441114,-0.15280759754595286,-0.040611540537757174,0.2727273562174808,0.07176971823063538,-0.030997947223140976
3980,-0.04082653722718998,0.9601166297799466,0.7120855131331391,0.047527942122735034,0.2628216311699425,0.3505191078221591,0.15165521004547933,-0.3515856788677856,-0.847541284408023,-0.08165140159231554,0.00806996801121962,0.09136185829243681,0.07768967281321038,-0.1392174935625441,0.30868082278019027,0.46173883229319945,0.22906049910373572,-0.1283250465846686,-1.4926035538331517,-0.12509531153061548,0.021147638220004317,0.17061743186012068,0.08760626046677444,0.04016561360690696
3990,-0.07434658841164393,0.965326349712124,0.7207917432180049,-0.021522355635433144,0.26184491891279404,0.2862208406427903,0.2844795667916479,-0.21628632540759418,-1.1354265017996394,-0.07182489520576252,-0.11298454050168028,0.1034385194055919,0.046515474435901316,-0.09049694428440214,0.3080977863983668,0.3880636119167321,0.2916669788897398,-0.08104066912886299,-1.9241193447151006,-0.1218530910128639,-0.04754123148622247,0.19711604085914147,0.0996462205263845,-0.005272416246050682
4000,-0.0613724603786581,0.9644792741268936,0.7192541817702007,0.06888231155919089,0.2412916533272763,0.3446953387964232,0.20118737234865858,-0.3402361722201168,-0.9793646253545372,-0.0966821267099689,-0.053997250647462414,0.14458506918281822,0.06563810560084316,-0.150661725079007,0.33302265826072663,0.45567573752936796,0.2469371586219995,-0.14423954212029821,-1.7625173441837783,-0.14449616427222378,-0.02262419109368219,0.1986689783358503,0.06604230868933603,0.03937078147676376
4010,-0.11779227900463257,0.981497277514558,0.7284213591835589,0.041232715026223055,0.2637100312037163,0.28133082738328585,0.2086221078373357,-0.3594800136346279,-1.3780873839814203,-0.13799706573303872,-0.039484958385018976,0.1230587190295882,-0.03404496959858516,-0.09330915810287865,0.3406156207770621,0.3996575021773612,0.2603786963521546,-0.18105460962430753,-2.0874475394599084,-0.2062210966087532,0.018478430771664778,0.16802507356159768,-0.008754741668021815,-0.052866046420713575
4020,-0.024316106659289828,0.9560513650559945,0.7122391611528227,0.05405625841681261,0.25078811065012085,0.37549465389793035,0.2221764505510928,-0.1335569829632417,-0.8025967955498072,-0.04849794450838152,-0.08244617437245383,0.12166018302989212,-0.05282244053645857,-0.08760518004649742,0.3268672187070496,0.47844153371540865,0.2514758873598846,-0.011944562847945095,-1.3408325172503113,-0.11103339106543508,-0.033544517877915236,0.15659559639967013,-0.002371759560903852,-0.04094186599359717
4030,-0.060939511720116094,0.9665812550317064,0.7217637423568137,0.05522516203124406,0.19964917912032998,0.341020181556831,0.20227503826238968,-0.1403577580216886,-1.048503422624968,-0.1144793467365548,-0.13260449896846693,0.06821083888828416,0.04031167810218372,-0.1257920574242517,0.2780089955663868,0.49858553220651025,0.2792755773281985,-0.01839505869978364,-1.59877886427159,-0.1580213323847841,-0.04943578457249065,0.14057851789750397,0.018481357157634215,-0.01498368053535537
4040,-0.10891642360195089,0.9745514777247356,0.723316109348775,-0.0310191383374836,0.20530612748708954,0.3437621300781205,0.19501484111601464,-0.25999456719087455,-1.3976711867046268,-0.034706619249888604,-0.1319320780798321,0.14442579869354422,0.10280404366199658,-0.09465274608770691,0.2693315525629587,0.47563497868855786,0.23246417120490126,-0.11290737434163933,-2.258379316758798,-0.08694177981953866,-0.01651550334381957,0.21045627018057667,-0.015916721062603667,-0.02580777833791781
4050,-0.030299225860392437,0.9571885479084942,0.7090031792021415,0.021446884834486757,0.21129592445025924,0.3714527004225179,0.22832150188810318,-0.2898918771963086,-0.8356875661987784,-0.004916226645456545,-0.06359785846137833,0.12568785547459627,0.014170045886947147,-0.10632661794776377,0.3064898862420442,0.452427195575519,0.24960202985040836,-0.187071621992704,-1.3635611443793385,-0.05709229227997903,0.023157551794130482,0.21346716443452474,0.021437805614378913,0.032904915565549975
4060,-0.0728561088397571,0.9683896311760674,0.7172651272083033,0.02643828581906904,0.22590573943438974,0.3406918450561537,0.2143700903883724,-0.309569053417998,-1.095249775368551,-0.03632195237359159,-0.10651485911351743,0.09217883443707309,0.03529280251478406,-0.07610748612066498,0.3054271514746951,0.4705676984831503,0.22709518947581175,-0.16863373279497162,-1.798505827314087,-0.10265597248556091,0.002481908531231203,0.18695087697126855,0.06281435248683909,-0.026634401718794276
4070,-0.06084609409643752,0.9662389281902007,0.7225017560184307,0.08845296856047091,0.235682246095689,0.32912536416635885,0.2361017248761138,-0.3125194032742413,-0.8977309981935067,-0.022568376963711057,-0.04968495388606775,0.013266120643996016,0.05880082538610398,-0.2127836834321668,0.32347867687274345,0.40887772762576047,0.2582908641684225,-0.14718982536640945,-1.5929938646634287,-0.08013911725255518,-0.014700742451158932,0.10645502868786083,-0.001352796434183512,-0.004635761191278398
4080,-0.05962026606042162,0.9606621136812541,0.7183936171754562,0.079578889514342,0.11500712224233367,0.36971471225479247,0.20395358969921662,-0.15142419897709125,-1.1310236361988468,0.010460153491581914,-0.11203252817766685,0.05457337617442948,0.08737066621541323,-0.11061308815910675,0.2075934888099129,0.4873246782703258,0.2615524153669775,-0.03221224525784572,-1.8004391803511988,-0.06783848330933862,0.004327581569782413,0.22099859953959888,0.033950427963525986,0.017152072050007794
4090,-0.01988613897807128,0.9558671600656623,0.7166058079373232,0.08041056578538897,0.217108276962386,0.36454880865274375,0.23829206575971051,-0.2622105552004126,-0.7543786799866214,-0.16020852006187347,-0.0594399827059382,0.12900732022442463,0.1376262441716667,-0.11741116833595511,0.3139403587532559,0.4733068931194183,0.26150336741122915,-0.11452125922908785,-1.235521194843189,-0.19044233415835365,-0.02924483915019005,0.21101553685904306,0.10632932288422048,-0.027319145451362825
4100,-0.07679729201733933,0.9682988414536413,0.7140755203285342,0.06814090557698316,0.16051769796699966,0.3885305800943385,0.20828667297054637,-0.38970654201394095,-1.071631883296397,-0.046733941891332176,-0.06607805813132384,0.11544220708398034,0.06841781272549219,-0.031132699698921185,0.21010755681666604,0.4652249183348576,0.239757557541047,-0.21416114293646582,-1.9057299082902466,-0.10812425026602068,-0.00570659852117239,0.20283090111419577,0.0948587181352335,0.004146364321354512
4110,-0.03633113294908051,0.9596616768934684,0.7215494965639565,0.021238074738258672,0.1636290905139296,0.3277495601676844,0.24037690238809217,-0.2240690320976808,-0.878639733495143,-0.08518232960885896,-0.037884762485045353,0.10559954838935859,0.03152951854165564,-0.1442755803293605,0.2727955960438996,0.411695021481557,0.30814540386241607,-0.05560883778258141,-1.3232740721828629,-0.13431615331724656,0.013145453399084572,0.21620288384933462,0.06660561131950427,-0.05841595532668653
4120,-0.028217496173122927,0.9574058249761414,0.7059126545777621,0.10262492369772125,0.24686254710021982,0.3636319374729494,0.20167994472638584,-0.28012222934065023,-0.799177775494522,-0.07946132940944328,-0.053398100142958205,0.11374127657108557,0.013739604530174865,-0.016149717578198164,0.36555738768364143,0.45237860181561373,0.21595245090303095,-0.13787447008380904,-1.4240973861155957,-0.14802974214281805,0.0007272858533836635,0.22101470985099225,0.072902671105881,-0.02507001063866654
4130,-0.06320121134259594,0.9608890462460336,0.7136272733932293,0.019485603414872377,0.1947245562436376,0.3419815123293005,0.16408272667571677,-0.25333446719006747,-1.193407062002493,0.011624951244207038,-0.08785037041832688,0.1444662306942286,0.05515467052855605,-0.0001419190369142953,0.2763303606711929,0.44872979844981664,0.20950198532716424,-0.07349910998314924,-1.9093510511544092,-0.037629807741616395,0.01144959826116787,0.23981898892317943,0.07630283456105347,0.03433453200836867
4140,-0.07049426605896299,0.9678066282790613,0.7157404784135977,0.07228711481518468,0.20270599326606453,0.31007091444981816,0.21681407332642944,-0.2439606857045964,-1.0240853282340812,-0.07316533164316175,-0.16074830136719864,0.1178238640227649,0.1037857203988326,-0.16536045761834606,0.2781623905298105,0.44229703006883136,0.2554303963588753,-0.08562865122070296,-1.841088516549918,-0.15355624342327667,-0.006137853351090294,0.2391218106965154,-0.009427663348325677,0.044280137289347765
4150,-0.015595671164699752,0.9596934020268344,0.7119540164866582,0.031521826941233066,0.10888547091528467,0.40185395380232813,0.23799679491897163,-0.34118048503161225,-0.5299392131630722,-0.06163540903819986,-0.17009024430268105,0.1597032919099678,0.09498573502582919,-0.16228393891560922,0.20277732251980995,0.487796320002437,0.2858253436902991,-0.1788173274521614,-1.0728224330081524,-0.11548429060634535,0.012279352930904541,0.25815326162934693,0.07449688129683807,-0.05153130852411114
4160,-0.051181140910078395,0.9626269320525187,0.7198065326835061,0.019608825590605394,0.16586874132873974,0.3010823471285631,0.23093148552418175,-0.22360341037729747,-0.9650370246215683,-0.027489497719398903,-0.10014032130003114,0.0894956395842198,0.0196269098613725,-0.1367140552065771,0.2427402747692955,0.43185050546818293,0.26171206183327467,-0.06431027034135761,-1.5622600264442372,-0.06961601632420544,0.012270939861437236,0.22465738927441203,-0.0015629662888048124,0.07608450928754706
4170,-0.033842925698689484,0.9623585568947126,0.7196193580332798,0.03542767011790071,0.07651850433841434,0.3263409331544409,0.26880999795810645,-0.2930937704576604,-0.7867749347648219,-0.08042271625489628,-0.0713371513341634,0.10847518877261653,0.07087597232702147,-0.014857103753943779,0.16758530804312588,0.45262459510491915,0.31884053851447136,-0.14103831559659796,-1.1809072577182085,-0.14131747661867244,0.0107291991836731,0.20513382854806883,-0.04214277800545463,-0.00017167123081862634
4180,-0.04530478518603539,0.9592396330414342,0.7134695454920764,0.0327484083700178,0.21863492052204914,0.3432178317680922,0.22406425888258608,-0.24703675106780376,-0.9586673823534828,-0.03305425861658251,-0.09792531356144751,0.09553107160213514,0.05368481656296198,-0.06228241292829306,0.30478809970078247,0.45419480937380996,0.2670414131397978,-0.094788685703461,-1.6298902667911497,-0.1095676037019262,-0.05968912693897099,0.20175938799007087,0.08408763048386869,0.06174866436020232
4190,-0.025455436313045716,0.9582280340469772,0.709293949612582,0.029932150402747437,0.17881870701426783,0.34985449487715814,0.2187854437354272,-0.19176532142748393,-0.7612409769611246,-0.07137167407235046,-0.03277334821698141,0.09387800961855886,0.043108614528189815,-0.1147202546526942,0.2686428073784338,0.44495661575103007,0.2582860576221817,-0.054040132908302674,-1.2331920020970712,-0.1334386000777994,-0.006409297140016923,0.19177110053986945,-0.013922100673686488,0.00027554418568709327
4200,-0.0914740383467766,0.9705803570903985,0.7156992333906212,0.02976322477384652,0.28157928906393326,0.4332912027137542,0.2199953258733064,-0.4024593777103913,-1.2745111559098938,-0.028106784065591972,-0.08292653053422039,0.12652810822744232,0.029753584502122288,-0.08473830175306896,0.3183103567268384,0.5127714571600666,0.24018673736482932,-0.20633971289306596,-2.047430687816333,-0.07366820219489578,0.005217058150272624,0.2051211215039972,-0.07135877707481342,-0.051932741390442905
4210,-0.04670441679422558,0.9690893019359859,0.7168192166199099,-0.01308445116126733,0.1460369705214809,0.3963005966242794,0.17352671723082647,-0.4301104871065795,-0.753995781644988,-0.04206621998944571,-0.13738642836439152,0.08983073716836276,0.1450133741155839,-0.02256466610749097,0.18768774561597712,0.465473914317567,0.2168933892925945,-0.2518419537417971,-1.2590268557469262,-0.09591035589163854,-0.012266942583854634,0.12098301941703848,0.026876359926236826,0.06883856542969502
4220,-0.05416186315157238,0.9732182793533236,0.7214936098639372,0.020813105398801435,0.1407310032291934,0.39235318858492785,0.1535381861491678,-0.48142479288726414,-0.7470151025148779,-0.09817066671115549,-0.11167163366834343,0.1460149252521753,0.09008296975722474,-0.055274067755465284,0.22013688396179687,0.4639529580115692,0.22151090779431037,-0.259968417661925,-1.3137476766361873,-0.14676126684374302,-0.021829558422085782,0.22925359316420624,0.03741660582690698,-0.01734027021225315
4230,-0.07204881562307881,0.971281218401811,0.7155157389670306,0.09502405312987672,0.23467710816365517,0.33351982727138174,0.16070982671686806,-0.34543620418611454,-1.0322756509519704,-0.1578975397862965,-0.04690978692632508,0.07960235545846617,0.0822036323277966,-0.05448347162517764,0.32043440734598516,0.4487632586383108,0.2264365841216175,-0.1638863748346675,-1.6510721229316703,-0.1763855709877633,2.110356018747428e-05,0.11737831455573278,0.05476714868461574,-0.0382160258291635
4240,-0.06166893849334523,0.9610462003816429,0.7155365988662344,0.13360294404301254,0.1782422305376513,0.383091109433336,0.2420652587514318,-0.32237207361622655,-1.1608201388166028,-0.011243204096923032,-0.07087385523004874,0.07008776309206044,0.058193393522994796,-0.057131355314243404,0.2479012032848812,0.5184979060449574,0.24491799246624912,-0.16286411467163409,-1.7785386241768237,-0.06775840744033212,0.0009541903051172307,0.16603304351846904,0.06728756213664844,0.025679467865775463
4250,-0.008130457924411794,0.956153280087693,0.7117417299498541,0.13382688028624268,0.20591141940371394,0.3863748493384912,0.2524617228660099,-0.2785914913803471,-0.5525934259416203,-0.11499123313716964,-0.08309014580681051,0.05344313180179061,0.12740252071179614,-0.1616582022696873,0.23280620101125682,0.4503250057308682,0.27163086215947096,-0.10314115148148617,-0.9850806217720269,-0.1756994960366567,-0.025154108956941368,0.17163215489741512,0.06820050557950996,-0.04475499341646705
4260,-0.024053321451130927,0.9668784255210201,0.7184701195897835,0.04985327908424786,0.16605159494288624,0.30858178718686413,0.22654841874071519,-0.33289925427181766,-0.5160662848702688,-0.13592379867439308,-0.11369637026970003,0.08979560894405991,-0.007665967267835638,-0.10819131331004517,0.23778677750163968,0.4478752194856864,0.2836526621069233,-0.1599961898414044,-0.9510692754767371,-0.18309963339941637,-0.03094601292650001,0.22496795537237657,0.0014066879355023598,-0.002085641466532895
4270,-0.05384136270889259,0.9671274855618957,0.7164943690813753,0.0050362912105264,0.14658864578375197,0.3040750179216676,0.22608183923349578,-0.3442232121333155,-0.8191134150948891,-0.06295204458989234,-0.08584211989939061,0.13844983079482132,0.07899385541708104,-0.12568463994967538,0.18217393289532413,0.41964721824148565,0.2620827184279614,-0.12869521369966908,-1.461600991980145,-0.10155670741347933,0.010527615893483389,0.18061981285275353,0.011651064834012681,0.033071884367347204
4280,-0.1299442126975904,0.9870555442965396,0.7241380001217977,-0.013491207235392766,0.12680257325430933,0.36603557970677036,0.18229956438095607,-0.420914035861218,-1.3935132820011762,-0.0654469048709263,-0.06931497046194002,0.06511303995598983,0.08174034356885718,-0.13546937824625216,0.1851236032239536,0.427895458024122,0.19083157105304538,-0.23382182857246692,-2.0780188509049444,-0.11696243459073741,-0.01410269590397717,0.13916226455370084,0.01290798109681135,0.034315143181116725
4290,-0.12195886617666093,0.9778285047050608,0.7251689914899152,0.0726391622517032,0.23322331853519118,0.3251985313136192,0.20866870024653295,-0.44033891601250663,-1.264365720490364,-0.031125372156097564,-0.052750322624355084,0.010233269001477252,0.12122061324989708,-0.1298647799549315,0.2757822669052682,0.3881723512167675,0.2426488039935949,-0.2129866193580634,-2.392269386525695,-0.07145504350989529,-0.018417500578096657,0.08441593576319939,0.04854031140811643,0.04169420761475828
4300,-0.10039283563434663,0.976195732817108,0.720685700632625,0.03545532036317545,0.22453768305987754,0.3434459521850248,0.2006567548693725,-0.3186491181527489,-1.217794357657334,-0.10114933144331895,-0.056909295070711075,0.10344001990735718,0.032767093324802876,-0.16091143508024763,0.3137529837374071,0.44894252001177826,0.19472007638203725,-0.16485802296596108,-2.057770746882295,-0.13591970777536155,-0.032299793422909895,0.20699256830296175,0.058769104101733305,-0.025467816115920083
4310,-0.04272602337208032,0.9641030602833365,0.7146728413384696,0.026204670700909927,0.20447948992299092,0.2899525480960755,0.23624285572580872,-0.4198615513469732,-0.7892736820108153,-0.007842568716476928,-0.050772604299289315,0.1437212742889129,0.05155551683291282,-0.19766235189642023,0.2883373292195398,0.38398013478810844,0.2712694553788534,-0.226138963884571,-1.2982405247993478,-0.05759129116559025,0.008942543479747211,0.21920344365437294,0.07783060939718944,-0.05158282417962479
4320,-0.02428886646078904,0.956150351052509,0.7079368046349034,0.06227428665264778,0.18041964990060178,0.3803385616550211,0.19831263031752544,-0.23777751474712683,-0.8133818860729454,-0.07759400544447792,-0.0839671298695801,0.06970117184323577,0.03937064892166775,-0.02954832894724624,0.2839066474729135,0.4536256614834737,0.23198454037444582,-0.09231726809917018,-1.3432746846382262,-0.12009322808041145,0.018282942680722836,0.22197347579498428,0.09934600662179915,0.048351626503575384
4330,0.014222563165044756,0.9468606303525453,0.7050429129370115,0.051689038617057315,0.21688057096693936,0.3578420359169314,0.20750728430080323,-0.22714423366413583,-0.5893970925027063,-0.013956824434387283,-0.05380780125894846,0.21137630650972894,0.1139479896587764,-0.153964389866728,0.30637773260909507,0.4757850224044764,0.24523482114901196,-0.10127308509783028,-0.9113355547423305,-0.07249163445088502,-0.06447673248322738,0.2744367690653794,0.02865861962041294,-0.003215015851493641
4340,-0.04002328650829936,0.9608354407227407,0.7144749006394839,0.06815131935901697,0.16413996046869894,0.3903486102972925,0.21119093915299347,-0.3533848745062773,-0.7877902573139559,0.020998489355661065,-0.05945445476074673,0.1326681139716943,0.09187935589856155,-0.19744183149078154,0.22996507865772653,0.4915179367723317,0.23419154354135407,-0.15899909211633134,-1.4550736999865155,-0.06470138687520177,-0.015710821819072907,0.19741433440788625,0.04194789816281064,-0.022346177851431337
4350,-0.045468763953846913,0.9588909352143261,0.7121851410346822,0.09820330613369732,0.21011968129715952,0.3837099318941165,0.23470423264759976,-0.3315562460021573,-0.9317792122479238,-0.01975602928907838,-0.09179265119673952,0.12410071833828729,0.04887393209812285,-0.14333064702503662,0.29278924636307735,0.49803383171810656,0.27493731312599967,-0.16590270249673766,-1.6137329505758187,-0.09719348358869029,-0.0004868294847448773,0.17720201984641026,0.06913189089000693,0.028880604523558118
4360,-0.006383405556293697,0.9471011809315142,0.7060456295426689,0.1227144129306108,0.19245366237348094,0.3735924031105906,0.24325109118169108,-0.1826257742793016,-0.779546750872844,-0.03777218356612111,-0.01481283773067843,0.155361762948097,0.04742980845444911,-0.08786846434753848,0.25532259446593486,0.4536802763879303,0.28921996770214164,-0.05443716303917112,-1.2824795836883225,-0.10038910138399282,0.009760644541816244,0.27847398613563945,0.030153035348798873,-0.04553330335537842
4370,-0.0631623861937338,0.9660002791950333,0.7128865534371298,0.044686878876432634,0.2248530603461959,0.3307325489464614,0.2068251153738001,-0.3737700926657628,-1.0748338042928927,-0.030999660550199648,-0.08600644789966916,0.1550573795705833,-0.00909812951710065,-0.02587125231029974,0.2601980330814624,0.4138762110501588,0.21611923166712688,-0.18389005667965974,-1.6958227462509639,-0.07786289212628361,0.02800215667724859,0.2681203454775666,0.035393022091550375,0.047880989065834934
4380,-0.08227826294530947,0.9637416379867794,0.7208465476074405,0.08814446217485594,0.22488204737847384,0.3442112820598502,0.2382161256757127,-0.320296902758338,-1.2777254833190503,-0.04917995773031025,-0.09019060243006738,0.0857305157960847,0.07307161007365648,-0.05444355152031122,0.3185879296492701,0.4465510830531696,0.2815033501256562,-0.13085996922786602,-2.1145144421897144,-0.0789758986874427,0.05174443456835931,0.19009121574209253,0.05755889444386153,-0.0119496647294417
4390,-0.024692958880550092,0.9592642369056035,0.716071134109051,0.05515076683707354,0.2699739884051,0.32059939338703614,0.2057044884351935,-0.3497133006808224,-0.6345314425357098,-0.06471875986939524,-0.06260789536352229,-0.02017915962433192,0.09655082898420575,-0.11588877871745473,0.38784085096960785,0.44071483881075524,0.2642413245845521,-0.13994222420868097,-1.2215148211518416,-0.12178814267074278,-0.027870621298883735,0.1005463052153619,0.07841917948050736,0.020461044520440064
4400,-0.047121332738149044,0.9614945515305033,0.7132139007028302,0.007060665732150584,0.17866133722352318,0.3591095042469695,0.23135644151173973,-0.2827521554335002,-0.9541497722763514,-0.07904767948114944,-0.0870014889766002,0.12891466676610663,0.1256698605684341,-0.0915839238925864,0.27856823844108247,0.44922755731769604,0.2673721358355309,-0.12420257752147101,-1.5096066607288163,-0.14967920767107445,0.017503748948680786,0.18093475679634807,0.07693210753942248,-0.012835542447264592
4410,-0.06946256673876479,0.9685371506664597,0.7229683542477335,0.019356993135837164,0.14849329042886694,0.3087937061487285,0.18045985086706962,-0.27462106793023167,-1.0675941413138235,-0.08817401366829714,-0.02750823443599182,0.10148082805181013,0.10345874933796417,-0.1608553521123477,0.23268108938193166,0.47154161836905684,0.27447508862705206,-0.09336935174935035,-1.6190723094480122,-0.1567012922002302,0.030273647300187334,0.1344809920473753,0.020495530165841713,0.0031904774825020077
4420,-0.05133306668384444,0.9640829421814316,0.7196105577070211,0.0888515687039747,0.1252327858205261,0.3130657024946706,0.2326345816406693,-0.2858964415545433,-0.8586810107792409,-0.02701401142015225,-0.05758062655690033,0.06851582307603232,0.06099755974724874,-0.15782745641038076,0.1579137346885946,0.40919457518683044,0.2680298270443917,-0.15322831105560697,-1.4654807394364782,-0.06339346750877772,-0.006670654163150047,0.1424782634850541,0.11835199222873571,0.012511904407768948
4430,-0.01788780155487645,0.9567409312037111,0.7100811075590295,0.013215251845248188,0.234985745217428,0.41787458334770333,0.21023004240844967,-0.3481229993183663,-0.6338000222983706,-0.010784295074458328,-0.1165122322015244,0.10970857274320889,0.0912933442837024,-0.1514948953906199,0.33049006877255216,0.48627614583955414,0.2408021434940668,-0.16004569543023073,-1.2108801156988562,-0.05844506304572117,-0.017064268937812876,0.17620700348471796,0.04164525219657411,-0.021222398889650496
4440,-0.11119573939251676,0.9817314070888642,0.7267639364756809,0.036099147270855836,0.19429216400828098,0.3407578142791188,0.1928473595985728,-0.3849810187701237,-1.2018658389752463,-0.131367545986542,-0.11592813188876194,0.06123041462202927,0.0050214154994701055,-0.09450274287590221,0.31725457602214413,0.4416670821675279,0.22799358167860684,-0.19109923535604212,-2.0449844233277235,-0.17045893033179316,-0.004381214983621762,0.10040621489606494,0.06565643507385288,0.021232350136380362
4450,-0.10800832446706093,0.9743880614371626,0.7227423506197009,-0.026825676761760286,0.18748910723119772,0.4067576805637416,0.23762798597458312,-0.3404925885009471,-1.331790735421932,-0.14997625619471222,-0.042257284953462815,0.06371680199052521,0.07158072007103544,-0.13392085293460299,0.2654426179364492,0.5059248584532294,0.28682241198018055,-0.14245191168258087,-2.2086699949409523,-0.18928213129836702,0.002824697426536016,0.1878763539599163,0.06153865574390727,0.01989072754973642
4460,-0.02752581335137106,0.9600594317585063,0.7158694810400266,0.06622126278731666,0.1830856969610849,0.3481862338632209,0.22984285617614764,-0.24803749376961415,-0.808024450883408,-0.07366628341568116,-0.12176740882966075,0.06937377553524082,0.10970842951951176,-0.06646480291756607,0.2548910004406655,0.4798414554196574,0.2639239459427901,-0.09833291771436925,-1.182067902393694,-0.1465254791315731,-0.033574042391786296,0.163434411011255,-0.006799369380154019,0.03870900279182388
4470,-0.05296677487839013,0.9546655121674884,0.7052243966113895,0.06761629663544144,0.2222111006176294,0.39865266735641713,0.22819037877826476,-0.2266669154746357,-1.1549176517766884,-0.042185784230212686,-0.08006081767901851,0.11937029617446149,0.14919961050674646,-0.09606649493579367,0.31620341987181666,0.5364725185534709,0.2529750518180205,-0.061413316754797664,-1.955900103342509,-0.08886905897051744,-0.026736721424838628,0.2584113184720147,0.09375284483344326,-0.022540911474907332
4480,-0.07875097060556623,0.9727605007470371,0.7167819822180478,0.03574427153382054,0.25706431894738635,0.3835788349707917,0.19979903478679328,-0.3681626243466165,-1.1362251481193253,-0.12486377856029462,-0.11185490858445868,0.16013796148520254,0.06324184441733094,-0.009916023392251727,0.35171307363204796,0.488674480885104,0.22474035097189726,-0.18558177873588622,-1.769016487095607,-0.17471484109257673,-0.02605022977534155,0.21594817144017042,-0.0370153204577075,-0.09101158562736988
4490,-0.04014841678347852,0.9651648256620964,0.7181686765009324,0.08672012078116409,0.12283319259206216,0.4110993363491364,0.2239236720309371,-0.2892659384153349,-0.7046170844885755,-0.05129308490743556,-0.14235515131397314,0.048503870879173516,0.022362488387781543,-0.14486651352079294,0.22310077385803306,0.48755723339817647,0.2587018128561631,-0.12749853970964398,-1.3283731253505455,-0.11890542655486258,-0.04928400205069483,0.1534142204175083,0.07187798677403234,0.0032474055346417563
4500,-0.05279038652066269,0.9702920172387496,0.7183385289982696,0.01222840810442083,0.18466552647584278,0.2648768161883236,0.20113379302483958,-0.2868576268256593,-0.8295163413774032,-0.1106263146336206,-0.04738349003766418,0.1307251653896102,0.04369058085481281,-0.15981533258370395,0.27023037043467923,0.39559966170332095,0.22403245333693422,-0.11524465995824618,-1.3098897400248348,-0.20853538195043053,0.03145682213542089,0.19422738154958052,-0.023235402441085684,0.02963919370094603
4510,-0.032566927538815085,0.96360341465109,0.7161727255189331,0.11614026898898067,0.11328080267381568,0.3758858869690539,0.18657254165195925,-0.3158836084456407,-0.7305876315330677,-0.0579499968820254,-0.07731518937232762,0.12487810307371239,0.09999383822601371,-0.16311263886056881,0.1897956820450566,0.45388930788312565,0.23007260148137265,-0.13389928973335796,-1.171636451443589,-0.1140186788254014,-0.038375712917051885,0.19015373880322128,0.014421348830664704,0.02378959907093714
4520,-0.025021747869330386,0.9554674364780513,0.7172100538735107,0.10209005813556549,0.2386579773296047,0.25837224959079763,0.1956068859480884,-0.2462633541945003,-0.839397027601454,-0.01766849813549376,-0.06525227364878261,0.1705618399596628,0.07222323012085119,-0.09731717879965274,0.31059369813354953,0.3572267760666695,0.26169879451047784,-0.0939421213897691,-1.3293928692303463,-0.087764899859885,-0.0040882726907269795,0.2395403412899585,0.01752261660784804,0.03153532260159897
4530,-0.07025600172964284,0.9665449323151121,0.7229469402897707,0.039242094572148445,0.134195188260272,0.2854762108714163,0.21559496658072863,-0.2972818718559367,-1.0926628152995854,-0.012909774647444916,-0.0509210533807567,0.13731977154712205,0.07785171311999162,-0.057440538669311314,0.22486885701805637,0.3591962171155827,0.27645771076510806,-0.1710649184537547,-1.7416157707402213,-0.07296073574581374,-0.019796123964570755,0.2001102807935209,0.07539974060813803,0.01556481518281072
4540,-0.023911345544123462,0.9561386682088586,0.7131373493549229,0.03957576712863442,0.14160293567694326,0.34285882061382267,0.24456323194853014,-0.17925622575264488,-0.8047846628119815,-0.10440076363502748,-0.08360239902708466,0.18623355791928187,0.06621877093861339,-0.09567936846663527,0.23121967304074875,0.44343403914668256,0.28346723988390754,-0.030729140057200288,-1.295673667062116,-0.14415450422740306,-0.005831352441846516,0.24550434706153457,0.026416687668360805,-0.009121243971713211
4550,-0.03154493553047405,0.9579324476006786,0.7086450181252403,0.07062443435043109,0.20573764955717022,0.36326008372406193,0.2482315036738557,-0.3416359658889938,-0.7507871270004578,-0.06470351251785456,-0.02312994705003013,0.09936580269995732,0.05731808475836542,-0.1365420578605936,0.26685153905356607,0.47857376166374355,0.2553841753793714,-0.15821700226866575,-1.4046643935659837,-0.14526121694223937,0.005163322756137734,0.19816892602811442,0.041430668080269406,0.07238762522981956
4560,-0.04924332571373793,0.9685092050202133,0.7291039862989824,0.03585820315533217,0.17869266960678243,0.2719489380215302,0.25198932786741335,-0.23290843787071358,-0.7713409839849596,-0.0986328667991605,-0.07793302147327585,0.022035642203646177,0.040582651101632616,-0.12892948040875907,0.27606130719788746,0.3782412860553702,0.29513906842391724,-0.06576386171035775,-1.2240681847549815,-0.17351438640612216,0.0013718579227337546,0.021484419761723883,0.01376920346007049,-0.04819319135820632
4570,-0.02175326099589495,0.9492086760025116,0.712461547679293,0.08508755295307369,0.15580038714576339,0.3379630885875109,0.17985465667097333,-0.23889348924025322,-0.9004336996498807,0.011924633799983764,0.002082726594324291,0.13765292204316526,0.12916434101094898,-0.01564843631409385,0.20876455990623144,0.4199053975990107,0.2339987618294942,-0.07394997000369297,-1.5097826669633334,-0.0619942941844831,0.07710636844744811,0.2571485156131753,0.09790008705520425,0.009530076185635505
4580,-0.04775629157826017,0.9597991611728607,0.7144646824375316,0.0961098617915479,0.25536056472992597,0.33043563531220954,0.24728024991844455,-0.31725958273880805,-1.0201241509718781,-0.056393022256483905,-0.09350765070770595,0.12938721966705702,0.06030649389805298,-0.11012777139346519,0.33045820457893993,0.42658627705741803,0.26551531091588376,-0.1541551182791039,-1.5881411961245147,-0.09659406984928443,-0.03361521387449318,0.2243809717216727,0.08222850337692866,0.018986360084192966
4590,-0.03914276055170841,0.9638695194907284,0.718768136323578,0.029913820963034743,0.2508601199964873,0.3470851011721334,0.18264168824064586,-0.3604654399084295,-0.7383370843766517,-0.0676129231433662,-0.035636019392087936,0.12152724156962513,0.018958788702491902,-0.11225896239631417,0.31417669281509497,0.45305742010118455,0.2130572043408666,-0.19000358306484633,-1.3856339668194404,-0.11070410078540416,-0.0036634055841293645,0.24147868233365233,-0.0013993548675408363,0.01096010851711715
4600,-0.05172114666050796,0.9594036422745598,0.7073805726494372,0.06516312746370423,0.25526758476411515,0.38979732973212067,0.22659021587783756,-0.28447493431256987,-1.0278937842851938,-0.07441430303603269,-0.07795971087868647,0.11365960475927339,0.04539750278827548,-0.012150458403997977,0.32710875062377254,0.4826982569941025,0.27341849403936447,-0.13479821778344903,-1.7560181960745553,-0.1532040296041446,-0.0163166777331214,0.20119046931144957,0.09800555041394887,-0.027210654526880207
4610,-0.00863226557646291,0.9508569461007857,0.7081976268984775,0.02811281155402956,0.16403746459251378,0.3440304350903869,0.21464967766438492,-0.2113106411707366,-0.7627820371731673,-0.01833421982972494,-0.06972549688295215,0.1380796868189189,0.0882183719108367,-0.13428235958893042,0.23579604478129712,0.4913695632089864,0.24701965096438427,-0.04032421398470998,-1.1996933278054995,-0.07608194920216738,0.04201251166584574,0.3121824060437386,0.06509863397862514,-0.03935058974178096
4620,-0.023512818544527386,0.9544117122162264,0.7160817272142033,0.005055146457992654,0.18947361854561828,0.40542730579389996,0.21230214496149935,-0.24590708447549314,-0.7721483216606304,-0.07209945384012739,-0.07556925687260674,0.15345500255568667,0.04037047964350726,-0.07233294876700058,0.2832217981570182,0.5144028861198566,0.2712073887464648,-0.09028842891409927,-1.457011271267417,-0.15068242098518803,-0.002376059381414608,0.2651097096571563,0.06319123046215414,0.0414293456280479
4630,-0.08181109153464439,0.9674853571889327,0.7170128753042302,0.1185169888181049,0.1509933074510581,0.3763189780659699,0.1862667336572753,-0.24175400476079334,-1.2543591303407826,-0.09320915560461618,-0.04754618677141664,0.11750992968924412,0.05263547186027662,-0.057180526813901844,0.22917234323709523,0.49623603094799074,0.1884061507909468,-0.07839371161778286,-2.0326879072200326,-0.1642547103169265,-0.02613684745335587,0.20682370158262398,0.06750298110837039,0.0871066414631203
4640,-0.036732380033544704,0.9620269886615751,0.7179506807242257,0.1216194212410574,0.21239741241458399,0.30253987091371115,0.22485395617203852,-0.31640719325555167,-0.8311608606508185,-0.07130023888794246,-0.08331332238526312,0.09894022791150803,0.01480861713659698,-0.09271090749703625,0.3414837146334828,0.41311714184557746,0.2576003684223971,-0.1405260159643935,-1.298628316834591,-0.12215315910444247,-0.005960194592671275,0.1645486624644309,0.018957282959929822,0.01991355235295733
4650,-0.09063261620518775,0.9666049350238675,0.7128464202350375,0.07240666953959041,0.2358079360143076,0.3469039598804601,0.24526449996553956,-0.29564066049360416,-1.316960315323581,-0.0854465051154798,-0.04806590284222567,0.13881771185446068,0.08738805720468712,-0.12807963495803953,0.3008896582302587,0.4656361632422832,0.2634262904267798,-0.14516810381278478,-2.186255430037425,-0.14168645294113613,-0.018013126971622606,0.2261731345455179,0.07390626527268762,0.005410846010381998
4660,-0.08395650307244808,0.9748003046948046,0.7248331047738176,0.05459677163225418,0.2079181762840494,0.3474695926735988,0.1976524732427194,-0.309586451632321,-1.1033106803995474,-0.17719803335115314,-0.07530573459465839,0.032773944972041,0.061806024525628,-0.10841379996590228,0.30337209077250893,0.42707824215013857,0.26265395167184313,-0.1993310534840287,-1.7329961619312364,-0.2516005422859615,0.026352166780662434,0.18160669234202675,0.08663041421428541,0.00474535186164371
4670,-0.0899417153438283,0.9694838092859558,0.7140840081961981,0.02631928003026318,0.2367758663339824,0.32277799591420264,0.23858535662276115,-0.3547325317215959,-1.2721431189682666,-0.052906241577673985,-0.047476068121228954,0.1048099016500742,0.07945230881367848,-0.026541563526442324,0.31137318027130423,0.4401727277094334,0.2563786734914024,-0.18042521180036686,-2.0357351484316295,-0.11470773659823319,-0.07082418917804367,0.1515802316462459,0.034437181669568884,0.06405308355016948
4680,-0.03119041516272122,0.9595560773693544,0.7145094537495396,0.040795108594799956,0.171486745970304,0.23577490691174474,0.2218269918440675,-0.16725712489962197,-0.8433753909778128,-0.06482941814824361,-0.08194930475416062,0.12980595230237535,0.08910299471125582,-0.1260558508216707,0.2415146921698328,0.36586731532783323,0.24778759850811072,-0.017150375690373476,-1.3013092232091745,-0.12379730448288506,-0.016916348512526103,0.279236093530022,-0.018965614832648914,0.08340883804162613
4690,-0.05697958707343583,0.9649345443464598,0.7126771445705746,0.02774192038347012,0.21172589754811433,0.34238305840379213,0.2464539228853143,-0.39413534789041793,-0.929953994398077,-0.044679891358888835,-0.042874191869571865,0.13285858982564003,0.037151098706404095,-0.13725468057372248,0.2963132111048826,0.49919406348935513,0.2519859743830084,-0.22381471748043724,-1.630231172940988,-0.1011345037217446,-0.030983214394681324,0.25133773828635864,0.12610488920122853,-0.0847599781311914
4700,-0.060407116385303924,0.9660291033297824,0.7205545470554134,0.006151582621249596,0.12046082571383654,0.31677080530001867,0.2524452520607817,-0.366390447063224,-0.9451040514117539,-0.017072219982254166,-0.08110225456425924,0.1321440225757421,0.07030711106988696,-0.09255417391673482,0.21185090026583897,0.4256611254152346,0.30215968811733096,-0.22319749711273396,-1.5960178230009259,-0.07826704794193318,-0.005677730313449647,0.23159413432382303,0.08221622692296948,-0.014927873170826444
4710,-0.05155901030567592,0.9623878602459247,0.7150008339580491,0.021895921053988632,0.10049862114594899,0.42873004376438895,0.19941669303649212,-0.17929411251604943,-1.0452288406775518,-0.016311058514808074,-0.07697035327717994,0.092624469794373,0.07699039731691026,-0.08766440107987994,0.1634677538988215,0.5183890466740583,0.2470544484095406,-0.07242597557773722,-1.5480715206581142,-0.05561937005219919,-0.049824839044168456,0.2211936957145333,0.026432834932508587,-0.04802267076307043
4720,-0.042901738053186214,0.9604868439881411,0.7169149829902638,0.01359450516826921,0.1960475572832292,0.3487588670829377,0.2457743436834191,-0.3356012276249454,-0.8859085251758321,-0.054162070109759375,-0.04508553313678587,0.029604854365926525,0.12104524325056087,-0.061058282850804835,0.3200141125893423,0.44131531788712186,0.265693660233123,-0.15177125721586404,-1.4430380235984863,-0.10442148092259984,0.009025431570530706,0.12430150073782231,0.0585413687300016,0.006393138935883114
4730,-0.05205120056995899,0.9576097674156817,0.7098525027453744,0.1003718524242182,0.23375717903276927,0.4235209075801436,0.189684328986941,-0.22727585443465004,-1.1055204925172415,-0.060258602790830285,-0.06074384556498491,0.0670742951408293,0.12645300079109,-0.11878994049521996,0.3375737766321014,0.4946364686210464,0.24439164790075008,-0.08268521581605448,-1.7721603932777032,-0.10637508580825505,-0.01709615439101353,0.16955801564425677,0.0608129874486808,0.009995912923987271
4740,-0.08255523470796507,0.9730511686500095,0.7160795822602944,0.04098074610054159,0.20764598622471353,0.33538773729736904,0.243857833248607,-0.4410437539172014,-1.0908148056796727,-0.06539329650763914,-0.10711299827946896,0.15254464965022174,-0.010460974284033142,-0.06384670364339384,0.2983671697439759,0.4317897082717367,0.25163576742315397,-0.2748300951372591,-1.8220035878285352,-0.1377438605759984,0.033843213427280694,0.26519194088921916,-0.0016161487742367697,0.01996154348335266
4750,-0.16841077110562613,0.9878779966982275,0.725894268957707,0.006707622226981513,0.18340427555310723,0.3101486853865286,0.18182010161686712,-0.4488827658995138,-1.6949234167894298,-0.03075103396326062,-0.06786598133328603,0.11882630831777319,0.04352400136403811,-0.053015645260088284,0.28277759903471744,0.43097007692337375,0.22766749968694044,-0.2682520495769196,-2.9356723457790825,-0.09160977380812807,-0.007822471426288002,0.2107154868313048,0.032258209707168084,0.033349423969048164
4760,-0.09124965584828015,0.9753533223453056,0.7293621910125012,0.012318021925878053,0.17648887712052486,0.39346230709835794,0.1941388413380254,-0.4631276551568029,-1.1805010909841087,-0.11268427580975193,-0.06677637611434872,0.12479976611092447,0.09921905037455114,-0.11072895842759145,0.26424271453682036,0.4743889817863648,0.2263478872697694,-0.2832751180494686,-1.8487935883238102,-0.2000325049595082,0.03856426546719882,0.210773495486547,0.1174731675851215,0.017459418911423996
4770,-0.04391744568362327,0.9701970490701517,0.7206813250768024,0.06790420757758975,0.14723202002418068,0.30196304859252987,0.23607798677068959,-0.5306325071720026,-0.6048959545166928,-0.061542277624808905,-0.06849814998404025,0.09867098491179471,0.10580878444330788,-0.1308710235520738,0.2413609532087032,0.4013396803003546,0.24980554820709644,-0.34928838442979027,-1.1360626666105844,-0.13509195988973643,0.035079755600545326,0.14461131692797335,0.02474444117044927,0.0400178366884264
4780,-0.029923581360821388,0.9639700644594204,0.7194549465680113,0.11130459977805718,0.18263941022768193,0.37462098340677585,0.19820519177359508,-0.4007305153272265,-0.6351992925870624,-0.10003773076046829,-0.10139899862273638,0.11901076288253987,0.07239926485124515,-0.08757810809356847,0.2374037381817583,0.46974389425722607,0.2188848285991717,-0.22824951432307472,-1.2148370151082513,-0.12592526829353523,-0.01288278090076278,0.2590721967761538,0.06575018973349789,-0.030591045028265818
4790,-0.07570549315307819,0.9752709306892732,0.7244151161082697,0.049494492037522986,0.13545109918075193,0.35247680816631455,0.1947116877480043,-0.4030797923736813,-0.9855149870317417,-0.11827851773992637,-0.10119191671787897,0.11474671735152808,0.05297624053054839,-0.03094658496147784,0.23136256442940228,0.4398524193314647,0.2162631388163857,-0.2399448252023959,-1.6122596929313393,-0.1826026958028335,-0.001911187503848888,0.20914727859541926,0.08606304467864057,0.0033693531844991575
4800,-0.054155173009512204,0.9643842200269592,0.7190430245796124,0.037372536841344894,0.13354485421441564,0.3464552609260274,0.2040765788446529,-0.3052364015501807,-0.8877380304640932,-0.04108906486095898,-0.10505918453206586,0.10925173544046851,0.15374494940083383,-0.11066622623389688,0.20749491333825276,0.4506746710777224,0.25669926327059656,-0.14007487190821344,-1.5941524602112467,-0.10403967915297918,0.024786542840601333,0.1879834288745439,0.02612912127964573,0.012583429364772525
4810,-0.039128422548845576,0.9552320783116696,0.7043263082853615,0.027404668230435525,0.2311961289626242,0.32577903452382073,0.2327564505689531,-0.21748295553073138,-1.0476432897308552,-0.04345892211676894,-0.06248082191582793,0.11635645211077161,0.06447648322054367,-0.06811662744772118,0.32838949201920287,0.4297433110592742,0.27045811526023567,-0.0859464460518613,-1.5759307667284177,-0.09343890111666764,-0.0032267036363802237,0.22777181531436197,0.055545424911150665,0.06615118456810021
4820,-0.07589533133388557,0.9758437554323633,0.7280814826449022,0.023924756736969033,0.13020011046685842,0.3635955453984635,0.19744086746008227,-0.39946365758718283,-0.9402576933675635,-0.06422546501431459,-0.09669352900012251,0.12822966965120686,-0.023507190490346774,-0.029740844515940612,0.1906223347592404,0.46658198307987586,0.23289354413541064,-0.20861094350146336,-1.5977536521710767,-0.13049890038322087,-0.019404899079457305,0.18381555075665046,0.01571046358962236,-0.016660008935287518
4830,-0.009584558442837676,0.9549852957577118,0.7129382008095247,-0.025398728575548146,0.14756453515117984,0.39109124743096646,0.21459163642878898,-0.2308332353227751,-0.6463301254425764,-0.03541206625613191,-0.07644583638250024,0.1486921766230268,0.05888768010472045,-0.15782729738727563,0.2467899427315079,0.48780976612761584,0.24049028477210288,-0.08204129209517297,-1.0952376292813306,-0.09387433511643106,-0.0060201397057528805,0.2744970061082914,0.07060001958395234,-0.03286933679624915
4840,-0.04722452742593662,0.9687344082263617,0.7170219812336258,0.09377302314526426,0.12120924461873295,0.3401911626827656,0.237381390655943,-0.4706296627006874,-0.790061244110648,-0.07006951742037981,-0.12567639707136702,0.11400725764032882,0.08772851911457757,-0.11587774885820101,0.237272577983778,0.46575344732865076,0.24135537936106277,-0.23994106426052064,-1.2443065365541552,-0.1124812341967445,-0.004341261892426562,0.18415082603751576,0.06845893817904813,-0.00961217562720651
4850,-0.009914117207360003,0.953184599923732,0.7077751411970754,0.03556501315466787,0.20345017380482278,0.306746020643063,0.2630839439550058,-0.1612523021842458,-0.6838821444192797,-0.10363947548364316,-0.09723318476995346,0.09624256158789868,0.06558207326437071,-0.12447765061238814,0.294126072909932,0.3955270441613923,0.28466932116397414,-0.028581868292021806,-1.1030291115533615,-0.15911981937358033,0.007507376666639809,0.15475733317944518,0.0629118451569779,0.08285031568572376
4860,-0.019634781028407128,0.9568852730362258,0.714929038406345,0.03634858932909679,0.24131189148421384,0.34252335828499714,0.1819144419693831,-0.2223773907113602,-0.736146738422681,-0.07784564442673458,-0.061880884918352974,0.0586153505990602,0.007513232819925997,-0.09270053289599667,0.3429379634507307,0.45085183134113427,0.20060469176999596,-0.07669582452390444,-1.215920989682591,-0.12885288483404045,0.04519066423943485,0.15987209275852277,0.08690594155973341,0.045500439212882604
4870,-0.07477308790208478,0.9721294032976346,0.719954396995199,0.03403998774068595,0.1906703133267429,0.3652620542234928,0.2160863298870931,-0.38089880881734794,-0.933104821008536,-0.12651120009718175,-0.04774445152220097,0.04040161997646574,0.0762414977571968,-0.08311518308516308,0.2822068777578427,0.44775426846802424,0.2478712667136076,-0.16933353623550773,-1.6887985438480246,-0.17153085531478318,0.0075784732596960724,0.08892567717221211,0.050550831960966325,-0.0167866442590614
4880,-0.12903821648852687,0.9932036613168437,0.7247400299422055,0.0489265974416776,0.19249652425872554,0.3722983106213533,0.217653262050156,-0.5889953894833575,-1.210045371818015,-0.12847212770322458,-0.1296224570724831,-0.006813637110414161,-0.026980906395245086,-0.1382123754431841,0.27680038607666924,0.4393251768778077,0.228294007076986,-0.3498152623690607,-1.8712368974935205,-0.18869743417042928,0.008687085035687936,0.15713050529447292,0.06009393631595339,-0.07261647824962014
4890,-0.07604230160508034,0.96241646779717,0.7200966374816912,0.12146581978396531,0.12241824467342921,0.3403184539400723,0.26478425964872154,-0.21402868498823469,-1.2462740105530572,-0.07827000833952003,-0.042838115045227054,0.11759606807216183,0.10649745879304084,-0.15782819126768755,0.24131936659517006,0.4178451882955696,0.28202761641381036,-0.060872672737114275,-1.9703471855395116,-0.10589114078076789,0.00328868807098337,0.1634801328268629,0.137175278442507,-0.03875490001186166
4900,-0.042316687765911784,0.9651682922074923,0.719029201125155,0.05381701680584261,0.21518794607940395,0.3857637223589705,0.22158381658539994,-0.46027487004276635,-0.799768622054716,-0.13066016964445715,0.029705863176362257,0.0765990828291665,0.11060109080036173,-0.16574238412741282,0.24575303345275445,0.46372990100632294,0.2794425091317322,-0.23536702231646367,-1.2479830300391486,-0.19806334790092306,-0.04332957120616099,0.23169305699835985,0.084597490580963,-0.005935955557738515
4910,-0.021415413882610528,0.9598894372988926,0.7191233654159793,0.03008710062506037,0.2210932994600162,0.29874772636941893,0.204599997040549,-0.29608786227280737,-0.6405095777956387,-0.06859893101900005,-0.1036492089497223,0.08597761379551128,0.10881111825391221,-0.1594771344243362,0.3277833312979088,0.387210356280828,0.23443979020916472,-0.13554721890606536,-1.120231921756277,-0.11218877225923274,0.0036623082781794825,0.1744303739016444,0.12362587269393965,-0.013901952357874503
4920,-0.11564894658144251,0.9784015562143882,0.7176545024604359,0.06722408178521166,0.2351586284762166,0.31908652534003956,0.17060838842482895,-0.4256732437665085,-1.4657842608947345,-0.11233964767511062,-0.04957006827278421,0.08604165009798592,0.0816984993617571,-0.04160003617147434,0.2947585568701364,0.46377557488982313,0.1865215752061481,-0.2551805814539698,-2.1864429797558937,-0.14297359168855373,0.018879743671085913,0.2075722871963428,0.0545157388483688,0.0650952813007919
4930,-0.06916016999373463,0.968200395424011,0.7177826096472573,0.11774008395172186,0.2412104188560512,0.29179670839994476,0.19782598235737603,-0.2532162034565164,-1.0585396326104695,-0.05554825122761309,-0.10127585408631856,0.06420630789522386,0.09441936507585902,-0.062189310965912625,0.28418803278738924,0.38359121306478594,0.19208977822797624,-0.1054104077282203,-1.7022102312090999,-0.11193089152542934,-0.014591758056069493,0.08914841138800422,0.06361385867510938,-0.007281189682220024
4940,-0.0660408933144971,0.9712127172509349,0.7151943827676737,0.03428970452458979,0.17155561173443667,0.2933329510830127,0.2522023064512744,-0.4818081069208635,-0.8653736570830532,-0.0714386410196759,-0.07679109890173352,0.1047690189863778,0.10856679345730225,-0.02781407534269409,0.24510898174671136,0.4101566255378283,0.271487532171272,-0.235540464494572,-1.5539642024668403,-0.13945239365627216,-0.03965835095044068,0.16743143818674822,0.03497574480161125,0.011105522550541758
4950,-0.09251456437535366,0.9713390627333245,0.7193003881144183,0.07540203505807641,0.17137968812641635,0.3474429035643599,0.19817342192248966,-0.36274796662393705,-1.2010615021283506,-0.018710114579175485,-0.05969435850021898,0.07981518794552678,0.10206710514802686,-0.19892932561723553,0.25249472744690227,0.4339070952019689,0.25567903066555175,-0.1621666785047422,-2.00218016352739,-0.07062115839812888,-0.023889463736755046,0.15536296527636428,0.05626758525825348,0.029203134119569873
4960,-0.1300143485020755,0.9885823249855059,0.7274345749403539,0.052488948268289315,0.21659351661146142,0.3720874770345475,0.19245573724126253,-0.4948403002698045,-1.2965617896749397,-0.12070866060197227,-0.09557692479896596,0.05070984343008755,-0.0439361182452398,-0.1258168887880151,0.3078634962265624,0.4719724621663449,0.20735828699907266,-0.30116370558770034,-2.1467728229099547,-0.20962478615531643,0.018308118773541215,0.16904343028394175,0.02295913760880075,0.022860223844411998
4970,-0.027134031948001822,0.9622052031776462,0.7147614018483608,0.054611250339344775,0.1351230174772854,0.3975522113270249,0.15241525803260247,-0.15904572881791412,-0.744556110109104,-0.10244163070730572,-0.08125532028848226,0.09621020564943628,0.025823919662103956,-0.07538942868314025,0.23545027212964909,0.4952404313860138,0.19652139717937933,-0.023583813020809252,-1.1890082525729224,-0.13054507773139412,-0.03110348028131149,0.19240709821875623,-0.0030738068126570095,-0.011167083284593815
4980,-0.034635548345020285,0.9528256883788058,0.7034570142312605,0.030528243119097742,0.2198465143810736,0.4099201023361604,0.22195795802059293,-0.28989402744136483,-0.916473845435422,-0.003348129243011533,-0.07145973978313491,0.10305952707685473,0.056903113551142304,-0.15425188999451867,0.29497040260093954,0.5041081559331045,0.27033758986647716,-0.11905057558271803,-1.6509658337648756,-0.05910950862781239,-0.003520775709579649,0.20180136364487922,0.14075256827484595,0.08654227153184324
4990,-0.08813724743038165,0.9710790228195343,0.7214725088893945,0.03261056709598831,0.19154884320653387,0.3816416301543224,0.1756382750838965,-0.19001439958798128,-1.2811978819667544,-0.12496049744757731,-0.11863340948009804,0.11780799284141474,0.08866265640994553,-0.04728154363120174,0.2450055805465563,0.49677179384491765,0.22921264800195928,-0.045144955100924644,-1.9657019404411908,-0.16913029416666703,-0.021560979017208215,0.12058643883395803,0.028072693852762343,0.005184584929334157
5000,-0.0017444393181351501,0.9561401997695169,0.7148606884467544,0.04471118515064865,0.12867468780017233,0.31995860423211675,0.1933694899313536,-0.28266453411553805,-0.5265519056475418,-0.00863665325736962,-0.08206296397299839,0.07760057334082748,0.07014578821110695,-0.058183198555076476,0.24036250462839281,0.43039599876668655,0.2410467108672587,-0.09230278013418647,-0.8765239718967381,-0.0763013373815351,-0.006470875526057185,0.19180154696114293,0.07012824506482529,-0.03513034014832894
