random_state,r2_global,rmse_global,mae_global,nematode_shannon_z_r2,macro_shannon_z_r2,earthworm_shannon_z_r2,orib_shannon_z_r2,meso_shannon_z_r2,coll_shannon_z_r2,bac_shannon_z_r2,fun_shannon_z_r2,euk_shannon_z_r2,oomy_shannon_z_r2,cerc_shannon_z_r2,macro_order_richness_z_r2,earthworm_richness_z_r2,orib_species_richness_z_r2,meso_species_richness_z_r2,coll_species_richness_z_r2,bac_asv_richness_z_r2,fun_asv_richness_z_r2,euk_asv_richness_z_r2,oomy_asv_richness_z_r2,cerc_asv_richness_z_r2
100,0.07826550417639136,0.9213586090180785,0.6858575420216875,0.19512597438036827,0.3736475623413329,0.5315474949492036,0.2218907822344961,-0.27196720964503474,-0.39548008659067735,-0.039490427372074643,-0.029732378075971733,0.09054345048578416,0.038085653224858795,-0.02920915892848308,0.4029298765216258,0.578151461819746,0.2686642946014435,-0.11012708578305985,-0.6035774214785281,0.003880449188356283,-0.07947012182654367,0.21133573977213693,0.17692598001662907,0.10990075786861031
110,0.07249471706751769,0.9225288358854513,0.6864374339692566,0.21841115376128006,0.40682245093060576,0.5453999034112874,0.22943324904704399,-0.3202426655700803,-0.38607139902386267,-0.041682311031836505,-0.061638781134225384,0.0747396326994968,0.014739569576559863,-0.007381675443923319,0.39280488881494635,0.5868514698978604,0.29859630590691466,-0.14166150351607798,-0.6993664389352703,0.007678490503222002,-0.04790220894049235,0.20718319723822431,0.13731864284570428,0.10835708738049454
120,0.07907638021053902,0.9200441519140689,0.6846685488061295,0.2041311761501834,0.371519451276341,0.546032123842032,0.22454907671898194,-0.24273566224441678,-0.4214504659970182,-0.010106140561192856,-0.04690507394421917,0.09071021582670291,0.059106681687441265,-0.04466975192697409,0.3924507013047621,0.5886456240766095,0.24566750383512048,-0.1203989772303693,-0.6398908372054468,0.047957460586952494,-0.06787340429224376,0.2393808979197315,0.1569886096415225,0.08749477495681912
130,0.07983398924726355,0.9212389727938716,0.6851487535941659,0.2091413542860513,0.3614603561847878,0.5290738808669079,0.23354425558941094,-0.308343996230362,-0.328048084000625,-0.03480735808810298,-0.03752255729061216,0.08736831799215461,0.04917670503815241,-0.028102813842211027,0.4165549685649357,0.6003204900745043,0.25417077188440484,-0.09266204530240896,-0.6273673077278987,0.0026868477716504024,-0.04725402473942819,0.21329534056177835,0.13533408102601496,0.08849459157343009
140,0.0771410775728606,0.9221910176714494,0.6872824169397563,0.2326840561488024,0.34321986197765486,0.5275963202548637,0.2078450019922623,-0.2713354234792644,-0.38031714061224475,-0.06897178695966,-0.08946966374886411,0.0817997133034265,0.07533458339562915,-0.04328657194441554,0.39646370172750667,0.587682372082893,0.24934281500344335,-0.10339980974110552,-0.6307967794327549,0.0027562976016092255,-0.023005733940450135,0.21731279980396934,0.20051851258844888,0.10798950300832233
150,0.07446166193697737,0.9201956657646501,0.6838838959084474,0.21966745550523004,0.37242090157175023,0.5579952545794649,0.2297867932145402,-0.29760356950220523,-0.3695118200069907,-0.06420676843814777,-0.06979905026174582,0.09203155558887743,0.061585576241038664,-0.033478128502304916,0.373390851522889,0.6121691593194452,0.2954676066268499,-0.12857382803339323,-0.7791089772421094,0.04441107508936748,-0.06989677669796612,0.22243433281367786,0.17909544931891097,0.11541780796934631
160,0.08308086707045138,0.9187108696116658,0.685474366640953,0.19843041896222213,0.3364613276564703,0.5257914551744695,0.1971295770968664,-0.29240017479758373,-0.38160585281157045,-0.0048513018770635075,-0.012064896689227167,0.1359526587235126,0.05818583239532882,-0.04654620058710646,0.3907670151595991,0.5953014862755784,0.27325221944438305,-0.09922477874639068,-0.600572874448851,0.044377217867434204,-0.06960628742089425,0.21092644553744566,0.179625097878909,0.10536982368594716
170,0.07908976299524406,0.9206621522452728,0.6857086910897537,0.2308615392279677,0.3780064075268018,0.5310178342375393,0.2332586737164718,-0.29397934788139835,-0.3655181473297884,-0.041721363956457536,-0.0462706748665509,0.0914605109589176,0.061653612236594935,-0.03726590429211041,0.4016088835050422,0.5946882972624579,0.275857718765937,-0.1075024504530051,-0.6523488093537992,0.008404167612373503,-0.09441845297521945,0.24218149581878556,0.179384570017037,0.0715264631225282
180,0.07633569064208545,0.9204871057780987,0.6854115383914084,0.1825424667100387,0.37560037311389316,0.5107521136983822,0.2307458544184694,-0.267938495297285,-0.4458490115687137,-0.01268894418150035,-0.04588430325746873,0.10473797373814953,0.02904167096142718,-0.029691549914043547,0.41825867102946335,0.5812533854246945,0.29322784174890093,-0.09693521804229155,-0.6617559776457882,-0.004099728957380311,-0.05703950557797688,0.22310677026788317,0.17521723168178704,0.10044788513315339
190,0.07807529334156468,0.9195621489067256,0.6860596320376133,0.21926476497174696,0.3604227289390284,0.5364421212037493,0.2129593438812456,-0.288755256742004,-0.40289943218836877,-0.046265589073950286,-0.049895510094177364,0.12458662826047406,0.07396627408808942,-0.0312838687717647,0.4211674975208092,0.5939354209720722,0.3063610749401211,-0.10127714560519752,-0.7118371313082394,-0.004854219044841512,-0.08307878437751626,0.24382149557609023,0.1634441684869139,0.10335657853857771
200,0.078998034206947,0.9205122543317376,0.6860672591763796,0.20227965753619148,0.3732173136560426,0.5111764789622415,0.24669492313054797,-0.29740975521380464,-0.30509902982110826,-0.02567163448888432,-0.05662821104710658,0.09247704215368635,0.032594835261829824,-0.02003771317693448,0.39900510810082,0.5921637598849122,0.3025542615778052,-0.15643733081836286,-0.679428950200214,0.001730357043583708,-0.06933606198125175,0.20974805347140435,0.1862422008294503,0.11912341348503841
210,0.07612470523254253,0.9210189662439311,0.6870982473751399,0.20966767087015115,0.3565135935109598,0.5392533367403618,0.23668950772301256,-0.2593304274285415,-0.4210017809953479,-0.04113732194242359,-0.06380657701083314,0.09686396639473327,0.05119077740914901,-0.022046924776743193,0.39984528644525963,0.6103691991569911,0.3025345838641088,-0.12454253325740394,-0.6551883248387025,0.010877126791532299,-0.07439268206899063,0.2168377867228095,0.17347434609061174,0.055948200482698995
220,0.08046667450254805,0.9201809272648371,0.6829457460739121,0.2360654851967564,0.37843760883649413,0.5337344254079182,0.2280830526021621,-0.3152719415803227,-0.36938767717526844,-0.024830565391959825,-0.06763496465783625,0.12262422653502825,0.05796592879752138,-0.033974133597647116,0.39455699649761244,0.5712523319886932,0.28213514300270714,-0.1413084075721347,-0.608824359652754,0.024390182825894335,-0.04728308022849137,0.21375538501912117,0.14829932991525263,0.10701519778476198
230,0.08284818336997375,0.9183999963152282,0.6855556755782602,0.270375198972457,0.3580100520250432,0.551200835733799,0.2254513782680847,-0.24982895580168174,-0.4068771437158525,-0.022131261383478984,-0.051199247208708165,0.09682227121310372,0.0707127555618805,-0.0580538905737511,0.41339179339225485,0.568262843003843,0.2896494278085969,-0.12171285943430132,-0.5997282505845101,0.017282860740839512,-0.08283128162558584,0.20655529773274328,0.17716501107983484,0.08729501556483787
240,0.07237604753184387,0.9233534089072373,0.6889955776416304,0.21952382376559987,0.34349381466252527,0.5185139436450117,0.20813994665519553,-0.27945002397290564,-0.41988809726041465,-0.04577519455513235,-0.044023448641361984,0.06942089177301625,0.06729499108885484,-0.03770320956646156,0.399662666177346,0.5922413853986912,0.2866890981784095,-0.15375557895470005,-0.6522252190759494,0.002174683304897007,-0.07168152302546704,0.2411342932464441,0.16247401184800592,0.11363574347711669
250,0.0785929856137914,0.9223409198126811,0.6872056557877565,0.2071500319940861,0.3488330817827412,0.5464047232559641,0.21180917595385218,-0.2929517815263023,-0.4126507342241075,-0.020076653003625156,-0.08618846558744231,0.1178408791963651,0.05443163543285412,-0.04668931488816219,0.4360169231918265,0.5772051817948296,0.2727953895024603,-0.12122517422363788,-0.553953246494028,0.0157493173552401,-0.0773982090671792,0.21861919784431527,0.16197076416473855,0.09275997543483083
260,0.0810022308446291,0.9212212740104337,0.6850163035359904,0.21578680774790815,0.36937742000881946,0.5293804517867715,0.22373764245931538,-0.28339854481094306,-0.3819720403645017,0.008358747915755194,-0.08177771650780352,0.11591557492658244,0.06453814601765862,-0.04716031204847004,0.4168556365275006,0.5816757656557195,0.2696043440238216,-0.13021879784728485,-0.5677652124396293,-0.014565675210076234,-0.060101163776583366,0.22886226407904608,0.16818361965007333,0.07572988994353136
270,0.07903911124611707,0.9194329490044617,0.6862161779762209,0.21746324782315463,0.3839938944944169,0.5224169070132928,0.22493703761218653,-0.2700789532041967,-0.4012417380966127,-0.0012721733221197074,-0.08185578902249024,0.09396056951026577,0.08220818625887227,-0.03423477755842441,0.3832190243511322,0.5883417463483673,0.2995992642485541,-0.12355150525523007,-0.6647632447855409,0.026254790653540527,-0.06618271135415199,0.21880416626517174,0.17097982538019108,0.09082356880807896
280,0.08169929365559038,0.9175203882935411,0.6851286064993898,0.2191769855289848,0.3823799417003342,0.5259096782223499,0.24713987690393635,-0.2833135099684676,-0.3805306386358145,-0.03669096913851777,-0.027599883577241302,0.12232733755935032,0.049998739350074595,-0.0323105767734817,0.4208394300934605,0.5925773757878277,0.28777752195464357,-0.13174985537263018,-0.6863954186570713,0.025519020976259243,-0.035391787355524285,0.21222407740451743,0.14788935446003093,0.09590846630437722
290,0.0784556462128344,0.9173915041888352,0.6851640459168871,0.23567061124346445,0.3613184647648896,0.5437321874023926,0.22635097301094032,-0.24610108119677365,-0.3960412359354728,-0.029267749764171347,-0.012436106729835306,0.10705266977720596,0.06773305562496834,-0.021702929911944002,0.3907961979105211,0.563729778171675,0.2945396426637993,-0.09684658194002793,-0.7774986962773782,0.010813822859942701,-0.07231521538855223,0.2138733180979413,0.17602431579294953,0.10814313029298783
300,0.08277211087030467,0.9191856999867262,0.6859888708720676,0.1991017138646255,0.3689514180331822,0.5448631029667195,0.23888796782483346,-0.3026214770980957,-0.3549703715869952,-0.03825412909277737,-0.07028230336428098,0.08012505084680255,0.05652593094596836,-0.007599006349378268,0.439524710230874,0.5674085148173001,0.28745087017403315,-0.1281723268796684,-0.6182297668858825,0.030715740180520257,-0.035972340196887664,0.23280465420878527,0.15680431818765472,0.0911520574490653
310,0.07870269231752088,0.9207946449446323,0.685476016097472,0.21773461146027306,0.3796334651265545,0.5394765614341726,0.24175970080444054,-0.27910409006243375,-0.38782356264912954,-0.07965767515860023,-0.03300204090326231,0.10353799386860363,0.023816656512640977,-0.025849366624887127,0.3838970408777588,0.5968565246104479,0.2956358901167506,-0.11627405564641191,-0.5982325989389661,0.019562878010974227,-0.05724839200383469,0.21573873858135062,0.17021542014148527,0.04208283911001087
320,0.08467954418542256,0.9178537903321338,0.6848823152848473,0.24139336021637625,0.37517137247262,0.545124487321826,0.2232604141802479,-0.28010900739661304,-0.25310134365531667,-0.051094694076249336,-0.04147826825252654,0.10592901837139734,0.058470986307612494,0.019035714906616485,0.4056328852228238,0.5663788112211481,0.2696981408382253,-0.10962250128143136,-0.7330733703810384,0.002978644148621701,-0.05261276347457744,0.22097846473567295,0.1766729311087768,0.08863714535966138
330,0.07409474366052739,0.9201097512099246,0.6847516796695293,0.18950685996403505,0.38433341886267935,0.5169750138173345,0.24287811146543603,-0.2504840447143015,-0.40467608101622843,-0.027775166615529034,-0.025684755846723473,0.09726942191566079,0.07928981216804798,-0.03413177080238605,0.4291526157385228,0.5836066753064302,0.3115786450045094,-0.15284992205956915,-0.7302846466449073,0.001793706766494152,-0.0691560401663942,0.18752278845467485,0.13513278702375053,0.0919921882495387
340,0.07671747813295081,0.9218430411675801,0.6859952105988901,0.1923721058755724,0.34330886833457397,0.5289733612518717,0.20081335555960433,-0.2652762562892046,-0.3801460261638354,-0.04108957731857332,-0.07295351036405662,0.12341482507726487,0.026751074053062318,-0.03058150186592834,0.41148084507366134,0.6218464606056759,0.2993201978661125,-0.13266775268915598,-0.662264897105876,0.023768141852628433,-0.07694383707791186,0.23412841694668507,0.1607328498770858,0.10607989729271072
350,0.0712646695333194,0.9227399624973628,0.6858282549616187,0.20820805275123466,0.3922911293066803,0.5233025678062518,0.2255087043675722,-0.2788210665075008,-0.39653808553160386,-0.06493222777583818,-0.026244475188456518,0.07563157922893271,0.010792520272321249,-0.05455981116068642,0.3941602393046899,0.5871841158551853,0.2832840687176911,-0.12989079179410012,-0.7154317344767751,0.02270197606852442,-0.06555101851749368,0.23763609509702932,0.16864710172723762,0.09917912064881151
360,0.08606596957131825,0.9174381808308166,0.6822534331753993,0.24469470264571502,0.3775964639807422,0.5344414681841693,0.25749059698509813,-0.3112104827825244,-0.41654856751369707,-0.06882205877283809,-0.005882202014640514,0.1073874498212175,0.07684083193964653,-0.039932417481781446,0.41138863893048094,0.5761041060235166,0.26357540011313707,-0.13106801921889732,-0.5308549933927005,0.022669230357290293,-0.061256134888521885,0.21209104376223942,0.1784784929447204,0.11020181137531093
370,0.07977151999542417,0.9208620807697434,0.6859532849980802,0.186284150926464,0.38876117784413966,0.5460623843537948,0.22216618887383643,-0.28484971237848256,-0.40950175628532914,-0.008933470315148018,-0.04424345862018142,0.09329306424032213,0.036578927752521806,-0.021685826266787167,0.404664180087823,0.5651864900826971,0.298439398074674,-0.1514862379882138,-0.5634583249512977,0.022509212888042196,-0.07693513762707482,0.23599554380305887,0.15067703652630193,0.0856780888827463
380,0.07671399938056347,0.9204644107091708,0.685076856121294,0.21546045762057286,0.34246058896211984,0.5210392510445925,0.2186167339016688,-0.27558954717874373,-0.41460822289137766,-0.07654992164502916,-0.04036298662088855,0.12305769801427258,0.05524528443595933,-0.04051127064915061,0.3641830759544573,0.5894561175065358,0.2897659505280997,-0.11340403137671262,-0.6653123011632727,0.043514093586393576,-0.04871545244294784,0.2507243155682428,0.16459516673668795,0.10792898710035304
390,0.07775691399301951,0.9199038973686813,0.6865915590622146,0.244475700435558,0.37373587087152993,0.5339470278724063,0.22730370578347225,-0.2577684950495718,-0.3912480952363868,-0.014460094911151744,-0.0774264953934074,0.10024369214030493,0.06812948935299101,-0.055878415788896296,0.41161826367912935,0.5856465426161163,0.25673290707685426,-0.11075605835121882,-0.7072226387574587,0.029162324634033565,-0.07298474863145765,0.20616429498538147,0.18514210188589975,0.09833831463928233
400,0.08039236319738678,0.9192623277591221,0.6851857557613887,0.20399952617563,0.3638859475713042,0.5269094813270306,0.21410384133587723,-0.2603300363234142,-0.3932657925806271,-0.0015283874776395034,-0.06291592142454383,0.10874546669078922,0.06569612801657299,-0.05158348307924587,0.4323582074605088,0.6105911184010503,0.2898415981381647,-0.1067958700090097,-0.6671069434470025,0.0021597390931282767,-0.07415605227561217,0.215814283222154,0.18575297051811557,0.08606380581189144
410,0.07672843252159156,0.9208748802018862,0.6855041973069147,0.2463680216919223,0.34865826312894943,0.5363558831982642,0.2093987073804895,-0.30234430178513905,-0.3965161772031396,-0.04559740257740508,-0.06576775039142091,0.11577261416792972,0.04813130333449245,-0.02591103789325344,0.4057353172675566,0.6107331807654003,0.29634208372263815,-0.11425045046517779,-0.6832797143326117,-0.0027635263649143926,-0.05382789039506308,0.21629679688092251,0.18141414604860517,0.08634901677437734
420,0.07315609636317298,0.92311194431694,0.6877361448344478,0.22016918412465358,0.3325364954671062,0.5230676701131022,0.22648647856381432,-0.30678409420165753,-0.40748567449353246,-0.022435326610566353,-0.0734625078458766,0.11001419838451698,0.029313813935970878,-0.03254865596921164,0.4357488199517907,0.5822800046055658,0.29877407417447144,-0.12340520135139821,-0.6577509772131966,0.00972276752104706,-0.08080278599633717,0.22192361456833276,0.14303733765048943,0.10787878824754804
430,0.07320106828045383,0.9216822639730644,0.6847200007120885,0.2014855590063409,0.38744525335252555,0.5360212244336692,0.2286751269636087,-0.2790301909709185,-0.3921161754205973,-0.0033649304951675063,-0.08098870414532167,0.0958093965943897,0.039848720507422164,-0.01517374895573731,0.4315265317498761,0.5830209196358398,0.2767401043908455,-0.10837301787272025,-0.7597095476275795,-0.0056420155289644836,-0.05319564648816422,0.22044297040815242,0.1452838414968245,0.08851676285520649
440,0.08059705241220026,0.9209338065242507,0.6855240329276034,0.21998179666995277,0.37847391764437255,0.4981290294501616,0.21689645808191083,-0.26923543772803593,-0.37643475881241795,-0.03373330497179139,-0.04939815757720556,0.08472290732344578,0.0845667416410637,-0.04441633887420604,0.4082781905697822,0.5723599824801252,0.26152511845529114,-0.10595241986934001,-0.6132409443721816,0.012841448196227234,-0.12415865998865971,0.26777918265048695,0.1938235101153991,0.1097298395718248
450,0.08292216087706655,0.9190448840187359,0.6842854017375922,0.21808784641442247,0.3709862533351862,0.5392959340504484,0.21552284698343482,-0.276575210065541,-0.3874328324895575,-0.04238734326100713,-0.04727154967740632,0.09308188753835789,0.039212717094521454,-0.010223217119613048,0.44258753281217966,0.6100803762589593,0.2991966827733301,-0.12640879483671585,-0.618831942967047,0.0005291400534827018,-0.07909111136973168,0.22577521837014158,0.1620592208289363,0.11317172369161621
460,0.07585905771397432,0.9208082023295368,0.6857704026692442,0.21911881909472208,0.40342505835694886,0.5369794051721501,0.2151760353703871,-0.28098478956834416,-0.3942777319367212,-0.03052350841293694,-0.01085914865556159,0.0891017239776063,0.04622778457579446,-0.03240924309488036,0.40260276783347726,0.589825721684724,0.29410230912499613,-0.15103476629698287,-0.6908282782076745,-0.0031357750266518547,-0.0993844223789715,0.2239302016805801,0.16452774520758684,0.10146030349321222
470,0.07310827653596758,0.9230484452427004,0.6863461867178334,0.21848857887291995,0.38153539124185376,0.5379893302902681,0.22323179703776475,-0.3763938622711691,-0.34413821171416825,-0.0612720796896844,-0.04945654115832876,0.09856515614098049,0.037531288483196534,-0.004220212895756248,0.4294838225394374,0.5732292738744418,0.27194890211764255,-0.16216040484846306,-0.7005000238728609,0.020144189537979695,-0.02937532433185286,0.22477710307931997,0.16884969828970997,0.07701593653208783
480,0.07643979648892987,0.9193921753822235,0.6842548369916704,0.2127950638040762,0.36595111562530525,0.520077760528928,0.24411873088657543,-0.2528448674147077,-0.3855086757310935,-0.02428033115761008,-0.041568658050838314,0.0911601911428499,0.04676268282340301,-0.01999916379393807,0.4108939530486826,0.5854709725902525,0.26662868693277697,-0.0705956169588331,-0.7740302880148366,0.014702962500649175,-0.06166105610323336,0.22622138780063417,0.15893273749411674,0.09200813831436816
490,0.07701866443758303,0.9220390205449089,0.6866158424923704,0.19936727045170488,0.372565028432581,0.5428400798417822,0.2312381651555765,-0.3118744881610622,-0.32597922370894716,-0.051445134985339536,-0.06984264514553984,0.08910570322824818,0.04702265250617432,-0.057447189366160556,0.4444398876004111,0.5813503997785074,0.33117770520988,-0.11253946841545548,-0.6411024020476546,-0.012104059645590581,-0.08672408487463468,0.21320212134114236,0.1495067357477161,0.08463490024590403
500,0.07835093246214393,0.9218764923649191,0.6854971973255048,0.20224917020244448,0.3556186315556975,0.544365226088513,0.21530187498513653,-0.24938710900411687,-0.3630068299758329,-0.010126934483163597,-0.08214163568861332,0.09629363135430158,0.04147633881843349,-0.002773800890401912,0.3929828353429926,0.5878338528845827,0.26525074123703163,-0.13207903926358,-0.6385964935500392,-0.0061507894304182464,-0.06487519723344581,0.22269844883325118,0.17128840449671567,0.09914825542553363
510,0.07584768621087859,0.9227064103225128,0.6885715831270144,0.18966614318993047,0.37547229997091824,0.546583732400562,0.22038175169876084,-0.29383370540739273,-0.3807194582976461,-0.06176530896455956,-0.06413003797432726,0.10740940924555842,0.10782234293949278,-0.03903287957688528,0.42201945751127723,0.6011868464586347,0.284280714835749,-0.1586061986410725,-0.6274114125261012,-0.03261002200968477,-0.0661647309743576,0.22994910734389118,0.16644126199594733,0.06586209720975489
520,0.07268798289844221,0.9222841659585201,0.6859797802568993,0.2085585881833194,0.35553989073110914,0.5428509868896028,0.22967958681558587,-0.30751807213072624,-0.38275741873762614,-0.08313193949017661,-0.035296303075472935,0.0812363168210829,0.043436410444726015,-0.019061159602619338,0.4335130080109474,0.582517129493244,0.3036170899571684,-0.13822728769729897,-0.718352530409708,-0.011318772191137638,-0.06457064685224734,0.23153822203938856,0.1701539920252192,0.10404054964290621
530,0.07372569212495125,0.9208508684657993,0.688060902796663,0.21266388276290937,0.3648341618503238,0.5221742702018486,0.22775104937468016,-0.2731516429483789,-0.4493309533998493,-0.046357848013921066,-0.03430375525875662,0.13026649264238932,0.06411650778989042,-0.018789002577454417,0.42618731151486755,0.5833470959985056,0.27989028318823705,-0.11289720706207906,-0.7178442831809022,-0.007332025009246124,-0.0857294890780349,0.20196220082725092,0.18763233983984984,0.09315014516184617
540,0.07478318185360264,0.9216874080162477,0.6853065128447161,0.21435875423784156,0.3970625504538825,0.5333532360616425,0.23300704815825168,-0.2694969116751802,-0.36149182404703595,-0.07277743074882115,-0.0729450792000148,0.09334056645805289,0.03589614339244129,-0.004427686433927214,0.41999561099213234,0.5738196836385752,0.2831675734771629,-0.1738932176345478,-0.743257555438291,0.0004067296230179096,-0.043345996246698215,0.27107832406433885,0.16451019515831145,0.0920861046345206
550,0.073235511941836,0.9222833488648686,0.6869175481974674,0.17598189426831523,0.3591396330284673,0.5372451478175138,0.2225930206696224,-0.28403261927355183,-0.44014084712806967,-0.038445818368771256,-0.024579397697671368,0.0911327400188674,0.04154100977577724,-0.02145021521139756,0.4137730411447913,0.5821485862152971,0.2717198506427345,-0.1161807275976674,-0.6470997117229311,0.018146215018560174,-0.05718986928626646,0.2030034391329706,0.17607857670361493,0.07456180262835099
560,0.07203991041377966,0.9231761749048268,0.6876895241333065,0.21026550169059788,0.3451209318330223,0.5243665140416722,0.2171176374536874,-0.27435196089760017,-0.35727808617070655,-0.024147820869935943,-0.0798952400326558,0.07849538266762901,0.03738428448198117,-0.0213025801942468,0.40587438922481034,0.5802459898574941,0.28330655003190797,-0.1357193527069387,-0.6982569949187636,0.03937748176152467,-0.060882880884318036,0.17224000037577847,0.19257782104681787,0.078300550897615
570,0.07700703871399936,0.9221268152899926,0.6879068370962604,0.22951360619064753,0.3565495151575476,0.5244239533184782,0.22849739514939627,-0.25975051365520674,-0.43305733144340564,-0.04711815936565156,-0.05610626526467377,0.1190740184384439,0.03084005808251733,-0.041675015656861714,0.38864896978563523,0.587924279866531,0.287359058226313,-0.10893787702606672,-0.5478237029023938,0.02460447150511591,-0.08946486569939593,0.18021034138033987,0.1664457955406251,0.07699008136605123
580,0.07474112181621403,0.9209576516784205,0.6851110448995679,0.2190043354020894,0.35707110233830364,0.522410271648239,0.2373710075384614,-0.2340081255879538,-0.38881596967277,-0.02588098182832166,-0.04021505136996262,0.07176740818719118,0.048568427000229564,-0.05149368917692487,0.40557490410306796,0.5765538775001531,0.2704384139339614,-0.1492094181928263,-0.7133548681622119,0.020421605240182217,-0.06088329255854519,0.2177030164293734,0.16649032827740884,0.12005025709134987
590,0.06981707521387241,0.9227429916528307,0.687570275696037,0.21999561012196978,0.37648833804530435,0.5142328105696377,0.23380205070275883,-0.2944291690434089,-0.3960638126590388,-0.05204799533223459,-0.04515128649656308,0.0902002252277555,0.053364105431294995,-0.02124136686864153,0.37937339924325364,0.5930621286590425,0.2918361829826305,-0.12606064896782154,-0.7586807301087453,-0.00676908619131078,-0.07539485188564599,0.21531683691340675,0.1873332712654785,0.08699256788219767
600,0.0854498222237358,0.9178723305179326,0.6843095402065422,0.2134529966898122,0.3728840898450916,0.5309342507572006,0.24871982680087146,-0.2609006344994398,-0.38104621914283965,-0.04321637052423544,-0.05675605980198317,0.11840902600658298,0.07759502983495603,-0.051768626223717584,0.4043783090412585,0.5806693158932933,0.29192887938338496,-0.13230554583510168,-0.5814042441953815,-0.012092402901844101,-0.06530379024981103,0.2317179578741213,0.20327351229450785,0.10527696565172506
610,0.07761928717788326,0.9208200946177889,0.6855341768994089,0.20769914271061718,0.3640796993157992,0.5329187596091381,0.2472024753265013,-0.2969068173800875,-0.46913446278910054,-0.030106743760775156,-0.0718585786912016,0.0855282112320298,0.04691732944623295,-0.030564504000086146,0.3971150335600656,0.5576258170025121,0.28454762815628176,-0.10050567004857736,-0.576078860345282,0.04357082009975366,-0.07142018882171786,0.22837711062577803,0.15357416720437866,0.12742466228328808
620,0.07776958913805,0.9209199970261621,0.6876456310771765,0.2010026843418048,0.35653290893770717,0.5407253863475469,0.22845794944999842,-0.2650797895630612,-0.41495705896596413,-0.02892736843547028,-0.04677551989426321,0.09814070208664971,0.05241575810279464,0.00028961819503603436,0.43523840269955405,0.5827497975426925,0.297245857705169,-0.15009329018061268,-0.6039949038927679,0.023300511995015816,-0.07878643848442857,0.18255764156693854,0.16152666547333094,0.06159185687137947
630,0.0791153298111807,0.9196133704112237,0.6864012366248106,0.22253680866134762,0.3470059913958621,0.5097838492425864,0.22884393605458642,-0.28469571154854445,-0.3947534523613021,-0.01770586330154833,-0.039429288258507666,0.10274782432498952,0.06305576807876456,-0.012252826088156255,0.4134399906187589,0.582676035322756,0.2634514221066284,-0.10901722637219646,-0.6817994766978368,0.02408004811486919,-0.06361132925386492,0.23192387235239387,0.17995345983792332,0.09518809380528537
640,0.07847641108488132,0.9215193198839975,0.6874192645321997,0.21772125604438342,0.3681082705299821,0.5331026336835328,0.2403939145344689,-0.3146448295240418,-0.40030763378882894,-0.06056824060060895,-0.06476563499482157,0.10451669300205224,0.03581823706824627,-0.03274829935401713,0.4213680995493624,0.6091359801950031,0.2797221530395152,-0.1122354331410107,-0.5933320222370475,0.0085558187733078,-0.0777035005022193,0.2133863767056179,0.18880541584433652,0.08367537795529523
650,0.08660680302555354,0.9175696870870362,0.6811000772685167,0.21024412832009243,0.43070129724681716,0.535745759542526,0.22778153999804795,-0.28223822951416544,-0.3095797806190661,-0.051738580425774394,-0.020590769830169497,0.07103948648342917,0.05720873451400965,-0.005930320353608076,0.42999167790145487,0.5879429876497863,0.2868724228759667,-0.12361240476776914,-0.6304090240087252,-0.009091686180445535,-0.05001068633916983,0.23073604892230526,0.16734760216781197,0.06633265995327042
660,0.07564082758256854,0.9208230121593488,0.6872734146306854,0.22471537827868338,0.35228111360452474,0.5367158239319446,0.24309562152222985,-0.29677373254319406,-0.3998644278856651,-0.04703847932788063,-0.04932295722315194,0.10136763375113877,0.06869392606671143,-0.0467155790051661,0.4132292054434512,0.6023515691834956,0.3016874577384001,-0.14615852513222993,-0.6934405455987325,-0.004275394821684042,-0.06809858920483358,0.2409656825587776,0.14505983142020074,0.10998236647691895
670,0.07127560825922849,0.9233400151094059,0.6875626287690969,0.1982885074999673,0.36853385683116935,0.5285365219761822,0.23260355687238465,-0.27117135605434073,-0.39196684993869724,-0.07017559898494463,-0.05666022026047446,0.08481370807121891,0.06423193994429377,-0.030830262945570786,0.381100378079393,0.583193348803329,0.282195595836495,-0.14139753774154218,-0.6924663916759413,0.025289505279434965,-0.06598809105357772,0.23884265875613186,0.16323490781648986,0.0665795963323974
680,0.08231154677719378,0.9185307828219503,0.6831768554652123,0.2375516416451291,0.3795345068202868,0.5206785577330588,0.22985298156365774,-0.2711455331363801,-0.3860312446768168,-0.03502808497240073,-0.05914793830141041,0.1059753889292151,0.03353933839271683,-0.009525247666960945,0.3979678940914686,0.583302838627237,0.26879646723700235,-0.08638701084061573,-0.6473930485795516,0.002836917556298668,-0.026002267412774893,0.2004723591991059,0.18205819043334592,0.10663577567945781
690,0.08467432656557101,0.9195470118121364,0.6859106667053041,0.2208496973398083,0.3488592286215827,0.5456960917348839,0.2047290380674318,-0.2697581008638723,-0.33084256089359276,-0.041293432989038203,-0.05181975772225922,0.08258718568579115,0.056266503713242155,-0.0018243017825698704,0.3668636935430335,0.5796259394595702,0.2824820881340777,-0.11132788247890502,-0.5882579303798339,-0.014034157179333873,-0.05592519873134205,0.24104837122063572,0.20339383197862193,0.11084251139905943
700,0.07250363362840602,0.9224731040301519,0.6880363123701061,0.20174162491322978,0.3731227084201434,0.5493005630397853,0.24042292774205987,-0.25260008002443124,-0.39580304573120384,-0.045753531158892136,-0.0918916317628351,0.0808094162975832,0.06671556063055872,-0.07987370842958463,0.40329216546341307,0.5811882621185227,0.2834577370557637,-0.12711895571527654,-0.7086442231128209,-0.0022086180808891243,-0.04936142660332643,0.2397244273569975,0.17882704198694022,0.07722909179078863
710,0.0760765070210869,0.921562010148742,0.6856871387038803,0.24866118265172632,0.3418971267237606,0.5225294837538281,0.23743331242421573,-0.27618498000710856,-0.43587705945749433,-0.00797391740801845,-0.07356033526796435,0.09908192411868688,0.020588700271648053,-0.021811198518300712,0.4481401510846772,0.5858759798411549,0.25734233100718673,-0.1488309548050284,-0.6486670129163141,0.013294490077303989,-0.05033354100997367,0.21574050599512595,0.1650105824950805,0.10524987638863204
720,0.0732041510695443,0.922086376542757,0.6881211112097544,0.2326107523441806,0.36492560610522407,0.5218148035240812,0.23686673280250314,-0.3245296684019634,-0.41090863733093297,-0.05145239255427825,-0.042003279415959716,0.07732667691772555,0.027306422176254563,-0.015887887920368327,0.41108343113562873,0.5590160737568131,0.3089876695807857,-0.1444876513894806,-0.6640094842142825,0.020477303068750397,-0.05170645543089658,0.22300145299749174,0.1405654909047903,0.11829021380436333
730,0.08019026549756511,0.9204044993685868,0.6865935499000855,0.19903269227054599,0.3839703996405651,0.5346890671627844,0.22527516672203163,-0.2755824105135909,-0.355962365718983,-0.05150629431534104,-0.044476500234531535,0.10231854626228454,0.047346950217518,-0.03967251280782946,0.4151828976455775,0.5932404733395229,0.3028751674042969,-0.11436446787717913,-0.6154566672274608,0.0047741663754247154,-0.06699451009211632,0.21351695044239982,0.14629454895731264,0.07949427779563556
740,0.0872387571610186,0.9155784977064619,0.6840557966013066,0.21588471920156194,0.36523886485686263,0.5445645223730942,0.23264592422060848,-0.29777036091106135,-0.36515066084830483,-0.03744792450708956,-0.031703943507482624,0.12556167034615184,0.07791434151870436,-0.03889416967230774,0.4055663898012756,0.5852919990659007,0.30006611942802897,-0.10614300320703518,-0.6378536543139535,0.02705256261965805,-0.04865886254044072,0.21252413665389103,0.1797206548698732,0.12360457493345522
750,0.0790791141898392,0.9207507473771156,0.6839662588522506,0.1900730880921787,0.38347830202941335,0.5308544252342879,0.24037329902377635,-0.2629742270696507,-0.34405910469051637,-0.018957992371268162,-0.07520273296959501,0.12369755296720975,0.044672269076215354,-0.06366393246149715,0.4427595874903669,0.5828379382441591,0.2825531297077336,-0.16674683215426533,-0.6495172289670859,0.0006753525180233089,-0.05906730466214061,0.20782702011882126,0.163032697825493,0.1080160910049639
760,0.07868680043047174,0.917845627624827,0.6836006376837818,0.22185375976465493,0.3844673501680146,0.5492632372638038,0.2182374197374667,-0.274917455653646,-0.4140489245412353,-0.013965661383139594,-0.027402334538135786,0.11174304836300741,0.05832735872984074,-0.03697129387820475,0.43791651906148277,0.5924626325808243,0.27842377939658125,-0.14084699507167175,-0.7360897271780986,0.008299930337142492,-0.022755255478146497,0.18673000174485022,0.17110534706629688,0.10059007254821895
770,0.08585496707397358,0.9152316900755842,0.6842042310561344,0.24139625846381552,0.37698340716161904,0.5440032492638607,0.23812557090005948,-0.2728904363993554,-0.3760181463809831,-0.0188951592526867,0.021604522145593497,0.11927840450133254,0.08595231235541823,-0.05169338575989246,0.4222381781998542,0.5900229792871909,0.29913530095360064,-0.104506277194935,-0.6963964232434277,-0.031004276742008674,-0.09939275915280121,0.2206468134351729,0.16375418222684435,0.13060999378517302
780,0.08384908152899596,0.91871594484528,0.6845715406075253,0.19959264649777775,0.3574726191490939,0.5331816539659671,0.22308397830228033,-0.2844123289650182,-0.3383468837961985,-0.0441203633792242,-0.06307904644146989,0.10212991095553448,0.08034352858098259,-0.023327231119778524,0.4438017010263354,0.5835415445435979,0.3081789926943743,-0.1265909134499883,-0.6378242637421307,0.005853977872786853,-0.07712226348121898,0.24196881120565372,0.18058288395083377,0.0959217577387248
790,0.0752882262704053,0.9195736171458048,0.6843679932263159,0.21819342604623104,0.35602879632081863,0.5171773502399346,0.2495382183037721,-0.2788556594591949,-0.4596580166394246,-0.01656397089381434,-0.04525765030532569,0.10247948042862398,0.0730388922028079,-0.03914873748499992,0.44788000990934695,0.595139415861027,0.26609913161586285,-0.10889061303531267,-0.732697915058873,0.014159821390067773,-0.04854293594521297,0.22880708125494909,0.15407106814021532,0.08805555878701188
800,0.07823180175939318,0.9213767895903128,0.685868476679081,0.2092848105004549,0.34516575114003,0.5183528995456481,0.24993911199292984,-0.28640397240877724,-0.39768348165857925,-0.013560722605545417,-0.0643003467265646,0.07032036050793111,0.0471066994225775,-0.05797418519302533,0.40892310456613223,0.5800213914223298,0.28683061871175763,-0.10982591453557022,-0.586686152234785,0.00351030332237956,-0.057183423421641066,0.2273711762790095,0.1817069242805055,0.08795288404005941
810,0.08425703476213739,0.917097414553387,0.6839769934888972,0.18652815116050292,0.39084958463219943,0.5546418592034628,0.24612229302427913,-0.2769902714537358,-0.4166455620602205,-0.0316945895998908,-0.009738112753456374,0.08345035638295228,0.01958771969373252,-0.00879071659596442,0.42175498698065195,0.5854660580297977,0.2763684090476296,-0.10672731831834548,-0.6214332155609745,0.016812631783373333,-0.047336322174222456,0.21822816075610174,0.17025308911664183,0.11869053871037039
820,0.0775751867274043,0.9197980238900751,0.6853225143442,0.2104934871621954,0.35342912750575783,0.5310911946348653,0.238376997620398,-0.2829453277439926,-0.41807902184102774,-0.020473810477634302,-0.053906635328754504,0.11710173959016357,0.05444252015126594,-0.08698416977109513,0.41986358914262334,0.5897531823923118,0.2874556703505764,-0.12080502063830445,-0.6582916076744336,0.034022469188882964,-0.05115705326060671,0.22032068908445468,0.16490051554064555,0.10047038564719846
830,0.08306333224745435,0.9186522938225876,0.683270456787362,0.22382491284075068,0.3726187187954263,0.5279389044599632,0.23338189151734023,-0.28994143274641915,-0.3554626112496697,-0.04024341066228576,-0.041179233103754376,0.09524705311708548,0.06057686559403952,-0.043324063751007946,0.432271576065115,0.6023965342455544,0.2659933843116067,-0.13739877289748836,-0.6394695398534951,-0.0006811791354714991,-0.04643397663330551,0.21172961202783835,0.20808922531449336,0.10439551894022547
840,0.07952244099660936,0.9202975768303486,0.6832124522450593,0.2203635965145353,0.3700595601894826,0.5351653406750125,0.2321021273172058,-0.31459334179307996,-0.37527174689278064,-0.041639074641625085,-0.022533393915582955,0.06950038354352617,0.07039314851997658,-0.019044205002753944,0.42124578936048396,0.5872981142698271,0.26883576520334096,-0.11811771675094773,-0.6359307180348179,0.005089875731749904,-0.06221151168512207,0.2290844109482869,0.17505748944933652,0.07511736792274293
850,0.06916762538897286,0.9245282284526997,0.688475962151059,0.20443417414450915,0.36495915636752474,0.5506362545160679,0.24766087360073763,-0.3250442359126686,-0.3856045226077882,-0.057557978799221976,-0.04751909966783896,0.08562628864782418,0.01954368838133247,-0.07076844818114703,0.4371837388065376,0.5860087809255203,0.26582457289795736,-0.09849122759793061,-0.7172089593097364,-0.012435530068280798,-0.06937686017326383,0.24059606286619872,0.134884365069453,0.09916903926264342
860,0.06394756636187579,0.9253996442179522,0.6901947830676448,0.16077013352885894,0.3751860430757006,0.5184641047318004,0.24541363625048196,-0.2717768071786655,-0.4489841251005662,-0.02657663855242065,-0.06853910860375922,0.12207854354910763,0.04324821085118258,-0.05941814058384054,0.36325715065844466,0.5505234234821172,0.30267735484413993,-0.14202273282762556,-0.7153619771881257,0.0005079611264855455,-0.05562043803737371,0.2193484251511889,0.15354428916799623,0.07617958525426416
870,0.06812142490078743,0.925734984857668,0.6886222152234803,0.20525474400613708,0.3778526552554097,0.5251633596339369,0.2112181112078264,-0.27026050436072,-0.30645602634452196,-0.06462916893620463,-0.05284723081768283,0.09999563644665854,0.0387674852197567,-0.061957229747450215,0.3705383742783881,0.5922433828548772,0.2576691566276649,-0.14150703417783883,-0.7432176549270035,0.01227362514674546,-0.08191632677728133,0.22295645584628465,0.16971372867278067,0.06969438380877335
880,0.08201683841018681,0.9202270450009782,0.6852945168582446,0.2077036806435728,0.3902058238759294,0.5235787767625084,0.2023076462578851,-0.26949300065542614,-0.3065174113989382,-0.04376431229618505,-0.05363782897336766,0.09424401546732175,0.08126657526775272,-0.02932443944271923,0.3856054626676869,0.579649741146465,0.2659794551062665,-0.13262131771862684,-0.6404492527628809,0.009294675749433434,-0.05736641748949145,0.23084027562209064,0.1756455626475164,0.10920589613712961
890,0.07894134175342443,0.9192749173254787,0.6834677262003508,0.21084188330486742,0.3572256096029901,0.5410331968886413,0.22815545926438163,-0.26362396741725913,-0.3561433938996754,-0.049813733602164456,-0.025264603115853435,0.11263267041228409,0.021608825186078207,-0.046922490938013484,0.41284679858635964,0.6109695842168726,0.2821785692834301,-0.1337591856710405,-0.7161966073093147,0.03124222161141421,-0.06855468110240337,0.22131526088123488,0.16858470859751373,0.1194120520415698
900,0.08236591979378428,0.9189792856955165,0.6833771568610478,0.222104304284646,0.3759584177674532,0.5462200583798843,0.2308476806007781,-0.3003868129931837,-0.4213635912505158,-0.010283915214545303,-0.044460857156780165,0.11590725912832289,0.04761450279839352,-0.030526607341041956,0.42570321280135603,0.5940614341135622,0.2771438708361099,-0.1312323281384904,-0.585612830732243,0.02896746800146688,-0.08197941043963208,0.20897781111034353,0.17510272413910455,0.08692192497448115
910,0.0795651168971694,0.9180630716168479,0.6830214032637274,0.2313919102295885,0.36448958959594446,0.5359910992715189,0.23800947181504983,-0.25701491154363176,-0.3536502513664286,-0.04880819517367474,-0.008198576302519633,0.044084717879480984,0.0620052627702099,-0.05002345849386103,0.39924978819688917,0.5849114195919483,0.2973580437881087,-0.10962180161391544,-0.7346968025778717,0.028192949752060326,-0.07392477721203483,0.23500980706927044,0.1762214218165561,0.10989074734786941
920,0.08946891739530945,0.916975661007513,0.6816518122167967,0.20470717093738722,0.37319511203752787,0.534709726190506,0.20728445179514865,-0.2740828772852195,-0.3154119030333624,-0.0007426290643666178,-0.04454021519054363,0.09888709440834875,0.07349550321478715,-0.013576758602947159,0.41979597673902724,0.5951649454994683,0.28774076821955397,-0.10591768908700105,-0.5900730405263177,0.007105591294223279,-0.0704743667812604,0.22226594360605123,0.17575461525933556,0.09355984567115161
930,0.07745034490783113,0.9195286790371898,0.6862849310017171,0.21467720611309982,0.38814347441757724,0.527166668713617,0.2522816654317782,-0.23091612876977297,-0.367520957270989,-0.01727102883042897,-0.052107388777387076,0.10774592028916308,0.026227099764104866,-0.05621992390895647,0.41954622429351973,0.5806782037119944,0.29666506781393887,-0.1611111459722181,-0.7117564786192039,0.036036466039962134,-0.08108034825712807,0.2032219190298813,0.14788735974481015,0.10416336810709148
940,0.08164373715217696,0.9180826996151122,0.6828840507102856,0.21609359112965443,0.4054711051571973,0.5402310920068749,0.24670798699306762,-0.3087405250807149,-0.4092972929996226,-0.0026706579014439402,-0.09916222440842026,0.10857055433980156,0.06750726612963742,-0.042995963200886056,0.43152383616738477,0.5847046342294746,0.2650852789021232,-0.13399577305973964,-0.6804879931071726,0.03000234611654795,-0.04774156310850963,0.22809517410949742,0.18296078114243275,0.13265682663853162
950,0.08196326784331878,0.9193865945859521,0.684744195454341,0.20570118514602165,0.3627269789979295,0.5314966585879313,0.24144067243370582,-0.2803073292015146,-0.40616261176562185,-0.03270328756612173,-0.05764827861248345,0.12091729312709676,0.06599841256280348,-0.03923114942055439,0.390766725924938,0.5772384913620505,0.300955331133298,-0.13694148302116482,-0.5792154113297574,-0.005434338952531759,-0.05158200763455523,0.24094607052138617,0.15131253721770288,0.12095416519913571
960,0.0794697454799063,0.9195803477969077,0.6861349851578314,0.21028007727768683,0.3717887162588297,0.5565884629712854,0.23648283956840088,-0.27108335656459315,-0.35916694992456377,-0.04681708651642791,-0.02186816246780121,0.10255355462178517,0.06908217918712567,-0.021265527779604332,0.3776420003705424,0.5827486649396848,0.28289472701615037,-0.1598507017850428,-0.6611159004136149,0.009908893819494557,-0.07247532019395275,0.20827704047539142,0.15616475876535152,0.1180957454519046
970,0.0788147342179587,0.921525733748547,0.686064329613752,0.23342890437696306,0.3971657652248849,0.5360295014407253,0.21282580406959417,-0.26186346829369533,-0.39310366561822563,-0.018106431752419994,-0.05090836194607906,0.07601396829810503,0.048663243390543065,0.005154386833730151,0.3862381259632601,0.5845466447560275,0.2665460943649568,-0.14809503196583895,-0.6019838185772992,-0.01702815285911652,-0.07019310333963036,0.21543297669160288,0.17844638321550832,0.07589965430353673
980,0.074140965657048,0.9236655449407478,0.6862286909914211,0.194342280512819,0.37976761445322127,0.523497303259735,0.23860499648604105,-0.2921537078674372,-0.4154984917157205,-0.02199297329359373,-0.0728065693311637,0.10573510754429116,0.019197536864784648,-0.029669568259489854,0.4251281799967126,0.5818985614372647,0.25175340552042513,-0.109752536165582,-0.6190637851449454,0.017547027945102767,-0.08152078702946097,0.23503374250632214,0.1492120452827882,0.07770089579589379
990,0.07956266620676661,0.919646960934433,0.6850248782932751,0.24325651503791668,0.3863971092496091,0.5342055255319393,0.24919857281420554,-0.32016352828051464,-0.3392712126872226,-0.07648659016626813,-0.037922338823403345,0.10423961934310266,0.03518262202187683,-0.03327061106868001,0.38961130720881887,0.5707512150752438,0.30452381418471874,-0.12537862550414292,-0.6641673680571647,0.0070846287611940895,-0.044503462202689414,0.22631204564029206,0.1659651262853623,0.09525162597790449
1000,0.07302829600836083,0.9214072794264513,0.6856049264602788,0.20141566959676693,0.3551562296577504,0.5416297358566896,0.25200757628119674,-0.2879815783284678,-0.38909699335339787,-0.0537164883648944,-0.030742860592269494,0.11359843203946163,0.06886227961931124,-0.06265986812961222,0.4167872328842084,0.5700051234033412,0.25193046538905717,-0.12424384520863208,-0.740777299985945,0.0187764145455932,-0.08784490275782453,0.21394876273453856,0.19033413951337796,0.11620599137532783
1010,0.07983014957062688,0.9211296558732587,0.6861632669624093,0.1857210146359095,0.3614370961510033,0.5174283953900037,0.22673757065069156,-0.30513905743368497,-0.32605977702645195,-0.017727495845593744,-0.07390620577240092,0.09014742699284117,0.10985502305827588,-0.016884273318321652,0.413277531070254,0.5949724653092276,0.265820767439944,-0.11127892087413205,-0.6363287727596738,0.03457805467810948,-0.07322887213043416,0.2183614927315457,0.13312420471114017,0.0855254733249119
1020,0.0733499581205193,0.922322913546253,0.6857998525630783,0.1822793745597412,0.3713388562243314,0.5308978547113596,0.22909777902690842,-0.2724503173449009,-0.3549594492952972,-0.08262512170717762,-0.03897981082694768,0.08477030341352265,0.05622607057145079,-0.0010913910938030735,0.38337500208141717,0.5934422065686695,0.27203111925685985,-0.09120908002620709,-0.7275011491517589,0.026946779764143725,-0.09374561832374262,0.2133639425241145,0.1708703862238038,0.08827138337441764
1030,0.07410463451588012,0.9239420160684091,0.6886118535461913,0.2200416167847551,0.35777107446324385,0.5228621132288416,0.23721118878854375,-0.2717246301305487,-0.3907971007321196,-0.05936344304069441,-0.07139610712324207,0.08008953569267974,0.039860355589559915,-0.06715972334268305,0.4037343385717743,0.5959856347740242,0.2628737260962535,-0.1546521018437632,-0.6079875183326822,0.013950130865714727,-0.06432803446516733,0.2557518561219717,0.16789799306622855,0.08557641980079222
1040,0.08151694735332204,0.917860829317248,0.6846504333058311,0.20924049107883003,0.36810481251415306,0.550496851502343,0.2282728798584278,-0.25540953821889567,-0.3865380087261421,0.000592409217032408,-0.049870225679632174,0.07752988154318563,0.04870135561631961,-0.06066339847936275,0.4524539613380819,0.6085894968304909,0.29379740970285373,-0.14381388823793517,-0.6924724167497818,0.005343461551118978,-0.0413610584227051,0.21922898081113995,0.18019856914420274,0.09943386822603784
1050,0.07872252332505948,0.920427809290597,0.6845287670227366,0.18459166370366475,0.3894331384937174,0.5233104061896785,0.22692541253185428,-0.2946450338684019,-0.413945776709987,-0.024735397182432006,-0.058604624896557045,0.13563012718465872,0.021696246485474635,-0.0005558928650799544,0.4274946345145959,0.5894242453569336,0.2684504957313818,-0.10143017407080857,-0.6486980468422863,0.027022946322343255,-0.07012778887713234,0.21768379235107926,0.16104186993118097,0.09321074634237092
1060,0.08185661898948597,0.919638191157834,0.6865634942309846,0.22355394131092243,0.3784927238426501,0.5409436552711158,0.22551439480078295,-0.3018761071930065,-0.3796367808959247,-0.04952338202788331,-0.05742770407927278,0.10111915157574625,0.05216803092094291,-0.03873940574719281,0.40499631070155884,0.5842326900044575,0.3040534080907886,-0.12286367330315029,-0.6015463755169523,0.0021374146080126444,-0.06878739867408656,0.24186508036915844,0.1866478429360484,0.0936651817844899
1070,0.07861145581719427,0.9200359208181198,0.6849472112459245,0.1872504481370939,0.35153787006164294,0.5260325144666442,0.21814525095694637,-0.2783107479626088,-0.40854334052515084,-0.005612157410196383,-0.04353602580560545,0.07248707888979522,0.027382035932221438,-0.03605691827387392,0.4287779353587333,0.5981912528709363,0.281923731288955,-0.1226966196692707,-0.6456012894593415,0.014095471103127144,-0.02634277363722104,0.2139976461043076,0.1809726216184675,0.11674658811547745
1080,0.07847641003607626,0.9216087500788382,0.6867908629467996,0.20176636863706332,0.3827521441875513,0.5295022068258701,0.23338107578235934,-0.3210649574393041,-0.44340263809556335,-0.032315354574457444,-0.06190435335765598,0.0515868621005352,0.04951602675656008,-0.03251988572829245,0.3865531480090555,0.58494783652423,0.2927974477403348,-0.10369468437132467,-0.5349065764681542,0.016736992207066925,-0.05114225943985895,0.24333863334747707,0.15414595950922705,0.10193061860488228
1090,0.08131542907333646,0.9187853001108965,0.6859192660908999,0.2228915440092194,0.36946451351327725,0.525207437151213,0.22309713730233738,-0.2781331672692795,-0.4127987601956422,-0.047778516127109816,-0.04222286868633396,0.0798725683621534,0.049883521224463045,-0.04997897990485223,0.42468587857593965,0.5690871585288844,0.2701890462244019,-0.07602177423186074,-0.6351972321276982,0.03294644331323748,-0.042790341094187445,0.23698145808799376,0.1886170300740594,0.09962191380984975
1100,0.08145717431201452,0.9185282415539606,0.6817739313250594,0.2081157888512325,0.36625868288597185,0.5687742783544786,0.22733868454913686,-0.2877650370930498,-0.44143001201999055,-0.0037939171808352157,-0.030800474150129986,0.10636756251288093,0.049571351764589044,-0.025148761277633547,0.4050215984874066,0.5879994320013067,0.2667345521406933,-0.135615978494928,-0.6322633599337282,0.011277516008423194,-0.05493347927684944,0.24578817851204715,0.17226717751905218,0.10683687639223094
1110,0.07592067617835944,0.9234016987188838,0.6902016422091292,0.21389333067228,0.381460852011377,0.5406080173259086,0.22638420377352086,-0.2818986053889645,-0.3963492026866873,-0.04047999395880941,-0.044126997607065066,0.0692990642390805,0.06728355189370261,-0.030005903728829386,0.40786951687251005,0.5656166856695867,0.2767801339646466,-0.1456426530090036,-0.5689873368751237,-0.03425191018972917,-0.07698384959848759,0.23008842100567506,0.1521023126020251,0.08167456275793494
1120,0.07245780837423328,0.9227302344924704,0.6867440706100044,0.20015112714794692,0.38676760394895604,0.5492374767119759,0.2085161859557617,-0.3200934041765706,-0.43107722481093047,-0.012893929272306925,-0.0667071721350656,0.11804098051557532,0.08039894681574011,-0.025837120435414862,0.4100426511022649,0.5851472546332623,0.23779452016100355,-0.13268157489186683,-0.6873206128104901,0.023226445087474512,-0.062156040277995706,0.19765168164316338,0.16659845313746613,0.09680772780894875
1130,0.0783086046726494,0.9205583301653016,0.6856899961511734,0.19812582771348797,0.38836216836741955,0.5415672539697112,0.235407658854904,-0.30707294584848,-0.37674986358989293,-0.027493035092870377,-0.0624908735635159,0.08379782896698507,0.030124242722995853,-0.024189241669125394,0.4012006880783656,0.5958448186767623,0.2934326509756233,-0.13223678558214425,-0.6374155011448759,0.014447672629741448,-0.04448503378598079,0.19707108766923342,0.16221983153258424,0.11501224824470935
1140,0.07172409219569797,0.9218399065453342,0.6868052004854919,0.2254294299680164,0.3698714971672906,0.5443262072771131,0.2261741868742695,-0.2959616923035995,-0.4841254038420151,-0.021127831054227553,-0.052584643650277485,0.08376875970649889,0.030127951546263354,-0.04598586853782316,0.39322224387893656,0.568835438958329,0.2815672898631969,-0.061434527494628854,-0.6927933078219879,0.006536966487676876,-0.061381197390257825,0.22962971215457773,0.15840445810475523,0.10370626621755052
1150,0.0741387619700228,0.9210912639320256,0.6874229320914034,0.19454684676383371,0.3805880861082056,0.5333873199104853,0.20400871251863284,-0.2702526171041768,-0.4006329934079156,-0.017793839082047347,-0.055854517813227256,0.1143772703906718,0.05010341055003387,-0.04558051900962834,0.3559308660162257,0.588795954693418,0.2990508107657549,-0.10996421022440872,-0.7127082865829795,0.034859642141102265,-0.06815369392620951,0.22068131243451905,0.16696659853187623,0.09455784769631281
1160,0.07577313571469987,0.9243648268240475,0.6884793359462527,0.20471796849182666,0.3396721069899109,0.5317158538577571,0.22701773972364836,-0.3352428645174368,-0.3740926639331459,-0.013001076764793007,-0.07686119228914445,0.08622629051669517,0.0190032677148948,-0.00928105880128216,0.44704042811520117,0.5897076474845866,0.2827785422675848,-0.1339912735644173,-0.5697978090194211,-0.0013712334636670764,-0.1278186288296581,0.21306894654065534,0.1863810594298584,0.10536380005904411
1170,0.07765982093759777,0.9211515842234863,0.6880408300108365,0.24968767713085183,0.40052014784435175,0.5116383671915494,0.2230767136591435,-0.3181579927828835,-0.40836204436764123,-0.019400228616598625,-0.05625371691855641,0.10957762915406688,0.03592969455919448,-0.018636046304745246,0.42714419013791394,0.5607588594509725,0.29805181785937584,-0.17568843998071726,-0.6083696530203879,0.009901385135413276,-0.05616697959941441,0.21719615648197943,0.15768935576277032,0.0907193469129145
1180,0.08509606738704759,0.91876443984664,0.6815590007398742,0.2027092872636468,0.36304212924945145,0.5302684288937202,0.23151232324557713,-0.32843580905708825,-0.3516934212604901,-0.04271186829536111,-0.025566487593140952,0.13809865047008452,0.06830639697899255,-0.005439355753621866,0.42755946071962114,0.588851338804337,0.2525568674967148,-0.10328793226633093,-0.5987411524908228,-0.0016305164542766981,-0.05816768750887036,0.22623700427568827,0.18616390628799673,0.0873858521221722
1190,0.07100418246837037,0.9244793192163308,0.6901245240722169,0.21627122858147996,0.3859858246990564,0.5378212623916969,0.18338368199595967,-0.3018733043118762,-0.4083387575375288,-0.016128409118914888,-0.051611192395813354,0.07563184918511046,0.07626552468277059,-0.05326949352128785,0.40371994802835043,0.5831218954441979,0.2835529561907567,-0.1261176697514319,-0.6226241819088865,0.001681616763453464,-0.08249902638048501,0.17531494849792173,0.1433831906455345,0.0874159396557137
1200,0.07641168909939018,0.922364375476677,0.6881031600253951,0.22977727990480845,0.3688343454738183,0.5480920330248398,0.20961495068572633,-0.2858665248954917,-0.3845335087213868,-0.008346386042929144,-0.06960435252677866,0.09408078958358645,0.05268284857017025,-0.02741624022519984,0.37321850694121894,0.5928757141003455,0.2768223435789262,-0.1233741438783611,-0.6242142549687071,-0.006478291349506504,-0.06924455674360486,0.21273865332535113,0.1764030863150411,0.06858317893532728
1210,0.08247542893236748,0.9195451811093162,0.6845773519608007,0.1953438067780423,0.3654585423671862,0.5086308780107551,0.24635486049095967,-0.3018831220098279,-0.38191873220179207,-0.04105095416877402,-0.03965008039446949,0.12422786252294904,0.07089059518047236,-0.03848383656481125,0.43452521094384855,0.5701057872869657,0.2635079490032485,-0.10727443337216114,-0.5879168772943735,0.03764582707850728,-0.07597560251567237,0.23632974775392157,0.14402603427431504,0.1090905444104272
1220,0.07627114902834789,0.9220294910318872,0.687219121389491,0.18465746663308846,0.36563027538874526,0.5218056971411942,0.23623635546221888,-0.29728556421466745,-0.3538348848351305,-0.06014886404858655,-0.07664840549081253,0.09574965691830317,0.07980980715776032,-0.0003350105829962313,0.4078871153502214,0.5660334383242658,0.29390903429183934,-0.12109317990154977,-0.6543865482454654,0.006783374317339996,-0.07002613110470812,0.2106075578190736,0.1377066226902609,0.12863631652491092
1230,0.07502113679060012,0.9230320210497654,0.6869543699988716,0.19696762204400975,0.3557351733696573,0.5472731436178218,0.2230115718772353,-0.28376740349894125,-0.40344412292950493,-0.06403869015828834,-0.02392332293634558,0.09401283804723759,0.05550500137182113,-0.048315299597532224,0.3708324918934728,0.5843787791972527,0.2623112985391951,-0.08810948159730758,-0.6037944708103833,-0.0032832241240354776,-0.10331279636467539,0.22177843584829493,0.17236890817272377,0.11325742064089439
1240,0.08104558012644313,0.920116884844709,0.6868979517380158,0.21637819728746255,0.35978765483385866,0.5334057157135035,0.2368983733567408,-0.3101881672396145,-0.4213808019057006,-0.05747537257193591,-0.06124851759596428,0.12989897354500002,0.036772241279298234,-0.036157067357814876,0.4345845972375634,0.5758742228304607,0.28404920199285766,-0.11846572917388531,-0.5648268977970459,0.03732642221632576,-0.04980155057206548,0.23290930485051342,0.16924863478299612,0.07436774694275228
1250,0.06939977490823741,0.9231237319185858,0.6868918557116529,0.19329860253838527,0.34658502828507665,0.5273401839274167,0.21355628173126728,-0.29713719201256716,-0.4345449943596875,-0.04806954581553202,-0.05374845643744042,0.09754842282710419,0.05066996326375195,-0.042385887674657896,0.39837946556096937,0.5720607486575704,0.28175407152232557,-0.11834725316097527,-0.7213201572533623,0.01364136870110666,-0.05546353268915327,0.21310765350215233,0.2102899041249634,0.11018059783427181
1260,0.078268404241113,0.9211675096089703,0.6854144415855882,0.18676372378995465,0.38411073899664705,0.5370658984618017,0.23889951033648393,-0.2576334534442095,-0.3744128256732553,0.009182320587102777,-0.06255718774706498,0.1061874310419113,0.04847662985926482,-0.022869825791999476,0.3981832516820005,0.5639997289596645,0.25363557484296917,-0.14080316024753814,-0.644323176181846,0.011420174547143946,-0.08475006485333503,0.2202668158712805,0.16490282394867928,0.1078915600777175
1270,0.07635883332837436,0.9218582576249057,0.6861314639459767,0.19370618352840474,0.3539047508863501,0.548596209660543,0.23076424624102176,-0.28554152797854293,-0.39430318106870055,-0.053077001407048296,-0.05792156288416894,0.08944362128196637,0.10278881198157686,-0.06056929560317803,0.42026687816701325,0.5852854714784839,0.2725932173043363,-0.12151187649270367,-0.6117167624290167,-0.000634748805157459,-0.06742768345681571,0.18464747760949995,0.17073327511085423,0.103508996771143
1280,0.08711559190106004,0.9176618310703801,0.6822845733292946,0.21369741340283155,0.36142572470071754,0.5200955030459549,0.251541015608583,-0.27792173779749985,-0.3755199668048743,-0.04309191889781272,-0.05035981446726656,0.13905379660702766,0.05277071447955084,-0.009847847683386313,0.4088700747212477,0.604697670829987,0.281102975507323,-0.10057130701247274,-0.5752113104556276,0.021962332536942908,-0.08112236517433091,0.24336813269297963,0.16427307975064775,0.08021526433173842
1290,0.08388961016745562,0.9204466290654698,0.6855507589977063,0.24724803378559834,0.3726212934991867,0.51197374742907,0.21577472191509506,-0.2805169573269781,-0.3540446929846257,-0.026982974697299156,-0.0334335938908048,0.11054152310822973,0.04308188226564447,-0.04890629668231394,0.3799127318551032,0.5991294913208796,0.277358206759578,-0.16603134619402282,-0.5008773028944804,0.010201215564011878,-0.02900683554893435,0.21239369061051938,0.15885949337301652,0.06238578225009461
1300,0.08655981467297098,0.919046375578941,0.6838748184817522,0.21253467911230817,0.38443138940215105,0.5227813250265981,0.23198302012817273,-0.29365990016977817,-0.348276094466357,0.002019688799327901,-0.05142651678562893,0.09310824944424789,0.04166766234011188,0.0033079368452005875,0.39122592953639035,0.5809435164558161,0.2705357636395166,-0.10673193848730556,-0.5478220335630484,-0.008997112958418763,-0.06535402616997077,0.23648073812554982,0.17561618493476427,0.09338764694274293
1310,0.0801379736146689,0.9206734505079649,0.6847021207113103,0.21096611687709643,0.36799256729051977,0.5371902783018832,0.2566801054697726,-0.2972061497880556,-0.3469037956074552,-0.034165082523896606,-0.05549806323464779,0.08594831115437129,0.0609594570557076,-0.01556499189463989,0.4246196906122569,0.5907754632698081,0.2538038490521488,-0.1481578891453923,-0.6185784783725015,0.011266042238366913,-0.052840861315184284,0.19654322097449328,0.16878458148594477,0.08628307400745028
1320,0.08102034480711362,0.9195075747100241,0.6816431621992438,0.20371200190431404,0.3899618185569743,0.5370924204609997,0.2321336906131254,-0.2773851519700816,-0.3314582226190683,-0.059822684867886666,-0.0584986134387977,0.08898171719473791,0.07519068516520566,-0.04205414499604543,0.40571020308870354,0.5861947112462447,0.296630111930001,-0.1062128660822963,-0.6615013389863056,0.02234009719462593,-0.07405623000538375,0.22750926467785715,0.14171179648065113,0.10524797540181097
1330,0.08491689486935354,0.9188694044681006,0.6855670040939702,0.20204888786554853,0.37323038899937966,0.5296365816062749,0.2162468343810361,-0.21924524494792852,-0.31780282196253506,-0.016805891900705694,-0.04834420618089785,0.09423645843065787,0.06171431323564813,-0.03626364910711377,0.3898062149630842,0.6053044131816951,0.28110158103872307,-0.15119031238790837,-0.6217638707046906,-0.00659415538591035,-0.07057213149583097,0.2369803510930234,0.17168635326708237,0.10984469826779242
1340,0.08760721166309489,0.9178096030277711,0.6823841657206893,0.21452395685544834,0.3786544739521086,0.5337620357383626,0.23831637128079297,-0.3020977763705466,-0.43020630853703534,-0.0445185384329827,-0.026151164443883657,0.08775126648159637,0.07647801077556349,-0.02348417672030556,0.4318811770016804,0.5822553581343748,0.2538329127063016,-0.10820543736270838,-0.49172612843007113,0.014449692443426643,-0.049813599791095786,0.22007858878783415,0.1887129887521084,0.09525774210402382
1350,0.08475109311699702,0.9182621282772682,0.6827078726702336,0.22308877186374276,0.3674409453175319,0.5326074378051895,0.23720922570338654,-0.29759643397321733,-0.36833484708229713,-0.07653877969930334,-0.05132594466790996,0.0876042654695427,0.04857714157639215,-0.014285362244902178,0.4279461202880541,0.5927008723373081,0.2890967425200024,-0.1021483492491726,-0.5925854868939966,0.04363784750838162,-0.06451625325684551,0.21451501511387638,0.16811511373918686,0.11456491328198692
1360,0.08164020520825911,0.9191999860261625,0.6833068827173229,0.23426880585254595,0.39517595837690633,0.541857480214027,0.20374116217165394,-0.28797830939920943,-0.3725821813790382,-0.020685831003010247,-0.02086065457039976,0.14175612305522411,0.05725406670862643,-0.031805273582607096,0.40354536838610733,0.5967370235257878,0.27892307525871796,-0.12055934965452075,-0.6396662916929905,-0.0015252556411371465,-0.09321302619164307,0.1990913048749472,0.16592978648951873,0.08504032757393498
1370,0.07662466459897768,0.9209242444626413,0.6861360185775677,0.21012934447127352,0.3680080068752548,0.5301294874000559,0.21512865638598477,-0.30261610166047404,-0.4096770271502308,-0.02689349994493684,-0.0717027174260465,0.11754610351373995,0.05939379024087488,-0.03088485393817697,0.449090869071632,0.5858985353379444,0.26000323699358796,-0.09549924845836433,-0.7066358593147926,0.00796619995683756,-0.05903906306547757,0.24168432740347456,0.1624892855733293,0.10459848431304175
1380,0.07414981380325383,0.9212282513412537,0.6848597458456787,0.22198150787650284,0.3673388560160291,0.5329509235738934,0.21841051930849698,-0.2936359337260488,-0.4390179747310017,-0.03446917102074609,-0.042108185857058444,0.07920329878122612,0.08558212773301788,-0.0004370118451346716,0.3997096837793357,0.5763783638995266,0.30673221121235783,-0.12247560683787673,-0.6899776983861874,-0.016162253005620242,-0.06762325458810148,0.23764332903032714,0.14627437211803573,0.0908479865373567
1390,0.08370094034709906,0.9171187377726582,0.6833465496696961,0.21834448126513994,0.3859533366765605,0.5321801195239781,0.2419610248496532,-0.253030606038561,-0.3978634243204249,-0.01607286909335448,-0.023245509469574932,0.08311284016699083,0.06270275027392302,-0.02034092609434124,0.4152985689457973,0.5568527177793692,0.2864365244349353,-0.09651698760769745,-0.6591747074926062,0.0029211496507983714,-0.06911324887651449,0.24254472635659785,0.1686145705876092,0.09615521577080222
1400,0.07976781807631755,0.9203410993050446,0.6869523536200365,0.2095779973380104,0.382642477557672,0.5371854864006124,0.24475302857066472,-0.27297870398074164,-0.42130149783232684,-0.02976123736161984,-0.049175978383264596,0.07240830104991947,0.07749237986097246,-0.015560427872551186,0.38985282503355945,0.5838040892982033,0.2750656979726481,-0.1279368403392891,-0.5870110137593294,-0.009724286222528633,-0.09744225230709347,0.20653705562350178,0.20893543547901006,0.09776164347663918
1410,0.0816525140601325,0.9196439284666711,0.68665577787335,0.2174937614156386,0.3914000134263431,0.5651977233279777,0.2247535325927693,-0.30025666081038804,-0.4012041030350728,-0.012227183392656604,-0.08515295372678766,0.07624941544810071,0.058330774669064334,-0.0016599907751391196,0.43571152970357585,0.5896379493222395,0.279439726749631,-0.08835649402184287,-0.636061177518559,-0.034019677110060265,-0.06737135266721417,0.2246531932080208,0.1838963597326747,0.09424840872446805
1420,0.0813443962493259,0.9205464005545315,0.6838992945099361,0.19958688134753555,0.379655674536154,0.5312440923621922,0.23880980404231567,-0.2879998278705511,-0.36298135627318784,-0.027920101244947038,-0.05057056161901641,0.12049122914381916,0.012982184521168949,-0.005846869568501223,0.46197640900693293,0.572602575864327,0.24809392820860188,-0.12969507943065195,-0.6163709057496023,0.0211273201959723,-0.08562022291207949,0.2150118992883301,0.19101334202976084,0.08264190535727078
1430,0.0857342587000793,0.9181564626835661,0.683061196098919,0.2182828219134626,0.39694747958669874,0.533014090503997,0.23208525287471815,-0.2932239152522709,-0.33470695135686435,-0.05704169697525163,-0.08245946057435427,0.13930358228992046,0.10143439955852473,-0.022088872033327878,0.3965876730067478,0.5860639474412772,0.27628901947117246,-0.13756480018653816,-0.6247496886620247,0.014429891753500401,-0.07026381803992665,0.23954148302937728,0.17053322096396495,0.11800577338886198
1440,0.07685911328282481,0.9211767816736868,0.6835435575030017,0.2302232016764275,0.39671932331469795,0.5291855805582927,0.2352864840731158,-0.2473985385281703,-0.390513002009379,-0.04798252434171024,-0.08141984431399907,0.10161936904336066,0.012493473563599866,-0.0009630910801767811,0.40688466827998826,0.5943118415842672,0.2871347450354129,-0.13281708600124276,-0.6910146776724011,0.010671986358770646,-0.07526754733830443,0.24393062279271005,0.1468636691216304,0.08609272482243091
1450,0.07942525146671889,0.9199406708794408,0.6837853744063064,0.2120499537792987,0.3596344951654252,0.5356263200379103,0.2384471792725742,-0.2543523376006793,-0.43071594921206713,-0.07887907124162385,-0.06259694559493778,0.11842256561278541,0.06526222137626958,-0.06541671439944996,0.4034281843917311,0.5782981702291079,0.2886348822444037,-0.09949476384654776,-0.6008918257187479,0.0090738067873265,-0.05603174679594147,0.219355494517685,0.17657859338313908,0.11149776841343495
1460,0.08406217563007944,0.9178125245794386,0.6853003401400313,0.22253117032341185,0.3694165327819585,0.5361005473512392,0.23152184682870558,-0.23854871810115963,-0.39466210501372645,-0.07924060380580711,-0.03434510756211906,0.10075013548052181,0.048800715954053775,-0.02947834037191832,0.39104304494692366,0.5837707631493358,0.2961279812894655,-0.12067260034032201,-0.6047394092124323,0.004444837845351213,-0.03389995858210826,0.23065252628284916,0.19883182374103947,0.08690060524640586
1470,0.07573450139443076,0.9186862782476777,0.6860084142984917,0.22875539046655824,0.37069475420949616,0.5394884005648174,0.23142288796424482,-0.21522560842345317,-0.49471844631314554,-0.02013300951151442,-0.03966459732574723,0.08779360424406724,0.047804527781614814,-0.03460882961530354,0.44869847110541927,0.5864247840825403,0.27191175716344274,-0.12942942785291245,-0.7421559145505925,0.021582782045859505,-0.06263962034391723,0.2247646572678338,0.1869112671673704,0.0827466991563679
1480,0.08249383343813668,0.9178399810809357,0.6845109195849272,0.24648498935057195,0.3460400295665008,0.527982895600957,0.24435052577681216,-0.2514737547775425,-0.3871533240437499,-0.025557649533118232,-0.0430067249985413,0.08769956720643746,0.035629862289669356,-0.01299995185091185,0.40134368436715884,0.5945866404908527,0.28723761435094664,-0.09430355317453443,-0.6878520721780284,0.021410410544611458,-0.09168282200209465,0.25209803419837595,0.19612294783564832,0.08541315318084852
1490,0.08205011706686263,0.9182608872673583,0.6849527520035014,0.23914052774216732,0.38143426422664095,0.5564353930901634,0.23915386188122423,-0.28416275426069704,-0.3344104945159707,-0.024522031996387916,-0.04147468192762371,0.0616648663762559,0.04943415120892747,-0.01909469991008672,0.4202351322447301,0.5880639728268581,0.3112164353539839,-0.12242698508118433,-0.6891185161227025,-4.135282359363224e-05,-0.0742854139681377,0.22298515015982145,0.17506651817332608,0.06775911572640081
1500,0.07212495836723884,0.9207604774990586,0.6846353244505947,0.21679360240694556,0.39565218866529084,0.5475506625852782,0.24052311679378058,-0.2865774040908511,-0.41885433474531264,-0.05566133380636429,-0.0619203122394556,0.09094682598443982,0.06713394907546866,-0.0264166122723708,0.4144981648192394,0.5771419475320125,0.28548940980909643,-0.0977474827757967,-0.7842892606340273,0.009532834410019064,-0.08418931220628689,0.20465700846128387,0.16542021419139852,0.1149402537482278
1510,0.08058671743678408,0.9189463605906001,0.6848081657730474,0.20733838500831903,0.3518223704837362,0.5467226091570833,0.221300668003525,-0.28006027027628666,-0.37244489177883167,-0.005721078301216043,-0.05750459263595453,0.09365002102429643,0.04808858315192399,-0.01503101538578111,0.4152757884149051,0.6058954687200742,0.2748483710319508,-0.08788148279294017,-0.715549515015498,0.021522332006659095,-0.07525706552214273,0.24731522964050434,0.1711010103287619,0.09689014090937742
1520,0.0756120454725921,0.923316381098361,0.6890651052792127,0.20342209672849876,0.3677463345514088,0.5200003323348461,0.21110744140949833,-0.28845054046875496,-0.3991151172957972,-0.061334259596331986,-0.05319483837661432,0.06837137642438484,0.028626579180692446,-0.042900223321823416,0.4193513446127578,0.5736975443958565,0.3015673364877197,-0.1316257762414439,-0.5681563646900294,0.024946619714283025,-0.07805749383732796,0.23406249563456905,0.15587032378577925,0.10191774349226257
1530,0.08082808340275388,0.9192951744249775,0.6835632842554153,0.20079150433674597,0.35678853181802506,0.5445204382529008,0.210934455796287,-0.2873394749938525,-0.35994117613744003,-0.051070771920115554,0.0018701146872618368,0.09633139870936758,0.0399682562734347,-0.0444374879772087,0.43120383552096164,0.576198370855499,0.2861095897753224,-0.10224233490121981,-0.6727488583966184,0.028534088223232557,-0.0797451182345601,0.27438189675566005,0.16078537254349212,0.08649712047065594
1540,0.08315224193996087,0.9187725546443897,0.685827894742078,0.18678738604122214,0.35379804054302577,0.5318534804629944,0.23473380385036136,-0.24631979265988724,-0.3955688430073516,-0.011575433626247023,-0.08406671220341977,0.10009368176320699,0.07566784114766223,-0.035357191660114085,0.4232130915638659,0.578730449618335,0.2815889972922472,-0.13321902315371004,-0.5946431305538138,0.020724963077825675,-0.034571121230841495,0.21612541277210517,0.18929480124950093,0.08890637945221125
1550,0.07387353727425855,0.9216207389493317,0.6860157395577192,0.2089780333643071,0.3787996829479393,0.5512131851532254,0.25042778781970554,-0.31481421994262715,-0.3981809157424179,-0.036763762107711706,-0.07645952680672474,0.11418250916745432,0.07251730411921975,-0.0566013000540897,0.402786434888481,0.5954999159002148,0.27558620354363916,-0.1155031326709477,-0.704704350938337,0.0031006533867138364,-0.07483699597947946,0.2064339058269692,0.1698973209479765,0.09978554993591882
1560,0.07667920509906204,0.9192636690627651,0.687026306615734,0.22837795296574337,0.36547631482858933,0.5411546580635727,0.2168983966978396,-0.2883320216388303,-0.48028579120522763,-0.046550286265685026,-0.03483505169861134,0.08329922318553362,0.061538913543100704,-0.04735142506770185,0.41795203392659164,0.6060051542890312,0.298981564774083,-0.0741461614719876,-0.6718172830172526,0.033750286434067855,-0.06638001409586769,0.2170150364954342,0.16490982989195158,0.08460197644592804
1570,0.07747244078938843,0.921929535088431,0.6863559276551501,0.22189390824021116,0.3616471828572837,0.5301799044387874,0.2156974705882848,-0.3031279291461728,-0.3664925476154899,-0.013634677234251935,-0.07382495439371262,0.08493042310891019,0.04969246741937683,-0.010064034316341619,0.41160785459668714,0.5997924120726712,0.2712826564923593,-0.1381790886034937,-0.6343317560114323,0.005997350491528164,-0.05554724762864516,0.19959078793326446,0.1659297198915708,0.10388135339576199
1580,0.0767633121226806,0.9197850872810027,0.6854460674249224,0.21921583625833163,0.38937918966730123,0.5475132492041495,0.2280569921904938,-0.30035728518405413,-0.47332132456803966,-0.03756628011549612,-0.04220268254335613,0.09728602243394302,0.07506119073731454,0.007168110859229748,0.3850467115191707,0.5852340140734176,0.28124078019938126,-0.1306791557413003,-0.6770255212524803,0.0055549459815562585,-0.07067482218948129,0.25071418799981227,0.17222389932042792,0.10016149572597133
1590,0.07438684453666881,0.9211416696268073,0.6850535184380004,0.21011582708902743,0.3769182527946078,0.5390492971295927,0.23420500706461433,-0.268800915063115,-0.3254938718217135,-0.08203091224009795,-0.040025922813895054,0.1074137334833496,0.05208382771435793,-0.022513924392140394,0.42435774396245096,0.5842937538159096,0.2692897804589427,-0.1360184039489971,-0.7932585402562933,-0.004709235191002303,-0.058003850259858325,0.2301906316194593,0.17574848942509425,0.08931296669975153
1600,0.07225635546893483,0.9236059643454504,0.6883357472817787,0.1815638357005197,0.3908406917905266,0.5339280823511299,0.22443794152129037,-0.2743850787395101,-0.29508586350219734,-0.08307841700821861,-0.02327534116497687,0.06893978673007894,0.04520801350871195,-0.031041470548784256,0.40129911916062966,0.5728553494270169,0.24925655668502755,-0.12066768770929492,-0.7286420594926832,-0.0026986163457507484,-0.04188329015906955,0.20219689517316908,0.15941371396261483,0.08820130350740163
1610,0.07612858554942886,0.9224389563113592,0.6844969421649763,0.22606345869279232,0.3625837977563573,0.5337993709442437,0.24064069008542266,-0.3118879025608683,-0.37588367124293787,-0.045011994584417625,-0.06495257903455376,0.10468769700950364,0.08064466398063208,-0.06266009093218772,0.43084157298431247,0.5774252813711471,0.2758228405813128,-0.13746251901744455,-0.6139337907832942,-0.024804013921862156,-0.03819027124371277,0.21352426705175342,0.16021482298103695,0.06723866642077059
1620,0.0799781436885639,0.9196468509798092,0.6843100544824084,0.21935577010727236,0.36874333054223185,0.5433777601757261,0.21905103030189244,-0.3048606737315145,-0.3233796225603587,-0.039734079209290396,-0.060798643634195626,0.06977359316268417,0.07773265727089329,-0.04594527106639479,0.4062891831567633,0.6093623947183316,0.28188474229668203,-0.10967675423057122,-0.6989610689426102,0.022541494289833763,-0.06844098866879822,0.21436058307803285,0.18923810572513988,0.10962747467809153
1630,0.0889781213003044,0.9173858106832636,0.6835222345515202,0.24208257913446052,0.36554699652261446,0.5318595952338607,0.22671711480313983,-0.24277978444776505,-0.3324944175735156,-0.06374494634827554,-0.06962002142069212,0.1113518991543141,0.05015461006983046,-0.04300165195308736,0.39783980299750343,0.5990960517443242,0.2761418933117602,-0.10438686411338027,-0.5740578660148874,0.010734306192837662,-0.033748968924362854,0.2424450010355117,0.1802111479594254,0.09819406994277646
1640,0.07528203563439585,0.9214472608814084,0.6874694846705635,0.2196531450826572,0.3698930236844542,0.5454049670142098,0.23192888677961554,-0.3177956392615038,-0.3724892033052485,-0.06828977108009693,-0.0344988403154729,0.08032203565738105,0.053046475449969765,-0.05714196917206871,0.4070010126568755,0.5805271587653613,0.3042835847410337,-0.1514511713326392,-0.6571005343906111,0.01220670252005951,-0.046051685462243475,0.21396054852312119,0.15448480327632474,0.1130292184911339
1650,0.08154180557410168,0.9199830890865633,0.68531190797493,0.23367933994973833,0.3980820812117343,0.5393832837020609,0.22222120815126234,-0.30910670782003313,-0.40105694131017766,-0.03951001689270517,-0.07011995172397589,0.11883327143437694,0.06139202337533933,-0.03881261495934707,0.39165579137482054,0.5748050471971138,0.27758274784018344,-0.1133445408195386,-0.604892348199688,0.01652274069106141,-0.08162761185637368,0.2720721253278853,0.1914923942835438,0.07312659609885408
1660,0.08338974281919996,0.9172386918070697,0.683082650517529,0.20227274362498215,0.37881257344676367,0.5520787834044251,0.22652434615290284,-0.31753030872551347,-0.40739632147115534,-0.026595327049741213,-0.023874730855884208,0.09828171371442174,0.07004122116889278,0.00833004913878066,0.41246244260225573,0.5966125322595972,0.30007952020746076,-0.13591180152811666,-0.6529195245811719,0.00589945436592898,-0.05472991329915944,0.23234454521457537,0.17141617062490244,0.11498643078805215
1670,0.07715880425393129,0.9197409628962862,0.685075798583468,0.19191971193126744,0.3578056498460489,0.5468818436800467,0.21358684977094144,-0.26204916804968925,-0.3654802917343598,0.015249830997976499,-0.024421450051794746,0.12804294413702821,0.06052885830163757,-0.026654304134048346,0.4139301493581298,0.5878770997198736,0.23340095080286538,-0.12776768510592662,-0.7738982496985249,-0.015490418378114157,-0.031414736032602475,0.22905991661602465,0.1701719662306972,0.09905542112508048
1680,0.08141783370664572,0.9189705445999286,0.6859706266213667,0.19899503161931298,0.41153914559180604,0.5372776648431133,0.22315342726405996,-0.32149359933010246,-0.36743314101288616,-0.012226250356007773,-0.06879425303739795,0.11431559459530605,0.04095190976890517,-0.007637407407455443,0.40607767475716194,0.6000388089747188,0.3040982568022407,-0.12543105062865023,-0.6804835810534811,0.012204559610901278,-0.06017816808879628,0.2600280297006642,0.1571598606677197,0.08761199455842705
1690,0.08028255247936267,0.9190795640953621,0.6831073935775192,0.1944343080651505,0.36532010615893007,0.5359958361489705,0.22224930043610225,-0.30131089970708036,-0.43811717939286043,-0.023613562977187863,-0.03890205730543439,0.09392336641182741,0.09866239826243739,-0.010493071985461233,0.39625327214947015,0.5929783837095782,0.27442319491392597,-0.12570096746428017,-0.6096982037449976,0.027591808954323116,-0.03342133820521198,0.20949113480661163,0.1594743762751435,0.09639339655665946
1700,0.07789480715470301,0.9215509293246189,0.6852764853871663,0.1839826608176558,0.365032926737187,0.5401975560996912,0.20711307032158666,-0.26398424847741886,-0.36882305754904965,-0.027518423016121396,-0.05553941800268247,0.10229124988318228,0.039407164493692526,-0.06361832924172695,0.42543825387190237,0.613554979393784,0.2527910331241352,-0.11759300699396946,-0.6566736705347545,-0.002377368898222043,-0.043399186780188836,0.22519825408128225,0.1652855934713846,0.11502491744741317
1710,0.07932572776493536,0.9204968509326297,0.6848832236540217,0.19759676415550775,0.3776345295915817,0.530289032862197,0.22417264692402483,-0.3105904970523301,-0.3663407213146148,-0.02904179086311287,-0.05481263859363361,0.05997595310526549,0.08125368944252043,-0.02739785744347434,0.43198630365861,0.5906605918380601,0.29548504748451054,-0.12160776055628841,-0.6443776221031132,-0.007858663208556438,-0.07312817731902932,0.22806919823886473,0.1696030011355243,0.11426925308112856
1720,0.08411001091277431,0.9165983567101337,0.6797188836024086,0.23434242010168504,0.3641399046194289,0.5406954868620035,0.22531657698748686,-0.29075171229294394,-0.3672412224539785,-0.007996952568844806,-0.02325877528648057,0.14241465998261027,0.0678480020997676,-0.0662603746759336,0.40094494250019985,0.6123318417765393,0.28604812260947166,-0.10946328074578693,-0.6999111098622404,-0.005372116454192888,-0.061193357479225385,0.22771214965222564,0.17280046655912706,0.1231645572373421
1730,0.07911167121863202,0.9218879640274668,0.6859810999650698,0.21354672376328543,0.35396901883867316,0.530686152013297,0.23320704603945797,-0.29763473850548583,-0.385501106252359,-0.05508663719393003,-0.07332383494812045,0.08787665786993193,0.0590928549160924,-0.02079835518992179,0.4489597890714221,0.5869557211618208,0.2743037110163341,-0.11878361497539158,-0.5747528975003158,0.005548090001102568,-0.0370855037531681,0.2231646625301401,0.1340467245706578,0.07295463211774933
1740,0.08174299639675905,0.9202366614359804,0.685396638169374,0.24075706289940513,0.38032535289411706,0.515818244450257,0.21758564321601137,-0.2572867852725156,-0.33273958504264445,-0.04342791040198124,-0.021725510727202302,0.09290751799633357,0.05392145706302398,-0.039919750075771754,0.38100198832160503,0.5798519914786009,0.2749059948111787,-0.1404899644784081,-0.6128088144213155,0.01678793150712976,-0.08553158594275967,0.24603407542488887,0.15833035104993676,0.09230521958205062
1750,0.08145957014125198,0.9197220499490154,0.6843761299240144,0.2035318634939015,0.37551150618925255,0.5252521830123116,0.24612002640317643,-0.3041029915555129,-0.3580406068385542,-0.06751960615147867,-0.04504498595551132,0.12006370544755174,0.04923584700121775,-0.02459122566490546,0.39850159934884843,0.6065604841266095,0.28263541304210615,-0.14546150907336464,-0.6107571502615683,0.013580379743802107,-0.03928645527290331,0.21666920423303349,0.1577541826196256,0.11003910907865366
1760,0.07819336735382548,0.9215616818111124,0.6863855455183999,0.2221206031620413,0.3541702777105439,0.5207758388788783,0.22094388367955464,-0.2965533437430632,-0.3846330886767335,-0.046792474326986744,-0.04462726572225395,0.11378863149373086,0.05472994056302516,-0.04307150607840371,0.4134628800438479,0.5744622569395033,0.2742334013723029,-0.11158395661563514,-0.5964515134057069,0.0057338664447650345,-0.04526768164888462,0.21360135908554756,0.15788747791067526,0.08513112736358686
1770,0.07209711476532803,0.9212683613133517,0.6864337976395258,0.22098534981479712,0.3764068698580051,0.5252985797900367,0.2079791552765793,-0.27818735058889876,-0.3859070551353947,0.004476514260508102,-0.042743880486577845,0.12278616081280158,0.05115466916815825,-0.04033535347763739,0.3990801085329019,0.5690728314948759,0.2768457316807007,-0.14260537286830055,-0.7697507803726766,0.043598718149504445,-0.08086606812599606,0.19055846541983557,0.17834621226621328,0.08784590460245245
1780,0.08035571634107735,0.921331551584931,0.6850950149512683,0.2208174190340828,0.34956112026996744,0.5262285713016788,0.2172190616427373,-0.30926572785966866,-0.3459938985342761,-0.03439321704983067,-0.03613501019642218,0.08776539284320295,0.06210249028110626,-0.016405290845564746,0.4348655434406482,0.5964436638703059,0.26298623700926604,-0.12520411623922278,-0.606377727011953,0.024817384435759315,-0.1070121975159859,0.21991506660190807,0.16051709184380092,0.10501818584108458
1790,0.08538528473509499,0.9176178012278345,0.6824935652239245,0.22827008635687362,0.377218824750161,0.5498554692223618,0.2302126332836243,-0.2467498562839574,-0.3909909336476438,-0.01706897022127629,-0.0637802242755936,0.11757565365581402,0.03548943791325154,-0.03370579654307937,0.413315004693666,0.6058473771479231,0.2861780179636413,-0.1191557444240543,-0.6095147955950528,0.017948406600954425,-0.050029096655472616,0.22933175766912706,0.1559560001637067,0.07688772766202068
1800,0.07598084952041916,0.9224776970755076,0.6878127369074988,0.20292401927986659,0.35451858414860027,0.5467138243334968,0.2390450979457983,-0.2870003800117862,-0.34273295212320054,-0.028820479408649735,-0.0877688183804084,0.07410245849473773,0.058052848180563665,-0.03841978102041921,0.40070513882994063,0.5925168627165707,0.30215539161979366,-0.11587873375029933,-0.6543758363837846,-0.0025052549219681808,-0.1062328881894381,0.2118772536329243,0.15783844202267683,0.11888304291378682
1810,0.0729052061804758,0.9206476335325706,0.6849924238716611,0.22927645256081164,0.36682078193682477,0.5383031513923053,0.2379008012066256,-0.27310350858427457,-0.4065440646739502,-0.054570727554971166,-0.032744430983844275,0.1042665345023519,0.03994464021323174,-0.016390578011504786,0.4122938873141596,0.56829444088866,0.3064343054458928,-0.13387416375196848,-0.7442450608384505,0.016851876205025818,-0.06565029482668772,0.1904157405506487,0.14812284189021385,0.09920670490889183
1820,0.07784637230005734,0.920370630166977,0.6837382533819255,0.1887358589488285,0.38104607619883746,0.5326712739228108,0.22072632427962824,-0.2819865533336674,-0.3924167683556403,-0.02745159671090236,-0.051569593199926045,0.07677026797800557,0.04305325086538769,-0.01331239073381707,0.4159786150321281,0.6174091153406728,0.2866070041592811,-0.07655459680040311,-0.6731446848321754,0.02399688903299546,-0.07898407875575497,0.1977130096584604,0.15451899856014628,0.0909673970463083
1830,0.07796616271299447,0.9202785712183378,0.685520916568973,0.23208209749199282,0.3809371972950766,0.5345088202070692,0.229448062649645,-0.26976866341540884,-0.4093384768659556,-0.013225254715822254,-0.07447108875254393,0.0824442440503651,0.057998089542820486,-0.04138042957779975,0.39829508243533585,0.5885433646301365,0.2841298666334363,-0.10442235875012273,-0.6463415061961975,0.029303977151242222,-0.06975564231304432,0.20084503394742825,0.15469612786006814,0.09276087366516195
1840,0.07315730925747535,0.9210306399652779,0.6844320407587061,0.18379047672360793,0.40281037238547046,0.5347267963044146,0.21435811995610665,-0.27384971164858474,-0.4704407273735205,-0.026584726954821836,-0.037767867427166646,0.1038245954434871,0.03906439324384725,-0.06711628921148316,0.4288573449153189,0.5960576941656164,0.2676415937947352,-0.1046943265494713,-0.7165696465908165,0.0366492055203651,-0.08834581185317814,0.23668029511003075,0.18781479761149422,0.0893969168415304
1850,0.08125716538029229,0.9207985061628289,0.6869221641279964,0.18714793834531762,0.3613416204973475,0.5312933878199346,0.2272394241912139,-0.25336071823378203,-0.30659456023020026,-0.07025695440983015,-0.06972764043618795,0.0710818236346471,0.04259822534453295,-0.02552715182541454,0.4030750653300267,0.597500480884128,0.28295206315823185,-0.08920860327718794,-0.6451306905688632,0.015897470609663955,-0.08598754343935577,0.2420690598245746,0.17395110778481082,0.11604666798253038
1860,0.0705800737232897,0.9239169557526833,0.6895238777148588,0.17373663709637654,0.3905912194521839,0.5205365814031094,0.23323577089736347,-0.3209455689695806,-0.3715953570369217,-0.029413209438380994,-0.05112952773777346,0.09787236877465122,0.02422371047590588,-0.016121522671806554,0.3675804111112375,0.5929115297520278,0.26998327815424594,-0.124885981153249,-0.6946339860584372,0.040514773340147414,-0.07582321807855008,0.21375306198998678,0.19524585969222963,0.04654471719431752
1870,0.07244655381727905,0.9233474296566572,0.6865250833553835,0.2114130750620895,0.36260253208027415,0.529448299506893,0.2033754248227847,-0.24846242682698172,-0.416269408813309,-0.0733589512174826,-0.07347595177879085,0.08084005822019846,0.061838325102330116,-0.015360206600784077,0.4112514130875644,0.57239635254881,0.25684550414509966,-0.11735874055073725,-0.6838103092684165,0.027176195635906564,-0.05021040236075636,0.24178394266183956,0.15332723643066515,0.08738566827566319
1880,0.07107590031863731,0.9235289640790285,0.6864822107574745,0.2214247183016973,0.3591890444432222,0.5461202765444761,0.20343809621087106,-0.2962682103705756,-0.4031911747904775,-0.03087623388676053,-0.07085922855880988,0.06728486757539298,0.06894768833411258,-0.061597544909181456,0.3951661559531072,0.5845381125088522,0.29535601806245926,-0.15921536086196153,-0.6711671646805644,0.013161620655230855,-0.057333799808831465,0.21135232715165764,0.15222342051462667,0.12490027830283967
1890,0.0822960953583958,0.9184054643084347,0.6852910209026342,0.22366116038134587,0.35715463211467635,0.5430154492766197,0.22903090089286993,-0.25089731197203835,-0.37876402748600313,-0.009726277862371013,-0.036603361773385856,0.13059547955016482,0.0811455172800779,-0.031923705259210955,0.41609677053800354,0.5745934978313614,0.25970461139737433,-0.12393036361085152,-0.6701530914973814,0.014575784797911662,-0.075315480626992,0.23838530490768217,0.16409382005508322,0.07347869359137527
1900,0.08178755727188386,0.9196573494151992,0.6864342731745036,0.22270140879005262,0.3542484193504387,0.528190014434789,0.22716376975298724,-0.26278411981843486,-0.4104807875885199,-0.01546030656852837,-0.062047871083290795,0.10076741401999145,0.054343420481157145,-0.05159262008487864,0.3976096320504333,0.595792891035713,0.29601035996564073,-0.10119004449315483,-0.5812961045534877,-0.0026680107077543536,-0.07214866966183608,0.2253674702466555,0.1478244772234688,0.12718795991811882
1910,0.07267601803799312,0.9234910374794847,0.6891599662669147,0.1924798882890465,0.3583365615364764,0.5273255721437291,0.22298176172996376,-0.3102745770036719,-0.387374976094059,-0.06904743241895472,-0.04359344497344231,0.07347517499510747,0.049074580463566386,-0.05200454237881158,0.44261791322039956,0.5885472243326038,0.27301428353048596,-0.12001157255950745,-0.622246523186166,0.04112255663470521,-0.06735462930087044,0.1602547555293492,0.166893504965697,0.10198029934220854
1920,0.07742742757423413,0.9203044949625891,0.6857133476018366,0.20885522147843727,0.3901621173482006,0.5286174896963678,0.19551876973740778,-0.26954134575198574,-0.4457096880088909,-0.011333511494858062,-0.07064635803477537,0.11543945321935101,0.07161722055431574,-0.027448079330390618,0.3788195884937815,0.5847641184872584,0.2873855692486994,-0.115128277980036,-0.6473628370051925,0.026882539565582175,-0.0602248433458763,0.22087430883032266,0.15901541773509642,0.10541910561610168
1930,0.07707625542719841,0.9221510178738037,0.6861288823608469,0.20706661530395676,0.3525211994343411,0.5277205473265272,0.24125875352234483,-0.29606535650003574,-0.3118887942689408,-0.02567869204355544,-0.06493437919520817,0.11398497977529765,0.07543070111882477,-0.06442203983366968,0.4242460189780599,0.5994915912267127,0.26507863142075294,-0.14912958888380778,-0.6839527971401405,-0.015164248648058765,-0.07030834488343185,0.24543118762114013,0.1577641817001031,0.09015119793995408
1940,0.07836369984206512,0.9212027677538713,0.6844122209889739,0.19938520185363506,0.34594599342040955,0.5396482453459261,0.23854022900778193,-0.2440786564744848,-0.37736110106352694,-0.056198812627827,-0.0672105501752529,0.07239575576262514,0.04612389379296966,-0.030164996347644024,0.39250983715225607,0.5791635084550161,0.2872526765072839,-0.09980034107221036,-0.6110746279302048,0.02846412318850755,-0.0731406246684787,0.2110981755539113,0.1725696573107821,0.09157010969189261
1950,0.07687430348409735,0.9198677284241806,0.6830628276324913,0.20811570771402954,0.3852983696411638,0.5293041292260108,0.24225232271656716,-0.2768870791393432,-0.3955419680324659,-0.07721731904418494,-0.04953034543349033,0.0754027624421455,0.05110849797433048,-0.04071713704838076,0.4319812600411562,0.5854132952717082,0.28735369672671074,-0.10612588371993059,-0.7184315502411747,0.022220463611060448,-0.060590777780965555,0.24378220469988188,0.17751661484624748,0.0996531086949679
1960,0.08052639699247302,0.9195323332200346,0.6854351417580402,0.195544602322286,0.3828662836322245,0.5252446092852271,0.2213563066227897,-0.2532702944512817,-0.3376304542982944,-0.04263197427697807,-0.03740472706937048,0.108685685101236,0.061632628271294565,-0.00788726524135952,0.40619378995747635,0.5734331000162369,0.30383342592501406,-0.1221796293266797,-0.6728636497702873,-0.022059668756634565,-0.06089011675376588,0.21332296449890698,0.15492086181230458,0.1008378593415884
1970,0.0768681510466497,0.9197002392417628,0.6851684076378883,0.21529660142139817,0.3845178887105748,0.5242264176039297,0.21358201643678798,-0.24991310692794166,-0.39497048854074546,-0.026477119548402817,-0.04361179176432084,0.08956590297875933,0.04384617694982684,-0.015009103981012961,0.370396452996718,0.6064363329315794,0.26664879725866375,-0.11109395979543502,-0.7360937358201687,0.03745953412801262,-0.050919514055261184,0.22573379335164612,0.17106564770623178,0.09354442993880363
1980,0.06655179862400742,0.9247002442992497,0.6898092892269891,0.19875763914456335,0.3768964250911102,0.5315160667289016,0.20782356089746912,-0.3372252655690182,-0.4178101319194045,-0.02071296031634562,-0.06310647609387066,0.09487608138433334,0.04812691052966378,-0.043782751528273156,0.42852927047162437,0.5708334586044181,0.29339073236306845,-0.11875700390725785,-0.7546213768580246,-0.014320350124494619,-0.05999387976532544,0.23451250260739143,0.15234544757807966,0.09030987178554728
1990,0.0839979311595262,0.9203987814144453,0.6872702207366098,0.2321272705408185,0.36618952651456516,0.5315441722553709,0.2184380849008033,-0.26193060407348034,-0.323518086359325,-0.06461858223570394,-0.03894998321484522,0.10534030082647083,0.06522076897790208,-0.026373730529327233,0.38628677458645966,0.5788657018643315,0.28579247960579823,-0.12575217196544042,-0.5669427411432046,-0.020883225142551476,-0.09617694891229855,0.24717868882988436,0.16876360634261012,0.10335525268121226
2000,0.08043330247359697,0.9202701851127858,0.6853405200111741,0.20425804193210506,0.3561272598417976,0.5432270285570889,0.21627623626924475,-0.31074049999314646,-0.3519634203054314,-0.027226288125197895,-0.03651620109144993,0.09813177565979758,0.05284961667176835,-0.017660526851754677,0.4100829489811839,0.5911675280511461,0.2809258716344287,-0.0878663941313178,-0.6504924989742624,-0.003701487548281701,-0.07261773612187672,0.23635687259702842,0.16972200950804284,0.08875921538462317
2010,0.08625792865816156,0.9173574479719705,0.6830201948003448,0.2342629034384781,0.3595788632170639,0.526478491347898,0.24391685151803522,-0.29166471238185454,-0.4199785703351451,-0.031189882952360026,-0.03160690102965513,0.09451474286303907,0.04315246837155984,0.01265227651258205,0.4463061065469599,0.5849843131042997,0.2682588903386107,-0.10162603145993154,-0.5612972194141881,0.04110849386701265,-0.06493182784314544,0.19937175298244392,0.15062003888204833,0.10850545424764124
2020,0.07419850023544902,0.9218948643207179,0.685108015711986,0.23351519710431856,0.3617496473082831,0.5423267464447887,0.19787195946970526,-0.27299435018398777,-0.3997532132935724,-0.03098978039511735,-0.01922721895211188,0.07201093086601595,0.07335772552065778,-0.045136777433995245,0.40959336262375234,0.5743660946981307,0.25962058374404573,-0.11006393721625396,-0.6876951481437701,0.026859616727012314,-0.075966151060046,0.22225804440552166,0.1498618904632979,0.07660328224775459
2030,0.07635235687761649,0.922388284793678,0.6848222579591783,0.20484148538333213,0.37198612682283805,0.535815622939952,0.2160316444243051,-0.3012679726467904,-0.3987800407425397,-0.07599997027921623,-0.03211093012825006,0.11696292907762751,0.08193850119801538,-0.053262890126396956,0.40406718682493525,0.6089871141109776,0.25534910561320456,-0.08215471279157271,-0.6240682934212354,-0.012460335462287864,-0.08713959166517427,0.22534310254332568,0.1477443099122423,0.1015771028426542
2040,0.0775938295794493,0.92198518138836,0.6866331145245576,0.24281731794525607,0.3597733699121829,0.5075075284595195,0.22106171285625065,-0.2987000735499987,-0.3787029645271409,-0.059477841137650644,-0.04393638722080628,0.09711219046238562,0.045805653876448416,-0.00786026508964488,0.395815064596476,0.5892153169926766,0.2754270797663727,-0.14384084599611402,-0.6116478024231473,0.005524315660252355,-0.06308000167710848,0.22673045476561238,0.1703679666056498,0.0995586308909635
2050,0.07173254601141998,0.9223795134922242,0.6872514861962289,0.22981588703737776,0.3465337177231709,0.5340644668704175,0.2454134657944922,-0.2804722898068934,-0.43186220696891464,-0.03467264599381936,-0.04586932278391975,0.11159953570098557,0.057906006817500466,-0.015673036253427197,0.384402999123195,0.6058167231354907,0.24678668246714863,-0.0988930544569393,-0.7182771294085346,-0.0036753071129878023,-0.07084205819681122,0.19876538321208237,0.1414497171962511,0.10406593214395465
2060,0.07512592770363295,0.9220566944566848,0.6889062108937944,0.1825161403054566,0.3644602895664434,0.5270404167213423,0.2202244279379273,-0.3010947186548123,-0.3140872868161708,-0.01939944640175617,-0.048459181551893105,0.12786248019364388,0.02009054006548694,-0.015145324481595557,0.40585747777287784,0.555490371009726,0.28031009717440347,-0.09396473858457588,-0.726231678577985,0.0067492852063352204,-0.0683189892621987,0.21457921427712112,0.16557852755334102,0.09358657832317441
2070,0.07287807067507399,0.9235796535931146,0.6877284881533712,0.21216499708495418,0.35018451975564824,0.5208002780651984,0.21533856802451812,-0.3164134141202217,-0.35930288993341675,-0.020326242776417258,-0.07420874786587572,0.1073830203896865,0.07512127203880803,-0.07767420108105982,0.4305729046247956,0.5982604169954373,0.302052658259902,-0.14863195561272646,-0.6571504130830781,-0.02557377813172823,-0.05924538491105058,0.19823486359197062,0.1742982154477194,0.08455479741348981
2080,0.07881907649290983,0.9193982403019841,0.6843645416759094,0.2013259541781388,0.3705932269109975,0.532111253843357,0.23436972716051918,-0.28967010268906845,-0.40917578596501514,-0.03206967872853461,-0.022290407466157403,0.11227725487428619,0.03785727806875139,-0.05508552350332563,0.3861670808167934,0.5845061576953481,0.3136622159601091,-0.12821493367127634,-0.6334073092792598,0.003100846061768081,-0.05395030090668862,0.21792958332669,0.15822907228757577,0.12693499737609737
2090,0.0829179360496871,0.9174055455528173,0.6839081436037967,0.2367517417362468,0.39238392016023893,0.5401877512948314,0.24378884416821645,-0.3042229249541246,-0.37465249905591125,-0.04405789063185872,-0.049419099409092615,0.11377516436714641,0.06332955470121726,-0.04446186416380482,0.4273385423257702,0.5998095197602802,0.30138741685767934,-0.10539033363358796,-0.6720568676682008,0.007467986059436993,-0.0319645324789084,0.22193764913238478,0.14860577543476472,0.07073880304070468
2100,0.08136277832552843,0.918788494976576,0.6837611739939852,0.21377170968532833,0.38539379489474423,0.522322833013318,0.2567781587099456,-0.30075835498067116,-0.36707145010992304,-0.007466894329611895,-0.0307224525204568,0.09668108724461166,0.07727660400735215,-0.03629112902664988,0.414557474992445,0.6028831636747027,0.27550639440210256,-0.11545877552764616,-0.6621678584339858,0.0025463456069328982,-0.08126142230705935,0.22660401965407817,0.15102564993122702,0.08446944625531283
2110,0.08625786946095593,0.9173684670688127,0.6828982208769963,0.22006736107070435,0.40810338218709974,0.542878158908729,0.2239745609836038,-0.2834203332066767,-0.3921985553758174,0.005714981012719389,-0.06782390520985482,0.12190013090204732,0.054075899351691215,-0.03411627989540822,0.4142785611738845,0.5909067070160652,0.294262767150855,-0.09158547338621514,-0.6015076532542534,0.006906858971273189,-0.08203829325302525,0.23055225006839364,0.16336744831972227,0.08711668514453674
2120,0.07652823935042799,0.9219510486565937,0.6859796442827246,0.20488673129835588,0.37297000751418996,0.5212047074669679,0.19782730795217462,-0.31976256041008133,-0.42636323576725954,-0.02141655137828047,-0.023247752100141295,0.1003030053530578,0.03652256404644394,-0.03180813735058985,0.4165179394489066,0.5865415300431684,0.2768417006582693,-0.12748788901948727,-0.6027420635876259,0.03203621161262504,-0.07488146722038747,0.23791424834845054,0.16588642689766342,0.08535030255256737
2130,0.07807240006755499,0.9190287754953639,0.6819073544982425,0.21991813171689356,0.3775752959501185,0.5480484088141728,0.23136168063516005,-0.3067301422105706,-0.3915028167600727,-0.02079543987657617,-0.04324521075177756,0.08287809368329357,0.055073472778836896,-0.02782557517453288,0.40601217873439177,0.5781230433998458,0.2671765628486734,-0.13522143930835528,-0.7281596912133159,0.029720978739595783,-0.054634574189377005,0.22934401836776752,0.19105531158096267,0.13134811365352073
2140,0.07635814819172294,0.921263537099931,0.6856730431758237,0.2109967483262194,0.35123283030035524,0.5348246265142151,0.23081743814091726,-0.29755157020430567,-0.3748626997168245,-0.07036406063501066,-0.0474488354451339,0.10931813409303004,0.06848782352815563,-0.022375195617274413,0.43912223431496045,0.6016631947519557,0.3059835144353217,-0.1279442389790595,-0.6784582908229309,-0.019654473116166082,-0.05817836739233617,0.22554009605042735,0.17363637405191235,0.0487358294477539
2150,0.08717847104303604,0.917226638676144,0.6826001589203615,0.2148765533598762,0.3752070043263236,0.5308864211190687,0.2338332376674198,-0.2517777356663502,-0.35333755445933956,-0.010451768305774323,-0.037102579349871156,0.09867075101093115,0.056197072739483156,-0.03851630165538067,0.4450612685573613,0.6021935146743441,0.28861808372091036,-0.11150435889664978,-0.6016834216956246,0.014559364552274912,-0.10629523628428594,0.2120872506240501,0.17305750839875,0.09616881746624006
2160,0.07427007264231364,0.9216624366833831,0.6865103804142553,0.21065454968577912,0.3727769856342379,0.5347821158775761,0.2157688448323397,-0.3179366089503377,-0.4190162759176468,-0.07555699900251178,-0.04593557898497469,0.11945366162133808,0.037520682290354546,-0.013885113908755464,0.44286901107021814,0.5906759708078202,0.28353676602285205,-0.11740189255378541,-0.685890089494845,0.007595563003150452,-0.04254790386063645,0.20505803482078566,0.1644797684648135,0.09267003403081442
2170,0.09094978741791629,0.9159298884148244,0.6815453873503253,0.2391698533356056,0.3642717427738771,0.5366101848430499,0.23254057087750535,-0.2706275162230263,-0.366965347436347,-0.022244974134713713,-0.0655981116126525,0.09879224541922849,0.047650452601948334,-0.04399856553827286,0.43431238929992877,0.5952123634212009,0.27453220104239007,-0.10383234717899259,-0.5632463254815285,0.03334441584531633,-0.05610086269626979,0.23523806712274287,0.18207844907000248,0.1288066504252494
2180,0.07999280906185684,0.9178444456557576,0.683579724605821,0.2053441896288677,0.3869450615145771,0.5427692044490242,0.2270648506464883,-0.2607371155093503,-0.4129904626206029,-0.027072698234737125,-0.03788525606616888,0.09694889120891992,0.03911368930811765,-0.005804611321447606,0.39291469157030867,0.5929049620819904,0.29584750392862025,-0.13144624388694792,-0.7060290025536964,0.02217731075965923,-0.025682861630718312,0.22516842298286388,0.15793244057709221,0.10236602346613355
2190,0.07467507692970952,0.9211048828924883,0.6843022957389756,0.20640322217836693,0.36602483822996235,0.5115735562781221,0.25008356995635816,-0.28654009557029125,-0.38127423891784495,-0.04535593213728273,-0.049327492774873694,0.09979713416899172,0.056918481449183767,-0.017222791425068218,0.3868738999278766,0.5860304511680293,0.29630965135446996,-0.1233189100628842,-0.7075810030860472,-0.014701042014843235,-0.050156426853904534,0.21255433703950344,0.18933406263572816,0.08175134398034778
2200,0.07468959127727076,0.9202861457841409,0.687802841756883,0.16889028242089232,0.3671728106627251,0.5445968105964996,0.21017360725684875,-0.25138524228883075,-0.4234252214510512,-0.03593246753764978,-0.0076624352056176015,0.10784943986469964,0.02724892505020937,-0.042545484841489234,0.3926424936093057,0.5955532218327245,0.32417068976103214,-0.10592714952918958,-0.6964386536275222,0.012728444165079122,-0.07934405747950368,0.20064735881621243,0.16333629147201723,0.09613175327529433
2210,0.07901237327532804,0.9204720151238831,0.6849262445341358,0.2384874865250428,0.3315174342351588,0.5355371078746946,0.22372834334637348,-0.26680940562108235,-0.41662090762545256,-0.020720231487060037,-0.03911819568305974,0.07467666314718424,0.0603503438375117,-0.05666895286122409,0.44682165420740083,0.5891737313625378,0.2997148026099671,-0.1589100662869214,-0.5979109527323645,0.015304310589584036,-0.0843526097026801,0.22277803619083048,0.1605903741649337,0.10169087269051391
2220,0.07573798729067131,0.9193242792522213,0.6852272769569785,0.20878489179392934,0.39207119595492324,0.5160174663418134,0.23364793689500818,-0.24013582746055406,-0.38670863624206997,-0.03956245777721379,-0.08862302169807168,0.11795498442320707,0.042831004210412194,-0.005908767033519613,0.4188808548253262,0.5907269148312672,0.29887196237217095,-0.1152068655473546,-0.7857438711911606,0.005166853042817832,-0.034606484238362656,0.18458110130899552,0.1612978845332086,0.11616061375932496
2230,0.06998141961528911,0.9226097217376847,0.6858086558251043,0.23604509310986121,0.3752723045189801,0.5359013744133416,0.21882540747319545,-0.30445831933364365,-0.4246103544206794,-0.06970259373508991,-0.058782721235290936,0.09173344998049249,0.0799609553727364,-0.04044281585153353,0.40101596903983805,0.5859112256518915,0.3114080437850244,-0.15853158725381467,-0.7429588517890076,-0.015059755595906221,-0.059889777640370845,0.24266170752288685,0.15278688198878765,0.11252417591937236
2240,0.07638342707072418,0.9220596646233219,0.6855463625951931,0.22989003835139765,0.3694332892122957,0.5045732569320438,0.22237243603369583,-0.27403903789701767,-0.428525978463981,-0.04820872253894071,-0.051359279761129306,0.10189753845759719,0.02852076354630184,-0.04261713459818206,0.42868418258358143,0.5994262589927021,0.27989102184583603,-0.13552482697091395,-0.6108557473698111,-0.005501391733337746,-0.061028105780305486,0.23030912106447987,0.159601151564162,0.10711313501473307
2250,0.07221196606245046,0.920444786434713,0.6865288359257047,0.2166144030964795,0.39612782587013606,0.5315073889408422,0.20902570521230557,-0.28083675140328657,-0.42181956276726695,-0.0005006680255748019,-0.04835188859534578,0.07679454210784253,0.03812255812337306,-0.045442489151796384,0.41337761796828487,0.5834395775948819,0.3071489974616284,-0.1113690872422104,-0.7742896921970059,0.009427132353772127,-0.04620315465166569,0.19410158606893257,0.16952622840335096,0.10005101814378259
2260,0.09302787690894598,0.9162859486424277,0.6824471480554669,0.22254834821343628,0.3353182266763103,0.5442043521585379,0.18705305871504307,-0.22683042958278254,-0.3597668797248754,-0.04538839405084971,-0.006491437691048985,0.08047278232575639,0.05924996331746235,-0.002881894052953138,0.45246647398689777,0.5942266170661274,0.2993081872438885,-0.11650193835726697,-0.47252748286516066,0.012845967904895117,-0.06940302006806998,0.1970968505189169,0.20399211687631957,0.06459394647728112
2270,0.07952746054223137,0.9211041283670861,0.6850743912581349,0.1873387204183643,0.34755275931721175,0.5432340844983201,0.21236989385290173,-0.2995388343482519,-0.3760247445998921,-0.0406947514534961,-0.04252881569086453,0.08564171467507942,0.052660262259919266,-0.015257211376007884,0.41338216174132203,0.5724726769495525,0.3035194010624479,-0.15356918752982485,-0.5822136653832686,-4.589160469747888e-05,-0.038892916326781046,0.22610315797995362,0.15267171677348756,0.12189614017138273
2280,0.07539471127918888,0.9219078958085956,0.6849987252357909,0.1942061719576611,0.3503934928688568,0.5321428153035579,0.22743075809016955,-0.3163714642218647,-0.37577501988234263,-0.0363179514451899,-0.03483695562692746,0.09722233785171086,0.02284612719079404,0.010922949557419348,0.4016759705429258,0.5776636131001853,0.2696185176976026,-0.13088650136591617,-0.6760766768350133,0.004866505277734912,-0.037422407844167616,0.221078052519181,0.15754255149865615,0.12336605062793282
2290,0.08433874881358287,0.919048595138458,0.6839632147653343,0.22798938190466955,0.3862881049123481,0.5373616820952385,0.220585620686662,-0.3200363917536182,-0.39172007258065067,-0.021954310623561124,-0.03659847722619114,0.08356208616514071,0.09059830871230612,-0.06685486700063836,0.4209932696078501,0.5821725371546345,0.27321174454314423,-0.1189499055833958,-0.549636438270281,0.005006074842469066,-0.06280796624565976,0.24283944391846402,0.18265146154277678,0.08641243828353284
2300,0.08082783908475422,0.9187898140377815,0.6839039581583484,0.20999460428415828,0.3760323197068661,0.5190436400814913,0.23318625267059634,-0.301376150933794,-0.3640313428699009,-0.05966728931130216,-0.04648504469799808,0.1323792695583622,0.07363292777548669,-0.013547313214567813,0.40860683343178583,0.5989752884376756,0.2822886114361882,-0.13263737421181543,-0.6858606704228476,0.024477149043332758,-0.07017148030216691,0.21589649202646077,0.17033330520203238,0.1263145930897951
2310,0.0769045091930829,0.921689651999765,0.6865008458658692,0.19148637186732187,0.37265510114766076,0.5271553296355507,0.2201225861072197,-0.2725301137918872,-0.34885029957168423,-0.030790512954067317,-0.06223630701842087,0.08476689392316683,0.023598999821771605,-0.0379230398874566,0.40764651195090995,0.5975145210936887,0.29621146728242553,-0.12279429303461353,-0.6702435346191626,0.0006091836712824872,-0.06269035251171773,0.230895342783914,0.1715249149533169,0.09886592220552182
2320,0.07848565701654829,0.9194254119783386,0.6844007266890687,0.2099042399098493,0.38698115680075285,0.5157658728935626,0.23597530107492348,-0.2721267474149147,-0.4535802248146583,-0.08381322495499144,-0.041992138294652426,0.12339556907673876,0.07901417846235836,-0.014081762486300331,0.4244638103948385,0.588570556894997,0.28530496105531444,-0.1331083011851686,-0.661277663614021,-0.005210115096820234,-0.06991695376751861,0.23980416035934915,0.1907878749864076,0.10333824706746764
2330,0.08556417682589372,0.9154824113632312,0.6835222768505436,0.2362694776792278,0.3607519004573313,0.5544980242073378,0.2392623113447795,-0.32803236752483156,-0.48860775061885797,0.015073347766854428,-0.03184531815876812,0.11130663184445277,0.03413532608104575,-0.015756022643612644,0.41328407733557504,0.6043054131540548,0.28457460617791086,-0.13258316143335613,-0.6180548048329824,0.03730293304858989,-0.03820516686388653,0.2414655873310787,0.18022939869534882,0.13747327029647582
2340,0.07981202656881987,0.919776578659851,0.6854945805496628,0.18665138794637115,0.4091999452274261,0.5421530526337737,0.2283665533561544,-0.302890022184529,-0.38980642341327854,-0.021911722834827785,-0.047868961056550585,0.09071631800553881,0.02816613787664235,-0.025457336590409607,0.4072464163335995,0.5861509257224077,0.2891727189579113,-0.13380670305292952,-0.6484677058339667,0.033672276658743394,-0.06567574307052149,0.2548827216789815,0.1641351794676239,0.09142354211705683
2350,0.07788485678054217,0.9215314288620989,0.6840785336535954,0.22347303678402608,0.3834035645923166,0.5387612768113774,0.23773233878489208,-0.26804885813374124,-0.4007873777079827,-0.05480975338198979,-0.03107843025606649,0.11413075656697858,0.03309651649141476,-0.03516416739666828,0.39702342585059036,0.5857299856251861,0.2445025946447883,-0.1215144687874441,-0.6215933462705319,-0.020161349032809417,-0.07823886779037026,0.22065850468326342,0.174810161040572,0.1136564492735842
2360,0.094903622895552,0.9155037781074798,0.6815391687302339,0.202452062746313,0.37913428854205333,0.5195778826499667,0.22943388991878777,-0.2658905702256942,-0.3071561214376757,-0.01055776565749933,-0.04315002726592376,0.1159189778517834,0.04324682569049576,-0.050830013005401575,0.41806281439027204,0.5779955276339797,0.29181679080839384,-0.11305755840463405,-0.5036705817013263,0.015116361964811476,-0.04404104691918875,0.2523332693712905,0.16933154297571207,0.11690953088007583
2370,0.0785832765484226,0.921085846518569,0.6863709596618444,0.23378892282823527,0.3530715641228651,0.5306998281352436,0.2212142020717649,-0.3109888562340384,-0.39541576681719537,-0.016552650513210976,-0.03025856591595688,0.10814181364510578,0.07001486595097761,-0.06227031719180398,0.4089486442740675,0.5871979294536134,0.28039406038421655,-0.133274402001901,-0.607291299842585,-0.01023943034535324,-0.09387197359518029,0.23098206510901287,0.1793412615276656,0.10661691247133187
2380,0.07443268441996057,0.9207390456256671,0.6863016988243338,0.24256788481784874,0.3682008916653686,0.5287842715052773,0.24547859334087008,-0.292994339030727,-0.37563454118582107,-0.07238643631198949,-0.025685301764451163,0.08731554718878398,0.06314492220896961,-0.05424651387224211,0.4266846963413746,0.5857287246178571,0.2888501684689464,-0.15000713286693323,-0.7358754115385868,-0.0031912124765014482,-0.06031418504976993,0.2259510596471287,0.17613080232803058,0.09458388478573843
2390,0.08037953362505539,0.9212431696323738,0.6851057784968655,0.20885891099649356,0.36316968750147816,0.5274401564260334,0.20970372011920835,-0.2833259379631503,-0.34933421454344216,-0.031394366367216486,-0.025879504180089663,0.09927305073152559,0.05099513754588714,-0.04436219484682269,0.41354029802608505,0.5967335551634023,0.27183214247641074,-0.12128225346690957,-0.6077398578577435,-0.026012749339727304,-0.0864870414405623,0.23113819108016875,0.1836144349550477,0.10748904111008628
2400,0.08477821301812538,0.9164136160965852,0.6810721382281152,0.23576862760546868,0.38568807617501977,0.5356398137360548,0.2393025930307353,-0.33756940438172944,-0.4123500436908787,-0.03256926803079696,-0.030258274741318703,0.11204356955583161,0.07341671376907433,-0.02257877962382815,0.41390628729471524,0.5995135978363395,0.28655497373296723,-0.11345480958934728,-0.6472918868275741,0.014370027496471871,-0.04541243150151586,0.23209429952305405,0.19850551221301316,0.09502327979887648
2410,0.07608978636662903,0.9214743553553897,0.686215198575005,0.2107710650273641,0.37950518554059465,0.5315656762973768,0.2221182699423495,-0.31659230686934814,-0.3497638990782226,-0.02058733990141648,-0.0429155416353475,0.12739125357391734,0.007977568486084441,-0.008781770277922929,0.4100748704071968,0.5766333578458125,0.29370684990299933,-0.11947317170464045,-0.7040157550588375,0.0007720964317259327,-0.04977158499479639,0.24083958595396193,0.1563728959269557,0.05205820788340243
2420,0.06772354911182636,0.9241234165761002,0.6863123511422397,0.19203468627410614,0.38426172662320013,0.5268346665646808,0.23237690374956121,-0.3418241364843124,-0.4246252172832947,-0.05219835945847895,-0.07669062274427496,0.050203558718987185,0.0722562578991115,0.015875899512528657,0.40415496275573526,0.603364962581609,0.31365097580566437,-0.1466469258529235,-0.7261401861863337,0.019320766857707117,-0.07297100709211035,0.22383112574328357,0.14186425147791948,0.0832602418859878
2430,0.07059669708800226,0.9237276274222002,0.6876332524323322,0.19059476804426,0.3589272033079035,0.5374074581087218,0.21533311487764895,-0.2901631585167308,-0.4492835502283232,-0.021762482002952943,-0.0989572324593122,0.10087430617326043,0.03926795742696387,-0.01533951687530477,0.39381824042036506,0.5959330379941266,0.30182073972529877,-0.12008384166451957,-0.6543104447797701,0.006371053299873641,-0.04794652711881797,0.19512152636995783,0.17107957356526649,0.07382841318013211
2440,0.07221326440617029,0.9206858362482361,0.684240426217662,0.21426133513375578,0.39864037432024035,0.5466785236712635,0.19649220916682386,-0.30128901083801285,-0.4348432788895855,-0.03117241312225283,-0.04830488474626127,0.09255278655658616,0.052460779688592085,-0.03986850836267819,0.3846147017179593,0.5640872759219511,0.28880785674327203,-0.08331452716349985,-0.7696575533962589,0.02214079549945014,-0.03844277576858124,0.22760489781749393,0.15874965435936284,0.11628031421995544
2450,0.07188540326850996,0.9226214638686919,0.6866353903182516,0.20774362728145968,0.35089520901339843,0.5145526844601436,0.22193663002064856,-0.2604183065190506,-0.3283617418592606,-0.030158449077260396,-0.06022253322837412,0.0960836848044786,0.05011130231411265,-0.016692964649781317,0.41065824172220644,0.5892786292667713,0.2922305903794308,-0.12214670567522457,-0.7896964917831417,-0.006491337763383731,-0.08595305475169468,0.22645934865276673,0.17672267272380326,0.07306243330666129
2460,0.0773621480623516,0.920088449243523,0.6845598543966371,0.2224551950285284,0.3700148950145,0.5158036483092148,0.22979362601623632,-0.2549282122009504,-0.35797441791665197,-0.034637258448544594,-0.06445587884484105,0.11028665149106132,0.059181561426906004,-0.03903241766585941,0.41591075338425143,0.5853951549774152,0.30245592545407884,-0.14335272663551568,-0.7220886917331315,0.006859989107806053,-0.06968102990247593,0.22974703895626347,0.18467488049475844,0.0781764229963341
2470,0.07991281959757043,0.9196886025619003,0.6859551551625308,0.1991412571334349,0.4030065682016635,0.5406057768458933,0.2519144512534124,-0.30058436639403663,-0.3817857302055656,-0.03601939706242563,-0.05743763686421821,0.09171422838128351,0.035625076033148795,-0.010462752024214872,0.3948834995969889,0.5703343809879162,0.28844733229904906,-0.12466646345367738,-0.637043227521348,0.008672889104072268,-0.068836967956313,0.21089167279438448,0.19908334691630314,0.10068527348322831
2480,0.08252567947074538,0.9204552606512563,0.6858485080635071,0.20672672754406374,0.34369383802119324,0.548693440683863,0.21829079276821162,-0.2883809284959995,-0.39026983503918444,-0.043147304204325776,-0.05179596449517776,0.09050824891809961,0.07359792098522167,-0.021050377765510886,0.38332678237250295,0.6081571902164364,0.28615579434747773,-0.10779989667786727,-0.5526704751645128,0.0023179753669263503,-0.07371435846848962,0.2551093721115645,0.17017473252398563,0.07511559333717432
2490,0.08070940195930755,0.9195896945297056,0.6857727138011878,0.19553546120565557,0.36862555566731214,0.5391445507195141,0.24491828750514055,-0.30181619205365484,-0.34129209566812135,-0.012259348953004068,-0.01810569808961149,0.09378668725144901,0.06071040224553981,-0.011621934913654375,0.37343011336963616,0.585702922784207,0.2609442108053823,-0.15123450622879941,-0.6401939864228523,0.02011130748186618,-0.056937478160655974,0.20672320122833654,0.18494593108294544,0.09378005028882752
2500,0.0848393382491725,0.9159065877263798,0.6825102739192521,0.24274280736683274,0.3805304043420422,0.5296314234668267,0.25121832822233214,-0.31305672488743763,-0.31822239866643764,-0.03777816535507017,-0.03596765789125822,0.09419172030955125,0.07651000174477418,0.006516331915110918,0.4173410463429952,0.5986760718819388,0.28932923029747193,-0.1250515336185174,-0.7631326860477956,0.04072820085218165,-0.08994687528619827,0.24773486213307272,0.16096333151416153,0.12866838459604557
2510,0.08278080303953037,0.9187040720898011,0.6828730920158121,0.2112224573124557,0.37377723341001934,0.5246402790739237,0.23691246825345214,-0.24096107191561567,-0.3678511106679965,-0.001865959139918827,-0.06346985586695886,0.09435690318613044,0.08743420502326094,-0.05147501195267434,0.38947581208195403,0.5907127592351056,0.2976053071375314,-0.14682267183495634,-0.6259987603072321,0.0035893664460130426,-0.07592533631915077,0.23705833010412425,0.1523495292320941,0.1136319913385766
2520,0.0821490062616089,0.917643055978679,0.6827218769359445,0.20930254242768043,0.36569184638922114,0.5369700814007199,0.23036933468529652,-0.31542722499953335,-0.40247319945607596,0.010003869726431303,-0.03002619614315183,0.08939844504226313,0.065558130100839,-0.0440480364262712,0.4105223068618181,0.5780432507905511,0.3237531741130094,-0.11986681088451778,-0.6622574438305535,0.009482071947324977,-0.06363219131935471,0.27506093424599165,0.14451046945837176,0.11419377736372682
2530,0.07432743432117875,0.9230029653806676,0.6867335422977333,0.22382782019074066,0.36909814383592077,0.5149915549104019,0.23592492510982033,-0.349024447510597,-0.411890496840692,-0.04945642119593541,-0.02113427183795813,0.07546733268937733,0.04885026760297462,0.00012350888530332504,0.4222319122779118,0.5975665574359081,0.25947469790153566,-0.12663847624595426,-0.612427677468754,-0.005250790614020673,-0.04904441578012708,0.20452686357790506,0.1531877882953635,0.08047174552562886
2540,0.08537848135031544,0.9175091459805811,0.6835825494775138,0.169812949285557,0.3537304417238699,0.5387508395426646,0.23483062196019944,-0.29211009846603964,-0.3901632501895518,-0.04533315142101335,-0.0011349646150924375,0.07550834511928106,0.04008035675514454,-0.007493726154725433,0.4210739086901101,0.5719744385193875,0.3057789912056126,-0.09029163234740278,-0.5716212282601743,0.041517463552835476,-0.06045457671694643,0.23673103836469112,0.1597323771277417,0.10202896468047506
2550,0.0825487926293681,0.917385770165448,0.6833016035810264,0.20455090192030434,0.3741128785903437,0.5293621322007763,0.23619882390208202,-0.2896131088209555,-0.3892563291493427,-0.05462191971983055,-0.04451836438162471,0.1096631330579404,0.08309443338468592,-0.03531378571345267,0.4075569288442775,0.5828248606315627,0.29170823666365275,-0.10172802639372658,-0.6725774390836239,0.04082582526395451,-0.04626816343244422,0.2377411779768429,0.1633436353701775,0.10643881410513012
2560,0.07389155702161654,0.9232642286590368,0.6882936794004382,0.21521184010856276,0.3578010952054548,0.5358144033028702,0.19568306493175247,-0.2641625276601738,-0.3567115829766432,-0.06229503154537519,-0.062144115700186964,0.07679627060565652,0.03581817064337167,-0.012790676236638099,0.4137241323102069,0.5788726872294869,0.27789306069440967,-0.15749272199544517,-0.673215843308026,0.026064238044297583,-0.07452283667709292,0.206799260793064,0.16848672700112666,0.12609308268326813
2570,0.07612378109010358,0.9217956057590527,0.6867849440840267,0.22715587249055136,0.38259680913193017,0.5262152043761589,0.20693138705073066,-0.3007832585626109,-0.40749295384234085,-0.04519159572375653,-0.06596587004539489,0.06975445700960625,0.034341935506996824,-0.014492269013627546,0.3952119882636045,0.5963696643284997,0.2956780747520341,-0.09941018406827107,-0.6369237359359379,0.007936489961723137,-0.056750145458929424,0.21205310008388722,0.16995465416747813,0.10140977841984311
2580,0.06767011632322692,0.9253299480166316,0.688005068263789,0.21450053954990933,0.3759768069715269,0.5418857531328257,0.22097219128238665,-0.32822688343329265,-0.4322814038693432,-0.09756938112516611,-0.07189178655693373,0.09059394654853192,0.06201798552149085,-0.03017657087714931,0.4050318244346447,0.5760573467580987,0.2831618362510916,-0.13446092098409945,-0.6774406151359418,-0.009956333022517638,-0.08002646759019605,0.22296275431359847,0.18186398398759185,0.10807783663070869
2590,0.08193010774331903,0.9186331482679638,0.682434016839265,0.21902218552283392,0.37084436688277755,0.5385831184109602,0.19685731193769807,-0.27843781152268554,-0.33511665284340575,-0.029407496676070455,-0.03714871199554426,0.08512501287022145,0.05306790742332956,-0.02902980133191324,0.3875384887738702,0.5860051374805385,0.311691506363436,-0.13391914781568715,-0.6806844514320991,0.0119690708949306,-0.05179924259001134,0.24396213910992903,0.18104683687533918,0.11036249627125228
2600,0.07858411828836742,0.9225043474068182,0.6865420721732048,0.21642134932361712,0.3544200275518684,0.5220562075116333,0.2280023773701303,-0.29286982378881743,-0.3127767608834895,-0.019009967655883253,-0.04243591060562979,0.07663242932914383,0.04908008936374619,-0.023509541840302184,0.4146023933710652,0.6072136462903488,0.270515568401956,-0.0839259281846576,-0.6497825369009267,-0.0288967993901581,-0.11914237542874284,0.2512811722752405,0.1367296518758433,0.09566121606973055
2610,0.0800601738056749,0.9205609296470656,0.6841340389185951,0.21121882708402717,0.3683887629043242,0.5357626652294092,0.22501138884963934,-0.2794064479716225,-0.3691154983730762,-0.03942084893687303,-0.04200128318876928,0.13383478721541786,0.03678877514020784,-0.06352256334404305,0.40674767338254936,0.6009991695201118,0.28591615835168105,-0.1122468990989578,-0.60478683760152,0.022962358763909063,-0.07405568320520461,0.21711177125363512,0.15169525551019425,0.06938211843413322
2620,0.07598346880121719,0.9226582835904471,0.6868052637860425,0.21574248096258286,0.3628361575713446,0.5321705458990797,0.21121908149703328,-0.27176930201997296,-0.3912122948220804,-0.037800562331125276,-0.05260372495907517,0.08848384469237813,0.05776198635666674,-0.022763414365285062,0.36776312580790393,0.592467807618002,0.26155498373301733,-0.10157058898400462,-0.6139089756069454,0.0021575080687080694,-0.06410242429825108,0.21203397202598595,0.18458911570283743,0.06260352227676058
2630,0.08419667778459469,0.9177722866349052,0.6839838479917806,0.2183502304867846,0.36121947532763443,0.536267804486595,0.22092172221279482,-0.2551523346143132,-0.40468736808185835,-0.041237110392488674,-0.06084875592969974,0.11615875497796557,0.060762980678018774,-0.02347893769742626,0.42507220421947167,0.6139680868173107,0.2704195984812938,-0.10012903890798941,-0.6239437161824122,0.032166278567685835,-0.05346960581921878,0.19701798616035915,0.16899554674002903,0.10975643194595197
2640,0.08432843647598527,0.9170247318038569,0.6815372932280725,0.1974670960236099,0.3747889614741605,0.5155381374178092,0.22949907783581902,-0.284120281617688,-0.41553697830171377,-0.03960401583699924,-0.0289657606587288,0.09628017026099178,0.07499307987592141,-0.0169691338574518,0.4248604534317262,0.625069519293416,0.28708024782938435,-0.1032095189635589,-0.63630820700541,0.022682075465233154,-0.05524610761876381,0.2220331393397469,0.16702559388260618,0.11353961772558041
2650,0.0823884230372908,0.9194436729746367,0.685474670661989,0.21920037040503737,0.37618381536469947,0.5360464036355651,0.23343344224445972,-0.28464492258309937,-0.39719106346356425,-0.015391054038904617,-0.04291957209051689,0.10661759760896383,0.05218661776518252,-0.025429072604659986,0.3887827084059159,0.5785847744666093,0.2607773592648992,-0.08293845546469347,-0.5775581134851326,-0.0013783099978195157,-0.03214712184162627,0.2055467571234213,0.16287003304709657,0.06952469002127348
2660,0.07304776735028103,0.9225716251598229,0.6887531876827558,0.19573433143141927,0.3275277330634966,0.5280571002829492,0.23604279751911572,-0.32420101910142374,-0.3558624991264663,-0.03639235397971352,-0.03536236620828204,0.10422465285346205,0.058348496917078885,-0.02442163465687841,0.37060881738767115,0.576741326537643,0.31166586622101744,-0.10327515736836257,-0.6925266173793656,0.03216063953046189,-0.06847495317851937,0.25707949478070646,0.11143798691401985,0.06489047191587138
2670,0.07407124599084594,0.9216763111405013,0.6872126900518075,0.22548214034795788,0.37988693111062277,0.5309249684744644,0.24135252673487617,-0.3077577802307585,-0.44977375538535536,-0.023513188556076425,-0.059678232450878665,0.1074866469507918,0.06323332604871679,-0.027198437163134193,0.40603351067242466,0.6004439661830365,0.27411721801255406,-0.1614268022731551,-0.6612981973451979,0.022452969257674482,-0.09394077284582547,0.21636762471773796,0.18472619910837473,0.08757530443891415
2680,0.07499577495091492,0.9210886824624263,0.6885736820162583,0.20766961346790325,0.3782563406087208,0.5280347381601737,0.23906637267604702,-0.26630466462612756,-0.4188901220740615,-0.04850482642509646,-0.07154147112147324,0.10132382940744922,0.04309692809376464,-0.019902176552267115,0.42184424901659867,0.5709356861817626,0.2997787806428611,-0.11475617463127952,-0.6825321897713397,0.04765545071243382,-0.09954816885568829,0.21254987534899505,0.1452902558349155,0.10138894787492136
2690,0.0795347068806805,0.9182922544247779,0.683675565791754,0.20893569961331826,0.3628086909339969,0.5435326401665683,0.2654823202104777,-0.31770400751698746,-0.39962519357252924,-0.04339102208627765,-0.006934104563488974,0.1004402323633734,0.06046703633373973,-0.02026543503926348,0.4335980880951045,0.5814356472167963,0.2877515243586588,-0.11054689259034234,-0.6827552200667462,-0.00845962065569017,-0.01950968000549702,0.21469075042986485,0.14303429978042148,0.07724309108879279
2700,0.06812762166278404,0.9243789168643909,0.6892721404640803,0.21654645809296336,0.3650873824069292,0.5197315669563285,0.22349787885488692,-0.3056394525790014,-0.4555604548724608,-0.06730709599212581,-0.05587861585054266,0.08767960710642297,0.06006831826507564,-0.04403867845462095,0.41161602667699393,0.5734413524788837,0.29984065201271903,-0.13222998470335257,-0.6459270407962536,-0.003966511798175532,-0.04901466798952314,0.1758525633512672,0.16807922182249868,0.08880152992955193
2710,0.07197609999102086,0.9228106556998654,0.6875406377731101,0.2122299112201117,0.3761563576364092,0.5307397363626208,0.23645863421128555,-0.27651547043004654,-0.38539649022017763,-0.03910992784523515,-0.08739399035640472,0.0919786466468534,0.034054425086621154,-0.05263838789868047,0.4124053753580339,0.5624393173206266,0.27478906620602483,-0.08400565563377205,-0.7160162747437615,0.016618260011096675,-0.07812953902614495,0.19948458222862708,0.1682431360354607,0.11510638764188952
2720,0.08102125070796669,0.9191471254196331,0.6838257825198323,0.23315265183712786,0.35909915146801963,0.5296437383041541,0.24021675034768264,-0.27622069258881354,-0.37842705337409854,-0.05648249770535396,-0.041117588428746465,0.1033620014841169,0.0898048984755867,-0.046819346934634964,0.4267451807778918,0.5891998670921514,0.2748755720024475,-0.11733700045493456,-0.6447293183566132,-0.004051931472851988,-0.08944347263886554,0.1961164641987958,0.1801875252514321,0.13367136558280668
2730,0.08994829881636598,0.9145863058369023,0.681699041509548,0.2316597194756148,0.34941766983413525,0.523633032974897,0.22077053244604994,-0.27268806241956955,-0.42645776700561866,-0.053436444580305054,-0.031283858211024196,0.11442373997211586,0.06914758971010293,-0.026000154144414367,0.4235128865127137,0.6000217409233132,0.30078503409070545,-0.08588876920347666,-0.5905281332288999,0.02670282341917185,-0.009927979127071662,0.2508263064479177,0.17220674421657112,0.10201762304075734
2740,0.08424223957143678,0.9183606924901535,0.6835201672899285,0.20440081633243512,0.3802606643666686,0.514157510731804,0.20294916849953804,-0.2686486340302374,-0.4172713317486798,-0.01923991069664588,-0.049574426479845446,0.09242694857292866,0.07434849944285182,-0.031854607716382155,0.4088263549705913,0.5992688305048608,0.269944227791057,-0.04901953247744051,-0.6065746752113808,0.004351751747117549,-0.06400051974535348,0.24488494333328503,0.1841849555884847,0.09526599722451523
2750,0.07309947422451157,0.9228824288840461,0.6880794283078673,0.2267511384004629,0.3448874802139795,0.5211712645404087,0.2050691343100698,-0.23286413699494335,-0.41077412088149456,-0.05517606497567851,-0.04090302888415853,0.09820806310041486,0.03738928673755637,-0.02425715455252231,0.4241905956031392,0.5642590844766353,0.2664776158996466,-0.12551988703645178,-0.6910139587840114,0.026332972757536766,-0.08683663659760943,0.2519842571179778,0.1502402609614395,0.08547279330234558
2760,0.071867072521195,0.9210064691675988,0.6895172896605997,0.21525163327750607,0.364010653840646,0.5393972464575554,0.22296426435407413,-0.2810483466808269,-0.40542396170149675,-0.06338387825604941,-0.0329462408951795,0.12083174331517854,0.0398700301949414,-0.02712108305339367,0.4084944650874257,0.6029127563287293,0.28247329168785296,-0.12532198064230493,-0.7748491677651261,0.03526569488097264,-0.047761126862940984,0.19638903825221266,0.1522684675255248,0.08693502359979344
2770,0.0788511215867311,0.9218729607165989,0.6856822976392128,0.21437816953108912,0.3779819360563621,0.5316911907097384,0.22093655411984303,-0.267585997604036,-0.38437207530494266,-0.019008926623048206,-0.043465732438371374,0.12020534742207223,-0.008457474642831864,-0.08185485094735112,0.4052624796372679,0.60536264742335,0.2776445826160041,-0.13355047090687155,-0.5607855730289679,0.01036083232696916,-0.08256400904330063,0.1971124923439347,0.17942857375829913,0.09715385791614473
2780,0.09233543341504546,0.9154842916999472,0.6811689210980023,0.22254155663435538,0.413998880876446,0.5480985896365427,0.22294855753349385,-0.2602606314238436,-0.37532449755983777,-0.028662234483322058,-0.03604917267336005,0.09519289486990445,0.06568840862175873,-0.014819164699144016,0.3953778501644791,0.5946528174443975,0.28778129295191734,-0.07115858284727827,-0.5240801928354837,0.002783632198562369,-0.08224377140996486,0.20785544544949364,0.17291668641324753,0.10180573685359029
2790,0.0865919198101694,0.9174748083578672,0.6847319664696845,0.2125390398015734,0.3665839090293551,0.5553468907408522,0.21415781906550146,-0.2693964292176463,-0.37638981781299474,-0.043328561496642326,-0.06145224743221145,0.11038106346846077,0.05953654564089683,-0.024514335243490892,0.4109117716212859,0.5892840141701481,0.28611344319954723,-0.1141999776461402,-0.5883986001478108,0.03294652158635425,-0.048900140167351225,0.22704496791962092,0.18380697705488647,0.09635746187936245
2800,0.07198501486866597,0.9238042677530593,0.6903901838751009,0.18894334279856662,0.3609555098398509,0.522157915573608,0.22851951762271827,-0.28493647504355746,-0.39349034705113173,-0.04781092976167356,-0.07101503322477232,0.0940113683005126,0.026345721162784885,-0.06609730739866415,0.4262498701805847,0.5876342814623134,0.282987395921403,-0.10790519687362754,-0.6600109493379447,0.017789859415632825,-0.08653888906562646,0.21575439319621503,0.16956689843362016,0.10857436609117266
2810,0.07779986546119129,0.920255972137619,0.6844660963260009,0.2225397022996557,0.3698788861126966,0.5239967036872215,0.22910887399381752,-0.29997687862374023,-0.4103854208487543,-0.030785478770924524,-0.039294905544074776,0.10101561896685307,0.059252900392407604,-0.03596025385528745,0.39575741186428426,0.6172545543097674,0.2935381022739889,-0.14991988898294117,-0.6590247824291813,0.012647563812623663,-0.08220763232764083,0.24040993675375388,0.1837378965754214,0.09221426502507002
2820,0.0852359928009045,0.9189634664931436,0.6859382991892256,0.21354882889484017,0.3575848027258913,0.5431292375468867,0.25843870509924516,-0.25530360387637163,-0.3644497623142986,-0.019443623821813416,-0.06746537885094406,0.08806602227658133,0.03683927064849457,-0.013852495416119437,0.4050484073694848,0.5783855135833158,0.25639594606195193,-0.14003183174365263,-0.5410478919007409,0.020582820142768576,-0.03905125409647514,0.185276753027789,0.1830380522406737,0.10426733122148735
2830,0.0761308848115205,0.9204284929989719,0.6852030548862237,0.20914232682379286,0.3919101078818076,0.5514702809469221,0.21797058905548994,-0.26290115866168273,-0.43032289151590963,-0.04590738916484227,-0.04288876741874037,0.10453313122618246,0.03358010981900206,0.009488032542833369,0.41297411594784916,0.5992327098432438,0.27669859578476697,-0.1021082668244293,-0.6979886466644813,0.009937796930240217,-0.07874643401000325,0.19550417497587314,0.17198144939561066,0.07518871412840489
2840,0.07820913317610685,0.9199491094884261,0.6846905641598129,0.22567251035735802,0.36564601934063123,0.5392039420851886,0.23234751761742234,-0.26710511243048907,-0.3758977473647531,-0.02861034729017753,-0.045716843100190196,0.1129602097244029,0.05451056480210903,-0.04964865150696207,0.40708934695980736,0.5815403586065663,0.2684507616272046,-0.14857451740768446,-0.6814852037705608,0.02758503163327164,-0.09033647796849475,0.19783298393129323,0.18727490847223327,0.12965254238006674
2850,0.08315012205348203,0.919105694172947,0.6848693560216789,0.21253322565711685,0.37252739485662,0.5579420790718013,0.2352294024644317,-0.2620816777671229,-0.3676460310686942,-0.041784601885449746,-0.03484963066780922,0.12137520602213614,0.07296638584423853,-0.017673167018277036,0.40061468413664214,0.5902606117491379,0.2404844105109416,-0.15612345243795533,-0.6147767847233574,0.012901881452333841,-0.0597360290012936,0.21962971924028962,0.17824257156692125,0.0861163651204716
2860,0.07817597487776946,0.9191337325696393,0.6845165727778614,0.230169504277974,0.39580361413986875,0.5503046717718798,0.21982995647497272,-0.27265020283842367,-0.3723121819231303,-0.046708426287520366,-0.05590438380578,0.0968796768956115,0.05327480689690878,-0.01661068470352034,0.3761892660102051,0.600492814994501,0.29104088593250066,-0.12056602332097,-0.7609541079386615,-0.0010687890616907225,-0.08046565440012188,0.24726691425681913,0.17691193862213428,0.13077187643960164
2870,0.08032849048527957,0.9196948531045743,0.6832809146706966,0.2620865096066325,0.3617044924632431,0.5333739817355962,0.2330906533089363,-0.2490475854713241,-0.3432031346918172,-0.004121856059374318,-0.060517352887500264,0.10181565130054693,0.04636581692582642,-0.015026919533938754,0.42810221541807636,0.5727654148057422,0.25505132321394697,-0.12526837860289208,-0.6989815755665352,-0.0008181017237971488,-0.06583884686239805,0.21130931319765123,0.15700436714473986,0.08705231246951006
2880,0.08013131560064903,0.9208644984044903,0.6862023446531222,0.19830281200200983,0.3813584623163514,0.5331083483276897,0.22290354357622744,-0.2804185700520303,-0.38771737585935107,-0.03960393315971045,-0.07087364711218669,0.09660541363351116,0.0656418155726799,-0.052179032164501704,0.41484325434713476,0.581208203992196,0.25721743118164575,-0.10264311855428487,-0.5984115923329294,0.01280584450443134,-0.05447742810679457,0.22516981091118826,0.182261047282535,0.09765633730781798
2890,0.07862718467186172,0.9202731050613067,0.6862621433281445,0.19058309233248572,0.369575807573866,0.5242280105571641,0.22216820821307903,-0.2734896786475316,-0.39796510385793726,-0.04513497438187164,-0.04202419086390741,0.08568389888943628,0.0818154253067025,-0.019574686068906555,0.39836865138514865,0.5574335672583983,0.2803221214577012,-0.07039720928926063,-0.6284774110885702,0.021865295279294372,-0.07956805816688117,0.19700946047356505,0.19006255984671705,0.08868609190040455
2900,0.08276290835884156,0.9192580662819062,0.6845376488229811,0.21452712534234597,0.37486989820668093,0.5327055881875918,0.2567618444658192,-0.2766413472771099,-0.3957881484233523,-0.08049149370395736,-0.07899711248340524,0.1249177603218411,0.0516738021593236,-0.02605374473958655,0.4161925806049742,0.5823263547657123,0.2836138542186163,-0.11244744662738437,-0.6059479729516524,0.018571601318980502,-0.06831113792613563,0.2635726559640459,0.16653573162304502,0.09643068248927977
2910,0.07966575129309532,0.9211921045721534,0.6824600747427263,0.23320331914629788,0.3325676716052407,0.5577784541301876,0.1952821928742834,-0.2841381890059662,-0.37430437385710835,-0.04569265177517745,-0.022533058944669726,0.1284625026268712,0.04461503346980644,-0.03298930275337986,0.39364084094423424,0.5929725826919627,0.2525151550450958,-0.09768805363425659,-0.6150798128440504,-0.011855548411721761,-0.059440123191126126,0.21901178304929403,0.17347161090187135,0.09318074508731244
2920,0.08032398472495295,0.9191397057518192,0.6864029218697469,0.19217072076831232,0.36550850376865307,0.5267777336184025,0.21765526477709163,-0.29676498105698945,-0.3761096424237169,-0.02721332898563933,-0.061015830289951944,0.12195263075426488,0.06885306319653994,-0.01171241806294554,0.41653435011399653,0.5891274824891651,0.29298827592532206,-0.1190348059677575,-0.6892311041422929,0.01638209689689074,-0.052537696574856074,0.24362298272251404,0.17440519346119643,0.0944451882358125
2930,0.07470148725348164,0.9235192690488885,0.687018895369883,0.18430318866799833,0.35641920056065235,0.5160948860222094,0.2110066249549033,-0.30466867041840295,-0.382568689616142,0.014432030674498608,-0.056950096252760485,0.09316077881067764,0.010980747746008546,-0.0442255740149593,0.40177232561818055,0.6039603334870218,0.2740487113818799,-0.1065242356912739,-0.6215933382576977,0.016425179856635386,-0.06391295485645676,0.23818911198815096,0.1700011315975236,0.058380540064467246
2940,0.09086281084354293,0.9159236102719968,0.681692450121039,0.16028266186402407,0.37854227597860823,0.5428256176416602,0.25114761840055666,-0.2645272097807827,-0.3531607260777947,0.007956061612242715,-0.05760376444795523,0.10593763384434829,0.05870189470852938,-0.004115481585776237,0.43835108679949963,0.5640589111712422,0.2768695002634405,-0.11973908335107541,-0.5669217901132158,0.006655444494742424,-0.03684397898223102,0.23627606282135638,0.1902550196110685,0.09317127284191373
2950,0.07121859366603298,0.9245470752828874,0.6891851213583718,0.180628288766018,0.4030625600795229,0.5131689425846582,0.23164889019136747,-0.29559639455279285,-0.3681964625677736,-0.10805076917778322,-0.05076247458156957,0.10146833468546834,0.014510829206112241,-0.04148492579432905,0.40235872212645485,0.5788245826774208,0.29091340956622336,-0.11695004925934893,-0.660365796234152,-0.004220202112087179,-0.07501689111745424,0.23627522065747697,0.17919644148083913,0.08417821036242101
2960,0.08128976918423511,0.9192731662388042,0.6865400604310308,0.1923759676965433,0.37649720464147185,0.5297394968027236,0.23223660656384848,-0.2686214325506866,-0.3170719437873226,-0.020679411281018023,-0.041671646810748975,0.12018200353353592,0.09254658150034578,-0.04154496283629938,0.42136499437759944,0.5849429539969696,0.2640275902139251,-0.13951895436734296,-0.679429702072099,0.022345461342814454,-0.08335974230565024,0.2017227508314512,0.17567340254059827,0.08532793483827783
2970,0.08067816504901479,0.9185586840041832,0.6826287799655181,0.2572299283970725,0.38077985930631686,0.5398256856966109,0.22968518082485678,-0.2552075228955297,-0.40342319332591337,-0.020347530074119158,-0.05844736623296032,0.06745991038345167,0.05170464306417888,-0.023560645612596964,0.42141346102788346,0.5791071307546567,0.2835783705673163,-0.1050268257543654,-0.680588525797519,0.033204849499641864,-0.08398328960385903,0.2261982406719577,0.1561144353681203,0.09852466976410967
2980,0.07953268434061836,0.9196772203767144,0.6850471289957354,0.2086920346939617,0.39499957349650316,0.5230020916406213,0.23358612226075903,-0.2792514358857794,-0.40665971685553437,-0.042094529699602035,-0.07132479745243225,0.10238645062275609,0.05451558471585771,-0.05647163334780547,0.4301634794333079,0.5921804374243916,0.26266529650102577,-0.14649019296967292,-0.6460481795604793,0.03723749335009707,-0.04669398184093021,0.21722050902119283,0.18972555198727092,0.11884621361747616
2990,0.07541362617159868,0.9218474035637007,0.6850035008992553,0.20965980884785884,0.38305254345340534,0.5567120209642419,0.24606117933409188,-0.32321892646664363,-0.35275788095267036,-0.06231286510588108,-0.025159845967087202,0.08970810437470889,0.037671791582562286,-0.03299762386427285,0.37113984554778645,0.5803302821423539,0.2884565425576623,-0.07355548127006228,-0.676652757865656,-0.01226776520222228,-0.09064669138876136,0.22514768213602732,0.15688049037907126,0.08843569636705917
3000,0.06827868446833148,0.9243061383252763,0.68745370418114,0.22151409552007484,0.37443872555829605,0.5248507056655656,0.24474197242991258,-0.3409768693163764,-0.43454131970508536,-0.03277398158525213,-0.04877627288069375,0.0776050740991131,0.04599186895878771,-0.08655111203047183,0.44445793833734426,0.5910610807335956,0.29271437549503054,-0.12138288969343969,-0.6802347767620425,-0.0014740977657146104,-0.0765450231236604,0.22268876829644146,0.16240075821106126,0.054643353392474836
3010,0.07557253573055696,0.9229094217508218,0.6847734277163061,0.2015489709467595,0.35677748795692843,0.5298389091150268,0.23003714688960164,-0.31933565233806505,-0.39676546082968134,-0.03310228830452666,-0.08671274063768664,0.10773456749836108,0.026858588877371248,0.014017322872096116,0.4011619285396124,0.5935571319099118,0.2819927734061619,-0.093268425668944,-0.6386108670318211,0.0035354152144950746,-0.09294366980180024,0.2305724756032902,0.1727241625195537,0.09740547360505125
3020,0.08227881434595881,0.9194984235627893,0.685398888386992,0.2243967915127435,0.37743694816776796,0.5360032286526074,0.23032136736210918,-0.2987504344917835,-0.37720055813641884,-0.03161031128206626,-0.008426581239495023,0.08026893810732516,0.062263824547048596,0.0014899033184709864,0.4021057529218015,0.5744639285643263,0.2812386666875769,-0.11792924069767041,-0.5972286674372416,-0.007746793517817041,-0.0954708762467773,0.2259223520472078,0.16113417433807353,0.1051726880873457
3030,0.0772660343233239,0.9208455716532833,0.6846593935357796,0.24605486944833566,0.3732341156498008,0.5138388369536018,0.2493790969446027,-0.3371735309870725,-0.3641383962261082,-0.02396182464084129,-0.03325952582354463,0.08444031987766787,0.028424999551247776,-0.022614059457706892,0.3886414282252665,0.5870845132809431,0.252375211460399,-0.11926856783640094,-0.6707991180893511,0.02526189231354259,-0.049666467699750694,0.21245863098207884,0.15951811917689251,0.12275617768619917
3040,0.07240714784703335,0.920657093500765,0.684657074091219,0.23713977651907436,0.37267823906227215,0.5163649106795564,0.23521871583204046,-0.2690817582152534,-0.4645299554676383,-0.03384385307574944,-0.04371138869133584,0.11101731802868398,0.06703383422107823,-0.03773940344006599,0.4148513212931918,0.5883632785657003,0.2647004652830939,-0.08922753759336377,-0.7521273345952888,0.016004662534212066,-0.06559687847411344,0.2139549344245929,0.16191539481379102,0.0771653630832222
3050,0.08395139227493613,0.9189490517655555,0.6865937481824604,0.20719553559526838,0.3816505574020258,0.5148129706359786,0.21692308767110846,-0.2788077054491671,-0.39356989295458034,-0.06377979737169892,-0.035013109998832226,0.08955168921143764,0.0426666201542476,0.006623532373993601,0.3913303985782698,0.5935505683811383,0.2976235053655717,-0.1081688863704231,-0.5725497128410262,-0.008829566022161117,-0.0305195215038494,0.23924367089570564,0.16425334243069423,0.10879195158995747
3060,0.0742929173315804,0.921370483602978,0.688778568917474,0.20539373906335556,0.3600548859619803,0.5355691314511425,0.20717941554686914,-0.28872383932788503,-0.31965606473457586,-0.04454085211156422,-0.0267190251131455,0.11356455395897502,0.07276167476366135,-0.04958587398843539,0.3805618082460498,0.5764992756332481,0.284854904954459,-0.13933274172222498,-0.7540216195047633,0.010848349068126595,-0.077824599375931,0.20750073823695991,0.16878088955339599,0.13698651340349077
3070,0.0763688747951684,0.9203842332686322,0.6876108167979775,0.20072220379070826,0.3659020206684963,0.5329443099335232,0.22951297113674884,-0.29699388670611615,-0.34267104035778617,-0.05248789292312872,-0.026631349007087524,0.0820768685334402,0.06410800151264073,-0.04338153308985415,0.42668378617969893,0.6177909993371642,0.28425151056130904,-0.09121300750344852,-0.746044492934427,0.02940575776327292,-0.0952997608227184,0.2242121934131701,0.1747935216493509,0.06606518956357899
3080,0.07485672503088507,0.9196972801418984,0.6862152877216874,0.21895954803857276,0.38476087329103204,0.5391757438387423,0.24095876278501438,-0.3003002588448971,-0.3951714951805749,-0.026692819568086223,-0.012796283156039312,0.10678488624046267,0.056225658330445905,-0.04992767543734877,0.41985806523785296,0.5872363809888459,0.291868974723438,-0.16034816618518177,-0.7676463883997169,-0.034481085903076636,-0.0661601371291054,0.22475099441480484,0.19167058927598313,0.12326505828741874
3090,0.07738749672618588,0.9200057810291924,0.6850272094233084,0.2279527726460142,0.39197061461154836,0.545816462067585,0.2257644441633544,-0.2963953090778624,-0.43877148995748194,-0.06357364879916694,-0.03075273728801009,0.12029068957139155,0.028914675265746537,-0.05145980226801017,0.4135778659394892,0.5903675728662443,0.30029464127590977,-0.14605181715771542,-0.6423843633396464,0.0181983449109141,-0.08018709232914678,0.21746738927645204,0.18562452901461002,0.10847368985768391
3100,0.07988607803731765,0.9200299876663919,0.6837970862601916,0.22502781106453573,0.3670175269358241,0.5378868442239261,0.26668834214795345,-0.29034679504408367,-0.347327727536211,-0.04162201080273431,-0.04258827375370755,0.09787134662046504,0.043714599618387306,-0.05048927079899346,0.4282159658591834,0.5764682616194707,0.273312355023133,-0.13448623851052188,-0.6388704266867729,-0.003639798498110469,-0.06300923901094957,0.19718691732072724,0.17674936424691923,0.09984808474523033
3110,0.07985601528116536,0.9210391540539101,0.6860283600632001,0.19815444378047786,0.3354157210708749,0.5368597112916094,0.24093648483725927,-0.2927896653149118,-0.34837085094436104,-0.05679922739951193,-0.05857647048329251,0.11943924954894913,0.05221114943470717,-0.03186091197210916,0.3929329021443825,0.6009514752389311,0.2988337176899475,-0.12876357406573935,-0.5966953768785315,0.006559600313791103,-0.07506970125495593,0.20923827202106393,0.18292991281531612,0.09143945903057571
3120,0.08278370437663994,0.9214762869335246,0.684099018220714,0.2325698402147245,0.3949693598942191,0.5362992783411034,0.19596185771255992,-0.2839033259309438,-0.3097946073811866,-0.0907850794914804,-0.053115472677064623,0.08117493741527237,0.041343035393780925,-0.07087739055694042,0.4086181008103569,0.5937305968133089,0.2540624490470841,-0.10072932151909031,-0.5658666712137781,0.029098209829430344,-0.05270544946968214,0.2519523842684185,0.16799260499832258,0.07846245541102359
3130,0.07959214932904606,0.920967219382789,0.6837344242717587,0.17552341506236868,0.3801733160110734,0.5212250642452959,0.2170501695763235,-0.2853557582147477,-0.352669249220519,-0.01618242190402075,-0.05760097737079617,0.11816641096597003,0.05603052721546509,-0.048022995625398135,0.4310192418008708,0.5604982710389527,0.2723031220965936,-0.14119476588852753,-0.6089125495893619,0.022475748988471267,-0.059451454567754025,0.1997839305475766,0.20249994726066933,0.08407614348146153
3140,0.08127510813328173,0.9215379310350117,0.6835803456296872,0.21623257799142093,0.3750651603079711,0.5088532022429361,0.21814167077751978,-0.24535950037572052,-0.3797989169575866,-0.015503083947129515,-0.05616206726962836,0.0812794661803139,0.03627770677647124,-0.008561808882085797,0.41211377301583796,0.6026683083735191,0.27377763473194916,-0.10875131015681805,-0.5559189628255294,-0.04585165647219602,-0.06028990823478986,0.21585474226131585,0.17439781975142465,0.06831242350972055
3150,0.0759300576311271,0.9208201264606649,0.6830615531681403,0.23142051522864326,0.38333019598456297,0.5312050629199526,0.22369193072454174,-0.25753391898874556,-0.45244790132034685,-0.04049458093164304,-0.0367383724335566,0.06809332380110611,0.06123312478073395,-0.04520483548746035,0.40852716470491235,0.5956351183178754,0.2838009887106798,-0.12461093308013038,-0.6515744879446472,-0.007463357094239509,-0.0739121757882808,0.22744283632004159,0.16850394173939431,0.10162757009027534
3160,0.08181021037916036,0.9205826792533666,0.6867010631252813,0.2232011191670339,0.3586910311899463,0.5349611154452198,0.2457793072171397,-0.31596977855914554,-0.3653875267604596,-0.025638643724780197,-0.0195863783775303,0.04367086519249852,0.040728067676762514,-0.06643050774813397,0.3746165342159412,0.5908110188283624,0.2848026494109901,-0.09078073994352942,-0.5153606724044137,0.012342455607925018,-0.06342900730005363,0.20075553197935614,0.17182615161051296,0.09841182523872538
3170,0.09089040375385211,0.9164524052162419,0.6828999350329853,0.225822986709719,0.3759868167852034,0.5520194035212705,0.2289674829974221,-0.28417761390527785,-0.318230461749456,0.012248015587310812,-0.06147808580276992,0.09511091550618878,0.07482151999545783,-0.011583611225600032,0.4039569717651743,0.5685630803888355,0.2839701349354624,-0.11158524831358352,-0.5625716874433997,0.007078043645984633,-0.06920230607660094,0.21578117824783283,0.16740604613772836,0.11579489712399182
3180,0.07795374416669738,0.9197701192948329,0.6843089790241247,0.2016720593818122,0.38789086806743445,0.5411464251691849,0.2383501011530803,-0.27877604915698995,-0.36858614850609595,-0.030899451989580884,-0.06353504633754947,0.0956530614675567,0.02398341871471099,-0.06783504681925057,0.40592353003268933,0.5874665158435812,0.3231503432570072,-0.1373726600475731,-0.6745488724146824,0.008040928620932752,-0.02955123548216876,0.21686572555272288,0.17088224013842734,0.08710792085539609
3190,0.07111759556481313,0.9254883051403693,0.6891405703533214,0.20436716761098295,0.36074173063316095,0.5377394774674465,0.20921232379406562,-0.2957558937214322,-0.33845022243591383,0.003924833544255435,-0.05593998509511944,0.06059846384953549,0.025160086843095453,-0.06213808291300027,0.3758785124378572,0.5697322799073952,0.2818920946159039,-0.14234381706724286,-0.6180789989355417,0.0014769202174109708,-0.07812611888945797,0.20199296745603934,0.17432505180731783,0.07726071573431703
3200,0.0706912073838825,0.9265203661998219,0.6898391275013689,0.20864490783012957,0.3738054988211347,0.5181164015902586,0.21971033081678548,-0.33066449726257785,-0.4135177822109888,-0.05161935352504976,-0.07678014913197662,0.0821580645846498,0.02901256580177436,-0.009765590075693664,0.40400338350503295,0.5886268635275138,0.271861431813643,-0.15552671098871707,-0.5536817471337874,0.001045754500305196,-0.0774474734409869,0.21188673888172938,0.12957380340966063,0.115072913748693
3210,0.08124573556769872,0.9168838932559034,0.6827924359469513,0.22136615461376563,0.37521343228389925,0.5420987072760348,0.23376124870765025,-0.2701318111317357,-0.3901944936857453,-0.029039765349365476,-0.02647715741758927,0.10189802075212717,0.09214694501451637,-0.032777686044996424,0.42080076774038155,0.5808450892283432,0.29171202551551934,-0.10131002302293002,-0.7332663178470036,0.0089202911413504,-0.0818755784979579,0.2064857299877242,0.20405506037043475,0.09192980728724975
3220,0.07450442152443264,0.9222690582090666,0.6868987382217445,0.20997453687456324,0.3648674118086467,0.5202675852737273,0.24704772717685208,-0.24662071229709914,-0.38146460606591615,-0.05646289516916614,-0.0425093676477446,0.06406481068134529,0.039162985166737996,0.00485854826928811,0.39802361309640744,0.5761864569847401,0.25327511290009097,-0.08886538375187758,-0.7028786788173753,-0.02364524203709295,-0.06608016585658594,0.23387745765484536,0.16589898137894943,0.09561467638974874
3230,0.0769002811525524,0.9198185554310235,0.6850268837749112,0.2001878885165429,0.3926196943291229,0.5517420404843012,0.23547476152393565,-0.2913546980612389,-0.4120867516840383,-0.021291794280893228,-0.04274405906786782,0.07709793431204048,0.04327768185066305,0.007294388952908237,0.38383816537207827,0.6035019420964711,0.2905714437315351,-0.1666022876516322,-0.6875297714405568,0.013370246367839456,-0.02873778463359211,0.21602163920256578,0.16689598858126098,0.08335923570215464
3240,0.0762333406730303,0.9199680456645518,0.6840790100618088,0.20221513476672404,0.3680631757645446,0.5357484057272012,0.23532667219089798,-0.28770164144602406,-0.40768973570749445,-0.0510815030712759,-0.022002458274397396,0.1211665758696936,0.0699640225963939,-0.034256594201382384,0.39988007620001864,0.5837565417668751,0.2885459785539394,-0.12285421714051692,-0.6861450070394577,0.022477556366483298,-0.05369516575979305,0.20663647945862285,0.15544652738924414,0.07709933012333947
3250,0.07799255457741192,0.9206891545579656,0.6841945003816,0.19725754182398003,0.40964421488732394,0.5158354504171936,0.23060252634575362,-0.2747103958644064,-0.38454154746899283,-0.04330051538476298,-0.03917574094755749,0.128980816300436,0.06578492957309645,-0.0556216719965037,0.42971787958019314,0.5857384240894544,0.2680981318764173,-0.13121026459341256,-0.6621564261896491,-0.013172457864398135,-0.0809837044452264,0.22003049345746195,0.1793834145414911,0.09164254798775784
3260,0.07501721135213778,0.9218037607097257,0.6848125867513479,0.2291895605718024,0.3854138633983607,0.5269972691518705,0.22721388089948802,-0.26652197246326104,-0.33983555956433675,-0.04351457796903091,-0.05459350284679143,0.07454241954009055,0.08060164630585964,-0.039835029429075464,0.3973395303635072,0.572364722821608,0.2767047994492058,-0.14366198681949616,-0.721357119885383,-0.026394728379078636,-0.09009712130909064,0.21513389794430926,0.18127692684790475,0.1343945197664307
3270,0.07935291337961223,0.9191914376150429,0.6858676245166773,0.19740840968433027,0.37417647031116896,0.5304375420389564,0.21358125663413596,-0.25767059707493156,-0.3326492243895416,-0.0392305466620777,-0.04536519680489781,0.09233729842440075,0.04058081158269511,0.0014745336601336145,0.4388801936798369,0.5886790929564555,0.2854017323638358,-0.12716190681843798,-0.7632103964842498,0.011446777030002853,-0.07046889232605902,0.23620579002327002,0.1766936166698856,0.11486441647294465
3280,0.07998446791525597,0.9200362780110507,0.6862823865256681,0.21927728344464037,0.36649540870587394,0.5310530898812525,0.19886414585648216,-0.3006771714867973,-0.40181223747236117,0.006805709923216274,-0.07279074496005933,0.10770208936302939,0.05298099230343267,-0.017251912521448087,0.44432910041530227,0.5831620548597413,0.28574828896441185,-0.11183688771616329,-0.656277574152994,-0.0033908316731683374,-0.07565121410387232,0.22481267119614057,0.17452768841768318,0.12360387697603292
3290,0.08126244109265247,0.9186494540936826,0.683985381386733,0.20308841947603729,0.38098621697687296,0.51859247412599,0.2303456345790671,-0.27574716288935197,-0.3971303050556485,-0.04418551324952835,-0.038615463077982914,0.10207805953139193,0.06444007709721311,-0.00778063179490962,0.40670390850327365,0.57549546491116,0.294259842601428,-0.10469829262634134,-0.6673486464713196,-0.007626185776963501,-0.03567375880070078,0.2663281772665206,0.14388854149114394,0.09911040612834998
3300,0.07536546951827346,0.9222599758823998,0.6871739489894573,0.20611549853529587,0.38662168479765924,0.529388392221216,0.21243054681686757,-0.2745851335992835,-0.43136010483164355,-0.029695487158548195,-0.08620951809797872,0.06862492340020121,0.021936361511781022,-0.05969427119364501,0.40647737333336575,0.6139911296728509,0.2918770904806912,-0.11178083059147248,-0.6129972635521677,0.014502840651984816,-0.03920504184044793,0.21150653142157316,0.15637220963908638,0.10835792826635626
3310,0.0760542725080586,0.9228893131119829,0.6862142594906699,0.24232918531658132,0.381226328046282,0.5177465437943152,0.23048476406730312,-0.3256538753450209,-0.3399439877851165,-0.047388904822715405,-0.060786196645025825,0.08147736234884251,0.04863363286289779,-0.01330260900639324,0.40171852729320656,0.5631107294491129,0.2837143524730861,-0.14088227042741264,-0.6419594632855266,0.0011159040585191349,-0.08132480735358127,0.2457524137539907,0.16797898182548032,0.08309311205040537
3320,0.07833371606811518,0.9212710957163277,0.688661621851052,0.234239121107364,0.3884021976533867,0.5249766059632777,0.22536609612452496,-0.24177619072600365,-0.3666264618700721,-0.0728511669230476,-0.06852944704330666,0.11147602534010403,0.04027415588550565,0.017926719629730248,0.40550316100361183,0.5794533356338998,0.28040450857063226,-0.13386237642619236,-0.6566532579046835,0.00044216232675020617,-0.07389158765102244,0.21981875127964845,0.14706751756105063,0.08384816789526028
3330,0.07989071367728673,0.9208745082487543,0.6863288362941302,0.20587174491287208,0.37601042230405757,0.548881482806993,0.20354477524928072,-0.27493496618110624,-0.36493486180810164,-0.04472204742522079,-0.045120998399255985,0.12055374982606581,0.044326573884351905,-0.02754539909861875,0.41202412836810565,0.5763509197562995,0.28656803528079433,-0.09634749022808986,-0.6060867906702396,0.0014113104509890784,-0.07500904889302573,0.1916797665312816,0.16403974158990386,0.08114393896568484
3340,0.07946038989753773,0.9193472828210573,0.6850757240384209,0.2004802658710052,0.3679757639035034,0.551577655080442,0.20357918128222463,-0.3143651963413874,-0.478468005034024,-0.030058312455699454,-0.024877462930622096,0.12038989491935848,0.059655482281075756,-0.006393955951617958,0.39593059831602273,0.5709915306138547,0.28446351631390077,-0.10084570219575162,-0.6116414403756634,0.019631681507187748,-0.06602050913540647,0.24040223350735546,0.16854142539854544,0.1177195432739887
3350,0.08698262242523921,0.9185684489055648,0.6860794023673427,0.25008131243727516,0.3931750640783711,0.5380742388702122,0.21567811755792177,-0.2736374574017506,-0.33338029565112715,-0.03365315300152649,-0.0677498561390002,0.10297128006181111,0.04567193201219877,-0.014589168348769777,0.3994109372822797,0.5778886494741906,0.3012749296558218,-0.12940061351252297,-0.5497675562431881,0.021637273314364713,-0.07660158798535766,0.21354117430720054,0.13927869130634485,0.1067311588552744
3360,0.07861550643194291,0.9192800923765228,0.6847769705966189,0.24288415060567148,0.35383029607403926,0.5476057402500064,0.23749653225939682,-0.288895006712643,-0.3709433495085144,-0.0023874267417764994,-0.037627988022302716,0.08778393934364037,0.04314383574445235,-0.03651345748249124,0.4334143326181805,0.5851276626529411,0.2712321599713403,-0.13780487306650757,-0.708083090801993,0.0033588763450727033,-0.04508762834238067,0.19923011078656827,0.17856432330297856,0.09459649579512219
3370,0.08211333698727184,0.9193661969520915,0.6842372852913065,0.20796558871412918,0.37647687570434685,0.533135198845043,0.22998805205853312,-0.2815156136732595,-0.3514965167447712,-0.03955126106336726,-0.07431961813155441,0.11763502571831563,0.03650824084516224,-0.02210143007701082,0.38381657419903603,0.5860667333346101,0.294633378956178,-0.08516075496103825,-0.6283992029964578,-0.0008313774373782667,-0.04539274046178088,0.20159695146534762,0.16239085956607124,0.12293511287255432
3380,0.08012542725642735,0.9206980030394223,0.6859625886927824,0.22887408133282872,0.37350187295343285,0.5200910092777853,0.20867538722520385,-0.26055304167499105,-0.38468221166874694,-0.026400483911074968,-0.033570465724446885,0.0678444675930544,0.04872680838097565,-0.06425829037723241,0.4178371822325434,0.5597089475812165,0.27904559166968124,-0.10862107526572928,-0.5897322133874798,-0.01185034649652561,-0.031004413910918016,0.2403263701278755,0.16716359942778047,0.08151119699974141
3390,0.08249443445194096,0.9175137912878409,0.6854777634360995,0.19596989070760606,0.3704984012872742,0.5498106126676552,0.22773499843347966,-0.29262283348221385,-0.39374131329472806,-0.051512763796492056,-0.05070022052378942,0.09720606643664964,0.08656422489861126,-0.010702761908648384,0.4035229232249292,0.5833680470977298,0.3227181616495999,-0.08197235042865247,-0.6645907869917691,0.022442204043350178,-0.0919464847589957,0.21899750914068172,0.1713484414401759,0.11999115764830681
3400,0.08016879664809774,0.9197246268381735,0.6850747175553845,0.19261767335497026,0.3780824492623116,0.5375442534279995,0.2159108625143753,-0.26961968986412965,-0.4413084416290356,-0.07165080504516497,-0.03557352045454487,0.09739614186103918,0.06607318991277011,-0.03768335576652393,0.4114835637858212,0.5930763651508267,0.29917658392037805,-0.13036224237430605,-0.5854816212780487,0.009328844406983228,-0.05457188885726416,0.23254260819345418,0.1782208156528159,0.09834294343532535
3410,0.0814771755937542,0.9198949136477234,0.6837925866800887,0.22285171110083812,0.3962928665471048,0.5352030629564051,0.21327437222897583,-0.2573874437837087,-0.3440674722676398,-0.02481507347950629,-0.06705366628584519,0.06339876457374904,0.035942685441562316,-0.05753844080705606,0.4081278636759067,0.5871262407245598,0.29522684444676595,-0.12467856720743975,-0.6281334873507711,0.03051494402980426,-0.08480332385335054,0.22574622550486967,0.18396224607768785,0.1018303351959261
3420,0.07440260267355092,0.92141606226022,0.6835854850964103,0.21569278709412465,0.3724067449644204,0.5209585629206149,0.23449265081321113,-0.2973255448584802,-0.4175516438353535,-0.03522718943831582,-0.05784061359550341,0.09233943667009636,0.08384099258242228,-0.044631093839383906,0.4197516810524441,0.5735129302291232,0.2743200943681171,-0.1560910741036312,-0.6836288539459674,0.0002925158122644156,-0.03501289993851597,0.23459216156678653,0.20606348828379384,0.06149952334230169
3430,0.07698186759961076,0.9199472313843211,0.6857244867710519,0.20942245784805968,0.3864796307213252,0.5199656859106832,0.23711084469712296,-0.3042565979090457,-0.3728745909193316,-0.02716071673308651,-0.012999509673326859,0.09123206311020182,0.0462695991498836,-0.025861402434084413,0.4183013467718655,0.5893118620687761,0.2552029743465226,-0.15537631877215619,-0.7501221618787457,-0.0011684634890107848,-0.044588840306467814,0.27594689574428033,0.1885511178709588,0.09323334346740197
3440,0.08003577933382668,0.9206504087547019,0.6853749016613655,0.1723185538723515,0.3658879876022896,0.5224585856338443,0.2601277200693001,-0.28290333768503495,-0.3533872244054155,-0.04076496264446705,-0.04889121490683035,0.05648448195434741,0.05999504147807666,-0.03963901529249858,0.3882638213081996,0.5951971600223509,0.3153906205439595,-0.12307204972403252,-0.5846484500126414,0.017752672701372818,-0.08882630147007653,0.22847162902448226,0.16306452890876888,0.09747111903201344
3450,0.074008241489849,0.9225592955500158,0.6861726168077298,0.2017826494917011,0.3848367940529648,0.5467202044460104,0.21553095552208412,-0.2427512484205363,-0.4013723325123768,-0.04519118871956618,-0.08467362234782927,0.1206618162330636,0.05444291953227043,-0.04182688343618701,0.4024953221158104,0.5689586118478605,0.2636312572450553,-0.1385187423289176,-0.6803749497327909,-0.016772809754905138,-0.06899209612465462,0.20385343404221434,0.18925788912238184,0.12247509101317577
3460,0.08020917393797863,0.9194677039099857,0.686424183217755,0.22020163533948256,0.3608210573260021,0.5361274089346966,0.24656729400076716,-0.2793588901924271,-0.3828008463504997,-0.024364489414862467,-0.0710086873993736,0.07734112473834076,0.07540220961270228,-0.034960887668001206,0.39804947878504837,0.5634879789079374,0.2931971139994035,-0.10139381539728998,-0.6439258453710432,0.013539467475582989,-0.06803628088144809,0.22905443099632627,0.1507016120241883,0.12575158323201852
3470,0.07686969180621835,0.9220034966877648,0.6850926078329034,0.22890339554620953,0.36814800180141993,0.536963058958946,0.2321873032422418,-0.29100061751323847,-0.3165654223930163,-0.05219586319111502,-0.07518741414695462,0.10539139636422279,0.05047947898102678,-0.044151808993343034,0.4012283675713961,0.5908499982429816,0.29480831487231907,-0.1413931352075446,-0.6715954493201837,-0.006735600227406158,-0.07912673402325177,0.211804022157435,0.16507121363334398,0.10638102157509632
3480,0.07289938268571378,0.9228869104597732,0.6881876203970579,0.1935282468400772,0.38191515232843143,0.5193181454204046,0.21653378731192152,-0.2690921232883545,-0.41633287058164337,-0.06104825825264615,-0.07492756295037273,0.10982760418641158,0.07080662377149971,-0.07174128285676384,0.386957954881315,0.5753905856314543,0.283704516675534,-0.11356351181130986,-0.6522934804475891,0.007332352177700341,-0.042646125306978755,0.22992202461167266,0.16746985244394674,0.08982540561527874
3490,0.08371545078507404,0.9207201140577385,0.6828541148449775,0.22950731251645762,0.3920005979471817,0.5055588662956049,0.19287238500079074,-0.2560997903683704,-0.3444032933390824,-0.013295237022421524,-0.074426989045552,0.11219985687960354,0.046192501830229826,-0.024612280196398606,0.41224524484553515,0.6019514476680498,0.2654109700555174,-0.11628333427181148,-0.5831564530799673,-0.015751070861132588,-0.06984904716564855,0.2393901300594501,0.14958840123637118,0.10898424750214808
3500,0.08279830650973578,0.9197971981114197,0.6819902212327097,0.1925000265200264,0.3673981793673283,0.530467780087895,0.22305423131972912,-0.2881738206887503,-0.29905039733322325,-0.03088683104750012,-0.03863637717099011,0.09637918084836916,0.10390287267187348,0.012062310107552321,0.43592834033597283,0.5715324858805202,0.24517456322746667,-0.14108910432835065,-0.646382922552766,0.006230788409561816,-0.05257941847054104,0.20609811023331837,0.17506070073537516,0.06977373855158453
3510,0.07666953698268252,0.9205791159383442,0.6853058514234166,0.2280400136108317,0.36547354202812043,0.5456677661160528,0.2291247392235808,-0.3031778112583965,-0.32066502881530545,-0.016631644946442092,-0.02854938403273133,0.07560367604629159,0.03740384103532757,-0.021315965926279157,0.38531214238793654,0.5866516554057951,0.3065542645259359,-0.10983793361711425,-0.7326683200399009,0.030206516023731256,-0.1085778984657857,0.23495054210871247,0.15118643317730174,0.0753091320486704
3520,0.08906125861648972,0.915372839404236,0.6821642964395157,0.20743814498816482,0.3664453994486019,0.5521390391893538,0.2360948801722731,-0.2855784393380951,-0.3577200798649649,-0.016368679818622445,-0.0402723848249269,0.10292264350800218,0.05891832774366024,-0.020714566827349845,0.40595107928868224,0.5762955763931654,0.338781267789394,-0.12242094771007461,-0.5960768313371818,0.019655437026305123,-0.037565200736151994,0.24117520277240134,0.15954694353357157,0.08163961955007637
3530,0.07288480458647219,0.9227664613688397,0.688145489755543,0.19172876441225828,0.36573563957449395,0.5277254465018795,0.23372988087800672,-0.30525838241541736,-0.42839955041622435,-0.01353751462898023,-0.08065526278040247,0.10013649388361034,0.018093085193383485,-0.03994590315370905,0.41167289374111504,0.6028535836138297,0.3051347595404189,-0.10678657184227602,-0.6735286487234469,0.008926996893905192,-0.10125903910703893,0.2411483102572629,0.1879034796564818,0.08516243523676548
3540,0.0832785468533832,0.9175606918503554,0.6839035592007917,0.17848889753940822,0.4010856169065605,0.5436709812100713,0.19980019421002815,-0.26978786176203773,-0.4213179797808011,-0.05515654130745995,-0.04654776977044861,0.11355667146449766,0.08453031905895436,-0.062435961455775235,0.4280843127772562,0.5808557880436289,0.29844685142975647,-0.11858882929138126,-0.6219896869104138,0.03141617030663635,-0.028567273144926464,0.23732201356704408,0.17957178204774493,0.09641178878270451
3550,0.07919658463187196,0.920276067253123,0.6843519125802929,0.22966057760497072,0.38482985729687114,0.5380969613757891,0.23812121571920963,-0.2869402341456597,-0.36628093600989664,-0.03096985068473046,-0.04155224980110739,0.1108267214353682,0.04140058220623455,-0.03971951625590231,0.4057737428878798,0.584549195463867,0.27332992231795206,-0.09970908132374157,-0.6620890091753924,-0.003300486896097743,-0.1142337608934807,0.20879026837152004,0.20392263687055967,0.0886217209050979
3560,0.0816905222112404,0.9195002806954096,0.6852261405139759,0.21394956465214443,0.3435389991304849,0.5357181998992757,0.22395115161020052,-0.26235015960673946,-0.4096802159617039,-0.02149480083767008,-0.04938753820397346,0.09857082579265208,0.060234663469558525,-0.030571976463872996,0.4068609050903159,0.5809763701725845,0.282212293768321,-0.12806633006314794,-0.5827584254362443,0.010623047325857393,-0.04535482594800522,0.21613900499865435,0.1710449953043467,0.10134521774300986
3570,0.07381246890558416,0.9215715933394987,0.6854836471102834,0.2228053505279589,0.36602221296918847,0.5370613819771467,0.23159902971535573,-0.3186452602584613,-0.43861203472450017,-0.03409110197525478,-0.03952832025923181,0.10777460702164143,0.06760806035790512,-0.01393493652323774,0.4091786031274056,0.6018887142197369,0.27864361356921574,-0.12528789461497625,-0.6860312531343298,-0.017824840097389494,-0.07598920554433053,0.20644344059008302,0.1834827773678842,0.08749890270545713
3580,0.08315988542866598,0.9168970735905081,0.6837853782045157,0.1875755727130929,0.38842815689383037,0.5351401430426185,0.21900304662413717,-0.28668312048969957,-0.4161797234661404,-0.03409821475704389,-0.04217582904982131,0.13012416168126895,0.07330438525715777,-0.02586518121217707,0.406778013928498,0.5958106552684059,0.2997742694526141,-0.12647572610223978,-0.66084175229318,0.02251849643003445,-0.03811873477387495,0.22126007887015808,0.19243344337893942,0.10464545260540681
3590,0.07968139516356713,0.9207301369460833,0.683219432266355,0.18869568154813554,0.3683315410044047,0.5558898167201067,0.2333430719232643,-0.31851810001671543,-0.3194654559769332,-0.0830333523997453,-0.05658526471781711,0.07248903981476151,0.04304635669580803,-0.023949159240967965,0.43550244829582574,0.5852041269796737,0.29077452896338296,-0.06553763312003347,-0.6681163560372978,-4.0354923666052755e-05,-0.0762714121969792,0.22638180850201695,0.18408186288987416,0.1010861037278108
3600,0.07134772993638422,0.9223587210718714,0.688115550450662,0.2051194312471475,0.3987409974994609,0.5254929823373471,0.23121700428962044,-0.26649622412530083,-0.4234303363411782,-0.07324372931137368,-0.06123271749308046,0.08705524699149936,0.03214250973261712,-0.044762759814239717,0.421629533884333,0.5715269992899747,0.29767218227414605,-0.11272919218931543,-0.7283172293410398,0.016381958234051863,-0.0848081723917522,0.23895132221190185,0.14884639649269937,0.11854612518654994
3610,0.08065014053700136,0.920351997008574,0.686045583669586,0.18332188166998786,0.3805028934292298,0.5187717714264644,0.22295941557518473,-0.26149710234378576,-0.35605077173667365,-0.06178472293411863,-0.061550044741887966,0.11005190225640771,0.06266725734986389,0.0020628677817675634,0.40942199054276995,0.5906185170193501,0.26652837925817974,-0.11047571320597016,-0.6526111589100727,0.012912877270189749,-0.06998726879768102,0.23534359645332759,0.16442903583615065,0.10801734807834418
3620,0.07104271177477808,0.922773435794397,0.6877471970007669,0.20655972150212065,0.3603385645151801,0.517802040991714,0.23628512687491776,-0.29033504120770526,-0.4326674637776087,0.017533567865577693,-0.06330024100727538,0.1065572601309519,0.02904449578667312,-0.060510771658410345,0.4088765586975255,0.5823599636460193,0.2780391499936302,-0.12122225337278403,-0.6828624420963898,0.02199304512820155,-0.07384314049654583,0.18482214993780122,0.1719473718120219,0.09447928400472405
3630,0.07237357134643473,0.9255900266235759,0.6882213239458257,0.2003727835240825,0.36350436670153463,0.5325638073662964,0.20561480030902635,-0.2893918066583381,-0.36747547164862815,-0.07021993906316704,-0.06040646028869889,0.08644042402387342,0.03052734669955648,-0.06615421493736284,0.4246939037341393,0.5730381346847502,0.28355575379823506,-0.10730058076488214,-0.590569824958747,0.008059441867185657,-0.08522316073972336,0.24100945477470836,0.1078281969241649,0.09937804292712349
3640,0.07928116154373022,0.9196274879064837,0.6838880310203515,0.22211524802074722,0.38293352494932875,0.5348260756892163,0.22829213499107215,-0.263700787101538,-0.35385066687064626,-0.013663131881428647,-0.05012101877535846,0.08450163066732641,0.04606969024401453,-0.015208190860499293,0.40668191142285615,0.5926575883787277,0.2682977812090258,-0.12037019562113094,-0.7293508271176752,0.014864844481330963,-0.09054939003948648,0.25007176227947525,0.1694805764833861,0.10092583186959059
3650,0.07391643259519026,0.9225984937890286,0.6877929500304253,0.22494778298912144,0.3918390314012038,0.5303471636762551,0.23043783897445203,-0.3013154910577882,-0.35499018134349347,-0.037874140509231546,-0.05856546709629562,0.11100909135198023,0.04447824271286871,-0.05818686689450203,0.410353924420637,0.5637362752139319,0.270842582306592,-0.12640192923637872,-0.6965978351715572,-0.0032083335073955777,-0.05165755153869034,0.23282765598861588,0.15120446290776024,0.0790188289109095
3660,0.07947527496862754,0.9218953022784543,0.6858309631680205,0.20430518574195244,0.38505143101046835,0.5247642204530452,0.22366735298284168,-0.31246959556861764,-0.3504574998948362,-0.028201127019078953,-0.07345040130024216,0.10315111788380271,0.03839345287627871,-0.020020758204756017,0.41067608731320615,0.599727196949317,0.2767523923434475,-0.16039520295738563,-0.5920397985925994,0.03178874918610208,-0.0874118988120356,0.22153898912942271,0.16032458626532964,0.11328629455551564
3670,0.07485267490967029,0.9207996453444495,0.6857229227351797,0.23901185914124823,0.37347726931371805,0.5179595193370005,0.2466971247790476,-0.2982002264208148,-0.41599562115304667,-0.035595146163513336,-0.048416786965521874,0.08041881950925844,0.06254491952859254,-0.007053488972209143,0.4216412222317897,0.5796777257163077,0.2790268426384753,-0.14926968948421426,-0.7165687241584697,0.0007997480842728555,-0.08601058562687669,0.2244872389967123,0.1805217123380949,0.12275244043322453
3680,0.073167009843013,0.921629820082091,0.6837964022426617,0.19838038143842707,0.37735099240224923,0.5189563666889663,0.21178785653926702,-0.2903401595732995,-0.4554971086527211,-0.02753945966109894,-0.036988959004626176,0.11782790318647207,0.04277762795023854,-0.061247523054412945,0.4189647650625715,0.6036555206346288,0.2636980545950012,-0.0814890773197059,-0.717702920752467,-0.019768373013384632,-0.04653139237865189,0.25235103936623715,0.17963957343776038,0.08822209881182175
3690,0.08559546992294435,0.9170549270047929,0.6819120608318306,0.22351444937519915,0.39606435579756016,0.513318002587675,0.2145861066956931,-0.2736393155365009,-0.3884592327483245,-0.01326354364119231,-0.017014035472959543,0.1027149706714866,0.050141387201626975,-0.023160812109432882,0.43153523117179216,0.5952030779626238,0.2830846840770376,-0.12275656523833667,-0.6241672952765447,0.027778505443279533,-0.07168563551582818,0.22820979254452323,0.17724077538844552,0.08825996500400812
3700,0.07885052090505514,0.9208318734582858,0.6844653312771156,0.20176747999649813,0.3721230613123515,0.5251316393176144,0.23113290820651866,-0.27620623328469174,-0.33698634015546736,-0.00443424741574816,-0.05704399364391044,0.10940087654751618,0.052271597638431366,-0.028385776188246226,0.39199319840212854,0.6034637981700739,0.2563575842977781,-0.0918075549864199,-0.6881849526307748,-0.013164673118292614,-0.08283129357474506,0.21388700321520393,0.1791492839193809,0.09822757298095863
3710,0.08217347707776454,0.9199137484423583,0.6847826912413737,0.18207846642481795,0.38034157604236496,0.5235482245295688,0.23396993691953916,-0.30042675671094354,-0.3626176121810205,-0.07824992162144717,-0.048580363311604424,0.10435377800883117,0.06309825293455695,-0.0049298886836803835,0.38901518643437416,0.5891732811434075,0.2659535754548016,-0.13103381402271563,-0.6013582310620835,0.031058355321700426,-0.051094435705233865,0.24633532585859597,0.18049547763553742,0.11451260522368845
3720,0.0784189928601025,0.9208983293882474,0.6856689057578154,0.22715917441750544,0.37089708100064345,0.530126498380356,0.23063612935514588,-0.29102004605713216,-0.3529715330978829,-0.06591663745623877,-0.06642889422863973,0.13767171374712261,0.040887784261843696,-0.03593993639058035,0.4254017275552442,0.5813273616740877,0.28684279048530203,-0.1360880602044463,-0.6681500521343642,0.016040103610505563,-0.0828357001337332,0.225562611928402,0.16143475180491573,0.11216198154409551
3730,0.07567186005757828,0.9214811428623051,0.6868373469804947,0.1953004878094382,0.4013723030237807,0.5450025507896518,0.24218566324590785,-0.25774731483249735,-0.40183128620557507,-0.06606226949687999,-0.048751275916115056,0.09621384732797811,0.0720306079778179,-0.031827297950719036,0.39977652258507357,0.5614692658956548,0.29910263147015415,-0.19407772369850274,-0.6371076302481447,0.015733958415029337,-0.08580266476665677,0.22869978883183273,0.16293033852969896,0.09249855842221677
3740,0.0723457380682466,0.9233754975274796,0.6877727006329806,0.20690764630176917,0.35684584073786296,0.5350600399012817,0.23060916959290112,-0.30656504361767056,-0.43725165783356723,-0.04073591879520899,-0.05855201444772895,0.07826730134068571,0.01516104161904086,-0.04104010169681516,0.3968032270035561,0.5636242999107945,0.2877794165654908,-0.12843744320498085,-0.6121557985111592,0.013971874182554966,-0.06255821695948605,0.207161286237051,0.1927431684301958,0.12162238267661063
3750,0.07950193656052994,0.9193991948022612,0.6854859166120597,0.19782828995624002,0.383331356719395,0.5396138385686,0.23913284481550878,-0.3151956663315594,-0.41035474738044164,0.0005403853997635322,-0.03822846601472962,0.09089759607368308,0.04643583557111186,-0.04468332731720892,0.40475339454032566,0.5967735215436547,0.29852338177390547,-0.1213240594328957,-0.6336460291202095,0.01750450852904939,-0.07862119714632021,0.22089718889542698,0.17378732815517217,0.10157468997265717
3760,0.07568663532982292,0.9210672710194233,0.6856388152121033,0.20940947904139662,0.3616812448711889,0.5212250612672382,0.2286618413273982,-0.2763402151821286,-0.3571924511368869,-0.04479250296910631,-0.025161790191380762,0.11983939615082184,0.06050649437974576,-0.022689087551100995,0.4039248393007424,0.5691360439613865,0.26576611026873187,-0.12916775615323228,-0.7059879669784366,0.04146978244533661,-0.05598078614304458,0.21730157944641282,0.11190366198061885,0.09590636379057937
3770,0.08831446332182595,0.915589714834439,0.6816247666283844,0.20177465667053718,0.3675225484058645,0.5356624710046654,0.2272565280550256,-0.24885331226105278,-0.37610191778127744,0.0076126466212668165,-0.03050194204470902,0.12723266924103538,0.057704059881540815,-0.04267422233704821,0.4573390349082338,0.6070080121743294,0.298832424317362,-0.15867190979051826,-0.634333426396104,0.019010988653208716,-0.08760962178719489,0.23039189934658244,0.17825565244730335,0.11774649042929386
3780,0.07391720817424119,0.9219780804886467,0.6856441655296988,0.23150304921089304,0.36389965937073865,0.5314152846828885,0.23714847401342865,-0.31039192203243005,-0.40486494159982156,-0.06382041714943609,-0.06387596016577457,0.07759223293499373,0.07159599540814654,0.0030340164372248957,0.40713194057458546,0.5768227550219396,0.28304183494054436,-0.09716510343156082,-0.6955789592326176,-0.020085789727075642,-0.04409896485567044,0.22385286137196203,0.15720686770754977,0.08789845817855657
3790,0.0766640672122297,0.9218883047793057,0.6879965304226208,0.1869058489408406,0.37667674427865616,0.5500601008163797,0.22007686804936344,-0.29377928446100277,-0.4038727844392953,-0.0435798020661855,-0.041075180238410613,0.09627777761990652,0.08489018167621909,-0.0506618194962567,0.4180952703480718,0.5813138507261709,0.2777697783796599,-0.10462870295324356,-0.6117599330640704,-0.006220931065579638,-0.06897502459806515,0.22211497196857954,0.1336120040408839,0.08670547699420139
3800,0.07579978544776701,0.9208765263184151,0.6845308658479438,0.17107190954565643,0.3887082766462917,0.5249134082078596,0.24911399763568642,-0.2893675045608479,-0.37491173595919136,-0.03960767253503317,-0.022025020201502432,0.10736030475520109,0.05491938553872777,-0.03164680198157521,0.4011350502483543,0.5916587498709336,0.2776886003971031,-0.1532092076718483,-0.6921841648606302,0.008888520890263818,-0.07171660981586725,0.2201035744396982,0.1655047758428888,0.10539765797093814
3810,0.08174487372884269,0.9178192970045057,0.6855787618023639,0.24268323503299694,0.37417465015395157,0.505022034825717,0.2311263267555529,-0.2837573796218358,-0.4209686161074959,-0.04811464531762977,-0.05495405886536742,0.10131174094353745,0.05767099961250588,-0.02207671138833711,0.4016890690273963,0.5951959635884033,0.3110529039331361,-0.12658990732841713,-0.665365275402215,0.019714083101405322,-0.04767808952675945,0.26075484871904875,0.18505825111402585,0.10069292505607708
3820,0.07925333918912965,0.9188731248314345,0.6858950288218286,0.2055260919489248,0.3912694694511041,0.5516927935538498,0.21452363660326634,-0.3068372381138491,-0.38755062700346365,-0.06375979381858254,-0.056901708785461524,0.11382791683939097,0.07082319521393665,0.026491086508358186,0.40167744324158183,0.5831053186509798,0.2797418235907928,-0.07859260485646002,-0.7457379311853629,0.020951835500094163,-0.09040505293012302,0.2393865533998455,0.18525811895547672,0.10982979620742339
3830,0.07688853122856147,0.9211706728447854,0.6857143798085332,0.22748329323258065,0.38990391573394434,0.5374723253604564,0.21006276876942664,-0.2694745644905461,-0.3484557709447784,-0.01806471523370723,-0.0634017453186464,0.09175310104120582,0.04873327994974885,-0.06111020829330238,0.4039280248441759,0.5706891323892469,0.27626076186617887,-0.10885638995880931,-0.6941189601450957,0.009519186815001968,-0.07168099030024733,0.21528000193893582,0.16301833424837686,0.10571837429564501
3840,0.07187326883143651,0.9224294844996663,0.6873029569087665,0.23454104279672616,0.35103876522820743,0.5376007360774986,0.23020051685049547,-0.3190610380757717,-0.48421601897650235,-0.0174452498883908,-0.0639374404269244,0.08640125361662487,0.05706850401979058,-0.025600976996590807,0.4136450429246751,0.5736692948240875,0.2623110221638787,-0.11954081952702689,-0.6512421984502073,0.013012227482926964,-0.04390991461147631,0.19294592607844885,0.157670521887879,0.12418744846181795
3850,0.0831144554819198,0.9186287658364387,0.6842340569565808,0.23275308443019516,0.4098643705493292,0.5267053754621625,0.2177400656025974,-0.30058153059443815,-0.3715682285111457,-0.06299441993463328,-0.07546311441715137,0.11051804251955566,0.020085556467281274,-0.021289698969204407,0.46738651325972347,0.5891249115837731,0.27650393520369976,-0.12445692886432536,-0.6539000118580829,0.018990978439586303,-0.029448172326309363,0.21859799256048384,0.16309095174857857,0.1337438927686404
3860,0.07478421515931447,0.9239269079044958,0.6865640652733868,0.24038983432136152,0.36872828924941126,0.5091541408782961,0.2125473230428525,-0.3036780574182727,-0.31618775093929496,-0.03422232904717326,-0.07231444542592014,0.1139763936379532,0.04000513533106598,-0.050921793228452916,0.3863472616262287,0.577691100992435,0.27546658233087196,-0.11845191144347056,-0.6667809597897945,-0.029077280421142326,-0.1070968180011258,0.23611893943744966,0.21121286382911264,0.0975619993832122
3870,0.07559352208040482,0.9223122877372701,0.6852107304695749,0.20703008147501833,0.38473278517094756,0.5384241118675137,0.21495883706878594,-0.2644140700872488,-0.38759029757203933,-0.05458973945354462,-0.05689948464083816,0.09030475048098385,0.04656577448636878,-0.0314573921139909,0.39722073048173034,0.5589790889559403,0.2851939102680213,-0.11315678676703711,-0.6400823508440727,-0.008677164463679388,-0.06759672947957762,0.22095244688741467,0.14808327450848813,0.11948218745931694
3880,0.07647830001442876,0.9219187774364049,0.6876270777405957,0.21760196719401936,0.3791945919153862,0.5254433238639703,0.2148049432793403,-0.3020066900320215,-0.40470368220443365,-0.023601761767656937,-0.03778384828159709,0.11178415367517658,0.06460216724891488,-0.03133788958158967,0.4142665598700379,0.5832258190865309,0.2838900186755272,-0.13294534658521462,-0.6102931849220847,-0.012332758197983962,-0.08291165269739298,0.19265224477550913,0.1413206030528723,0.115174721935694
3890,0.0806109237558046,0.919381368849655,0.6837578813561906,0.23520802882527958,0.38314844039902163,0.5388309360187105,0.23699300732031625,-0.30293382356706755,-0.3579874072230853,-0.01447405014007419,-0.05761470540841551,0.0988470950186554,0.048724375853168356,-0.01738828647758761,0.420565643014828,0.5930068026490648,0.280360814461844,-0.12451051482729603,-0.6855319741160188,-5.404942355724529e-05,-0.07727471711635747,0.23017245565636257,0.1824295076652067,0.08231182028889827
3900,0.08143608879500035,0.9179250118841772,0.6814522496764003,0.21807256252521823,0.38930786605166146,0.5436889019443076,0.22246386581090583,-0.2880291885200088,-0.3792169666140488,-0.02030038713087068,-0.06907199487465787,0.10409827486489687,0.03821225082955315,0.003750228554431856,0.416172709097807,0.5972498592261362,0.3128269320981565,-0.10482021361209348,-0.7232526863149908,-0.014878243823965187,-0.05383188637695069,0.23210464936058217,0.18309211733820252,0.10251921426073451
3910,0.08165992884097537,0.9188419093431468,0.6856182421106911,0.20330954541700186,0.378861378276116,0.5364809102132408,0.24341240077686466,-0.2497021452909396,-0.392993734754437,-0.055377288646395906,-0.08117811499141125,0.11287473850331164,0.05128405296798666,0.009177462571817618,0.3927775135929543,0.5546944864949392,0.28200184177293186,-0.07328462292908289,-0.6472193758542648,0.027020725669415158,-0.08159949329072913,0.21104437031187728,0.19151132512664915,0.10176252972263733
3920,0.07475723395516554,0.9216327798782826,0.6853182885462555,0.20527833319040611,0.37698497846641854,0.5425321405815837,0.23817161688608102,-0.2597244808724706,-0.3815600919319684,-0.025015311329797285,-0.04606568513679665,0.0745515473930779,0.04415263579440876,-0.03812791660302639,0.4341179758148038,0.5932170895635205,0.28051690208098556,-0.16210519806277923,-0.7091333585895516,-0.0003074004080669823,-0.0644659899230855,0.24513821604956787,0.13153572949445635,0.09021018060070884
3930,0.07541890677297496,0.9213100424169874,0.6850552216666228,0.19893946243414296,0.37544980250611804,0.5433929581196488,0.23188006389739457,-0.2875897662468041,-0.453230722277266,-0.05648617485530405,-0.05786341902710035,0.11200285859489245,0.0716191753556702,-0.018388600371865627,0.4070456568607981,0.5951858344755094,0.27366638163284307,-0.1322138426481836,-0.6544480268553117,-0.01645743647279696,-0.04784390759455803,0.23120386532719328,0.18370616898321457,0.08422671039423923
3940,0.08316538248697945,0.9176419229765563,0.6848127071233847,0.25025091106235,0.3814792961754576,0.5276368587529101,0.2159874217382609,-0.2579345639086408,-0.3665153703671984,-0.00951986404310512,-0.06250995393089154,0.10163458558251903,0.07388251743197316,-0.0442147630560592,0.39112901794938637,0.5688315382034453,0.29298414182876253,-0.10990493063640794,-0.6633324536202849,0.010319526512111765,-0.02158277637886652,0.2207156499577385,0.16942130356460705,0.07771493940850072
3950,0.0898595871614533,0.9145656968821617,0.6810224559404828,0.2248979554025139,0.4065454909350773,0.5384657467405554,0.2465939970463703,-0.2720168669309946,-0.3157566646772536,-0.007974382208056463,-0.05606678415009436,0.14512826585332717,0.04530413578134396,-0.000636456357596682,0.4193389314252758,0.5885372223924041,0.2627163030848396,-0.13004371370097267,-0.7065865348491176,0.04138008077197619,-0.0634978938506141,0.22383368570927076,0.15761980828384325,0.13926900368842132
3960,0.06996836715798192,0.9236777115707742,0.6884447121107946,0.22093555307370638,0.37563018892176425,0.537517654671979,0.23258110155442457,-0.2969775262867951,-0.4437835212092822,-0.05095572490359834,-0.07802500437557414,0.09564888916810754,0.04377807687389701,-0.011837285026683686,0.38960622173974213,0.5999523419934218,0.2681865507113834,-0.11961408871062607,-0.6966635993266752,0.021872786230375807,-0.08694244792921779,0.21244209307825423,0.1619318583508118,0.09405159171820476
3970,0.08472679995498152,0.9184139545696156,0.6835579664321547,0.25210850450006195,0.3680473824876702,0.5411881106630597,0.22674809799881368,-0.3090704099324153,-0.36888420909449504,-0.04893240923836695,-0.05867561645965402,0.07184077668192368,0.06743213407121396,0.03848938643927047,0.40621040300281386,0.604012393601147,0.3080835904667383,-0.15898221653556055,-0.5872221467422662,0.029241303735890067,-0.05951142968149137,0.21633605865376992,0.15561385485198242,0.08518923958450608
3980,0.07692143781630877,0.9200966513406595,0.6846932954831387,0.20489666343168156,0.3856075316070473,0.529632315898986,0.1991748673966417,-0.31232065759305394,-0.3362638789036698,-0.058838368095306404,-0.030522143801956725,0.11370308747974722,0.06724080474227367,0.002563161937767844,0.3968596312421413,0.588712963319455,0.28710235277991736,-0.1415117701865749,-0.7517931915655092,0.0331026041852055,-0.051914963045700535,0.22856170292985178,0.15919180151071688,0.10216567887282257
3990,0.08082665734602819,0.9209763791038886,0.6851291381064267,0.20910779816785818,0.36092776562170037,0.5122585497778709,0.24645754231990757,-0.2906391448941117,-0.3026715301570311,-0.039947648204542,-0.0518503171698641,0.10707525918636251,0.0360631067036874,-0.056447106228199706,0.40792728127760136,0.6006054814277413,0.2959518113658771,-0.10670628345790445,-0.6257519971072585,-0.011599268348628788,-0.07603969484446194,0.24082887595052116,0.15866635734642254,0.08314296553304423
4000,0.08464484016470736,0.918247465021757,0.683428838706271,0.20284156244309448,0.3919368364411212,0.5256596730722187,0.21520533940681774,-0.25249052130259897,-0.3761597030056536,-0.06355495315978343,-0.054316589799568105,0.11344868731402202,0.08350248088725931,0.0010022646660106105,0.40611502746721273,0.6017363733964133,0.274381510422368,-0.09667456424596832,-0.6154948858595959,-0.014054900479265164,-0.06441054826379178,0.19088610804211503,0.19303538269008613,0.11494706332634064
4010,0.08221576386713672,0.91860063525031,0.6827405686399759,0.23217892975879062,0.3672419868202462,0.5373806958496401,0.24460460798351513,-0.30666914815419055,-0.3648493057495039,-0.02926353502920742,-0.03695294566244711,0.1212906319325322,0.041643999494781814,0.005786447771668923,0.40276947364018567,0.5884934090597855,0.28548331245139835,-0.1138392851783907,-0.6544052612714923,0.002609574782296953,-0.08291886538738136,0.2033446021719275,0.17077287933765994,0.1118288365880552
4020,0.0881354475867666,0.9171628898059278,0.6833976346235583,0.2226958883018767,0.3858983733382869,0.5437280008518721,0.22784019704870762,-0.27965295677039603,-0.34046754938788903,-0.034792990910945454,-0.04518214365974771,0.07375018244106868,0.0466591225670836,-0.02614676026716478,0.39755749020095266,0.5740342163286636,0.3021914970944237,-0.08908917239740322,-0.5604723564802214,0.014372720828712993,-0.0624212092062022,0.20666134346513276,0.1895688277280343,0.10411167820725287
4030,0.083881053386566,0.9194163370766003,0.6835294954600293,0.22625033958449825,0.37460255880658855,0.504991268648326,0.268868681488048,-0.28389771885844417,-0.37340389222101766,-0.02835152547505526,-0.04807387450481926,0.09044672513324925,0.04023073386094256,-0.026685843584774327,0.4402502783452247,0.5906866085604843,0.2737688632767421,-0.11185567585586731,-0.5801132677602914,-0.00015843493616829463,-0.11245442300600828,0.23833573274145448,0.18033205313184908,0.09773293374292502
4040,0.0771531511246697,0.9216722597948105,0.6858727336750725,0.20546737597693265,0.3648866580335518,0.5344463798464216,0.22363821505984727,-0.29261548334772725,-0.3855254992735162,-0.06350929267279493,-0.040299476262361855,0.11925587953517358,0.047686993256174426,-0.006854412944169441,0.42205082401242533,0.5933564496085357,0.2856236178836903,-0.1427217122247244,-0.6278763089149679,-0.010435560068214667,-0.06592604978160943,0.20219390132957593,0.16685612982665432,0.09051754473916696
4050,0.06559496112636667,0.9253434900062949,0.6889783117206149,0.20347686036631418,0.365560138564742,0.5268168833973744,0.22280126212642826,-0.2737622453731148,-0.4204498741774605,-0.05861165130160373,-0.08680572121631247,0.15510410208398828,0.053731063513334565,-0.07254567029287973,0.4097249205459357,0.5926834175453,0.2681316363281905,-0.15561027064911515,-0.7603030633259511,0.006140228760618149,-0.0889149587544813,0.22897780703836756,0.17029317648772324,0.09105614198630219
4060,0.07767715987376013,0.9201964364664925,0.685738427574237,0.2197022094495823,0.3782863022119962,0.5313164564978727,0.23086295430188675,-0.29851219410243846,-0.35945354047560607,-0.025280659842571884,-0.04154182956576924,0.10545902214118397,0.07098780771432822,-0.06307129606091366,0.38643154279116376,0.5762623730286497,0.2760757114629957,-0.12488242803992877,-0.6736463657902081,0.03301654300030121,-0.04976768103933127,0.21005191331614248,0.1540914483634387,0.09483206798618837
4070,0.07224895295057893,0.9220946503919196,0.6875097722279719,0.17419433595445677,0.3749437722906075,0.5350160063458393,0.2220117906956136,-0.297668383247661,-0.3215331850380372,-0.04994670202587126,-0.015818495367482255,0.10714683680724235,0.037387142919141136,-0.025174965152535478,0.4178547254385355,0.5947180058629903,0.27537571879373657,-0.16787028629806788,-0.7993026424792777,-0.012584869204203875,-0.04938130809201602,0.23955084067354204,0.18535103522443286,0.09295863786117242
4080,0.0817510289232776,0.9190763079393045,0.6855361483077371,0.23375781109438398,0.3567689999495265,0.529835934592716,0.2223401923736229,-0.28377519838378684,-0.33837532117962965,-0.03630751678934385,-0.014551003533098683,0.10127363542273038,0.07709093474203765,-0.04687825314962346,0.40593105081400993,0.583960509569467,0.27829026848188865,-0.15600242089187977,-0.6432000791045325,0.013709116311206526,-0.05899218883255419,0.21833432112828044,0.17946563244878766,0.09409518232462089
4090,0.07357696539689713,0.9232034768355217,0.6871653668970126,0.21515917876132296,0.3740134581850758,0.5533686762201416,0.22487259456377962,-0.23503594205892542,-0.41412232234269397,-0.025681763644782807,-0.10308426741592669,0.09601778035141584,0.028078819552332712,-0.05061918620602679,0.4395998278398251,0.5841042235376119,0.2839980416582297,-0.132993945074253,-0.6352031129647464,0.015042254246400266,-0.06584196220626692,0.19097442298447687,0.1369447738889188,0.06552472345893001
4100,0.08093689867683691,0.9181716623711301,0.6811805423433459,0.21888610629173877,0.39554205177473534,0.5285522439445971,0.2455235203955317,-0.29561940433972134,-0.40023181300854627,-0.032742858934793784,-0.05321456315181572,0.1080386703629802,0.07066414089731132,-0.030855295849635977,0.42079836403528204,0.5959842162454687,0.2791531352916603,-0.07799565151255905,-0.7008016565939463,-0.004429823661044718,-0.08685239488469776,0.2235496710155589,0.19204778686968083,0.10367842702579066
4110,0.0779246887516647,0.9204974718750356,0.6867929472473966,0.22839954307782673,0.39645408760577194,0.5354667180039467,0.24073117106003905,-0.27559119185094505,-0.43895650546980747,-0.003999292396319465,-0.021596548989157194,0.06363468357157454,0.0737973225617301,-0.0551794538599264,0.4008344719705722,0.5863742269827661,0.28104909368417375,-0.1538136602296747,-0.5812522056095335,0.001166363372898549,-0.07022348807553302,0.19973637992508886,0.15053372566997025,0.0788530227794968
4120,0.08845963210081684,0.9171130117818856,0.6830536120870158,0.2278384549961917,0.37559505077058286,0.5315070802733264,0.2292339820785343,-0.2734247707639741,-0.3781840985125704,-0.0195994011718994,-0.012825384051854849,0.08090799088585776,0.03774222895997814,-0.03286246880989241,0.40694699651361566,0.5854198414272671,0.2864810370291262,-0.12507605155854185,-0.5259137382379211,0.04225303744437259,-0.07271752291278633,0.23585913911891077,0.20140470346492456,0.05706616717390611
4130,0.07248987066563195,0.9208352335942976,0.6870570858868325,0.1877733187850802,0.4014909016416607,0.5283290574799904,0.2453869574956713,-0.257736798354649,-0.3848764762216348,-0.05203081653780561,-0.08025199485897017,0.11406177656785088,0.04569234106419273,-0.06746262990281715,0.42317285933186977,0.6161531500736732,0.31244854913769726,-0.17619427751888916,-0.7904385857943357,-0.011376708591671836,-0.048761104877621975,0.22224603473133775,0.19141528332942748,0.10324644699821495
4140,0.07679109422559009,0.9198259484915482,0.6842002612854411,0.22371695439588213,0.38279744462433474,0.5328035308529266,0.22590832739087308,-0.27955553751384676,-0.3146334538562987,0.0037255346263842526,-0.06291051982182894,0.12797702726501425,0.0646939391710265,-0.06293340526697433,0.42059181118763844,0.5834213441678929,0.27257724136674655,-0.13275556238512576,-0.7912917410054536,0.0033104254913495224,-0.05685159680390184,0.2118770406750342,0.1575136148163544,0.10263055935936383
4150,0.08031809865544878,0.9203677873496484,0.6840898401417124,0.21505135992475155,0.36859676647158734,0.5231292185371516,0.24158190897539733,-0.29967145832795605,-0.36623234698140283,-0.029277150159773946,-0.08257157090417211,0.08872774684646068,0.044959150615708876,-0.025820524616029017,0.40365969316379613,0.5941671216556912,0.28563284110375486,-0.09130035376214707,-0.628534066856081,0.02033712874431204,-0.059602133810381375,0.23231950849179495,0.18064423998468304,0.0708829926672786
4160,0.0863115727732716,0.9172855373101126,0.6831973220903638,0.20626540469371735,0.39282613862465876,0.5458514983817577,0.2379299739628873,-0.2894688948152573,-0.35780685180868965,-0.06001008655885842,-0.02407796382440419,0.08150326385481221,0.03901349786104469,-0.012759513526881205,0.4140739648659649,0.5897544969636161,0.2743907223696973,-0.10821923943980671,-0.6262013512633522,0.004964923448169456,-0.052951551646263306,0.250562757671138,0.1872731488432583,0.11962868958149453
4170,0.08828779570895318,0.9164202758576564,0.6838545014408817,0.2031574887777371,0.36804644040322676,0.5239596855820752,0.22870978378002282,-0.240651602934431,-0.34572917681279147,-0.03045572174483535,-0.06885102933306642,0.11934131086929989,0.06321980304046715,-0.053051281443624365,0.4192350587153746,0.6030235593970301,0.294420072783501,-0.12885626501368308,-0.6102944061973192,0.04544993334893577,-0.039458860169888865,0.2387032215447059,0.15533893670246035,0.1087867585928195
4180,0.07758595037870364,0.9202945925947958,0.6864792363668036,0.24664162651478638,0.35128900981785893,0.5433983579498542,0.24836203337218932,-0.2693159529275275,-0.37287292285798923,-0.05569341866584643,-0.052573069792917204,0.13046295720126766,0.016803834211222224,-0.023732542017245617,0.4033546035928427,0.6019986110256506,0.3034048476237746,-0.1500832266019172,-0.6913884287025733,0.012126290909490134,-0.07741816232723875,0.22878832250508374,0.15562090390653727,0.08013128321547391
4190,0.08332550221636392,0.9176093381943495,0.6822750349587812,0.19884601654046852,0.3683202066181812,0.5339346312144186,0.20854587395361812,-0.26954554308263745,-0.40407645336904063,-0.027837278950819666,-0.015888301803067106,0.10692621801811675,0.06069689315511062,0.0017713463819362119,0.40955485759954424,0.6122471349363543,0.26896830743205546,-0.1341576038383121,-0.6731865519159403,0.028208749369370123,-0.06621199467728234,0.25343310679074726,0.16130163826866828,0.12798429390215238
4200,0.07192247622164476,0.9226155394795335,0.6866261496670314,0.20531587097534842,0.3497502390110321,0.5492911176537199,0.20919782610778026,-0.32123040466147645,-0.3900694651388412,-0.023949177574123626,-0.02571684411820674,0.11705681732088202,0.037123374279350196,-0.06462850262004172,0.4221754031809516,0.583498448622187,0.2727243391484604,-0.1168859835070899,-0.7125108701079925,0.0020728008468358095,-0.07103860742230728,0.1996222984373236,0.17874667630276364,0.10982664391798436
4210,0.07693315676286062,0.9211378585901369,0.6853939028868018,0.19113599622607969,0.34772470234294384,0.5274751562701755,0.2516093844726608,-0.23348766063693027,-0.3875696336103944,-0.0023208110218715383,-0.05524903568916106,0.1136307016739384,0.002155223920827787,-0.04352717495879532,0.4219172470075966,0.5874164331232578,0.23490186277988379,-0.10604444967568982,-0.6788512548397512,0.02186855881566019,-0.06507500820494849,0.20814733751606973,0.18999823106153968,0.0897404854469811
4220,0.07992612178292118,0.9198443981087513,0.6846601554929572,0.22674403841302082,0.365072216572756,0.5358105553467454,0.21970423222896973,-0.28857912559232735,-0.4192294324286534,-0.03563048803490232,-0.0633367743585247,0.11855202281747268,0.06058456563332104,-0.030230463410106934,0.4203742028971681,0.5932979791845683,0.2556144945123232,-0.09021907741715429,-0.6379355347236604,0.02252532570272514,-0.05927405229859861,0.2115751170154182,0.16731251543518721,0.10571623994559676
4230,0.07834346996991484,0.9199955312579495,0.6850153017386937,0.2080026423182959,0.35555288074340063,0.5249764661875699,0.21747634358538792,-0.25990697146142794,-0.4332663269357606,-0.044332568042998455,-0.02528393433774867,0.10219118711164377,0.0634090481343269,-0.03263415644879597,0.43743472947969964,0.579790924205877,0.279152809750973,-0.12041086981149829,-0.633564203507369,-0.00018642137020807859,-0.05291324180140777,0.20589954206078376,0.1777486853811111,0.0960763041263567
4240,0.07977414128728426,0.9199527966584534,0.6857532746164245,0.21952676594564668,0.37885232510163214,0.5155024849311447,0.23856535941906254,-0.3099058331081024,-0.39164623695518475,-0.037738990156955365,-0.06632815346379561,0.11018676066068867,0.0494805571342124,-0.004246312277301989,0.40759854905667237,0.5776952579413448,0.24655806525288793,-0.10207624084796363,-0.6641790471788496,0.050370380810214166,-0.07649076218296536,0.23650233524811903,0.1744005554926631,0.12262914620979992
4250,0.0717898443585375,0.9219631605045684,0.6862530357237583,0.21431046914194085,0.3838831629722681,0.5171677571771764,0.23919961574039872,-0.3063176724432968,-0.4399905017320733,-0.025237887838015727,-0.05555417666776252,0.09671446149916518,0.061976241481175975,-0.03480194291646588,0.417103543427332,0.5968905136441052,0.29120160667959905,-0.14696702646829274,-0.708293456530241,0.03699586932188348,-0.08671929998713068,0.22834045993971808,0.1489259241690848,0.07875907091871803
4260,0.06547126078718903,0.9248412932673603,0.6877425285807237,0.20421566123628276,0.37635940775338916,0.5434441489213492,0.23176951528230028,-0.31962437497722695,-0.3914261543759614,-0.021321041431058285,-0.041617167382553166,0.10964141181898734,0.04182945177354713,-0.03569849641431877,0.407065472267675,0.5897816085310055,0.2748911734235209,-0.14199108170700447,-0.7820003638072013,-0.007342842336623079,-0.07747996947287517,0.20608127177938151,0.1456065594279049,0.06271228622044855
4270,0.08189478412533707,0.9187293138626059,0.6840674894490777,0.2272605667840275,0.39028534403103377,0.5250628822201093,0.23990471237470468,-0.2983809681510552,-0.37071815471395775,-0.004535663464434236,-0.046842659498189,0.10713695853117144,0.031691235900286885,-0.06286130680089697,0.3810301133209021,0.6019702226106957,0.3106367249749018,-0.10987938022666821,-0.6408368576085537,-0.0014767919183622524,-0.0899953871056427,0.23586055809508177,0.19094235109071944,0.10353596618620398
4280,0.0793574441011187,0.9201102953631897,0.6849523087934335,0.21880706620979695,0.3820263399613728,0.5425890686759087,0.24629096137833417,-0.2959121354782459,-0.3582506484541801,-0.048996720594359555,-0.06348438722603134,0.09222049696946366,0.060442931566999425,-0.02834571914816464,0.4299299502526315,0.5720295672957714,0.26488435388822096,-0.09251830116086435,-0.6647955649511692,-0.013628084568096277,-0.04913669106965557,0.1886973400685762,0.18679612392344402,0.09686037858373953
4290,0.08502736407640346,0.9155043733201036,0.6831062550192801,0.1987472411124228,0.38354449196197715,0.5119278326784586,0.23500089761751197,-0.2594366763377789,-0.38076237053934414,-0.0693089231900732,-0.026793390802688055,0.09633146615467603,0.07787443911799918,-0.012816343196979219,0.42722772818727406,0.5961681192158554,0.2867762921377519,-0.10698636668681849,-0.7225683690896063,0.05605638408906133,-0.064318857604037,0.25037740047114,0.19576204215585724,0.11277160815181198
4300,0.07788615182771846,0.9215030443643372,0.6863490764759491,0.1978860372256328,0.36125729402209994,0.5114909079671378,0.2330912739229838,-0.3056302243088549,-0.39515873441276317,-0.03662778990810378,-0.06495073341221169,0.10667493141756201,0.07010089898077199,-0.029542798209710508,0.4222344454874788,0.6005734679454713,0.283722141969146,-0.11459916542959547,-0.5991590297977951,0.01241345831129348,-0.06485486361324044,0.1957354990030622,0.1581341454412798,0.09281802578044307
4310,0.08161111078343526,0.9178664459476671,0.684590228362939,0.23202617948512583,0.3828708803708212,0.5438314585662689,0.23697749296413184,-0.2508433566303625,-0.40966672302826623,-0.010845429449574118,-0.05916738517748921,0.11466512794159645,0.062304286752136284,-0.02400112118394082,0.39568676090590693,0.596900707329421,0.286140335575643,-0.10523117376312086,-0.6949900732262524,-0.0165848866414684,-0.07496574746163032,0.2290946486497496,0.16330050028299758,0.11633084419044681
4320,0.07959316901131175,0.9201968730726606,0.6883644360476177,0.2013863535392486,0.3520450869361983,0.5372297261342203,0.20840864030250783,-0.28970898100326714,-0.3294623093209985,-0.02418465671717418,-0.03550345926806209,0.12313174139219385,0.053902346663592615,-0.04935213762031654,0.4173581005601178,0.5950470699819512,0.2881659385104256,-0.13784056287760382,-0.6739042578317633,0.014040933464445016,-0.05456761107706143,0.22564390025837477,0.15822020421103355,0.09140048299948433
4330,0.08608553977111821,0.9193643459825946,0.683518883054684,0.19670877319362678,0.3728886579670132,0.5459853909584719,0.2269671359116684,-0.2902684863885783,-0.3290682516399317,-0.04951714142607311,-0.08265322674416842,0.11500341950435178,0.06325349631641375,-0.037046720278961276,0.41000251429013324,0.5893438799570352,0.2650416113998624,-0.1329357385303629,-0.5430588641058334,0.020345488178867388,-0.04248170984900912,0.20407763442266236,0.18635897207367602,0.1188494999826184
4340,0.07750131162642453,0.9202427752955653,0.6850779963979321,0.22061124950312705,0.38107182788470284,0.5546223657452908,0.25948145747057494,-0.29675976310819463,-0.37482299938173846,-0.020801306566125,-0.045037932357568033,0.09253061493438419,0.040377217628175366,-0.04546924320633838,0.4197088533753922,0.5741127848961939,0.2699355926495455,-0.12218079102312784,-0.6857684365283101,0.01939052042849887,-0.08098565838978233,0.21541307356895767,0.13740264537583113,0.11469547125542512
4350,0.07475831397501434,0.9234102725098208,0.6874141377830666,0.21245662203627302,0.36307386593409985,0.5266916628685365,0.2192622297389486,-0.3251392841572014,-0.3423240772696423,-0.0382689724457026,-0.05289160259164638,0.1197267837932936,0.03631184312036462,-0.043721275351847666,0.41661188949750083,0.5643906222861232,0.26255889844057323,-0.14789801522460722,-0.632232700898194,0.02646021453995573,-0.06884006779019569,0.20188847976501667,0.17302806480495225,0.09877941237870025
4360,0.07551653249545971,0.9199443207675166,0.6863236046061177,0.23315964391304356,0.35185671837980426,0.5355620840806736,0.22920067662553878,-0.2931477519815735,-0.3805403950000599,-0.03710124938622039,-0.029906923913506134,0.12134814460563126,0.05432183291274484,-0.05226043949709824,0.3869169978007857,0.6013086407135362,0.2866792476267268,-0.14955683160048827,-0.7353626509979669,0.03361824039750205,-0.06456358364876125,0.21280302314782817,0.1981471795233084,0.08336457870320502
4370,0.08487090775231833,0.9205346372606609,0.6873537901226554,0.20117648797518173,0.35843570848080486,0.5284881178209779,0.19688864337086276,-0.3027953968201458,-0.40783030639102713,-0.04143419382292013,-0.03656300194934059,0.12130416919561271,0.04818966509085065,-0.01020966331854889,0.39557637385582023,0.588166863184437,0.29491511140059534,-0.14635326132093573,-0.42061555888111024,0.020927021127544743,-0.021818601115907388,0.19092819602630362,0.14016170344568568,0.08475098544394355
4380,0.07061269018910377,0.9229641152418073,0.6877887652151189,0.22872049676176776,0.38442531645848166,0.522260803421901,0.23894437732567442,-0.271742733325564,-0.43789668081845745,-0.014940147648399238,-0.05064369911044686,0.0963685322240474,0.0618352354698376,-0.013863588899688306,0.41542186840947193,0.5830755732281221,0.26843717969050906,-0.14993387372333533,-0.7128511201682359,-0.009157386171671167,-0.10757411886916723,0.20196137449919438,0.15122632885942056,0.098792756357717
4390,0.06589950967885978,0.9259588710885923,0.6914946180462914,0.15999470448637232,0.35045227828664527,0.5349996840056047,0.23615167874776588,-0.3123621356448143,-0.3567567950414403,-0.08190737734856568,-0.05489640540532337,0.08424798476427664,0.060703639734292825,-0.017801874722506605,0.38322615621067824,0.5589224526824776,0.27458772657641817,-0.16389010262142034,-0.7220330960285322,0.019958979768513352,-0.05937697256378893,0.2132529757874032,0.15554004632205898,0.12087615525994011
4400,0.08175834756542256,0.9187360445911229,0.6845066425030447,0.21505298394783467,0.37211472124870304,0.5437152379348331,0.21596926455805843,-0.26350044097325953,-0.3698987579166808,-0.03174810178080456,-0.060846735504336946,0.08696489911124161,0.06888992639670355,-0.04045474596935761,0.3997585417896613,0.5979102223955832,0.2936289137415008,-0.09591602703499436,-0.6497219749014864,0.03714007159588939,-0.06491191827100296,0.21414293106350013,0.18055972974552303,0.0680765576967648
4410,0.08166219937481604,0.9190664963654708,0.6845215260409576,0.20200069964708622,0.37653777790755016,0.5316213844305449,0.24464257489718932,-0.27062354810336475,-0.44149114270592915,-0.013670876010177135,-0.029390239293181963,0.10846698797483412,0.07772551139413664,-0.04264242035123278,0.4075388483765622,0.5914664668140865,0.2639614206777273,-0.12158860031948837,-0.5793546882590328,0.002842726813377716,-0.04831628293250256,0.2280415873258297,0.14128306273070812,0.08585493585641357
4420,0.08020057658551123,0.9184851547045959,0.6830427552146072,0.19929486428968934,0.3875312118227465,0.5356697933019594,0.2564669340164947,-0.2955129462942463,-0.4045975305476024,-0.01999835408179873,-0.009257548125112036,0.0945766069821583,0.05279659338748022,-0.021614561459804227,0.40708910135777665,0.5833434990545832,0.2790412898564172,-0.08600547425452665,-0.6608728007212823,-0.004237855658771883,-0.05580011275204155,0.20904523001013875,0.1649644362801257,0.0722897318313519
4430,0.08897171528991728,0.9159612327904917,0.6834674017557765,0.23008039115937962,0.36328856308137747,0.5365027859404712,0.26031391726848874,-0.22597208049911544,-0.3424791025602181,0.014840079484897073,-0.03167838474932294,0.11134818422586301,0.05393370047694335,-0.029910814862955437,0.40509614433586905,0.5785088140098165,0.2782203377618744,-0.11910890521609518,-0.6219588591944034,-0.014661402280080393,-0.08080458194119466,0.23326711316272597,0.1694641811321811,0.10011594035176097
4440,0.07927834837906127,0.9186894555661973,0.6838584307511856,0.17706560291571238,0.3626717082374036,0.5385862099139855,0.239399076846876,-0.28473211226987827,-0.45298264806353683,-0.06647976990640792,-0.007970338081637163,0.1055524073748566,0.06886868759345222,-0.018773642530495627,0.450739681328001,0.5616420269443749,0.2913414929505984,-0.14495482470327148,-0.6420959267692139,-0.00617420749083486,-0.04195933688155562,0.22470297235696635,0.18397695952190163,0.12642129667298974
4450,0.07633888152802216,0.9207784552377902,0.6860069154975692,0.21449667205973122,0.36766681418417313,0.5296867455156862,0.22836575567602801,-0.26923419937062865,-0.41481184115775394,-0.006451032386080913,-0.0965189929836574,0.08793454259608957,0.06755658900532158,-0.03541438613932102,0.4149258346531318,0.5899804850069099,0.2817438291102399,-0.1267756132980562,-0.6885042277079452,0.0209689298628557,-0.055524945292336314,0.2302653139533145,0.1625977592525315,0.10016247954823221
4460,0.08217274657124604,0.9183201091737553,0.6847816036411294,0.21032886123776096,0.34810703895123707,0.5359744086223668,0.21298038001375097,-0.27734574739160545,-0.3511300995868074,-0.03950677948078507,-0.04001216391661799,0.07916527423527675,0.07842301709651511,-0.025691585980430753,0.4118257036102352,0.5917891980248728,0.29555745288545265,-0.0905674446679301,-0.6695999210955466,0.02464582502989421,-0.05819127129096735,0.20809400030055325,0.18748472845220288,0.09329680294673881
4470,0.06515045166917305,0.925984374623912,0.6890116117669721,0.1807917031562266,0.3418809063557844,0.5188566051193416,0.21334556263634552,-0.3110593798030352,-0.37392102780025116,-0.05321304458040799,-0.07083236021602679,0.09297950219478635,0.05645067251746538,-0.051682415721583386,0.42881869140570894,0.5941748929248619,0.27328951577719784,-0.15658969784634724,-0.7680843925183201,0.012449376297849146,-0.05689640593731582,0.23643759693050037,0.16115146474796227,0.0998117194118916
4480,0.07488017904924116,0.9218917663662666,0.6885762092216735,0.22736016191967212,0.3616786013287768,0.5116686159190056,0.21987677725649968,-0.27904760381913385,-0.3779192697205822,-0.005875011390832352,-0.052795614097182586,0.09751686255377179,0.04494032005944926,-0.05704689273652086,0.359761802320152,0.5689491177004862,0.30659888608276264,-0.147650689340455,-0.6594962675094092,0.0185607812996621,-0.07795686527915291,0.23732652359543094,0.1797135639495504,0.09631995994211373
4490,0.08203527067671279,0.9184286594343509,0.6855558103679343,0.22170289047901248,0.37128964569750345,0.5455700002840493,0.19714908336137216,-0.2585759855666083,-0.39640977846686076,-0.020495593727088535,-0.05986387005573035,0.12549211058223708,0.046158802102894025,0.006484850625364191,0.4267831014418535,0.580884709026986,0.30264761055416056,-0.10919597922171054,-0.6792703703286327,0.023642950697301268,-0.07219856486754694,0.2461254297498029,0.15159450262783014,0.07322513921477936
4500,0.08010605423199,0.9191152137412485,0.6835061824472971,0.20901647357294206,0.3660416315405828,0.5311162184621643,0.23290756925875844,-0.322419640995941,-0.4106479974258179,-0.027086235027156125,-0.060459058164541446,0.13173157043439054,0.04262471523475175,-0.011025178319200135,0.416271865215773,0.5555656210908027,0.2754071449441775,-0.1112109820322722,-0.6455400956377504,0.013162774317718395,-0.02553733176503936,0.20167377762525518,0.18507194230808077,0.13556235423411156
4510,0.08373989452550915,0.918106219397973,0.683723162882458,0.22296696052820209,0.3668884899089241,0.5479679586298425,0.24768871324355202,-0.3056763523682504,-0.358536100442729,-0.04868806413810578,-0.03995173922386508,0.11074797499166633,0.04024928265227601,-0.032683555817826004,0.3929725895074754,0.596894010671055,0.2815207094985036,-0.09353227731497427,-0.6237923386313469,0.010778415769945204,-0.029926085391534185,0.21045613639837257,0.16165469699320512,0.1005383595713033
4520,0.08035789132189619,0.9204279713610382,0.686045330039899,0.19855723013903348,0.36801278147083416,0.5333366375335031,0.21240412435165246,-0.29083308705905475,-0.40970734103055917,-0.02250069656423559,-0.04947664689199982,0.07663487922963408,0.04699513790206489,-0.016807191276138944,0.40064452190026023,0.5881292472300131,0.2667136378044188,-0.1235704667451929,-0.6033077376401428,0.023305079169435916,-0.05788929719363978,0.2508321060274461,0.18159657783400796,0.11444622156847906
4530,0.08665967082131952,0.9171692957374226,0.6827454771301691,0.23076817916787162,0.39556598918226427,0.5326378504679748,0.21840373722648054,-0.267200343531554,-0.35980661600979125,-0.012960318067215537,-0.050097687574820915,0.1256017271993607,0.038958717277107535,-0.01861783381992166,0.42563753694830786,0.5632458342020505,0.2772815762743964,-0.11097645770678666,-0.6143573201256143,0.03549716997848518,-0.0673636561526132,0.21233239162827855,0.17320515545344572,0.09209745523000334
4540,0.07569193452855477,0.9193510581683717,0.683965639398918,0.228139269423291,0.40339308703224974,0.5341846448730854,0.23768862875283558,-0.2710827903116899,-0.45082432082827095,-0.02940567242098835,-0.06326627878024449,0.09230988217778513,0.04661285420795269,-0.01177291848793427,0.43166019080574713,0.5578741459651296,0.2833690897446599,-0.1298594046839281,-0.7392211355964629,0.02915638313046298,-0.05181888571571314,0.2349049558627343,0.1418299741988569,0.11565892575009196
4550,0.07915345044026557,0.9197879845528404,0.6834249418897669,0.20409284013428708,0.37520823626948996,0.530359924984915,0.25220527183624264,-0.30475792615854425,-0.369886074736018,-0.030694310090726207,-0.04393464530692359,0.10734635057614383,0.06032912759572728,-0.021439585682044626,0.4139959498581025,0.587974769141072,0.2875169973605972,-0.08940373650880562,-0.6877312955386972,0.013379273750870557,-0.10027916176483687,0.24721495880205224,0.13761240921148743,0.09311308551118513
4560,0.07613596110897346,0.9209415699129179,0.6840984489540146,0.19579780992576057,0.3521970524729271,0.5241461871111146,0.2550161879500018,-0.2526162091111517,-0.4361645639876688,-0.057672855399751644,-0.05113923004232612,0.11481145550216021,0.042656794914260554,-0.02644649937250776,0.4209862307265967,0.6042924238462178,0.26825335816763873,-0.10245044798577152,-0.6782081033612246,0.013751090260696097,-0.09822275200399089,0.2395012275270091,0.1452141582669748,0.12515186788147714
4570,0.0787930215176625,0.9208565298928574,0.6846860852179921,0.21909834885211565,0.3669155028131902,0.5364780763032033,0.2133226895441176,-0.30098891264731886,-0.3840862932029043,-0.036447221493853155,-0.06627256350744659,0.12209712438685649,0.0493898001426154,-0.05253919392804196,0.42237627683600165,0.5843773856592093,0.2885975853415279,-0.1500877842742394,-0.6153120691724603,0.01761065019294561,-0.03938319243639943,0.21243356484881493,0.15707339778804508,0.11000027982493343
4580,0.07492757898464061,0.9228021644691871,0.6876218366767483,0.1904184589333222,0.337057949942144,0.5201092837297558,0.22576263863030943,-0.3072805343805607,-0.4360588257924016,-0.05538402226665129,-0.0312787474034073,0.08746345915650067,0.05135092613493131,-0.05315022374389078,0.421448600613906,0.6133695042719722,0.2537404524941398,-0.10523839887838493,-0.6079910284391346,0.00045425611655858233,-0.06836748734560882,0.22925695053039974,0.1644585292289341,0.143337417144619
4590,0.08560792508683279,0.916478215195062,0.6828663556688781,0.22808873577057864,0.38036139078098274,0.5267952625331671,0.2447364920285232,-0.2616875523083728,-0.40723041275515315,-0.013643828933571633,-0.02379083260917403,0.09819859752365001,0.030493366995137716,0.025421837448224016,0.4368265935630966,0.590014881412775,0.2775260097509644,-0.13939396986802444,-0.649645030283927,0.029426386533240367,-0.0615282468712548,0.23798261246488595,0.14804488542488425,0.10076924822285649
4600,0.08240829030715847,0.9197878502810533,0.6872801586689613,0.20735146438872587,0.3606639829439733,0.5330029884895722,0.2153038454720685,-0.25406967707678607,-0.32335841648298613,-0.029227611724973013,-0.05747283461024466,0.08290288351081654,0.05249564912392368,-0.030690817044925822,0.40253943143636384,0.5974381516646755,0.3064130971978656,-0.13352963106089843,-0.6176144867152626,0.018106062333630768,-0.06032812342985405,0.22551493913409004,0.14760686693594605,0.08752633196460713
4610,0.08127136848944665,0.918499043235672,0.6839155699466113,0.20514001944494542,0.3841133530256984,0.5395855271912631,0.21848268662993375,-0.2627006297749406,-0.3520925544253444,-0.028145150719524947,-0.02943677485029772,0.0925237810592825,0.06823442228015875,0.0013155848058272746,0.3780474252151149,0.5856323758235485,0.2751745268142757,-0.12588812579658804,-0.6964971182541111,0.019585880858686178,-0.048217454002984494,0.22841842116186528,0.1740819726146542,0.07934056917691701
4620,0.0742238429878069,0.9207593717180438,0.6863235013936796,0.22310517424652998,0.36760631255658305,0.528662434543792,0.2333874323998063,-0.27794425832315817,-0.40156528749554865,-0.06428696417614943,-0.0403246854458672,0.12878973828749918,0.07118474657376506,-0.03226517840005383,0.3935299847409782,0.5826359418612341,0.26253426071947383,-0.12462516380775668,-0.7458470688896048,0.029922096237464557,-0.08606230240776047,0.22729093163273284,0.19324017252288417,0.08973238536710082
4630,0.08357078357489381,0.9189496255700477,0.683272690171996,0.2059980779197359,0.363747010850741,0.5420470646788413,0.2389574378093018,-0.3179571296896784,-0.3539173229702297,-0.04333228644543419,-0.021197530398193942,0.10801628282215814,0.06433100509055756,-0.06091697097002213,0.4219798415285345,0.584757791327271,0.24762141205474109,-0.08448154251929374,-0.6248732753244357,0.00937028978014709,-0.0686579048898357,0.2513918549696389,0.1649537578095126,0.12714859163871217
4640,0.08173508741242012,0.9204840328144299,0.684279604083782,0.20636545886772273,0.41512821443506753,0.5408079722604215,0.22782731538305478,-0.30506196320284973,-0.35206342812723324,-0.0029328293217882884,-0.03810977676838556,0.07414766023330632,0.0294337406844305,-0.03007385012883912,0.3963175949576292,0.6036082604598337,0.2571931714799157,-0.1539646229623346,-0.5917829516504769,0.014198951946708505,-0.04573956196637252,0.23713298918972614,0.15455672094052686,0.07944776895075922
4650,0.07471626216374164,0.9218404355529614,0.6845077218760263,0.17964866055361706,0.3859655746129086,0.547201206622388,0.23457593872433702,-0.29404816934367184,-0.328343337219521,-0.0456073462972888,-0.04651019814869417,0.0775367391120293,0.03071236682407541,-0.06297398528600517,0.40568100079771474,0.5877140063031439,0.2849899141504255,-0.10445154830265668,-0.7259636061474166,0.0010819269379368501,-0.07021458419835191,0.22936295205524881,0.16849420597875775,0.11418978770959787
4660,0.07990815689732549,0.9203939808528576,0.6846726093839816,0.19313456448770194,0.3695035680774621,0.5397230223707371,0.24568378083702302,-0.2895605776731438,-0.37512232118975053,-0.009237061983040418,-0.06668183463608268,0.12622825813380023,0.044073655944004475,-0.04307549884225903,0.41760746273046245,0.5898645810915233,0.25660235584503965,-0.1662230263617781,-0.6247156578038022,0.036449376384332766,-0.08366955808002863,0.20957167721821612,0.2049611429693281,0.10295338532408949
4670,0.07503458052277201,0.9214347080136619,0.6870306332218027,0.22319739455207588,0.3630840314715218,0.5508301676079609,0.23432821990383756,-0.26381991854097553,-0.39177125499694476,-0.06310138153046774,-0.01565196755080356,0.09927252007021459,0.04457296267169142,-0.03174684644569403,0.42931314121364406,0.605612936831329,0.2643129759889138,-0.13925365457267724,-0.6965704922233351,-0.0028395690493421277,-0.09020875239569737,0.20330818984900723,0.16187780083128478,0.0909796872926687
4680,0.07493769268533307,0.9226939113582423,0.6863023702833181,0.2278620663447387,0.38440433832814813,0.5238377105855554,0.22448629969130218,-0.2832050161063726,-0.3449140556561321,-0.030593265880608067,-0.06420801169589141,0.07104021119442472,0.055540202561754404,-0.021694755134963772,0.3892622205824241,0.5883630200217678,0.26390908663871027,-0.14350980937882674,-0.673731792416224,0.029742269012589584,-0.09842791140074847,0.2043683239983809,0.16893858422517283,0.10222183087679226
4690,0.07246327132307696,0.9216992507449255,0.6862602296834248,0.21835839571274718,0.350703074903825,0.520390713197167,0.23462234923571246,-0.27220572188122705,-0.40439471185591813,-0.04135025540464432,-0.0954231859733774,0.10407741290642059,0.08214905281739915,-0.01712275086129833,0.4014158233258076,0.5953260689967291,0.2809815259339473,-0.14471900164835416,-0.758709688267311,0.0038946188283958127,-0.060882503543740585,0.2174080999848481,0.177589988184491,0.1296193931929972
4700,0.07500539613491705,0.9231617049608043,0.6883104197840003,0.1662830227173191,0.35665494523859875,0.5177921261356078,0.23226278136380873,-0.2828820722542369,-0.34290043436230566,-0.058697934785974626,-0.06282055151865529,0.11081114844339102,0.0508993242686685,-0.035947925400343195,0.4232730513913071,0.5623110713011532,0.2798706499211735,-0.11217434146277028,-0.6381347372301691,0.005120587475133553,-0.06020212059545216,0.20667338452063377,0.1561646808322319,0.10075666283413809
4710,0.07559930317818732,0.9208626927058589,0.6870053601164768,0.22327927079634768,0.38072482798172813,0.5408379763402907,0.21039642299255312,-0.3130249189639398,-0.3316772114434825,-0.027722197726963715,-0.031164000103302447,0.13122676853526316,0.05705939014337913,-0.03626667634956093,0.38555815648698344,0.5844525814100556,0.28795581544257565,-0.1361648847953012,-0.7407275623475891,-0.008978375473284617,-0.07095702828549633,0.19877293591464662,0.16527713108731346,0.11872694509971748
4720,0.08622398789621924,0.9183733667845702,0.6840204616367638,0.219894224556752,0.37644028913419003,0.5226274786073974,0.23358916662894724,-0.2940979375571642,-0.3727819083576036,-0.021528652532390558,-0.044877682285916265,0.11493832035057328,0.05766031046218578,-0.007119479932329309,0.43121692369380005,0.5810956982916303,0.2654803911096695,-0.1248106302052494,-0.5652825400570494,-0.003877680096167735,-0.06823559488876074,0.2123986083783458,0.1870959173790553,0.11087852314068869
4730,0.07833216628337762,0.9203102872817623,0.684757398401957,0.24866551181544672,0.3861224683389378,0.5368369336482203,0.20356282988545837,-0.30517844521966464,-0.3155234849456805,-0.02350746380866542,-0.060167173392770446,0.06580910301059684,0.062435577126182085,-0.038638085316056836,0.42473575095791627,0.5870085056589804,0.2969308059577742,-0.135438108805346,-0.72584148213793,-0.015260383152920332,-0.055505334645906235,0.22255238000219557,0.20966169394690504,0.07571389302725673
4740,0.07554383459476188,0.9202628977672137,0.6840639803503435,0.17892804806396312,0.3913993980938608,0.5055509272612736,0.26519085208068005,-0.2739646056548246,-0.33082930063886073,-0.02633752379151577,-0.0373599684465824,0.0931826799602028,0.04999196179323617,-0.028334624758729055,0.37883160408652294,0.574576137415516,0.2944416166079187,-0.12461931074981303,-0.7605527880330336,-0.024207292143915815,-0.05733200293407892,0.2234645602735602,0.18597173227755515,0.10842842572706402
4750,0.08261601878247712,0.9181559923117446,0.6829645210196659,0.2368685864480844,0.38607981170411676,0.5491412870711401,0.22459832550911785,-0.28891749489205787,-0.38865834396280774,-0.047304137475833175,-0.06145842938886892,0.11983012313089314,0.04371421422904709,-0.003792278770033297,0.380845554400949,0.596157460920457,0.31440055986159177,-0.12525438083490714,-0.6493830297304268,0.028598786912210072,-0.06971462959314989,0.24169624228661601,0.16163756407998786,0.08585060252589338
4760,0.08591223421962654,0.9177156902624836,0.6837784794367456,0.22284590992530962,0.3601443066404336,0.5309140775262309,0.2204340870361825,-0.2619522343272398,-0.42062717327874743,-0.022327070975260543,-0.03189256896186743,0.09882235179043308,0.03993902242412273,-0.017589164708062377,0.4295980377728482,0.5672743273924145,0.3121787183521877,-0.11030442047264222,-0.5411809950944999,0.004391339083586021,-0.06776093475880729,0.2178810025676987,0.16127278122583077,0.11209551945200613
4770,0.07329124596118453,0.9246763409179481,0.6858975641041717,0.21505317292809223,0.3667947248722655,0.5175958737471826,0.21754898489839647,-0.27852015235478933,-0.41269067650481506,-0.07995517161196863,-0.07314673138261041,0.09013669471208796,0.03242238068360137,-0.05459286415106468,0.42236040872049607,0.5740896776570269,0.2655748174092244,-0.14066408110648432,-0.5866481270227366,-0.00911157112187655,-0.035299790802358455,0.25379318641817816,0.158339826321496,0.09603558287553149
4780,0.080792281852354,0.9203637826760611,0.6871665335380872,0.21078491753786088,0.3511448207717597,0.5383358239294085,0.22757437966958038,-0.2687991320080245,-0.40966836810968377,-0.0320427930235645,-0.056710463461896454,0.10635682395755575,0.09118971672835552,-0.061823936057579854,0.4325906900619443,0.5936427747383576,0.26139760381481025,-0.14848917467865608,-0.5554518292892274,0.028719208862428625,-0.060677782413695036,0.186904456732651,0.1710732256663493,0.09058695547069973
4790,0.08253063009027056,0.9199474573061426,0.685698164702025,0.21432661012571275,0.36253122257176773,0.5312621383939533,0.21394743911407066,-0.26148769947532546,-0.4269129279438091,-0.03699062718596058,-0.02865476180343962,0.08414705016087254,0.051162576604209975,-0.015143150635191338,0.4101763161529076,0.6124435063044273,0.27781861497620675,-0.1600051215655418,-0.5370965784227144,0.018264582116055972,-0.05941698091712255,0.23250594201032193,0.1443043097012079,0.10596077161307216
4800,0.0878992013166403,0.9178521312042364,0.6824933510290586,0.22462802877889498,0.37697801469588754,0.5319525313062029,0.24040073117651917,-0.2863459845309624,-0.2979775278212,-0.03838882760380513,-0.023973631079096558,0.10509620593012081,0.046740382774354106,-0.08738946046484819,0.3915578822117193,0.6004320596805899,0.2821158654670909,-0.13572708847834236,-0.5738471500479863,0.03559157132174773,-0.08322712570903623,0.2622455345970658,0.17096420469440898,0.10405701075012141
4810,0.08505633496206684,0.9174262910752017,0.6860912726536461,0.22759384903361823,0.37048228238143377,0.5470331643698698,0.20497213535710435,-0.24659141419875952,-0.3879824862534742,-0.033290195470749184,-0.0028345494183377173,0.0855084876083193,0.04591026040221713,-0.015190613059526736,0.40813741062525655,0.5747866299340045,0.2821774461167115,-0.1443517403074457,-0.59974690767184,0.056083267239181334,-0.06498149711528622,0.22382828620110107,0.16352406098193306,0.09111515744807241
4820,0.08520245505552111,0.91808926421838,0.6845144558187205,0.22213477244609425,0.38278113494887367,0.5362878575500944,0.24192146500906908,-0.2570827895975474,-0.3496349030828729,-0.02470417773917477,-0.05366750999861125,0.07101202967285547,0.03222762591717687,-0.03935515505992759,0.3991586471598638,0.5825234979330755,0.2783269256038593,-0.09611158223462835,-0.6069266358571641,0.01840698373715166,-0.05488149088875938,0.2243451437548769,0.16883873799541282,0.11365097889622544
4830,0.08580874299932759,0.9168515309929975,0.6834258432833228,0.17365153115957588,0.383388477461161,0.5434673814509459,0.22578701200387097,-0.25150458750625027,-0.381124026954212,-0.014358875929632031,-0.05395655232926022,0.07000923320329022,0.035483754262546574,0.032390442083535365,0.4398366350510169,0.6030312567498008,0.2922067837419996,-0.09897926578841698,-0.6518136447622758,0.0431741178667957,-0.04851783583057956,0.22951374190485763,0.1423816546193013,0.08791637052780821
4840,0.07458143317401106,0.9228710662031426,0.6844660535552287,0.18459898100014227,0.36833235977971557,0.5353959869115698,0.2191100406097075,-0.26405263643551447,-0.33433173684029516,-0.030429708708872294,-0.06424349888528891,0.0970250345019037,0.06442129283132592,-0.019927687988512632,0.4099964955303512,0.6042977838274723,0.26094327084618707,-0.11443690351248148,-0.7087528265444916,0.008551126533186348,-0.07868359059870889,0.22100572055653978,0.12444437916556239,0.0829462140747339
4850,0.07320773838595092,0.9215652440365423,0.6867940867048553,0.2273758211759136,0.3788269264478086,0.5251701086821873,0.23117422833589363,-0.30638881061268664,-0.40916651582303065,-0.05420593943769947,-0.02683970939015512,0.10606491226835857,0.07371332104273598,-0.0764972236327568,0.4312038490264771,0.5893511068055681,0.26914335365377284,-0.13899870787630553,-0.7091779258604356,0.015124245082503984,-0.05848993662367574,0.23017604641673284,0.16943849782946918,0.0703648585942932
4860,0.07255748425068943,0.9194851762933911,0.6852722191314586,0.21037576476355158,0.3699832209075372,0.5464486203326293,0.24344045333067343,-0.28365975879674643,-0.45326583599689396,-0.015401194397539841,-0.05445230509746479,0.10934923590056733,0.05620972661639756,-0.032078714459960134,0.408714559708778,0.5788866855208519,0.28177791378354,-0.12210514195953959,-0.8162284639146522,0.016183955271185435,-0.06478696707679399,0.2378034839362082,0.1862448083124849,0.1202671225796641
4870,0.08342589012381774,0.9163806196671884,0.6832016837373488,0.226828821665074,0.39976114085540604,0.5255726889231982,0.24941233992812484,-0.2822441401205036,-0.34549470103820523,-0.037258282288046285,-0.03006810675711402,0.10754845622102738,0.049830144484151906,-0.023223508492182354,0.4271222759882132,0.5794879007593154,0.27608960526991333,-0.09845463506109153,-0.7433946884142228,0.016021584831171554,-0.035612413264084264,0.22315911199147287,0.15801888746829784,0.10884120965025612
4880,0.07710318460277578,0.9208565206495153,0.6859999073777222,0.2170929488973612,0.333932827183839,0.5279297636529028,0.2357775123833783,-0.27281227097806626,-0.39036545175886816,-0.027839763134654527,-0.04994855338199056,0.08557100152790975,0.0860807961896336,-0.04525960238134119,0.39861223926797107,0.5891178347453396,0.28807244438516433,-0.12231671489044693,-0.6450291059183575,-0.002941328574052937,-0.06271881907142163,0.205819159640226,0.16487431899251792,0.10551763988124763
4890,0.07514863285375366,0.9214938883152373,0.6876822052291415,0.2086135093984942,0.3834422496899934,0.5470797952346943,0.23491461771643884,-0.27130087442258044,-0.41138368423635585,-0.06571358236766933,-0.06120178817097699,0.08982910771086261,0.08186015970508131,-0.02824086911856427,0.40854979303837535,0.5698201787527326,0.2867538014565423,-0.1500182014064111,-0.6578155246605677,0.011802361426442642,-0.08216820895811972,0.21027086351875157,0.178243960252078,0.09478362536958507
4900,0.06932305759532888,0.9241598688969294,0.6895123415329608,0.19160250048331096,0.339098310757859,0.5323905222722727,0.21551420042184943,-0.2530213874723761,-0.43537679349483516,-0.023094403018042442,-0.0669022683295859,0.08300032379693156,0.0470528715144517,-0.026912154873821814,0.43252142989319653,0.5680883271056518,0.27825821543611007,-0.15009567541207414,-0.6980727883278683,0.013257382506519089,-0.08355301846951746,0.2287009178421905,0.169965989308137,0.09336170756154727
4910,0.07487140038721216,0.9230617997739139,0.6884186801176939,0.18836668042487303,0.3780071659779094,0.5243929252858378,0.2273340828893251,-0.3093792160491462,-0.3785021485318014,-0.0350799200187335,-0.05310719633453265,0.09275212405206956,0.05338565796588368,-0.06744120556342592,0.42885474024450143,0.5872046058362992,0.2926265524205137,-0.12840398922576024,-0.6082768175714821,0.0006777044375793073,-0.08317174020252116,0.2075366212543751,0.17428540216353605,0.08023737867615477
4920,0.06918922118253103,0.9231385813604517,0.6900223473838916,0.1860949700539979,0.36372727956003015,0.5269868718819617,0.23558531155866336,-0.27800861545921274,-0.44096408889919725,-0.06539429937879948,-0.06993349480156397,0.10103401724770955,0.07154210766238756,-0.026922223087163966,0.38717611130287466,0.5900791426039662,0.28534485571393764,-0.11118472357240905,-0.7137567310834148,0.038325151366232824,-0.07221371453837855,0.20361555579965507,0.1570372961663138,0.08480286473556076
4930,0.07622386395911002,0.9207480998009453,0.6851121017989152,0.2038683875626337,0.3619615015802249,0.5471584739230095,0.2511047528930953,-0.31932709544233395,-0.4204087506581746,-0.017189006599620527,-0.06915737164381186,0.09955200483552251,0.072591478494613,-0.04471100686790552,0.391359593652549,0.595888579697625,0.29850838254171086,-0.1347309783036832,-0.6286914529952381,0.027142824737465543,-0.03893588793561964,0.2044798688753009,0.16813533448122941,0.0521015103127177
4940,0.07705932223502136,0.9227163384722019,0.6868194648904298,0.21130350364462513,0.3853091651948548,0.5351532502435445,0.2347034416729754,-0.29943844326922053,-0.40736043348532647,-0.024367128482985834,-0.06780364995348331,0.10240445704627887,0.05996572875430861,-0.0476345835869314,0.3714171209748506,0.5855979505853011,0.2743898040741338,-0.14025781544262506,-0.5539478996006268,-0.007267067252136883,-0.06446582469095463,0.2250249923510127,0.14845449652726606,0.09706470163058811
4950,0.08382976159158494,0.9177596556667523,0.6842237087952252,0.23058564907825374,0.3635213796630963,0.5218069446875356,0.241078194413041,-0.2847339131516551,-0.38096959363120075,-0.04421490274411055,-0.052552934644857885,0.11390263029325065,0.042013026185919955,-0.04461075277198545,0.4109407949321955,0.5853622095789521,0.31565673337493183,-0.15174791301447454,-0.6170035220309111,0.007208328049809087,-0.0439802459078813,0.22814990616258624,0.17522165449351546,0.14479132040727272
4960,0.0728367052501707,0.9194879665573353,0.6876341596753486,0.1958762967193105,0.3697804983814723,0.5405065244384815,0.2539458311634716,-0.29184429017432123,-0.3899118117242657,-0.0506234925726341,-0.056876595366678995,0.11113355602462871,0.0705791165176064,-0.030538884190234983,0.4295752304390965,0.5891109105707841,0.3007200390403757,-0.15887255671531375,-0.8392409688444169,0.006519299645060261,-0.03324788085830188,0.2315714322703072,0.16980767910618577,0.11160087638297145
4970,0.08299615991167483,0.918224248491791,0.683020765385317,0.21182688160391883,0.3694285686818243,0.5317169900287348,0.25737399505209646,-0.26740416419312574,-0.4201879965742761,-0.035631814052666355,-0.03915914841184831,0.055438619477113926,0.04941254714634147,-0.02665231128266843,0.4069765320324632,0.5651110800487079,0.295068303715492,-0.09702856916752078,-0.5878852051682257,0.02283653167756028,-0.05652185046080227,0.24440251226613785,0.16339081115702347,0.10040704456889038
4980,0.07975881442500037,0.9176449238484836,0.6851699251577857,0.21696034144481358,0.3795914910811031,0.537060111914186,0.2254496424851018,-0.30969904715691365,-0.43026126997295333,-0.03734776376674209,-0.007075183671495289,0.12400289821172916,0.07507146246640328,-0.03541713526184931,0.4065815633762734,0.5942817409746014,0.30246994192237553,-0.11464208867704273,-0.6788356641718452,0.029169870566761347,-0.061987103386718756,0.19888591339435335,0.15621728172065186,0.10445809943221429
4990,0.0827307345485664,0.9204261502212814,0.68550592649382,0.20027209658284928,0.3547328847310717,0.5343063846446918,0.21382949345872893,-0.2619626984172103,-0.2742714991717503,-0.04134736478564993,-0.05420683810714677,0.08908244828003165,0.05168080207441339,-0.04303992752258279,0.4090562139582825,0.5810321114206376,0.28509130182877074,-0.10338372158494491,-0.6289432950872389,-0.006250184404655412,-0.06963662559556694,0.21606752451667266,0.17340016968979488,0.1118361490106955
5000,0.07608352409357363,0.9213353069014448,0.6849159457587701,0.19543658394820995,0.37385663973776917,0.5242219903134847,0.24824517808078983,-0.2814937530170569,-0.37692309583467476,-0.05448529835445304,-0.06406002907992026,0.07803978573662029,0.06755740832120438,-0.03401859574369204,0.4125665755718225,0.5705473108865029,0.2610408512859034,-0.13720874516467374,-0.6721443957179292,0.043175049172240576,-0.06808742734503448,0.2205786171679096,0.17841328747579388,0.11249606852422955
