random_state,r2_global,rmse_global,mae_global,nematode_shannon_z_r2,macro_shannon_z_r2,earthworm_shannon_z_r2,orib_shannon_z_r2,meso_shannon_z_r2,coll_shannon_z_r2,bac_shannon_z_r2,fun_shannon_z_r2,euk_shannon_z_r2,oomy_shannon_z_r2,cerc_shannon_z_r2,macro_order_richness_z_r2,earthworm_richness_z_r2,orib_species_richness_z_r2,meso_species_richness_z_r2,coll_species_richness_z_r2,bac_asv_richness_z_r2,fun_asv_richness_z_r2,euk_asv_richness_z_r2,oomy_asv_richness_z_r2,cerc_asv_richness_z_r2
100,0.058699339646217125,0.92640676369249,0.7022785378125189,0.16221806221332258,0.18085470781050583,0.4551822260665157,0.18495813354458834,-0.17682876062702424,-0.35351041582780907,0.006511656095940399,-0.01566478687972017,0.13550963821928996,0.1013288805535586,-0.0021425373363725964,0.3614896350906357,0.5098934338799201,0.2215633574816115,-0.0753819745793638,-0.9712627135168086,-0.038057159879285374,-0.020246466010447994,0.24510791974799695,0.18423787344313336,0.13692542308037248
110,0.061435339332054015,0.9242981426775266,0.7014458409402865,0.12899270406939733,0.3125439332359785,0.483661765842457,0.1941339489631495,-0.16841878167451307,-0.45839643529760643,0.0015642897310326198,-0.04162282170221654,0.13869873366961094,0.08486733096062637,0.016758509478719374,0.4375091033061761,0.5215293193558179,0.20949420029132992,-0.11293454993810759,-0.9432171652298897,-0.02174305825681966,-0.023331379252165885,0.2315629721066208,0.18921511576429684,0.10927439054923993
120,0.06576402163177984,0.9263077608041042,0.6968227919669323,0.1362033607262534,0.20151354293149826,0.4722923847183781,0.14822483357763516,-0.3089352457563024,-0.27868432489528816,0.047851995469705866,-0.018841774061597594,0.14113867413432557,0.10496059168949756,-0.03494728020440396,0.3478253784319836,0.512975053252933,0.2227375931942681,-0.05905138280767819,-0.83115047686276,0.011044011905628426,-0.030453034289068537,0.2688681303420589,0.20482525699986498,0.12264716577044465
130,0.07632928844595123,0.9219218000683426,0.692142969830289,0.1536395262780933,0.3100112028585911,0.494231560694258,0.16748873674467613,-0.1741489032340633,-0.34050401452902546,0.015405101554672784,-0.028797261624951442,0.1408271865578974,0.08590829141374057,0.04381072931054519,0.40353509101524243,0.5342980610695645,0.16742341421563667,-0.11333940417990829,-0.7902798412025738,-0.03195347473380439,-0.02043888737434174,0.26328957504966155,0.194739084086762,0.1277692833943026
140,0.07268541922887711,0.923005668912372,0.6917388942444281,0.16402876168092428,0.30237384267656164,0.48946791254258226,0.15696846126322617,-0.19419297419848203,-0.7290317375982971,0.05249734936466954,-0.02767213716753214,0.131878788796567,0.11573259798279234,0.006499423983122865,0.412849224161704,0.531674954143722,0.17499441182506403,-0.11188221939284171,-0.49809231293380773,0.008948654076463836,-0.04108669696533007,0.26001489076408457,0.18691240435521894,0.13351020444600648
150,0.053191011008309044,0.9288917931741931,0.6966235851791902,0.16803737095871996,0.2880920657075797,0.4713281920017264,0.15491814991596253,-0.2732127412701886,-0.9559249041302127,0.0029907589392033085,-0.029576285029588423,0.14900784172041315,0.10468894982654708,-0.042596834319384325,0.4081942253147246,0.5192636159493496,0.24377066513735424,-0.06290337542437041,-0.508051871551708,-0.03553593941802036,-0.023471939460520286,0.24759878287742576,0.18027032525993714,0.11012417816953979
160,0.04997235529553255,0.9307664356434375,0.7002260712095844,0.15564726664273232,0.17761821980310177,0.48814608301666285,0.23952769612592928,-0.42247487761773206,-0.37188669711594824,-0.010188735345755484,-0.02336871657064976,0.14479609069690602,0.09749672749388749,0.003248966153995947,0.34806869244914973,0.5331450793055299,0.23103434556063762,-0.02853743558885191,-0.9817884883481867,-0.06468765071322413,-0.03674184063859509,0.3064617770150053,0.16116818944561118,0.1027347694359777
170,0.04417413982224877,0.9348476264708433,0.7022160102528933,0.15824300910518563,0.13768425319216182,0.4865667546606669,0.12075096590623358,-0.34371971188154116,-0.7439719055142024,0.0008327011228388415,-0.03588724320781411,0.15544357676611098,0.11535100217802652,0.01332514793178008,0.33446863728138365,0.5162357893182399,0.22060079808901412,-0.0745699490099534,-0.64166825326505,-0.013143317235177143,-0.02120228835061444,0.2559939851687717,0.18853713632540736,0.09778584768575571
180,0.05015752182138867,0.9261480691616601,0.6949892306389482,0.14191339804554404,0.28818289546002906,0.46857940500809225,0.1662051970876628,-0.1562739074844557,-1.199556710264742,0.06544799691504832,-0.027494600857711937,0.2007655593372858,0.10574781871119265,-0.011680949142600872,0.3788773699914162,0.5242538843146046,0.20932342815044158,-0.08789357735170111,-0.5663075804625488,0.019343628896169585,-0.03002437501798072,0.278037210221978,0.19853327703827628,0.0873285896531617
190,0.07591870657529938,0.9227533275824974,0.6928607248394257,0.12251262067010193,0.3076460077904566,0.47496072457818705,0.16446107907144314,-0.18722811008764761,-0.6766064140902175,0.01989791701010435,-0.0022191642733577766,0.12198255645394496,0.10726996922793908,0.029039638691773284,0.38834296646202704,0.526471820906308,0.2105950489890307,-0.1305318770835553,-0.41830950549188084,0.0013103728260595027,-0.02000408980807533,0.25846717617503756,0.22100304966520434,0.07523105039840394
200,0.07464056050130778,0.9216728841884241,0.6906981650063988,0.1474321095037855,0.2691322211404521,0.47959318451523913,0.1850920917864758,-0.27170339892027573,-0.36409187274185006,0.00856435188066973,-0.027113970406961396,0.1398060775689104,0.09748352664427362,-0.0011484075765872959,0.3875924612107884,0.5307875306734879,0.22477035735569018,-0.04253060262028674,-0.7733329595723137,-0.016851977210323277,-0.027935698845128698,0.26588741049245534,0.19500489212186067,0.1610144435271017
210,0.07202796321875568,0.9244598985865096,0.6828042613995685,0.14124633836739664,0.16658483874797692,0.48051471804898094,0.1743329671626872,-0.18368971489934416,-0.7857169469040126,0.06884630037436712,-0.01652106647652274,0.13802451956780137,0.07639163152512873,0.001804541585977315,0.33283480411192745,0.5308385049371073,0.2078578486310615,-0.011745786985896345,-0.3735436464899766,-0.012728193167970137,-0.04046304605820805,0.27571887796766914,0.1983879611093181,0.1436117764384004
220,0.07843428845792769,0.9189195808902201,0.6912995176551054,0.15399718265252993,0.31530909236376126,0.48871195030222236,0.1859962011140458,-0.13077585924813984,-0.32470887383748726,0.004610834721866963,-0.02490193247949435,0.1285417918478885,0.09445480713522891,0.013740739784975475,0.42060692307563763,0.5222255426569531,0.2009231866434804,-0.08152875399832316,-0.8555962777473798,-0.007255598900293814,-0.03154690115414316,0.24587207527521127,0.20361413117186655,0.12482979623607504
230,0.052889332252236756,0.9312034532314675,0.7030307976224573,0.14760093811792618,0.18456400810647433,0.4736628390054186,0.17135309547937572,-0.3305891258503797,-0.42456788371347787,-0.009873475571207768,-0.042501483688460295,0.15598003403170102,0.11351908066051009,-0.005833082087284502,0.33814305879723516,0.5411630498731386,0.20526651471599688,-0.052892552760343214,-0.8619699187783614,-0.03283379615030957,-0.04650912002218832,0.2765580007701387,0.204981128166572,0.105454668194497
240,0.09515637983829506,0.9143047139027378,0.6803494290022682,0.13822168573250748,0.3178222391052671,0.48780979248480716,0.1881984567996774,-0.23686871086838845,-0.2418563002038847,0.035004348486105896,-0.009553873119649614,0.13292726560299784,0.10902811569285342,-0.00019659605233401933,0.4417223817421554,0.5550004049106119,0.19489244866526934,0.020023131788668658,-0.7081293470188437,0.0042410806853466765,-0.040001929009988224,0.2823972462123212,0.19614397008425521,0.13145816488443995
250,0.0816350474688028,0.9196815602119176,0.6876711530024435,0.1446959792607706,0.3160859713902242,0.5027420608398308,0.2034442817994302,-0.1123753617179779,-0.6942220827518044,0.001429927927986907,-0.022485244014295303,0.15750759165735162,0.09874961172919039,-0.029866731030977478,0.407215793726293,0.5153655537645783,0.20158444782827378,-0.054793004638728826,-0.40342369456182214,-0.0190946480275358,-0.028223842783709374,0.24257007869025093,0.19468517454682344,0.09274413321070618
260,0.07796019721173565,0.9206740848487127,0.6986661295827374,0.16455019885945643,0.29337850136044974,0.5109126152996386,0.1576076819126223,-0.1808675755813245,-0.34603491385089513,0.04488697897383587,-0.03361085689168508,0.124650867854597,0.09451189100771462,-0.021840589153462542,0.39926301304599987,0.5415612270064274,0.220762154615875,-0.12531471252456572,-0.75564524093766,-0.004099406493165203,-0.05043752282374392,0.2565831777898726,0.19783129625580198,0.1485153557206591
270,0.07240451205220723,0.9223247772515961,0.6922915965154357,0.14557034412918002,0.30838222688014727,0.494177059288897,0.1824208952468772,-0.3762866683000634,-0.2703673686539032,0.07047658051130223,-0.032829820873951476,0.13670312682093932,0.11829597290370708,-0.020423720799214395,0.4128690060325082,0.5367836112077253,0.22209379318970235,-0.053536445190736304,-0.8792202165792158,-0.007955728683245678,-0.04017198509620834,0.27828935790937603,0.1811377096824146,0.1140870234701139
280,0.068560213022355,0.9266199497818152,0.6870120408745318,0.13457911074448203,0.1601790440153945,0.48496738821476637,0.18827411419623996,-0.17759849080548507,-0.6084010659832129,-0.0018289549769929803,-0.027004742275396953,0.17948835536077778,0.0822925765543766,0.0008964066705113849,0.3553698896990706,0.531571674010132,0.19780644733266628,-0.007422328947593204,-0.5151257322213603,-0.07055881926138308,-0.023076053564544008,0.24813634794076056,0.1780114198156355,0.12920788695061003
290,0.0629078993193743,0.9294721629805317,0.6993446895908135,0.16523859452087641,0.14505941694798796,0.4923696662671828,0.15392354707602307,-0.18778087450543435,-0.3316471305663773,0.034483451319583525,-0.028449193344491697,0.13386191488730925,0.07581099415318049,-0.014897439861484951,0.338398282570735,0.5361073540567896,0.16514688849932002,-0.1051861937375973,-0.7604195823427167,-0.019448366362199376,-0.043715940089185334,0.2593860579880768,0.20831703023360926,0.10450740799567304
300,0.06106036896428998,0.9263453120851797,0.6961767494557576,0.15223525806135818,0.16029182077566717,0.4739679011328569,0.1514322661294637,-0.1921629359384771,-0.8216262220800761,0.046887956363615646,-0.015378049303929942,0.18131603397979346,0.11048216366599894,-0.00751767694114025,0.34929743593266105,0.5043783839307379,0.2237267227886932,-0.07268047118596432,-0.536518929615349,0.0032188601859651778,-0.020191967754863205,0.2757094964788157,0.1945505465159254,0.12084915512833705
310,0.04222452648742761,0.9371555172239989,0.6981056908956859,0.1292839440171033,0.1439287598415463,0.4707949776975682,0.16621949839522454,-0.31701088303468605,-0.7577787822715887,-0.03116881345071243,-0.031836678541767194,0.1406279960047938,0.07032323802559692,-0.009125851432897125,0.3210756569863241,0.5394075458678251,0.2166389042453587,-0.08164064159270357,-0.5732527951452011,-0.06689110567310985,-0.026641517941646597,0.28136450287306536,0.1982307599578802,0.10416634140800574
320,0.0523560417991058,0.9300876248556282,0.6964970284130427,0.15556953609439972,0.14277018154427423,0.45454784229157086,0.17445350461028541,-0.17427901796501977,-0.9293718235693551,0.05496391327604755,-0.007482048006749453,0.10383346078695466,0.08166006847805507,0.000836228640130332,0.34485132140252617,0.5335291271215561,0.1945656455921988,-0.06942475169296847,-0.5045166193155262,-0.017635629530807773,-0.029216788541216676,0.2478906453923575,0.22348209989707124,0.11844998127543771
330,0.05174675240645733,0.9309398140576972,0.6947238356157486,0.1341763067816547,0.2642929021065624,0.48660608863120003,0.15525851396756774,-0.3405069023560745,-0.9027110287062523,0.00018782736982281278,-0.017279656357984896,0.12320422985089319,0.08307398858976334,0.010830052615415697,0.3542670660273861,0.5410890254090988,0.20301307102169652,-0.03598730221089674,-0.502430386910415,-0.01945830574648144,-0.024382454555067268,0.24324813518607258,0.19675206741872786,0.13343856240291452
340,0.04808436958955936,0.9310203226845521,0.6901871070190475,0.15285398951129237,0.14721309054806897,0.49175703641643587,0.16021510473751743,-0.32362736215429466,-0.9242708291948063,0.011833350038907287,-0.0082871779440159,0.12713763504032705,0.11110811823998645,-0.019007045277631196,0.3315185030674832,0.5206168399717229,0.23662206151933396,-0.054353646667266275,-0.5390105732602204,0.01964620295155206,-0.00935457720474031,0.27422442908158484,0.19940800274361792,0.10352860921589135
350,0.06228146841223671,0.9304993547479021,0.6901736802228016,0.14824676186112384,0.20781141959189953,0.4756664062645747,0.17992096145033176,-0.3958136870391975,-0.7300031713871353,0.01583550053796534,-0.04460629427734042,0.13406134998642438,0.10303930176867382,-0.017781087038221566,0.3561258194013215,0.5326977266485431,0.1839588578486756,-0.039190459988344584,-0.37774366669399484,-0.003615246866884414,-0.0212984867549868,0.28098126757064745,0.16580382016244988,0.15381374361044564
360,0.07298802182479938,0.9213029932815364,0.6899104086952951,0.15623325111998942,0.31135639426850337,0.47554229215497446,0.17924529659961963,-0.3479557460503553,-0.28133807388053644,0.07772584163242247,-0.027202739798455333,0.1540460852387373,0.09144109130948852,0.021365670729847963,0.4066675414817903,0.5179193592029511,0.2174214452098625,-0.07424379207533494,-0.9116177666203453,0.0065156124226595225,-0.031600882685549614,0.2764645909864075,0.22006828963935687,0.09469469743475267
370,0.06662132921332942,0.9242746622269029,0.689939432536229,0.16625142913173785,0.3018562653963798,0.4756375213996594,0.18332424083074939,-0.3113829591183557,-0.32375404884087255,0.046060474567809706,-0.028056048315712845,0.14085665825314753,0.11206659021022602,-0.014503523019181452,0.41133126167525835,0.5220646450765225,0.1704360734603021,-0.057299968445108096,-0.9133160794185544,0.009898119541514983,-0.03369710646154189,0.2604003099896901,0.20192175346009344,0.0789523041061535
380,0.05640210361366092,0.926452881211864,0.6925261427608748,0.1640038614906889,0.3000987770959397,0.47906340520874335,0.17126928801275532,-0.38790305045571105,-0.37427381478613486,-0.01176904790474853,-0.04369556242654071,0.15551219378269665,0.09024646169979966,-0.004231214006681139,0.41412383159706323,0.5379942127388939,0.2346043319661535,-0.07084514083885551,-1.0227900247020925,-0.012483869559494432,-0.024345732671295695,0.23753897614856545,0.23054116052643558,0.12178513297069848
390,0.07554791763604643,0.9211723807563593,0.6894310867826209,0.15297152197057895,0.3197368388107307,0.468716738169904,0.1885210155999566,-0.3548932615522957,-0.7528300459837793,0.04118653411875928,-0.02525327029102864,0.1719723629583495,0.11514009792679547,-0.010260306876192171,0.4608418204884164,0.5054452541867662,0.2177207596569941,-0.04565960904384614,-0.4496610010800475,0.010590534938010654,-0.023997553017244933,0.26547747965714785,0.23167196213021313,0.0990683975887866
400,0.08048965638472867,0.9179958403697563,0.6902432232850244,0.14690099214676178,0.29444157231033397,0.48823853097903325,0.1684627139795355,-0.10606263903272062,-0.35658261557478665,0.046098576058179686,-0.02228901309368836,0.1347713256239148,0.11757530030713215,-0.03529655400914189,0.4356676855042694,0.530621346274968,0.1820842610278497,-0.05772173587026308,-0.8254432506732994,0.02950401534750957,-0.018919479462040867,0.26728265760154046,0.1866485663738917,0.08430052826032264
410,0.07008316894402929,0.923589425785066,0.6903846984989485,0.1356593890373271,0.18986427585326837,0.4777037324918606,0.1898342536378652,-0.12342073114312413,-0.8099469408546893,0.03626469664559007,-0.03949607902892205,0.14259605142640086,0.11285271049781798,-0.0028959181911558662,0.3727918383980112,0.517829591146692,0.21035789226412815,-0.05276426295157277,-0.44825376347235,0.006900258149758809,-0.04192244149669633,0.2688291834032044,0.1938525040718707,0.13511030793933
420,0.08118376818423359,0.9185056439967447,0.6910789686752706,0.15356486724111884,0.3298593930088628,0.46469490857662044,0.15702850810743196,-0.1432238580546108,-0.34108977197954427,0.05172587020959185,-0.036017093162905134,0.13367125236695765,0.0962503076730824,-0.029451911498583838,0.439144951687107,0.5026943164108801,0.21218427738105838,-0.08605250586471302,-0.7905877781868667,0.02607959459782505,-0.02795008292324974,0.28698796573660434,0.19452627953427648,0.11081964100796193
430,0.06940853327875078,0.9254289348760327,0.6926729223460434,0.1575210832143784,0.19149225992880514,0.4855802954029501,0.1920825296303269,-0.3045451938141215,-0.33823934824066715,0.008508852652027166,-0.030645200061329314,0.17379914547376418,0.09789823576290657,-0.0009314411249399246,0.34039645222358095,0.5153858592739029,0.20205596231819034,-0.01475933535785412,-0.7494123336972549,-0.030064363528678584,-0.016886673556661735,0.268729737333706,0.19191605720476979,0.11769661781596508
440,0.055652569786731325,0.9298780937388648,0.7050912525700995,0.14683456845503873,0.11402052701472087,0.5028752693214794,0.15202799519503152,-0.1858281563974804,-0.3268644108675891,0.010386324698112182,-0.03129561936240832,0.16435009832888792,0.08423413457522189,-0.005334279791202601,0.34347891711565315,0.519515630552112,0.2125686904296784,-0.12476262240925795,-0.9265294524096237,-0.02214075564640572,-0.02735070735074996,0.2727846729593575,0.20724534925830906,0.0884877918524728
450,0.06445834568085324,0.924243483494444,0.6916152535525566,0.15439319481025404,0.29821099595716616,0.4443538601191166,0.1613587813125622,-0.15835632983730408,-0.8261651068574112,0.0539985427988503,-0.03423059978184395,0.11507448990667624,0.09906248842120946,6.069540902775561e-05,0.40142169591603827,0.5245172518681254,0.22034397435136643,-0.11636355421868982,-0.5507674929516007,0.007250064810468748,-0.033895678763955495,0.24409819542363254,0.20796450563406066,0.14129528497016852
460,0.05868440333756445,0.9265783281984646,0.696101068793599,0.15753687752938406,0.30511736619872,0.4724127602430227,0.17315408850352143,-0.37938021589163173,-0.3406376598458849,-0.004195138402450782,-0.016090748127842947,0.1230399705935099,0.09971786338069222,0.011607267745195826,0.4184228680504276,0.5355856188931094,0.22169198293435077,-0.07606551158978614,-0.9973204120147114,-0.02450282930645309,-0.032123839646464036,0.27615526663071155,0.19239526571643661,0.11585162849499664
470,0.07131753431567292,0.9222601001022922,0.6844963946466972,0.13868889949208096,0.17486062722463158,0.4687777002451605,0.18641714079490368,-0.18221711456152656,-0.3341530049516621,0.05464595542440942,-0.03622202277260844,0.11765813704159644,0.08643049933954294,0.036427164206560225,0.3480428382566566,0.5153539904222468,0.20777017985961088,0.017690615375795082,-0.8637193808623584,0.017031869417583723,-0.04010147581185408,0.23619089400326876,0.19185531352312557,0.1562393949619676
480,0.07183947148083572,0.9192447809211937,0.6958604389347236,0.13851801806171882,0.31735662197512493,0.4944445914907388,0.22110316284114084,-0.19627724170823102,-0.3694364716569072,0.05538985515429451,-0.026020329088089156,0.13791271872915822,0.1057551619770829,-0.012799991099641472,0.385829209084554,0.5381862891452613,0.23983832053528809,-0.11802901375356423,-0.9216741078875212,0.020571029922339723,-0.019116584613451115,0.24500068189520985,0.17450688062285802,0.09757009947018558
490,0.05706017793990611,0.929292308986884,0.6975279365508236,0.1288870058244127,0.1687896750033745,0.4454248102005688,0.18971928224813417,-0.2016278956379094,-0.7916002655253138,0.026110966530465518,-0.043755257343968124,0.1705412829869447,0.09094288276809814,0.007057620111141305,0.3670547991022951,0.5235215878228254,0.20930830614961327,-0.11682982806480058,-0.5240467906972948,0.005943647755005332,-0.039262808971428864,0.2523700901419045,0.20437182874687976,0.12534279758708067
500,0.06267085537743408,0.9270055063830146,0.6991182237889471,0.1507766607231089,0.1532357193383247,0.4774569227245804,0.1836466934046418,-0.18337208158828044,-0.30400007585779965,0.021365766498091077,-0.018544537465102318,0.14534686823745313,0.09581892505042999,0.008263563022958942,0.38287691359715514,0.5053814219472814,0.18789920389713777,-0.08299321409309646,-0.8994642759829481,-0.012087586973393405,-0.04267762088583682,0.2640014849544693,0.19027044904613377,0.0928867633308067
510,0.06258684010387801,0.9242017901118489,0.6870549329740235,0.12925139063798619,0.16803543711868318,0.4680545133992865,0.1930173934781234,-0.20188130497791312,-0.367348312288184,0.009808561025165918,-0.027852564797225643,0.15714219095868653,0.10002089573318862,0.010201055813374493,0.3416396779465546,0.5409530516461737,0.19191333796019105,0.017564053656547896,-1.0071510070463376,-0.015449207398595677,-0.00033959845401088096,0.2901975647691142,0.22049873567030942,0.09604777733031933
520,0.060650961274448294,0.9261997040453747,0.6969764697771202,0.1691884006396086,0.30687221915077256,0.4902108797290752,0.19289754575667628,-0.35654730419209923,-0.3828057113448806,-0.025983336519505018,-0.03190352818477282,0.159103033218557,0.09461280358683821,0.01090763478395329,0.3977730541551271,0.5343429892622235,0.22208760889025547,-0.03672173872311579,-0.9216381423321574,-0.035977934090940744,-0.028663004495786737,0.2567462946656779,0.1778782716413051,0.08129015116660254
530,0.07349510085896108,0.9234664769605098,0.6996892395740586,0.14346587713160386,0.13511153445407864,0.48621289495374587,0.18471622998572468,-0.14786478958983396,-0.31892618306228826,0.030949311384066203,-0.017086101670804377,0.16566289049830463,0.08626219587128703,0.04077400839706158,0.344213132594955,0.5127671612476512,0.22587869009342276,-0.07279114710908674,-0.7512166739275512,-0.021664035748673705,-0.03611824356685989,0.26066848754803196,0.16101100373928523,0.1313708748140623
540,0.042535587644421946,0.9342421209560606,0.6921466320256251,0.15338494808369152,0.3146613035398772,0.44804762549881905,0.17601492719672418,-0.36383682984210397,-0.9490733080040896,-0.008261046395632299,-0.01899791127607986,0.11446381251718651,0.0815031128044853,-0.00455695073931639,0.40877610495029926,0.5244710238709757,0.1818587187183317,-0.028049226056829024,-0.5717482264540312,-0.06259855617564014,-0.040021071739827274,0.23929344240215633,0.19456964342156247,0.10334580421230177
550,0.046940535183485635,0.9304908625096122,0.6984774472425456,0.1365349984136388,0.2950551041989522,0.47271330113011145,0.15746202889730299,-0.18596710962061436,-1.0082457027117795,0.02723366446012221,-0.01928087044441007,0.12086016842860858,0.0883075520502834,-0.00684408374990797,0.40603040623968767,0.5299830454503057,0.1705997405918087,-0.1334136569759592,-0.5986934942861659,-0.023418258294662042,-0.009450396816389706,0.24769820194428904,0.21080002188195757,0.10778657806601855
560,0.08651218789196244,0.9163309794738038,0.6852788237385841,0.15820603165844793,0.28989042626248807,0.44943599153664493,0.18802813560649945,-0.10090185551120179,-0.7104979867957235,0.07115310450145895,-0.01692818835586185,0.15455173902623243,0.09525470029571836,-0.043518302896321304,0.39830410397562743,0.5231242200391915,0.1830760828358381,-0.02828108319760303,-0.4239718413185918,0.04629240555097913,-0.030490094919443766,0.23917395981598122,0.21623328340275028,0.15862111421810055
570,0.08318156560067055,0.9180534373195693,0.6894671648662273,0.14461458799798144,0.2906086267714322,0.48087672852648655,0.19387830192281963,-0.12551002850168902,-0.3273633775719975,0.05362003808032545,-0.0513054867734839,0.15643259290269762,0.12177938701234325,0.015887982294970127,0.40551083410586153,0.5300805456368842,0.17246082780552485,-0.07420055644653711,-0.8009635298088911,0.013115335669307338,-0.041215548537648417,0.28450370170132755,0.1795565329555504,0.12444538187081666
580,0.06336479216360032,0.9223766301534779,0.6906646946625197,0.13957556882695743,0.321486678241525,0.4889833867232385,0.19667476900936143,-0.14185704532574905,-0.9724454082007319,0.061901794942061605,-0.044983874145291924,0.1804608171473594,0.09350523983088577,-0.023820545456600284,0.4415104272362227,0.5403082720305343,0.20496687607411568,-0.0686275817176214,-0.5777729077281046,0.01931884885490054,-0.04797261882949333,0.2489944830735863,0.1739466340805007,0.09650682076795014
590,0.062064595994132374,0.9245281101444659,0.6951182214637317,0.12646545179185242,0.2906083177137786,0.44822481166765593,0.19679100583831988,-0.17025387983117257,-0.8354031606103611,0.03294394811846735,-0.04941378320156464,0.16347214631999907,0.10229892726188494,-0.003679794204215492,0.3870481711671352,0.5214444817463311,0.2417176329756615,-0.09084319232303661,-0.5689847744711825,-0.007368336890762661,-0.011671780059617776,0.23384935557411501,0.18205218348239305,0.11405878381109902
600,0.07038047375518566,0.9244705933293312,0.6963196389539521,0.1391410429407498,0.2921062045282383,0.48474122516152474,0.1638566892722504,-0.3963385776788031,-0.2861859556476607,0.004437725704879658,-0.04118025327645736,0.16094428760890855,0.08393577937956676,0.000943246759243066,0.41418288804155634,0.5347855064662344,0.2237113414986509,-0.04356438502484972,-0.8182141134108061,-0.008023065215282177,-0.027811789981537993,0.25095632117318034,0.2072344664408775,0.1383313641184355
610,0.057767881345969455,0.9301855841249214,0.7001489202340553,0.13896202910625022,0.13782450291990622,0.46445112591687954,0.21543407934269077,-0.1599819964701834,-0.7850627136316324,-0.02598710474576338,-0.02882075050317079,0.1513949940940844,0.09437469737363746,-0.0029895866475260213,0.3442658103595143,0.5278030250777893,0.2214404759132773,-0.1021477319086952,-0.4735185542773088,-0.07318518404973662,-0.041917844990944975,0.2894937889681356,0.2068751260105154,0.11441732040763963
620,0.06385361989903611,0.9268384309875528,0.6910697050154231,0.1448716549133111,0.16396733634215832,0.4528176776129954,0.18544741078717153,-0.3044975134180161,-0.3691712444499451,0.06798595371847815,-0.05721242090000578,0.17153631730100438,0.09331902509709777,-0.01804848230616285,0.35713280833740246,0.5267134995215342,0.2177905886567566,-0.03142068742795234,-0.7975488440372913,0.026965115273831275,-0.04264912474381877,0.2550383478438344,0.15575382911818147,0.14213477063919344
630,0.06172174715962382,0.926880151202372,0.6970978711938565,0.15498347324239126,0.18215796845437282,0.4834879894492007,0.188392301013939,-0.4034633435043833,-0.2863454041263882,0.013892330684397103,-0.013404584490645854,0.15894459240340064,0.09816901054223448,0.027412128451395623,0.3566055034838993,0.5437334915150098,0.21322432696122773,-0.038175832580264135,-0.9453773652092772,-0.03521804005449458,-0.014992247293817762,0.30017102691793496,0.2022682990755601,0.1096910654164075
640,0.07210443007017668,0.9221574769999373,0.6912174004173929,0.1445489355702092,0.2970593918568081,0.46628945104554087,0.19771411290489627,-0.1839795778274702,-0.8515249256675488,0.021180040289708435,-0.03757050720692412,0.1890556507652672,0.11466250281581725,-0.002909664726190142,0.39778963875770523,0.538994814564963,0.20215183503554102,-0.09680651866305001,-0.4371384157814253,-0.011230846819443752,-0.03573132186625849,0.2590160414561852,0.1987035434135358,0.14391885155584394
650,0.06018382041888921,0.9270436803373504,0.6962522159859263,0.14748968362548376,0.16837281655569913,0.46221248315961794,0.1936181381957378,-0.15859624924361793,-0.7837418883565481,0.04673478425296129,-0.025276525754051482,0.17475559773727378,0.06501406456464953,0.022917466161655575,0.30443844703602263,0.5240933126794154,0.23193538238353595,-0.08055810028091037,-0.5462238168652003,-0.016546180677380784,-0.05184700863854186,0.24733707389698245,0.19795772483158203,0.1397730235323068
660,0.05854170894708949,0.9268797035648851,0.692453762593406,0.14190917271055503,0.1410657822858925,0.47397302571014877,0.17610696398591352,-0.32418834591671963,-0.3895010655413331,0.05808459723837733,-0.011289733499991517,0.1462185770972605,0.08604270309162398,-0.004906175472388696,0.34030115429976127,0.5330006209183595,0.21087032923727356,-0.013778884738319785,-0.9304855871224418,-0.016518439510644356,-0.005560054903057887,0.2720010250334216,0.22597888479721595,0.12005133818797242
670,0.07372133223520946,0.9202728176468833,0.6888932055073556,0.15767789642182406,0.16114243278003093,0.4804859460748643,0.22006505686043165,-0.24686497493538218,-0.3088470062757187,0.054744413318435936,-0.030934875054462685,0.17729147415254132,0.09751251378898196,0.007387366779140203,0.36191080120195607,0.5147822150003083,0.21656445841019623,-0.027919558549012846,-0.9049140048649953,0.017671396043997922,-0.020829314755075767,0.2800814669594861,0.2032411085147765,0.13789916506707445
680,0.0635434284311974,0.9248120225178194,0.6987825840539958,0.14923605676334095,0.14736101823974823,0.484260218504479,0.1686383887165709,-0.15069204506399858,-0.3573072804465631,0.04138462990806857,-0.020410352231073015,0.114399273765603,0.11224742144659072,0.013052200877647246,0.3424532278752562,0.5169635988245476,0.21446234356454963,-0.06205045534319176,-0.9276111588068128,0.009092970789760124,-0.04704504789424879,0.2615726461805855,0.20831046665142083,0.11609387473286481
690,0.08113622055155716,0.9183862720922958,0.6890172736651146,0.14672573485723328,0.3045713065801886,0.4936567523207247,0.2061093377536335,-0.1700371650836261,-0.8381292108573413,0.04704335221570166,-0.03397688244179964,0.16776319335207834,0.09069384713886441,0.026126236809366765,0.4291138401853968,0.5494378499689058,0.21052736798011595,-0.0906500215413184,-0.3878536461032318,-0.006100778547848851,-0.03009947761002363,0.24325729685156583,0.20855564764793577,0.1371260501061784
700,0.07820033038772951,0.9193734270977139,0.6954951903363668,0.14024731357115705,0.19412466570239129,0.5149668016543767,0.1629957978049219,-0.1647199442260645,-0.3101578972954233,0.05783121368711086,-0.012282932134730196,0.15842622478927448,0.09617845361972854,-0.012150328788192333,0.36872104545348194,0.5336080446955132,0.2447507857050546,-0.07594796007281368,-0.8199959861555584,0.008031655538831117,-0.012990879493598229,0.2773057941066518,0.19368215232353814,0.0995829176566686
710,0.04501054631247557,0.93240652384948,0.699723356285692,0.12828077394788662,0.13695565444736646,0.5023879159650382,0.18938358773462227,-0.3149760825049328,-0.41046629897053344,0.03942120088977796,-0.03687551802301381,0.15285817300859839,0.1378670200736435,-0.029565237541978817,0.3251447026566907,0.5206830290818574,0.22536869651700198,-0.07538606668808812,-0.9811322847673165,-0.04093769784428991,-0.030443422049011515,0.2506545535627829,0.1627475796078507,0.0932511934580349
720,0.0805783355098756,0.9219664610638996,0.686571575927609,0.16861775576489768,0.3106634785552309,0.47507121284628384,0.18682627366301907,-0.3223635803833045,-0.3214852375562438,0.05216686066907872,-0.045986764873467534,0.13435295791787383,0.10073999020396451,-0.0029324225218394506,0.4179922027050643,0.5296811077329509,0.20044136630888776,-0.03980379724759109,-0.6357151651231714,-0.004468556550793812,-0.025218827135157884,0.2577873530504846,0.1822036544213762,0.07357518325984491
730,0.05991953006647279,0.9257648805782185,0.6877777203985513,0.12930757603174747,0.2780259179454688,0.4555096014510497,0.17942585808107026,-0.20368623073504133,-0.3208982280437269,0.008690820405684918,-0.0201797200222944,0.1365336700139389,0.08293254028925778,-0.0017971889244998707,0.38012564874639954,0.5368392008311138,0.18034367456232447,-0.012535319693899538,-1.038120989985929,-0.027748270083132853,-0.03393080958206185,0.2439373900707419,0.20273849542320166,0.10279649461451512
740,0.06589670342669873,0.9256976443125646,0.6957642448572634,0.12496477626914693,0.15966599784161406,0.46840648300399645,0.17647288652893545,-0.12646497711006544,-0.35152027301020383,0.012451002759108931,-0.02417340964107262,0.1677462738380986,0.07254058826740861,0.007698911066455594,0.3384071717310593,0.5270536355477511,0.18284843290760855,-0.04928650705873827,-0.8372578044820054,-0.009356559914393436,-0.007423352816013917,0.2512511531499574,0.20319254598604064,0.09661379709598472
750,0.04204249507313759,0.9343420351031634,0.692382419472495,0.16496969981116616,0.1423564164805462,0.4828491027673185,0.1692647259758513,-0.3299013960382777,-0.9375880356306219,0.018247841490049765,-0.03593878710580545,0.12029126932394141,0.10211896976445334,-0.03293023526010064,0.34326356094585886,0.5394876503270492,0.20975226912762945,-0.06261434640120322,-0.5617073862499524,0.003328900461702644,-0.030833911427774474,0.28019845175751235,0.20934969476698073,0.0889279416495653
760,0.0630986428033961,0.9256065773739552,0.6933808339705867,0.1534024504057634,0.29000952696907556,0.4660387959046265,0.19912690025074042,-0.193476961098078,-0.7728674492721297,0.014623385280744139,-0.029808626435981367,0.12393973888257848,0.11543957512346714,-0.028196387194178607,0.40901542441468797,0.5127438272010969,0.2074784809204161,-0.0812788119759642,-0.5495844757658601,-0.024046418153686133,-0.0422270300531693,0.2388873533617617,0.20372058284055783,0.11213161726484944
770,0.07084111292962249,0.9230649345667653,0.6842580871412991,0.14375017097512155,0.3334273292708976,0.46991893719756306,0.18719029084988525,-0.2189722285145994,-0.7749787049134036,0.0007973542120331967,-0.020585511174680216,0.12098218758807278,0.09424740845315294,-0.00950277883314743,0.43516945814472896,0.5139474097158061,0.18795599929608287,0.03225270266752289,-0.5012510837341497,-0.04373062030600816,-0.014700179037006489,0.25075792606848046,0.1739266859812989,0.12706061761442045
780,0.06856520040953751,0.9222554968785188,0.6883927330540076,0.1741949650991319,0.30437884421869565,0.4830879143757669,0.17553062596685642,-0.12152189603249663,-0.8768564316978902,0.05814973151981484,-0.051461708891696656,0.1311985958546148,0.11155111216052893,0.0034596798379319393,0.4106510174813167,0.49236086881095176,0.2007059880120623,-0.07242296095807355,-0.5269177228690691,0.00047130808117878953,-0.006402221125035412,0.28766055836752646,0.17700842778579795,0.08504251260237383
790,0.059807083616419676,0.9264211316918051,0.6928087700544309,0.14824306864702652,0.11936345722804143,0.4928404341670488,0.20549543060260722,-0.10969861249574153,-0.8866434666312188,0.00614190742672871,-0.04848937192752123,0.15891451894499065,0.09374209035616199,0.03425902568728578,0.32683024011993556,0.510860501630952,0.19848393675786635,-0.01691243096504169,-0.5403068512117379,-0.015325210161679426,-0.004649731641595878,0.2739126042887482,0.2170754034341722,0.0918118116877844
800,0.07699958191346512,0.9219888832766677,0.6899117646662669,0.1287380286644414,0.16924078111520757,0.4817555554050088,0.17830852541052733,-0.11753486161456062,-0.32610692154972254,0.05564670353484513,-0.03645437583249489,0.13578111772614998,0.06620839207646234,-0.019304876067294918,0.37643480754126857,0.5361032892389959,0.2088467032980037,-0.03323388970496666,-0.7200500294986685,0.012975191560765098,-0.024100312198582774,0.2351516607939812,0.1852488780771555,0.1233368522062458
810,0.07639364078116942,0.9191387710616181,0.6861909933711676,0.13517343156645822,0.30452546078227094,0.4730340826713826,0.1875462196475013,-0.1838978314449633,-0.3725124899861727,-0.007195307151971697,0.0035391146911090132,0.1303481822971867,0.10878707373177343,0.014278651727175795,0.4246478537185704,0.5168311606234052,0.20484113933826065,0.020614223716456936,-0.868605580461429,-0.014094945565396033,-0.03213247232248806,0.27695434712404254,0.17609804636985504,0.1054860953315292
820,0.052369978721466925,0.9325227616316956,0.7012349789385789,0.1648144248854686,0.11356073457164506,0.4484808353382522,0.16879723062693297,-0.22704678043339532,-0.724323813122395,-0.015889199313637414,-0.018871842996135424,0.18214745820682343,0.09132409675735176,0.0027828396045119774,0.31379675582709743,0.5112730523313962,0.23440633731221583,-0.11420804198264034,-0.5186018629441538,-0.04334093165139752,-0.021160788022789534,0.24871011427532208,0.18784646313951647,0.11527247074081559
830,0.0778519572159045,0.919613044709935,0.6998627573563658,0.15791978438150645,0.30888924048735367,0.49253959392959623,0.16116455491388149,-0.1843447404406613,-0.387770433481079,0.06829273742298159,-0.04978677513349816,0.17569328512954585,0.10087291755260108,0.0018105563947825587,0.411617718529915,0.5168905373252822,0.1970286272382874,-0.12533762076400845,-0.7820080986669233,0.017095879334507402,-0.02888883110087659,0.22932965260016702,0.21261384952709805,0.14126866635353552
840,0.05845735783059759,0.9275182471157413,0.6967511483644884,0.15237167965093645,0.12759466827277455,0.5001232613685727,0.19103350845508382,-0.4292767402261335,-0.31933318382440645,0.03766988057300602,-0.0037911045779970287,0.18259651557292955,0.10859908562896625,0.010375834434593556,0.32495881141142924,0.5525771490737511,0.22238130378884924,-0.05404531618169184,-0.9255476868067858,0.013052743839604197,-0.03507598337240858,0.25324600103070016,0.1947580390834679,0.12333604724730785
850,0.05705125548690844,0.9272292525664937,0.6916914018251444,0.1421500268834921,0.3132247736719391,0.45527221311103605,0.17194858172912098,-0.2432345746603104,-0.9228971954198877,-0.0026541005371201187,-0.01822997275567606,0.15388681372573132,0.0822345967345558,-0.011927457318911427,0.44250859376446106,0.520437649730865,0.21665532805144572,-0.0606365693005797,-0.5120339187866472,-0.028565919521263528,-0.0090452465101718,0.2043179653119208,0.18611488022699085,0.11854989709408614
860,0.07137662594406596,0.9227899859262902,0.6874286169700867,0.13559048314762756,0.3135607422325637,0.48408833306477184,0.19753660892814873,-0.2472977467826014,-0.6440106470378566,0.012346781365975112,-0.028626772023689906,0.15913021689048246,0.11182022508158507,0.0014348405263610031,0.4137722514451977,0.5172611011648134,0.2025901449179207,-0.0326895772368434,-0.5794745589331611,-0.02833932363684366,-0.023219719175833653,0.23570929588252076,0.18362429982387019,0.11410216518037686
870,0.0752582377760057,0.9244184656622871,0.6960506224432778,0.14670909497309192,0.28146320125010926,0.4422498917678993,0.14410058294616035,-0.1704083953925668,-0.6271174351482023,-0.012588680382982664,-0.027643874430275828,0.17216039384630577,0.11055810211305428,0.02532647363735896,0.39081258474600866,0.5164807650871194,0.20274257730874679,-0.09959725085224402,-0.433456907484409,-0.04336457173853536,-0.02984394594571471,0.2522740871961877,0.20959854248952303,0.12996775730948495
880,0.07318493187323627,0.9247630536190748,0.6840509474773788,0.1469370880830141,0.28912467171504386,0.46790809297789704,0.17772091119955857,-0.2723665976175811,-0.6458729356082027,0.014643891171486012,-0.029100044101844746,0.1515644403259232,0.09399963193467542,-0.011615432493024214,0.42190938729120453,0.5300223276046903,0.18261145701885395,-0.011246809426476156,-0.46928959500854783,-0.03409716486823555,-0.0310496486916072,0.2804145659049093,0.1939749601972648,0.09069037172895988
890,0.06968462754872215,0.9231824755075115,0.6970614184384052,0.14841900618081316,0.31210877281805915,0.4363410960570506,0.18384365100346356,-0.16540100412782244,-0.34125077755842637,0.023871339905643385,-0.019451852317595053,0.12527211584643927,0.10444911590722405,0.013635817514161763,0.41894926352771766,0.5154880095156649,0.15532737790491458,-0.09334786283299201,-0.87646727783384,0.008573810787572356,-0.0151171313860603,0.24614351758421815,0.19949816126767628,0.08249202875928219
900,0.07143972972451788,0.9199900083667769,0.6951563697941218,0.13572963731986476,0.30692306268541736,0.4897904741362228,0.1803758550111353,-0.1784046888669777,-0.38266954690207533,0.03877219737344495,-0.03669320623170158,0.14635995703381677,0.11262147218238705,0.04522794802622321,0.417886158890978,0.5332467226844549,0.23715237954546398,-0.10608742168341379,-0.9600070640110014,-0.019017288796100873,-0.01885028709999892,0.28777405409813395,0.19205760856169718,0.07804630025690507
910,0.07583358331601939,0.920615863607298,0.6938096947262961,0.13537263062484106,0.27305444029146886,0.4741279637504794,0.1880990236127772,-0.10499957931722625,-0.3234765874449541,0.007006256543477529,-0.021394710010624207,0.1629984734524237,0.09309238341311954,-0.02387173746152227,0.38572233676556034,0.5349661083957875,0.18773508454768528,-0.040520721407202975,-0.841993128795222,-0.0260720773729739,-0.012244566802570578,0.2490919276929615,0.20113410303352997,0.09467762612459174
920,0.07685757477799574,0.9210954702128253,0.6843766007640439,0.15843637986147108,0.2995420337877821,0.4817212175773158,0.18440111370706758,-0.20662970287794247,-0.26011508251285176,-0.000936800730551024,-0.03282834254347122,0.1303581152847968,0.10414110653508124,-0.002218650538878597,0.39541464729751497,0.518457069929871,0.18128467512769342,0.0023856738869489913,-0.849054459570393,-0.018613914184602676,-0.03059918802308359,0.24706700144091098,0.20442521393653712,0.1073709629466939
930,0.06811590191361926,0.922760576853826,0.6917976022122898,0.14257064231848626,0.18860029828597313,0.487938899690766,0.20479625628495313,-0.09410845681636437,-0.3405491144321675,0.05739744678456116,-0.05808129171563903,0.11497569861200785,0.09485394627173016,0.018292822015454235,0.3395699171707468,0.5266070838502868,0.19340634053767902,-0.07158478452343786,-0.9294235531318216,0.011387458948203366,-0.02737827191726261,0.25051331006116073,0.19611768850915157,0.12453160338153746
940,0.0562796205401389,0.9281787992720892,0.6992738869665361,0.1456242706248725,0.18098523118726828,0.4800299453737692,0.16050868110607885,-0.1423848813137023,-0.42752405171786223,-0.002253395059919061,-0.03203950260810995,0.1337803364331711,0.10207719998206743,-0.01758811888905676,0.3346832142934336,0.5255971098979375,0.1849152957053184,-0.044251184062277904,-0.9336187731129117,-0.028670137039439325,-0.03054989206697445,0.2705133259653033,0.1977123120949681,0.12432504454898241
950,0.07280528252172366,0.9209612281735706,0.6867711805673586,0.14683369376036737,0.3125666901385957,0.45758609531841754,0.19382284396337635,-0.26742898200985254,-0.32288031381418536,0.06245759831576336,-0.016682807470280947,0.14535776992843985,0.09369885746746076,-0.004366543434251247,0.4106203621912783,0.5205361856296369,0.19186939917286183,-0.0445148848581709,-0.8975680574804983,0.028068925221015006,-0.025826334787392824,0.2705119192978326,0.16573416743270275,0.10851434897308077
960,0.0490908941116822,0.9330420412472955,0.6956795846690291,0.14791760957768052,0.18428580416346196,0.47008147068060613,0.1509606763070862,-0.33323457898405384,-0.904450789053947,0.0013224950184589357,-0.023504043595791613,0.1521632145665588,0.11305857730074509,0.02975721650303509,0.35807570777578,0.5125886720843487,0.18022242057120808,-0.04244248280296592,-0.47215983916462867,-0.02503826427062905,-0.018448557950521582,0.21977170140981472,0.1796551500974196,0.1503266161116601
970,0.0712457950704651,0.9249720611129718,0.6964252380165771,0.12356079368781447,0.2832321100698115,0.46441064008054667,0.2165398871615123,-0.32985616707467313,-0.22271318681095553,0.06076643821986505,-0.058033642791089246,0.11679924121439378,0.10042596396242609,0.02934261511002323,0.3829456076086123,0.5038231171997446,0.21552709214033516,-0.014517262371674278,-0.8045329440051487,-0.03195725564667029,-0.031021626032220917,0.24232782673962494,0.17232786396791966,0.07676458404956965
980,0.07047025231116172,0.9252099816908977,0.6964859814817476,0.12837664942125793,0.1617624675495648,0.4836318326237631,0.15902843330650496,-0.15012386688096746,-0.27816539135210716,0.014317386312260871,-0.0390280660272575,0.15805647621607388,0.0987398526096177,0.001418361074159158,0.33970706150832086,0.5324986268890088,0.17965964301062742,-0.04098193524443805,-0.809429624048801,-0.02354160330396482,-0.014532282163888688,0.25140593360029084,0.20160309354909378,0.12547224988527683
990,0.0770965977760911,0.9202240391588528,0.6879501604249716,0.14753400850899268,0.17931822133778208,0.49071922173353744,0.21797394082712562,-0.1656613277319423,-0.3231307031030759,0.008580169597836473,-0.01904818149482601,0.1515249758229823,0.09610872582231,-0.013304518436227486,0.3697952628571066,0.5276225578886928,0.21351229620834933,0.006580331098228198,-0.7863274009234473,-0.006535323210378863,-0.018875958639998913,0.23279572519444236,0.18815706071959526,0.12168946922082846
1000,0.06653302219813614,0.9230639496726817,0.6904836990723856,0.13522088482140115,0.17235496946128737,0.4846995467909242,0.20677198081285075,-0.26099848508175594,-0.3799364983357254,0.02154465849208942,-0.0072595118443894435,0.16139082574078223,0.09111982119314321,0.0035543587823940737,0.3310357480511833,0.5361561520919569,0.21968424962109268,0.025677479105854495,-0.8827956710750744,0.009587708491350155,-0.020385568985544555,0.24276395751307012,0.2033161521288882,0.1036907083850801
1010,0.06818051744293892,0.925897871750239,0.6876208173544244,0.13463025548429508,0.17344405359752002,0.4536774432917706,0.14894082556036659,-0.2424177897114559,-0.655028979490454,0.05150908479452132,-0.022048666431733643,0.14253960896706908,0.1337222865008486,0.0278910270066155,0.3670168328910578,0.5230164583005226,0.2130390212923554,-0.04886042399238577,-0.5084718147174587,0.021780957495895037,-0.02582804950524098,0.2754342812160432,0.1542018024384747,0.11360265131309089
1020,0.07141654435165867,0.9237536802713447,0.6878925258193035,0.13542531230869126,0.31488052126640365,0.48198893349128513,0.18351806974986218,-0.33157342755953545,-0.7448082739277335,0.026313656943539376,-0.009071432916698319,0.16030657645064073,0.12572368939125855,0.0020693213140718925,0.3992269655659756,0.5227834372873388,0.18333765542629998,-0.050083232990286275,-0.441712062922899,0.004180820336819546,-0.015429620861904247,0.25464575720974336,0.18449605144111447,0.11352871438084433
1030,0.06724815562400448,0.926334088192564,0.6923283654129408,0.1376430185305344,0.12204874993308745,0.4849389196922733,0.18884371964608337,-0.10393436517173593,-0.710292917666747,0.014696679313953687,-0.05389341392966451,0.14386476401643367,0.11438952016703463,0.012026571605695535,0.3429513782618475,0.5258893112030544,0.17989981857375348,-0.054359574636074104,-0.4829032148642769,-0.016645181059574687,-0.014429595218034663,0.24919046717474647,0.18741210941373998,0.14487450311796413
1040,0.07196267347856115,0.9253473015181308,0.6915929677587456,0.129019029234543,0.13376738194755877,0.4806430302919168,0.19593064088830647,-0.2864415475814104,-0.29295980048913783,0.043333009249377885,-0.035791186325949687,0.16641369767682435,0.13672247513373192,-0.039343053424925056,0.3517688244689483,0.510843667766709,0.21397332465591812,-0.027983040903158063,-0.6765916629088551,0.006317692136554975,-0.03319501608618358,0.24271349436302325,0.19803339698219058,0.09404178597380086
1050,0.07142854236524228,0.9257941323143166,0.6989297041819756,0.1320326864858652,0.1632659938743949,0.5060515726952937,0.19217795542013427,-0.14519816208432346,-0.28723376525123223,-0.004497680067540255,-0.03144650201034693,0.13606775653693148,0.06150740941686883,0.0229293110448211,0.3420182825479363,0.5556567293519329,0.20175986861561657,-0.08498723816102038,-0.73659486657332,-0.04428419143843265,-0.02309796074864434,0.2611679094414471,0.17392336280912524,0.10878091776458043
1060,0.07887138808688499,0.919034069822461,0.690589486064054,0.14680949913587693,0.2975357615085146,0.4836228319453052,0.1806464012747636,-0.10099048174093261,-0.4037367946569026,0.06830396374441261,-0.033323640158397616,0.1715492432712895,0.08453023172657537,-0.03218768686395301,0.42784461294582876,0.5281532269878386,0.16826294308508272,-0.053739599023286955,-0.8039963822422425,0.016285442760846314,-0.04703868693403557,0.2695625959270407,0.19268309078988466,0.09552257634107608
1070,0.07224184481581368,0.9243587544654119,0.6974563262177376,0.13910674899979458,0.11632183765787907,0.4820465388948094,0.20817077647874327,-0.149374209106649,-0.29316253461783126,0.048491455170290854,-0.013608677014552262,0.18804974047153888,0.09346592944065024,-0.010982560272079889,0.3371381554398486,0.5360414324937005,0.18175511907721298,-0.15536994977645047,-0.7362662654395935,0.009125474098829578,-0.033338545628512906,0.23557623171859243,0.21391858817305598,0.11997345487281008
1080,0.08076506770002434,0.925295216099217,0.6857032671752259,0.16117315301839175,0.305194773891019,0.4862074790318437,0.1742134718473487,-0.3990174015660113,-0.5353233993112274,-0.025087446769984423,-0.026006335993184804,0.16619210503282322,0.1116766737035566,0.04759602041708977,0.39955028776761026,0.5310143973709824,0.16527640463837356,-0.0594513096720084,-0.3178323270259644,-0.03742432724109701,-0.03871354189714049,0.2605603328038324,0.1991817177184525,0.1270856939358055
1090,0.07123180829160354,0.9219805967508015,0.6871796648597301,0.13867754234588592,0.292872698298829,0.4491213498311497,0.18575576189886722,-0.22597428291030508,-0.3594805367534326,0.039901010849862195,-0.05046464693014863,0.17683439862888928,0.06829905524547586,0.01413402309406242,0.41853349178560684,0.5186226187632623,0.18700890481726284,-0.008903123699603332,-0.9043316131864627,-0.00731365090123437,-0.030679672860921547,0.2613634995704832,0.20877573083228473,0.12311541540386117
1100,0.08521926725854706,0.9160643802915722,0.6864841407671197,0.1468554051876001,0.3033462270192361,0.46785269366113214,0.16921046656369754,-0.08448074021126395,-0.3481916423601039,0.06414542822929725,-0.021025995403133768,0.13708830467952637,0.11648365507516645,0.00556512819994992,0.42820346291006384,0.5238626659196732,0.17925962462483314,-0.013520235116287083,-0.8308958901089019,0.008968190589105585,-0.020444548014029396,0.29246501371135925,0.17236990940981234,0.09248748786275474
1110,0.07062724364037809,0.9218630469016713,0.6816874207154091,0.1553681613619493,0.3209930128573081,0.47942049502453155,0.18943583338679426,-0.24224547311955802,-0.7838180078223516,0.02236062922694837,-0.040119217997103496,0.1846142461706386,0.08411088896079666,-0.02788464136166935,0.4286634573480226,0.5124626631760916,0.1959752431596855,0.005346307724142463,-0.5477277058692616,0.009392111310904228,-0.021977065696358933,0.25016252633315617,0.19815668923087837,0.1104819630423951
1120,0.059967141960229634,0.9275181742226962,0.6981310389753219,0.13091366067500187,0.15115894595301482,0.4647338854589088,0.20336850577248367,-0.193305416236073,-0.7932851726344896,0.05571129604936209,-0.03685039687147795,0.1406253624286221,0.11048824564546089,0.022689372553593823,0.33648053101912445,0.5264926867851347,0.22651441879561718,-0.10757090298025518,-0.5153205898706814,-0.009750340411270209,-0.03748275055875783,0.25553616375459376,0.2065129271741316,0.12164954866277744
1130,0.06990243624502611,0.9208091082723578,0.6845819487873331,0.14826369137589668,0.3106885738294636,0.47348016699800355,0.17646692337334002,-0.1814573300377107,-0.31818211892667403,0.019674742095117326,-0.02426237586329716,0.12554983387389174,0.13486579820489142,-0.021315981778830873,0.41285799986050764,0.5328639698093725,0.17999208205576722,-0.005485805076740569,-1.0033981060657773,0.020815549412613987,-0.03613336230272668,0.24789258785928914,0.19797948449581215,0.07679483795333875
1140,0.053608362112359614,0.930459567478576,0.6929819598405965,0.16732429940914884,0.10928922180282719,0.46675334459998974,0.18885023750161078,-0.24310664460796816,-0.7732208761258432,0.008567457964747782,-0.02336230856043553,0.14079307434341393,0.09268302574373721,-0.013972281864972791,0.36034965998816004,0.5018471970973643,0.1920770714729323,0.00445711630451362,-0.5552305086393354,-0.002557786267876727,-0.024001419277757563,0.21649079300162188,0.21374472881853335,0.09800020165514067
1150,0.08343605881446801,0.917647131355775,0.6877511412301811,0.172738594089626,0.29935290904396883,0.4892506092329093,0.1636712472052444,-0.1494504027633976,-0.32570447199047403,0.05326389877164395,-0.016302204414438748,0.1387983075015976,0.0928130639782172,-0.008321819530457075,0.403720643372088,0.5333208901120101,0.15513164433919213,-0.014047760875176563,-0.8123578858547842,-0.0035326325613893594,-0.023108092107693823,0.2555755302751168,0.22302397589317446,0.12432119138685072
1160,0.06422233962315771,0.9263016563035766,0.6975137321425664,0.14626594499977674,0.31032934077601804,0.49980774363329294,0.14933976506219293,-0.19756830542208137,-0.39743993942067957,-0.016636138601417993,-0.023019821277106223,0.15852229333369772,0.08575864288402169,-0.013678535896994637,0.38529608794357884,0.5372966182554164,0.17534148867435095,-0.0926698613566963,-0.8267257508529329,-0.020396282105165975,-0.026607107217340165,0.2387537384080909,0.20306711191292115,0.07363209835336837
1170,0.045611765261993946,0.9362966175185792,0.6931653434069484,0.13606608393414377,0.13906812650207812,0.45487364704897715,0.1961782163260053,-0.518936409262424,-0.7857761741665845,0.04740353255031893,-0.0214627763719224,0.16647297562129415,0.07693849670205866,-0.00015214727910706216,0.3381109306553295,0.5105820421621984,0.18390120951043054,-0.0590320912604283,-0.47788453682717136,-0.006878455113962456,-0.03137471849583351,0.2817179285531638,0.18794762447675195,0.1400835652365563
1180,0.08523009163744294,0.917754136945625,0.690521300279361,0.14622617430293083,0.31531422648442675,0.46510995150330803,0.1669890672962877,-0.16290290168556565,-0.29368842175863263,0.02700268848095455,-0.03343603480876012,0.1785972235449489,0.10601437428886595,0.012725809284556022,0.43097279460891325,0.5310078907846151,0.19286733513742615,-0.06152190896036669,-0.7644170975188627,-0.013679682403004767,-0.031232396553341646,0.22916301576412368,0.21227720062350253,0.13644261596997653
1190,0.07328825320658071,0.9222209786022232,0.6869193401291073,0.1250497336982348,0.29017862435250663,0.4657200035961664,0.2092600084408518,-0.143534068279078,-0.7897920106833813,0.06268973765309349,-0.027627314957628712,0.14779428510334014,0.059384018831334706,-0.023841963596956006,0.4143237283872817,0.5179762824677233,0.1916000511357343,-0.08281586167219968,-0.46020976119638757,-0.01946074719277968,-0.021633371586684325,0.29135486779041464,0.2216979931270202,0.11093908191958801
1200,0.059757907041063665,0.9283716712712135,0.6878769338480739,0.15205025133292616,0.1568778141342273,0.47440216160330273,0.1982000384430158,-0.2660937279337876,-0.8036418137768102,0.044833698292342405,-0.03843637203358763,0.14394138526103117,0.06970868827806931,-0.016931330433425318,0.35976417351856704,0.5329505820418141,0.2135088758346424,-0.046796070582241445,-0.48297811464034845,0.0005936279946614498,-0.03521995802028122,0.26661170465046957,0.2096709888726348,0.12189944502511463
1210,0.0819424138337806,0.9175605376151833,0.6867333077023142,0.14528141031564545,0.29636819309123086,0.46652512203849805,0.16760970825432275,-0.09092725042587713,-0.32202414913551336,0.051452460824075175,-0.028596188131123856,0.12611917106588522,0.11869270194297243,0.008968560860154073,0.41063452265545475,0.53499398320693,0.18482943099696758,-0.02651197701400898,-0.8448824805261359,0.01964640466091694,-0.035560059732494764,0.24726204706816513,0.17835130387360143,0.1125577746197266
1220,0.05800067649882812,0.927807952399368,0.6924296108815673,0.17808664764367277,0.2859946459768897,0.47449425446385274,0.17994072604405742,-0.3065070962985932,-0.8438200412257508,-0.004359976526035592,-0.04066672776624558,0.16541049432483246,0.07744572063527644,0.02869514436226628,0.421108179204174,0.5187270022217696,0.2082831293155203,-0.04051923398428858,-0.5342654821852515,-0.020227740020807072,-0.0188737506033978,0.20055200093255487,0.18239898170990543,0.10611732825098863
1230,0.05099331419021428,0.9316983404205461,0.7018704163093663,0.16285585641333689,0.16948810256864733,0.47211745951725936,0.170104195526943,-0.16938625201194246,-0.9057287047684204,-0.019005063914865783,-0.022856668246136413,0.14449194842689372,0.11129429971947291,-0.0042709880213180895,0.32713696422427674,0.5121283377493857,0.20510474100043852,-0.12816495584493315,-0.4788448916831096,-0.03690995299572175,-0.02271946059388341,0.27189463201296316,0.19888937973875842,0.11324061917645534
1240,0.06398172983368672,0.9280559913444705,0.6956391633863727,0.1569995253362081,0.18595034646364628,0.4528129132337432,0.18287994939691965,-0.38962811199569725,-0.25829413148286684,0.023062236144030135,-0.04672990835096824,0.17368982114818088,0.09419554736369695,-0.0011585978040580258,0.3440174759760597,0.5140306014547397,0.1867541651892245,-0.02797380169911845,-0.8297414682277902,0.02636174646214351,-0.021118291124707422,0.27083747662501634,0.19837498232506712,0.10829385007395154
1250,0.05982311289018435,0.9288934364630351,0.6977818264860807,0.16017681868957312,0.16637897547988656,0.47620803597550276,0.18205155859634248,-0.15998150455949722,-0.802179806009856,-0.011651087056959497,-0.042794695189980025,0.17674730469626776,0.10146467551340743,0.0021442787763659155,0.3495461638071934,0.5228791325225937,0.20487862130525036,-0.04903151012670892,-0.47187326916756467,-0.04797430140712122,-0.025302313724455017,0.23304677334228252,0.14791300153575493,0.143638517695593
1260,0.06679923616662468,0.926435053192058,0.6986454849764969,0.13191217811800948,0.15866504509159574,0.5115940004583184,0.18884347037749782,-0.1821681648055955,-0.7173340147064253,0.012952399461883757,-0.040717055533672664,0.1597775449036385,0.11725081558064387,0.012835267550180496,0.33279477145925496,0.5272117226206932,0.23254193576713122,-0.09442056142410049,-0.43459165241787745,0.012003066282243013,-0.035906978539506085,0.25242945979588016,0.16706072930736304,0.0900499801519623
1270,0.06686733888123034,0.9243846836765124,0.6903855902204079,0.15231635189860904,0.2704336489099324,0.45769171323995606,0.1819561771573116,-0.16589903581691479,-0.740473223088721,0.049846265920663435,-0.01923678653293681,0.17589885487850365,0.10995004780837148,0.006758116042917317,0.3695176117023068,0.516651337615837,0.15640103700219798,-0.08684261032844254,-0.5650098024330263,0.0065263007509289706,-0.03100665890760701,0.2451712959257184,0.2058486163077341,0.10771485845249706
1280,0.03600645608978534,0.9327057625533148,0.703441664482134,0.12586253618575183,0.2874389709255156,0.43307148100688386,0.18325325909611123,-0.1748565144099241,-1.1713648327575736,0.005456066521654868,-0.0051133732140324906,0.14968199867938814,0.10201016549643427,-0.0001069343953801205,0.3966739294000522,0.5186290290379123,0.1809031047790609,-0.12642465207979003,-0.6329962536614724,-0.020532889522155262,-0.016528162105277522,0.2377027619414075,0.17215625635465737,0.1112196306062676
1290,0.05392688190265408,0.9279980896097786,0.7000436439053491,0.13679149313276007,0.28803933391747094,0.4882021071000723,0.21358918617371303,-0.4112131686296485,-0.38269808097683145,-0.015536697778818942,-0.041160779434076034,0.1726791541342595,0.10567852660148946,0.0016131629130921032,0.4060606099750578,0.5269742654569896,0.23107403392892667,-0.06488538247606601,-0.9973895130856267,-0.05338743732963902,-0.03226768735336116,0.2417831388978956,0.22735441624084363,0.09116383854723309
1300,0.03736129742729778,0.9353697296207607,0.7083929447818337,0.1596505025296866,0.1863157457165877,0.4752770488931929,0.16851867507862317,-0.18281786652102072,-0.45209423170366936,0.001398436504444045,-0.05801527625591407,0.16564114514123962,0.10009465986977595,-0.08125925888326124,0.3375678748976022,0.5416417400073703,0.1473660004745142,-0.12514139236120392,-1.0694352352212695,-0.0432995266999463,-0.02224119281631176,0.2438983563867333,0.2054472792043177,0.08607376173176262
1310,0.05851361374558918,0.9304573527378307,0.6926459611111794,0.12584784191499454,0.17151204023334,0.48770954396442456,0.19161463303679327,-0.3281911047849815,-0.7867574257715071,0.00040428233432698857,-0.018469616295744284,0.13496111513399556,0.12376547707864582,-0.02722666069176105,0.3610364394784442,0.5349919503918523,0.23016131713302856,-0.038605714142962544,-0.400213175943138,-0.04578824945168858,-0.03212912168689708,0.2578664169674346,0.18984667977062675,0.0964492199881456
1320,0.06994241917794744,0.9239385217837401,0.693345294008609,0.14076690674123926,0.2876369947551425,0.4728451708187824,0.24005274268953036,-0.4271533489384207,-0.25523242740209406,-0.0073088230100886165,-0.011795996031470635,0.1707316247069992,0.07249485400868017,0.003742207645476059,0.4110271536598077,0.533033727713456,0.23508856451771976,-0.05885936842898998,-0.8145466575868381,-0.010207179779466724,-0.011561252463134553,0.22468767053350602,0.19496642585944468,0.07838181272761569
1330,0.051129360119697743,0.9303059305004009,0.6950269570338088,0.11671528758379002,0.294916462398611,0.47241854487246404,0.20685293400469296,-0.38550662398730595,-0.8967810757357597,-0.006974551309869348,-0.04962143909494987,0.1668605698779132,0.11383283997218285,0.005482703878605832,0.426443816525641,0.5147996404028579,0.20835431110282343,-0.05020212142586988,-0.5479527012024441,-0.01939610762291899,-0.028036930309215835,0.23623551003202703,0.1701205797476908,0.1251549128026862
1340,0.0625293127654343,0.9267962271643633,0.6868099500587539,0.14652894765734437,0.3132967088804893,0.4806794722694674,0.17713134752446513,-0.4244213973180564,-0.8155386860155074,0.038811659563430245,-0.04197276047993381,0.12959168148904965,0.09223958454878489,0.00945873423355148,0.412243187579017,0.534915494551166,0.21677985490925833,-0.047920751604643375,-0.4943984288602272,-0.00887782619912425,-0.020004591758767454,0.27800014939693174,0.19658586143013468,0.13998732627729005
1350,0.06450552277154446,0.9246215619383289,0.6918656075918713,0.12472852613353491,0.3154705663372668,0.4982624498262238,0.21781973619938988,-0.34842407579666745,-0.3637363573727712,-0.008343052156795316,-0.036660830439711134,0.1558913184239622,0.0953457624271894,0.008199473378116995,0.41113209842806064,0.5300699543616452,0.20836775699091414,-0.051256298612777806,-0.920819923943752,-0.026687714740412316,-0.033537675584869975,0.2860792338429978,0.19785540708072646,0.09485962342016285
1360,0.04557949288454012,0.936548032074088,0.7001563294205941,0.14630937761895646,0.12845785301278978,0.4914320868875409,0.21404624855086007,-0.4592159012774333,-0.7543867761531924,0.008656034192879192,-0.07692974237656003,0.16996312570468963,0.10687536571396672,-0.0031296652978596295,0.33384206866037514,0.5209830866136667,0.20604930408674516,-0.04070340867624034,-0.4802297017697814,-0.05178206877619118,-0.008937772260820154,0.22956146715848602,0.15909788591572394,0.11721048304674142
1370,0.07958303738793238,0.9199635509180627,0.6860467655999891,0.12964551497974786,0.32066566149415865,0.4829116716680071,0.17279444843080127,-0.09712960357931522,-0.6910241342252645,0.061181912644595826,-0.033466116951798464,0.16815740098349874,0.09809474815650299,-0.006921841335479906,0.39589155306825596,0.5093547683822104,0.16133767782532138,-0.024705281668495394,-0.48474743656487207,0.01942997519227274,-0.02720682428874599,0.24069768660672886,0.1951248109472925,0.08115719338115746
1380,0.060720630315910316,0.9274499703148267,0.6903626573070613,0.1611688821499604,0.19099687722436232,0.46054663260460416,0.166506763017373,-0.2717723429759482,-0.3388168946029131,0.03453058135036735,-0.048092473757165966,0.15090008010398348,0.09832589578960138,0.0016617598693430269,0.35547834588788674,0.5159364684937233,0.1789941891718655,-0.0169859897975162,-0.9140747086653693,-0.008339121941217442,-0.031785711200011724,0.25130319570939585,0.22930649350608812,0.10934431469570416
1390,0.06375385418147908,0.9289873291626866,0.7013270220895543,0.1394440447430485,0.09281812961249591,0.48812688299760776,0.14549309524014764,-0.15041505929791854,-0.25882269617671483,-0.009752250233102222,-0.009059109071678506,0.10934847162374395,0.09502039275594498,-0.012798522041574945,0.36110787927428567,0.5264606779391141,0.19016161621923977,-0.06644419364905119,-0.8104852983239386,-0.0229376369108365,-0.03583386923253373,0.2674833585242391,0.1866364461201827,0.11327857769835958
1400,0.06951949211989887,0.924575047465158,0.6953415688426647,0.11839411317408,0.27363397527438904,0.5025545365363966,0.17975808787409409,-0.1984090785900896,-0.32688979221803716,0.0013630747892758865,-0.022162861093861563,0.13400715521605477,0.0906229038548334,-0.03287772165852121,0.4006015379344896,0.537926510949208,0.17835838301047824,-0.07224938192965258,-0.8261206400400392,-0.03647038444413786,-0.019995811925156204,0.2730979216582108,0.20840414141208619,0.09636266473377508
1410,0.06522857225023093,0.9274668727084316,0.6988906257366261,0.14413590160930845,0.15594268919547571,0.47785880075043474,0.18559708864928182,-0.14053261137126727,-0.3219260174252454,-0.002149349031495884,-0.04108269496316197,0.138488605454132,0.07084960855866707,-0.001974827155390546,0.3453374511639441,0.526150100418943,0.19713249773707053,-0.05955438805390956,-0.7997638784482681,-0.048965442109938806,-0.028423628197277617,0.26589953877708017,0.20817389326630142,0.09860667843016613
1420,0.06768858377313984,0.9228654447871025,0.688382588872562,0.14717661824956085,0.27255537227328974,0.4732192689220146,0.1989784789194332,-0.20422969609585828,-0.3765608363921171,-0.010563251845019161,-0.005014994988052468,0.15661306816519915,0.08508598008510071,-0.01947838914790956,0.3737719452856719,0.5271256230765385,0.20031659890756337,-0.018784190850118954,-0.9132830267895902,-0.028622240724027304,-0.013934119008031987,0.29951410580205506,0.16494175636443764,0.11263218902579708
1430,0.06627035984449571,0.9234782919382881,0.6901712126216226,0.1412769401334083,0.28287710965621404,0.4622292363960806,0.18721377572599296,-0.22882848154236912,-0.2793703067468267,0.003045269324979838,-0.03881884499784749,0.16825377123648644,0.10156769215109063,-0.0015483083922367413,0.39891588544073686,0.5170455026254942,0.18627101230957854,-0.01891956775474779,-0.9862249444560205,-0.01846493945086647,-0.014444882428299888,0.20580987012170726,0.21073647284483132,0.11305529453702379
1440,0.06545150615897302,0.930881973412846,0.6926441832389717,0.14750281998934345,0.15504905147364345,0.47279860761902337,0.1557856330555375,-0.3815639587362505,-0.23185833864900451,0.045218088109000965,-0.029470824393275308,0.14103674582847758,0.07186023284115106,-0.009330299920548457,0.338750951440547,0.5346310391027054,0.15819651728721984,-0.04074251564428466,-0.6945227926579187,0.0016432460225882517,-0.038376327144174605,0.2757535881901232,0.18229245072742306,0.11982771479710608
1450,0.05106133981024895,0.9316005380803791,0.7011116705520263,0.14533654146508546,0.15791384030905975,0.49516946501878145,0.2259809794960871,-0.4046610582074899,-0.3594856488955278,-0.004958637986296033,-0.032762009474157416,0.15424016464485213,0.08853616363995465,-0.0028709105293780457,0.31817587756147225,0.5402975734065605,0.2164589835121954,-0.05460123772622372,-0.8819230736006294,-0.03151696680977634,-0.017920322718210313,0.23598224883992536,0.18330986944879546,0.10158629462014712
1460,0.06789234755900171,0.9259749624607332,0.6910418074857033,0.134994592086916,0.2937305450633142,0.4580497455773622,0.15736454012186363,-0.1931247481943532,-0.6920761635502288,0.06176973670269825,-0.007244406539544945,0.17459515013581794,0.09533193825928465,0.00010426995563017627,0.38075390994267166,0.5217410411163805,0.13973657665909,-0.08668926718144654,-0.519879097537443,-0.007583137110811045,-0.038358834850470425,0.25898968926225274,0.17391792256836747,0.1196152962516841
1470,0.06180218782588512,0.9281138490816272,0.6897952211831159,0.1415330180974329,0.296705043115693,0.46923375597377837,0.1731281633901487,-0.3738333603636088,-0.7596001098780514,0.040786407762817056,-0.02578461338695548,0.11850276585718766,0.0855404314946775,-0.020580919308886392,0.40032380019629665,0.5286870746247552,0.22995439197967127,-0.06523755112194918,-0.45598079051570695,-0.012114194071092044,-0.03661306720584889,0.24455861450230942,0.19248678579813028,0.1261502974027885
1480,0.06796931588979709,0.9236326059664459,0.6859723219990081,0.13325621689748857,0.29923146965783887,0.4761962333781794,0.1890292498578593,-0.2012591341809189,-0.7780555948964516,-0.017380349512861493,-0.02670144575207334,0.16563590570282138,0.1311709519197215,0.018929751707188025,0.3927919033294873,0.5215299743204322,0.1904452344946228,-0.016992068677837313,-0.5464934144523319,-0.05200530154259275,-0.006976315708034253,0.24925438603567163,0.1829701981473303,0.12277778296019914
1490,0.05290197545212419,0.9313186910231309,0.6976058545342761,0.13782673182498628,0.16171717080906478,0.48594131680015273,0.14651861251186116,-0.20034748024104077,-0.8286498076450626,0.03349759073481695,-0.042212236848319984,0.14146703510296244,0.11698800141077148,-0.01789516968734528,0.3438766701793051,0.5434806626464079,0.1957726871000146,-0.096159855743154,-0.5286694553303533,0.00565684987934334,-0.028090397540090795,0.27650977124400233,0.15771291384664166,0.1059998734396439
1500,0.07076420807332469,0.9203905238138815,0.6985301934399908,0.13774482776994246,0.27050872739172094,0.4853092655065997,0.19122491617974247,-0.19631149896398026,-0.33795862319425485,0.05169588986818885,-0.010939993980041418,0.14617219388551683,0.097027745839813,0.01589903584771246,0.4160783431200573,0.5415901971948094,0.220131425881807,-0.13258707271508396,-0.9733433144156232,0.004009192126268157,-0.042918209343389746,0.2680845474388339,0.19787952005178122,0.13675125404939836
1510,0.040963642252803904,0.9329892146129037,0.6929983530032106,0.14779905159200146,0.28356449812595275,0.47717084873046534,0.17023652935773215,-0.40554001045521226,-1.0752791272090332,0.007448654789238951,-0.027668150273031822,0.1644808303348403,0.0939341571791582,0.002965186565174638,0.392034303270012,0.5229504570008097,0.14428955113957553,-0.02932800807105229,-0.5876232799155812,0.016755015734087997,-0.01630072228026247,0.2585471803932453,0.22218428416563896,0.09761523713512199
1520,0.06698727967487537,0.9224249373341817,0.6959490308171562,0.13514430270420708,0.30378157644625026,0.4780413275403219,0.20010719473219518,-0.18739838118174856,-0.36525073856907375,0.037521752012506626,-0.02581673961214981,0.14782295147695768,0.07120286999870618,-0.015603984700905738,0.4034636850580505,0.5169057477060041,0.1863442694848335,-0.07758204925980428,-0.9593017936806161,0.02138077153508522,-0.039152696313184965,0.2665560274924226,0.18675248364921915,0.12181429665310595
1530,0.06768502547953915,0.923921403369257,0.6872814478275051,0.16921975036710957,0.2992676920806874,0.4936331987745244,0.2337231649551862,-0.44640418241331825,-0.37459538962045147,0.03875385694903011,-0.019089309131826715,0.15310686608302337,0.10071580641401845,-0.0031398721768172155,0.41247549565906094,0.5322083645667075,0.1647114336449187,-0.03968245679696114,-0.8362075685433681,0.0012377453777725478,-0.02972920524427991,0.24452890018089934,0.19690326430173333,0.12974797964267337
1540,0.05288595183929095,0.9286220178882546,0.6979279735754738,0.1468734573950674,0.10861351565229338,0.4841296296021723,0.1829228276692192,-0.1261943414359874,-0.940467603332789,0.022583860884180074,-0.019188001677100663,0.16461431319754027,0.08421191821516127,0.00630952018898967,0.34056196737611677,0.509853709831954,0.21368841858768872,-0.10850836523776852,-0.5467975526795608,-0.009667171281909859,-0.03228351637758342,0.24628657752784566,0.22735201550781747,0.15570980901176312
1550,0.07946104893843835,0.9191031747031121,0.6942769120357071,0.16822299259016138,0.2797194546813455,0.4600582684825931,0.150071601479002,-0.16574817325508584,-0.27484010474725995,0.036478335776402915,-0.04434298400079073,0.14735603332510316,0.13385460318215892,5.172284570054142e-05,0.40203253390851745,0.5268642204844731,0.234653191350633,-0.08967681919593162,-0.852758469152608,0.003794213935375823,-0.022481198288404336,0.2637179161357577,0.16092500560971545,0.15072968256034547
1560,0.07100518549396348,0.9187292720893201,0.6971590597862133,0.17836024146529683,0.32624986405144607,0.48712689614004523,0.2000257251100782,-0.18084643508333254,-0.40832535673709613,0.017955836134036063,-0.018331968978469337,0.16214934512931944,0.12358250204800014,-0.015789796018202962,0.404738929797257,0.5368843038601508,0.20848321910350864,-0.11943314496236312,-0.9749884714368133,0.020609193693248762,-0.016726561501422266,0.25655704934018486,0.1909574991349865,0.11187002508337396
1570,0.08537672157760678,0.9183121503158325,0.682579354698533,0.14020539376005747,0.3208436620154935,0.49222125373267656,0.15971121154796786,-0.22848322283092126,-0.2847305443427435,0.05181405982005516,-0.029468740274673833,0.1201131317874462,0.1301181023742709,-0.015231038871567293,0.4178193824744023,0.5309512448161939,0.18032959060031217,-0.016708297985493115,-0.734870404556973,-0.0009508349799340898,-0.036419792513353366,0.24733775972008254,0.20746859635430503,0.14084064048213818
1580,0.07496491989098769,0.922491993635294,0.6948459129932502,0.14724881897954312,0.28421891387285847,0.47144904915084995,0.1763241856663238,-0.12621196480687202,-0.28631091744122394,0.008404444092427021,-0.06665803564985051,0.17439035998095154,0.10183975214928798,0.009346777006474571,0.38465318346826083,0.5132701082847633,0.20034253840913818,-0.07042057286895687,-0.8196051244128437,-0.04188097984180006,-0.023927308654789314,0.24348370014997178,0.18696026498816853,0.10734612518805886
1590,0.044976583476979456,0.9322341383244305,0.6946006133854246,0.14336957798744665,0.2734138668911681,0.4611807673427064,0.2244765240936215,-0.4800914499370823,-0.8073715518161564,0.0537619005763168,-0.012994926271357787,0.15850516550426985,0.08811895048505247,-0.049926654247727464,0.3891324924169871,0.510462862470833,0.22370376265623804,-0.07653329546511722,-0.6346234107580477,-0.03003631245549565,-0.03669387658268586,0.23335876982612558,0.2255513081398256,0.08774378215964818
1600,0.0756826325357773,0.9204641969476779,0.6855392729952888,0.17738335023767882,0.3093759984696113,0.47797767821719095,0.18073546704151067,-0.2602271092631183,-0.2926450816312143,0.04796629874745695,-0.007333773136071642,0.12668408931561792,0.08711080862426201,-0.002314266273244936,0.40656368896650863,0.5327170939040842,0.21365351343174788,-0.0744822851189193,-0.8637232294514148,-0.023573872136976703,-0.022463434393533044,0.2580261292285475,0.1939139614699753,0.12399025700162425
1610,0.06393509114756768,0.922304492055502,0.6957720594008008,0.1455646460096276,0.32368765661303867,0.5018601851927125,0.1938206148143814,-0.20637087438042334,-0.9999675197618201,0.060983591168138784,-0.027975700121275038,0.16566506778873114,0.12243301545984242,-0.019862035809585343,0.4224449921781749,0.5438850517288283,0.22057521020519466,-0.09624296128974863,-0.5156421344771047,0.0036320659063531213,-0.040936817812510906,0.24407594829921164,0.1781528113008095,0.12285410108634454
1620,0.07167932184445795,0.9269196624913766,0.6867812477756999,0.14813546417729662,0.15006232497850358,0.4805908778478756,0.19923115185328033,-0.28619804932237636,-0.6222318467226651,-0.002440673144861405,-0.019375956649500203,0.10727667542936159,0.10203592898505309,-0.017696534308665246,0.349103835306825,0.5414544912773152,0.1945689468622569,0.007554746126446021,-0.3699919179627815,-0.023058193667461646,-0.027210347772315346,0.2632547995754786,0.19822157303540522,0.13197846282914594
1630,0.055325176360582005,0.9294985956209131,0.7021605908631768,0.15167093637656326,0.15887216208781307,0.4902419933805062,0.19284879012442935,-0.16375904235610217,-0.3503340066586287,-0.006409145422858309,-0.04291057920841168,0.130606284482785,0.0798445390394098,-0.007028961507607789,0.3352480891976387,0.5285026414643994,0.1879290146063206,-0.09185692314999705,-0.9261734263903145,-0.024295422289550395,-0.00421681102322613,0.2500467308691958,0.18429015885663946,0.08871168109321825
1640,0.07399570918863826,0.923246137763263,0.6958168711618647,0.12095564174870144,0.2887868520326178,0.4817935790707407,0.15467401293836713,-0.17037599608045362,-0.33298884325736444,0.027486273373361958,-0.020601851871253407,0.18114232793519924,0.05749450960091296,-0.0065261767168727225,0.40959235047193554,0.5285221008827271,0.16347648294178418,-0.09902426479702586,-0.7673546321573508,-0.0046162092529125065,-0.017500921710420503,0.22992778359221577,0.20496111456306176,0.12408575965343172
1650,0.07021506068247789,0.9218907650731375,0.6901524445115217,0.1379849125500262,0.28817074265067366,0.4964171975566647,0.18680897097779514,-0.29071111275510475,-0.3208099598780565,0.053237425426782004,-0.035836023545882556,0.1777807680151554,0.07882194029797085,-0.02699123231838141,0.4017911201391332,0.5309370574427446,0.21055422030034598,-0.053657961590413805,-0.9156640570073626,0.01853202280798749,-0.020979661230003055,0.25768583879967066,0.20739122913671826,0.0930528365555724
1660,0.07655811364789289,0.9214854219745879,0.6865576863180453,0.1510372766804855,0.31853808306716813,0.49105106620758976,0.19522416041750357,-0.32640020078261944,-0.722390544306061,0.061995163416072585,-0.02647883234230841,0.17598299903837433,0.09477231999753366,0.01233960393423017,0.41766262079898564,0.5150051704763001,0.20092934984097754,-0.08636298136992404,-0.42990275769076214,0.0013471573901133738,-0.0037535056143958023,0.25114154380241793,0.17631171212491503,0.13967098151915425
1670,0.06666963891332985,0.9255458306076887,0.6913422725005184,0.15271456875520684,0.31678885784079724,0.4824468870099462,0.16328650603537553,-0.35383184642858057,-0.3101201309860313,0.030038078335200336,-0.046704460954420046,0.12758000858748086,0.09981273243124089,0.020552628136258355,0.3990741454296026,0.5353086289664247,0.18984978812097764,-0.06539170227484581,-0.8790701899054614,-0.008849146433834276,-0.02397064634604873,0.27837971266525385,0.19687230645105358,0.09529569174433017
1680,0.043367524958474124,0.9316447074981433,0.690265384007294,0.15454922979530927,0.12247336589467395,0.5048384481938435,0.16468474688298274,-0.1549755801274455,-0.9570651041951579,0.004144614887972353,-0.032728202965706554,0.1432703176964053,0.10995935027972314,-0.006651375495996481,0.32831890076028625,0.5324205169938863,0.1810782923317774,0.00806931645752118,-0.6590332982431306,-0.011663646779563663,-0.016668678352552035,0.20956546936083797,0.18712570726997324,0.09900563348231672
1690,0.052229747174574674,0.9310673451073272,0.6970137558568595,0.17480549714734173,0.13954664356595192,0.5064085522191091,0.20262884581709428,-0.12120849730370198,-0.8346060676517721,-0.014162213408607904,-0.04791698392128496,0.1445429998647647,0.08407676019551269,0.01173172319342819,0.3500043550316696,0.499603334371275,0.18076744485237872,-0.09113353725433937,-0.5593088716269736,-0.056302257237483166,-0.026556780579308326,0.25001673488803633,0.20323568897295896,0.1006513195300186
1700,0.05169700607049096,0.928946836905341,0.6982609781831113,0.12749361185213726,0.31929248175470193,0.48937107068626495,0.1698267258238021,-0.19348363571248495,-1.0017661134391012,0.04897479263406235,-0.020632781104897413,0.10435852643993015,0.11587770836275468,-0.032029021413138015,0.4265850996526077,0.5272766437411831,0.16832560780504402,-0.1326832676015144,-0.5469813716208336,0.0040313294475027295,-0.0363811872645996,0.2722401933841595,0.19326413686290955,0.08267657718981913
1710,0.0867609874254789,0.919290736013759,0.6880803380724684,0.14066788039782163,0.30208898606490076,0.4854514273632482,0.18262394188354192,-0.125991954583891,-0.6485231016763757,0.043168962974466596,-0.05387901525333483,0.12834548441627003,0.1091937855753069,0.009035773938735336,0.3829573326791835,0.512920687564189,0.19906365214060573,-0.06170595945396351,-0.33850972204744423,0.002381109408171489,-0.017309183822558305,0.2607074203498858,0.18547739579701195,0.12381583221928527
1720,0.060053755782684536,0.9264519674267491,0.6941552724909337,0.138158899207231,0.3044532531591254,0.48428761012942867,0.18303256095306142,-0.31465752626233967,-0.37889340027963625,0.0030555320340320824,-0.026163020598698017,0.12096610801540486,0.09559434737760009,-0.017020783156821873,0.4051698544055764,0.5310151184788934,0.21779381218056193,-0.04995299530246089,-0.9200357698308752,-0.04546868141178595,-0.02449714184949725,0.24467630202822443,0.20064897999393605,0.10896581216541468
1730,0.07359348356837991,0.9214196912388157,0.6867973689142501,0.15140244372842604,0.2790686250248987,0.47515825873622763,0.19179701514884528,-0.21820669591309572,-0.3211145486294189,0.00044148321855330686,-0.031200794394356857,0.12440648255142239,0.0957377494143613,0.00743582003855614,0.3941661581796079,0.5340441935161497,0.18484080042347129,0.008304906138982271,-0.8815560473685424,-0.003805192337926533,-0.02412792418490506,0.2691030722401283,0.18184559981055382,0.1277217495940397
1740,0.050790270501118465,0.9315672846425611,0.6968687053638001,0.15518716264514465,0.11537540362407361,0.48178848647408445,0.24589635606688365,-0.3709155836343967,-0.7685953600866617,0.007750740867650263,-0.04122445310071554,0.10824252771653853,0.10654068258970506,0.04551836180874258,0.31980728676368697,0.5168510610272905,0.22327250064432846,-0.03791163275499754,-0.5685706446354672,-0.027984330388593603,-0.025172536762770203,0.26070008651266385,0.19798041018423462,0.1220591549620631
1750,0.03724278731491881,0.9348861326527258,0.7010061196770864,0.12486178363911671,0.10479960972597324,0.48601035932288317,0.172840330121808,-0.13942784605701974,-1.1019150713028845,-0.006075454893601506,-0.03327889241421378,0.14085310447231936,0.08698176569317062,0.002539725922509728,0.3248228351240573,0.533679600870238,0.1829992043324533,-0.04395783749135673,-0.5769920061170388,-0.039299799526829604,-0.025939400681566305,0.2697068100591462,0.2014891300819992,0.11740058273213116
1760,0.06948365509991732,0.9214214251282693,0.6897633266446169,0.14641961236704126,0.18571031755858003,0.4958871064904934,0.2267067323933759,-0.2534272744855146,-0.34489790645351537,0.0331650706190556,-0.01629023631500215,0.15629260164395176,0.09776727520622852,0.0021654717285456426,0.3636130981446801,0.523021432513376,0.2420055995077145,-0.04571238731593619,-0.9073891853965452,0.010911819086504182,-0.018843547619840306,0.2759912161896605,0.18213271703724565,0.10392722419816447
1770,0.08075190120544612,0.9218323012461761,0.687096993996991,0.1407399650774399,0.169821931946458,0.5016701676734749,0.19667106605803897,-0.11612388891459036,-0.6736328893934083,0.0729973275165966,-0.03764398314933204,0.14085227727097283,0.10011987405406819,-0.010151055694964217,0.36171348993754604,0.5324921139511674,0.17094273096288848,-0.03253313295120175,-0.37014628468001054,0.021742052281835678,-0.04315390493700999,0.2802089297880429,0.18426069899340025,0.1049424395229559
1780,0.04875431790599194,0.930589570070414,0.6994260206499516,0.13322073850065774,0.18892204417892633,0.49781233063739805,0.19158375693711005,-0.19988828270744818,-0.9826867050371231,-0.0010513094071700202,-0.008579029936014892,0.1325057087974818,0.08859641529645368,-0.01847882021008318,0.3692837415936675,0.5264908305350234,0.2127125989875982,-0.1287901495375674,-0.515687309214186,-0.030215586054224364,-0.01561215742455202,0.25402684120285823,0.20499496933748795,0.12468004954953682
1790,0.050448360725617584,0.931403361994607,0.7016630210642645,0.1323283460271617,0.15610514765071248,0.49105609488201984,0.17689867380170565,-0.18333136217449808,-0.7946926452617546,0.015912471632165914,-0.018598384279437497,0.16095550776281986,0.09330186972818144,-0.010411760284150251,0.3442326233354286,0.5380123837448556,0.17685021143986135,-0.1262149461282771,-0.5936795652925706,0.01035918943151537,-0.02532433240955445,0.2394015347998356,0.19186214131199597,0.0843923755199526
1800,0.08051517914671846,0.9161417830190204,0.6889197638189737,0.1335942889364924,0.30773633536291634,0.4714567934191193,0.23296382501817825,-0.14188943374938967,-0.3531386034702153,0.040551885719711134,-0.03150383505816068,0.12333002130597903,0.12920759534069048,-0.0029369388295321652,0.4249403977102988,0.5495456691309613,0.2269211823343662,-0.0517594092957383,-0.8830439343106058,0.0006184167940493923,-0.02905619017319161,0.2466059854362439,0.1825622114624793,0.11411249899643527
1810,0.076696186127327,0.9197299408868199,0.6894755954389761,0.16277869519891752,0.32246788157327166,0.4615943766423364,0.20384161151870728,-0.10267422698445383,-0.7278229612849474,0.014869532952682674,-0.04634147351406903,0.15004173163173273,0.06896406254193566,-0.01332028606628688,0.43293967404008704,0.512947070433726,0.21536276763731566,-0.022984539343354093,-0.5259127112770785,-0.015943847621395557,-0.015291689362932681,0.23602929417722562,0.21068364953675045,0.08839129624369613
1820,0.05963438200104833,0.925407064660509,0.700066457126532,0.13217820967430072,0.16797095397749962,0.47822880860470807,0.228757110282523,-0.21568151860389784,-0.40247628706619243,0.0022181723806873332,-0.011037263167681166,0.1506163326025215,0.0908989505267942,-0.004327845309195499,0.36202686662186956,0.5498062083778545,0.22140910353267806,-0.1013912601708844,-0.954304087364042,-0.0017958854878279418,-0.053023683989409154,0.2760649219122103,0.1923267963602907,0.14385741832720755
1830,0.061803382057685555,0.9279336930620473,0.6983621749423241,0.13028312642041984,0.18117174615877962,0.4833603682664469,0.13643364850375295,-0.19662799666708963,-0.3758581733309361,0.04916615928155721,-0.03515993625818448,0.17416224982130946,0.12506484563534803,0.03063422386149328,0.34815093924269847,0.5078749580286726,0.12492262141896049,-0.07431958353298396,-0.8574697835553844,0.018648409523878917,-0.0477413067261212,0.2346212938275426,0.19379718335181184,0.14675602993942405
1840,0.05036787456274216,0.9311364318088057,0.6986199101220814,0.15702728050920034,0.1515533789925605,0.45238320011347377,0.18456574393354552,-0.14691481307780863,-0.8657132013587465,0.0035120408098044953,-0.033249659299925405,0.17375819335859677,0.0991126177803382,-0.007073745686621891,0.3584432851512327,0.5116287449623004,0.19029768496614574,-0.07459838192278334,-0.5716502063551634,-0.034522799492200607,-0.018617227371991563,0.2534375284126724,0.18469639322483455,0.08964930816812122
1850,0.06585306232955809,0.9271725619637529,0.6947815570142805,0.13650915667803065,0.2749959758842032,0.4810585533809353,0.18554752859957913,-0.3592657256358336,-0.6966611956388713,-0.0027074177590142856,-0.003036245159028006,0.1222208833884747,0.12226845237511286,-0.01113647437555998,0.38114084981706886,0.5224241610021513,0.22754982585654404,-0.045420131547538434,-0.4181431033604488,-0.03201608670236378,-0.01204788317887684,0.2342306640728733,0.18116543999612178,0.0942370812271599
1860,0.07745702725413713,0.9206874501840323,0.6878088465636588,0.10274754825684718,0.3162622823182124,0.5097539270080977,0.17090255629486595,-0.32599949766332736,-0.3599264536975646,0.05579809111672274,-0.020763646886189813,0.16291062047999338,0.1281413685407441,-0.008356452652484636,0.44926326690621576,0.5521131583767371,0.1860306581609953,-0.04085345382848948,-0.785078221138342,0.006144540738223236,-0.055793865442792745,0.2724605896861366,0.17768337447457916,0.1331571812876996
1870,0.06699956545443805,0.9268820609899909,0.6953367409433261,0.12106343744216586,0.18361477614085076,0.48287723578426645,0.20717492138477556,-0.40354824228621045,-0.25998816204842456,0.014216627842485452,-0.030854036320400624,0.15277932336355615,0.06604421766969015,0.0044223466045324455,0.3401667336184009,0.5459238492497006,0.2410801470501004,-0.05248747803991094,-0.7763341981039587,-0.009908569013095114,-0.030097720832470864,0.27598434799722205,0.20719632007997058,0.12766499695995315
1880,0.06937839455362499,0.9231920639328439,0.6921671095508861,0.13917289844739333,0.3092100228255785,0.46167225980333004,0.20438781724484556,-0.17414035800613203,-0.7546441433685682,0.004060834372767497,-0.0230810184625887,0.16610797091666107,0.11070908373112731,0.004895548541493211,0.3838610161131504,0.5201270247530051,0.16491829908607225,-0.11287657588745281,-0.5393152635793781,-0.007518384282988233,-0.005729473832536636,0.26398150783549335,0.19661284103292442,0.14453437834192762
1890,0.05215904932706248,0.9291695190538583,0.7042877970419719,0.1369513714919891,0.27557122031366166,0.4671937529478023,0.1911265519271832,-0.1806205979184432,-0.46660352622149315,-0.023744660437501564,-0.029213928461551797,0.15053938962439184,0.09888140934582035,-0.0022245196084986762,0.385953669413439,0.5486760931874407,0.19379799997956193,-0.14250938642058486,-0.9544227717010978,-0.07269745396079985,-0.031470457350486036,0.2383664057919498,0.19509893526907507,0.11669053865645407
1900,0.06542475466498517,0.9277057858183841,0.694570102760212,0.1626962414676386,0.164919842944241,0.48862219006169894,0.20146090758553314,-0.39682144830872734,-0.24989301753473003,0.04215360020759917,-0.05070507520804646,0.17987214881526792,0.11110919534674901,-0.023847826487119805,0.34723793480626886,0.5345422066469678,0.2151964173075478,-0.08820348559838753,-0.7920691533335107,-0.009078360816349607,-0.01332716748336149,0.27296728631147804,0.18223714339783859,0.0948502678360923
1910,0.07293747001134523,0.9231115750964517,0.6901261930442818,0.15157927568282514,0.2844414483148058,0.4590847038518171,0.17884981154627677,-0.32630777948434275,-0.2642973340469392,0.009480512070683789,-0.007198451205797873,0.12713679842554393,0.08526756674252134,-0.008547875134317984,0.394295733543504,0.5242543645267723,0.21366840217598038,-0.005924562565680969,-0.810094661459104,-0.0021070078475757814,-0.01926160227087026,0.24797513640746804,0.19679109889607815,0.10260129206860225
1920,0.07617879942416177,0.9214891378150455,0.690090139530711,0.13309091471874523,0.30661628426449095,0.49101675308102444,0.22537577969477562,-0.1921467302442863,-0.7584608453439354,0.03554149932705675,-0.037495155107384104,0.14952323586412597,0.10681352668641786,-0.0050751325243372225,0.406765958433455,0.5293347402235402,0.164887309126159,-0.09939024288958764,-0.43263424978540144,0.007405464519604998,-0.027360609393583202,0.2631822983115283,0.1914312288491884,0.14133276009579954
1930,0.06040642900501262,0.9265532157140223,0.6970975960854621,0.1261982064931242,0.15768140793307317,0.48898002602340696,0.18021721155815595,-0.13186820489916395,-0.8184044913791508,0.050763031060991115,-0.021493504445407652,0.15969839132191,0.10521548471763076,-0.024439127918588044,0.32888801874459517,0.5367603316265102,0.20564272925440852,-0.08320365306720556,-0.540336397559994,-0.017937874586289926,-0.03470367428028198,0.240632647561985,0.2226154092375403,0.13762904170801582
1940,0.06107546806947081,0.9284424301733946,0.6922093432772142,0.12756164608971676,0.149353259317331,0.4897380001182129,0.18505047785072315,-0.3409192768830489,-0.35429150552737365,0.03297693527002121,-0.021149302166740824,0.15071265843585713,0.11322525524531901,-0.019774504554479932,0.3611383104640076,0.5207037815619733,0.2002544947044358,-0.03683725571238883,-0.7937240650366626,-0.0023033320052832096,-0.029033327516690077,0.2534811970225971,0.19815594531375202,0.09826543746760796
1950,0.06481407861594095,0.9301420666671658,0.6987267972322713,0.1459543225119425,0.10701351623498778,0.48137873453364177,0.1889952332354743,-0.36994773918746304,-0.2303158255557134,-0.0077099440023864485,-0.046756729480890824,0.1779721184199755,0.09569423874325922,0.00945276336739631,0.3106933606617901,0.5193523248168888,0.20188523820606186,-0.05369178817290776,-0.6967836508271588,-0.01882472612172159,-0.02761015994817506,0.22496079256046864,0.21404459400792186,0.13533897693136854
1960,0.04634239237871986,0.9324249136719723,0.6977987183239789,0.13634871980609486,0.14910947328069202,0.5174828121185748,0.15490426725844464,-0.17443111587921423,-0.9925139631160385,0.05186058474337785,-0.02961695110030882,0.1530637943839216,0.08832013504403813,-0.00488468974098244,0.34957654379353753,0.532922738504612,0.16583355075568984,-0.1097265680350139,-0.5212266056242518,-0.012114429394620707,-0.03186635811866223,0.22413826037073636,0.2102109358328742,0.11579910506961577
1970,0.04755436646223349,0.9289335429333055,0.6929270541373809,0.13974098642760857,0.17377580751744548,0.46410120250058773,0.18690994159546692,-0.19839475356311187,-0.43213508083177854,-0.0030289928697659896,-0.010044061032260965,0.12536812397933117,0.09694685420007132,0.004543379420742788,0.3526536733318747,0.5197195458489635,0.20897119125652364,-0.03546154121558276,-1.1016121981380635,-0.009334452496182699,-0.028897541654101078,0.26438209439426197,0.16839011366056778,0.11204740337430508
1980,0.07230685341568889,0.9260319734854597,0.6861668894665678,0.14499427239898177,0.29674894708347377,0.4678106248679904,0.17765353950801277,-0.40582221979151734,-0.6825212446653812,0.05519448068583277,-0.034340904335787625,0.143290164636387,0.10784382210206933,0.009977231774350948,0.4053562164316049,0.5200266075206702,0.21044372798990318,-0.06728938938504792,-0.34885758613378104,0.008851414882982356,-0.04598122952381156,0.2594837060202628,0.1894487992506242,0.10613294041164711
1990,0.06640242822693702,0.925149625230972,0.6938681450518981,0.13028522796731978,0.3012867060109756,0.4543158153225564,0.18751699321837856,-0.12673845021656582,-0.7253461219085897,0.06990525526915314,-0.057417657492589314,0.10241151094002787,0.07802772847945416,-0.019782196348953285,0.40684748927171077,0.4966417502754017,0.205985273041549,-0.08907693057228316,-0.5367795159914306,-0.002383439050995806,-0.02082971269677447,0.25767534509128553,0.17699294486024408,0.10491297729580318
2000,0.06903253409078142,0.9234827383447812,0.6901824974418032,0.13891931153835535,0.27887119519719106,0.48827240958290063,0.19077714105078158,-0.09073643908954421,-0.7899844025640701,0.008360375723427849,-0.03593177313521401,0.14445561935132512,0.08601087213292546,0.012679331226154389,0.36737776165000735,0.5083753419352891,0.1783806452764265,-0.019730374512715754,-0.5430140979144806,-0.03622861350135853,-0.03700143725286176,0.2840847952391016,0.20475325612316742,0.11099229784960118
2010,0.04916999884234709,0.9303735480406846,0.6981931007558819,0.15074165776544468,0.2866035694729768,0.47346232429114066,0.19005369512714176,-0.18163004983700515,-0.951689162489689,-0.019152660736962757,-0.0507143256211926,0.13794114998370044,0.07843294110396481,-0.030287804467060253,0.3697067334284393,0.5260297864104913,0.198507368723001,-0.11351715144848562,-0.5575032737321397,-0.012436693261867582,-0.006300252568445686,0.24870473150195538,0.19388467162880274,0.1017327204150783
2020,0.0649020031592578,0.9234358919098815,0.6961715572394829,0.149936692540784,0.31546515810060194,0.496422875094481,0.17306235829440886,-0.1469647906616387,-0.3612947836170497,0.008526362788559783,-0.016470643375039007,0.1258860240866545,0.07703777629487374,-0.008345795196289307,0.4197939488125435,0.5513617305109473,0.17044119409837732,-0.08059492125895229,-1.018522779245969,-0.03102633493478324,-0.027115237991481855,0.2838506443803591,0.18279508442511783,0.09869750319790782
2030,0.05323885038539881,0.9314241077776271,0.7010829154632855,0.17033402934989572,0.1359489771309459,0.4952975854468664,0.16430963870483484,-0.18794026346458326,-0.8944899885124091,0.00020767027903167978,-0.04533851653859555,0.15382394893674434,0.08755685984448003,0.014758757293827252,0.33984881098266384,0.541957358812564,0.18357950519790078,-0.11457619019293519,-0.45872859680077305,-0.014540339347991038,-0.017670910418752905,0.23631637802239525,0.20048507669372606,0.12687606667353912
2040,0.06795582448891282,0.923765550924708,0.6899502316510664,0.17008893678402326,0.18709882137340095,0.47324009309669046,0.2016921626740905,-0.24460319662610908,-0.3369015297427036,0.04532272998468123,-0.03808116681560869,0.15271332061310328,0.10767056074582637,0.030193383565872978,0.3323410669518687,0.5215301841252444,0.19596086817820546,0.0019653516032079876,-0.886808543396179,-0.0212974985783827,-0.040444118785688765,0.24627043783502822,0.18117584159133715,0.14794460908926
2050,0.03662587575480286,0.9387859701674971,0.6986339907430729,0.09184497591813445,0.12241974285733792,0.47578996619693625,0.19892298683320242,-0.4321415851847292,-0.8345771363367382,-0.016438599012170263,-0.0389919134996457,0.1537637852027991,0.06793531986369339,0.00432507914954261,0.3374873750499723,0.5234309352994327,0.20844437813928018,-0.03061020323509256,-0.5457906748525336,-0.023768893054689766,-0.016534273986596126,0.2408274711863666,0.18255529224480438,0.10024936207155322
2060,0.06417147188632741,0.9255987081151226,0.6838145924175771,0.1307712555410473,0.20225504330231014,0.4888868271722774,0.18347948475622566,-0.18528761698713114,-0.7723094999537423,0.006207549743164953,0.007665040683425883,0.12389721840203005,0.07621845802880012,0.0162987747207749,0.37621341282277154,0.5427204165552071,0.18576500615612612,-0.03080026280875492,-0.5457530833589779,-0.023008437189574682,-0.015769377836379883,0.2531493371843192,0.21942292869996483,0.10757843397899158
2070,0.06357910117064122,0.9243644958831728,0.7011024059014571,0.14606297240146138,0.16182542658022625,0.490064840159428,0.11737744527340532,-0.17029175403992847,-0.37339908704506874,0.03914916243454547,-0.03860014703906334,0.16610020016267435,0.12101141049579922,0.025572061364635634,0.37797079151341073,0.5386708288117713,0.23157608144987596,-0.12181716828108202,-0.9449164893264805,0.024666540363588507,-0.013007635012305174,0.23443112366299612,0.18225821882264703,0.14045630183092872
2080,0.05721590644037562,0.9293603941565756,0.6900582007751297,0.12411216966566074,0.30666631869560845,0.4804615417477073,0.16589200302042784,-0.4491344365307277,-0.8114901663858152,0.0326026873548636,-0.021712904867207117,0.1383418036505173,0.09799359916457095,0.02044785518015435,0.4041022843698594,0.5193309816869958,0.20503702351660757,-0.04796519772843211,-0.5056172976520874,-0.003300005568498632,-0.03841158255447752,0.25965159472167254,0.19529539499701032,0.1292303687634777
2090,0.050367476954315885,0.9336044156162958,0.7004750179400985,0.11496504379685513,0.1202453839078178,0.4545034058273082,0.17789664857814236,-0.16589951897518485,-0.7479622600138729,-0.006174973790729066,-0.036565360039529926,0.14967785360811459,0.07406527538215579,-0.01908789075475159,0.3378699369904131,0.5325293332663281,0.2005326485364637,-0.08450934752568351,-0.5289771038981794,-0.03765358907021854,-0.026526097406253113,0.24372712541511599,0.1757708516213633,0.12928965058495845
2100,0.05953234753986117,0.9239508641835333,0.6910735179279335,0.1527540918336977,0.3173944158451474,0.4454107760112729,0.17779118428441087,-0.15211725185326852,-1.0784444102463873,0.052975167688627756,-0.020266308053450643,0.13451521872181016,0.08627019598534624,0.01831241069607137,0.41366553335892353,0.5381308346082889,0.17654341957113628,-0.07550921266180999,-0.5427543272592166,-0.0023797188827243687,-0.01762731865835465,0.2680612243693772,0.2099837335467114,0.14746963943147473
2110,0.06983430933297667,0.9203219629568874,0.6928234924992223,0.15678027014901186,0.32620822804450433,0.47378206422875757,0.19564498410255993,-0.13944314974110084,-0.9127966276510986,-0.0002985696126476256,-0.03023328480746512,0.14691215257952417,0.11275713174457092,0.04118451015425095,0.42933942312050133,0.525792518016339,0.23893494393980952,-0.048714785014747575,-0.5278923384895953,-0.0235191535089192,-0.02335366288845453,0.21819338042730285,0.15201003187667494,0.15523242932273174
2120,0.054792545628787055,0.927203753174731,0.6964259465180835,0.14581689336416892,0.273111119431236,0.4719329483082154,0.1816710957623593,-0.33813985335450014,-0.3942422391101643,0.0028470422743737123,-0.04720308372265314,0.14644907717463695,0.11777252344713407,0.029990298883955435,0.38799173586919145,0.516763924099995,0.21626942221853684,-0.018129820106354444,-1.0125499195255965,-0.03108074240310854,-0.015740900724174223,0.2063457554919904,0.18278730753840555,0.12798087328688035
2130,0.07875660810050827,0.9200786393301641,0.6877152471966864,0.16751854765157714,0.309413172230225,0.45825465082245187,0.1839584986414905,-0.17456199399759065,-0.7688307765585514,0.04427971953282184,-0.031074144460223163,0.15680952085845423,0.11590526280721114,0.026837781261845106,0.4202819151725984,0.5348208415670361,0.17298983363441234,-0.06586297984217149,-0.4570710404687164,-0.016259805035253372,-0.025635475888422743,0.26035626023170766,0.1984463786752837,0.14331260327448803
2140,0.058976389266327534,0.9289082427220915,0.689044938941232,0.1635348583729661,0.1225318938124148,0.5068152182098691,0.17832214817565806,-0.2687077882348117,-0.7029493595566088,0.014821149063193761,-0.04836111804841714,0.17213922680712657,0.09773449371328635,-0.02832462948848158,0.33586422884761413,0.5243749276254237,0.2084170183913081,0.010142096354268881,-0.5721551912717877,-0.04054511644726988,-0.03310108491298447,0.24696230112919693,0.2037791589354101,0.14720974311550306
2150,0.07093994160061531,0.9225526029477411,0.69862745088734,0.15861503459893345,0.29064948892284714,0.465905214278464,0.16754951989599398,-0.2230728875943564,-0.3038469665856314,0.029302900133250764,-0.054480777308854256,0.14231514287041125,0.1237480802347074,-0.02327081004370557,0.4109327419001295,0.5243664820201472,0.2388191126260759,-0.12107816326896037,-0.8743371155844559,0.014625804488434313,-0.030467066219218353,0.27040806355798297,0.18177639163314974,0.10127858305757609
2160,0.051226482169831854,0.9311086989820837,0.6909191796462638,0.13816843507021515,0.1723766303941241,0.47937894118483937,0.22184866877443454,-0.37988709446215463,-0.7997425185383398,0.055084020125346966,-0.06250153851238016,0.14306486629194337,0.08547488815969306,0.008520907568792757,0.3360135030918252,0.5470407207581593,0.2012643111287179,-0.037537549114448066,-0.5894438810522009,0.005276673665698617,-0.0353346920334876,0.27211655982293936,0.1874032585155373,0.12717101472721304
2170,0.06187491912116684,0.9264553433982287,0.6926076987497244,0.15254067350281875,0.19255339707026187,0.48882621477062893,0.17184578924053573,-0.18706271086803028,-0.8781941603093855,0.03345011554687394,-0.02255413257816885,0.1639461734444786,0.10238448201587536,0.01643879869387843,0.3635267982566409,0.5379554342143327,0.18602639534052667,-0.1100300075878522,-0.49324494486567905,0.01298117747350358,-0.02491872578790999,0.2838916703236528,0.19160025677104575,0.11741060687647575
2180,0.06004741996951517,0.9273822945005394,0.6918947186501059,0.15801777333854128,0.2619796942896644,0.46317714049063075,0.17601652806725498,-0.2644707558263979,-0.3570345868951055,0.0014358659801795293,-0.030784242579497967,0.13581022154558342,0.09460741685845842,-0.010018854587648063,0.3843998312869069,0.5108980765681091,0.18887288055671048,-0.029687700094092717,-0.9287735145707825,-0.04349369796774072,-0.037931583527385904,0.2775958538494606,0.19636516907799018,0.11401430349897979
2190,0.0586443622043736,0.9263871658611946,0.6987072364702142,0.13461428142101417,0.18557855297803982,0.4661359802446453,0.1879868210350919,-0.15998364807535181,-0.3709477516717661,0.042544994210452325,-0.031475447022103475,0.16663086108067215,0.07521688344677635,-0.02404675367513165,0.35759073279680975,0.5247638069625326,0.19579608506220703,-0.10116894694233936,-0.9688238245389684,0.009326193829630847,-0.036796878427619584,0.24319278803958444,0.20945861655753006,0.12593825898013933
2200,0.07718575319103091,0.9215402358747679,0.6904866854110498,0.12543531761765214,0.299993429758436,0.4787240071849329,0.18878945392865543,-0.19500818139239473,-0.7149081522474658,0.027774941276067056,-0.03011851557740819,0.1624467734890518,0.13180931867458157,-0.007501713124488774,0.4126298920424437,0.5239122219451072,0.19196347894021626,-0.09321987864769254,-0.4388537609687193,0.013524924808396621,-0.0333064936437395,0.28563171731356796,0.19332941585735153,0.09785261977709747
2210,0.06795611301472437,0.9256806496996656,0.6952777071211133,0.15769765824964088,0.28315076120034,0.4758373093448288,0.16108890046798396,-0.20248346232564796,-0.7657465861387538,0.04965682330538723,-0.007969068076393526,0.13335299135717693,0.10408573946544808,0.008826807615027077,0.3730019869215835,0.5220726917880356,0.17517401470759686,-0.11283428505033455,-0.4406333618360141,-0.012883975403961578,-0.014908702290216347,0.25789611182020344,0.1863056045279775,0.09639041365930401
2220,0.07375854634183507,0.9211790859697069,0.6900687671725314,0.1310495816830578,0.32682552132680587,0.47475550075550765,0.1863105789148718,-0.33694618075530114,-0.29101363057847807,0.056751674287995546,-0.023648254771582833,0.15242548057006144,0.11132451724522807,0.00022349096958940162,0.43352355731850567,0.5291480305328614,0.18600422364280966,-0.04628119488981697,-0.8873456805593751,0.0320428132701468,-0.027686179971156966,0.2556250112302272,0.19083334820717424,0.09500726474940502
2230,0.0710894697234281,0.9262008897297725,0.7000559569509304,0.12125425070314377,0.2797661420894817,0.477416334884168,0.14649745008776094,-0.3331446696255962,-0.24915639923429356,-0.02960116062011764,-0.054801395862818625,0.16900075140639226,0.12057316356176995,-0.012783832643611825,0.40189795691302377,0.5134211443771776,0.23997601179558548,-0.039674284385832426,-0.7408682654220171,-0.05095667404910098,-0.029128803190791475,0.2511037971822587,0.1915696677185601,0.12051767850684758
2240,0.0569574865444581,0.9257539549461484,0.6872241493027031,0.15974732543783476,0.30209147740231146,0.45384371381545074,0.2241598810723211,-0.3266733827287229,-0.973749566708253,0.04079378012491719,-0.030317332818164733,0.14645851317366954,0.08906502882869927,-0.016159934159727163,0.42970510696307107,0.5325362521201398,0.23604562073368196,-0.06108567380245078,-0.5466304982037797,-0.011686731745147894,-0.026816351706606012,0.27403242656851157,0.19709291466738732,0.10365464839847649
2250,0.08051352847794452,0.9174986616656571,0.6874896668489195,0.13124329849546967,0.32482473458864825,0.5002988595708173,0.1595791572370897,-0.1638049116903666,-0.7266896341425646,0.04122663127374959,-0.01807180294065258,0.14551676246875278,0.14243491135924025,0.03634606045756983,0.4226716722361298,0.5442145756961934,0.20041256367093108,-0.09612466615434556,-0.5558934681062744,0.01282295975932779,-0.011861296108370833,0.27002932376634803,0.1956320933201373,0.13597627327900474
2260,0.07444954283528246,0.9228997506299808,0.6934264857460493,0.14912086554944148,0.1889637380340693,0.4517767166898139,0.1814874603165022,-0.11549672752598261,-0.26271738328816796,0.02846516265025867,-0.03779212542439181,0.12033880736007596,0.09304081808137654,-0.004494439984788379,0.37164354136892996,0.522916948478098,0.1960225695375577,-0.06404796599801132,-0.8189405739933846,-0.006936236735176626,-0.015124429051382116,0.27667291875693634,0.18915917874869692,0.11938155597046018
2270,0.07311255303794344,0.9269856512645256,0.6877724661653015,0.15634689673565805,0.3033379894356081,0.4652736216695744,0.15420008091481707,-0.3933529983286672,-0.650340404772715,0.03409945601875497,-0.0092524795000124,0.16219951717493342,0.0845566845515987,-0.00999778161653242,0.4432843821318476,0.5301298319453118,0.15910083447752066,-0.04370044140295959,-0.3451055881803551,0.0017434920454177938,-0.05107877843085196,0.25577804034967255,0.191226924921033,0.09691433365715751
2280,0.0822577249914305,0.9178269698180581,0.6843978564055037,0.14427075536180667,0.3182797363923935,0.49527655117833613,0.17126938703549643,-0.2485413752490928,-0.29719390149186076,0.006963996126531424,-0.02776491773736023,0.1665788782594222,0.10300442831006451,0.005866151118639751,0.4146723458750974,0.5499376843526336,0.2108785231994249,-0.005536901104223002,-0.845563943773566,-0.00822065990326215,-0.019576451483489077,0.28046547643430986,0.1922440355912961,0.12010242632744172
2290,0.03973899757062773,0.9317707834729259,0.6915796155340043,0.15167560284539894,0.11841032088452075,0.5020563681609703,0.19090626321921877,-0.2586573759105508,-1.1172086366514145,0.02168013029471083,-0.05207428532273983,0.1611220289397196,0.08563856925004232,0.01966577042064488,0.3515211302719785,0.5300652470150201,0.22108021540426748,-0.01886559933001819,-0.6407652479611305,-0.022592752576925612,-0.021059687989292142,0.2744994825179511,0.21699119195262306,0.12043021354818728
2300,0.06153497934099361,0.9263631981565312,0.7030310279123265,0.1304142496686871,0.1703303967582922,0.47287748430299603,0.18146152263115667,-0.16446309150908167,-0.3867003289845281,-0.018459091853587184,-0.026922423296665388,0.15463059091788278,0.08127900538257482,-0.03286305269820211,0.3387751479907223,0.5263415014688564,0.21612568335389482,-0.029638523166626296,-0.8730178245878051,-0.002953782234005775,-0.026866520412504036,0.2629224677722939,0.19464655258676622,0.12431460206974843
2310,0.06477809964306099,0.9267710347304667,0.6938931591348297,0.1308987782653961,0.1748947483591725,0.49949258750866576,0.18090576696440075,-0.3316623527998843,-0.3248664597182891,-0.006573699907420627,-0.015662311316174016,0.11355342270925228,0.10489631479672401,0.017355012138395298,0.3427575385010826,0.5462099152802691,0.2111941462777519,-0.04435531452070496,-0.7977688767976201,0.012859360709340906,-0.036466877673499765,0.24353732069415446,0.19153137916888352,0.1476096938643845
2320,0.0750559611533393,0.9238093535650577,0.6856949765528337,0.13868318980269068,0.3250645693591375,0.4678256955771267,0.1688372149500894,-0.32986450401456757,-0.7060876016357485,0.04341222001498446,-0.028585251151062918,0.15730931582433516,0.11488245054132074,0.01452574568762155,0.41496773325013314,0.5294046605650229,0.18447944268779837,-0.06012916257923573,-0.41181921634994856,-0.0024708340775800863,-0.02433351276895479,0.2958619570347669,0.16533738612661564,0.1188736853755803
2330,0.05035149610890248,0.9289006293958261,0.6877819835612349,0.15419340450816887,0.14945564386761123,0.47618984582849844,0.17711221299721447,-0.24604932697741866,-1.001980727904713,0.05923470542717435,-0.009186244625872586,0.16905413198319497,0.07357752845047527,-0.01638998364896871,0.3653597344380217,0.519702335279796,0.20434686083581333,0.0007879454085740756,-0.5542327695900013,-0.010638917531906156,-0.017353815266596406,0.23513041429703763,0.21297917378637454,0.11608926672447417
2340,0.05063957455277127,0.9321458941677986,0.6967473778135052,0.16808122081110854,0.09370636859954706,0.5044771242422741,0.1512935029870206,-0.15347555640308053,-0.8829312773721221,0.04449555732713362,-0.00031859056546901243,0.15779061457401844,0.09738971996846357,-0.009463349785851616,0.32740098931046824,0.5313035089056544,0.13084397648936208,-0.10233376839768282,-0.524596933159492,0.018987750189915498,-0.03608582669855309,0.2769833168561828,0.18576677413225273,0.0841159435970461
2350,0.07005817594082639,0.9241126388373303,0.6987630976312286,0.14201728605565944,0.17051543301436745,0.4647416350000598,0.1821640294888719,-0.1298237336384347,-0.3740559584297185,0.01266873191620732,-0.044909545082877145,0.1523586174172349,0.12710953582379791,0.007830776664987216,0.3572187592581455,0.5217771825193389,0.19899397564972077,-0.07707094918189505,-0.7716440494856693,0.017260578448094255,-0.023188767045248193,0.25736085577033363,0.19200273282744373,0.08789456776693416
2360,0.037605165470799444,0.9392342169347833,0.7023253848662335,0.15699953980796788,0.1653850212536827,0.47964733682379546,0.16944315710403157,-0.5008548945464957,-0.38064675637035394,0.0019024725860279368,-0.029796692777596778,0.11995874787823102,0.08158891943884394,-0.00597819119845866,0.32419387543731215,0.5200108534461361,0.1778784786880142,-0.07458004271805563,-0.8900483044640362,-0.04406396809995283,-0.022068188997756977,0.26585724681560063,0.1901344189896983,0.0847454457901532
2370,0.08533298634024532,0.9173446676334113,0.6824382555318538,0.13894855297644493,0.29300664577266144,0.4900750695316898,0.19109383450981898,-0.24372857156219996,-0.3642566152308,0.05459829655212689,-0.014642652384730948,0.1713727277710495,0.10771318340578295,-0.010578083363993906,0.4002711189282012,0.5389344878018868,0.20640037539133538,-0.004863712105913853,-0.680617845961971,0.03478853100749668,-0.03265679653855247,0.24372030235960296,0.16723066737007475,0.10518319691514155
2380,0.08382513107971513,0.9164816425162343,0.6855158964526659,0.14033576165562645,0.2957480691091674,0.4641622223080879,0.1977141857034056,-0.19585129071219742,-0.29976476328676993,0.029760375153765173,-0.002513834833576478,0.16529997159881682,0.1274837985472973,0.0006610913217954817,0.39554316281331614,0.52926437384919,0.17971124780969572,0.011187453567928052,-0.8301130610980791,0.022016156003420995,-0.02126249985087081,0.23994126048258013,0.19270790081714018,0.11829617171427831
2390,0.06364038107007186,0.9224779394807436,0.6995956931946865,0.15570019633900112,0.14146886288563387,0.5056375982637131,0.21606512354087515,-0.17879324318428336,-0.42231985857777987,0.026554273241532145,-0.023340873323556277,0.16009356416283405,0.1092894783070022,-0.012998575954112468,0.37114751786261246,0.5544958502143525,0.2209473727419362,-0.10969417063837983,-0.9618602081683671,0.007074331109447218,-0.005449128580522711,0.2432987835040602,0.21371394660667364,0.12541716211883658
2400,0.08011480943053914,0.9206042766969976,0.6896606392010005,0.1492583994359954,0.15644681593195275,0.4857491129066279,0.18774876658367046,-0.1096390297088039,-0.3352219334166595,0.06824240553165783,-0.041156932250862255,0.13319806870508133,0.10309886751819963,-0.008275608647107635,0.3475352594368486,0.5304182119630096,0.1963168127148034,-0.03136495179951648,-0.7162814778850068,0.007213532045398874,-0.03367139415870546,0.273385081919332,0.1735666270072026,0.14584436420820346
2410,0.07619736886335532,0.9253330753684818,0.6904931014835599,0.13207168380292078,0.2883394703562605,0.4786016706451546,0.1731132630266341,-0.3458577405277625,-0.6079811580280423,-0.0010497249587537727,-0.03142484799915235,0.12972722688462446,0.11578935893027198,0.019758983406790165,0.4202798797843519,0.5353866919594212,0.22291479457763053,-0.08485289486149328,-0.35603161638523906,-0.032420831619101476,-0.043674141954123336,0.2718863026791484,0.1820652544185547,0.13350312199236614
2420,0.058813890983271874,0.9281471339127542,0.690580965204684,0.11634605782612317,0.1859807466236324,0.49619216398594856,0.19439961026688768,-0.2912732123078696,-0.8359779466668047,0.03561266698297105,-0.04319529626303242,0.16208424361204432,0.10063834141017813,0.012688078335518993,0.36407727543219504,0.5663576627815856,0.23547668728973903,-0.06694880339924114,-0.4870212806745611,-0.0001909538621467366,-0.04634441052843097,0.2417176720238089,0.17044205393714829,0.12403035384301475
2430,0.06532516516535794,0.9241393156269839,0.68900787080526,0.12557516212963715,0.2971127958584815,0.4710859423776538,0.185649556008179,-0.40180195430509236,-0.8317033014157282,0.05878633022743074,-0.018501467080625833,0.16870127421525505,0.09512956761777014,0.00010828755499259213,0.42486339830087516,0.5425084033154652,0.22206589641271668,-0.02984867168085592,-0.53801529402922,-0.0008792520830567252,-0.02462813864574298,0.2939287377576776,0.20803303723136013,0.12365815870534413
2440,0.07000456967014891,0.9207238946984845,0.6849705659047393,0.1595665972342435,0.3303873109362887,0.47076689788949233,0.18687131563179626,-0.23917844290514556,-0.40894368933317704,0.044528214227229745,-0.02858425951216126,0.16258153027400946,0.09572800724448394,0.009258175664043189,0.4052605257088202,0.5334826130689203,0.18460423547100024,-0.031245382944853795,-0.9477003065720873,0.005271977827524421,-0.04109039455166874,0.2607556359637786,0.1915719721144662,0.12620342963612374
2450,0.0609218915318972,0.9274694076981178,0.6999037671798645,0.16300670320532884,0.16747588960589077,0.4792571497433912,0.15953070495928112,-0.1625950413221542,-0.37678528509525044,0.014985068847451877,-0.02915644113466298,0.15689710091202436,0.08553859920641205,0.0005552322992624648,0.3420058089336324,0.5156819654309264,0.18228060803717006,-0.07921294941136203,-0.8689541447190867,-0.00786241363560336,-0.04152740127391441,0.2426993539064194,0.20055579285957714,0.1349834208151074
2460,0.05944239530538608,0.9296288458099085,0.6994614262205042,0.1581206406384017,0.09320795438383245,0.4895994024525363,0.20660598742145864,-0.1402292358091648,-0.39751469977306053,0.005687227787756544,-0.05642600680265897,0.11737152826015906,0.10010257599803385,-0.0026771645796892507,0.3280601369381697,0.5234509187718849,0.19622217093273708,-0.06983879774479895,-0.7678052016686339,-0.03427371304291027,-0.03916895998891334,0.24913627276387607,0.1930512477976446,0.0956080166764467
2470,0.06834516377684599,0.9259110490469561,0.6942460725622899,0.16868238987001405,0.15873800572551422,0.4819999093335594,0.24258599150945015,-0.36038349728438157,-0.21756141009882257,0.02751626249135053,-0.06923808178579316,0.18403945872019956,0.10580352100573975,-0.01176107932993764,0.3215400078547094,0.5442315690185717,0.2104312888041855,-0.057772587669444375,-0.8064271244961758,0.004579552520514563,-0.004457576117399276,0.23644359218491184,0.1922098101478008,0.08404843690919861
2480,0.0637632050908932,0.9269833419843463,0.684464905377447,0.15420608371211442,0.29208010599605294,0.4750158798690032,0.17678818672002716,-0.35445341163321764,-0.7907786057237896,0.005855446295626954,-0.009900526919135455,0.1450602103501457,0.12258790000902742,0.0015255747582750834,0.4156066621358314,0.5461327253036456,0.17270368619029897,-0.061921060262876804,-0.4774075712897332,-0.0005852852979806311,-0.02286802115523412,0.2692224427714719,0.17460672979955372,0.10555015527965039
2490,0.04781547990649975,0.933515602911967,0.7003564571675179,0.13403255389417768,0.1450303436389082,0.49727454351913514,0.17141402195401712,-0.409285083983401,-0.4127740093710248,0.006143342457499479,-0.010905345398413813,0.13342655204302933,0.09799763784576399,0.027823665959926247,0.35342285651318583,0.5323991235557688,0.17994911375296319,-0.04524654613291279,-0.8929376853000024,-0.03125049197511642,-0.028569427280882742,0.2664406862817499,0.1751947449143666,0.11454448114775717
2500,0.0360590032762244,0.9350924745731205,0.7005424999481711,0.12314602682565445,0.1329294400698683,0.46811226297799713,0.1710362903344539,-0.30293566942807204,-1.026696035638516,0.04950604940391212,-0.029824831758199277,0.17596724619644633,0.10415834863049611,-0.027734161735159635,0.33917714920793196,0.5154781084722193,0.20585910889377057,-0.06502587723933684,-0.5852711788118916,0.01824930469912933,-0.03389789921081632,0.21352190379250102,0.18934047788867558,0.12214300522964805
2510,0.06611615022289091,0.9233024857633265,0.694297104390128,0.15888968960222716,0.3061797313568766,0.48915257967314063,0.1791019192459713,-0.21705651685406369,-0.7769171169187423,0.041221239436996404,-0.011481975142449974,0.14237432724122034,0.12252442118816775,-0.006058771756493941,0.38455526079187674,0.5282464162982068,0.2162515127397916,-0.14222186627774236,-0.5877395148140976,0.0022881041141450398,-0.033641511338764474,0.2844127289361864,0.1734479903454038,0.13491050681285277
2520,0.0785353193909349,0.9186030127341148,0.6922492732634864,0.15049078135264637,0.311898404893983,0.4964766587243199,0.19658598177942932,-0.2008162815894987,-0.2737642667144984,0.04515719111616645,-0.0092432811397416,0.13761514960154597,0.11578476192483445,0.040222511194021204,0.4082868086875232,0.5420412876651028,0.16538273271282156,-0.11249930677062481,-0.9181208257710809,0.012729429446401208,-0.015135156272809258,0.26175758930309323,0.17988040525809745,0.1145111318079004
2530,0.06080866330364197,0.9247150177056084,0.6924643121814549,0.13522155748240317,0.2992893373578288,0.485406129095891,0.19567049363147393,-0.408170173343944,-0.295347434804774,0.04576598691710532,-0.037111936559602654,0.1627159687856028,0.08479393843410621,-0.004984825855362418,0.41563106856538523,0.518068837028332,0.2006506962132556,-0.05000498832106448,-1.0392662420338366,0.04528394678538017,-0.019230376459564047,0.2386094845178498,0.20051884590176694,0.1034716160382485
2540,0.07510885246662664,0.9232534503887354,0.6942717915691031,0.12426686274447496,0.16590155324773947,0.4618370767823998,0.162161574666157,-0.11810752077891928,-0.2894273277326078,0.06782875502318253,-0.027797083814709023,0.14918621185680836,0.11673497772529329,-0.011659337524206004,0.35852548159011954,0.5262955300701176,0.17240839782155415,-0.06046055173144138,-0.7557517831363281,0.01681633084957901,-0.038442364669274864,0.24542901273460094,0.20042830016588942,0.11111180590872949
2550,0.04631799616595364,0.9345622179562126,0.6957799714994843,0.15203559718088622,0.19927160027881874,0.47747944402839326,0.17035253958770347,-0.41070255052172033,-0.8057852727969741,0.05405055313500118,-0.03486135680916025,0.0985147249024001,0.09413974379863754,0.022184078446966016,0.34089511013844465,0.528521919943663,0.18139296263300608,-0.05887371071417702,-0.5355772639793257,0.00022395812375053392,-0.025231488641247246,0.23328163255422196,0.16848724161677464,0.12287845657896379
2560,0.07698015007517152,0.9213205041779831,0.688785243213545,0.130065159949178,0.31297341507789367,0.49070700409276113,0.2230631400727695,-0.1698964334290396,-0.5902791735737694,0.05445736304543691,-0.046845988428309226,0.14498325869477147,0.1006142024770369,0.0008566336448495582,0.38360809351189584,0.531593896146572,0.16691924319813567,-0.08336194380699924,-0.5545646402372841,0.003779356734556427,-0.02537835932151533,0.2558899070219579,0.20044003854164294,0.08695897816606102
2570,0.049811470338033535,0.9329933945800489,0.6987593458226025,0.1663440434870369,0.12730257351728125,0.47220362499379076,0.14703728783519177,-0.1709027831839236,-0.8006958932603403,0.00150312776405781,-0.0075209310262021045,0.145179156984653,0.08911218999039827,0.0013184271520345625,0.34987076483966073,0.5032459189537455,0.18197197908220175,-0.11452186775191842,-0.5647809042884795,-0.044075684953746475,-0.034468805040476,0.2846684985126704,0.21640209007701905,0.09684806341404895
2580,0.07678079278187123,0.9203269324083304,0.6887475054477188,0.15013633082702027,0.2811041655462363,0.46698258497364464,0.1954423319185723,-0.14545327521222817,-0.6874635945766137,0.059295552950279995,-0.018497680681680784,0.12516102852151278,0.06623182074298228,-0.028476231346113323,0.4089050300866184,0.5373449478496677,0.2305248409704601,-0.05796069281086558,-0.5046706236041432,0.006465682760277258,-0.03997225073076027,0.25438803625044537,0.20543247868258174,0.10747616530140203
2590,0.06398533825418215,0.9288187252617732,0.6988579327671874,0.1370306431504993,0.11317649478976,0.4796296759742408,0.17471595759605396,-0.17762162747356114,-0.6244353044987598,0.007435659087284274,-0.024916236605007303,0.12280588414573157,0.09983156014154349,0.0010370994896707897,0.3415293455574677,0.5363196866443569,0.22777059993456328,-0.08302882161464531,-0.4894276261728743,-0.047359834230989994,-0.02747839641908878,0.26305072401505003,0.18317079187286756,0.1304558279536624
2600,0.07042120230499774,0.9219078189644441,0.6882202487016907,0.13605769001100054,0.2939560260797509,0.4870306473884075,0.212274550061333,-0.33928774173907894,-0.37225119965223397,0.04465924011535838,-0.022953468630238838,0.1439975678096006,0.08034188592017011,0.011528313678060842,0.40907708779887775,0.5376543826594264,0.22894817474412588,-0.0377520583668054,-0.8595101428290786,0.0016845241752319051,-0.039375152759685283,0.26038345294873844,0.19865360511840702,0.10372786387358413
2610,0.05864202098048335,0.9279670791246117,0.6936542052629,0.12518829583673674,0.30430844960952974,0.45358571035830875,0.164555991620132,-0.15348863610313246,-0.8361977588044229,0.004252087552122474,-0.04805442473870958,0.1400119666494768,0.10339375703593012,-0.04202432564501968,0.4337334832019263,0.5328684787568346,0.1640614914548677,-0.053827906650784074,-0.5751237452096953,-0.03924572122576486,-0.028600181102444777,0.2681384908974006,0.2176217541144525,0.09632518298240544
2620,0.04961055681591502,0.9318754896736277,0.6967890541896286,0.17624937071768987,0.14317199047833606,0.47637585026763907,0.19557611315953027,-0.3962092430204245,-0.8760022847194466,0.02204244631171015,-0.030939393732841047,0.1543768902678564,0.09798084392952722,0.006937296096272916,0.33018762506862875,0.5140795296276386,0.23511619489945723,-0.04236531640944108,-0.48719314335929553,0.013083098240667779,-0.034375345184555206,0.2505347884895933,0.19923362847907133,0.0939607535266006
2630,0.051679510192604555,0.9285935618169746,0.6952404736121236,0.16730751580654157,0.16446404653435776,0.4937495687951945,0.16937956797697806,-0.1641039099560586,-0.9731702247643454,0.014542766624681569,-0.03847136678066221,0.13020898226368338,0.10270832731611523,0.028555470213476042,0.34356388007877314,0.5491689720364924,0.18751321451153635,-0.048438681522553706,-0.6028684001533664,-0.01660852283050418,-0.035536546865376106,0.25062682802889613,0.23135580902787467,0.1313224177029615
2640,0.06094555575367008,0.9239325950267289,0.7012441639750435,0.14745616747690582,0.20024866132074415,0.49619022922688794,0.20214750610074028,-0.13548103979234294,-0.3625533242342134,0.033734733242000714,-0.028582405879133965,0.14031074230795426,0.09869365657663398,-0.006670690023705017,0.3390886376086166,0.5227737111999844,0.19278137047846522,-0.06929893759708317,-1.0452299421685352,0.02333032753013342,-0.028166959018391058,0.281605899923961,0.18937515606586108,0.08810317048158733
2650,0.05748264995882146,0.9312954933843344,0.6893965935965617,0.1522831349863465,0.12790156925427998,0.46568456731571206,0.1603040103087281,-0.2497449886768559,-0.7652169543171246,0.004990939497779956,-0.032976560983756675,0.13771881577459255,0.08302791428253864,0.031091201709488203,0.3541585348556854,0.5125794023943525,0.17113048327505942,-0.03350195960297042,-0.47885250342282615,-0.024255609338396544,-0.02422047358994539,0.27332504537907965,0.19461956349655696,0.1470895165369266
2660,0.05402038833088751,0.9299716418243753,0.7029944972661647,0.09912472435600517,0.16952714216423204,0.49260103853095005,0.1644029910047452,-0.17331677573974646,-0.3520992300227066,0.0032108535988368825,-0.034272390418631726,0.14192953041007617,0.09547740060524246,-0.003982923090154911,0.35644359956297633,0.5414167668066681,0.167097128584478,-0.09717115625186445,-0.9673005148313434,-0.013999461681053482,-0.03965133519448427,0.24841798020923989,0.20172566711368511,0.1348471192314875
2670,0.06100413436701022,0.9271820650894882,0.7015863274310077,0.16024105927689225,0.17187407618666672,0.4755948911272144,0.15169333619384162,-0.1968462334604144,-0.3174900215475267,0.00028066095187984086,-0.00024193881159129127,0.15580180590027415,0.10203278629232515,0.0014516965060307196,0.38153039753365803,0.5319453245601644,0.18933183918046104,-0.11506082234674997,-0.9023225789495999,-0.0030728275127940297,-0.01453948956967821,0.2192605161473602,0.1947969492607089,0.09482539478809149
2680,0.07631358831018757,0.9228968926387053,0.6900833102472083,0.16243730902178688,0.3008296393737906,0.48735632845623256,0.1692588120533548,-0.3161789114322713,-0.3145736041872631,0.05362813228342067,-0.0229944923851364,0.1200903724921043,0.09510387561858602,-0.007545472276829557,0.4307245377680994,0.5339843285975188,0.1843489246440051,-0.04927474240711449,-0.7263921368021304,0.004011172196504154,-0.04617251764087782,0.25927333006970454,0.19038261583963167,0.09428785323082245
2690,0.09880983351343142,0.9148519752008428,0.683974950944254,0.14790240715624603,0.3060142669869861,0.49129176427781907,0.17037201877028374,-0.15843341387320664,-0.5232724911959066,0.04947634777844501,-0.01595573495247815,0.1729334547420336,0.1065128775156926,0.011402248952788296,0.43017321989598034,0.5135006506025802,0.205627281319554,-0.04696728288157748,-0.3275979233699311,-0.006984832950210906,-0.016647386258676677,0.2540443694946255,0.20077965402700315,0.1108350077440099
2700,0.04169675965678349,0.9331423723685155,0.6904387671021409,0.13129943051808957,0.14966054465367007,0.5093989056553153,0.18862544439671758,-0.2831491716144574,-1.023850030784958,-0.02173337463987446,-0.013466875819090784,0.17040958385227656,0.08451752562936521,-0.012518619444462864,0.3363751103120014,0.5311083810880258,0.21058311678455155,-0.03348434588706661,-0.5544532212797639,-0.03582675558728554,-0.012898281169510417,0.25028165351148113,0.19784446732214733,0.10690846529528164
2710,0.06552642038865375,0.9220303667394939,0.6920735519866169,0.15418411471534088,0.3084680735070756,0.483135092623605,0.16797072961924497,-0.16614171001914002,-0.8998511475701527,0.02175376713389976,-0.0049812879830613,0.17419872290236948,0.09462566491491375,0.01619033414689608,0.4321136925065493,0.526694132820344,0.2236483797980764,-0.11995938301638898,-0.5753089815476522,-0.005886334568008023,-0.02437267996341763,0.24105482747912899,0.21586594137724802,0.11265287928485757
2720,0.06135772527150453,0.9287690527780322,0.6975677399754905,0.14140079955776375,0.15928471534323851,0.471428896106571,0.16326954854578257,-0.16036259873433312,-0.34195883737221866,-0.030752557761043686,-0.02379286973421002,0.1367735560328477,0.08445092712226665,0.01822177847938833,0.36291953018217527,0.5289270040994904,0.17773623719863063,-0.06634415496833013,-0.8518467087419646,-0.06370049240075515,-0.004001704883898949,0.2853684347382681,0.2154792685494311,0.08601145934249521
2730,0.06425195174730702,0.9234092507615373,0.701311077678031,0.15344519546766888,0.29438926683297506,0.47452336333000233,0.2206693846705462,-0.19440544034410667,-0.3811973987793893,0.008000794525398924,-0.05043041511712798,0.16823142834352844,0.07852186551982132,-0.012083879939426723,0.4138803269927993,0.5218190813620092,0.2392657646870724,-0.1470019942089924,-0.9548488874881933,-0.023062747868706213,-0.03447886452846283,0.2700616446464207,0.19120330813380382,0.11278919045580604
2740,0.06778918776544937,0.9267293933459825,0.6951154195104947,0.11754428566805841,0.31725209002406685,0.4841533162128068,0.2153494941125319,-0.43478692862020907,-0.3002347850518654,-0.018190239987084578,-0.031830926989402375,0.1874195205032898,0.07261931204033545,-0.020791427445819854,0.40208155105054155,0.5375468593443709,0.19997463550884198,-0.07859934881322328,-0.7336458799947967,-0.02821600737767538,-0.007135483640145157,0.23995088890379634,0.19955849974722617,0.10355351787879241
2750,0.05054647841918104,0.9332212395063507,0.6962741125043352,0.12648555004565631,0.17192077936864458,0.4558443652481584,0.20420690296308153,-0.373267835915023,-0.7525010754549464,-0.0036886696421640774,-0.028976099340506156,0.11864113467273008,0.10595744902656634,0.003026792323928995,0.3266694966645779,0.4995900703531656,0.19971436056492053,-0.03253038476008352,-0.5012252139776463,-0.0021822166900880013,-0.026273688649008697,0.25213034511528487,0.19877389684191016,0.11916008804364264
2760,0.06210004485715926,0.9255775562206391,0.6997191252698828,0.14500768837019917,0.312764392721123,0.48516995448023104,0.17591620502326688,-0.18443237152034597,-0.33865003793536674,0.0163131467962635,-0.03534713532417788,0.14160617040891477,0.10032199847434642,-0.019987658342998094,0.40689517652227214,0.531512107523377,0.1558902875137621,-0.09087445061234734,-0.9982541253366632,-0.03456417506088716,-0.0248814650889142,0.27231413825129747,0.19534986307391844,0.09203123206307329
2770,0.06296537049849363,0.9279767723880479,0.6955383195277763,0.13925892420748687,0.13395520329250132,0.47515114675928094,0.1818600178839731,-0.30817127867958183,-0.32662700891796637,0.038848696020858275,-0.014773729330188168,0.16620723405042315,0.09061129916828037,0.006193835627589239,0.32520865127464027,0.5115930791710855,0.19868100018290558,-0.05584405267179493,-0.7811725889129948,0.005741138446692329,-0.03233185424503082,0.23920063191429797,0.20379372623180503,0.1248887089941032
2780,0.07819517824928804,0.9183853906255686,0.6878966944557534,0.13103815922996243,0.30044406719829675,0.496121012619537,0.19107931375966725,-0.087003711935983,-0.3592093372022913,0.028458512528861446,-0.02283659071046018,0.1642194538937648,0.0732405547443783,-0.03202523165015814,0.41343477317112753,0.534730734033954,0.1946352023861726,-0.058496047287902364,-0.8707148069630777,-0.0209977809660975,-0.008608723331447798,0.2693776561652821,0.2040936758295402,0.10111785772192239
2790,0.05507591128758603,0.9284731440763135,0.6899088849449041,0.156405888280714,0.15573208394246907,0.4695015284939651,0.19589053735064288,-0.313189492958879,-0.9368140759352037,0.049446553929299863,-0.027632872963979427,0.1650992945162707,0.125625158574599,0.005226035141473018,0.3574943147998615,0.5465740149757772,0.20759376444939015,-0.04524049722986945,-0.4966870035853721,-0.006452068954241996,-0.023079238966170035,0.25129210622631115,0.1763572277100992,0.14345087924214983
2800,0.034091684517955044,0.9350564282342948,0.696643727795869,0.13900620247511608,0.07175079934819517,0.4860639826693378,0.17846690684410094,-0.20466771864452715,-1.1322324860306043,-0.0020766917917043326,-0.054687415744165024,0.15689358204566461,0.09426305964983606,0.010209303582674467,0.3325290280734907,0.5349528050742252,0.21065401584600518,-0.0044545297595754985,-0.6097235727479551,-0.038236891875298884,-0.0214920685541089,0.23078708936626835,0.2056243877718421,0.13229558727823842
2810,0.060458990675265396,0.9268905439813775,0.6921000813268853,0.14759696961317248,0.17002368349226926,0.4878212024181565,0.1725345544544995,-0.298159303242864,-0.331916774159452,0.02666506791206147,-0.04113723215515597,0.16613005050844087,0.0930834282003804,-0.01773678454873351,0.3593797313133812,0.5115181406145781,0.2017302395402344,-0.05592592063996071,-0.9104271988573962,0.02391311424101894,-0.021922773882192104,0.23060621613905197,0.19757169732688296,0.15829069589219946
2820,0.057332000184469725,0.9291436822458523,0.6912587028640959,0.12984310192808146,0.14682868583866782,0.4900624794302818,0.1841237367739128,-0.2050145316176224,-0.8390286847904793,-0.01661399017599563,-0.021241764794055706,0.18716917988786597,0.08023227595531457,-0.017004516530696012,0.3240258125881189,0.5254795849499502,0.22745443281587308,-0.013426643698487561,-0.47311905807492916,-0.0443704457940588,-0.010126091351417399,0.2561408264662911,0.21095507731181684,0.0816025367554315
2830,0.07887255724754379,0.9235192523622329,0.6878095730695312,0.14764501245189443,0.1443277088894429,0.46682675873841806,0.20078435638234604,-0.19159588095468072,-0.24782679170293576,0.004488463354545558,-0.025113625463329958,0.17959846037393035,0.08245839190233972,-0.0038142381164569805,0.33643427718368024,0.5145747017106943,0.18530647430912217,-0.006615820245406745,-0.6526099563195897,-0.022767122114048854,-0.0213578635517222,0.2434382386448295,0.21393033128008787,0.10821182544525909
2840,0.06952636271994798,0.9262818638482065,0.6964634674228164,0.1590462643818582,0.1440381647419996,0.484077809391797,0.16530559126041033,-0.18774675345933467,-0.6272567902236841,0.039474170640676376,-0.02800082671627724,0.1526401251482289,0.08450645604996898,0.012259528841523815,0.3558911843239798,0.5408387574645297,0.1798086649081958,-0.12821599993505783,-0.4787472169750504,0.01605542344421651,-0.021925473841212906,0.25339719058547716,0.23180185259909214,0.11280549448757027
2850,0.04598643650638247,0.9332630536513971,0.7033319892112906,0.13892150808878312,0.17251939798977023,0.47631453657184886,0.18557941367544584,-0.20949351480171763,-0.8680401610117006,-0.004108017321195145,-0.031182820124485477,0.155066959612159,0.10939944642768318,0.013323634282031427,0.3212164944235246,0.5101758563895655,0.18320924012874573,-0.08841775460232615,-0.5537463631812383,-0.02967356889450712,-0.017506354245455213,0.213993644916178,0.17631923325588206,0.11184435505503987
2860,0.07280665565498033,0.9221165204927593,0.6933811026146716,0.15767463420769756,0.2023077671257596,0.4857648630893864,0.15815764205209992,-0.14161651618178195,-0.3647020618445156,0.02878458059239386,-0.04395721845869294,0.16183407433992414,0.11503915346061766,0.022763154743451586,0.3750359959121077,0.5283855689288457,0.15337275067990452,-0.04651454026185187,-0.8750697063585557,0.011220023138356794,-0.016441673206140317,0.2944024490955184,0.2004869260011306,0.12201190169893117
2870,0.0823899642743666,0.9204222111643735,0.6795032985488115,0.16765102815993993,0.30155484248367626,0.4837069827184993,0.1586067559116714,-0.19921685337334782,-0.6670660747094992,0.06715527262414345,-0.016947344573583045,0.14555710060161708,0.07475839971777731,0.011581187723534225,0.41697889144746536,0.510497548083723,0.17397825137713196,-0.028499010171107564,-0.4116759534352752,0.015351934665998268,-0.028540449176178928,0.26435290807906286,0.16295026263157486,0.12745356897487514
2880,0.06297540176152834,0.9294643102101481,0.696385357305259,0.14476802008754763,0.17544793084288357,0.4688713041056929,0.15830178681360596,-0.3851753575505432,-0.26532928977545667,0.019560189981086107,-0.04100377969355273,0.15457426608921465,0.11532599152510092,-0.0021405471905475704,0.3198605330253844,0.5170606651273292,0.22599928021136473,-0.08035560283194165,-0.7717503123513156,-0.015979367008908563,-0.019270569819824113,0.29506007653713484,0.19794951399457106,0.11070870487326923
2890,0.05806867984407799,0.928723249889724,0.6954221946320044,0.16422501631258968,0.16036479706631446,0.46885327677017674,0.17218800660698663,-0.1881951919911693,-0.7718537599126489,0.03913099367309103,-0.042042174517656905,0.12309181217925935,0.1360744428597932,-0.002558489480484427,0.33908850489192566,0.5296498552069109,0.20971615026217438,-0.09600376863387039,-0.5388726142084848,-0.007827984178448988,-0.04049302108703623,0.248376450624478,0.16610872821896683,0.15042124606277085
2900,0.051534278789685896,0.9311965999060428,0.6945285800023617,0.1408796460563837,0.12950193112351172,0.4878547481500848,0.1534019221105961,-0.3352105679239381,-0.3529029230710403,0.048848519406358704,-0.031329682771227274,0.15502167340862127,0.11371988515494691,-0.02045814866861173,0.3519105456386715,0.5187967735153268,0.1814207612578631,-0.033621948636377574,-0.9526050919324023,0.008971402347301316,-0.033566813536523465,0.26786096494472156,0.19968688744125207,0.08403937056788513
2910,0.06344617489793218,0.9253442155546627,0.6907421819189582,0.13233895487267988,0.3229591625708178,0.49290098645911185,0.1763655983236614,-0.3032790391455522,-0.7846829022994259,0.0004963103661591584,-0.03488055654442457,0.18324587029060335,0.09919990461260475,0.014097380492606004,0.4279840419721551,0.5229929476712186,0.2123112136137829,-0.04597172876963773,-0.5695588614643134,-0.036595777194444956,-0.01560392307331293,0.23770771619365383,0.2035053625848401,0.09683701132379285
2920,0.0563648570793334,0.9270468979938042,0.6962517224861662,0.1559537611172349,0.29588389170208296,0.47672463784883257,0.19947061514344921,-0.42172584034677496,-0.389219713961823,0.0014700698264868972,-0.033616008034645706,0.15488356157958305,0.10167364659952383,0.01308403403287639,0.4121775225648121,0.5204733063714173,0.1891994394393376,-0.02383731146867807,-1.0110419754221764,-0.03590419774047704,-0.03404830971700523,0.25879227444979014,0.21519990833000768,0.1380686863521472
2930,0.041699270452263903,0.9330172553368334,0.6996297680315091,0.15191563595214574,0.1467820044917214,0.48889535888172475,0.18637745956746132,-0.37529602490043756,-0.3139696350851786,-0.0031049935467826195,-0.03868108780209867,0.11080769251794975,0.1075729779903104,0.0013161124822402837,0.351171504513649,0.5452940433129394,0.22225643819494167,-0.09143230234635302,-1.1386216782193852,-0.016261549710244516,-0.010674234430711804,0.26828188538906983,0.1697763252493587,0.11327874699522178
2940,0.07155478309410264,0.9245960255423273,0.6886426551803343,0.15809305107388938,0.19049306705045566,0.49251636088619566,0.16316516514332247,-0.16539559639921664,-0.696623240369475,0.054330279864623576,0.003396134824727559,0.1401060288147804,0.09065223169559344,-0.00667583974554109,0.3455839396824706,0.5499867752833423,0.18963108476396895,-0.10457168419939711,-0.44243785776917166,0.0013721091737233237,-0.02638868136123529,0.26544117823350755,0.1899493417219631,0.11002659660762848
2950,0.05727858863584944,0.9284286536451061,0.6969845753130028,0.1538592490771601,0.176973667090489,0.45957308677626973,0.19266087221656814,-0.3762310970526528,-0.38173157419051074,0.02627288665423677,-0.015651098223635085,0.15368108374589573,0.09600917442013135,-0.02530771700826806,0.3573324798625682,0.5154516637541025,0.2301554761725253,-0.035289282977913006,-0.8719148434727457,-0.030601778831189863,-0.03624103448058258,0.2705293567144931,0.24083526000955902,0.10248453109633737
2960,0.06741841930253842,0.9247190150875095,0.7002537092127609,0.1485530324665535,0.16634981591880993,0.4845808185693039,0.14570402149342454,-0.173314314370266,-0.2617418150636024,0.0574411867935013,-0.021165390335482037,0.17862151942468552,0.09881287390117943,-0.01719111761996528,0.31541834191518225,0.5174558802235414,0.2325458600627841,-0.11764222257324453,-0.8697352459666603,0.005738596425647002,-0.026919265889637778,0.23770581517316325,0.21283760362448867,0.10173081117990057
2970,0.07428196018434845,0.9187292206192014,0.691493339260626,0.113392052286167,0.3106161883054964,0.45111463130492346,0.1878980283101418,-0.11579785155268851,-0.3737106994727901,0.04928698012391164,-0.016164916705688537,0.1812240771229513,0.08887284289180974,0.029329777652038924,0.39087497282002837,0.5163929360653443,0.21494945250496622,-0.05239274919363868,-0.9433222316232182,-0.00243747134261052,-0.03515132207570848,0.2640923899899621,0.1736024555490051,0.12725162091091413
2980,0.08811895455552046,0.9166566799142367,0.6920144406003839,0.17866160224752758,0.2887794150614116,0.4932164277963348,0.18603142056732802,-0.13619005009338525,-0.29825110138389843,0.010662468129199576,-0.012657351372635794,0.16577256542126817,0.08995085337641984,0.0064911481493201695,0.4116869477596594,0.5513078709755341,0.18747300768524267,-0.06299764109507455,-0.7415265088833918,-0.029817553914715633,-0.03167465239016165,0.25500887751732215,0.20601510960212877,0.13255519051049602
2990,0.07679760500123207,0.9209841114289632,0.6802978096023932,0.12256944286136962,0.30916941721081725,0.5014970239318645,0.18619706972042127,-0.2608979933058886,-0.7276434533587424,0.0531998084828923,-0.044358214851747624,0.17032464565661787,0.10175447497544698,-0.018531166850254133,0.3954579465726552,0.5395292674576269,0.20239258243631364,0.027312577592521814,-0.4442359332238923,0.0030532306410792076,-0.007262844558328041,0.2191373100287226,0.19342418849635135,0.0906603251100262
3000,0.07366379267277068,0.9223671177027162,0.6934137134880604,0.18194131098334987,0.16906799821163432,0.5127838366740858,0.15445202549581016,-0.14513660340043488,-0.347485958744721,0.026787183867418962,-0.029196836314651975,0.17631825452103767,0.09440202968372091,0.014392803082538763,0.3686476852639209,0.5324039767024357,0.15181495852926374,-0.02443108445584441,-0.8245395954575505,0.005823228597166774,-0.02260359298150294,0.22987292713083807,0.20636482095875341,0.11526027778091497
3010,0.051129925037994725,0.9321423588460994,0.6975261770379168,0.12718335944305126,0.15456998863389515,0.48289461576394543,0.17244492976069437,-0.1605949418182846,-0.8244158230372078,-0.013936381899366523,-0.03013842297822844,0.14155245445033637,0.09085315260150895,-0.0034737468921790526,0.3580170464336071,0.5331883216111366,0.19065264555647965,-0.09179997281434193,-0.5495908392941962,-0.04488534218885931,-0.02156244265702978,0.27856524748504596,0.19264612536189885,0.09155845227598303
3020,0.045931675999936174,0.9340600434853178,0.6976364346521414,0.16312946823704966,0.10561297371630973,0.45309660258905726,0.19819416624447128,-0.3507929541846222,-0.7865031982476725,0.011000581531981246,-0.048519527105027604,0.16178325860536968,0.08549171851277837,-0.009444917170038147,0.3145408180283663,0.4944291356352586,0.22402302005750274,-0.026534720204764328,-0.5444721127126892,-0.008421303145228265,-0.014398451263477385,0.2215831993394538,0.20986031765293667,0.11090711988164381
3030,0.06714610789237659,0.9249568402820311,0.6839239482382343,0.146247399125099,0.14458104529790927,0.4738883082853348,0.18313335891041094,-0.13776991775106762,-0.8373639737463467,0.010323544572793386,-0.04137541148373436,0.10649433715458734,0.11138895595677656,0.018240155967392813,0.3644658264966043,0.5226847623614681,0.21506801448907287,0.023285253851237586,-0.45773236336754763,-0.029774248375295187,-0.02941318078166799,0.27157003687541836,0.19264030685449762,0.15948605504696456
3040,0.06701581287201008,0.9229748862683,0.7003827616285302,0.15935397750275893,0.18248849933335165,0.49512641332440654,0.15300376093787127,-0.1442274004016062,-0.3696209357817437,0.04835311752499649,-0.008723757689137246,0.16170742601150845,0.11322840991313143,-0.007695112617603028,0.35219325776977306,0.5321300474134179,0.21896449477934643,-0.11819988104670842,-0.9055102998557818,-0.008932351749241452,-0.025987628834532428,0.24324463588220036,0.20683060596957148,0.12960479192623198
3050,0.07347027593461442,0.9247754980000109,0.6899701966612103,0.1350055720578649,0.19438829984478845,0.4942374736408829,0.1535136428165036,-0.32701006657714515,-0.22392509614358258,0.04751947200985107,-0.015965505930975565,0.17054768851211743,0.11319179490035447,-0.010999020657746383,0.36207417487998295,0.5266472348336972,0.1697742483968493,-0.039660329274253225,-0.7702083328772136,0.023004722624577756,-0.025888939596863114,0.2597083243146452,0.19571138417701506,0.11120905267555203
3060,0.0662238648771994,0.9297213383608687,0.6921751837156611,0.15875597106419947,0.27959374539447834,0.4817077315497039,0.1679582513214316,-0.43868645984396726,-0.2393076486414487,-0.01174712277159129,-0.036838892022010405,0.12893959561512292,0.1106287228110514,-0.018921894359237523,0.4137397232640233,0.5379179860320621,0.13604037138924452,-0.0396755917691185,-0.7284307317494807,-0.027414034707062607,-0.006781428085855357,0.2422796913288151,0.18252895693245907,0.0984142196683685
3070,0.07010330874078534,0.9256124433056131,0.6876089380237657,0.14189786882511413,0.29815536023957234,0.4778145108632452,0.1701722238708746,-0.32450636159333657,-0.7204178534405421,0.02960329242143034,-0.041475413865290855,0.17132104386073788,0.07491166325590448,-0.00913574828197583,0.3989663208628563,0.5418558332110647,0.1975429886367549,-0.02718885378193825,-0.41959337378108974,0.008267234540345503,-0.04417801609235972,0.23608793361917124,0.20049067743357196,0.11157815275238137
3080,0.06820268644743559,0.9225110640600935,0.6963481402484605,0.14301704647355007,0.30079826944770705,0.46778248206665896,0.19316217470275476,-0.14444484447648565,-0.38172336731518985,0.04911783895378108,-0.016285679063667846,0.15350137299035138,0.08422434620893271,-0.01143822094527902,0.38912608738316323,0.527185586264836,0.1861551689754748,-0.09910904485703309,-0.9028679419323828,-0.008424077465466029,-0.04176493512544943,0.24349932887238468,0.20223150946537827,0.09851331477212821
3090,0.08852378536788023,0.9158128541392786,0.68305166275043,0.1565885217981664,0.2873394733000111,0.5007647708513068,0.1908268600546601,-0.18445271568616195,-0.307633061990523,0.01117472209156134,-0.025695208951291626,0.1768527844828086,0.11348919010370806,0.0019389863722606426,0.4220033743680126,0.5423142119022761,0.21525266275845234,-0.007998263091924196,-0.7549870759992827,-0.02692949599201322,-0.033206533657376136,0.2624674978832091,0.19280855227376614,0.1260802398538583
3100,0.07869237084069775,0.9223249782736038,0.6831167664608234,0.14059538574350428,0.3021065377678175,0.4845878837421299,0.16759096919139382,-0.2528574860084336,-0.6106208862456586,0.06452082546355953,-0.03719430916204236,0.14832879186861225,0.10743767314061525,-0.001030095229212602,0.3879780983086959,0.5539791169976875,0.16923637418845883,0.015610593935807437,-0.459197591144914,0.004814157863637258,-0.045110646760734285,0.23657694150787723,0.17765521149677788,0.09753224098907343
3110,0.0636597673386483,0.9282390351137988,0.6898245352083133,0.1607964920930437,0.30038259181148363,0.47039252976323054,0.1831589550257644,-0.4150009186107646,-0.7537996916541316,0.04567590673402189,-0.024520093725630243,0.1399527842116327,0.1003653334905854,-0.005415730167680488,0.3973964810484947,0.5235683247331744,0.168424215322864,-0.06712132486905764,-0.4284808167026877,0.020819881809655993,-0.03169504053174155,0.2582583606987596,0.17059500687851836,0.12310186675207924
3120,0.06953768773120866,0.9275708636248461,0.6893654885029354,0.15593652608830233,0.3108742954258973,0.4520262391469394,0.18503329080227549,-0.4382686635593094,-0.6474699125322536,0.004212226591400192,-0.034090136230521706,0.14759844920894827,0.09550150651115763,0.0026820595705898675,0.42589302954561437,0.5189371530296057,0.19561847800665322,-0.07403762416376969,-0.3973584061284008,-0.029851154107507938,-0.009100284675155779,0.2851264677198384,0.1951241124278703,0.11590378967720794
3130,0.07880745042920403,0.9212460991293696,0.6872950237865999,0.1562504941312408,0.2987258073782223,0.46109259353968013,0.21592152018680988,-0.2971707385601301,-0.3272110628642264,0.03381758823632974,-0.026589820509224538,0.12582483008017642,0.11854084546951027,-0.007783752401844035,0.40803436387539993,0.5263744236009851,0.1776750083667067,-0.034725383465822546,-0.704348712201714,-0.00029707756482499903,-0.03043901800345994,0.25152973739898554,0.222014885278651,0.08771992704183362
3140,0.05849705227859067,0.9265134541607615,0.6926907652778093,0.1283806937812515,0.18524312661975995,0.4732420183744478,0.1731147748420272,-0.28169810877997237,-0.34308198811526536,0.050597452049498504,-0.01636298307059736,0.1637006127784325,0.10757416394748742,0.0038720908227688478,0.34702803529378745,0.514041067350337,0.22066001375064803,-0.05152115039374183,-0.9537834409571173,0.008255238418687028,-0.014968116885790916,0.22030035571061157,0.19317704002503155,0.10066720228811299
3150,0.06816369936178848,0.9270051883176695,0.688838918744428,0.16783379499183393,0.15916718683150366,0.45822191621955743,0.16556696442377117,-0.16634119791223334,-0.6466220663310616,-0.012510964363745769,-0.032663799051966036,0.16434030473373729,0.10760791800418601,-0.02926464743443291,0.37571292995453276,0.5224944010933996,0.1697960137987431,0.03922926630185164,-0.48564497020931063,-0.062496471975071355,-0.0176757784556294,0.22697065194401156,0.20079441559872013,0.1269218184351606
3160,0.054797640221290245,0.9323383277891147,0.6963754692742036,0.14127063952393304,0.13898901058807633,0.49869794956614943,0.15334875334069886,-0.3523864463759736,-0.2778713437259328,0.04032554585173731,-0.05631635222012221,0.11650873741073642,0.10662493804223161,0.0030986087275458596,0.34857208964051956,0.5425282618295846,0.15596281394388667,-0.04812227966047433,-0.8920486256367712,-0.021435787786334703,-0.03261492748984196,0.24706724718179907,0.20195026270292893,0.13660134919271838
3170,0.06372824069028643,0.9288279772336121,0.6887540412594626,0.17370290353065532,0.15098112919533113,0.4754803050640224,0.1791750428600386,-0.26964479694730126,-0.6794761992224043,0.013744551481170264,-0.03865535314827295,0.18336978545803773,0.11127812694342898,0.002381800301771264,0.3250549263172444,0.5145401495066597,0.1945166114845328,-0.0007817321768461838,-0.4582230047338245,-0.032397733242215176,-0.03252166390031164,0.2397960223149248,0.17846812572065718,0.10750405768871651
3180,0.054472388151210444,0.9287834831315358,0.6886431935532633,0.15509137520313787,0.1689396355263436,0.48202086374131337,0.19306612657418032,-0.2131736194615239,-0.8551033043404996,0.01314056637394001,-0.024274072234481858,0.15159110900755635,0.08772078238890535,0.00041210194813379175,0.32369225259891365,0.5322113034737747,0.18049310908958482,-0.013112790150445308,-0.5806503782916024,-0.008520350664968923,-0.02184801815269588,0.2558211780247729,0.22664244734735028,0.08975983317373037
3190,0.04384314104472519,0.9310999995968203,0.6962307030356707,0.16334783791456986,0.16564372481803313,0.45383109786610576,0.15826844593652212,-0.1578486811389539,-0.9847861479596463,0.047670827979175434,-0.05540052544068752,0.16882829807287814,0.11488298366159422,-0.016253550838626785,0.342743060877035,0.5075387583417537,0.1797516107859597,-0.03966737758631478,-0.6638781599457853,0.03061968429764028,-0.03407153108666505,0.24242127705826788,0.1779675449251208,0.11909678340125263
3200,0.05484292531348902,0.9311860429035743,0.6910890895720444,0.16030318218291362,0.14701122145954293,0.4745511445596208,0.20939254231054816,-0.37132827238973265,-0.7935392203255287,-0.004347095901746645,-0.019253861019249197,0.14756831278148286,0.11303232298963162,-0.017802578716504813,0.34557949423501144,0.5275277792689266,0.18974718902903365,-0.03213933299700744,-0.488908435187277,-0.042274301347102305,-0.02601346997283449,0.2857299526889481,0.19898547659854715,0.14787938133604572
3210,0.06513226147881887,0.9219623295082787,0.6991462690499383,0.13867410879866793,0.265236395963552,0.45462732572407594,0.18133160521061698,-0.16147876006538175,-0.31418196655187236,0.020077687153938317,-0.04037830186833191,0.16708965200589077,0.11124489060686749,-0.006606907688511576,0.424846095735641,0.5204812607292164,0.24164145416126515,-0.0861522130330441,-1.056088429125321,-0.025945501821714734,-0.0015936104624403313,0.2374447616248846,0.20094025295208284,0.09656769100511464
3220,0.07690557378538543,0.9186815128625013,0.6866882501499273,0.15526366615289078,0.30996060890163624,0.4940923892250091,0.16335254220974005,-0.2689958825339116,-0.32259457057041985,0.04540628167072125,-0.015299599471953806,0.17916922532459523,0.13232108390475295,-0.0315931910130931,0.4532132714875906,0.5255448815819228,0.1740785588769974,-0.024497090494247198,-0.915569495068256,0.015755569068233277,-0.01319669823393621,0.24499604132433683,0.1900656785290037,0.12354377862148125
3230,0.07043486996419611,0.9214467548055507,0.6918868113237812,0.14541070034597592,0.3269488762297553,0.4863791314668663,0.18612289853073127,-0.18411591085182688,-0.8318928019336251,0.05391210348453801,-0.0294660910700435,0.16947850897100092,0.10984056770697004,0.00040380367587133925,0.4214321865180456,0.5296871641863564,0.1770927968653191,-0.12489111026168254,-0.5349654672887341,0.020984336098778367,-0.011451791401360989,0.24852594297226183,0.1846152388858826,0.1350811861170388
3240,0.0801758206351342,0.9199821247510427,0.6802123108150481,0.15880096110393227,0.30687516868132103,0.4995249792534935,0.1880328265208293,-0.20528621677877923,-0.7375030659947943,0.04976876816488929,-0.03403457480866989,0.14260199393306705,0.0899414753622595,-0.012636231100479733,0.41043894052175,0.5457984332674578,0.19844847808484523,-0.013243738405237293,-0.4233517186339937,0.021835670509844807,-0.04432615839045462,0.2732777272059397,0.19529823093611198,0.07343028390448592
3250,0.06757852817351322,0.9268511809492468,0.6929531170108373,0.16149326315058832,0.1728742134196869,0.49481794996860606,0.1710163411428779,-0.3195545820567729,-0.3594108756899579,0.029001049167562742,-0.03975433372792514,0.13793178453323252,0.09418570881440902,0.014687528548658624,0.3505423437515638,0.516849844794105,0.169074498268458,-0.014062218530766613,-0.7408205549586913,0.004827415339980656,-0.02747801398165617,0.2752094932205762,0.1981632679990164,0.12955496847022496
3260,0.06397207306309555,0.9288913069927243,0.6970757981154683,0.13104848651908907,0.26441750587918134,0.47606601120714565,0.1788357447999942,-0.3574972267394665,-0.7274937193300648,-0.013431771098285195,-0.0215347901058216,0.16049125791138552,0.07136158011608407,0.007395209964517924,0.4008825090406273,0.5298142873679874,0.21912351303385713,-0.05760058649548827,-0.42001387883417673,-0.04064231420042663,-0.043512476129319966,0.27691682165074727,0.20072265274223322,0.10806471702520615
3270,0.06897735780397199,0.9224548170486012,0.6880246353812312,0.1335611387681842,0.3123568225447476,0.5024363636857012,0.2306715158005308,-0.29829136045382865,-0.262877823255228,0.015015918019734897,-0.038001446301079156,0.11631847741643608,0.12053338819450787,-0.018317600235040032,0.4041621210137465,0.5369254261678734,0.19269587260631127,-0.011872977892234182,-0.9734902197659201,-0.019220171160025945,-0.02552234833231304,0.2636049712606272,0.17519044830557784,0.09264599749510205
3280,0.058214363982750955,0.9296233410848278,0.6984983265907424,0.15287757533159751,0.13663278321043437,0.5015932189579277,0.1316873014954849,-0.30317741244684515,-0.26913338500685824,0.054360149637972754,-0.04251182223038863,0.16151490359531617,0.09588124392425967,-0.01193090169375477,0.3242910560226039,0.5332843086566537,0.21780514338755663,-0.08852323498356252,-0.894913112703082,-0.012776831281223533,-0.0048536488668502464,0.24197778348985022,0.1778044890996402,0.12061203604103754
3290,0.06562133291045649,0.9252578852250133,0.6961825098115793,0.14425243630310292,0.18044621335494138,0.4731123058942964,0.21041815303094624,-0.13097921749068364,-0.328374642348376,-0.016049045554838548,-0.02076298775699903,0.14706908386120932,0.10367985276297531,0.007766300356661371,0.3207861115107338,0.5025782595374861,0.2077806891681654,-0.04058349083701507,-0.8771046864772261,-0.04319104139047569,-0.038235033666849105,0.2880033718890066,0.17954927414605626,0.107886084826468
3300,0.07341797328322383,0.9217104903254881,0.6946235774851734,0.13821737225408093,0.301994006486474,0.5042880811061263,0.1670572494979452,-0.18658824877339608,-0.7580350752728038,0.03491850809782793,-0.04754294761246913,0.17800872147627245,0.11331675819629083,-0.0020327578441126093,0.43355788628078895,0.5145836880271943,0.2235183868058399,-0.1237159947607489,-0.4909136333813624,0.008672247175981473,-0.021325111011318842,0.2555976763190725,0.19651843954548698,0.10168218633453052
3310,0.06624452395470572,0.9256697860501144,0.701956766249805,0.14376059533469,0.2098326720863427,0.49973164483663113,0.15568432346551042,-0.20424674143148325,-0.37049778641443143,0.005700862556567876,-0.0022383903825204943,0.16745332725716844,0.11174132057465402,0.011362112449336936,0.36521100565622,0.5460917158200134,0.1923130814572288,-0.11514999117194535,-0.8147096645979173,-0.02524283377921721,-0.02276610428605097,0.2577762364193029,0.1606322122668944,0.11869540493182484
3320,0.07309959201000786,0.922618725590828,0.6936269459074399,0.13045483834949456,0.2954124829504209,0.5086133007250826,0.16922020950345695,-0.1832864449116023,-0.71531332619186,0.0063079171816943225,-0.04172978233386382,0.16069141416054922,0.08187071143447533,0.007075586194442374,0.4235452995193122,0.5430024939372885,0.23269155427725918,-0.07684607457709869,-0.4950840405050485,-0.029748206818563494,-0.0069319997744714534,0.2455182239422432,0.18212286111166587,0.09750441403528853
3330,0.07160441410319543,0.9189456306753031,0.6838211414572937,0.14166400038618854,0.3146402188939137,0.4808358449676291,0.19441697908871758,-0.2605361634229044,-0.402904577386469,0.05192586923467313,-0.018507443219986097,0.1360242542483584,0.0939082856325486,-0.007053659880443375,0.4345137970867424,0.5484231783627175,0.23196417407288084,0.002455692719317115,-0.9674463773699167,-0.0013707476542452746,-0.037482218135371115,0.2524086686180269,0.18774971925801542,0.1280632006667105
3340,0.07951190133422727,0.9211345263277289,0.6928929839939704,0.14055697173692672,0.3109040361121346,0.48571083976193286,0.17444259409305551,-0.18418464577770788,-0.31747979489819955,0.002185957219531298,-0.015341695318255022,0.17524772857769888,0.07233816302756779,-0.005887371640043826,0.4072619987568542,0.5433818684449507,0.1673224333485831,-0.08309604131173232,-0.7615628008401389,-0.017780294353721526,-0.02333660073643018,0.30367627525810026,0.1872546675648643,0.10813563899280165
3350,0.04768528249926798,0.9343730660659162,0.7010362908970055,0.15599221029171073,0.16410845607304891,0.47401244116808916,0.13880914527662103,-0.18109992704623967,-0.8512984258611254,0.00814462125707982,-0.029491620322408263,0.13326011599488352,0.08227444851977428,-0.01634286511583727,0.3397348041945272,0.5186345934883336,0.15338299389996235,-0.09309896270868889,-0.5327975285345108,-0.026919302859429006,-0.030790309559409312,0.28682711458342536,0.20618639524758875,0.10186253449723148
3360,0.056233384135673185,0.9322257954240708,0.6895923485172206,0.14232893169981298,0.1878867199986164,0.45129662866387343,0.15409901438982443,-0.3550737780026689,-0.6953223054167972,0.020233976380302443,-0.015497896092464991,0.14309912996558116,0.09555511966511565,-0.03042143999628455,0.33396676043965434,0.5164227382577965,0.17688758595484133,-0.05275773232376468,-0.46495075857617607,0.017906505073887247,-0.022044093866464554,0.2641290913021268,0.19996145897665318,0.11319541035567193
3370,0.06237992451513463,0.9257255715037606,0.6923250531003374,0.16339964678672847,0.295534545614517,0.46965363507117697,0.1655473226143518,-0.1490605881562772,-0.8760211726379781,0.015543332314774672,-0.023045287972803807,0.12051144529955304,0.08198923605301267,0.02702167255995802,0.37575138037690625,0.5220071407851715,0.16685009517318505,-0.04809144005226473,-0.53322192616188,0.015779281016193858,-0.03447481113729611,0.26428177325257285,0.19118080727855746,0.09884232673966775
3380,0.06283764140079284,0.9274345788055888,0.6982449092124711,0.13013846753013103,0.28020568785842037,0.4850921266956647,0.18659940034224876,-0.19508255954299214,-0.734254837864275,-0.00891916326604636,-0.047189323447226705,0.1733752186590496,0.0875930929712655,-0.012616642516201093,0.3959981574619421,0.5355469786938238,0.23728060760083403,-0.09758180346420842,-0.4940767242455537,-0.05935859441139435,-0.02764300729810998,0.21576588520753393,0.1806380850254209,0.08807941742632286
3390,0.07096926143552487,0.9218063177472721,0.6861073231528637,0.15478698596969565,0.2942670976581573,0.4967232504971971,0.1953306439211666,-0.23772442576078334,-0.31539817197289577,-0.00484917708290955,-0.03890027696630183,0.10286165612921683,0.09070335506377714,-0.02595228864323751,0.4056324467239104,0.5472447615308659,0.2225627198763901,0.021872397678664668,-0.909604663826022,-0.017630279232241364,-0.03207006786895561,0.24628414856738423,0.1996301250936896,0.09458425278925398
3400,0.06459917568953431,0.922868921447857,0.6907909693007326,0.1346489018095861,0.32197959711367086,0.46981832542333635,0.1691322289610021,-0.12700164709384354,-1.0437941097898884,0.04148956475898402,-0.0425707131230566,0.17746904882651815,0.0893774929014769,0.010744579608857885,0.43435577353575316,0.5290274933552543,0.18558948475466364,-0.05327067294205512,-0.4940192900005327,-0.005955807460426454,-0.02483545054473635,0.256127145871094,0.2034972998171981,0.1247734436973642
3410,0.08710750634327503,0.9162510164271551,0.6881606630891685,0.17695111242812533,0.30165090156628716,0.47501195593612544,0.19188700356952582,-0.12797647856962668,-0.6625362637851846,0.012322012021562245,-0.047426205560505474,0.17278969006634814,0.1094896420755278,-0.0049872113840754295,0.3977384340706388,0.5289826641710187,0.22686072249794376,-0.0413514050730619,-0.4581183997117242,0.0035260466983022543,-0.022223370694800515,0.24778024435687485,0.2173502760500502,0.13153626247942407
3420,0.05311947413002055,0.928484203570485,0.6904565101876321,0.137503244564816,0.2975325165859538,0.4815499994865612,0.1543146987661237,-0.35998271738969567,-0.8714225445757569,0.03936138992357241,-0.01678947003711717,0.13327724250793205,0.11155812884043126,-0.023776038503374064,0.4240068423229415,0.5298000390002422,0.22278658729571077,-0.09584254945486803,-0.6004382735037395,0.005875612452573953,-0.02892851372374028,0.2577440765550866,0.21121475018349212,0.1061639354332854
3430,0.060685207469060795,0.928769350096098,0.6989750174610612,0.14485666100822137,0.16014502809030828,0.4910818815221557,0.17634194738086073,-0.14223068809027373,-0.7213401060767832,0.0023516559441989493,-0.007035756632503665,0.15973702190516237,0.1056006201426759,-0.01019793288967219,0.34171709191300037,0.5264531527072085,0.17375406362380175,-0.09573038570411341,-0.509145487586776,-0.011388696438381585,-0.03532416383669301,0.24333642161634317,0.2015084741889479,0.07989855406258839
3440,0.06401211186730199,0.9244613841531254,0.684738596192957,0.1462159375181057,0.1832210988237406,0.48041307950118795,0.204846812451426,-0.28099520783033083,-0.84853941960804,0.04805098839120736,-0.01030042662151942,0.15554943747433436,0.10464676728850819,-0.016703508780419707,0.3597093757196361,0.5399799102090745,0.236537175513011,-0.04726188940623688,-0.5080056519787457,0.014060441849100824,-0.03354092560078037,0.2911924556024309,0.19757830945238264,0.1275995892452686
3450,0.06509040501163693,0.9233425373595548,0.6848313722504026,0.12290302018031218,0.30219768297292227,0.4783929364314474,0.19302286883546615,-0.24464483473496834,-0.9495560889179271,0.03915393468596917,-0.028125409343336738,0.15956664286235933,0.10408119521372472,0.017914954669458028,0.4248679880807079,0.5333716178729848,0.19897819394242733,-0.021987682073055348,-0.4998776681942809,0.015979533242791666,-0.034154029554859466,0.26448341162506295,0.18873864703030263,0.10159159041686694
3460,0.054539598382090514,0.9322669459548727,0.6909334221683429,0.1492045608635666,0.17527576953231616,0.45708933685252684,0.1765153951332925,-0.41396151424812055,-0.6948119712683114,0.033428963124910505,-0.03716286500762389,0.1569393997874845,0.09650916429888368,-0.008269789611869083,0.35380580147076035,0.516299844380534,0.20087315322156674,-0.06791626599335765,-0.5073012225548634,0.004706869687131521,-0.014288293967445354,0.268302689731187,0.19797706354267253,0.10211547704865931
3470,0.06680276838583304,0.9240063500530582,0.700137145161342,0.11111958424646029,0.3347610599616816,0.4786288983873268,0.11962950300175046,-0.2093324244759791,-0.34231511201255516,0.029995567818653424,-0.029289023939204295,0.14586364278082953,0.09573530654083762,-0.010172686029423561,0.46337659764267447,0.5234037402510662,0.22250490915769117,-0.12606668978047497,-0.927719790679499,-0.02739366309381097,-0.03225362159009104,0.2575533304726072,0.19460254126133725,0.13022646618061584
3480,0.06068423030978959,0.9271899924824198,0.6995369661878734,0.1547211176256562,0.1712098331069416,0.49336195384880155,0.18753681404046074,-0.161504791824866,-0.8486343798776115,0.010562645822911554,-0.05601392222156498,0.16976907362206206,0.09071026223378398,-0.002552604427990879,0.35109101880783267,0.5460958372106772,0.21507423997137376,-0.09009891305538553,-0.493926022571165,-0.018443962836800942,-0.010508294201517776,0.2551394013642425,0.2176521360383501,0.09312739382939017
3490,0.06374873533420014,0.9224706209674075,0.6863485726747298,0.15278055566155624,0.30635747016674475,0.46484198367372576,0.18799679922425827,-0.10744407249963372,-0.9697376836158853,0.050502244151870435,-0.02129136891938077,0.15095968113105174,0.07977673299275978,-0.02773123923657983,0.41519262215855246,0.5244140921755884,0.1811290799843489,-0.05670251382415348,-0.5707569375712385,-0.0016014833819422147,-0.01711276362813896,0.2630337998365677,0.20865126994717897,0.1254651735909521
3500,0.06058758606841489,0.9289603522761727,0.6967963006572663,0.141072506194308,0.2842626673624803,0.4475489738462275,0.2005490571963937,-0.5276700191199917,-0.3119048641071813,0.0035147265647960113,-0.02759402562430413,0.165290830320711,0.11938557128549421,0.02572666857341599,0.39427896289798436,0.5328858899613993,0.19102431883540982,-0.05708680923038956,-0.8338303359465402,-0.0008403827378642426,-0.02804340134882488,0.27552766918388194,0.18143736712927472,0.0968039362000318
3510,0.07082135367537153,0.9228785870889292,0.6932990422338327,0.15714438813385245,0.2992139579602894,0.447391316402299,0.13971367090007702,-0.1729454825264991,-0.7506231929157177,0.028851309965814642,-0.026965757797933865,0.14037100181595907,0.11357010972478676,0.012758482395241466,0.4317358969905394,0.5391322756500089,0.21944665102504646,-0.10204477642085741,-0.5474093513935354,-0.02619071347828883,-0.02377957188784352,0.28135786010828523,0.19842683885524315,0.12809351367603505
3520,0.06119743893899018,0.9251732798591294,0.693375032983161,0.1253405438522016,0.1649027556170365,0.47008027652799145,0.21549622807317914,-0.17041939104459547,-0.9076665125687537,0.05477924467539996,-0.0062227408031854115,0.1691133827839515,0.08351407691371071,-0.008082901929786779,0.3454036352464648,0.5340645898527782,0.24305819312352772,-0.09665311119586262,-0.46176449631714456,0.015703665629621,-0.007897556262480121,0.23234190730345128,0.18794259879425224,0.10211182944703678
3530,0.07246312331943588,0.9245102136601439,0.6886937033064201,0.1441332727056338,0.3009944125046842,0.4900783837412871,0.21453053177177817,-0.3717186796574359,-0.292072093962894,-0.006511869530212655,-0.04005044953191561,0.14242222625310474,0.10704161989259686,-0.011823572374748625,0.41205105230605243,0.560701633304194,0.19997895561059764,-0.06399145702641529,-0.7542879574829806,-0.02044486537869261,-0.04354291653680531,0.2679133894372965,0.2015920674227467,0.08473190624028226
3540,0.049857749124354665,0.932283069050674,0.6907748489208642,0.15217590774137768,0.19897454481251275,0.48245605093447064,0.2114924165275326,-0.4065547189936427,-0.9191067813269194,0.0017526163592233024,-0.035536833756318,0.15507431767022095,0.10297573023735718,0.0028973457924008628,0.3727596034280036,0.5296105687322628,0.17804534769927394,-0.04466514038469804,-0.47836897596403594,-0.0231715554898555,-0.026449050288609,0.2682406946101753,0.20951783192071038,0.1148928113500044
3550,0.05980561357770691,0.9252533105498714,0.6975813432362221,0.14762429446728076,0.3062440473443929,0.48133608776812076,0.18314575988822257,-0.3485823042109537,-0.3896293862331721,0.02519951234364126,-0.03673258792677303,0.15562262724395248,0.1259587269700072,0.012809513621961144,0.4157820357153138,0.501917931733193,0.20913853267109772,-0.0626573125383727,-0.9770773032486499,-0.018738585182719758,-0.016618332528376634,0.23339900879220543,0.18508217945259864,0.12269343898887519
3560,0.0660419003361205,0.9267065311613502,0.6881967501716547,0.15001715854405606,0.1554699432493658,0.48629868822944067,0.19193133495442483,-0.3025088454357958,-0.40736720248872516,0.051289817749051725,-0.017497631622383603,0.15948299186668025,0.07967421294355514,-0.0181126530890392,0.3320256487556116,0.5162770007970097,0.15452037514204442,0.009075348010782913,-0.7141875163687301,0.017750515601171912,-0.018296091084831767,0.24184054217128914,0.23184095944307848,0.08735530969047356
3570,0.04202709323670691,0.9343463593378003,0.7017573255626539,0.14966340199858885,0.15631219213798397,0.4422408431190026,0.15764536301416832,-0.18901251346527226,-0.9449745090926109,-0.00031047875976586425,-0.038350548113264216,0.16288038905910274,0.08737959384431893,-0.008141765016072888,0.3373192945580551,0.5134182695656057,0.22725532524554026,-0.08801729131249347,-0.5555073755836353,-0.03492449116914087,-0.03625458439402851,0.23950646483565252,0.20460723629511868,0.09983414120399214
3580,0.07343052159156452,0.9241719239458189,0.6946499116445031,0.16410474022993993,0.14539826179494297,0.47694251852089375,0.18223653231264236,-0.20773722121590943,-0.6291827208405185,0.04605365730291566,-0.021367851125818405,0.1571205116250226,0.10293210116608098,0.032830154078311136,0.3330312017171604,0.5189901245457387,0.21922371509363137,-0.10775235490518242,-0.4344178562108312,0.010266285449836987,-0.012705049044910766,0.24128880889733817,0.17821814372229605,0.14656725030927453
3590,0.06241301411495536,0.9276668338335875,0.6944344002540767,0.1417096166181976,0.16013710291645866,0.47583645297318544,0.16745178321884213,-0.3126950277184386,-0.2937861903140533,0.041476398225532174,-0.014697612119427328,0.14642364182015888,0.07244305315379729,-0.004463445511424524,0.35095080014809943,0.54810459419312,0.2060405010181987,-0.06009797723281696,-0.8658285654821543,-0.018972263454207328,-0.035736860216470934,0.25384517384574723,0.24879072904355992,0.10374139128815874
3600,0.07001756584233954,0.9235415087291914,0.696829031258026,0.16995235196074465,0.17342771176172533,0.48014032951259844,0.19127713498061327,-0.08786467668455833,-0.3119660618301541,0.002059347070005546,-0.02293282509068062,0.11645855199191957,0.07926975258371882,0.006385442230613214,0.365448802629446,0.520989644672168,0.18233999521399114,-0.031945986180083485,-0.8709558600417451,-0.0097095598051542,-0.012127549758117473,0.26365021068975447,0.17600969749763795,0.09046242928468717
3610,0.06907725546935291,0.9218023093696874,0.6932361653113814,0.15851583749223408,0.17112983826317762,0.4704022727481726,0.188878338541819,-0.08114308989925112,-0.3747488423538825,0.013036530452186335,-0.030965913775856002,0.1702500836920936,0.07735974814393565,0.0037308336721767477,0.36020687927578665,0.5433024606106605,0.1994206488192145,-0.0454515260203423,-0.9439783722802382,-0.014575083537446742,-0.03332208491761324,0.2566333784492211,0.20651731653403316,0.15542311094633
3620,0.06313200650898444,0.9285630787089955,0.6874647176583637,0.16695114048584292,0.14746103395831478,0.48454348439224804,0.1952780123619242,-0.26831020271230144,-0.775277988926625,-0.00037552114995254016,-0.04078975272399887,0.15784934108084903,0.08282949711887289,0.003251614941459313,0.35085669999388047,0.5202013282550948,0.18904682730140843,-0.024668488426699664,-0.42562137655441723,-0.021026672202926644,-0.018484859210495586,0.2752925038526618,0.2014833608561759,0.12528215399735743
3630,0.0675067900256148,0.9285710947205491,0.6868377852972088,0.15292985796962455,0.12583430164490228,0.48438529741383385,0.20048151888805754,-0.37675565434679803,-0.5448701340599493,0.020562330127920747,-0.031043067661656876,0.13516517915830306,0.09590680150620134,-0.013612834725398093,0.33788478060498806,0.5156272202753791,0.211053168228019,-0.031837953884827686,-0.4437953374487782,0.009316383947595042,-0.04252915223919729,0.271390600163112,0.21447379593044624,0.12707548904613342
3640,0.05148895774257559,0.931312597492915,0.6904179648502717,0.13750318178195797,0.2977690070218644,0.4307107510867636,0.1689378567552906,-0.4275779756055935,-0.838727251597688,0.04856291650421196,-0.03440559157379952,0.13598572115293928,0.09799140825929142,0.011284143839370153,0.41116976280646267,0.5146715473202469,0.16850768034895536,-0.0674804943509808,-0.5436344275920904,0.027228671649020653,-0.024300910066926473,0.23471546711260005,0.19005077485140187,0.14230587289078944
3650,0.06149376215435916,0.9279756229297855,0.6943544963561166,0.1614693890952248,0.1598658841234949,0.45682754156814476,0.16282112070621713,-0.171977819250412,-0.7044657916453076,0.038419267768803445,-0.05576251828408019,0.13002859086351393,0.12188255815748938,0.0284806709837796,0.35271823275533787,0.5101199454445724,0.220108415337398,-0.07395928742220637,-0.5635041893660147,-0.014892392419101785,-0.036599593188206825,0.2724449379714642,0.1561085512478798,0.14123549079355147
3660,0.044822566460895955,0.9320996179656181,0.7039097155584427,0.1465095749705002,0.1856389076077174,0.49571741541419145,0.18056318213474476,-0.17604056254380684,-1.0001891565032102,0.015350184336824446,-0.016200731265745505,0.14882222181353266,0.12324788396578423,-0.021926191491322244,0.3241619247266232,0.5222740403849879,0.19527166571029153,-0.13294772931764243,-0.5302470713652392,-0.022201931555431598,-0.01559334822194458,0.24443664389591724,0.1881448887446695,0.08648208423737302
3670,0.05274369707632799,0.9333149587424403,0.6962378396722803,0.1526604757994472,0.1332074267810317,0.4990546571228225,0.1670170640366111,-0.30615917664000136,-0.7868255845343255,0.014403339078094435,-0.035906893518224736,0.14301820143234367,0.11014743338968302,-0.008566337347186703,0.32928401020245746,0.5113092447850869,0.20033983830248592,-0.051615341709162266,-0.4443431520169747,-0.041472144345197304,-0.037856868637529795,0.25638252624797775,0.1943479420234887,0.10919097814995993
3680,0.06467066417665533,0.9252017004975097,0.6874588415118879,0.1456850027877481,0.1763477661763294,0.43899036253771906,0.1907548453531397,-0.11709383287619857,-0.8248326211078894,0.02051621759314215,-0.03648982622543229,0.15465472529749424,0.10109528332177564,0.004153405783150377,0.34643291357761885,0.5120919190165829,0.19719442007317844,0.018906029995073848,-0.4903137693132529,0.010979833007355277,-0.00371367211495488,0.23602252757482922,0.18458242775297107,0.09211998949938172
3690,0.06761303633975649,0.9267675708584597,0.6933900817432272,0.13167507860686334,0.1770457833255732,0.4667833393690525,0.17506907803709093,-0.290469751521091,-0.3047037487357649,0.04278470941613477,-0.03557888074901583,0.17514994981288545,0.07774817965239555,-0.022042577275532382,0.3561757397797679,0.5037644808425055,0.22814342962339307,-0.05717159699965069,-0.7229028156238089,-0.01335172222717329,-0.006548803882587384,0.23799190850030116,0.19871551133245258,0.101596471851095
3700,0.07567315979203267,0.9196422703540778,0.6850225259495254,0.12415780029010315,0.3124132653063153,0.4895952695787268,0.1867210986028326,-0.2828235404798025,-0.2983079496792098,0.04663532289404737,-0.04011443581872509,0.1355334979051781,0.11169014797628574,0.0038437051803171807,0.4233451216012939,0.5475021328112815,0.21873953327729412,-0.06412809409498554,-0.9052732065567015,0.013985421610374082,-0.024952594634533476,0.2588412595597397,0.20509240455245792,0.12664019575039653
3710,0.08673321395278547,0.9194631983131288,0.6781196816611421,0.14808058712147165,0.31913424420484227,0.4635618049173368,0.18786607797384003,-0.2048907798737165,-0.6338137825543848,-0.000924422309134032,-0.019644042270968942,0.15819088479564403,0.0880538608785415,0.004096700968247546,0.40836304471066276,0.5216142171609555,0.18314916031204342,-0.0038485268790813265,-0.3646895153712799,-0.02091808058412581,-0.01828992271458918,0.2860523591326336,0.2092481969890717,0.11100542640048439
3720,0.041480789716983234,0.9363436864265287,0.6990966960162657,0.1339496730232005,0.13333540733949423,0.49735554647763125,0.21965273373504557,-0.4249565156222834,-0.86236417185329,-0.02263583031349703,-0.02554173861548925,0.1693676782904291,0.10522246065557539,-0.01987803036586433,0.3483520357071117,0.5134180158018469,0.1951447107939478,-0.036152505596808826,-0.5039036777965431,-0.05184741676912874,-0.02111492084236999,0.22972592053855878,0.19369721112805227,0.10026999834102879
3730,0.07356002851014995,0.9214815781436279,0.6916281275079637,0.1406236816783697,0.3066010296860051,0.46564868810086757,0.16976598854674974,-0.35797580858376254,-0.34173679732272944,0.0074859943068043,-0.049605632160029556,0.1795388573776311,0.11616377471819761,0.010667937938675043,0.43224880737475546,0.5379002817389066,0.22809437847244085,-0.03450592182911594,-0.8444061684886921,0.012144975138406289,-0.023999248230855086,0.261813124249033,0.19702923648867354,0.13126341951281761
3740,0.06716898806248285,0.9272411400911215,0.690645471919426,0.1384376557220275,0.1804479242040452,0.4968125951411404,0.16776621192983088,-0.27591004903421323,-0.6982479679378446,0.04926576886717071,-0.027897805433913847,0.1542976208403246,0.08978399627818812,0.015636118760726236,0.36096918721838955,0.527032396213698,0.20318334695661067,-0.047034774501655274,-0.4102018402119507,0.017840572872054428,-0.022590191043916352,0.2290543287982928,0.1745730094392408,0.08733064423389403
3750,0.08912914187068009,0.9173753819975162,0.6879477718655842,0.16513567331888668,0.32361780201543244,0.47933684908388874,0.18906044199632477,-0.1347958059512686,-0.28608197900870724,0.02691369818045175,-0.06927247186729324,0.16697840540302666,0.11418036675697918,0.02928403077747599,0.4026592816912338,0.5380000173631807,0.18657998844268708,-0.10031846846957038,-0.6976526067488116,-0.006936925102330127,-0.028472066002966034,0.2605738940302562,0.17586139300882486,0.13706046036658037
3760,0.0416001796401508,0.9333840884686391,0.6997152450455546,0.1220165954768554,0.19145316799574474,0.4850250218603901,0.20800992408369445,-0.5416821726271794,-0.3559927086035186,0.009232401076253782,-0.008445449009809147,0.1693953539156624,0.08714350200135412,0.005724441285296367,0.36983885622881996,0.5382641116767989,0.1896607185543303,-0.07868576161312357,-1.0773663376143907,-0.0009229807473640772,-0.013155250358737103,0.2606197692334926,0.20222584258197218,0.11124472704662425
3770,0.07110754841393516,0.925111864823362,0.6909073844149834,0.11986870012837048,0.15306678902879833,0.4821745540699579,0.19388601662833493,-0.1073749234782817,-0.6547832681264087,0.04812859676472303,-0.04354282853446256,0.13459698878517878,0.09225346386666278,-0.00031975556604613153,0.336491170173434,0.512607261004896,0.20939813630859438,-0.07616689839261581,-0.43254855866080266,0.015178003245488014,-0.0382233297325425,0.2244167601402287,0.21943408757108063,0.10471755146805062
3780,0.06653498322851041,0.9254036061553851,0.6900395945599374,0.14554205473449822,0.14563903550247925,0.48770703501897605,0.17798582305099853,-0.29496337059994415,-0.32837614965028195,0.04292914458828112,-0.014463887791355656,0.15614281531301466,0.09303208607493407,-0.007782697236395908,0.34377117133114454,0.5280115111297137,0.1911129351861065,-0.0015900843659915065,-0.8316961244350662,0.024883402521877263,-0.023972038170417376,0.2617669440218361,0.19336384767269843,0.10819119390161303
3790,0.06240012806393201,0.9237220988812165,0.6927200965975927,0.14997678304274786,0.3125575036449365,0.4592023127630227,0.17614014884343066,-0.1828434004730488,-0.9164270868586499,0.046777855188498974,-0.03403893710780248,0.18292784465524436,0.08258912230570004,0.002171971189436128,0.4346046324089422,0.5110926693774653,0.18745022547948575,-0.06886849563975317,-0.5985857661676659,0.004819822386174399,-0.01539619136742898,0.2677333168339193,0.19292037009176188,0.11559798874615546
3800,0.07479943185329689,0.9206384527908194,0.6878312758696892,0.14604900973860035,0.3247290952670707,0.4902532507948901,0.2106502321708953,-0.3754096328922534,-0.3198575427593977,0.02924032561362344,-0.03452892210229752,0.1383324801180542,0.11609430531456222,-0.001825645849399482,0.4214866831025579,0.5360519231188723,0.23411402103890988,-0.039040382519435424,-0.829659315101013,0.012068908884553253,-0.029819842039101152,0.25522785314767915,0.2029864863199502,0.08364477755191346
3810,0.0625771270199937,0.924645110799617,0.6957874175535289,0.13491691574322717,0.11137276870791812,0.4605029778526961,0.19705378234375848,-0.1015151543746653,-0.347609136006199,0.04495015546449088,-0.02622539423159065,0.18118232455519712,0.10693152904176606,-0.011522665033794288,0.32245729868484696,0.4933204877411522,0.2023510312057718,-0.014538784375142555,-0.9627390398356315,0.004149042995203023,-0.03396849630903409,0.2565770441297538,0.19163874803838854,0.1048342310817546
3820,0.0718984289046965,0.9235384104046178,0.695607737241977,0.14815390219946722,0.13715444456590553,0.47141407642573163,0.19169510456614713,-0.10207552355491334,-0.2574616985309277,0.05407466727893362,-0.024196136123737055,0.14228026762317014,0.0831528113335882,0.0011784492736368612,0.335990675803451,0.5355697753789499,0.19800890238417845,-0.07522634716611765,-0.8274274960706911,0.0009031403108687996,-0.037898118245952794,0.22114560146519324,0.21028648382257398,0.10314402425917057
3830,0.06714639347779214,0.9259943406085435,0.6830997061296443,0.15417385673186335,0.15303428916917883,0.4972637447065038,0.18523511192876518,-0.28146539884668575,-0.7747079751986063,0.05444312312347144,-0.015132342022755152,0.1376608244418701,0.0996938480470203,-0.008459500696065936,0.34339654833949906,0.5163557227577078,0.21409653782859694,0.0038143948409490314,-0.41780689969786766,-0.005324906636900328,-0.02272542305832803,0.28407752134167885,0.19207028076750599,0.10038090516623366
3840,0.0662600771238989,0.9240701667776503,0.688361711136304,0.16263188864642797,0.289125004354853,0.4835338536165038,0.1860908132278256,-0.2767772762499974,-0.3779892512746208,0.03508226316173646,-0.029297778791036233,0.1469599118101419,0.11150904842887532,0.0023660882301721475,0.4026704581481646,0.5462824123332342,0.1707836700489539,-0.034316089156667395,-0.8998521835905668,-0.02135658597934542,-0.022617038931167732,0.23970885760937588,0.1886909563429967,0.0882325976160171
3850,0.06429351647403041,0.9229480826951734,0.6893457188227093,0.1280013195848737,0.31480888907170745,0.5007527838158339,0.2035008809559239,-0.18196990185048056,-0.9259482917425652,0.04562641381014876,-0.018620880695960018,0.1438976271767598,0.10251645312949109,-0.02006941032729115,0.4133953589025342,0.5267489080565811,0.20368839326241783,-0.12237806601797097,-0.5372565470991715,0.01141283322984421,-0.021630677357189487,0.27944909774513704,0.1778374216402886,0.12640124066372593
3860,0.07236019612950849,0.9222050748071081,0.6960148887149757,0.13011511782912188,0.17695231928098687,0.4865189224335892,0.17892446622757074,-0.15740277140812964,-0.33448082439159177,0.06395643206819435,-0.035399888379718636,0.1733734641417921,0.09918865822043343,-0.01620822311252934,0.3607658292110961,0.5430690564574221,0.21829484978883473,-0.056852952973335924,-0.8366472106632115,0.005158325175525613,-0.025700435555082723,0.26510311181593416,0.18512922441854818,0.09570664813422813
3870,0.06737220031576874,0.9263279529920733,0.6960676794467451,0.1569655161435961,0.14953912070378161,0.4948896985587783,0.22028455871850383,-0.2886659557427482,-0.2549744354648702,-0.003640920176050777,-0.03437212672088541,0.1522709574029778,0.08479524855642351,0.01968792758363347,0.31018264797679407,0.5315764423628031,0.2233102745571265,-0.028415636957327184,-0.791534685813797,-0.0076009613412630905,-0.04747422752931607,0.2346219402481926,0.19943133585549122,0.09393948770929939
3880,0.06955809425144699,0.9249426471742885,0.6834876527267364,0.14169884585482295,0.19002247203679357,0.4851322481764536,0.1884758001467628,-0.19681810250930454,-0.7237787938438403,0.019133855246062703,-0.03702832601730943,0.1554308634273096,0.08652451267606731,-0.00040116926007183196,0.3583201996142936,0.5487355505357425,0.18531669555006147,0.0036848156926581055,-0.47789310374199645,-0.013160251665308431,-0.007550863309658373,0.259226684447844,0.20690212161632526,0.0887459246066784
3890,0.06582664186199867,0.9277504297692876,0.6994927719102055,0.13040111899263462,0.14115752563451744,0.46490845580664797,0.1267570926570879,-0.186451871265213,-0.3159795630698332,0.043861767846866795,-0.014421191849607329,0.1691184072126677,0.09373138476638698,0.04203601995633166,0.35602783419954287,0.5225343638319652,0.1735862793628924,-0.11775098435199216,-0.7905108274300494,-0.006648395827851816,-0.031855679585416796,0.26060197973379684,0.21127503922035162,0.10998072326024588
3900,0.06438520636862484,0.9263981466169863,0.682024600896661,0.1571285865709815,0.33695288408399726,0.500378540109511,0.15262076404700264,-0.33611419948469323,-0.7828335006331864,0.05602630293297883,-0.04443607696169316,0.1633146055877015,0.1026988431043625,-0.021662258857169325,0.4618307283481682,0.5113719815781737,0.14179646851157912,-0.023730689858018517,-0.5263152152712407,0.011467120607121517,-0.035528653251248654,0.22964113317169899,0.16470414711375725,0.1327778222913374
3910,0.0403801589980551,0.9352070395280871,0.6994294025404643,0.16936258806073212,0.1510105082414105,0.4912231601221507,0.17217006894097353,-0.40415845026446706,-0.8935089612223297,0.001954355558776766,-0.018195125196748263,0.1412374631082639,0.09215021365703091,-0.01705652146930392,0.3446637743745611,0.539504168539792,0.2238177333708392,-0.05621818001578549,-0.586448344471534,-0.04718646572302232,-0.026448381230696594,0.25394082990497935,0.2279928673519943,0.08817603732154011
3920,0.06388019055213254,0.925822506193044,0.6937896614134176,0.14107652526733938,0.3029240044874453,0.48370976852932124,0.1680446637652342,-0.30629196874354725,-0.3073870607091538,0.004506023991127428,-0.051878498294244624,0.16169883965868903,0.10683937574864022,0.01613535773250052,0.3814885888923383,0.5195931101392889,0.18774314140569093,-0.05543698890583504,-0.9234722062755476,-0.021495330443742633,-0.015708904677457003,0.22722375360838365,0.20752384561117554,0.11464796080713668
3930,0.04420875634646686,0.9330455290273071,0.6898254420667443,0.15925809084217568,0.20233593788219695,0.5095524974319792,0.23818759223333852,-0.4060412119491974,-0.8690282509846614,0.04092321822921319,-0.05504255328780383,0.11173246803255354,0.05414590914739126,0.006347350616892622,0.34917516991515374,0.5225781114331799,0.20466470680290672,-0.02878063161348221,-0.5947820447908494,-0.0028616202480222785,-0.017108958617790826,0.2335568718575476,0.19378520256035436,0.07578602778272803
3940,0.04994960293873841,0.927995244899332,0.689719564206339,0.1592514347854933,0.2873478263440593,0.47527218917282554,0.19501394460617028,-0.3283009719111758,-0.9721650162479645,0.058097076284478244,-0.026832197070343122,0.16845804820052745,0.10255333531327815,0.0005294897371588281,0.37530676846904154,0.5318220009089081,0.19139373211965893,-0.04694031919745956,-0.6397140073632397,0.008591995445166312,-0.032864446551863935,0.23676476125863322,0.1782225104173073,0.12713350699284642
3950,0.0647514769411016,0.9265910292057721,0.6936518190099238,0.15243829330492809,0.16756861090208774,0.4856963934583872,0.1711519905901896,-0.15690914677554324,-0.7558278548937076,0.03171781813091823,-0.04954952739249907,0.1409802193288151,0.0809385641503576,-0.007436972347156345,0.34548974742501815,0.5163937075391356,0.2150917924946143,-0.06913562920827121,-0.49359756166255164,0.0012697006651410936,-0.028892359755657626,0.2848603869216667,0.222178237870289,0.1053546050169718
3960,0.08656812273477534,0.9201939673471465,0.6858927373485161,0.15480534645724042,0.33156171081420704,0.4811654750403245,0.17403212303578341,-0.379433877822418,-0.5478182171930013,5.36161517976641e-05,-0.017295684069734918,0.15026071062205715,0.1379344333298701,0.00994270326720037,0.45380536244477365,0.5294244240591666,0.21006704800138132,-0.01617839834901691,-0.37525217877116024,-0.02626852888456055,-0.02642382600893889,0.2561525926769861,0.17785555649734885,0.13954018613097552
3970,0.076302351844878,0.9238905162758078,0.685462720607359,0.1273757243076482,0.16568340565174744,0.5100515654152264,0.24357825495106922,-0.3092323902619236,-0.6096642438567226,0.046397140396172265,-0.016582924166691937,0.13430656135863572,0.12428935061677393,-0.015475057500223155,0.3411484788183158,0.5308129938670139,0.20488326569880322,-0.06793349082878963,-0.35604702578085745,0.02326860712524126,-0.036614783093075864,0.2565048824092303,0.1514955946761486,0.15410347893869591
3980,0.0770295393477275,0.9206608726616158,0.6937581471427728,0.14528711198672462,0.17860923315859267,0.4747232663394434,0.19750478683392025,-0.10772189214857608,-0.31676550939351666,0.049725072307901574,-0.04208670114813784,0.15302246208331893,0.09737442324710477,-0.022168692606526097,0.366034554677487,0.5357508954491351,0.19747147043438718,-0.03978453247914726,-0.8022186546327914,0.03561187628396212,-0.039485603681839176,0.26276167066395606,0.17580282035300454,0.11817226857387353
3990,0.04576979937570206,0.9318378703783312,0.6990417296466972,0.15468294506797908,0.31220053793014724,0.47194676659319146,0.1719108541806057,-0.17838098016584647,-0.9884324952315837,-0.005948930558491217,-0.02738800488871096,0.10578141404225427,0.11617715678863971,-0.027451983171898897,0.4456908881178382,0.5225557146752691,0.14707994362741517,-0.1398867065735916,-0.5921609828442129,-0.021777232849674588,-0.03308355460427159,0.25344609534627394,0.18019944129867416,0.09400490010973728
4000,0.08952619545018171,0.9169945122771782,0.685186311656631,0.14447689227412042,0.3044702253546042,0.49506363902400363,0.22760593852593347,-0.36202454905771253,-0.25726627242246414,0.0661181390884813,-0.011840651606830788,0.16451572684842775,0.10752533987609803,0.020251099569765896,0.39496185891336344,0.5305186063878755,0.20471214671806437,-0.044801106757420106,-0.6566370976016276,0.020149362725582654,-0.031589675843071374,0.26073433895040876,0.17967048518596895,0.12343565830024439
4010,0.07899741961642388,0.9191990000121277,0.6908554750840088,0.16100904457661236,0.30598556737242766,0.48310577051604386,0.2189222195865015,-0.17518325771467014,-0.6991016844762394,0.005917259508667172,-0.034806273843347446,0.16273223554062666,0.10446133545430358,0.02013536104896463,0.4344701583329432,0.5368586721403925,0.2098099231438969,-0.08385454607299025,-0.5070480580987624,-0.013442187463651667,-0.020316744209269988,0.2382352887605178,0.2022664785052064,0.10878924933672862
4020,0.06990972285330706,0.9229561295858589,0.6900398546118833,0.14655940204132112,0.30815723271150763,0.48151243803604904,0.1877562722195304,-0.184589821484048,-0.7784291312278064,0.03388179588055262,-0.011749470236861237,0.15017039877412697,0.08342868332096587,-0.022184659772223725,0.41308328012956974,0.527920549986716,0.19775240254336746,-0.06115543478126151,-0.5155187878240348,-0.026726943484532084,-0.03563155962917852,0.2574948007765464,0.20120677043646018,0.11516596150268099
4030,0.057523466765862584,0.9293562316303647,0.6915196560316127,0.15711103898389445,0.30295889398077414,0.4723118249710515,0.17477108387321727,-0.4167717315052062,-0.3798876604591195,0.0439073751030753,-0.03564946427159543,0.14028314328880875,0.06301211747474822,-0.023593534495454094,0.4041366311036074,0.5330911771703362,0.15755602761179444,-0.043875755470835776,-0.8768646151444017,0.005678237711264633,-0.02182529272993272,0.2726877264261328,0.18120740426950666,0.09774817419144788
4040,0.06358950345872513,0.9238875125220812,0.687096222203021,0.13937864417513657,0.3150831070487625,0.4753743867772322,0.18435759982013966,-0.27813040755300666,-0.886362776242964,0.048270511937197336,-0.026236713704346437,0.14050180901438747,0.09098843766079878,0.005883776125405804,0.4393952228283601,0.5284376392963412,0.20491956241619746,-0.015737519655494303,-0.5706722501669572,-0.0013210175522408996,-0.03852570639184938,0.2679249219475821,0.19173920454815552,0.12011114030439018
4050,0.05846128068203721,0.9299115099196489,0.6898611556062912,0.1420934686158234,0.1614118794070537,0.46442055557097006,0.21521019835076738,-0.3464045939294329,-0.750612800711747,0.038500220095242677,-0.018885462659853802,0.15277353445394726,0.07770767068313966,-0.012655420150292418,0.34463594659697283,0.5394191695061513,0.21546125547082184,-0.05444136123156773,-0.453225012487374,-0.017019694520982842,-0.02889798608147154,0.25299525391548183,0.22743734711265107,0.07776272631648073
4060,0.08362476045263331,0.9202854811329304,0.6842087701194056,0.13962790937058556,0.3073765286123874,0.5076842226254215,0.16925118046157428,-0.2872387369671632,-0.3347094036301028,0.04639433081831701,-0.06111220740119405,0.13317909143264117,0.09328573899844583,0.04361408230982389,0.40568298275763714,0.5465476963738196,0.183661700292704,-0.021735345524369176,-0.6737243378783795,-0.009809266490660828,-0.029848144875480154,0.26001391712813493,0.19141484605835268,0.1465631850328042
4070,0.052081794540820195,0.9298663258276333,0.7052514796591874,0.11994572295346151,0.14589239284652022,0.49576788609245004,0.1478404199714627,-0.1717019260843231,-0.3778641338100859,0.013551522390610415,-0.045851385364071406,0.17115554004468858,0.10304448748963779,0.02232538544811391,0.34632658624305634,0.5256449427600602,0.20883134814243054,-0.06109819891302637,-0.9902965467646583,-0.035683841974616826,-0.023546178546691054,0.21775269174965906,0.1574319889255864,0.12424898175695942
4080,0.06216406542430663,0.9220201503451975,0.6972381903560294,0.13110150838335521,0.31740258263844934,0.49702972693458325,0.15038180223403208,-0.1789867983995852,-0.3743132927347259,0.058793621954029596,-0.03128179778268736,0.16907178460426842,0.09173496434435213,0.006654328829859724,0.42062940235469704,0.5340364519394838,0.16794904354649975,-0.05633914504744997,-1.1536775295857558,0.0192300032957764,-0.03557018456375616,0.2513175179832777,0.17661959265977045,0.14366179032196447
4090,0.07480732279808222,0.9190250541486801,0.6853727870641537,0.1436731345685578,0.2793921501260682,0.4910055991651173,0.2113136393668288,-0.20559746913747534,-0.3477314405382588,-0.0015663270831245413,-0.039345914751765854,0.14720785655779878,0.09742412409349066,-0.019498476393471353,0.40866497518508704,0.5313441573903885,0.23350446800282176,-0.004484359474434374,-0.9046848164553423,-0.005192871060943904,-0.03060594665341676,0.24809633684538202,0.23521259704211805,0.10282236196430106
4100,0.07551875396274277,0.9186447020295534,0.6868845351174315,0.12580079586276183,0.30978127034079406,0.4789392645975594,0.21936024394883025,-0.1246486594265559,-0.8480805311109738,0.03776169124667117,-0.012192865582270507,0.14899391620655145,0.11725713785214975,0.014768650176623765,0.4220455280097821,0.5281192233635732,0.2119366371617587,-0.07699246095037071,-0.5140512874830352,-0.0014124474548431465,-0.03517818708888165,0.27171546256735235,0.16567762732109237,0.14629282365902851
4110,0.05459068405245852,0.9301221758211108,0.699249866890574,0.16632036543392126,0.15331499998555098,0.4761597458450959,0.15112773414222203,-0.15151867476647252,-0.8537802209372618,-0.011161197643228205,-0.01876788203333679,0.17706517636387098,0.08561710157186764,0.015501067636377486,0.3492210190458255,0.5167767811387033,0.20719773134614372,-0.12258451522365865,-0.5167398236094749,-0.04278157153897055,-0.010881077333584344,0.25373680441420954,0.210228615026251,0.11235218623757726
4120,0.0750048932860821,0.9202551485621688,0.6969561896918343,0.1388658039184819,0.30275782683405894,0.48458936713917133,0.1575186135500456,-0.17364903713979207,-0.35670237790149306,0.049326296178421436,-0.02725974573470058,0.17969547682639153,0.11015284550782911,0.004941870470903886,0.39675408218003616,0.529645711815484,0.21989434357584414,-0.09211623600791952,-0.8495516788786,0.009395620713820052,-0.0410792335120993,0.24750054489434514,0.16407752318697022,0.12034514139052499
4130,0.05687177798030076,0.9286212758366745,0.6872402548334775,0.1469910800690598,0.33112067508856047,0.477825959280858,0.14841372170629707,-0.4563569240871541,-0.8351967487360861,0.052775325453916055,-0.0429683673966057,0.17854050614651074,0.10874992072104606,0.02080618201410145,0.4489953671728272,0.5266195358478273,0.1573840690028564,-0.0492601945968596,-0.5826907915001849,0.0046338175005209425,-0.03268718335049847,0.242031302684234,0.18325158197653857,0.16532850258855059
4140,0.06554894730810046,0.9281927043270045,0.6945930229970179,0.1511758947494387,0.16506486622020689,0.4883566280162579,0.14820038388067625,-0.16751180317090197,-0.7175524370232422,0.04577870263307804,-0.033713904709202325,0.15950532884012913,0.07933838945853788,0.009669708198916882,0.3595546631832174,0.5300591002329588,0.16517382697811478,-0.08206933063781974,-0.45010343906374706,-0.01499653464755868,-0.043565059579223187,0.24409474993167235,0.20470260033543197,0.135365559643168
4150,0.036497007407089804,0.9393164268705514,0.7004810384284462,0.12881962985934736,0.0991670362346293,0.4929318394658959,0.19442339166906963,-0.520423448540315,-0.7728013681856885,7.709375383668782e-05,-0.005361129592647007,0.16693317884296277,0.08406999143747562,1.2242495066594472e-06,0.3115635569061713,0.524973631146824,0.19950896483914293,-0.0730009181292468,-0.5553773931412829,-0.02763724687953517,-0.0384194993975171,0.24078300105442751,0.19332294400965444,0.12288267594617408
4160,0.07309836370343664,0.9225801791577714,0.6877375111979002,0.1391286131012338,0.30290401562497005,0.49358284381081097,0.16209119015194884,-0.27764419738510826,-0.27807105882654404,0.034243387410000325,-0.026388354421565507,0.13763668629117431,0.08704700205503224,0.03272175639983288,0.4277049335637062,0.5308833454896624,0.18288985336739028,-0.029405631696187484,-0.9025297092016809,-0.022125564639503548,-0.03568242111321118,0.2848073479704869,0.19335814954742314,0.09791345027229803
4170,0.054268902292983104,0.9300020629206981,0.6904849198428398,0.14970852072430063,0.19396168252660462,0.45572270952095684,0.2090350659352913,-0.3894047387348367,-0.7535584729249216,0.04379449769146937,-0.03781708374584114,0.1774525831403876,0.09429232211777727,-0.022206742478982466,0.33563160469012254,0.5416632137461792,0.24014254286187098,-0.06961007873057845,-0.5567803958039861,-0.013420579661422849,-0.03194782582524325,0.2555265574711941,0.1832167668224044,0.1342447988098988
4180,0.08181861167767265,0.9181285482951317,0.6851845433730861,0.14464282544539686,0.3186488532373666,0.48357229904571597,0.18585685983026246,-0.22608462887263858,-0.3287270742992243,-0.0023495391399073196,-0.04115629541293475,0.15867199819797162,0.10086976720237917,0.021948525020982323,0.43565125253771064,0.531704612398018,0.2079873712276511,-0.02581053134903355,-0.8117449519208,-0.008020320330936581,-0.024718863043369232,0.2539291905864681,0.18999314718982685,0.15332634768022024
4190,0.06617604466819056,0.9218505321013151,0.6945406733895028,0.1534208985022718,0.3078199856814958,0.4563486282846271,0.1877087463126511,-0.164851747334271,-0.9425024638621124,0.044986223865598474,-0.007136389747815386,0.1501865868732315,0.10783349425818745,-0.004111355749342183,0.44041928044624234,0.5079393137155597,0.23904347393703917,-0.09373586483330643,-0.5076233001883732,0.0054402813436970066,-0.045644000259635664,0.24317577272269475,0.21838862452107133,0.09259074954249025
4200,0.05584046270775226,0.9298631155743532,0.6992966007219484,0.16515264853601985,0.18803032311761025,0.46099339321262056,0.17236459648249058,-0.1453572227029447,-0.3532741428032655,-0.0031468227498892,-0.030445423283595785,0.12471949441722574,0.07491402706647776,0.002512342737747475,0.3429470513746874,0.5283755420057248,0.17034637814115294,-0.05907670806402954,-0.9326635440655182,-0.034613948255813876,-0.038440134891207345,0.2712428535454202,0.17114125941463132,0.09692775362725259
4210,0.07629076280144455,0.9215548987498403,0.6874655366028654,0.14114026596936546,0.3158148059650747,0.4694290180555474,0.18937328806504838,-0.1051082586246248,-0.6815534742027445,0.014177220640456567,-0.03709911203670213,0.13711488876900768,0.09209393845884772,-0.024960204142268072,0.3905654864167163,0.5283205516066676,0.1758923573857446,-0.027571099932328647,-0.4999750743073075,-0.01099100148738108,-0.028608021248558435,0.2531137289343781,0.21703577452006317,0.09390094002533333
4220,0.0771744176841587,0.9223959685720803,0.6805602804282586,0.16451308681498122,0.29460731500520054,0.49118890927002967,0.16898903297956347,-0.3679464181122025,-0.6444707538982803,0.042264553052696385,-0.0261575710548958,0.16472414977511685,0.11744420254862042,-0.004094376553676504,0.4374071284953053,0.5356240003374533,0.17143490025973385,-0.025532701870747188,-0.45792398113923527,0.01728033627054737,-0.027298706055018496,0.24487828209069595,0.1939127913110974,0.12981859184034694
4230,0.06740335344952778,0.925698674140835,0.6894737287826308,0.12769308801749013,0.18881260131802524,0.49860417320049155,0.16302865337955263,-0.3622701338548464,-0.703781419304429,0.0447952552637747,-0.03297816085548333,0.18648214095137194,0.1318210271909691,0.0028199874499810207,0.35912780612779305,0.538674842619459,0.22670085511510496,-0.05775940435416471,-0.4840106416325285,0.005854598198034133,-0.031465073598183624,0.26638236749924327,0.2134886268356595,0.13344923287276855
4240,0.07258957943840423,0.9228527314053646,0.69060958766712,0.16484785622509768,0.1789921075272196,0.48331407368093926,0.2050663952222982,-0.32468304346181,-0.3534182673693895,0.054134330804221475,-0.027674030040206743,0.15450712113472653,0.11488635953265636,0.02052583434533739,0.33471330991213666,0.5416626389133072,0.2235795663387985,-0.026498200816619244,-0.7518197952383328,-0.003683973065166102,-0.02896522903537968,0.24145334697277188,0.16551350248657049,0.1579272641373114
4250,0.0568596667620142,0.932725873883024,0.6903107308683418,0.160377988537044,0.14646473633690527,0.470532221424796,0.16069924866737806,-0.2617630324395357,-0.7127814838692876,0.007384955475827071,-0.04317186827973529,0.1510955767293689,0.07869559691083772,-0.019242266605615344,0.34774179979718356,0.5211642740363917,0.1863072058226749,-0.02417173989272281,-0.4485125781782353,-0.03750071084615225,-0.04321282486165923,0.26009261395430305,0.16781132104260266,0.12604196823992897
4260,0.0635998798410738,0.9239401758327317,0.6981282499367933,0.14206510841758258,0.18775739372590405,0.5113945059169844,0.16657853423711344,-0.15032549228326086,-0.36305339452260177,0.05344678038069284,-0.04074576107722061,0.1464564187931705,0.11878359651541293,-0.009239417519020243,0.36066766687495133,0.542297363994638,0.21321421614229152,-0.110692063570065,-0.9685992581716967,0.010687772405277851,-0.01740378143003385,0.25850201812013596,0.19399233003255711,0.08981293967973647
4270,0.03510762850385198,0.9375748444942629,0.6974968754086859,0.13237431359053475,0.13624703459868837,0.4768192398403467,0.16930690918778968,-0.3380244638144967,-0.9391837181057736,-0.016690378954989482,-0.03763403430064405,0.1623558872904315,0.09465356208862263,-0.03395240440740488,0.3248145453238265,0.534166498105494,0.18975937866477022,-0.030017962711340607,-0.6083780551737032,-0.0532665474730003,-0.014450395108182024,0.2728021252346887,0.20408000408748062,0.11147866061775269
4280,0.08268760165916143,0.9164691448041501,0.6924798210890544,0.14971204807007,0.33410723678359666,0.48757653938223866,0.18033333392830342,-0.15860046519745907,-0.3874139616556356,0.02527780963966708,-0.03929767735967715,0.15166521504507058,0.07316314876675556,-0.010650843341963201,0.4555908068906115,0.5607174567162635,0.2267718026183888,-0.06597586438580816,-0.8096728590015683,0.01699502604306724,-0.018587373748553127,0.24928773804695148,0.20606716859490193,0.10937334900716833
4290,0.06719912211316267,0.9267718746760714,0.6904531941456775,0.10875987562801048,0.19133569901885694,0.49100196598777834,0.1669859122174675,-0.18206854168807163,-0.709660009744373,0.036420815335566514,-0.01060107287610168,0.15130556617653235,0.09946400495725882,-0.018223501462901748,0.3609848711910183,0.5444397361522113,0.1643933822030702,-0.06621833832522972,-0.47109505214994685,-0.0004116260743485256,-0.030887110805690954,0.28554167764928506,0.18533270978087069,0.1143806012051537
4300,0.05714670754374198,0.929482939614552,0.6895858187313033,0.16446263779556192,0.2921923565727448,0.4722494242216474,0.19220610269521687,-0.4136213197366161,-0.8440532556707556,0.03934399362405272,-0.04418215070503795,0.1452566138565472,0.08982453624954068,-0.02328207792734105,0.42547499532213373,0.5457065530035949,0.20423023773863624,-0.0976161351277065,-0.4633355335256848,0.006978717987079386,-0.025573179325042883,0.25558102766525514,0.20115120735158643,0.07708610635316893
4310,0.05020975739305287,0.928676138564413,0.69465755059623,0.1326440756705023,0.30806190807799994,0.45916180023653586,0.1803637340948997,-0.31793946604407997,-0.9260623514786603,0.04484000742138505,-0.018162759305854648,0.1615720988239312,0.10541264416796758,-0.018753566377357922,0.41293526588048135,0.5211266513372117,0.219955359517379,-0.08220170710031227,-0.6257500316840301,-0.012606118365064534,-0.028129928364359902,0.2505834341154841,0.18319635096093334,0.10415750366911847
4320,0.06798081930180777,0.923122859601884,0.6933581226371635,0.16755141736246137,0.27897746990304717,0.47729755468236357,0.2327526970024063,-0.3326254537739075,-0.3428975318337524,-0.003998649364746809,-0.035861034654712576,0.145644607821238,0.11149805695414572,0.019354137556853113,0.40058933011130016,0.5203084501315223,0.2081559170607411,-0.04712519251449376,-0.8961385637343782,-0.01977355640670475,-0.026159121840211963,0.26305673252899564,0.1987132822896417,0.10827665605615489
4330,0.05861733814990389,0.9296028211897652,0.6989282650647322,0.15216698457477829,0.27264637016010407,0.4651359358666459,0.1708715098834751,-0.1770944409140356,-0.8467883612236293,-0.025398848654237804,-0.01750996601793009,0.11816615799484087,0.09509440423494986,0.002809382095209312,0.3913178934889171,0.5247687113661912,0.2040580132305687,-0.07074325028588646,-0.45471175461700764,-0.07559954899995547,-0.05088976770654252,0.2644578604271711,0.17205577487166657,0.11615104137268883
4340,0.07267487947759287,0.9219482579704148,0.6934325699370575,0.15204088394435866,0.27580184146635833,0.4918107551925761,0.19063296378499328,-0.09980778536579904,-0.7281283672160932,0.00340484602342217,-0.016785803018459777,0.14861855328371087,0.11044964919170142,0.02229136751334926,0.3958725206309971,0.5347842091646549,0.20210693287374837,-0.08735013036694794,-0.515198872045965,-0.021306016152749185,-0.03608987926801843,0.208428755193524,0.17233739885701882,0.12225864534306974
4350,0.06823363870049966,0.9233970232819837,0.6896279012148531,0.14985279667428353,0.30281219000330595,0.4642019861257638,0.19856440058557834,-0.3095066496073402,-0.8187003028868791,0.052943448050541186,-0.018953182774841926,0.12535718292969011,0.12721817247937217,0.01978561418036462,0.40422681198060306,0.5288203005454502,0.23239450720743993,-0.05497208205943682,-0.46575890919186547,-0.013468546810639248,-0.03382369349539771,0.23431352782598025,0.18692323370983277,0.12067560723868775
4360,0.060620293759065094,0.9246037213630054,0.6928704334774108,0.15293994410179212,0.3027019654732864,0.45130776387089255,0.18067631508122517,-0.08653887443772312,-0.9053877386881823,-0.0059806516603602144,-0.017815798974868624,0.15263394633435046,0.09422000820220233,-0.010066801805748593,0.4070217778099945,0.5309653788016622,0.1740580947181649,-0.0521993402413472,-0.6143805401908,-0.029893084355617994,-0.023670007838263896,0.25488076076689625,0.23153496126130235,0.08601809071150956
4370,0.08103882701756804,0.9168198657787071,0.6913263650611496,0.16131525019676918,0.3038960015276144,0.47547082752993075,0.1861428694288596,-0.08226295249189941,-0.344244166479438,0.04212994422680205,-0.01754190453862514,0.1682656146894942,0.10557130875417886,-0.009520001172487857,0.3993356253945046,0.5344578934737253,0.1785324630331293,-0.02968329642631251,-0.8890645127259551,-0.012425794823816894,-0.032061560202317096,0.24570493355144318,0.18745211581557664,0.13034470860775293
4380,0.05177198722215206,0.9317134876086128,0.6948088324047467,0.1244383408039278,0.18405661860135603,0.4989446005904824,0.18298262003722154,-0.3151421703939401,-0.7495358291943952,-0.012827957887018071,-0.035276286738789464,0.17917810444500448,0.07334560349588848,-0.01044706549741159,0.3450303726617179,0.531366716355054,0.23978571229450518,-0.059429578572473885,-0.5577023103665439,-0.017891047003647964,-0.04458908202733802,0.2419470990804794,0.19253534877876866,0.09644192220234549
4390,0.04289632013480468,0.9332905293503699,0.6999614071902762,0.15189884707207568,0.15757180456727693,0.49704057884103503,0.17966968683981444,-0.3870957643176709,-0.9737488941068362,-6.259474062830783e-05,-0.014565124068189883,0.17248275118621226,0.10481199544063147,-0.007516504023308723,0.3620240449641968,0.5452747668381774,0.21643071341377795,-0.04845045243531665,-0.5696089698217153,-0.0421057161036662,-0.01972721672844524,0.27623381086584375,0.19110448079648723,0.10916047835114673
4400,0.059482661665826865,0.9299602145193023,0.691859665143899,0.16428355860272048,0.1639855696148077,0.5197662090416647,0.25515255177420737,-0.4836857746780676,-0.7852880279466794,-0.004499515912338881,-0.03414689833591855,0.16170135026297583,0.11761242166231967,0.0080791350728876,0.3501116957437691,0.5538569764427607,0.2032481686566706,-0.06275931254131617,-0.4006365419152844,-0.013786808628429181,-0.0231261446267661,0.2844829923246015,0.19019029156129952,0.08459399880647978
4410,0.05527489882462183,0.9269172644375728,0.6974364281765535,0.14999304604424213,0.32124527101660194,0.4841828075917689,0.1998585569118949,-0.1936394825541472,-0.9977799111825314,0.0058590233506190526,-0.04649085606407177,0.15376423663801297,0.07556675862502571,0.0126532119474011,0.4517748773799446,0.5082451023483443,0.20820130682310278,-0.11062443256203425,-0.551997471818507,-0.018048221846570955,-0.02845571410778258,0.2545310109220815,0.19964200382057173,0.0822917520330918
4420,0.06271481678382602,0.9257870480108574,0.6992649568271757,0.12495559133849055,0.1948367449393632,0.46796555341894297,0.2097087459078556,-0.17246884620089475,-0.3673035088719252,0.004688249219921059,-0.01880760261270109,0.1749596360664175,0.11493888225703108,-0.015141153617013181,0.3333069360571339,0.5272570862329491,0.1904229185905849,-0.06654808011890734,-0.886294927850487,-0.029015444174094407,-0.024852481535976523,0.2553993396198365,0.16220671508735773,0.13679679870646222
4430,0.0780327820200652,0.9224417171483738,0.6865417063288523,0.1616902115540899,0.1541003484089728,0.4853473038088263,0.19664936912848885,-0.23310528276692133,-0.27253410480854323,0.01838233354400054,-0.040929696711726304,0.15463977693849662,0.1199460471786219,-0.0019491023471771562,0.3500829826743369,0.5296960640818404,0.19649419037963323,0.0003103104323879391,-0.7169269008150734,0.001769221371323515,-0.020337139908112478,0.2636690789771926,0.17104014604108764,0.1206532652596235
4440,0.06438764000939175,0.9259546034591851,0.6935434118497815,0.15539294934994474,0.3056056874527112,0.47992988482316945,0.1670467942552879,-0.189006842842544,-0.7944347697194292,0.03748751575761089,-0.012138456231502337,0.10349931848574456,0.0907592920875091,-0.020614559495061968,0.40937466248021426,0.5305833825266977,0.17299174663210437,-0.09126600257367201,-0.505758760242695,-0.003872353938000339,-0.02521984651177367,0.25100615747888244,0.19029048853692399,0.10048415188510462
4450,0.046095025244203246,0.9338850733585308,0.7076215961692849,0.1451122171604099,0.11709426150215096,0.4725432719425138,0.15253164208424685,-0.18501361304575514,-0.37337263231855333,-0.001781492995826639,-0.03409635853965143,0.14440264317520157,0.12319902569550056,0.01351845445629396,0.3229719566623045,0.5098851538502149,0.1569080560735605,-0.14156598761297312,-0.9564488294408986,0.007594581775122622,-0.023421158726442126,0.2567491126643846,0.16014353697659522,0.10104168878986863
4460,0.04690882874483006,0.9310072494847198,0.6978583324726012,0.14702966261110262,0.17092859007657424,0.48153927832426124,0.19229781612173102,-0.09988862504458851,-0.9635306722289123,0.016688064095555344,-0.04564766783763585,0.1728666283569983,0.08548855179570236,-0.021717764240628545,0.32279511387552984,0.5130294913603007,0.18114046195311195,-0.09859708539900236,-0.5827645299869255,-0.013818168441819045,-0.017485087569756308,0.23870640871346205,0.20341428081791246,0.10261065628845756
4470,0.0611307470999367,0.9290027214318192,0.6925983095732209,0.1605247257763609,0.31291055207775,0.476702594692336,0.166569597614192,-0.324237369620209,-0.7487115999956546,-0.002709231377217014,-0.05531844479657866,0.11977834574356805,0.10157745467930557,-0.010220974493568624,0.39878148035436245,0.5027866045440921,0.17142324788078267,-0.024092606279346507,-0.48437415063634126,-0.014458738420466188,-0.017289203763970695,0.2438526035389088,0.19566192634739488,0.1145888752329699
4480,0.0428929639929604,0.9348147540592908,0.6947932057654177,0.14316201373992532,0.1348650923437037,0.4777549468679675,0.23043519122436318,-0.4011265537848463,-0.8567741547384617,0.021757483330602012,-0.034009818775967426,0.10432119192910527,0.1028977607085868,-0.033849983582527,0.3441496224898992,0.5218310875630869,0.20860656381895737,-0.04185781044749781,-0.5269314475303317,-0.014615135734444173,-0.016175046934695292,0.23835208880338876,0.19057136638105043,0.10738778618030309
4490,0.054540259734700655,0.9297571233286855,0.697833122988166,0.14024929087513238,0.15874277736388664,0.4561311017963391,0.19540907392646467,-0.3836363805843841,-0.3593347146217145,-0.007180177345557537,-0.06800156397309398,0.17424103537268676,0.11198592210129044,0.037087161000170954,0.36264572943541007,0.5320345361380514,0.2510302005802013,-0.032591169513303875,-0.9191603940680191,-0.05519099712931874,-0.018785602067556972,0.24306325554855768,0.20143333780074713,0.12517303179272443
4500,0.05741807736421254,0.9272173924805531,0.6875244435396091,0.13100567515027994,0.30084927769716385,0.4723950797714407,0.18407232349314628,-0.33828103186038594,-0.8807250868249601,0.039520672212713825,-0.03306143547995788,0.15220397716138145,0.08802962600366604,0.02101187723698117,0.3999286705905162,0.532035099865431,0.18838257582778062,-0.02508434342017818,-0.5627216260063643,0.010450854539238996,-0.02392299501804196,0.24379096604748463,0.19781444386454305,0.10808502379658413
4510,0.05306584810078703,0.9317395198816115,0.7097599814699713,0.14331770036494074,0.12920429402061107,0.4870183893055464,0.1299265767797334,-0.1969231528632338,-0.33899633839497234,-0.023105937306419966,-0.037400573584822405,0.18353443334946629,0.08199722415186739,0.01711819130051373,0.3398985979459974,0.540127385094109,0.21597156408925522,-0.14242793765897965,-0.9035048881320875,-0.0343192552802456,-0.03109801044811422,0.24457462260213425,0.17949184852053368,0.12997807626069446
4520,0.06817720410441488,0.9242809318846481,0.6928046245821798,0.15626799356482068,0.15904216995183684,0.481977247648798,0.17274891464009268,-0.3303558456883655,-0.3168354685382251,0.06303624494048587,-0.027566995129074456,0.1457793413587657,0.12129653730614909,0.020111075085699426,0.3634530892764345,0.552445546447499,0.22047354657883622,-0.049335478930502275,-0.8609985432832661,-0.0017730858217539502,-0.01085023242884997,0.2753371649384114,0.1942867188649966,0.10318134540992385
4530,0.059684951480599144,0.9271746118208978,0.6879405058673613,0.15634369894061184,0.16849406195672023,0.4580497908602491,0.19038217518206346,-0.22621223451668926,-0.812023358431774,0.04754434345668879,-0.052309252227460856,0.1540301296159724,0.0983005910669591,-0.000757384365986713,0.3507382050778435,0.5452446154542318,0.21419330690583238,0.015837753041506697,-0.5533618753307648,-0.006872967800021446,-0.03194503134127724,0.24810727839363755,0.1901194314855985,0.0994807036686407
4540,0.04689989941465742,0.9324647600019637,0.6929349265361086,0.14857252818529199,0.15020988613725827,0.49480899462612205,0.25065594330483276,-0.4191979498992464,-0.8881009163348015,0.019490348958173365,-0.03308908274060651,0.15938391444629685,0.108148551046641,-0.006796298234925224,0.3256910768934431,0.5364950216188935,0.1855283261688554,-0.03263978458680139,-0.521516200898781,-0.010137171348596485,-0.01859216056042312,0.22809865021393838,0.2015475207820172,0.1063366899302236
4550,0.05692431007877176,0.9298069649284393,0.6990026164341799,0.1552343173398063,0.2888705763944297,0.4656819434835424,0.13224771176362293,-0.2061405368417959,-0.7827125983497192,-0.0172675224666492,-0.013749020528804445,0.1319166296834685,0.11213749147024832,-0.03671183028920355,0.39481451420968605,0.5391119189467702,0.21167107165707344,-0.11999074682746458,-0.5287399887602628,-0.04600728738932647,-0.036478338676376065,0.26553126269008764,0.1805975513574778,0.10539339278759574
4560,0.06312126308444603,0.9314737535581813,0.688278842917604,0.16272023621013454,0.1274512612799602,0.48542732908765585,0.17217618435240534,-0.42957419350205983,-0.7058873797127958,0.05261833918642267,-0.045535069040036236,0.1358852916042631,0.09993876269448476,0.013368928348841846,0.36148446374282417,0.5371852224555498,0.18686637061549405,-0.07497494734347598,-0.3181410304192631,0.001173397496369244,-0.01850304967717764,0.2624046684277852,0.20125642629698703,0.11820531266899759
4570,0.0793305207169735,0.9198324102752391,0.6887669328294672,0.14614224009346466,0.29606280999436874,0.45888401688311253,0.2011461158630785,-0.31623161478459516,-0.28032715594001134,0.031473688984025694,-0.03761133856456422,0.17852520512906245,0.10958937682257675,-0.008862098979437905,0.42908828930326703,0.5328301398019295,0.19278531859295844,-0.03613346395102823,-0.8146527603238127,-0.0016531689658139115,-0.02197351984169371,0.2531019414860419,0.21463905537975414,0.1391178580737602
4580,0.06413203625224094,0.9264747939580104,0.6925916018072535,0.16023664917504332,0.3174742076122914,0.47852463815458,0.1401921245791813,-0.43422480374118755,-0.310323697882545,0.05556139840167784,-0.04301835864063741,0.187629453963559,0.08829902097257192,-0.0008156829598313653,0.42102953451445824,0.5354390046384017,0.19163971161237736,-0.05329299480670491,-0.9016990635609765,-0.013214623969524109,-0.03736491819347143,0.24875391124954405,0.20792153889812393,0.10802571128012783
4590,0.05554986388662201,0.9308275142963696,0.6930300592564984,0.15338426621830348,0.13640577841960821,0.4998282240284213,0.1782048604597758,-0.35431226297378204,-0.8178738738807674,0.049625121819896534,-0.01928279795476695,0.1780856193075565,0.08416949050751443,-0.0066254595645098835,0.3348515525911817,0.5083945264339488,0.1836770361608997,-0.02422344811803412,-0.44804409831391,0.0029302128535086958,-0.01078338627099451,0.23533912722076245,0.1898502938014287,0.11294635887302096
4600,0.06472065778840055,0.9252896124736686,0.6878557586238374,0.13650021563881254,0.17254298790091838,0.4690237020902859,0.20028248495519896,-0.20000993644023257,-0.35008010666273126,0.04137634304015503,-0.03854754119972004,0.13329439481716965,0.08505642877973785,-0.018429066152866325,0.3512892593137279,0.5133163755165324,0.2144518297205027,-0.026954243921680998,-0.86265721725884,-0.00788705165380077,-0.038183054698073926,0.24955777879451757,0.22924605652794305,0.10594417444885573
4610,0.0689767676683085,0.9221023984947715,0.6870441948013474,0.142173084201613,0.30748553125752676,0.509831173645324,0.18298775276547408,-0.35302167061309553,-0.28903469964115036,0.01948461896333087,-0.02623300082355362,0.14340098898859643,0.07468862710874269,-0.012072354597929102,0.42232941756846853,0.5324223879430794,0.23998499912465177,-0.0626581389887868,-0.9639977457425939,0.008106621277137793,-0.023511695100572716,0.2829797589666667,0.20088267035934293,0.11228379437220559
4620,0.054320105132176784,0.9277385356739415,0.705379299654938,0.11344488358997085,0.2939453750838328,0.44417698340005485,0.160123094713158,-0.19188016239946704,-0.3897116799379672,-0.0018296573863849641,-0.0007257563796283506,0.17322773753453014,0.0976955799774819,-0.018765958358478718,0.40804428370502244,0.5181285723167512,0.20337274824190033,-0.18428965493473326,-0.9925464972313529,-0.015693662846029355,-0.012398206454682148,0.2330906469027667,0.20811264430478826,0.09520089393417897
4630,0.05476345019813226,0.9288805750397486,0.6879666787636748,0.15185241977047015,0.3031337870197368,0.4749483937232908,0.18152445397294936,-0.3581912812530095,-0.9468938447981194,0.023971450265097394,-0.04559265572574889,0.17110928377027412,0.10824783339283883,-0.013754201752523176,0.4304568927975909,0.5259373213373577,0.1847375117718002,-0.031119136819292903,-0.5150908031787951,-0.005706164452789375,-0.05014807867097959,0.2579755992557171,0.20783417592675446,0.09479949780815755
4640,0.054027851470424035,0.9301734980563724,0.7001268751268035,0.17415244560679166,0.1401637252039314,0.4628784886836509,0.12401853391819173,-0.14771300358752315,-0.8226763909724006,0.04549191221359572,-0.01514160854073432,0.10171747807320464,0.09691511397264574,-0.041815914634345974,0.3631778735717933,0.5269709891354356,0.21924822338310146,-0.08510349758969515,-0.5405820579939731,-0.007528431038728245,-0.03590962585130808,0.25495880995274833,0.21049989489521548,0.1108619224773072
4650,0.0680066432729506,0.9255315403931004,0.6983970422087168,0.145848980993735,0.14924762550313653,0.48385773586370984,0.17201975225428845,-0.19076547839442504,-0.28622382786562706,0.05165578724729569,-0.03378440316589271,0.12294408787408084,0.09768739924676273,-0.0012164824993754486,0.35539004251964623,0.5317825192617911,0.20076111460405832,-0.05616695211934197,-0.8306644919553237,-0.0019843182823007233,-0.027202933783558425,0.25657936611092413,0.19575439764997027,0.09261958766840828
4660,0.05000482177742033,0.9307088764979778,0.7023587821819826,0.14679510589291733,0.17151597865491397,0.4708605567001989,0.15622485425274513,-0.16350150523179852,-0.926257391816911,0.0027740826509424776,-0.02404184559437672,0.1802460202523598,0.11717990920736288,-0.0005559612415377835,0.3391412615724052,0.5057026096175394,0.20646354316956061,-0.1406397689213239,-0.547619635863434,-0.008337004611542742,-0.0319819248568558,0.27291436946948877,0.17052800432774629,0.15268999969542651
4670,0.052785221967450405,0.9304048116816955,0.7018158705674706,0.13390774671811279,0.148469864959331,0.4388194894244979,0.17119367115689044,-0.18927007421165398,-0.3618854601076644,-0.007885215667879697,-0.026949946317536888,0.15783981767306554,0.0687534625809979,0.002320990232886899,0.35681176586186936,0.5443759724724433,0.17611618249872085,-0.07067450507260187,-0.9665140801381678,-0.010626687012212699,-0.019873912107924996,0.2551802121613448,0.21189951885634728,0.09648084735559281
4680,0.06901874890387602,0.923193416045978,0.6881833891315811,0.13270839310310245,0.1621903332929896,0.4797973972020517,0.19299743665774438,-0.27582902090078787,-0.36112442805136635,0.04613583972938373,-0.021643358130648105,0.1256954990400938,0.11694872693891867,-0.00588168941811662,0.3550574626316132,0.535467182894088,0.21182560796392436,-0.014436451648602855,-0.8314502111575726,0.01643520504736251,-0.028987732578924286,0.24596896735352924,0.2134034691391179,0.1541150978734961
4690,0.06546874185516313,0.9225007090217777,0.691055831567508,0.14085070513447195,0.31662404915251563,0.4950821437646291,0.18447817819323742,-0.16118327333146576,-0.8839242462191297,0.050767986319770975,-0.027764417619277504,0.15199504072758807,0.07579326807605724,-0.01611123303727635,0.4022716316704056,0.5254890591858007,0.23253692863534003,-0.06145485805122641,-0.5496056460234364,0.0009418955400563034,-0.03913507293621232,0.23050468470952545,0.19392404393810092,0.11276271112895098
4700,0.06105691421480824,0.9268021025982583,0.6921222554581147,0.1469312871329187,0.28802817246030665,0.5208899890662914,0.1947333764305682,-0.3592465634388282,-0.32829598629045886,-0.00308948078303084,-0.040631165004087366,0.1228038397640826,0.10918067332308734,-0.0118576254771261,0.3945899291029561,0.519689561379526,0.19028038487233134,-0.05801284570826026,-0.9344241962288187,-0.042913626130995475,-0.011213388850569217,0.278341264913297,0.21902114305086284,0.08739045492691999
4710,0.07763604599692699,0.9246757324004713,0.6913425059040327,0.11455837647827749,0.29437101043637304,0.4936297338740062,0.15901154789794347,-0.19990135523536723,-0.5486333569441133,0.04444003711667999,-0.04182938163702721,0.16275833465430034,0.07707346232729706,-0.007296562226546621,0.3988076842869025,0.5270149568030483,0.15600554487413265,-0.11486511588933257,-0.4269101892715681,0.005325746988597557,-0.022103599485475023,0.26393233866509413,0.18398212398121971,0.11098562824102387
4720,0.06470449830882344,0.9239787059249401,0.6896530407996876,0.16859631877930314,0.22312235762891264,0.48702939290824876,0.19642466968861516,-0.31458643876665127,-0.3257013712279728,0.023984382514637415,-0.02159842984949112,0.11515053663818553,0.10688681207436834,0.007863855456155644,0.36352681796509045,0.528666543827311,0.2237458870641411,-0.042795029454648414,-0.9340939340080083,0.01615367166760806,-0.023138199199260967,0.2501006450845391,0.17391894829743437,0.13553702739677387
4730,0.0662150938396285,0.9258335555943,0.6985631004594589,0.14754837635165385,0.3044940566794665,0.4679321654237639,0.17832020271856774,-0.18896846493504582,-0.8250807836350307,-0.014081810578847165,-0.04658733739666543,0.16886732734936793,0.11749227688733055,0.019082614807699128,0.3862855882951206,0.5287256083142995,0.22772219286180673,-0.09534163002918139,-0.4271163216191729,-0.01881998646821037,-0.0502335538422467,0.24844409242514598,0.18201490676936893,0.07981745025300746
4740,0.06164369785703266,0.9242413519278895,0.6949069314768948,0.12807579607618325,0.31660369905264096,0.4795165243568963,0.1760408843916884,-0.13263636896945874,-0.9607980189307561,0.0111746978473235,-0.018707597301873102,0.17624256542489591,0.13035579525185403,-0.012526629261801592,0.3988523966848717,0.516998875106151,0.1981533633910616,-0.08627540167430037,-0.5169658980595868,-0.020646028525082905,-0.01932055773237984,0.22687383250824933,0.18904648951852965,0.11445923584257967
4750,0.06298276743075049,0.9259066880236697,0.6905938038521794,0.1578500072738348,0.16095696571894902,0.45533799252675256,0.1807521775166684,-0.11154653553141469,-0.8235747028160425,0.05394305249558384,-0.024272287436255535,0.13198692823872626,0.0902950817424032,-0.0016201864855953652,0.32907170141556363,0.5314621811738527,0.1893115819201172,-0.043774194841076586,-0.5021476302211767,0.022334898311198947,-0.014054155327238638,0.2427121355385652,0.1894659658179758,0.10814713901436845
4760,0.0800282734733235,0.9154833516971939,0.6876680910091654,0.15084719805115177,0.34115342294758866,0.48030336393618545,0.17417193935225073,-0.09856941077926096,-0.35778489982341477,0.055723499039909696,-0.014893850059879643,0.15948182307390335,0.1024600239493737,0.015205241196196928,0.4258221418774294,0.5362687107621056,0.17549597571078546,-0.028117535427701457,-0.973948605207259,0.03111991987986895,-0.028159324345085057,0.2350889174372246,0.20255674920678646,0.09636844216163387
4770,0.07097780239090164,0.9238610682540817,0.693571420158146,0.15242840087383036,0.3047049809714536,0.48153092952282683,0.17906773859918135,-0.20180169238051526,-0.6856109464784861,0.003074187518110616,-0.043497116419234594,0.14904284431186954,0.12070704444847358,-0.01498871820972103,0.4233568872422997,0.5427898229362187,0.18359535276814887,-0.11804612363778166,-0.5358195808581694,-0.030920110145200796,-0.014753144323097045,0.26496394034038895,0.19160703998790007,0.13910211314043808
4780,0.06986352950372719,0.9240241546951007,0.6915398840654743,0.14313920247702416,0.312081896405634,0.4883275066968604,0.16860019498325207,-0.16513612073227923,-0.7596182009046777,0.03394000085852711,-0.028958025918113695,0.11166977048353088,0.08066269260693681,-0.011152680815394334,0.44201860624187095,0.5242544706367586,0.1758776094143668,-0.09465537923774403,-0.4955644642563872,-0.004256293768034158,-0.018124163857475395,0.25461226334065057,0.20532256401409998,0.10409267090886465
4790,0.07576616190275218,0.9197153345163579,0.6909134767931692,0.14980506456310527,0.30168999324757506,0.48834814271829774,0.20874199385288061,-0.14888826949662715,-0.8541461538054109,0.05284841291161935,-0.027867760485412063,0.15393817979553348,0.09906258568492465,0.028381928192705352,0.3863397082092659,0.5323816966061163,0.20085921485324454,-0.09604603620972907,-0.44600691325024244,0.003690316942166816,-0.0218416441422018,0.2524557488902395,0.19963890764750425,0.12770428323224015
4800,0.05144744880006221,0.931762611527312,0.6898719866011336,0.13858919857384655,0.1996357771230407,0.5006993175432353,0.18711089687245153,-0.3163338406493106,-0.8472130857916931,-0.0005556501228041189,-0.029976460363380086,0.11935943557945383,0.09576366161535366,-0.015233775716362752,0.35799716238213564,0.5598675271914672,0.1704900509920838,-0.03424420014151308,-0.5178116358405258,-0.013360341440241452,-0.022322149706919925,0.24121352843323163,0.207645880394704,0.09907512787305361
4810,0.07259226983993199,0.9211732795772074,0.6983782148212078,0.12372701419639931,0.3066026944434488,0.47609906818025793,0.17467036724861285,-0.151806704350542,-0.275068895124031,0.0017193173269905992,-0.018095568005493057,0.16794041429032103,0.1184456134671924,0.0017836210894885962,0.3993146408535706,0.5200345904145545,0.216164473378211,-0.10711519057532803,-0.9172553249897859,-0.038605006893245974,-0.0024472964139248266,0.22298886416284225,0.1660205975649618,0.13932037637407102
4820,0.08704246117582229,0.9188076640581738,0.6770288553641313,0.16087784973800778,0.29810847605962876,0.479604991130841,0.18789348283886675,-0.19816253481847768,-0.5911034928396777,0.044065369971703516,-0.015873243422437122,0.13723419221478772,0.08085705704432233,-0.02198432102043668,0.401011324163874,0.5342520287152058,0.18607711039832786,-0.009243531847452635,-0.4105027016531331,0.00568471655058167,-0.033921644378419824,0.2831965834436989,0.1971962927826052,0.11262367961985154
4830,0.06355459998565645,0.9268475020887453,0.6972161840888762,0.14467629481165634,0.3014508431137852,0.4547497031471417,0.15468895479577616,-0.3537865787558434,-0.3524238388684522,0.022126405757215584,-0.035482251587457325,0.16957435350584904,0.07997165763202296,-0.009522637173377646,0.4102446197230456,0.5207060556129163,0.20768659154844782,-0.08272321095508883,-0.8357732095368431,-0.006281758302607798,-0.022406955282524343,0.2523946630798185,0.20032722260005598,0.11444967483324875
4840,0.06015991955612017,0.9266823785859026,0.6987971749447561,0.138445885291694,0.21876841150720572,0.49022627965823273,0.19274950413203562,-0.19643938821027707,-0.30889499564516143,0.01497734930108785,-0.028544764587709492,0.1707992391379205,0.08941326338450228,-0.007379225062080108,0.3641186832266289,0.5298538438644449,0.18766908752869793,-0.09448063537899953,-0.9672870196550778,-0.008427678376580872,-0.03777975423576585,0.2378466384621012,0.19408752961903186,0.08363605671659224
4850,0.0341190630098302,0.9353942042506221,0.6950809547181498,0.1324562037922773,0.08947965551358328,0.49539485812417294,0.1376980573520511,-0.3178401390322365,-1.1271241582697917,0.055169066205405626,-0.015723300548251773,0.14595337404615039,0.1211631549710468,-0.012938301976287647,0.3323243919351928,0.5369675804924605,0.2144354821004708,-0.07620914417674496,-0.5816484258077665,0.0035295762342262282,-0.023359397814109117,0.2843684073807947,0.20844074547745894,0.11396263720633104
4860,0.04966685455072439,0.9316209507935826,0.6961832753179374,0.13334521710852687,0.1408997450906403,0.4637162964804067,0.14481365540638702,-0.16197860039889034,-0.8212086400406708,0.040909996934783144,-0.0364143117039335,0.13427083513500826,0.09420025319637138,-0.020069022319198826,0.3247885729750597,0.5165019779137363,0.20745832312512347,-0.08537507350380902,-0.6004390754658613,-0.019820460546110752,-0.023180230292460413,0.2706128843432464,0.22044740716523203,0.1195241949616257
4870,0.07348195851898427,0.9205168935449836,0.6797226365635464,0.16129764452667694,0.32297404016454956,0.4347987763574528,0.21469611518908882,-0.2759733829516302,-0.7889138668394815,0.05545632473864781,-0.03240321704642035,0.1683354199357041,0.11387873475794397,0.01856324163279055,0.4567542316410198,0.526439544898033,0.18314053200250335,-0.028452252289427493,-0.570929743448559,-0.010287085884180147,-0.023386333706765017,0.30654669852257743,0.17764438002531902,0.132941326672826
4880,0.04280738076021355,0.9334078848406001,0.6964122774781037,0.15324875409132244,0.14660141433545126,0.4831089210322096,0.16659641757862131,-0.315612576980955,-0.4359063326288566,0.04998496148866738,-0.04560629759585866,0.16038881629181267,0.0731276838364987,0.004654621380553614,0.34092706333955547,0.5271947705843367,0.1834592658020464,-0.03879922824691717,-1.0221047787388438,-0.0060315121800522675,-0.04300555909637649,0.23928251600953543,0.1848083145447903,0.09263776111694311
4890,0.07015748921670184,0.9249397391509628,0.698763490323006,0.15119056456660385,0.31959151368399497,0.46320672885935255,0.13899656152396977,-0.17190140874982096,-0.35693643027611865,-0.008848371255952836,-0.034868240665403505,0.14341358361376055,0.10954815852694721,0.020638953699280593,0.4294182290287447,0.505318424376342,0.1688547183346779,-0.07393144043766653,-0.802180705844521,-0.035650205788396505,-0.04488877184917062,0.2521537733534641,0.18684732933771775,0.113334309512933
4900,0.0656615205363716,0.9214170633203924,0.6898877440045773,0.16103054493613056,0.29011187034501207,0.5078388585915985,0.19565643148202372,-0.22250470931096689,-0.43600012621753925,0.011128476341365712,-0.025234646282378703,0.1363928661235042,0.10196645318204789,0.004966451119379656,0.40688844506848576,0.5393808305821481,0.23053453354271958,-0.07966699832004154,-0.9733349373103559,-0.0038497476574221867,-0.024851273275816155,0.2575508865583568,0.18564047072209233,0.11524725104345923
4910,0.039287624536204956,0.9363688466370457,0.7023300029507401,0.12461396520932089,0.1810845938111657,0.48682898732345237,0.13212184443439656,-0.17761133208162638,-0.997360500819277,-0.004712881659028945,-0.0037180431652614754,0.12771565998813994,0.07423517214759712,-0.0025717610987952,0.3373497309933974,0.5381370754365669,0.145214117430432,-0.13950166469460878,-0.5257920734590258,-0.0029123291085009217,-0.021960854344678316,0.26052234860983625,0.1945398999483966,0.0988181603584053
4920,0.06358688466002363,0.9279217814986433,0.6960456592316339,0.15485241136067052,0.17290747409041352,0.4436526665146793,0.20193397850380257,-0.32475868265148566,-0.31132291063440487,0.0012829375595262427,-0.037521711109405054,0.17516023806246184,0.08762745913983294,0.007479959311041839,0.33564144358898473,0.5193519936326929,0.22569778419648678,-0.05197453566004917,-0.7826451136109358,-0.009376803976509862,-0.030674016810957827,0.2630387387093345,0.20461397712342866,0.09035729052088826
4930,0.08211563624477415,0.917793972167743,0.6813027610410278,0.1559719773049859,0.3295044527732003,0.5017415414479292,0.16840746758675718,-0.22549407788331033,-0.4028698641270143,0.04492396392944209,-0.026050787779843265,0.16725468880509609,0.09839241686701983,0.016990134519846545,0.4180379498400043,0.546633091152807,0.1714843927518218,0.023821032859422386,-0.7810171270070079,-0.0024083031858128656,-0.02924263712048658,0.24335050286816895,0.16889838451549255,0.13609916102173836
4940,0.08287600982794541,0.9188311869883824,0.6957143226495729,0.15709163148517835,0.3071184415515158,0.4664677730190301,0.18484846880956685,-0.12018695692653014,-0.2953371448370121,0.015107226754042302,-0.026935755975146858,0.16678020618479994,0.1005026759340435,0.029449789221821954,0.42270645477458346,0.5203912497299186,0.178728720721547,-0.08387078271896176,-0.791041282300921,-0.022712572220378036,-0.022055514448362512,0.2668317776472906,0.1652736482580539,0.1212381517227733
4950,0.06536516476285589,0.9227542125222562,0.6818425094914806,0.12448169479288973,0.1868154526842295,0.49479933610830507,0.19708305543696214,-0.1892731750809491,-0.8002583573563513,0.0568513314156085,-0.023106964151915932,0.13548038211731128,0.09609193059058951,0.00036168560031135666,0.36424198860771817,0.5363662619497029,0.2168330190104295,-0.0005565800264282217,-0.6152811959511408,0.01436474616134309,-0.019547133424544727,0.26203045223522725,0.21989802578897844,0.11499250351169732
4960,0.06226609554497068,0.925830803700675,0.6977972238276433,0.13873480078250355,0.10857339733677296,0.47048964014903916,0.13543900172934653,-0.1559202958313013,-0.341796873630297,0.043204747525364295,-0.012856527722248545,0.1473883038852033,0.10605589385441927,-0.04545311092248183,0.35413727946963114,0.511196870532447,0.23067980952499867,-0.045392881707225996,-0.9361233745905848,-0.010143944336441724,-0.02771009445735051,0.3051996098458749,0.2054881963951456,0.12639755861156976
4970,0.061389267218043955,0.9266003835006194,0.6965400847165388,0.13027137691407642,0.27995875275720417,0.4787801919284047,0.1584148152780419,-0.2955586568191688,-0.3527025807995121,-0.027421713747052268,-0.02620935626366938,0.18233655979132246,0.1125664865472874,-0.009179471092666924,0.3747733897224601,0.5223032557607747,0.23546054531879324,-0.07320374886091541,-0.8852530123551277,-0.047509204309129194,-0.01253012393608377,0.23705684169670638,0.19582243746715833,0.11099782658001867
4980,0.043401191071651746,0.9309320798236232,0.6958270489609785,0.14258406925407563,0.3003159251189522,0.50418411097207,0.209442196319359,-0.5032736486638534,-0.9527249416390775,0.049290208385570855,-0.03333969203343101,0.15519603761800949,0.09421775793749443,-0.0267740180219338,0.4093400537921975,0.5303075837883566,0.235894006089013,-0.0929503799825353,-0.6410821147995316,0.00539610174102767,-0.02905956172565549,0.24000132894043058,0.21713345617484903,0.09732653323929874
4990,0.0773942110357938,0.9194648226110567,0.6831931788283994,0.1448815843841954,0.31644493428396014,0.4970345119426197,0.19383848029772832,-0.22132555448686086,-0.35626370837678567,0.04989490000810071,-0.0335812194145404,0.1349884033798613,0.09985797832744436,0.023609558250248353,0.38674583426126885,0.5214366950214109,0.18407961970561693,0.010566584342405427,-0.8425232840467769,-0.02009825382698316,-0.007496617632739344,0.2606861097784514,0.1977368460776432,0.08476502947540143
5000,0.056611705856795806,0.9288408181154806,0.6955229184145686,0.1275573753273921,0.15024224151082033,0.4604280911297206,0.20401019935821074,-0.20106114474764492,-0.7774126105906423,0.048355435330397656,-0.023562761645896657,0.1645933406392135,0.07095585936655291,-0.015106728636678612,0.3367473016037793,0.544852318672647,0.21673035121753936,-0.10030677234990115,-0.5353379443692454,0.010450432260707632,-0.027693517215178876,0.23225899097802594,0.20618706630993944,0.09595829884295348
