SITE_ID,latitude,longitude,sob4es_total_plant_cover_z,sob4es_clay_content_z,sob4es_silt_content_z,sob4es_sand_content_z,sob4es_aggregate_stability_z,sob4es_bulk_density_z,sob4es_soil_moisture_z,sob4es_as_z,sob4es_cu_z,sob4es_k_z,sob4es_mo_z,sob4es_ni_z,sob4es_p_z,sob4es_pb_z,sob4es_zn_z,sob4es_soil_p_h_z,sob4es_plot_total_c_z,sob4es_plot_total_organic_c_z,sob4es_plot_total_n_z,sob4es_macrofauna_shannon_z,sob4es_earthworm_shannon_z,sob4es_oribatid_shannon_z,sob4es_mesostigmatid_shannon_z,sob4es_collembola_shannon_z,sob4es_oomycete_shannon_z,sob4es_cercozoan_shannon_z,sob4es_nematode_shannon_z,sob4es_bacteria_shannon_z,sob4es_fungi_shannon_z,sob4es_eukaryotes_shannon_z,sob4es_ew_species_richness_z,sob4es_ew_species_richness_calc_z,sob4es_nuid_earthworm_spp_richness_z,sob4es_orib_total_abundance_z,sob4es_orib_species_richness_z,sob4es_meso_total_abundance_z,sob4es_meso_species_richness_z,sob4es_coll_total_abundance_z,sob4es_coll_species_richness_z,sob4es_bac_asv_richness_z,sob4es_bac_total_reads_z,sob4es_fun_asv_richness_z,sob4es_fun_total_reads_z,sob4es_euk_asv_richness_z,sob4es_euk_total_reads_z,sob4es_oomy_asv_richness_z,sob4es_oomy_total_reads_z,sob4es_cerc_asv_richness_z,sob4es_cerc_total_reads_z,eu_clay_content_z,eu_sand_content_z,eu_silt_content_z,eu_water_holding_capacity_z,eu_cn_ratio_z,eu_p_z,eu_ph_z,eu_organic_carbon_lucas_z,eu_organic_carbon_octop_z,eu_zn_z,gee_temp_media_C_z,gee_humedad_rel_pct_z,gee_ndvi_verano_z,dem_elevacion_m_z,dem_pendiente_deg_z,dem_orientacion_deg_z,eu_soil_texture_class_enc,eu_env_zone_enc,eu_soil_type_wrb_enc,sob4es_clay_content_was_missing,sob4es_silt_content_was_missing,sob4es_sand_content_was_missing,sob4es_aggregate_stability_was_missing,sob4es_bacteria_shannon_was_missing,sob4es_fungi_shannon_was_missing,sob4es_eukaryotes_shannon_was_missing,sob4es_ew_species_richness_was_missing,sob4es_ew_species_richness_calc_was_missing,sob4es_nuid_earthworm_spp_richness_was_missing,sob4es_orib_total_abundance_was_missing,sob4es_orib_species_richness_was_missing,sob4es_coll_total_abundance_was_missing,sob4es_coll_species_richness_was_missing,sob4es_bac_asv_richness_was_missing,sob4es_bac_total_reads_was_missing,sob4es_fun_asv_richness_was_missing,sob4es_fun_total_reads_was_missing,sob4es_euk_asv_richness_was_missing,sob4es_euk_total_reads_was_missing,sob4es_oomy_asv_richness_was_missing,sob4es_oomy_total_reads_was_missing,sob4es_cerc_asv_richness_was_missing,sob4es_cerc_total_reads_was_missing,eu_clay_content_was_missing,eu_sand_content_was_missing,eu_silt_content_was_missing,eu_soil_texture_class_was_missing,eu_water_holding_capacity_was_missing,eu_cn_ratio_was_missing,eu_p_was_missing,eu_ph_was_missing,eu_organic_carbon_lucas_was_missing,eu_organic_carbon_octop_was_missing,eu_zn_was_missing,eu_env_zone_was_missing,eu_soil_type_wrb_was_missing,outlier_flag
BE_001,51.099,4.975,0.4669788422889004,-0.3371011713816584,-0.2547094762475268,0.2203616145089331,-0.2483411826110568,-1.7762925640791067,0.900944468531415,9.67729273824746,-0.3407534275727538,-0.2687388241983642,-0.6339084243373084,-0.6618408156839529,0.3962926862170585,1.2725785128037297,1.175609758677581,-1.167424392683632,1.319599111153423,1.2445746094169134,1.5818571307168283,0.6243739994374903,-0.5563482822759022,0.683925458849464,0.3201797498653363,-1.0535879090813047,0.6637693563093854,-0.0634061237603263,0.4545330793301722,0.2284433715240083,0.008699777075614,0.0738219581231484,-0.4935941062829906,-0.1429536801399053,-0.465378755558189,-0.0278397131762145,0.1890517700549435,0.1478095106769117,0.3248687809749678,-0.4875467233672091,-1.1705526037298035,0.0469575965261576,-0.4275918656090574,0.2943303182203099,0.0020323176797931,-0.1291743742286508,-0.1942782114085952,-0.967577464142264,-0.4629512179059282,0.7330324805546768,0.7644723943813214,-1.2672948835280389,1.0115633264023125,-0.7252476878015132,-0.523203233942139,-0.2944609789337851,1.713306538652376,-0.460299135227171,0.4493227271606939,-0.268884085283832,-0.4858566300253882,-0.07464309748275416,0.13324804367036933,0.5342151710252039,-0.9555293677481144,-0.760300592807081,-0.7954014289662534,2,6,9,0,0,0,0,1,1,1,0,0,0,0,0,0,0,1,1,1,1,1,1,0,0,0,0,0,0,0,0,0,0,0,0,0,0,0,0,0,True
BE_003,51.097,4.976,0.4669788422889004,-1.3000343240435726,-1.4226262919269688,1.5219062355236754,-0.2257451390037393,-0.514102937974872,0.2217813328078662,-0.3549979004260434,-0.4226324778338006,-0.7808652738396771,-0.0606845962365551,-0.6618408156839529,0.7236172601734009,-0.125390517460073,-0.6460770820691907,-1.1839594359102978,0.321755170880773,0.2370782209350942,0.6864952855060871,0.0538491699326317,0.0530212814655692,-0.9819421003211934,-0.7149552231343153,-1.0535879090813047,-0.5704006144833491,0.3809812013623526,0.8834470684741242,0.1174475817154605,-0.9999789405466464,-0.1612145416811422,-0.7772612440795411,-0.1429536801399053,-0.1591896513619691,-0.3192014172508132,-0.3046797639723404,-0.5554179105937436,-0.7893398091962072,-0.4875467233672091,-1.1705526037298035,-0.1608332132669113,2.3154014537791285,0.2943303182203099,-0.4490012246844381,0.2869162929586454,0.239512158498789,-0.12078651381804,-0.1696434886845005,-0.1219901685282098,-1.0559640810575197,-1.0771748021000689,0.9224844940296224,-0.7101339731803414,-0.8728720063854908,-0.2528091906875567,1.4832545736641345,-0.3788033773737861,0.5364161407581814,-0.268884085283832,-0.2438927355751748,-0.07464309748275416,0.13324804367036933,0.22178220367335497,-0.9577455526254116,-0.2770922604777408,0.5994160211401507,2,6,9,0,0,0,0,0,0,0,0,0,0,1,1,0,0,0,0,0,0,0,0,0,0,0,0,0,0,0,0,0,0,0,0,0,0,0,0,0,False
BE_004,51.232,5.027,0.4669788422889004,-2.131647616428782,-2.364430362310358,2.6045469404674875,-0.2783660624728349,0.232155162130551,-0.1394756542791279,-0.4797449698859888,-0.3882961019178778,-0.5760146939831519,-0.0606845962365551,-0.6618408156839529,0.9830818614802572,-0.5582054324589657,-1.0640592160810267,-0.4150799258703322,-0.5226481300361854,-0.6154932501744145,-0.5413631923270802,-1.2084718855625265,0.503617944539745,-0.9819421003211934,1.910978736884538,1.061055848902514,0.7088746640786737,0.6009533636521545,0.967631289002544,0.6875297367121688,-0.307821337216818,0.6255390499853309,-0.2099269684864401,0.2869140763371341,-0.1591896513619691,-0.3192014172508132,-0.3046797639723404,3.1365260510771966,3.1103902564029053,2.538245257262485,1.6139931444185314,0.6703300259053644,1.3862648278199656,-0.994685536959921,-1.3239013335552332,-0.2519061537587166,-0.7306766880440725,-1.4380168809890548,-0.4009752435333552,2.6533292498064056,1.732410235209863,-1.5232246938565157,1.530994444089693,-1.3450345369798626,-1.6134721334607025,0.9632431924761764,1.6800336799401443,-0.6668079729319404,-0.0197491005477594,-0.268884085283832,-0.9977986913450566,-0.1033463955934643,0.1869473903686076,-0.09585505967878694,-0.9310128225430131,-0.7014978989011921,-1.358041123967893,2,6,3,0,0,0,0,0,0,0,0,0,0,1,1,0,0,0,0,0,0,0,0,0,0,0,0,0,0,0,0,0,0,0,0,0,0,0,0,0,True
BE_005,51.226,5.033,0.4669788422889004,-2.140671404295897,-2.353308805977954,2.6030264444149003,-0.2607225763684911,-0.1824326712613506,0.1148492646301157,-0.5388356869985945,-0.4675338924930843,-1.032660778246656,0.0044544751385304,-0.6618408156839529,-0.0507847806501404,-0.5558909141969395,-1.249580698022109,-1.1012842197769683,-0.5428707741842282,-0.6359115141157069,-0.5649636436011726,-1.2084718855625265,-0.3711262322442522,-0.9819421003211934,-0.7149552231343153,0.2281390813615703,1.0343249793715683,0.3942254794972916,0.9150520593966256,0.8134293662146639,-1.3611978653076706,-0.6803153257893334,-0.4935941062829906,-0.1429536801399053,-0.7715678597544089,-0.3192014172508132,-0.3046797639723404,-0.5554179105937436,-0.7893398091962072,-0.4079206186137961,-0.2423706876803585,0.9424808210325696,-0.7802761918249336,0.2943303182203099,-0.0825557662406718,-0.1680893287137936,-0.2750451246868058,0.0987518807104624,-0.416357263189732,1.062426451922674,-0.0606392837192711,-1.3208738059891685,1.281568702914914,-1.0969601268240512,-1.530567337808559,-0.2104077238013706,1.6224872254236555,-0.0668836617988607,0.6101052041769254,-0.0764935325440891,-0.1814719778260053,-0.1033463955934643,0.1869473903686076,0.23719928877583363,-0.9292583428484861,-0.6832829230111525,-0.8071877717657001,2,6,9,0,0,0,1,0,0,0,0,0,0,1,1,0,0,0,0,0,0,0,0,0,0,0,0,0,0,0,0,0,0,0,0,0,0,0,0,0,True
BE_006,51.222,5.026,0.4669788422889004,-2.129431247478964,-1.956154194328374,2.3502439756722584,-0.2607225763684911,-1.647309682579404,1.0309969838827329,-0.4206542527733831,-0.5335653846390898,-0.9985190149372348,0.3822610891140268,-0.6618408156839529,-0.5138292999054539,-0.5373747681007301,-1.3792222155231062,-1.3410423465636243,-0.5156295351935303,-0.6084067623271665,-0.4321025053863983,-1.2084718855625265,-0.0481176398297547,0.8148559936493303,1.226920133680045,-1.0535879090813047,-1.7267235757814503,0.2863184352468308,0.8602526288106338,-1.0466030810252267,-0.4596566710189528,-1.0679358440993625,-0.7772612440795411,-0.5728214366169448,-0.1591896513619691,1.982556044938516,1.1765148381095116,0.3236163659945755,0.8819730760605554,-0.4875467233672091,-1.1705526037298035,-1.2126592592990832,-0.8604426632446515,1.583346173400541,0.2107240867682396,-0.8745454255210016,-0.1956432859992129,-0.7898559066668095,0.1371650980556272,0.6489318921202946,0.5885271214555872,-1.4374324623091363,1.356178878470354,-1.136230874897037,-1.5068520640754293,0.2516776790890631,2.0980898335956883,-0.4830875954490242,0.6396707994253908,-0.222134889498562,-0.4100983280755182,-0.1033463955934643,0.1869473903686076,0.2650795909594441,-0.9213170137048374,-0.2746998949849367,0.31203495853053703,2,6,9,0,0,0,1,0,0,0,0,0,0,0,0,0,0,0,0,0,0,0,0,0,0,0,0,0,0,0,0,0,0,0,0,0,0,0,0,0,True
BE_007,51.347,5.029,0.4669788422889004,-1.943810347931723,-1.6292571385441892,2.036356571816265,-0.2526746704261588,-0.2745633009039954,0.0714984261796766,-0.5519669574680625,-0.4252737375196408,-0.9302354883183932,0.0435379179635817,-0.6618408156839529,0.0330422443874593,-0.5258021767905994,-0.5566691389650547,-0.8284560065369805,-0.3609151485238102,-0.4521957762952909,-0.3025219836634722,-1.2084718855625265,0.9356805761867458,-0.9819421003211934,-0.7149552231343153,-1.0535879090813047,0.1183601003091227,0.5554761168148901,0.292239379491864,0.2042995680730695,-0.4842912947140146,-0.3151473976775528,0.3574073071066607,0.2869140763371341,0.7593776612266905,-0.3192014172508132,-0.3046797639723404,-0.3796110552760798,-0.2322355141106196,-0.4875467233672091,-1.1705526037298035,0.0745404473836446,-0.7186467122950604,0.2943303182203099,0.3490286911345474,-0.6949379432818809,-1.463039205910438,0.4646492049246332,0.4732404726111741,0.66995703922889,-0.7324158506637714,-1.4547864697004034,1.4428950957918143,-1.2555208845977184,-1.3470418984498258,0.4178472007930825,1.6467620780643233,-0.7272119041218031,-0.8332173450971198,1.8835453885937836,-1.0712614994762215,-0.11786973098157705,0.2264627952170985,0.18169395337245287,-0.8964311043535199,-0.7319551864854432,0.9684673386695414,2,6,9,0,0,0,0,0,0,0,0,0,0,1,1,0,0,0,0,0,0,0,0,0,0,0,0,0,0,0,0,0,0,0,0,0,0,0,0,0,True
BE_008,51.339,5.003,0.4669788422889004,-1.9283749213169203,-1.6821037062202342,2.059876745129725,-0.2526746704261588,0.1215984065593777,-0.1221353188989522,-0.6110576745806683,-0.4886639699798061,-1.0369284986603335,-0.6339084243373084,-0.6618408156839529,0.116869269425059,-0.5281166950526255,-1.2071119250476443,-0.8945961794436442,-0.5149365969198728,-0.607707121050636,-0.4459143706516651,-0.5211546786880162,0.0719686451193731,-0.9819421003211934,0.4567269715801114,-1.0535879090813047,0.0313153592768771,0.5300223895450066,1.7727385261199802,-1.3807113291658482,1.6102694001106457,-0.4569698554692368,-0.4935941062829906,-0.1429536801399053,-0.465378755558189,-0.3192014172508132,-0.3046797639723404,-0.0279973446407521,0.3248687809749678,-0.4875467233672091,-1.1705526037298035,-1.845225972297452,-0.8244520101598232,0.2943303182203099,0.3802089702439158,-0.3955921395500131,0.2206286266619116,0.5482828790307294,-0.2127950446589618,2.0295832189180705,0.2990533602076371,-1.9729999977893533,1.7187016579042105,-1.34623402923496,-1.9930873472645856,0.5831054422115409,1.8697707318083645,-1.0952205347881154,0.4592634509905496,-0.0263918890324434,-0.7911849813469428,-0.11786973098157705,0.2264627952170985,0.7102405262951312,-0.9121290805677091,0.019808546715432872,-0.47334262359808554,2,6,9,0,0,0,0,0,0,0,0,0,0,1,1,0,0,0,0,0,0,0,0,0,0,0,0,0,0,0,0,0,0,0,0,0,0,0,0,0,True
BE_009,51.339,5.001,0.4669788422889004,-1.9383485815911004,-1.6839445155442183,2.066909039372941,-0.2607225763684911,-0.495676812046343,0.039707811316021,-0.5782294984069984,-0.4913052296656462,-1.019857617005623,-0.6339084243373084,-0.6618408156839529,-0.6455574821073965,-0.2063986566309887,-1.4552189671616218,-1.9611064675635967,-0.4640556997581252,-0.5563340374809059,-0.4673116650323727,0.0912869560179134,-1.1998396121339083,1.315568011504988,2.275530473846744,0.2281390813615703,-0.2741160571910457,0.4207353734305862,0.4597274074233932,0.2284433715240083,0.008699777075614,0.0738219581231484,-1.0609283818760915,-1.8624247060480632,-1.6901351723430684,4.3717220183502254,2.904575207205005,3.1365260510771966,2.553285961317318,-0.4079206186137961,-0.2423706876803585,0.0469575965261576,-0.4275918656090574,0.2943303182203099,-0.5187709581370845,-0.1291743742286508,-0.1942782114085952,-0.1835117693976121,-0.3274051678224482,-0.2060907569625921,-1.0581932519362167,-1.9729999977893533,1.7187016579042105,-1.34623402923496,-1.9930873472645856,0.5831054422115409,1.8697707318083645,-1.0952205347881154,0.4592634509905496,-0.0263918890324434,-0.7911849813469428,-0.11786973098157705,0.2264627952170985,0.8012294079857777,-0.9185467826082159,0.4281110905114577,-1.7270499244142659,2,6,9,0,0,0,1,1,1,1,0,0,0,0,0,0,0,1,1,0,0,1,1,0,0,0,0,0,0,0,0,0,0,0,0,0,0,0,0,0,True
BE_010,50.805,5.256,0.4669788422889004,-0.9610090307553704,1.337053686279265,-0.4484665866229124,-0.2607225763684911,-0.0073844749403262,0.0252575318325413,-0.3943917118344472,-0.0739861993028918,2.718665465375961,0.7600677030895232,-0.359480585694244,3.797274844885395,-0.1971405835828841,-0.1677445864620627,0.155379065449642,-0.4881339106071791,-0.5806451641936634,-0.3729258136831372,-0.6016997024333278,0.6548481875907985,-0.9819421003211934,-0.7149552231343153,-1.0535879090813047,-0.1876238414287397,0.486019764663889,0.5000761996084748,-3.702638668268597,-1.1452560028366507,0.0467241287282822,0.0737401693101102,0.7167818328141736,1.0655667654229104,-0.3192014172508132,-0.3046797639723404,-0.3796110552760798,-0.2322355141106196,-0.4875467233672091,-1.1705526037298035,-2.492503539086481,-0.9162943790685992,0.2943303182203099,0.4468915473490999,-0.2279584894601671,-0.1391443654430938,-0.2985080712934944,-0.2384658694765091,1.6160886591156909,-0.2611054363106733,-0.1873220533211856,-0.8927610538052528,1.4586534985649702,-0.6505882997224117,-0.7506678430671005,1.901329894074938,0.3185032241399031,1.1851895028794706,-0.960763157680096,0.195046106792352,-0.10440155223546164,0.12931520077910563,0.006350572345694205,-0.7369119637063924,-0.647628427632189,0.32761342021057543,7,6,7,0,0,0,1,0,0,0,0,0,0,1,1,0,0,0,0,0,0,0,0,0,0,0,0,0,0,0,0,0,0,0,0,0,0,0,0,0,True
BE_011,50.773,5.154,0.4669788422889004,-0.6505590657130337,1.2792982937392623,-0.5417395163488156,-0.2607225763684911,-0.440398434260756,0.0714984261796766,-0.2959071833134377,0.1346733158784853,1.1908215572793774,0.6037339317893179,-0.2385364936983605,0.1967045313656304,-0.3244390879943231,-0.391264444222403,0.1305765006096436,-0.4229223802009034,-0.5148028228013378,-0.45666086472332,-1.2084718855625265,0.5371806716555039,-0.9819421003211934,-0.7149552231343153,-1.0535879090813047,0.4060409458753324,0.1953266939189161,0.5546482286505205,0.1233716475468538,0.6636629831556707,0.7821522892235354,0.3574073071066607,0.7167818328141736,0.7593776612266905,-0.3192014172508132,-0.3046797639723404,0.1478095106769117,-0.2322355141106196,-0.4875467233672091,-1.1705526037298035,-0.1387669325809216,-0.4927120773779274,0.2943303182203099,-0.8268691616138146,1.0173200540644027,0.0706979341257405,-0.5598633028750449,-0.3935529711534063,-0.0729314919414868,-0.3473265813688498,0.2390265244376548,-1.3991732034549385,1.9526490675786217,-0.178847213464439,-0.7659377642424661,2.010926029066782,-0.1121815398725034,0.4944728061073468,-0.960763157680096,0.1665820534997368,-0.14643664795721406,0.23999291003556608,0.5076848935662667,-0.620746939721393,-0.3624089636728451,0.9779911652655388,6,6,7,0,0,0,1,0,0,0,0,0,0,1,1,0,0,0,0,0,0,0,0,0,0,0,0,0,0,0,0,0,0,0,0,0,0,0,0,0,True
BE_012,50.824,5.143,0.4669788422889004,0.1204998607217961,2.067164684404477,-1.4927147662388949,-0.295390478889307,0.5177601140227494,-0.0903447040352967,-0.4075229823039151,-0.0317260443294483,2.223609897389359,0.395288903389044,-0.359480585694244,0.5240291053219726,-0.1763099192246487,-0.3331492812047145,0.5687551461162903,-0.5610451272610757,-0.6542616732427083,-0.5630812559532185,-0.7502604143135141,0.7649116060995178,-0.9819421003211934,-0.7149552231343153,0.6907964435491247,0.3215874319076924,0.349881334658922,0.8559935629183708,0.4385456086284339,0.3617898953558983,-0.1482694963139296,1.208408720496312,1.146649589291213,1.98413407801157,-0.3192014172508132,-0.3046797639723404,-0.5554179105937436,-0.7893398091962072,-0.0894161996001441,0.2217202703443639,-0.1387669325809216,-0.1826387584932527,1.583346173400541,-1.0695196505243456,-0.1201940001166947,-0.2267366516743925,0.3391986937654889,-0.2520307121019329,1.0133677753359511,-0.1117509874379686,-0.1684479963297183,-0.4735018603200816,0.8178236392097914,-0.6734967527015902,-0.473602618532789,2.092274765733607,0.1359039116174175,0.5712404786073422,-0.9794703508760378,0.2354535236968617,-0.09246020433737227,0.1549193235966297,-0.8189879423262583,-0.8173871770632501,-0.7714374666528933,-1.601620480265623,7,6,13,0,0,0,0,0,0,0,0,0,0,1,1,0,0,0,0,0,0,0,0,0,0,0,0,0,0,0,0,0,0,0,0,0,0,0,0,0,True
BE_013,50.742,2.824,0.4669788422889004,-0.3760459400713141,1.3905905574518038,-0.7755632999357586,-0.2607225763684911,-0.0626628527259131,-0.015203250721202,-0.0989381262714187,-0.0977575364754538,0.985970977422852,0.6428173746143694,-0.359480585694244,1.8413109273413988,0.3953760914958137,-0.3063268982734736,-0.7457807904036511,-0.4192156640337752,-0.5110602504402846,-0.3841014757374164,-0.5313076349693286,1.4682648835301466,-0.9819421003211934,-0.7149552231343153,0.2281390813615703,1.1494706437452658,0.5469352720406886,0.2641817228835769,0.4100492745139376,-0.4310213971637812,-0.5649296570633352,0.6410744449032111,2.006385102245292,1.98413407801157,-0.3192014172508132,-0.3046797639723404,-0.5554179105937436,-0.7893398091962072,-0.3282945138603831,-0.2423706876803585,0.7218180141726734,0.1359808358731036,-2.283701392140152,0.0443263596400256,-0.275853818057266,0.3249051578896483,0.391469740081799,-0.3404837236367719,0.0952696849272777,-1.0446590001726987,-0.731200288043638,-0.8172598263123152,1.6844828816325652,-0.972059646322782,-1.2298409465902465,2.3311673180330024,0.8927080811339964,0.0345077529921768,-0.948544033493402,0.0384806775593304,-0.10038509237668732,0.3155789829366006,0.3339653712435736,-0.8062600821584868,-0.44383188579000604,-1.1949162364779295,6,6,7,0,0,0,1,0,0,0,0,0,0,1,1,0,0,0,0,0,0,0,0,0,0,0,0,0,0,0,0,0,0,0,0,0,0,0,0,0,True
BE_014,50.785,2.751,0.4669788422889004,-0.6050443462078464,0.9711928331374154,-0.3782386751940356,-0.2644369944957214,0.1123853435951136,-0.015203250721202,-0.1645944786187584,0.1135432383917637,2.6247756162750533,0.3822610891140268,-0.359480585694244,5.753238762429391,-0.2503745036094859,-0.2348005437901647,0.2793918896496368,-0.420602747240073,-0.5124607513247086,-0.4393914242251757,-0.5773113578159389,1.114265279374004,-0.9819421003211934,-0.7149552231343153,0.2281390813615703,0.8697376549969907,0.5370823826009532,0.8126567931115606,0.434818347465583,-1.5073430371800671,0.0082896273165466,-0.4935941062829906,1.5765173457682524,0.7593776612266905,-0.4357460988806527,-0.7984112979996244,-0.5554179105937436,-0.7893398091962072,-0.2486684091069701,-0.2423706876803585,0.2510706928715616,-0.7072115549604159,1.583346173400541,-0.0637241125211523,-0.0722986715195959,0.7792474841335538,-0.4135043731893766,-0.3834305272697174,2.0435999836571344,-0.142242860528718,-0.3975323888864267,-1.3655259904479158,2.299063889541014,-0.5538357232498641,-0.5215654769623357,1.5773611425244047,0.2061946147009841,0.2981604830319172,-0.948544033493402,0.7680539784949835,-0.11205983388692757,0.3549963189988198,-0.938640917950852,-0.5365780849023731,0.14150570447352387,-0.062233812472043376,6,6,7,0,0,0,0,0,0,0,0,0,0,0,0,0,0,0,0,0,0,0,0,0,0,0,0,0,0,0,0,0,0,0,0,0,0,0,0,0,True
BE_015,50.771,2.803,0.4669788422889004,1.8806134310128215,0.3618082465101634,-1.4928097972421814,-0.2607225763684911,0.0110416509882037,-0.0383236978947696,-0.0792412205672167,0.3459740907457028,0.2135135825472053,0.3040942034639242,-0.1982217963663993,0.7276090232704293,-0.4262778915234743,-0.0090454874522213,0.1057739357696445,-0.421430620093737,-0.5132966324445164,-0.45363122909475,-0.7502604143135141,1.4753102679865062,-0.9819421003211934,-0.7149552231343153,0.2281390813615703,0.561314340301704,0.2368157345221707,0.6684379299775235,0.2046531584955411,0.3210097310651026,0.7850189906833589,0.9247415826997616,0.2869140763371341,0.7593776612266905,-0.4940184396955724,-1.0452770650132663,-0.5554179105937436,-0.7893398091962072,-0.2486684091069701,-0.2423706876803585,0.0451187398023251,-0.745489239512173,1.583346173400541,0.8602617822742921,0.8736340682731062,0.2566514283587661,-0.5494090936117829,-0.3971105430872438,-0.5004428164829301,-1.15126113612182,-0.1713730331348391,-1.3379265634405109,2.1166412025840926,0.1648062805656632,-0.1972258743821122,1.0054226519090537,-0.6551700178436526,0.0450258498175031,0.0241652889339014,0.2326900335800048,-0.10038509237668732,0.3155789829366006,0.0400141669521262,-0.5970152933270013,0.14376607738741468,-1.5159910750676846,6,6,7,0,0,0,1,0,0,0,0,0,0,0,0,0,0,0,0,0,0,0,0,0,0,0,0,0,0,0,0,0,0,0,0,0,0,0,0,0,True
BE_016,51.156,4.49,0.4669788422889004,-1.3089789558767655,0.68855190151735,0.2194113044760659,-0.2619607157442345,0.0018285880239403,-0.018093306617898,-0.2959071833134377,0.6101000593297247,-0.0041401585503525,0.5255670461392152,-0.6618408156839529,-0.2902905664718543,0.2703921053464009,-0.4046756356880234,0.6266277974096213,-0.5215176896369617,-0.6143518746810677,-0.5666992251607338,-0.3095914573506338,1.563318586974212,-0.9819421003211934,-0.7149552231343153,0.2281390813615703,0.4745135982456913,0.6099159738459671,-0.1949375683234337,0.3832163250468731,-1.2122170337179254,-0.2984481688377436,0.9247415826997616,1.146649589291213,1.0655667654229104,-0.3192014172508132,-0.3046797639723404,-0.0279973446407521,-0.2322355141106196,-0.4079206186137961,-0.2423706876803585,0.4202455114641487,-0.2494441513430176,-0.994685536959921,-2.2494308065244084,-0.6111211182369579,-0.4394607753789752,-0.0476070489752058,-0.2644054317422959,1.567029982528968,0.3528719142790381,-1.1258972591620018,0.4623960144826706,0.010567595668253,-1.5014667232725554,0.1650196731718972,1.4834239323704437,0.3996884686792324,0.2880913181755267,-0.7327789565363363,0.2969778723689572,-0.08435270529976163,0.24383757598417777,0.05650048091905387,-0.9340139062310199,-0.7679726614564184,0.7063930512590488,7,6,13,0,0,0,0,0,0,0,0,0,0,1,1,0,0,0,0,0,0,0,0,0,0,0,0,0,0,0,0,0,0,0,0,0,0,0,0,0,True
BE_017,50.917,4.928,0.4669788422889004,-1.3349421350032031,-0.6350667028157512,1.0549714008744393,-0.3566783779886064,0.305859665844668,-0.1625961014526962,-0.1908570195576942,-0.2852869741701092,0.8237976017031031,0.0826213607886331,-0.6618408156839529,0.1767457158804876,-0.4309069280475266,-0.5298467560338137,0.1057739357696445,-0.5286894181711708,-0.6215929775286867,-0.5265510773409282,0.4988301827266931,1.5328596334325433,-0.9819421003211934,0.5609758562232795,0.2281390813615703,0.2787387365590156,0.3229100131357732,0.9369942537782604,0.2284433715240083,0.008699777075614,0.0738219581231484,0.6410744449032111,1.146649589291213,1.37175586961913,-0.3192014172508132,-0.3046797639723404,-0.2038041999584159,0.3248687809749678,-0.0894161996001441,-0.2423706876803585,0.0469575965261576,-0.4275918656090574,0.2943303182203099,0.4218855809346559,-0.1291743742286508,-0.1942782114085952,-0.3821417453995906,-0.3509132960327345,0.3125295383827653,0.2485785624542816,-0.9764429051417464,-0.5871900664822995,1.49219411841184,-1.401381735123398,-0.8385338770648106,2.625278349607618,0.5843375886870718,0.660129314268605,-0.7720164385260745,0.2510623912487728,-0.06968806812133062,0.09484455734322188,-0.45818266664015533,-0.7135035109399398,-0.002498199120920082,-1.3924718627203436,6,6,13,0,0,0,0,1,1,1,0,0,0,1,1,0,0,1,1,0,0,1,1,0,0,0,0,0,0,0,0,0,0,0,0,0,0,0,0,0,True
BE_018,50.961,4.916,0.4669788422889004,-1.0677113644823133,-1.0185686453124485,1.1321365755432458,-0.2947714092014352,0.0571069658095266,-0.1625961014526962,0.3409594344557572,0.1346733158784853,0.3970255603353425,-0.1909627389867264,-0.3796379343602246,0.0130834289023165,-0.5558909141969395,-0.4337332171968676,0.213251716742973,-0.3128298121627556,-0.4036452958369352,-0.4450579256839021,-0.1680005426277492,0.2933861291892788,-0.9819421003211934,-0.7149552231343153,0.8503858730110689,0.5237033995088716,0.6114032828078227,0.4902868880637978,0.0253310243544356,-0.5654638381697491,-0.0022623523128821,-0.2099269684864401,0.2869140763371341,-0.1591896513619691,-0.4940184396955724,-1.0452770650132663,-0.0279973446407521,-0.2322355141106196,-0.0894161996001441,0.2217202703443639,0.0671850204883147,-0.8196372070715519,1.583346173400541,0.93805812223034,-0.4315136359978372,-0.9427182744533464,-0.8839437900361676,-0.3995419771427443,1.658138953332882,-0.1982905854788161,-1.6198209243991688,0.4540179575327862,0.3311035685890778,-1.772810054467137,0.2442561155462153,1.983933267688501,0.079218447298802,0.7391416466132794,-0.5675408138299993,0.6973497563278503,-0.06968806812133062,0.09484455734322188,0.3283639579574883,-0.8219118878543987,-0.3134727150407276,1.1999657695212014,7,6,13,0,0,0,0,0,0,0,0,0,0,0,0,0,0,0,0,0,0,0,0,0,0,0,0,0,0,0,0,0,0,0,0,0,0,0,0,0,False
BE_019,51.198,4.94,-0.4989190731216809,0.1599591436319453,0.0382093074314507,-0.1376201748720929,-0.2607225763684911,-2.716024986434084,-0.1625961014526962,3.899533731681568,14.8464897660085,-0.5205343286053431,-0.0216011534115038,-0.6618408156839529,-0.5457634046816824,9.604844256097918,4.215479824218207,-1.8122910785236035,6.758323827461164,6.735909765623444,7.460283564472868,-1.2084718855625265,-1.1998396121339083,-0.2321274364982203,-0.7149552231343153,0.2281390813615703,-0.530073316671191,0.0641723578958888,1.2376219508788642,0.8528579647550849,0.94600103607432,-0.9324943628827336,-1.0609283818760915,-1.8624247060480632,-1.6901351723430684,-0.3774737580657329,-0.5515455309859825,-0.5554179105937436,-0.7893398091962072,-0.4079206186137961,-0.2423706876803585,1.1999207623691153,0.6534517977850666,0.2943303182203099,0.2196768401758801,-0.192036993012343,0.0072978031392766,-1.2184784864605525,-0.357222227555691,1.46190424698599,0.6995875991621027,-1.046513654357765,0.9215698851168572,-0.7278789406903842,-0.8843089200202252,1.2938336232061505,1.2407335346477495,-0.6212625234322262,0.2186349982050394,-0.099868056761412,-0.5662066202059288,-0.10060405142819337,0.20046736200040688,1.0378266074345786,-0.9467107987572022,-0.533586839451071,0.909741123906894,2,6,3,1,1,1,1,0,0,0,0,0,0,0,0,0,0,0,0,0,0,0,0,0,0,0,0,0,0,0,0,0,0,0,0,0,0,0,0,0,True
BE_020,51.195,4.942,0.4669788422889004,0.1599591436319453,0.0382093074314507,-0.1376201748720929,-0.2607225763684911,-2.6883857975412906,-0.1625961014526962,2.5864066847347744,7.609438226806302,-0.9515740903867812,-0.6339084243373084,-0.6618408156839529,0.3124656611794589,8.378149577224052,1.309721673333785,-1.3989149978569555,5.995241087119945,5.965445493628647,5.271656396077404,-1.2084718855625265,-1.1998396121339083,-0.9819421003211934,0.5609758562232795,0.8690025765830078,-2.9505996727659496,-3.7207302158948217,1.0421836632251191,0.2284433715240083,0.008699777075614,0.0738219581231484,-1.0609283818760915,-1.8624247060480632,-1.6901351723430684,-0.3192014172508132,-0.3046797639723404,0.4994232213122394,0.3248687809749678,-0.3282945138603831,0.2217202703443639,0.0469575965261576,-0.4275918656090574,0.2943303182203099,0.0020323176797931,-0.1291743742286508,-0.1942782114085952,0.0673892529206763,-0.2132813314700619,0.0602277730796184,-0.0334115537008996,-0.9799679985244,0.9671889025229,-0.8378181845277793,-0.9580641847645812,0.5285012980072658,0.4200165307374511,-0.6384120898450014,0.1040285992878994,1.7575096215909702,-1.087342566885849,-0.10060405142819337,0.20046736200040688,0.16302741039163512,-0.9659639048787223,-0.7872930751948571,0.43703619491450013,2,6,9,1,1,1,1,1,1,1,0,0,0,1,1,0,0,1,1,1,1,1,1,1,1,1,1,0,0,0,0,0,0,0,0,0,0,0,0,0,True
BE_021,51.08,4.931,0.0806196761246679,0.1599591436319453,0.0382093074314507,-0.1376201748720929,-0.2607225763684911,-2.70681192346982,-0.1625961014526962,-0.7620672849795495,8.903655472868008,-0.5461406510874086,-0.6339084243373084,-0.6618408156839529,0.1727539527834591,7.382906724552801,0.5050501853965609,-1.382379954630289,3.2720539585845487,3.215916146975576,2.8450745845920533,-1.2084718855625265,-1.1998396121339083,-0.9819421003211934,1.3073476911524553,-1.0535879090813047,0.4843113759353658,0.3080989195612029,0.9638249254834071,-0.4182181435282079,0.7863574551083234,-1.788849737970256,-1.0609283818760915,-1.8624247060480632,-1.6901351723430684,-0.3192014172508132,-0.3046797639723404,-0.0279973446407521,0.8819730760605554,-0.4875467233672091,-1.1705526037298035,-0.7492673648933011,0.9843491400265147,-0.994685536959921,-1.0435875372056629,-1.389420207939814,0.0625833240592912,-1.532104764358413,-0.4211305521513198,-0.6265936991345036,-1.043305574996347,-1.3611232617205105,0.8350292233491756,-0.4018706350023851,-1.3049382869748822,-0.1618481823726738,1.0195234138070726,-0.8255369241135546,0.308100901049805,-0.0764935325440891,0.6936754949720749,-0.07464309748275416,0.13324804367036933,0.7364343128471882,-0.9461105820196009,-0.2634640267049394,1.5337764990978016,2,6,3,1,1,1,1,0,0,0,0,0,0,1,1,0,0,0,0,0,0,0,0,0,0,0,0,0,0,0,0,0,0,0,0,0,0,0,0,0,True
BE_022,51.08,5.285,-0.1125599069574483,0.1599591436319453,0.0382093074314507,-0.1376201748720929,-0.2607225763684911,-2.752877238291142,10.215594623582476,9.349010976510762,-0.4015024003470789,0.1964427008924949,-0.6339084243373084,-0.6618408156839529,-0.1545706211728832,0.8513361891149679,0.907385929365173,-1.4319850843102873,5.578390718020128,5.544562804006235,5.164975520722175,-1.2084718855625265,-1.1998396121339083,0.7046244343925495,-0.7149552231343153,-1.0535879090813047,0.2760664967661589,0.0173969982470365,-0.0301869698759669,-0.3797739855405928,0.9073753505698976,-2.2048990310061707,-1.0609283818760915,-1.4325569495710238,-1.3839460681468485,0.059568798046165,0.1890517700549435,-0.5554179105937436,-0.7893398091962072,-0.4875467233672091,-1.1705526037298035,-1.109683282764465,0.9916917147361288,0.2943303182203099,0.1903488548749889,-0.8505977612224521,0.5455163792289107,-0.7480390696137613,-0.3261894507946979,-0.4513841398962071,-1.0582728651818845,-1.98442323042804,1.69852342594654,-1.3088360150943943,-1.8601169042018528,0.825253555363429,1.2337338984688124,-0.7223807645418565,-0.3237414872784574,-0.178063349256166,-1.4101069329832372,-0.11012488224004593,0.06470324305245595,0.36169657314603193,-0.820572942824365,0.07981567290390587,-0.9538180556677407,2,6,9,1,1,1,1,0,0,0,0,0,0,0,0,0,0,0,0,0,0,0,0,0,0,0,0,0,0,0,0,0,0,0,0,0,0,0,0,0,True
BE_023,51.091,5.322,-0.4989190731216809,0.1599591436319453,0.0382093074314507,-0.1376201748720929,-0.2607225763684911,-2.6975988605055554,7.657895155006556,1.430854883421596,-0.3724485438028364,-0.9942512945235574,-0.6339084243373084,-0.6618408156839529,0.0530010598726022,1.318868878044253,2.44967294791152,-1.2831696952702931,1.178865968034563,1.102480111761093,0.3236543874626627,-1.2084718855625265,-1.1998396121339083,-0.0406745529368861,-0.7149552231343153,0.2281390813615703,1.100132262539489,-0.3563457857986757,0.3698124048129587,0.0779133401045189,1.1392148503821606,-4.067578982786896,-1.0609283818760915,-1.8624247060480632,-1.6901351723430684,0.3217943317133038,-0.3046797639723404,-0.5554179105937436,-0.7893398091962072,-0.4079206186137961,-0.2423706876803585,-0.3888514470221373,-0.6452209651989224,-0.994685536959921,0.7114608463266128,-1.389420207939814,0.8143602361033299,-1.2184784864605525,-0.4690937881514032,0.2074038028397875,0.7459225081407349,-1.964964047976316,1.4828858657101462,-0.9974235889707596,-1.8310822036674643,0.8316959468051074,0.8573208198100404,-1.6846300538562708,0.2701982599313608,1.8835453885937836,-1.0395803219304425,-0.12544895814869716,0.042774063917175004,-1.4542704461856621,-0.7769879735708517,-0.026999321581707175,-0.7860375475873234,2,6,9,1,1,1,1,0,0,0,0,0,0,0,0,0,0,0,0,0,0,0,0,0,0,0,0,0,0,0,0,0,0,0,0,0,0,0,0,0,True
BE_024,51.074,5.273,-0.3057394900395646,0.1599591436319453,0.0382093074314507,-0.1376201748720929,-0.2607225763684911,-2.292224090077918,-0.1625961014526962,6.788413234964514,-0.7369423804487866,-0.6656368226703816,-0.6339084243373084,-0.6618408156839529,0.2805315564032303,4.698065540602451,1.7791133746304997,-0.9111312226703104,1.722942994275151,1.6518201607105736,0.8588934579787977,-1.2084718855625265,-1.1998396121339083,-0.2757182965934611,-0.7149552231343153,-1.0535879090813047,0.1132906177175301,0.2149000661658432,-0.2103950022488392,0.3172575220758101,-0.2625302856222491,-1.2281650624498557,-1.0609283818760915,-1.4325569495710238,-1.3839460681468485,0.2343858204909242,-0.3046797639723404,-0.5554179105937436,-0.7893398091962072,-0.4875467233672091,-1.1705526037298035,-0.0872789443136125,-0.5738415094152997,-0.994685536959921,-0.3020525825452361,-0.9942837470137488,0.0766132573517503,-1.3230205790931726,-0.4284248543178212,-0.8438535525899912,-1.39503689435648,-1.824637330581007,0.8376087121409624,-0.1167362341314973,-1.8212013610835256,0.5845292578938078,1.5156369637795573,-0.737798030326443,0.2471100679758311,-0.8858636197590584,-0.9977986913450566,-0.11012488224004593,0.06470324305245595,0.7401545679167917,-0.8476288665347027,-0.7992219045141494,1.5185037554908913,2,6,9,1,1,1,1,0,0,0,0,0,0,0,0,0,0,0,0,0,0,0,0,0,0,0,0,0,0,0,0,0,0,0,0,0,0,0,0,0,True
BE_025,51.332,5.004,-0.1125599069574483,0.1599591436319453,0.0382093074314507,-0.1376201748720929,-0.2607225763684911,-2.347502467863505,2.6869990126895145,0.0389402136579946,-0.113605094590495,-0.5504083715010862,-0.6339084243373084,-0.6618408156839529,-0.6455574821073965,2.1520954523736715,-0.7623074081045675,-1.0682141333236366,0.8773554475960581,0.7980529882691517,0.2111652254325993,-1.2084718855625265,0.1294272502115407,-0.9819421003211934,-0.7149552231343153,-1.0535879090813047,0.1369265387192101,-0.0056068883930704,0.1777192695894063,0.9572140218839406,1.1114295836950854,0.5633981457673332,-1.0609283818760915,-1.4325569495710238,-1.6901351723430684,-0.3192014172508132,-0.3046797639723404,-0.5554179105937436,-0.7893398091962072,-0.4875467233672091,-1.1705526037298035,2.0016622939600714,1.2509688610395406,1.583346173400541,0.638295240891758,1.5202210043339406,0.3603212597684505,-1.6680094847808191,-0.4614795604512832,0.97131748111876,0.5213335421120036,-1.4585005780930935,1.3494688797215513,-1.113027039453366,-1.6459969386629072,0.828391559704579,1.6556252884308655,-1.154555852590868,-1.1232286202775394,1.8835453885937836,-1.594696793237781,-0.11786973098157705,0.2264627952170985,1.1337923636850058,-0.9231176639176416,-0.7947176577587319,0.7385562122505477,2,6,9,1,1,1,1,0,0,0,0,0,0,1,1,0,0,0,0,0,0,0,0,0,0,0,0,0,0,0,0,0,0,0,0,0,0,0,0,0,True
BE_026,51.331,5.004,-0.3057394900395646,0.1599591436319453,0.0382093074314507,-0.1376201748720929,-0.2607225763684911,-2.780516427183936,11.16931306949214,1.273279637787981,1.428890561940192,0.3287420337165008,-0.6339084243373084,-0.6618408156839529,-0.5377798784876252,4.744355905842975,0.4156422422924248,-1.622138081416945,6.477870541645489,6.452743569795321,5.376982451501871,-1.2084718855625265,-1.1998396121339083,0.2210232684408301,-0.7149552231343153,0.8690025765830078,-0.8309345354044818,-0.5351368694035452,0.5274529583546925,1.123705651975916,-0.1629476033589351,-0.4030322228689643,-1.0609283818760915,-1.8624247060480632,-1.6901351723430684,0.1761134796760045,-0.3046797639723404,-0.5554179105937436,-0.7893398091962072,-0.3282945138603831,0.2217202703443639,1.9501743056927625,1.296348380146498,0.2943303182203099,-0.304522307623206,0.4306022787499419,2.419991304578704,-1.992089971941942,-0.4202091666144985,-1.047096641306415,-1.1630438964806475,-1.4585005780930935,1.3494688797215513,-1.113027039453366,-1.6459969386629072,0.828391559704579,1.6556252884308655,-1.154555852590868,-1.1232286202775394,1.8835453885937836,-1.594696793237781,-0.11786973098157705,0.2264627952170985,1.1355812769804636,-0.9208091380037903,-0.7860391456951805,1.7049431891471403,2,6,9,1,1,1,1,0,0,0,0,0,0,0,0,0,0,0,0,0,0,0,0,0,0,0,0,0,0,0,0,0,0,0,0,0,0,0,0,0,True
BE_027,51.337,5.005,0.4669788422889004,0.1599591436319453,0.0382093074314507,-0.1376201748720929,-0.2607225763684911,-2.7344511123626134,5.409431667377103,-0.1711601138534923,-0.1162463542763353,-0.499195726536955,-0.6339084243373084,-0.6618408156839529,-0.521812826099511,1.7910306034975902,-0.525376358878607,-2.176062029510254,1.7770075901141755,1.706407739844103,0.548585351488429,-1.2084718855625265,-1.1998396121339083,0.9168572215466314,1.226920133680045,1.396476800505585,-0.952794788894194,0.3989560657438761,-1.2575557959783672,0.7094562366726864,0.9575033347743146,-0.7651946493754734,-1.0609283818760915,-1.8624247060480632,-1.6901351723430684,-0.4066099284731928,-0.5515455309859825,0.3236163659945755,0.8819730760605554,0.3883404289203338,1.1499021863938088,0.5232214879987669,1.033700871681296,-0.994685536959921,-0.9889448698555816,-0.9463884184166498,-0.4606952690108052,-1.375291625409483,-0.420477904062738,0.7400408629242087,0.8212366385424293,-1.8603488514150408,1.809530997891418,-1.5527542799621985,-1.5667849958101314,0.7776084816294766,1.468733085777715,-1.4778722460168083,-0.0448892908081661,-0.0263918890324434,-1.1562045790739544,-0.11786973098157705,0.2264627952170985,0.6928422059392108,-0.8960617402073038,0.5051452593797504,-0.022303185337784463,2,6,9,1,1,1,1,0,0,0,0,0,0,0,0,0,0,0,0,0,0,0,0,0,0,0,0,0,0,0,0,0,0,0,0,0,0,0,0,0,True
BE_028,51.282,5.493,0.4669788422889004,-1.8054456006359536,-1.1302444109674867,1.644163621252024,-0.2257451390037393,2.443290273554028,0.7918448584311429,-0.4140886175386492,-0.5282828652674093,-1.028393057832978,-0.151879296161675,-0.6618408156839529,-0.7214009809509392,0.7587554586339214,-1.0685296132362334,-2.357947505003579,0.1900913557057222,0.104140781593271,-0.3761279119321362,0.2731359337191503,0.1294272502115407,1.3284420541141508,-0.0015342066862091,1.1796294676684806,0.358789751687377,0.2284626510661594,-0.6765209291807112,-1.7246217012064722,-1.0066277118829916,-0.4548010837866083,-1.0609283818760915,-1.4325569495710238,-1.0777569639506288,6.731751821354474,4.385769809286857,-0.2038041999584159,-0.2322355141106196,-0.0097900948467311,0.6858112283690864,-1.1391049903457844,0.2134991655942723,-1.6391934645500366,-0.8741026537299867,-1.778569752791242,-0.813149944560555,-1.025075615090205,-0.4208810102350973,0.7645702012175701,0.7484303253792691,-1.8391845128753048,2.0993932219133984,-2.000863940388434,-1.9919791159652724,1.3918917168090017,0.7484200295622815,-2.0052700183342584,-1.2356544269572838,1.8835453885937836,-1.6323310868680987,-0.0832618080929436,0.07315415402215379,0.20821581855871807,-0.8494295167475068,-0.24420960925595725,-1.223668920024497,2,6,9,0,0,0,0,0,0,0,0,0,0,0,0,0,0,0,0,0,0,0,0,0,0,0,0,0,0,0,0,0,0,0,0,0,0,0,0,0,True
BE_029,51.278,5.518,0.4669788422889004,-1.9047072671742231,-1.5999575901374417,1.994685476875044,-0.2310072313506489,0.6674723871920486,1.7650711816435054,-0.3615635356607774,-0.3856548422320375,-1.083873423210787,0.0956491750636502,-0.6618408156839529,-0.6734998237865965,1.6382723982038636,-0.9210065071144088,-2.4819603292035737,-0.3564732049726604,-0.4477108644719043,-0.6064040233104685,-0.5211546786880162,-1.1998396121339083,2.1868481393750208,1.2992731068799497,-0.1813957330675363,-0.432237157747924,0.2243225678197027,0.1269643993054671,0.1503420280954079,-1.5868364988960744,-1.524315035137882,-1.0609283818760915,-1.8624247060480632,-1.6901351723430684,-0.3192014172508132,-0.3046797639723404,-0.3796110552760798,-0.2322355141106196,-0.4875467233672091,-1.1705526037298035,0.2952032542435408,0.9023771174486952,-0.994685536959921,-0.3651849298508387,-1.0302052434615727,1.2079567430647502,-0.6487240816127722,-0.0720725994415347,0.964309098749228,1.3620892229863095,-1.8906950116324368,2.2521273015415533,-2.1979105586462744,-1.8435024040225008,1.285310491049487,1.115267012091963,-2.0817779812420474,-0.8784313387450721,1.8835453885937836,-1.6038647566473865,-0.08439890478911212,0.050491608254522646,0.7378182767409175,-0.8383024218427433,0.6479777288363386,1.8470180712972688,1,6,9,0,0,0,0,0,0,0,0,0,0,1,1,0,0,0,0,0,0,0,0,0,0,0,0,0,0,0,0,0,0,0,0,0,0,0,0,0,True
BE_030,51.277,5.52,0.4669788422889004,-1.8511186322089848,-1.372310837071402,1.821538988886663,-0.2288404874430979,-0.6592086796620378,-0.078784480448513,-0.7620672849795495,-0.367166024431156,-1.0070544557645902,-0.1258236676116408,-0.6618408156839529,-0.5617304570697966,0.997150839622616,-1.0059440530633383,-2.465425285976908,-0.1893309067221812,-0.2789517478871039,-0.5173326423615539,0.3477245280213529,-1.1998396121339083,1.09538697270111,2.0338904060076395,0.996558368121297,-0.4078699139924599,0.4588254280713901,0.7653542079106387,0.5928718417547854,1.3334649306059578,-1.365008570368596,-1.0609283818760915,-1.4325569495710238,-1.3839460681468485,-0.2026567356209737,-0.3046797639723404,0.1478095106769117,0.3248687809749678,3.573384619056853,1.6139931444185314,0.34669124251085,0.3150915107567977,0.2943303182203099,1.2347338472214602,-0.7847416844014412,1.1124394404601434,-1.2446140096187075,-0.4155062612703068,-0.6125769343954398,-1.0634875327731224,-1.8842117574217785,2.2017752017079624,-2.126403876993598,-1.7791231974193322,0.7975097083484591,1.5961671857340718,-1.0031638274852843,0.0997316353263753,1.8835453885937836,-0.9371917695478564,-0.08439890478911212,0.050491608254522646,0.6187411066768043,-0.8656353686627432,-0.436489798587952,1.3688861403510972,1,6,9,0,0,0,0,0,0,0,0,0,0,0,0,0,0,0,0,0,0,0,0,0,0,0,0,0,0,0,0,0,0,0,0,0,0,0,0,0,True
BE_031,51.136,5.041,0.4669788422889004,-2.294075798036858,-2.588778998670925,2.841079107648101,-0.2607225763684911,0.5776450232904693,0.0743884820763725,-0.5322700517638606,-0.5335653846390898,-0.9686449720414916,0.1477604321637187,-0.6618408156839529,-0.5417716415846537,-0.4563666289298144,-1.4216909884975708,-2.2587372456435832,-0.638846827301798,-0.7328159728131959,-0.7457763447198232,0.5521465803105574,-1.1998396121339083,1.2686763138189154,0.7214972185203595,0.766943889682617,1.5206661654055338,0.6093637871385247,0.4474808785105045,1.0386253878893656,1.58736123519107,-0.7965105903931571,-1.0609283818760915,-1.8624247060480632,-1.6901351723430684,4.080360314275627,2.4108436731777214,-0.3796110552760798,-0.2322355141106196,-0.4079206186137961,-0.2423706876803585,1.795710340890835,0.3589062188600669,0.2943303182203099,0.1009756786159574,-1.592975354477484,-0.5455574060608688,-2.080950750679669,-0.4848085303627432,1.7948024095387534,1.1001218381165685,-1.4026013993736834,1.2754648288789456,-1.0368441333169498,-1.041845052590095,0.2615041428608572,1.2753606345922484,-0.8419227956187877,0.6678253782537815,-0.0279464381177021,0.4838481636871003,-0.10399868621064852,0.18579992378491195,0.7511024156034901,-0.8469363087605474,0.2482712017420444,1.8258263423473744,7,6,3,0,0,0,1,0,0,0,0,0,0,0,0,0,0,0,0,0,0,0,0,0,0,0,0,0,0,0,0,0,0,0,0,0,0,0,0,0,True
BE_032,51.137,5.038,0.4669788422889004,-2.242149439783984,-2.363509957648366,2.670308394741889,-0.2607225763684911,-1.211992457517907,0.3756768093069257,-0.3878260765997133,-0.5467716830682908,-0.8918260045952948,-0.0216011534115038,-0.6618408156839529,-0.7293845071449963,-0.2573180583955644,-1.417220591342364,-2.2422022024169177,-0.4171400654023391,-0.5089645739114095,-0.624840108480325,1.1986313448714558,-0.8825531653880263,1.0556093096086423,1.3920972401812248,-0.1257410318726144,0.6799860341603098,0.4126521888980249,-0.153301136401718,0.3249734623000112,-0.7380429256268078,-0.8333616816073823,-1.0609283818760915,-1.0026891930939843,-0.1591896513619691,0.2343858204909242,-0.0578139969586984,-0.5554179105937436,-0.7893398091962072,-0.4875467233672091,-1.1705526037298035,-0.3851737335744724,1.6193614823309022,0.2943303182203099,0.5850417938980346,-1.269681886447067,-0.7790609985337422,-0.9362148363524776,-0.392631585616585,0.5052600535448915,-0.0088508674123978,-1.646365245365304,1.519526684177348,-1.2510488767561,-1.5336102284907314,0.1698399920800954,1.0790201642234878,-0.3301576902136922,-0.6252326379233746,-0.0279464381177021,-1.4872842865826683,-0.10399868621064852,0.18579992378491195,0.7876206714294128,-0.8458282163218986,-0.14579264260370492,-0.7163641962590815,2,6,3,0,0,0,1,0,0,0,0,0,0,0,0,0,0,0,0,0,0,0,0,0,0,0,0,0,0,0,0,0,0,0,0,0,0,0,0,0,False
BE_033,51.137,5.04,0.4669788422889004,-2.3107777211944134,-2.62083976106365,2.8709188426801275,-0.2452458341716983,-0.2377110490469375,-0.1625961014526962,-0.2893415480787037,-0.5362066443249299,-1.028393057832978,-0.0085733391364867,-0.6618408156839529,-0.685475113077682,-0.2040841383689626,-1.2853438752637634,-2.2918073320969152,-0.6339551845752929,-0.7278770117374282,-0.7440666407961898,1.4811278658949365,-0.5217206735092313,2.220881063644849,2.049646302867836,-0.1279610284780049,-0.0781707214155281,0.616473934608459,1.325830109109399,0.690409709569922,0.0634420448601286,-1.5783231112973062,-0.6354276751812659,-0.5728214366169448,-0.7715678597544089,4.575675211202444,5.866964411368709,1.3784574979005586,0.8819730760605554,-0.4875467233672091,-1.1705526037298035,0.4202455114641487,1.1106775360550345,0.2943303182203099,0.7227289669948499,-0.9703360827151992,-0.1251523508892629,-0.7898559066668095,-0.3490577279377473,-0.1885698010387624,-1.1328306697497352,-1.646365245365304,1.519526684177348,-1.2510488767561,-1.5336102284907314,0.1698399920800954,1.0790201642234878,-0.3301576902136922,-0.6252326379233746,-0.0279464381177021,-1.4872842865826683,-0.10399868621064852,0.18579992378491195,0.699400587761329,-0.8614338514995337,0.4643925506402597,0.03985982696880542,2,6,3,0,0,0,0,0,0,0,0,0,0,0,0,0,0,0,0,0,0,0,0,0,0,0,0,0,0,0,0,0,0,0,0,0,0,0,0,0,True
BE_034,51.13,4.855,0.4669788422889004,-1.8231765522344967,-1.6113859480238433,1.9528718354288923,-0.2576272279291325,1.7454007540109933,0.0808911078439384,-0.1580288433840244,-0.3381121678869136,-0.7467235105302562,-0.2170183675367606,-0.6618408156839529,0.1088857432310019,-0.2179712479411195,-1.323342251083021,-2.308342375323581,-0.4295925709819853,-0.5215375363684598,-0.6057865716407936,-1.2084718855625265,-1.1998396121339083,1.8290712787029524,1.1824156676741726,0.3272611029803176,-1.5387402264751846,0.2971592633578874,-0.3826596890125168,0.5259642597896602,1.5467006633602511,-2.819767643666278,-1.0609283818760915,-1.8624247060480632,-1.6901351723430684,-0.3192014172508132,-0.3046797639723404,-0.5554179105937436,-0.7893398091962072,-0.4875467233672091,-1.1705526037298035,2.1487708318666687,1.5048293538686477,-0.3501776093698055,0.0821440248964379,-1.9521903189557253,0.1107780408558196,-1.87709367004606,-0.3921325017841402,-0.2166033305168899,-0.6600872169746177,-1.7266134490283025,1.4202459988727572,-1.0520515407382158,-1.9401329561566147,-0.2119007062629193,-0.1692116299583508,0.1361535811064217,0.4492588124593945,-0.0764935325440891,-0.5937553484034309,-0.08314552469774507,0.1834896718894983,-0.0007050037991765015,-0.9169308144685199,1.3853212727909334,1.4852199656684224,2,6,9,0,0,0,0,0,0,0,0,0,0,1,1,0,0,0,0,0,0,0,0,0,0,0,0,0,0,0,0,0,1,1,1,0,0,0,0,0,True
BE_035,51.131,4.857,0.4669788422889004,-2.0028607492375827,-1.828294646699975,2.195153378308353,-0.2452458341716983,-1.3501884019818742,0.4493732346726725,-0.1383319376798225,-0.2852869741701092,-0.660985007419473,0.1607882464387358,-0.6618408156839529,-0.2862988033748257,-0.0976162983157591,-1.2428751022892988,-2.118189378216923,-0.4360156947502406,-0.5280227929683253,-0.6238685615597019,1.6874165397152407,-0.3360481329052946,1.1673408758399615,1.05342296957518,1.2627411702307598,0.4610596356352122,0.5209423420140364,-0.4186811763925318,-1.049248167281447,0.5073543496084132,-1.2848221990365971,-1.0609283818760915,-0.1429536801399053,-0.465378755558189,-0.2609290764358934,-0.0578139969586984,0.3236163659945755,-0.2322355141106196,0.2290882194135078,1.1499021863938088,0.0377633129069952,-0.5807026038160863,-0.994685536959921,-0.3474337808529309,-1.185865061402144,-0.9587199821544754,-0.7532661742453923,-0.3556353969089433,0.0637319642643844,-0.3651201417755926,-1.633521335195068,1.1163144648523464,-0.6540725776749182,-1.8470383981851128,0.791818270510412,2.0148404460671503,-0.6172272490581249,-0.6077882058361765,-0.0764935325440891,-1.092870948306084,-0.08314552469774507,0.1834896718894983,0.6831048552821775,-0.9299970711409185,-0.2618966148303436,1.6397098360597617,2,6,9,0,0,0,0,0,0,0,0,0,0,0,0,0,0,0,0,0,0,0,0,0,0,0,0,0,0,0,0,0,0,0,0,0,0,0,0,0,True
BE_036,51.131,4.858,0.4669788422889004,-1.8871346276435248,-2.03216427933122,2.2519344027721604,-0.2557700188655173,-1.025427932491551,0.2261164166529101,-0.3681291708955114,-0.4596101134355636,-0.8235424779764532,-0.6339084243373084,-0.6618408156839529,-0.4818951951292254,-0.2642616131816429,-1.0595888189258198,-1.5477303868969483,-0.5226459050641147,-0.6154910036795117,-0.6584458569101961,0.3724548608269877,-0.5217292238262198,1.0552801355301191,1.783101859894051,1.100316443798253,-0.1064772155915667,0.6098059684015154,0.6004215791816913,0.3813320763960046,0.3574274058549644,-0.8073173335377689,-0.8481780285286786,-0.1429536801399053,-0.465378755558189,-0.144384394806054,0.1890517700549435,0.1478095106769117,0.8819730760605554,0.7068448479339859,0.2217202703443639,-0.6720353824923375,-0.7503040426004445,-0.994685536959921,-0.0658851219643758,-1.1619173971035943,-0.6323913175196021,-1.2341598003554457,-0.3152927871196523,0.4632097593277003,0.5062070254351305,-1.633521335195068,1.1163144648523464,-0.6540725776749182,-1.8470383981851128,0.791818270510412,2.0148404460671503,-0.6172272490581249,-0.6077882058361765,-0.0764935325440891,-1.092870948306084,-0.08314552469774507,0.1834896718894983,0.5922302644685231,-0.9287966376657159,0.3680214689611639,-1.6710113966852465,2,6,9,0,0,0,0,0,0,0,0,0,0,0,0,0,0,0,0,0,0,0,0,0,0,0,0,0,0,0,0,0,0,0,0,0,0,0,0,0,True
CH_001,47.325,8.417,0.4669788422889004,0.6977848161154122,-0.1328325589220765,-0.476358186087561,-0.2607225763684911,-0.0165975379045896,-0.0932347599319927,-0.1777257490882262,-0.2509505982541865,-0.8107393167354202,0.1217048036136844,0.1847678282872318,-0.7214009809509392,-0.2758342044917736,-0.435968415774471,-0.9111312226703104,-0.4398277202467776,-0.5318716933479901,-0.3073002314724437,0.4969582626820765,0.4840042571993964,-0.9819421003211934,0.5609758562232795,-1.0535879090813047,-0.4314233642603102,0.0129971980553437,-0.7410309921823066,0.7814406214104331,-0.6830254081480835,-0.9274755001067576,-0.7772612440795411,0.7167818328141736,-0.1591896513619691,-0.3192014172508132,-0.3046797639723404,-0.2038041999584159,0.3248687809749678,-0.2884814614836766,-0.2423706876803585,0.3761129500921694,-0.684943090677161,0.2943303182203099,-0.3841709413877314,-1.3056033828948912,0.4005151227144144,-0.4344127917159007,-0.3147617107338456,-1.642809142716623,-1.0113010502379105,0.2283055885693743,-0.3759815915164306,0.4241239685579786,0.6595872306288199,-0.2119007062629193,-0.1692116299583508,0.1361535811064217,-0.0215448284235027,-0.927625733668444,0.0022106141559231,-0.4374221507721101,-0.015898842798020615,1.2333632138929405,1.8961926936324462,1.5160434231322235,0.07984511892408708,6,5,2,0,0,0,1,0,0,0,0,0,0,1,1,1,1,0,0,0,0,0,0,0,0,0,0,0,0,0,0,0,1,1,1,1,0,1,0,0,True
CH_002,47.641,9.102,0.4669788422889004,0.2915560500273775,-0.2823983164957887,-0.1398534034493306,-0.2505079265186078,-0.3759069935109047,-0.0007529712377222,-0.2827759128439698,-0.221896741709944,-0.682707704325092,-0.6339084243373084,0.0436663876253677,-0.7174092178539105,-0.294350350587983,-0.5723155290082785,-0.3985448826436666,-0.3664175575090904,-0.4577514117577912,-0.2663128577960303,0.3952682638136446,0.7518834868684547,0.7910212060471412,-0.7149552231343153,-1.0535879090813047,-0.0807396724412406,0.0694652640787972,-0.6462393334468572,0.1571938863460594,-1.369928273496001,-0.2856079330472252,-0.4935941062829906,1.5765173457682524,1.37175586961913,-0.3192014172508132,-0.0578139969586984,-0.5554179105937436,-0.7893398091962072,-0.2884814614836766,-0.2423706876803585,0.0377633129069952,-0.650396878518814,-2.283701392140152,-0.0627979656169136,-0.4674351324456613,-0.2102040816324678,-0.5494090936117829,-0.3743574391362971,-0.2691661982883788,0.7007021846014512,0.1633485361289003,-0.6259805524227178,0.8397267156294008,0.2602827119056684,-0.2119007062629193,-0.1692116299583508,0.1361535811064217,-0.0215448284235027,0.2838312741105452,0.0022106141559231,-0.3173560875546627,0.43833145097602433,0.7458264702463011,1.6213395983293053,1.1915891650908919,1.740103804491397,6,5,2,0,0,0,0,0,0,0,0,0,0,0,0,1,1,0,0,0,0,0,0,0,0,0,0,0,0,0,0,0,1,1,1,1,0,1,0,0,True
CH_003,47.467,8.197,0.4669788422889004,0.3069123206082583,-0.3536529774116747,-0.1049295097414657,-0.2483411826110568,0.1768767843449641,-0.2435176665601823,-0.5257044165291267,-0.5388479040107702,-0.6955108655661248,-0.151879296161675,-0.359480585694244,-0.5417716415846537,-0.2318583575132766,-0.8137169753894458,-1.6304056030302785,-0.548961813772209,-0.6420614741839251,-0.5068038258892321,1.3216071941313483,-1.1998396121339083,-0.9819421003211934,-0.7149552231343153,-1.0535879090813047,-0.9676197901660208,0.2839659456681978,0.4411595151310003,0.3822429832224794,-0.3270194586350696,-0.8848389534976704,-1.0609283818760915,-1.4325569495710238,-0.7715678597544089,-0.3192014172508132,-0.3046797639723404,-0.5554179105937436,-0.7893398091962072,-0.2884814614836766,-0.2423706876803585,-0.7933999262652804,-1.50045036375312,0.2943303182203099,-0.3847883726572238,-1.4133678722383636,-1.1269275067094715,-1.8248226237297496,-0.4257118857927365,0.3615882149694883,-0.1791834065185554,0.5154336169602521,-1.0560778241321325,1.2655223416954942,0.253029251487389,-0.2119007062629193,-0.1692116299583508,0.1361535811064217,-0.0215448284235027,-0.7023026479599924,0.0022106141559231,-0.38529704815267335,0.21355292397189968,1.1243012895624047,1.081098363969815,0.6500731110265879,-0.5263806600398456,6,5,2,0,0,0,0,0,0,0,0,0,0,1,1,1,1,0,0,0,0,0,0,0,0,0,0,0,0,0,0,0,1,1,1,1,0,1,0,0,True
CH_004,47.282,8.522,0.4669788422889004,0.7578642458622592,-0.2567803867370091,-0.4356374011792069,-0.2495793219868002,-0.3206286157253177,0.042597867212717,-0.0858068558019506,-0.1637890286214592,-0.7467235105302562,-0.0867402247865894,0.0638237362913483,-0.7373680333390534,-0.3475842706145847,-0.3465604726703349,0.9242585754896084,-0.0463822936873141,0.5433370914406791,0.1774025947353932,0.1885209297528309,0.1592900111137937,-0.133217524441699,-0.7149552231343153,-1.0535879090813047,-0.7705487150581362,0.2969598874548603,0.2936948778435034,0.9068097798668744,-0.682281417064295,0.2480952059659681,-0.4935941062829906,0.2869140763371341,0.1469994528342507,-0.4066099284731928,-0.5515455309859825,-0.5554179105937436,-0.7893398091962072,-0.2884814614836766,-0.2423706876803585,1.398517288543022,0.110703119659679,-0.994685536959921,1.388474233325079,0.2150733000629971,-0.3218368481540883,-0.8839437900361676,-0.2547820716910519,-0.9840211999806284,-1.489458203718435,1.765661112901757,-0.9534191433582364,0.3319653179360513,2.067801077661326,-0.2119007062629193,-0.1692116299583508,0.1361535811064217,-0.0215448284235027,-0.9509670671576668,0.0022106141559231,-0.5044987566944763,0.25407946002323994,1.1548282667756498,2.285456333226059,5.36695991107338,0.12292808407066895,6,5,2,0,0,0,0,0,0,0,0,0,0,0,0,1,1,0,0,0,0,0,0,0,0,0,0,0,0,0,0,0,1,1,1,1,0,1,0,0,True
CH_005,47.552,8.421,0.4669788422889004,-0.3788955572925083,0.7473043991078439,-0.3753402295937911,-0.2257451390037393,-0.983969149152361,0.0657183143862847,-0.3287353594871076,-0.5441304233824507,-0.8832905637679397,0.0305101036885646,-0.6618408156839529,-0.3302081974421399,-0.2874067958019045,-0.9232417056920124,-1.6304056030302785,0.2249077547928666,0.1392939703079864,-0.1193540387205825,1.1585131669832625,-1.1998396121339083,0.0615225040609942,-0.7149552231343153,-1.0535879090813047,0.4332551564497882,0.4180129338963844,0.1133755323344517,0.6513748243182313,0.3860580240413117,-0.4914427564378489,-1.0609283818760915,-1.4325569495710238,-1.3839460681468485,1.7494666816788371,1.4233806051231537,-0.3796110552760798,-0.2322355141106196,-0.2884814614836766,-0.2423706876803585,0.457022645940798,-0.7751002785050419,0.2943303182203099,1.5209132406312085,-0.6230949503862326,-0.5317549852001793,-0.6434969769811412,-0.4305107687970138,0.6419235097507626,0.3179216994308945,0.4799064434046772,-0.1660857635612984,-0.0476815547711045,0.6899047511313572,-0.2119007062629193,-0.1692116299583508,0.1361535811064217,-0.0215448284235027,-0.679740209870265,0.0022106141559231,-0.44668622663240853,0.15919434962380993,1.2405641193001793,1.4558182903061645,4.664858385688644,0.08092626760654076,6,5,2,0,0,0,0,0,0,0,0,0,0,0,0,1,1,0,0,0,0,0,0,0,0,0,0,0,0,0,0,0,1,1,1,1,0,1,0,0,True
CH_006,47.641,9.101,0.4669788422889004,0.2426376210635415,-0.2582376941184964,-0.1376201748720929,-0.2319358358824565,-0.6707250083673686,0.0657183143862845,-0.3681291708955114,-0.2509505982541865,-0.8064715963217426,0.3040942034639242,0.1444531309552707,-0.7174092178539105,-0.2897213140639307,-0.4292628200416607,-0.5638953149103253,-0.2266801189652405,-0.3166622504304589,-0.121580018647292,1.743411591244612,0.3863508814810473,-0.133217524441699,-0.7149552231343153,-1.0535879090813047,-0.7576778995966427,0.100405579576646,1.3750141837065353,0.4471867336119523,-0.6492135679936752,0.6764382777270251,0.0737401693101102,1.146649589291213,1.37175586961913,-0.4066099284731928,-0.5515455309859825,-0.3796110552760798,-0.2322355141106196,-0.2884814614836766,-0.2423706876803585,0.1775164239182628,-0.8752481827410858,1.583346173400541,1.8922981492309143,2.4781275762759174,2.562641599298248,-1.6366468569910333,-0.3555202237168407,-1.2783732595009665,-0.5634765433567994,0.1633485361289003,-0.6259805524227178,0.8397267156294008,0.2602827119056684,-0.2119007062629193,-0.1692116299583508,0.1361535811064217,-0.0215448284235027,0.2838312741105452,0.0022106141559231,-0.3173560875546627,0.43833145097602433,1.3751599018955711,1.620693211073427,0.728839682493118,-0.07724841664634483,6,5,2,0,0,0,0,0,0,0,0,0,0,0,0,1,1,0,0,0,0,0,0,0,0,0,0,0,0,0,0,0,1,1,1,1,0,1,0,0,True
CH_007,47.272,8.544,0.4669788422889004,1.3366531659003948,-0.5184054119082561,-0.6210428885915726,-0.2576272279291325,-0.2008587971898796,-0.0036430271344182,-0.3287353594871076,-0.2377442998249853,-0.541872930673731,-0.2430739960867948,0.3863413149470378,-0.7214009809509392,-0.1068743713638638,-0.2996213025406635,-0.7540483120169839,-0.3832782430971786,-0.4747751958904931,-0.2279562976770736,1.2944653196417288,0.7177329113806019,-0.9819421003211934,0.5609758562232795,-1.0535879090813047,-0.1315867324712195,0.0003461755413437,1.6427038539121614,-4.391025881636077,-1.4722097583800204,-0.1723913693790614,-0.7772612440795411,0.2869140763371341,-0.1591896513619691,-0.3192014172508132,-0.3046797639723404,-0.2038041999584159,0.3248687809749678,-0.2884814614836766,-0.2423706876803585,-3.353088485840076,2.033013252652014,-0.994685536959921,0.807471408732688,0.3228377894064695,-0.5614832762847413,-0.6644053955076652,-0.3943847775408143,-1.2573481123923709,0.1609243789740855,0.624402091832863,-0.0832125115304939,-0.2621196886583933,0.6666337711432937,-0.2119007062629193,-0.1692116299583508,0.1361535811064217,-0.0215448284235027,0.1817130183752139,0.0022106141559231,-0.5044987566944763,0.25407946002323994,1.0804945246621072,1.7726403867231226,1.1935360556298635,-0.1595756617298978,6,5,2,0,0,0,0,0,0,0,0,0,0,1,1,1,1,0,0,0,0,0,0,0,0,0,0,0,0,0,0,0,1,1,1,1,0,1,0,0,True
CH_008,47.561,8.456,0.4669788422889004,-0.3575234281335509,-0.8121678998607261,0.5780107953784559,-0.2297690919749055,-0.8181340157956001,-0.1105750953121684,-0.5388356869985945,-0.5679017605550126,-0.8832905637679397,-0.1388514818866579,-0.359480585694244,-0.7014421654657963,-0.4910844028602069,-1.1020575919002844,-1.0268765252569718,-0.5301728205031353,-0.6230907292630025,-0.5342717561821436,1.108405985207322,0.1445865613724513,1.645947680611622,-0.7149552231343153,0.2281390813615703,-0.2236382931079298,0.4421184202187005,2.2131831681544663,0.1399149378446729,-0.3732941867997486,-0.3649051770277747,-0.7772612440795411,0.2869140763371341,-0.465378755558189,0.1178411388610847,1.6702463721367955,-0.3796110552760798,-0.2322355141106196,-0.4079206186137961,-0.2423706876803585,-0.1976103477435606,-0.6140451152023654,0.2943303182203099,0.0418566345620558,-0.4195398038485625,-0.1336082296033666,-1.1871158586707662,-0.3815237710893512,0.2003954204702556,-0.7232603274119798,-0.4891049592590298,0.8059703856359149,-0.9019809215503236,0.0275628997716238,-0.2119007062629193,-0.1692116299583508,0.1361535811064217,-0.0215448284235027,-0.0279464381177021,0.0022106141559231,-0.44668622663240853,0.15919434962380993,1.2604823504389182,1.0715410666864704,3.9570646803382723,0.3020029515613267,7,5,2,0,0,0,0,0,0,0,0,0,0,0,0,0,0,0,0,0,0,0,0,0,0,0,0,0,0,0,0,0,1,1,1,1,0,1,0,0,True
CH_009,47.399,8.225,0.4669788422889004,-0.2353856677918055,-0.0722392520075984,0.0462648164876854,-0.2597939718366835,0.3703511065945185,-0.1943867163163511,-0.5125731460596586,-0.4622513731214039,-0.6955108655661248,0.1086769893386673,-0.4199526316921858,-0.529796352293568,-0.2272293209892243,-0.8695969398295308,-1.5394628652836158,-0.4086039003255916,-0.500345835911199,-0.3546658082724518,0.8156755623398568,-0.5088064287510173,-0.133217524441699,-0.7149552231343153,-1.0535879090813047,-1.069602490611598,0.0728759161333797,1.44636650984792,-0.4919900119045514,0.1168741129051564,-0.6594194660681072,-1.0609283818760915,-0.5728214366169448,-1.0777569639506288,-0.4066099284731928,-0.5515455309859825,-0.5554179105937436,-0.7893398091962072,-0.2884814614836766,-0.2423706876803585,-0.5727371194053842,-0.5829896352830152,0.2943303182203099,0.3206268527378949,-0.9224407541181004,0.9033934344025027,-1.6993721125706054,-0.4387520505430259,-1.390507377413476,-0.3562432648836382,0.37438646612666,-0.5017421866228585,0.5217341936620296,0.1439474192949455,-0.2119007062629193,-0.1692116299583508,0.1361535811064217,-0.0215448284235027,-0.9869779756917482,0.0022106141559231,-0.4053739509255489,0.00932128180183165,1.3172097860066843,1.3378064455900838,1.301802968483523,0.9674793226451267,6,5,2,0,0,0,0,0,0,0,0,0,0,0,0,1,1,0,0,0,0,0,0,0,0,0,0,0,0,0,0,0,1,1,1,1,0,1,0,0,True
CH_010,47.278,8.438,0.4669788422889004,0.0521090474131326,-0.5198627192897434,0.1509889821096368,-0.2433886251080831,-0.9010515824739808,0.0686083702829806,-0.1645944786187584,-0.1400176914488972,0.0940174109642323,-0.2039905532617435,-0.1982217963663993,0.0649763491636878,-0.2874067958019045,-0.1565685935740457,0.2049841951296402,-0.1000812928413756,-0.1888387953208547,0.4411416826074039,1.1532518448319669,0.578140122628962,0.5564512140276403,-0.7149552231343153,-1.0535879090813047,0.1581232769050456,0.4983382562288467,1.411676623945576,-2.118012416994463,0.1058208460478662,-0.9246623790007484,0.9247415826997616,1.146649589291213,2.2903231822077896,-0.2900652468433534,-0.0578139969586984,-0.2038041999584159,-0.2322355141106196,-0.2884814614836766,-0.2423706876803585,-1.5289426157982675,-1.314237854314226,0.2943303182203099,1.8126495154663889,-0.9703360827151992,-0.001726856654251,-0.7062222325607133,-0.2765370079771089,-0.4163422280485478,-1.0701352387863798,0.2105250179971712,-0.3696817832734755,0.4257579822123148,0.2161428583934773,-0.2119007062629193,-0.1692116299583508,0.1361535811064217,-0.0215448284235027,-0.7023026479599924,0.0022106141559231,-0.46222584953293955,0.06554274321505141,-1.5265292577328988,1.2532220561065708,2.3925896406232896,1.7407243514411572,6,5,2,0,0,0,0,0,0,0,0,0,0,0,0,1,1,0,0,0,0,0,0,0,0,0,0,0,0,0,0,0,1,1,1,1,0,1,0,0,True
CH_011,47.389,8.768,0.4669788422889004,0.2098670230198073,-0.3996732105112784,-0.018166203740702,-0.2619607157442345,-0.1271542934757636,0.0165873641424534,-0.0726755853324828,-0.2773631951125886,-0.1492426526153911,-0.1649071104366921,-0.1780644477004187,-0.5697139832638537,-0.3221245697322969,-0.391264444222403,0.0975064141563117,-0.3025211548353803,-0.3932369197289544,-0.0241552665415405,0.3786215533496789,1.341463115164829,-0.9819421003211934,-0.7149552231343153,-1.0535879090813047,0.495803458310818,0.1884580087701529,1.147535469449155,-2.903895134978284,-0.0499071199279948,0.6691338192759962,0.6410744449032111,1.146649589291213,1.0655667654229104,-0.3192014172508132,-0.3046797639723404,-0.5554179105937436,-0.7893398091962072,-0.2884814614836766,-0.2423706876803585,-1.580430604065577,-0.6895171536110187,0.2943303182203099,0.8420475598242649,0.7419219146310844,0.2319284107731355,-1.1975700679340282,-0.4189038704373351,0.081252920188214,0.008942692994345,-0.0205333188773818,-0.071314743339457,0.1221509517851442,0.1442244249726207,-0.2119007062629193,-0.1692116299583508,0.1361535811064217,-0.0215448284235027,-0.939166971308528,0.0022106141559231,-0.6498801757367432,0.44347949816406473,1.2010128040584458,1.7489549108470077,2.2878535292555617,0.032612688937263754,6,5,2,0,0,0,0,0,0,0,0,0,0,1,1,1,1,0,0,0,0,0,0,0,0,0,0,0,0,0,0,0,1,1,1,1,0,1,0,0,True
CH_012,47.279,8.526,0.3897070090560539,0.5443804223744516,-0.561357629467886,-0.1188040362213248,-0.2681514126229516,-0.385120056475169,0.0830586497664604,0.1571216478832061,-0.076627458988732,-0.6656368226703816,-0.0737124105115723,0.0235090389593871,0.1488033742012876,-0.0443823782891573,0.6838660716048329,-0.423347447483665,-0.1484919959892124,-0.237717789937973,0.3360710582831345,-0.0880458499082618,1.01744397421662,-0.9819421003211934,-0.7149552231343153,-1.0535879090813047,0.370998684568294,0.2383191181594735,-0.3432557241156414,-0.0598070293901321,0.8781214157688535,1.447959330212783,0.9247415826997616,1.5765173457682524,2.5965122864040096,-0.3192014172508132,-0.3046797639723404,-0.3796110552760798,-0.2322355141106196,-0.2884814614836766,-0.2423706876803585,-0.9184421834858882,-1.3521544286343627,1.583346173400541,2.156867448208428,1.4004826828411934,0.2099355423687401,-0.131240723081302,-0.2892188561297457,0.2214205675788512,0.0337820256426839,1.3869701870278108,-1.0972804695558902,0.7839334947254447,1.4976024116105373,-0.2119007062629193,-0.1692116299583508,0.1361535811064217,-0.0215448284235027,-0.9509670671576668,0.0022106141559231,-0.5044987566944763,0.25407946002323994,0.398559442073139,2.3412764898229845,-0.047953143484198414,-0.07776773244606275,6,5,2,0,0,0,0,0,0,0,0,0,0,1,1,1,1,0,0,0,0,0,0,0,0,0,0,0,0,0,0,0,1,1,1,1,0,1,0,0,True
CH_013,47.603,8.695,0.2737992592067841,0.3228226834265932,-0.1161118742292202,-0.2616356341612458,-0.2706276913744385,-0.0810889786544401,-0.078784480448513,-0.0858068558019506,0.0290229284448766,-0.5802824143968295,-0.0216011534115038,-0.0571203557045352,-0.430002274867854,-0.2318583575132766,-0.0716310476251165,0.8498508809696117,-0.4887585864620709,-0.499721769581105,-0.3299399944969898,1.1898991021159813,0.1189111633729492,-0.9819421003211934,-0.7149552231343153,-1.0535879090813047,0.3265105867612215,0.2266220374536091,0.2549572994706249,-0.04876674572741,1.1902874085706312,-0.8691600071560528,0.6410744449032111,0.7167818328141736,1.98413407801157,-0.3774737580657329,-0.7984112979996244,-0.5554179105937436,-0.7893398091962072,-0.2884814614836766,-0.2423706876803585,0.3834683769874993,0.0257218451516898,0.2943303182203099,1.8055490558672256,0.4306022787499419,0.9203810293079668,-1.7516431588869157,-0.4558744651022873,-0.107973403789146,0.0201681606334981,0.1603636623792158,-0.8372103408424001,1.1585198341580554,0.1269149075357283,-0.2119007062629193,-0.1692116299583508,0.1361535811064217,-0.0215448284235027,-0.7248297218999131,0.0022106141559231,-0.42936512389155934,0.16785850194862223,0.7224104741462148,0.7995043729982285,-0.18897071498072826,1.7379779503405044,6,5,4,0,0,0,0,0,0,0,0,0,0,0,0,1,1,0,0,0,0,0,0,0,0,0,0,0,0,0,0,0,1,1,1,1,0,1,0,0,True
CH_014,47.318,8.637,-0.1125599069574483,1.188235602296524,-0.2679786434579127,-0.687041920374191,-0.265056064183593,0.1676637213807006,0.0512680349028048,-0.1974226547924282,0.1610859127368875,-0.0553528035144838,-0.0867402247865894,0.225082525619193,0.6717243399120294,-0.0791001522195497,0.7285700431569009,0.8663859241962774,-0.2248693922333353,-0.0091176934593948,0.0479152859013208,0.5731232858950206,0.9773862299240144,-0.9819421003211934,-0.7149552231343153,-1.0535879090813047,0.6542197123988809,0.0488318008287053,0.2774032428197761,-0.3400351954936937,1.0621454351619348,-0.538534326163232,0.3574073071066607,1.146649589291213,1.67794497381535,-0.4066099284731928,-0.5515455309859825,-0.5554179105937436,-0.7893398091962072,-0.2884814614836766,-0.2423706876803585,-0.5065382773474153,-0.7184059721406468,-0.994685536959921,0.7130044245003438,-0.3117753145050901,0.405975421076885,-0.2671454435037083,-0.3994012099079522,0.3335546854913609,0.9575345151256224,-0.0078402382986119,-0.2064412926760333,0.3169823244072264,0.1090630597057973,-0.2119007062629193,-0.1692116299583508,0.1361535811064217,-0.0215448284235027,-0.9057082492608186,0.0022106141559231,-0.5876664128189024,0.32876950003151795,0.9104212874251775,1.940654902733223,0.5955106787182897,0.027607820879163077,7,5,2,0,0,0,0,0,0,0,0,0,0,0,0,1,1,0,0,0,0,0,0,0,0,0,0,0,0,0,0,0,1,1,1,1,0,1,0,0,True
CH_015,47.333,8.427,0.4669788422889004,0.8326666979186101,0.1522627851299681,-0.7338922049945376,-0.2505079265186078,-0.3759069935109047,0.1321896000102917,0.0717683898316644,0.1082607190200832,-0.3882349957813372,-0.0216011534115038,0.8096456369326301,-0.6335821928163108,-0.2272293209892243,0.2368263560841527,0.8002457512896135,-0.2672447410441217,-0.0321304521795036,0.0176916196308807,-0.0208105462805246,0.8992406485762043,-0.9819421003211934,-0.7149552231343153,-1.0535879090813047,0.1998195945031934,-0.133588238659721,0.7797516660135901,-0.9746164844035856,1.3929648012241818,-0.7178296700137724,0.3574073071066607,1.146649589291213,0.7593776612266905,-0.3192014172508132,-0.3046797639723404,-0.5554179105937436,-0.7893398091962072,-0.2884814614836766,-0.2423706876803585,-0.8890204759045688,-0.8563500806196208,-0.994685536959921,0.8229071904699992,-0.6709902789833314,-0.572631385441452,-0.5389548843485209,-0.3844286949346071,0.3265463031218291,2.1887533593774235,0.1021555874229558,-0.187303680752797,0.2196845956483996,0.108750593963962,-0.2119007062629193,-0.1692116299583508,0.1361535811064217,-0.0215448284235027,0.1293742240117256,0.0022106141559231,-0.4374221507721101,-0.015898842798020615,0.979302426455419,1.734088003961805,1.9883293695564856,-0.640756674915349,7,5,2,0,0,0,0,0,0,0,0,0,0,1,1,1,1,0,0,0,0,0,0,0,0,0,0,0,0,0,0,0,1,1,1,1,0,1,0,0,True
CH_016,47.774,8.568,0.3897070090560539,1.6870769280733742,-0.7465890676937909,-0.7564620682751305,-0.2731039701259253,-1.232721849187502,0.3171531773988326,0.7348975485397954,-0.184919106108181,0.1921749804788173,-0.1388514818866579,0.7491735909346884,-0.621606903525225,0.031996724357706,0.6838660716048329,0.6845004487029522,0.5322070142292791,0.7769343903151802,1.1981224006090374,1.594465470960197,0.8908309271280467,0.3962039957055126,-0.7149552231343153,-1.0535879090813047,-0.418507473579027,-0.1777528000496609,0.5325058067518854,-2.9910988786431543,-0.2790705345689133,-0.5939840893597339,0.0737401693101102,0.2869140763371341,-0.1591896513619691,-0.1735205652135139,-0.0578139969586984,-0.3796110552760798,-0.2322355141106196,-0.2884814614836766,-0.2423706876803585,-1.9923345102040495,-0.9372387725025796,0.2943303182203099,0.4935076081957795,-0.5991472860876832,-0.4970214206166858,-1.2289326957238145,-0.4183152074554771,-1.621783995608027,-1.0119379562032522,0.341523161358768,-0.0653899770995695,-0.1124838713871055,0.7447272618547336,-0.2119007062629193,-0.1692116299583508,0.1361535811064217,-0.0215448284235027,0.5705355094244998,0.0022106141559231,-0.7010489701933557,0.25647145812881367,0.91930725807213,3.2562838210371012,0.7416594617200752,-0.15444121779974274,7,5,6,0,0,0,0,0,0,0,0,0,0,0,0,1,1,0,0,0,0,0,0,0,0,0,0,0,0,0,0,0,1,1,1,1,0,1,0,0,True
CH_017,47.74,8.589,0.2737992592067841,1.8289245408617127,-0.2612290092699708,-1.07581375482011,-0.2514365310504154,-0.9102646454382448,0.1466398794937714,-0.020150503454611,-0.1558652495639385,0.4226318828174082,-0.6339084243373084,0.8096456369326301,-0.6934586392717392,-0.0791001522195497,1.019145858245343,0.51088249482296,0.2349112857805937,0.1831730816955077,0.4005838794046209,1.2789358786624847,-0.7203307265829347,2.221819389082661,1.7165088824019024,0.8166413592208649,0.1370845466760184,0.2206311352975155,0.7529326897654782,0.1628566014058668,0.2253150292260926,-1.7012271817968716,-0.7772612440795411,-0.5728214366169448,-1.3839460681468485,2.448734771457874,4.385769809286857,0.851036931947567,1.4390773711461429,0.9457231621942248,0.2217202703443639,-0.5948034000913738,-1.4075246641494832,-0.994685536959921,0.2804938202208859,-0.0004556786239476,0.2656760881522939,-1.971181553415418,-0.4789730886295419,0.5718396860554441,0.0915016287518049,0.3462322839057493,0.2136136030848387,-0.534040319024988,0.529206832370072,-0.2119007062629193,-0.1692116299583508,0.1361535811064217,-0.0215448284235027,0.4660074815810813,0.0022106141559231,-0.7010489701933557,0.25647145812881367,0.8917425611529037,2.226404240349742,0.08215854117961746,-0.29562830276399893,6,5,6,0,0,0,0,0,0,0,0,0,0,0,0,0,0,0,0,0,0,0,0,0,0,0,0,0,0,0,0,0,1,1,1,1,0,1,0,0,True
CH_018,47.334,8.508,0.2737992592067841,1.4090017809051614,-0.3534228762461766,-0.7666303856268083,-0.2619607157442345,-0.495676812046343,0.042597867212717,-0.1186350319756205,-0.1109638349046549,-0.281541985439397,-0.6339084243373084,0.4064986636130183,-0.7214009809509392,-0.3406407158285062,-0.1185702177547881,0.8498508809696117,-0.1062337545037126,0.3892905602160958,-0.0017185858248141,1.0004195189082472,0.1494773171114901,-0.133217524441699,-0.7149552231343153,-1.0535879090813047,0.4501262670649736,0.0293243555079621,-1.2442497658173133,0.4345377292559012,-0.8444645948722542,-1.0092671472372043,-0.7772612440795411,0.7167818328141736,0.4531885570304705,-0.4066099284731928,-0.5515455309859825,-0.5554179105937436,-0.7893398091962072,-0.2884814614836766,-0.2423706876803585,0.3099141080342006,-0.6601468547725635,-0.994685536959921,-0.204807157600176,-0.4075659716992878,0.2346585599543707,-0.7689474881402854,-0.4208362206603908,-0.5705266401782487,-0.2990809544941915,0.5977008676004377,0.0440504951096587,-0.4364185927089495,1.231625648243686,-0.2119007062629193,-0.1692116299583508,0.1361535811064217,-0.0215448284235027,0.0767284982980389,0.0022106141559231,-0.4985066130942921,0.14069075717739585,1.2001460498948608,1.597838804526299,6.052859347396505,-0.0887138567001571,6,5,2,0,0,0,0,0,0,0,0,0,0,0,0,1,1,0,0,0,0,0,0,0,0,0,0,0,0,0,0,0,1,1,1,1,0,1,0,0,True
CH_019,47.433,8.411,0.2737992592067841,0.8215056971355992,0.0931267855969773,-0.6906055829974425,-0.2483411826110568,-0.1271542934757636,0.0108072523490616,0.5051003153241065,0.0026103315864744,-0.4778571244685669,-0.0346289676865209,0.5072854069429213,-0.7253927440479677,-0.0906727435296805,0.1474184129800166,-0.3406722313503356,-0.3020168647062322,-0.3927277514478653,-0.2652169075684611,0.9748118265039738,0.5067613422107415,-0.0577033698323529,-0.7149552231343153,-1.0535879090813047,-0.0142220990010741,0.2376889350885731,0.0442711950604362,0.3919512829892182,1.0906699330955951,-0.0619998710167645,-0.4935941062829906,1.146649589291213,1.98413407801157,-0.3774737580657329,-0.5515455309859825,0.1478095106769117,-0.2322355141106196,-0.2884814614836766,-0.2423706876803585,0.34669124251085,-0.6205450993715317,0.2943303182203099,-0.7324021773814705,-0.275853818057266,0.2184293398214721,-1.3962000439360067,-0.4048783350435007,-0.4303589927876115,-0.6348896247207739,0.1774918752851227,-0.2930202812685548,0.3313305071378087,0.3497033986415587,-0.2119007062629193,-0.1692116299583508,0.1361535811064217,-0.0215448284235027,0.1817130183752139,0.0022106141559231,-0.4789821703534825,0.05205085908286057,1.3275049573653819,1.4274695920840703,4.8923805935905,-1.4613616849472566,6,5,2,0,0,0,0,0,0,0,0,0,0,0,0,1,1,0,0,0,0,0,0,0,0,0,0,0,0,0,0,0,1,1,1,1,0,1,0,0,True
CH_020,46.949,7.265,-3.010253653189192,-0.2808212312630704,-0.4404011168044276,0.3016131223190678,-0.2464839735474417,0.5822515547726028,-0.0643342009650332,-0.5716638631722644,-0.2483093385683462,0.6018761401918676,-0.0737124105115723,-0.2385364936983605,0.42024326479923,-0.4933989211222331,-0.4069108342656267,0.3041944544896359,-0.4594697857376361,-0.5517037625180009,-0.4077697074532152,0.8332786095415617,-0.2523252433169921,-0.9819421003211934,-0.7149552231343153,-1.0535879090813047,0.8781420992769279,0.4012804807449443,0.5368538005198104,-0.524839142472159,-0.097968644863476,1.054425279412766,-0.2099269684864401,-0.1429536801399053,0.1469994528342507,-0.3192014172508132,-0.3046797639723404,-0.3796110552760798,-0.2322355141106196,-0.2884814614836766,-0.2423706876803585,0.2142935583949122,-0.246434899412848,-0.994685536959921,1.3727297359530215,0.634157425287612,-0.0620176510731969,-0.1521491416078261,-0.4085382831480962,-0.899920611546246,-1.318050885795763,0.424255835451218,-0.2761830266761981,0.1522083875039638,0.5796043442634784,-0.2119007062629193,-0.1692116299583508,0.1361535811064217,-0.0215448284235027,-0.939166971308528,0.0022106141559231,-0.49592849328022526,0.2169467209264915,-0.2099727598851994,1.9069504243909932,-0.3527735054121719,-1.471708520793099,6,5,2,0,0,0,0,0,0,0,0,0,0,1,1,1,1,0,0,0,0,0,0,0,0,0,0,0,0,0,0,0,1,1,1,1,0,1,0,0,True
CH_021,47.03,7.286,0.2737992592067841,-0.3694759892557827,-0.5722490846347923,0.4365096314845487,-0.2566986233973249,0.8770695696290647,-0.1163552071055604,-0.3549979004260434,-0.2060491835949026,0.0598756476548114,-0.1127958533366236,-0.1579070990344381,1.2066205949138569,-0.4401650010956313,-0.6483122806467941,0.9573286619429402,-0.5098354288564818,-0.6025566078356126,-0.4714450984617777,1.5518244964105727,0.9418256678294072,-0.2321274364982203,1.572127313365744,-1.0535879090813047,0.3111383570097887,0.187629812061294,-0.1785472917430626,0.2751527448714522,-0.6526301030474015,0.3656969583896259,0.6410744449032111,0.7167818328141736,0.7593776612266905,-0.3774737580657329,-0.5515455309859825,0.4994232213122394,1.4390773711461429,-0.2884814614836766,-0.2423706876803585,0.5085106342081072,-0.5448323208084648,-0.994685536959921,0.2767892326039313,0.0594134821224258,0.6058071736478566,0.903725993981638,-0.0626219991784446,-1.2643564947619026,-0.9450628298423396,-0.2521061185046314,0.3424672664359085,-0.3543055494647791,-0.3567874841293247,-0.2119007062629193,-0.1692116299583508,0.1361535811064217,-0.0215448284235027,-0.679740209870265,0.0022106141559231,-0.4794460484583816,0.2959460085933697,0.6528151621739566,1.415557598368597,-0.17778434391782352,1.5842533874434865,6,5,2,0,0,0,0,0,0,0,0,0,0,0,0,1,1,0,0,0,0,0,0,0,0,0,0,0,0,0,0,0,1,1,1,1,0,1,0,0,True
CH_022,47.634,8.612,-0.8852782392859134,-0.0162817658955313,-0.8818885530066256,0.4163155432861236,-0.2659846687154006,0.9323479474146515,-0.2290673870767025,-0.3418666299565754,-0.1400176914488972,0.6061438606055453,-0.6339084243373084,-0.0369630070385546,0.017075191999345,-0.3776730080209249,-0.491848380214556,0.4034047138496315,-0.5660554905997344,-0.6593205033512531,-0.576448153684029,0.1671341014433266,-0.7431752804482575,-0.9819421003211934,-0.7149552231343153,-1.0535879090813047,0.7301390282586343,0.3162152593373945,-1.016055698037139,0.0672168776852661,0.0154896928848171,0.0319329376558367,-0.7772612440795411,-0.5728214366169448,-0.1591896513619691,-0.3192014172508132,-0.3046797639723404,-0.5554179105937436,-0.7893398091962072,-0.2884814614836766,-0.2423706876803585,-0.0946343712089424,-0.4379436922488408,0.2943303182203099,-0.62620399902877,-0.024403342922497,-0.2922602320240394,0.7260044365061837,-0.2448643801488788,0.0602277730796184,0.0331451196773419,-0.2631523334023823,-0.2685498188490562,0.5693598709505946,-0.1067510625455558,-0.3716657666945439,0.5042465648752484,-0.9568518856607844,-0.0215448284235027,0.0241652889339014,0.0022106141559231,-0.42936512389155934,0.16785850194862223,-1.6767430047006096,0.7968264829381609,-0.4804928245831837,-1.4012060863460094,6,5,2,0,0,0,0,0,0,0,0,0,0,1,1,1,1,0,0,0,0,0,0,0,0,0,0,0,0,0,0,0,0,0,0,1,0,1,0,0,True
CH_023,47.418,8.638,0.4669788422889004,-0.170794344111401,-0.0791422869725387,0.0117685622946107,-0.2774374579410273,0.324285791773195,-0.1250253747956482,-0.1645944786187584,-0.2403855595108255,0.0940174109642323,0.0435379179635817,-0.1982217963663993,0.4441938433814013,-0.2133422114170672,-0.3219732883166975,1.0896090077562677,-0.5175142269055878,-0.6103096852359139,-0.4771530792969345,1.2674812838340992,0.7663879803287564,-0.9819421003211934,-0.7149552231343153,0.2281390813615703,0.5078317844074527,0.2194775572786847,1.029283976050914,0.2852580247105766,1.0968100512703285,1.1660059219925287,0.3574073071066607,1.5765173457682524,2.5965122864040096,-0.4066099284731928,-0.7984112979996244,-0.5554179105937436,-0.7893398091962072,-0.4079206186137961,-0.2423706876803585,0.5673540493707462,-0.5692674464814418,1.583346173400541,1.3270398220105808,0.1552041393166235,-0.6417193272221561,0.6737333901898737,-0.1179691164944427,-0.058914727202423,0.0067135221156479,0.4799026192390472,-0.6831357571454542,0.728109416911278,-0.2854814668753764,-0.2119007062629193,-0.1692116299583508,0.1361535811064217,-0.0215448284235027,-0.9629302433101338,0.0022106141559231,-0.5842871677410798,0.20526389076527668,-0.5783962187109098,1.165544241898497,0.05331816268705476,-0.3985631730617005,6,5,2,0,0,0,0,0,0,0,0,0,0,0,0,0,0,0,0,0,0,0,0,0,0,0,0,0,0,0,0,0,1,1,1,1,0,1,0,0,True
CH_024,47.431,8.87,0.2737992592067841,0.9262291300144904,-0.4522896770218253,-0.4351622461627733,-0.265056064183593,-0.3759069935109047,0.0686083702829806,-0.1514632081492903,0.081848122161681,0.8109944404620704,-0.2430739960867948,0.6887015449367466,-0.3142411450540257,-0.2596325766575905,0.2815303276362207,0.4364748003029634,-0.1433794070542494,-0.2325557453738102,0.2003315384840118,1.1047815341561156,0.8353525570494108,-0.9819421003211934,-0.7149552231343153,-1.0535879090813047,-0.2334325915527011,0.2753883003918967,0.1123169834184979,0.4885952319933716,0.6124212969894154,0.2197309313907834,1.4920758582928624,1.146649589291213,1.98413407801157,-0.3192014172508132,-0.3046797639723404,-0.2038041999584159,-0.2322355141106196,-0.2884814614836766,-0.2423706876803585,1.2366978968457647,0.3048600541942211,0.2943303182203099,-0.1804186224552244,-0.0842725036688706,-0.2595742793264725,-1.10348218456467,-0.3774799123444136,-0.654627228612631,-0.9984037044397344,0.8929343275195869,-0.2313402676932543,-0.2072990214608034,1.082540274729035,-0.2119007062629193,-0.1692116299583508,0.1361535811064217,-0.0215448284235027,0.3327675952107436,0.0022106141559231,-0.6495833063042471,0.3971731404648673,0.9423931449894319,1.7929092442467371,1.803176779485811,0.1723035775038918,6,5,2,0,0,0,0,0,0,0,0,0,0,1,1,1,1,0,0,0,0,0,0,0,0,0,0,0,0,0,0,0,1,1,1,1,0,1,0,0,True
CH_025,47.593,8.536,-2.62389448702496,0.1136924418044987,-1.0582994465551063,0.4475807433674503,-0.3433683796993645,0.2045159732377575,-0.1799364368328713,-0.3090384537829056,-0.0951162767896135,0.1494977763420412,0.0565657322385988,-0.1780644477004187,0.7994607590169435,-0.280463241015826,-0.4516148058176947,0.7341055783829498,-0.5397347663782609,-0.6327451707515335,-0.4931566298566305,-0.5211546786880162,0.2539205754465454,-0.9819421003211934,-0.7149552231343153,-1.0535879090813047,0.5886476711726284,0.120161754722166,0.754019346846118,-0.7589285211774607,1.6324031506700063,0.6518575077855369,-0.2099269684864401,0.2869140763371341,0.7593776612266905,-0.3192014172508132,-0.3046797639723404,-0.5554179105937436,-0.7893398091962072,-0.2884814614836766,-0.2423706876803585,-0.4771165697660958,-0.5687859661726147,0.2943303182203099,1.8333334629943856,0.5263929359441396,0.9779416745456774,-0.0998780952915159,-0.343964513442541,-2.028270173040875,-1.5477350995472303,0.2354705003035819,-1.0483238400667143,1.4284473886424085,-0.2276377586855492,-0.2119007062629193,-0.1692116299583508,0.1361535811064217,-0.0215448284235027,-0.9869779756917482,0.0022106141559231,-0.406062619970203,0.10381434770275039,0.5077205732055308,0.8987709872938361,-0.8234425427447456,1.1647687109629292,6,5,2,0,0,0,0,0,0,0,0,0,0,1,1,1,1,0,0,0,0,0,0,0,0,0,0,0,0,0,0,0,1,1,1,1,0,1,0,0,True
CH_026,47.499,8.873,-0.3057394900395646,0.5374938474232318,0.0895985677260077,-0.5179342500254953,-0.2929142001378201,0.5361862399512793,-0.0990148717253846,-0.236816466200832,0.0263816687590364,0.4140964419900528,-0.1779349247117092,0.4871280582769407,-0.0268342020679689,-0.0443823782891573,0.0803624556519146,0.9490611403296066,-0.3639265175852838,-0.3259240153590748,-0.2115582520099316,0.5721545170737377,0.4725996702156193,-0.9819421003211934,-0.7149552231343153,-1.0535879090813047,0.8332686221888913,0.1354847830069888,-0.5561793392998853,-0.6576364020697212,-0.0943017668455021,-1.183589811536779,-0.2099269684864401,1.146649589291213,0.7593776612266905,-0.3192014172508132,-0.3046797639723404,-0.3796110552760798,-0.2322355141106196,-0.2884814614836766,-0.2423706876803585,-0.7272010842073116,-0.7224985547656774,0.2943303182203099,1.094576949046675,-0.3836183074007384,0.5282254344144206,-1.2812037420401243,-0.4197100827820537,0.6839738039679538,0.0355335170473745,0.1812670016147033,-0.7634441032739231,1.0348066266373614,-0.0020550145238935,-0.2119007062629193,-0.1692116299583508,0.1361535811064217,-0.0215448284235027,-0.939166971308528,0.0022106141559231,-0.6495833063042471,0.3971731404648673,-2.2353450324493487,1.3215544231565706,-0.21701913799981107,-0.08059815540125084,6,5,2,0,0,0,0,0,0,0,0,0,0,1,1,1,1,0,0,0,0,0,0,0,0,0,0,0,0,0,0,0,1,1,1,1,0,1,0,0,True
CH_027,47.278,8.681,-3.010253653189192,0.8922711914619247,-0.5062100501368612,-0.3618458271270787,-0.2938428046696276,0.1123853435951136,-0.1163552071055604,0.0848996603011324,-0.0554973815020102,-0.1236363301333255,-0.0606845962365551,0.225082525619193,-0.3102493819569971,-0.0791001522195497,-0.1833909765052866,0.3703346273962997,-0.4217025216839972,-0.5135711642216345,-0.2642099734824613,-1.2084718855625265,0.3213315567279154,-0.9819421003211934,-0.7149552231343153,-1.0535879090813047,0.3851337941101081,0.0199799801848419,-0.2010733874321984,-0.2914220078717809,1.1806882533565717,-0.0242586541155619,-0.4935941062829906,1.146649589291213,1.98413407801157,-0.4648822692881125,-0.7984112979996244,-0.5554179105937436,-0.7893398091962072,-0.2884814614836766,-0.2423706876803585,0.9130591134512502,-0.1494166171841804,0.2943303182203099,0.5728475263255588,0.2030994679137224,0.0654651481950395,-1.364837416146221,-0.4244705747222967,-1.0541050236759468,-0.756379437609765,0.350304120498035,-0.1159574549927485,-0.0420866359151842,0.7650592282897529,-0.2119007062629193,-0.1692116299583508,0.1361535811064217,-0.0215448284235027,0.3327675952107436,0.0022106141559231,-0.5646700324023392,0.45881691479774306,0.2635053356563066,1.9696038176929187,1.4027112950627647,1.866135573982792,6,5,2,0,0,0,0,0,0,0,0,0,0,0,0,1,1,0,0,0,0,0,0,0,0,0,0,0,0,0,0,0,1,1,1,1,0,1,0,0,True
CH_028,47.571,8.734,-2.817074070107076,0.6375470743007216,-0.229244947265746,-0.3804719037712733,-0.3093195468664205,0.0202547139524672,-0.0643342009650332,-0.0661099500977488,-0.0185197459002472,0.140962335514686,-0.1909627389867264,0.0235090389593871,-0.5018540106143681,-0.2920358323259568,-0.2191541537469412,0.8002457512896135,-0.3234974673279876,-0.4144161424781484,-0.0783949499218709,0.5098211316262284,0.5739282913548485,-0.9819421003211934,-0.7149552231343153,-1.0535879090813047,0.3321526830734408,0.1294087212746661,0.0822890071360659,-1.328363315864762,1.466883937533368,0.5887376466946014,-0.2099269684864401,0.7167818328141736,1.67794497381535,-0.3192014172508132,-0.3046797639723404,-0.5554179105937436,-0.7893398091962072,-0.2884814614836766,-0.2423706876803585,-0.175544067057571,-0.300962544387521,0.2943303182203099,1.1010599773763456,0.1192826428687994,0.5377051190714875,-0.8943979992994296,-0.401819846942108,-0.0028476682461682,-0.1330077240312586,0.3084007131317127,-0.5021594816133107,0.5635029488752494,0.4830394975423672,-0.2119007062629193,-0.1692116299583508,0.1361535811064217,-0.0215448284235027,-0.9749635215220614,0.0022106141559231,-0.4045802775192242,0.1800806154948255,0.3515786396701823,1.1429206879427538,-0.11013814722474143,1.5496303095059556,6,5,2,0,0,0,0,0,0,0,0,0,0,1,1,1,1,0,0,0,0,0,0,0,0,0,0,0,0,0,0,0,1,1,1,1,0,1,0,0,True
CH_029,47.452,8.39,0.4669788422889004,0.9248834774378152,-0.443852634286898,-0.4200048011385435,-0.2712467610623102,-0.2192849231184084,-0.0238734184112898,0.1242934717095362,0.1346733158784853,-0.5333374898463759,-0.6339084243373084,0.325869268949096,-0.1944882521431687,-0.1554792548664131,0.1474184129800166,0.7506406216096161,-0.3527346184501904,-0.4439361134638598,-0.128879941037577,0.2986985597492848,-0.674601100969255,1.5048887947614862,2.2514096797344023,0.2281390813615703,0.0804147224243817,-0.0257445481693758,0.2231757641328467,-0.267095322009317,-1.0601164772986582,0.4713467959023845,-0.7772612440795411,-0.5728214366169448,-0.7715678597544089,1.5746496592340782,2.6577094401913635,1.90587806385355,2.553285961317318,-0.3282945138603831,-0.2423706876803585,0.0230524591163355,-0.6293321150076269,-0.994685536959921,-0.1899888071323573,0.8496864039745567,0.2255580626835865,0.0360266251308902,0.2706252336599147,-1.5587085542822403,-0.7687991039339345,0.2064205635215706,-1.102804019375746,1.528303155257697,-0.1717627098224524,-0.2119007062629193,-0.1692116299583508,0.1361535811064217,-0.0215448284235027,-0.9629302433101338,0.0022106141559231,-0.4211994780938674,0.01652658989114033,0.6986756819196962,0.9275813906987008,-0.40887035145033757,-0.8768742831434475,6,5,2,0,0,0,0,0,0,0,0,0,0,0,0,0,0,0,0,0,0,0,0,0,0,0,0,0,0,0,0,0,1,1,1,1,0,1,0,0,True
CH_030,47.48,8.175,-1.0784578223680297,0.6862280351627907,0.0678156573921954,-0.5937689906482877,-0.2774374579410273,-0.0718759156901766,-0.075894424551817,0.3278281639862894,-0.4147086987762799,-0.4479830815728236,-0.0867402247865894,-0.1377497503684575,-0.6415657190103679,-0.3151810149462185,0.1697703987560506,1.0648064429162687,-0.3319226741381323,0.0574515597059072,-0.1314254258360173,0.1363492632651146,-0.6817720575927949,1.6721513056575996,-0.7149552231343153,-1.0535879090813047,-0.6480762262119274,0.0572695177681593,-0.6971586779204906,-0.2458113320242695,-0.71758877539058,0.6383307078138567,-0.4935941062829906,0.2869140763371341,0.4531885570304705,0.2052496500834643,1.1765148381095116,-0.3796110552760798,-0.2322355141106196,-0.2884814614836766,-0.2423706876803585,-0.4256285814987867,-0.647026516357024,1.583346173400541,1.6971898680713016,0.9454770611687544,-0.1596204843023584,-0.131240723081302,0.671261580899672,-0.9700044352415644,-0.1076907119089132,0.145949032414182,-0.4329902195041695,0.5610102715649607,0.4917201212487891,-0.2119007062629193,-0.1692116299583508,0.1361535811064217,-0.0215448284235027,-0.7023026479599924,0.0022106141559231,-0.38529704815267335,0.21355292397189968,0.2801430705313304,1.0088415028662678,0.7741626342774831,-1.1347009114981572,6,5,2,0,0,0,0,0,0,0,0,0,0,0,0,1,1,0,0,0,0,0,0,0,0,0,0,0,0,0,0,0,1,1,1,1,0,1,0,0,True
CH_031,47.473,8.622,-0.3057394900395646,0.6067553771050382,0.2140065978719363,-0.6365804576289493,-0.2761993185652839,1.2179528993068525,-0.1857165486262632,-0.1777257490882262,-0.3169820904001919,-0.6741722634977368,0.0044544751385304,0.4669707096109601,-0.7693021381152818,-0.6785603820843261,-0.8584209469415137,1.1392141374362652,-0.4575782923058287,0.1286641168383821,-0.7904727414122192,-1.2084718855625265,-0.8672554324125695,-0.9819421003211934,-0.7149552231343153,-1.0535879090813047,0.5161767266839635,0.0583210412011065,-0.4719826853333638,-2.394155215041505,-0.8173046206649186,-0.3363711122515389,-0.7772612440795411,-0.5728214366169448,-0.7715678597544089,-0.4357460988806527,-0.7984112979996244,-0.5554179105937436,-0.7893398091962072,-0.2884814614836766,-0.2423706876803585,-2.1982864632732864,-0.7931557900860594,1.583346173400541,0.7083736899791505,0.4066546144513925,0.3682841948803867,-0.6644053955076652,-0.4212201313007329,-0.556509875439185,-0.4444547410835086,0.1560194102235215,-0.4786327938854799,0.6232141558238603,0.4018075825641352,-0.2119007062629193,-0.1692116299583508,0.1361535811064217,-0.0215448284235027,0.1293742240117256,0.0022106141559231,-0.5842871677410798,0.20526389076527668,0.8360103844657468,1.388039969475489,3.694910919544033,0.8526761123164441,7,5,2,0,0,0,0,0,0,0,0,0,0,0,0,1,1,0,0,0,0,0,0,0,0,0,0,0,0,0,0,0,1,1,1,1,0,1,0,0,True
CH_032,47.197,8.627,0.0806196761246679,-0.8478950582807403,0.1926838898691201,0.2498212255278122,-0.2526746704261588,-2.365928593792034,2.6436481742390745,0.1177278364748023,-0.1585065092497788,-0.640030500188316,-0.1388514818866579,-0.6618408156839529,-0.6375739559133393,0.7541264221098689,-0.4247924228864539,-0.1257166694036786,4.571355171423441,4.527785895994194,4.725756473409768,1.6866505692635378,-0.0459759083433145,-0.9819421003211934,-0.7149552231343153,-1.0535879090813047,-0.806402908407547,0.5996982112663175,-0.2376140118281372,0.2284433715240083,0.008699777075614,0.0738219581231484,-0.4935941062829906,0.7167818328141736,0.1469994528342507,-0.3192014172508132,-0.3046797639723404,-0.3796110552760798,-0.2322355141106196,-0.2884814614836766,-0.2423706876803585,0.0469575965261576,-0.4275918656090574,0.2943303182203099,0.1965231675699134,-0.1291743742286508,-0.1942782114085952,0.7678212735592318,0.005803673951877,-1.1662391415884563,-1.9790000513294488,0.6099386475183167,-0.5560230664427225,0.4563094090118702,0.720005339476679,-0.2119007062629193,-0.1692116299583508,0.1361535811064217,-0.0215448284235027,-0.927625733668444,0.0022106141559231,-0.8341588612938194,0.4923905171213051,1.0874703292557777,2.1087617597798776,0.33414887339753035,0.1730860942937203,6,5,2,0,0,0,0,1,1,1,0,0,0,1,1,1,1,1,1,0,0,1,1,0,0,0,0,0,0,0,0,0,1,1,1,1,0,1,0,0,True
CH_033,47.181,8.665,-0.1125599069574483,0.6679429913267942,0.280275733535366,-0.7144108493207625,-0.2483411826110568,-2.0158322011499834,1.166829611027443,0.2818687173431515,0.0395879671882375,-0.7552589513576113,-0.0997680390616066,-0.0974350530364963,-0.6495492452044249,0.3236260253730026,-0.2750341181870262,-0.2166594071503408,2.777743682629933,2.716824257238139,3.540065017169572,1.710948175155001,0.6913290708816149,1.7399767267297637,1.198941395902077,-1.0535879090813047,-0.3715745741405345,-0.3891130013711438,-0.8410887594085911,-0.9353661692592836,1.0728130033972247,-0.9785613123600698,0.0737401693101102,1.146649589291213,0.4531885570304705,0.059568798046165,1.1765148381095116,0.1478095106769117,0.8819730760605554,-0.2884814614836766,-0.2423706876803585,-1.043484440706496,-0.6949338070853239,0.2943303182203099,0.6558920320722926,-0.8386239290731774,-0.2917293696832437,0.4437407863981091,-0.1473766715446539,-0.5635182578087169,0.2428464087662034,0.1601978735516088,-0.4676339299570299,0.6041061544346038,0.1599745339409141,-0.2119007062629193,-0.1692116299583508,0.1361535811064217,-0.0215448284235027,0.3327675952107436,0.0022106141559231,-0.8341588612938194,0.4923905171213051,0.6086739369153547,2.056035027907513,0.9172425898195335,-0.9104405078745352,7,5,4,0,0,0,0,0,0,0,0,0,0,0,0,1,1,0,0,0,0,0,0,0,0,0,0,0,0,0,0,0,1,1,1,1,0,1,0,0,True
CH_034,47.338,8.799,0.3897070090560539,-0.0515853570247719,-0.1322189558140816,-0.0269090560430791,-0.2607225763684911,-2.329076341934976,2.6378680624456834,2.579841049500041,-0.2351030401391451,0.1708363784104294,-0.0997680390616066,-0.6618408156839529,-0.7214009809509392,-0.3174955332082446,-0.4560852029729015,0.8911884890362765,1.4654216217570954,2.2580726815916297,1.6486747678835787,-0.3785234713114712,0.3948673958829908,-0.0577033698323529,-0.7149552231343153,-1.0535879090813047,-0.3322567394605176,-0.0766545836597232,-0.3155100742334861,-2.352372566703292,-0.7878504338485391,0.2349593163910345,-0.4935941062829906,-0.1429536801399053,-0.1591896513619691,-0.3774737580657329,-0.5515455309859825,-0.5554179105937436,-0.7893398091962072,-0.2884814614836766,-0.2423706876803585,-2.029111644680699,-0.4293974167671592,-0.994685536959921,0.1631818790173213,0.5024452716455902,-0.2336378621047373,-1.4589252995155788,-0.4332877224288222,0.0602277730796184,0.5374950309825575,0.2148022347788805,-0.8921997995214995,1.2070838420343897,0.2958704322968651,-0.2119007062629193,-0.1692116299583508,0.1361535811064217,-0.0215448284235027,0.1817130183752139,0.0022106141559231,-0.6498801757367432,0.44347949816406473,1.1712838324355694,1.5041588229422114,-0.7888769861418171,0.999946177086753,7,5,4,0,0,0,1,0,0,0,0,0,0,0,0,1,1,0,0,0,0,0,0,0,0,0,0,0,0,0,0,0,1,1,1,1,0,1,0,0,True
CH_035,47.266,8.77,-0.1125599069574483,0.1599591436319453,0.0382093074314507,-0.1376201748720929,-0.2607225763684911,-2.6975988605055554,8.17521516051513,-0.1120693967408865,-0.2351030401391451,0.1025528517915875,-0.3212408817368976,-0.4602673290241469,-0.5018540106143681,0.3560292810413689,0.1317720229367928,0.4943474515962937,5.341711341778327,5.305593956105441,5.46140694775883,-0.5211546786883468,-0.508806428751682,1.0510993329185918,-0.7149552231343153,-1.0535879090813047,-0.4903446445397385,-0.1866211816714546,-0.1866693405453564,-3.286423786395978,-1.0954281839807458,0.1587235630776571,-0.7772612440795411,-0.5728214366169448,-1.0777569639506288,0.729700717417742,1.1765148381095116,-0.3796110552760798,-0.2322355141106196,-0.2884814614836766,-0.2423706876803585,-2.573413234935109,-1.01656265338185,-0.994685536959921,-1.415281161440115,-0.3836183074007384,-1.0797565958559063,0.2660192289226548,-0.117559611811411,-1.5096498776955176,-1.0156797787496368,-0.2600297896900174,-0.3000107201991131,0.6146171401218102,-0.1776311418523561,-0.2119007062629193,-0.1692116299583508,0.1361535811064217,-0.0215448284235027,0.1293742240117256,0.0022106141559231,-0.6283248690624856,0.6069301256879557,0.9660725322476624,1.293344236489307,-0.5045979693072307,-1.0492901655843103,7,5,4,1,1,1,1,0,0,0,0,0,0,0,0,1,1,0,0,0,0,0,0,0,0,0,0,0,0,0,0,0,1,1,1,1,0,1,0,0,True
CH_036,47.417,8.555,0.4669788422889004,-0.0108991555888305,-0.0973969794353814,-0.072856546132202,-0.2638179248078496,0.4901209251299558,-0.1076850394154725,-0.1908570195576942,-0.3407534275727538,-0.4181090386770804,-0.6339084243373084,-0.258693842364341,-0.2623482247926544,-0.4147053002133434,-0.6505474792243975,0.9573286619429402,-0.4878714122032058,-0.4688512001020104,-0.2967826056944466,-1.2084718855625265,0.6637951230572252,-0.9819421003211934,-0.7149552231343153,-1.0535879090813047,0.2528715575873253,-0.0722534714003812,0.6660382413248969,-1.381934449325367,-0.7833643956098139,-0.0440429061857481,-0.2099269684864401,-0.1429536801399053,0.1469994528342507,-0.3192014172508132,-0.3046797639723404,-0.5554179105937436,-0.7893398091962072,-0.2884814614836766,-0.2423706876803585,-1.9482019488320703,-0.9208684420024568,-0.994685536959921,-1.2272733398796654,0.29889012510792,-0.8238051101150983,-0.6016801399280931,-0.3822148102419672,-1.5517001719127088,-1.0085941998852066,-0.289956810106818,-0.5141585821900219,0.9545873561280276,-0.9298037651605622,-0.2119007062629193,-0.1692116299583508,0.1361535811064217,-0.0215448284235027,-0.7248297218999131,0.0022106141559231,-0.5264345839471165,0.11065413629675834,-1.3787623217992704,0.9585156379443087,0.056172502206055484,-1.1866345160929537,6,5,12,0,0,0,0,0,0,0,0,0,0,1,1,1,1,0,0,0,0,0,0,0,0,0,0,0,0,0,0,0,1,1,1,1,0,1,0,0,True
CH_037,47.366,8.523,0.4669788422889004,0.3191815058661784,0.078553711782103,-0.3800442642564831,-0.2619607157442345,-0.1547934823685571,0.0454879231094129,-0.026716138689345,0.9534638184889528,-0.5034634469506326,-0.1909627389867264,0.0839810849573289,-0.2703317509867114,2.753870200500474,2.494376919463588,0.907723532262942,-0.2461754264319358,0.2112025712936418,0.2545658915796702,-0.5196616723169676,-0.2200819179364501,-0.0577033698323529,-0.7149552231343153,-1.0535879090813047,0.5097475457312601,0.430958378940996,1.1158003636220202,-4.317778497129122,1.221230442383199,0.2634127330189875,-0.4935941062829906,0.7167818328141736,1.0655667654229104,-0.4357460988806527,-0.5515455309859825,-0.5554179105937436,-0.7893398091962072,-0.2884814614836766,-0.2423706876803585,-2.727877199737037,-0.86573894664175,0.2943303182203099,2.029676606692983,0.2629686286600959,-0.3354117565830082,-0.8212185344565955,-0.436243834359457,1.560021600159436,0.8190870809094,0.4724119785735302,-0.7263074665653776,0.7975551374792492,-0.0606513104283681,-0.2119007062629193,-0.1692116299583508,0.1361535811064217,-0.0215448284235027,-1.2865759800252738,0.0022106141559231,-0.4985066130942921,0.14069075717739585,-0.8337597480991203,0.9226411452430591,-0.7261805111579849,-0.4160609773465443,6,5,12,0,0,0,0,0,0,0,0,0,0,0,0,1,1,0,0,0,0,0,0,0,0,0,0,0,0,0,0,0,1,1,1,1,0,1,0,0,True
CH_038,47.412,8.533,0.4669788422889004,-1.583096301348875,-0.5911173802056297,1.1767061160847114,-0.2319358358824565,-0.1087281675472336,0.0050271405556695,-0.4797449698859888,-0.3830135825461973,-0.5760146939831519,-0.6339084243373084,-0.3393232370282634,0.3364162397616302,-0.4262778915234743,-0.4784371887489356,0.5026149732096266,-0.1872402793481279,-0.276840897238009,0.1247176404687804,-0.248558113580724,-0.2078026329338832,-0.1449632792239133,0.2601170577042985,-1.0535879090813047,0.4692557533510502,0.1326597807118647,0.1199349267250487,-1.8301581800393123,-0.7136877338205306,0.5830387319186503,-0.4935941062829906,-0.1429536801399053,-0.465378755558189,-0.0569758835836744,-0.3046797639723404,1.026843787265231,0.3248687809749678,-0.2884814614836766,-0.2423706876803585,-2.0879550598433383,-1.4530245533336474,0.2943303182203099,-0.4956172855311178,2.071017283200577,2.724630450718208,0.7364586457694458,-0.1395320974603286,-0.0659231095719549,0.1840918334634017,0.0931082863951043,-1.0248352922036026,1.4819689799201303,-0.8283066321033771,-0.2119007062629193,-0.1692116299583508,0.1361535811064217,-0.0215448284235027,-0.7023026479599924,0.0022106141559231,-0.5264345839471165,0.11065413629675834,0.2004718864465827,1.0700174395833284,0.13404812376492078,0.8599283119054875,6,5,12,0,0,0,0,0,0,0,0,0,0,0,0,1,1,0,0,0,0,0,0,0,0,0,0,0,0,0,0,0,1,1,1,1,0,1,0,0,True
CH_039,47.445,8.68,0.4669788422889004,0.2874399362634302,-0.268975748508404,-0.1456978101514631,-0.3114862907739715,0.2229420991662875,-0.0643342009650333,-0.1514632081492903,0.2403237033120941,-0.3882349957813372,-0.6339084243373084,-0.0369630070385546,-0.0188506758739118,-0.3059229418981138,0.1921223845320847,0.3207294977163015,-0.4134571358904392,-0.5052460183011421,-0.208826964499756,0.3228512554435774,0.7448511771172537,-0.0577033698323529,-0.7149552231343153,-1.0535879090813047,0.9743623063648168,0.4420387861904462,0.2680964534758835,-2.474932716191819,-0.0457083067618373,-0.2348508994395872,0.6410744449032111,1.5765173457682524,2.2903231822077896,-0.4357460988806527,-0.5515455309859825,-0.2038041999584159,-0.2322355141106196,-0.2884814614836766,-0.2423706876803585,-2.1320876212153173,-0.9194240010759754,0.2943303182203099,-1.646817887499782,-0.10822016796742,-0.2378847608311033,1.269623318195809,-0.1402743246983235,-0.0939566390500823,-0.8354353905578438,-0.3484537220436037,-0.3324370836148935,0.7184032355458381,-0.5553471563375403,-0.2119007062629193,-0.1692116299583508,0.1361535811064217,-0.0215448284235027,-0.6351841071002033,0.0022106141559231,-0.5842871677410798,0.20526389076527668,0.7167089838231694,1.4854135925217387,-0.3877515388242046,-1.3924374441293292,6,5,2,0,0,0,0,0,0,0,0,0,0,0,0,1,1,0,0,0,0,0,0,0,0,0,0,0,0,0,0,0,1,1,1,1,0,1,0,0,True
CH_040,47.22,8.666,0.4669788422889004,0.1129008814652782,-0.4392506109769374,0.0645582846203768,-0.2452458341716983,-0.1916457342256149,0.0830586497664603,0.0192433079537927,-0.0211610055860874,-0.247400222129976,-0.2300461818117777,0.0436663876253677,-0.1745294366580259,-0.1323340722461516,-0.0001046931418076,0.1801816302896411,-0.0223020653925809,-0.1103071857265178,0.4325560059201187,-0.1003809935226329,0.6014507286373519,-0.9819421003211934,-0.7149552231343153,-1.0535879090813047,1.0714327717692274,0.3541870829930731,0.7389964092632055,-1.372249419795179,-1.9193297560189788,2.0883409693366817,0.6410744449032111,0.7167818328141736,1.98413407801157,-0.3192014172508132,-0.3046797639723404,-0.5554179105937436,-0.7893398091962072,-0.2884814614836766,-0.2423706876803585,-1.8305151185067925,-0.5938229422316257,-0.994685536959921,-0.4912952666446706,2.813394876455609,0.0921599401893401,1.0605391329305685,-0.1651261401498075,0.873200127945314,0.3293063935613832,-0.0059531250356604,0.0131848747854081,-0.013724366636391,-0.0522201587027441,-0.2119007062629193,-0.1692116299583508,0.1361535811064217,-0.0215448284235027,-0.7023026479599924,0.0022106141559231,-0.5646700324023392,0.45881691479774306,0.6303187145004313,1.5853265940732246,0.6433744876467364,-0.32950935637171885,6,5,2,0,0,0,0,0,0,0,0,0,0,1,1,1,1,0,0,0,0,0,0,0,0,0,0,0,0,0,0,0,1,1,1,1,0,1,0,0,True
CH_041,47.22,8.676,0.4669788422889004,0.2725586018860819,-0.4394807121424355,-0.0311854511909809,-0.2576272279291325,-0.1179412305115001,0.0454879231094129,0.1439903774137382,0.4516244781793115,0.3543483561985664,-0.2039905532617435,-0.0772777043705157,0.923205415024829,-0.0883582252676544,0.0356584840998466,0.0313662412496479,-0.4291761919841794,-0.5211171296098493,-0.2436724624751675,-0.3669245152330819,0.1569325752904197,-0.9819421003211934,-0.7149552231343153,-1.0535879090813047,1.1863853559338895,0.5924637344783158,0.0266439859676875,-2.754405187275847,-2.94116854875,-0.8328192810410046,-0.2099269684864401,1.146649589291213,1.37175586961913,-0.3192014172508132,-0.3046797639723404,-0.0279973446407521,-0.2322355141106196,-0.2884814614836766,-0.2423706876803585,-2.154153901901307,-0.8297482935569217,-0.994685536959921,2.090493586737989,-0.5033566288934855,-0.2495637323286098,0.9769054588244722,-0.2548460567977756,0.9432839516406324,-0.5201669377135417,0.2313075585889341,-0.2268584596685594,0.1985060955840091,0.3219298248595981,-0.2119007062629193,-0.1692116299583508,0.1361535811064217,-0.0215448284235027,0.0241652889339014,0.0022106141559231,-0.5646700324023392,0.45881691479774306,0.2120280284709777,1.2928825313065369,0.9865386937490324,-0.16658085731283764,6,5,2,0,0,0,0,0,0,0,0,0,0,1,1,1,1,0,0,0,0,0,0,0,0,0,0,0,0,0,0,0,1,1,1,1,0,1,0,0,True
CH_042,46.989,7.461,0.4669788422889004,-0.0356749942064369,-1.217836254633733,0.6360747383866341,-0.2712467610623102,0.324285791773195,-0.1019049276220805,-0.5257044165291267,-0.1585065092497788,-0.2388647813026209,-0.6339084243373084,-0.258693842364341,0.3923009231200301,-0.3105519784221661,-0.2795045153422329,-0.0678440181103477,-0.4773872002800174,-0.5697944976658722,-0.3530561033725661,-0.0629432074373509,0.8403530660067542,-0.9819421003211934,-0.7149552231343153,-1.0535879090813047,0.4394233404189032,0.1912529471032479,-0.2389445343305547,0.132473277906564,-2.8748310730846387,0.0023797170092722,0.0737401693101102,-0.1429536801399053,-0.465378755558189,-0.4357460988806527,-0.7984112979996244,-0.5554179105937436,-0.7893398091962072,-0.2884814614836766,-0.2423706876803585,0.751239721753993,0.2062769609618653,-2.283701392140152,-0.4239952582699941,-0.6111211182369579,-0.3482282902393628,-0.6539511862444032,-0.3511180483742503,-0.3322416396141655,-0.4528937451242904,0.1944693710750231,-0.3826463459159102,0.4552210016335312,0.6541693500023636,-0.2119007062629193,-0.1692116299583508,0.1361535811064217,-0.0215448284235027,-0.939166971308528,0.0022106141559231,-0.6766251035240533,0.08419617915022419,-0.6673938574444185,1.529598778512853,-0.3963310564535711,1.726801019064314,7,5,2,0,0,0,0,0,0,0,0,0,0,0,0,1,1,0,0,0,0,0,0,0,0,0,0,0,0,0,0,0,1,1,1,1,0,1,0,0,True
CH_043,46.301,7.611,0.4669788422889004,-0.8952303665661347,1.1183041782791483,-0.2951340628198102,-0.2526746704261588,-1.6818586686953958,0.1242419462943777,-0.3090384537829056,-0.3882961019178778,-0.8235424779764532,-0.6339084243373084,-0.6618408156839529,-0.7413597964360819,-0.3221245697322969,-0.8628913440967206,0.8415833593562781,0.0205655679466051,0.1156221132942254,-0.4119353476801682,-0.5211546786880162,-0.9954068502819424,-0.0577033698323529,-0.7149552231343153,-1.0535879090813047,-1.0059877071175558,0.3250910153285328,0.2342104916236288,0.2284433715240083,0.008699777075614,0.0738219581231484,-1.0609283818760915,-1.0026891930939843,-1.0777569639506288,-0.3192014172508132,-0.3046797639723404,-0.5554179105937436,-0.7893398091962072,-0.2884814614836766,-0.2423706876803585,-2.323328720493894,-0.952525772307841,0.2943303182203099,-1.5875444856285073,-0.8027024326253532,0.1693624920364935,1.1232643885101403,2.1044895804464536,0.0392026259710229,0.3886182615838592,-0.2809167075083877,0.3810113389366241,-0.3941737995263891,0.7708333782667129,-0.2119007062629193,-0.1692116299583508,0.1361535811064217,-0.0215448284235027,-0.6573092453749757,0.0022106141559231,-2.9304133060907986,0.36043792343689884,0.39928724869845167,1.8384795457861627,1.1842140797441094,0.9387246144755587,7,4,13,0,0,0,0,1,1,1,0,0,0,1,1,1,1,0,0,0,0,0,0,0,0,0,0,0,0,0,0,0,1,1,1,1,0,1,0,0,True
CH_044,46.302,7.611,0.4669788422889004,-0.7970768845027749,1.1674691273072255,-0.3845582369126016,-0.2402932766687246,-1.8822427881681485,0.1805980362799489,-0.2959071833134377,-0.4490450746922028,-0.9302354883183932,-0.0606845962365551,-0.2385364936983605,-0.7453515595331105,-0.2295438392512504,-0.6393714863363805,0.8250483161296126,-0.0648695713698886,0.1177716718299785,-0.487477039644497,0.1661625281884773,-0.6522087709258995,0.4829416292179727,-0.7149552231343153,-1.0535879090813047,0.2234562228817377,0.4521141546273464,-0.6963491791445782,0.2284433715240083,0.008699777075614,0.0738219581231484,-1.0609283818760915,-0.5728214366169448,-0.7715678597544089,-0.3192014172508132,-0.3046797639723404,-0.5554179105937436,-0.7893398091962072,-0.2884814614836766,-0.2423706876803585,-0.9405084641718778,-0.5881655486029068,-0.994685536959921,1.2103453120765086,-0.9463884184166498,0.1392550135656488,0.9141802032449,-0.0432856999265434,0.8942252750539096,0.1227896342992318,-0.2809167075083877,0.3810113389366241,-0.3941737995263891,0.7708333782667129,-0.2119007062629193,-0.1692116299583508,0.1361535811064217,-0.0215448284235027,-0.6573092453749757,0.0022106141559231,-2.9304133060907986,0.36043792343689884,-1.828717599881674,1.832061843745656,0.2622954132515858,0.6841637030212193,7,4,13,0,0,0,0,1,1,1,0,0,0,1,1,1,1,0,0,0,0,0,0,0,0,0,0,0,0,0,0,0,1,1,1,1,0,1,0,0,True
CH_045,46.211,7.304,0.4669788422889004,0.7489987700629883,0.0125913776726711,-0.5971901067666091,-0.282390015444001,-0.0350236638331197,-0.0296535302046817,-0.0398474091588129,-0.1030400558471342,0.1238914538599755,-0.6339084243373084,0.1041384336233095,-0.338191723636197,-0.4378504828336051,0.4379942280684588,1.0978765293696005,-0.3486805661885165,0.2054322235107888,-0.1180992522742533,0.5090851640327901,1.1349135479668837,-0.9819421003211934,-0.7149552231343153,-1.0535879090813047,0.6964843682934858,-0.1649594164376127,1.2309012980110718,-1.7713532760346875,-0.2200818075477209,0.0126466608561406,0.9247415826997616,1.146649589291213,2.5965122864040096,-0.4648822692881125,-0.7984112979996244,-0.3796110552760798,-0.2322355141106196,-0.2884814614836766,-0.2423706876803585,-1.99968993709938,-0.5856377769815644,0.2943303182203099,-0.264389275106197,-0.2638799859079913,0.3677533325395909,1.4368906664080012,-0.0896109171945001,-1.341448700826753,-0.0372329894929517,0.6327882621085612,-0.5340230950643685,0.4090534536111017,1.1588403205484183,-0.2119007062629193,-0.1692116299583508,0.1361535811064217,-0.0215448284235027,-0.7023026479599924,0.0022106141559231,-2.3233644017077117,-0.11179786448630291,-1.3569445124676818,1.2149928669731926,0.7816532131308145,-1.3543087314658266,7,4,8,0,0,0,0,0,0,0,0,0,0,0,0,1,1,0,0,0,0,0,0,0,0,0,0,0,0,0,0,0,1,1,1,1,0,1,0,0,True
CH_046,46.21,7.304,0.4669788422889004,0.1622942466326461,-0.094789166226404,-0.178483506285377,-0.2960095485771786,-0.0258106008688531,-0.0296535302046817,-0.0858068558019506,0.0554355253032788,-0.6357627797746384,-0.2430739960867948,-0.1982217963663993,-0.3421834867332257,-0.4957134393842592,0.3932902565163907,1.0152013132362705,-0.3305037818131582,0.2622661853524799,-0.1696774744113811,1.262274747647666,0.3696766329478791,-0.0577033698323529,0.5609758562232795,-1.0535879090813047,1.0558747433048252,0.017379133828989,0.7654351380983802,-1.0710294510494125,-1.0192883220738669,-0.3910414081826576,0.3574073071066607,1.5765173457682524,1.98413407801157,-0.4357460988806527,-0.5515455309859825,-0.2038041999584159,0.3248687809749678,-0.2884814614836766,-0.2423706876803585,-1.3597677972056803,-0.7206930036075757,0.2943303182203099,0.5027690772381662,-0.7428332718789797,0.0424105551090527,2.0745974314669846,-0.0220426444942759,-0.9419709057634372,-0.2750377543025301,0.4289969010287559,-0.5439521731794819,0.5510165598998309,0.7581169820816327,-0.2119007062629193,-0.1692116299583508,0.1361535811064217,-0.0215448284235027,-0.7023026479599924,0.0022106141559231,-2.3233644017077117,-0.11179786448630291,-0.19213323033155044,1.191492073170186,-0.7299093015122866,-0.9348493627727796,7,4,8,0,0,0,0,0,0,0,0,0,0,0,0,1,1,0,0,0,0,0,0,0,0,0,0,0,0,0,0,0,1,1,1,1,0,1,0,0,True
CH_047,46.214,7.309,0.4669788422889004,-0.0921924024267908,0.1648416488438599,-0.1865136260631038,-0.3247962890632132,0.0939592176665842,-0.1192452630022564,-0.2827759128439698,0.4516244781793115,-0.3327546304035282,-0.6339084243373084,-0.0772777043705157,-0.1492296421490589,-0.153164736604387,0.952089900917241,0.8167807945162798,-0.3098250799289757,0.4648371304662367,-0.1425672943176635,0.3433360252536689,1.1933047797546186,-0.9819421003211934,0.4567269715801114,-1.0535879090813047,-0.7331422466334196,0.0011627845750006,0.5073156863376359,-3.6134438393947295,1.7939967059845678,0.5163082230726505,-0.4935941062829906,0.7167818328141736,1.0655667654229104,-0.3192014172508132,-0.3046797639723404,-0.0279973446407521,0.3248687809749678,-0.2884814614836766,-0.2423706876803585,-2.0732442060526783,-0.6216284300663927,1.583346173400541,-0.0526103496702882,0.0234919856746017,-0.1276170689001003,-1.05121113824836,0.6202270597768512,-2.2525384088658944,-1.2752985728721793,0.6327882621085612,-0.5340230950643685,0.4090534536111017,1.1588403205484183,-0.2119007062629193,-0.1692116299583508,0.1361535811064217,-0.0215448284235027,0.0767284982980389,0.0022106141559231,-2.3233644017077117,-0.11179786448630291,-0.4009043722515569,1.2144388207538683,-0.07654603589129876,-0.10584216728734565,7,4,8,0,0,0,0,0,0,0,0,0,0,1,1,1,1,0,0,0,0,0,0,0,0,0,0,0,0,0,0,0,1,1,1,1,0,1,0,0,True
CH_049,46.297,7.857,0.4669788422889004,-1.2007726575053037,1.27722738324978,-0.2102238613831374,-0.2557700188655173,-1.9651603548465288,0.354001390081706,0.3409594344557572,-0.0502148621303298,-0.8918260045952948,-0.6339084243373084,0.4669707096109601,-0.7453515595331105,-0.1415921452942562,-0.0984534305563574,0.1719141086763083,-0.1238921895324409,-0.2128800220643945,-0.23888450891398,1.3723817515893588,-0.8825531653870293,0.8665353606551546,-0.7149552231343153,0.5223902209732758,-0.4340105371958678,0.3506748144420378,-0.3986884580205748,-1.274569450830542,0.1657339356791692,-0.9321422965386352,-1.0609283818760915,-1.0026891930939843,-1.3839460681468485,-0.3192014172508132,-0.3046797639723404,-0.3796110552760798,-0.2322355141106196,0.4679665336737468,0.2217202703443639,-0.9772855986485272,-0.8304705140201624,-0.994685536959921,-0.6206471176033379,-0.3955921395500131,-0.0300900731481954,-0.591225930664831,-0.3353649150988761,-0.7877864936337363,-0.7928423041255959,-0.6176683463443654,0.3940615293145549,-0.203787224561467,0.6877713068005882,-0.2119007062629193,-0.1692116299583508,0.1361535811064217,-0.0215448284235027,0.2333384883669736,0.0022106141559231,-2.4842861523872477,0.46835937416605977,0.8084599013865525,2.2084900792582554,6.939206013871885,0.0986751251434902,6,4,8,0,0,0,0,0,0,0,0,0,0,1,1,0,0,0,0,0,0,0,0,0,0,0,0,0,0,0,0,0,1,1,1,1,0,1,0,0,True
CH_050,46.302,7.809,0.4669788422889004,-1.5113017785815626,1.4114530631236242,-0.1069726763121299,-0.2452458341716983,-0.5233160009391368,0.1408597677003794,0.1242934717095362,0.2931488970288984,-0.6229596185336056,-0.1649071104366921,1.0313764722584169,0.6836996292031151,-0.2966648688500092,0.3709382707403568,1.1970867887295962,-0.246034013957269,-0.1902639853610972,-0.1648819165916426,-0.0280152310138834,-0.5088064287510173,-0.9819421003211934,1.271231449808172,0.6783242506971285,0.8021281410983059,0.1870769851316696,-0.5107750047307781,-0.0037379397197027,1.6733538303929714,-0.0037275007059802,-0.7772612440795411,-0.5728214366169448,-1.0777569639506288,-0.4648822692881125,-0.7984112979996244,0.6752300766299032,0.8819730760605554,2.8567496762761366,0.2217202703443639,-0.3594297394408178,-0.7885817271522017,0.2943303182203099,0.9207700466845518,-0.7069117754311556,-0.1739537675038437,-1.05121113824836,-0.4154102836102212,-1.4185409068916035,-0.7824129689431203,-0.3960072216528099,0.2334900814069402,-0.1010713028870172,-1.177282890352541,-0.2119007062629193,-0.1692116299583508,0.1361535811064217,-0.0215448284235027,-0.5925715590632755,0.0022106141559231,-3.0443340880198906,0.5684625411887275,0.8596363973042652,1.9115674762186958,-0.6139868190816538,-1.5451739910019326,7,4,3,0,0,0,0,0,0,0,0,0,0,0,0,0,0,0,0,0,0,0,0,0,0,0,0,0,0,0,0,0,1,1,1,1,0,1,0,0,True
CH_051,46.303,7.809,0.3897070090560539,-1.7820154145950229,0.8167949510882453,0.42391802354906,-0.232864440414264,-1.0576736528664763,0.0628282584895887,0.2556061764042156,-0.0238022652719276,-0.6314950593609608,-0.6339084243373084,0.7491735909346884,0.5016193472952543,-0.5304312133146517,-0.1431574021084254,1.147481659049598,-0.3804065023374441,-0.2468581738549772,-0.2640226996015949,-0.2825534104400021,-1.044453859829601,-0.9819421003211934,-0.7149552231343153,0.2281390813615703,1.4577604440294214,0.2764243333089678,-2.6320680294871166,0.3436418989757934,2.857605566292695,-0.0733397968130364,-1.0609283818760915,-1.0026891930939843,-1.3839460681468485,-0.3192014172508132,-0.3046797639723404,-0.5554179105937436,-0.7893398091962072,-0.3282945138603831,-0.2423706876803585,0.2952032542435408,-0.1779443254821881,0.2943303182203099,0.5861222986196464,-0.3955921395500131,0.7798541839516061,1.4264364571447392,-0.3265093763283164,-0.1430153156368054,-0.5804341646840308,-0.3960072216528099,0.2334900814069402,-0.1010713028870172,-1.177282890352541,-0.2119007062629193,-0.1692116299583508,0.1361535811064217,-0.0215448284235027,-0.5925715590632755,0.0022106141559231,-3.0443340880198906,0.5684625411887275,0.479564406493952,1.9140145136873785,-0.7423496020748679,0.9240754547529101,7,4,3,0,0,0,0,0,0,0,0,0,0,1,1,0,0,0,0,0,0,0,0,0,0,0,0,0,0,0,0,0,1,1,1,1,0,1,0,0,True
DE_001,51.111,10.425,0.4669788422889004,0.8276798677815204,0.4742510160501952,-0.9304638352930914,-0.2607225763684911,-0.0718759156901766,-0.1943867163163511,-0.0529786796282808,0.1346733158784853,0.1875445038299772,0.0305101036885646,0.1646104796212512,-0.1346118056877404,-0.153164736604387,0.0803624556519146,0.0727038493163126,-0.1705996233580647,-0.2600392711166176,-0.1306597093254055,0.8521480962870455,0.914833503029304,-0.9819421003211934,1.3073476911524553,0.7480576157987934,0.3301509180059569,0.2631458555717639,-0.6926591015185517,-0.8390456126185316,0.1721792159061685,-0.2816196267378215,-0.2099269684864401,0.7167818328141736,0.4531885570304705,-0.4648822692881125,-0.7984112979996244,-0.0279973446407521,0.8819730760605554,-0.1690423043535571,0.2217202703443639,-1.3597677972056803,-1.086136558007371,0.2943303182203099,0.2104153711334934,-0.6230949503862326,0.0911740529850052,0.4646492049246332,-0.1150769896705316,0.7049989510765494,0.2505688935959755,1.2446369917879374,-0.7130232021157417,0.2961348348341864,1.0315624693150771,-0.6206317480899259,-0.3144365635138281,0.300990692839752,-0.6732685115054926,-0.3820151793208836,0.3332237653048701,-0.5630351800009056,0.1658443712120074,0.22987219927851466,0.476726279723534,-0.24387962780867395,-0.505259792894981,7,3,2,0,0,0,1,0,0,0,0,0,0,0,0,0,0,0,0,0,0,0,0,0,0,0,0,0,0,0,0,0,0,0,0,0,0,0,0,0,True
DE_002,51.031,10.51,0.4669788422889004,1.4325902790139369,-0.511579077331815,-0.6828130407279324,-0.2607225763684911,0.1768767843449641,-0.1770463809361754,-0.3156040890176396,0.3195614938873006,1.1737506756246667,-0.1649071104366921,0.6483868476047854,0.2086798206567162,-0.2619470949196167,0.3038823134122547,0.7506406216096161,1.302508383502401,1.2273185579543706,1.8399809881315776,0.0807523101803391,0.3766042976775643,1.0845876314500258,1.7372925654227147,1.060489346630247,-0.5817485388406481,0.2181640663130817,-0.3728110079680477,0.5422420978932917,0.2998219400260301,0.2802061745956699,-0.2099269684864401,0.2869140763371341,-0.465378755558189,-0.2900652468433534,0.1890517700549435,0.3236163659945755,1.4390773711461429,0.1494621146600948,0.6858112283690864,0.3172695349295305,-0.6048969893346497,1.583346173400541,-0.4749333380031209,0.2150733000629971,-0.09303517927112,0.7573670642959698,2.336896285088266,0.3055211560132335,-0.2684298549121066,2.1938178461508357,-1.3884985283765978,0.7178048920051172,2.0453644521240912,-0.6283363535682681,-0.461044017120808,0.1464592662323762,-0.4196850992281267,-0.3602104549784236,0.1606140498084083,-0.5212093538915422,0.10140854283874756,0.16713898117967102,0.46213639594799366,-0.08210622327802276,-1.1670381900677291,6,3,2,0,0,0,1,0,0,0,0,0,0,0,0,0,0,0,0,0,0,0,0,0,0,0,0,0,0,0,0,0,0,0,0,0,0,0,0,0,True
DE_003,51.032,10.514,0.4669788422889004,0.8365453435807912,-0.4203823154061003,-0.3815647603090704,-0.2607225763684911,0.0939592176665842,-0.2117270516965268,-0.3024728185481717,0.5044496718961159,1.365798094240159,-0.0867402247865894,0.5274427556089019,0.9790900983832288,-0.280463241015826,0.3932902565163907,0.7341055783829498,0.7345419925441741,0.6538580551896674,1.157374049393704,0.3137888001039037,-1.1998396121339083,0.6165971393812738,0.4567269715801114,1.7367356754751109,0.7641057671135684,0.3565523964830968,-0.1490041018346492,-1.01196606177116,1.154825448210203,0.3356816523374895,-1.0609283818760915,-1.4325569495710238,-1.3839460681468485,-0.144384394806054,-0.0578139969586984,-0.0279973446407521,0.3248687809749678,2.14011473349542,2.542175060467976,-1.2494363937757325,-0.5732396590292657,0.2943303182203099,1.047343456930503,0.2390209643615465,-0.412386795998392,1.1650812255631886,0.0699551419530558,0.5227810094687211,-0.67612928597667,2.1938178461508357,-1.3884985283765978,0.7178048920051172,2.0453644521240912,-0.6283363535682681,-0.461044017120808,0.1464592662323762,-0.4486733214811216,-0.3822717167576073,-0.1722640806005394,-0.5212093538915422,0.10140854283874756,-0.923637194522774,0.43826623799877074,0.011592008678077977,-1.3953215195940396,6,3,8,0,0,0,1,0,0,0,0,0,0,0,0,0,0,0,0,0,0,0,0,0,0,0,0,0,0,0,0,0,0,0,0,0,0,0,0,0,True
DE_004,51.086,10.596,0.4669788422889004,-0.404383800215413,1.919746537708747,-1.0863146806832913,-0.2607225763684911,-0.3759069935109047,-0.2203972193866147,-0.3287353594871076,-0.1585065092497788,1.1737506756246667,0.1477604321637187,-0.1780644477004187,-0.3062576188599685,-0.2063986566309887,-0.4717315930161254,0.8498508809696117,-0.198154773483484,-0.1078904384600809,-0.0702816560776669,0.6623109827779423,-0.623228086831647,-0.9819421003211934,0.5609758562232795,1.1894343241928014,-0.2992044562206737,0.1320793176657435,-0.6958400770710566,0.2027555816818453,-0.5226701560481335,-0.8755857842412704,-1.0609283818760915,-0.5728214366169448,-0.465378755558189,-0.3192014172508132,-0.3046797639723404,-0.2038041999584159,0.3248687809749678,-0.1690423043535571,0.6858112283690864,-0.0063692484649839,-0.5160638723560435,-0.994685536959921,-0.99234074183779,-0.2878276502065407,0.3903529007620386,0.841000738402066,0.2055651771432595,0.1863786557311919,0.2669692222035326,1.3129091459277935,-1.5233640813840204,1.469412461603324,1.375441239046903,-1.261875365107118,1.0141576649617292,2.0040478205167034,-0.20496625961436,-0.4306372015396738,0.619294559372754,-0.5212093538915422,0.10140854283874756,-0.3682737467135739,0.10191401235063051,0.4083287027468223,0.0850180306912581,6,5,8,0,0,0,1,0,0,0,0,0,0,1,1,0,0,0,0,0,0,0,0,0,0,0,0,0,0,0,0,0,0,0,0,0,0,0,0,0,True
DE_005,51.116,10.341,0.4669788422889004,0.1576240406312445,1.445047833286335,-1.1296013026803864,-0.2607225763684911,0.1492375954521712,-0.1597060455559996,-0.026716138689345,-0.1796365867365005,0.4183641624037306,-0.0606845962365551,-0.1579070990344381,-0.5098375368084253,0.0829161261222816,0.2591783418601867,0.965596183556273,-0.2094567337028776,0.0646090542961552,-0.0523899693739512,1.6572866589636055,0.1931813635455101,0.9037118736744184,1.6979084227233168,1.721743956658433,0.1223917411194439,0.403697262975358,-1.6482412937790996,-0.1102973541905982,0.659722059257861,-1.032903771867365,-0.2099269684864401,-0.1429536801399053,-0.1591896513619691,-0.0569758835836744,0.4359175370685855,1.026843787265231,1.4390773711461429,1.5827320002215288,3.0062660184926986,-0.5506708387193946,-0.847924175215146,1.583346173400541,-0.0714420033898078,-0.3357229788036395,-0.3027258038854413,0.6319165531368255,-0.0816383728967274,0.9432839516406324,-0.2148501405777088,-0.4708330958788298,-0.1909778210540361,0.5824603124392049,0.2079912154088808,0.3261715753392601,-0.7563909902005567,-0.9969885289197186,-0.7443925770431403,-0.3820151793208836,-0.4665773543806356,-0.6204005986363694,0.208334758869411,0.35651635365028306,0.37247324945400756,0.7767199904939288,1.378940418173317,6,3,2,0,0,0,1,0,0,0,0,0,0,0,0,0,0,0,0,0,0,0,0,0,0,0,0,0,0,0,0,0,0,0,0,0,0,0,0,0,True
DE_006,51.12,10.346,0.4669788422889004,0.8315585134437016,0.7122523215636457,-1.0801851809712986,-0.2607225763684911,-0.0718759156901766,-0.1163552071055604,-0.2039882900271621,0.1610859127368875,0.0257338843453905,-0.6339084243373084,0.325869268949096,-0.3341999605391685,0.0088515417374443,0.0133064983238126,0.6679654054762859,-0.0791313271290107,-0.0544253553669992,0.0852417114718119,1.0857428206407254,-0.1198063171341626,-0.133217524441699,0.5609758562232795,1.3768748805843092,0.5899667506247752,0.2344764440437985,-2.070541100629768,-0.6867732392804314,-0.040809960282849,0.0442749103832625,-0.7772612440795411,-0.1429536801399053,-0.1591896513619691,-0.4066099284731928,-0.5515455309859825,-0.2038041999584159,0.3248687809749678,-0.0097900948467311,1.1499021863938088,-1.3818340778916702,-0.7191281926038875,0.2943303182203099,0.0745804918451554,0.1911256357644477,-0.0561781653244437,1.0187222958775204,0.1914244685573224,-0.1570320803758691,-0.3031412300232469,0.595752567687406,-0.9397785329176498,1.0409460296998168,0.2079912154088808,0.2215420002227992,-1.4233897528548882,-0.9699626809279036,-0.5728996474737484,0.4242699752259363,-0.3476555016386364,-0.6204005986363694,0.208334758869411,1.0220228478675555,0.3213163152030619,1.1677480055246714,-0.018457413947670476,7,3,7,0,0,0,1,0,0,0,0,0,0,0,0,0,0,0,0,0,0,0,0,0,0,0,0,0,0,0,0,0,0,0,0,0,0,0,0,0,False
DE_007,51.069,10.464,0.4669788422889004,1.4942528294392252,0.2264320608088293,-1.177021773320453,-0.2607225763684911,-0.7352164491172194,-0.1510358778659118,-0.1711601138534923,0.081848122161681,0.8536716445988463,-0.0606845962365551,0.325869268949096,-0.6255986666222536,0.3537147627793427,0.1697703987560506,0.8746534458096101,0.0029449351793366,0.1740247355882528,-0.0313296640974892,-0.0528955028172669,0.6055170059654016,0.4829416292179727,3.008589130287939,1.347153018136823,0.5455418984140253,0.234211316875204,0.3089661941069406,-0.2867637613430566,-0.637184293473427,-1.365196479118154,0.3574073071066607,0.2869140763371341,-0.1591896513619691,-0.4066099284731928,-0.3046797639723404,3.663946617030188,4.781703141659667,1.5827320002215288,1.6139931444185314,-0.3962068739174672,-0.5404989980290206,1.583346173400541,-1.5563642065191388,0.5623144323919638,2.475049313066949,-1.009394301195312,-0.4184303806475797,-0.5004428164829301,-1.208901125985273,0.8414318145200942,-1.3741250342610236,1.539462136059327,1.1381328946105262,-0.4971913589361559,-0.2381866550596758,0.0973638942503504,0.431429668916528,-0.2952803287515246,0.5329362813883942,-0.5505785908575366,0.1667885547338789,0.7207895162258293,1.160465484888024,-0.5608928042137663,-0.44907751693290143,6,3,2,0,0,0,1,0,0,0,0,0,0,0,0,0,0,0,0,0,0,0,0,0,0,0,0,0,0,0,0,0,0,0,0,0,0,0,0,0,True
DE_008,51.055,10.479,0.4669788422889004,0.9604245366688224,0.6643912791400577,-1.1278432291195823,-0.2607225763684911,-0.7904948269028069,-0.1510358778659118,0.4788377743851704,-0.2007666642232222,0.2903325499934023,0.0826213607886331,0.0235090389593871,-0.6535410083014536,0.45786808457052,0.7285700431569009,0.8829209674229436,0.2271791305430285,0.2244388365199593,0.4726761503633693,0.3156518480286916,0.197107599983403,1.3316662050961328,1.3073476911524553,2.363618291574657,0.3045495987427092,0.4207216366549816,-0.2642159222802785,0.3065719902303396,-0.2144655221597196,0.650179801609122,-0.7772612440795411,0.7167818328141736,0.4531885570304705,-0.2026567356209737,0.6827833040822275,-0.0279973446407521,0.8819730760605554,3.1752540952897883,5.790811766641033,0.5967757569520656,0.212536204976618,-2.283701392140152,-2.3908225672381787,2.0590434510513025,3.0917596781170977,-0.7794016974035475,-0.4178545146870664,-0.2060907569625921,-1.135577326725273,1.085623235971788,-1.5345532707158218,1.6279154327996876,1.1591110685677124,0.0012933006070261,-1.0702935818351889,-0.7131080257331546,0.5955470254431445,0.5045384910031159,0.6532722816271296,-0.5505785908575366,0.1667885547338789,0.043434771067585455,0.9930050150972476,-0.24767441445243216,-1.301338519894595,6,3,7,0,0,0,1,0,0,0,0,0,0,0,0,0,0,0,0,0,0,0,0,0,0,0,0,0,0,0,0,0,0,0,0,0,0,0,0,0,True
DE_009,51.276,10.418,0.4669788422889004,1.1889480066018223,0.3750774137205493,-1.0877401457325917,-0.2607225763684911,0.287433539916138,-0.2030568840064389,-0.2959071833134377,0.2139111064536919,2.727200906203316,-0.6339084243373084,0.5476001042748825,-0.3621423022183684,-0.2110276931550411,0.1250664272039826,0.940793618716274,0.1993047959433889,0.4118785928320837,0.5774455243761651,-1.2084718855625265,-1.1998396121339083,-0.9819421003211934,1.836906935580875,0.8858767713697265,0.2435045856918936,0.3637514004087916,-0.4634644426869066,-0.0598042776006444,0.2942237470529311,-0.7127997731847046,-1.0609283818760915,-1.4325569495710238,-1.3839460681468485,-0.3192014172508132,-0.3046797639723404,0.1478095106769117,1.4390773711461429,2.777123571522724,1.1499021863938088,-0.6021588269867036,-0.8656185765645432,-0.994685536959921,-0.7935278730612226,-0.3237491466543648,0.1820273507383349,0.2869276474491788,0.0316920481322849,-0.9139373762853096,-1.533006649098696,0.0647431002117847,-0.7755766933771499,1.1256642377178618,0.3362527705397491,-0.6011248038869417,0.5953411252778588,0.4228804563384957,-0.9548142997893988,0.7419984424123043,-0.0285534868115915,-0.6651119032912088,0.1520610508381015,0.9647883553125252,0.311389653773501,0.8994235916662341,0.7165860157568269,6,3,2,0,0,0,1,0,0,0,0,0,0,1,1,0,0,0,0,0,0,0,0,0,0,0,0,0,0,0,0,0,0,0,0,0,0,0,0,0,True
DE_010,51.205,10.39,0.4669788422889004,-0.3385259799922556,1.5279609532541207,-0.8830908801546679,-0.2607225763684911,-0.514102937974872,-0.2377375547667904,-0.2893415480787037,-0.3830135825461973,-0.6656368226703816,0.395288903389044,-0.2385364936983605,-0.621606903525225,0.2773356601324793,-0.7064274436644825,-0.99380643880364,-0.2020892922006253,-0.2918335491123326,-0.4593233539848674,-1.2084718855625265,-1.1998396121339083,1.706277166948921,1.9407131656936845,1.3047814844797796,1.0031116979285997,0.4944318796013164,0.0975595514810448,-0.1192478895631053,-2.1162255705792465,-0.5706647995864861,-1.0609283818760915,-1.8624247060480632,-1.6901351723430684,0.292658161305844,1.1765148381095116,2.9607191957595327,2.553285961317318,1.5031058954681158,3.470356976517421,-0.1240560787902619,-0.5134157306574942,0.2943303182203099,-0.5919365635719392,-1.521132361581836,-1.306738165284718,0.9559970402979482,-0.2450563354690499,1.363786893812544,0.3596390401607972,1.7677806004644616,-1.5743316539365038,1.2622689012898305,0.8578390260446797,0.2026601069606981,-1.1176676737590931,-0.7467854325762829,-0.7526657082118196,1.1890639199859534,-0.394488409633716,-0.7248857601197234,0.20539840655322314,1.4263581536908838,0.46499896808116936,0.09865761354378391,-0.5710843358986076,6,3,2,0,0,0,1,0,0,0,0,0,0,0,0,0,0,0,0,0,0,0,0,0,0,0,0,0,0,0,0,0,0,0,0,0,0,0,0,0,True
DE_011,51.282,10.229,0.4669788422889004,-0.2038815662908239,1.3322215618038065,-0.8427027037578174,-0.2607225763684911,-0.320628615725318,-0.1683762132460875,-0.1317663024450885,-0.4992290087231669,-0.9345032087320708,0.6428173746143694,-0.4199526316921858,-0.6335821928163108,1.2054574832049707,-0.5969027133619158,-1.696545775936942,-0.3178780178507955,-0.4087423343554273,-0.5959446022306267,-1.2084718855625265,-1.1998396121339083,1.7782151022532695,0.6928688319250685,1.5738663916167774,1.0663277084583849,0.2247303843161203,0.4132694897203979,0.3177686426131976,-0.945696872301388,-1.4771347914805997,-1.0609283818760915,-1.8624247060480632,-1.6901351723430684,-0.3192014172508132,-0.0578139969586984,0.1478095106769117,0.3248687809749678,1.1049753717010509,3.0062660184926986,0.0230524591163355,-0.5677026354777537,-0.994685536959921,-0.6181773925253682,-1.856399661761528,-1.4185226067608514,1.1546270162999266,-0.2363799549973166,-0.8578703173290548,-1.0303286159525034,0.766965186912376,-1.6145060186938247,1.9465635238503525,1.0291586941422397,0.8165605342972854,-1.7094738415895694,-0.9413290173752464,-0.0611150622031234,1.4725612163149249,0.9365596186702264,-0.7140089849334322,0.21573988108096628,1.4188755821883168,1.2765843383547464,-0.0754735961876278,-1.636166622529122,6,3,2,0,0,0,1,0,0,0,0,0,0,0,0,0,0,0,0,0,0,0,0,0,0,0,0,0,0,0,0,0,0,0,0,0,0,0,0,0,True
DE_012,51.285,10.222,0.4669788422889004,0.1425052381521299,1.058017672918668,-0.8807626205741436,-0.2607225763684911,-0.3759069935109047,-0.1423657101758239,-0.033281773924079,-0.3803723228603571,-0.7424557901165786,0.1998716892637872,-0.6618408156839529,-0.6615245344955107,1.0017798761466683,-0.0157510831850315,-0.6300354878169891,-0.0905098089679843,-0.179174723570097,-0.3105461553790017,-1.2084718855625265,-1.1998396121339083,1.4035483562045687,2.3093852113733746,0.9991419363921068,0.0775283428132067,0.2559384312228247,-0.1849780386377228,0.3306968298499275,-0.1386639253299876,0.3098935267143195,-1.0609283818760915,-1.8624247060480632,-1.6901351723430684,-0.3483375876582731,-0.3046797639723404,0.851036931947567,1.9961816662317304,-0.1690423043535571,0.2217202703443639,-0.293230897382849,-0.5577119190695906,-0.994685536959921,-1.9141656271900107,0.8496864039745567,1.1336360153533451,0.5378286697674673,-0.2705224079450814,-0.703685905199354,-0.7926034643885926,0.8828254831030278,-1.5153419965048442,1.725536598080995,1.682819921795551,0.9412118201998648,-2.0348017046134603,-1.1051136008706175,-0.1159492887385303,1.4725612163149249,0.7359170650331144,-0.7140089849334322,0.21573988108096628,1.3522315275320935,1.2694740785400844,1.0876120110519154,-1.468892270198917,6,3,2,0,0,0,1,0,0,0,0,0,0,0,0,0,0,0,0,0,0,0,0,0,0,0,0,0,0,0,0,0,0,0,0,0,0,0,0,0,True
DE_013,51.102,10.4,0.4669788422889004,0.4190764206758232,0.8801494719886997,-0.936593335005084,-0.2607225763684911,-0.873412393581187,-0.2203972193866147,-0.1777257490882262,-0.3539597260019549,-0.40103815702237,0.395288903389044,-0.1780644477004187,-0.2703317509867114,0.568964961147776,-0.3420900755151281,-0.4316149690969985,-0.3161125928683821,-0.4069598318797084,-0.4935738548340386,-1.2084718855625265,-0.8543230204424629,0.6279998107113315,0.4084791557476117,0.3419535336825918,0.1478065868677501,0.0266508687377993,-0.4898665862293931,-0.0525978335848852,0.7242516132825622,-1.5391188541517062,-1.0609283818760915,-1.0026891930939843,-1.0777569639506288,6.0907560723903575,2.6577094401913635,1.202650642582895,1.4390773711461429,6.12141997116607,3.0062660184926986,-0.5874479731960439,-0.4682769517049503,1.583346173400541,0.6105108337645979,-0.9463884184166498,0.2885790062837677,0.0987518807104624,-0.2001131965063251,-0.1360069332672735,-0.6899819907228589,0.6154728900377031,-1.7165395048225272,2.1941122444631205,0.8173169334312819,0.6386878022942305,-1.3446603418197314,-0.95707288162304,-0.1221058952770972,1.3172622047494544,-0.0501324598346133,-0.6204005986363694,0.208334758869411,1.4070757743348015,1.0152130343884975,-0.02318803586558469,-0.24618194752574626,6,3,2,0,0,0,1,0,0,0,0,0,0,0,0,0,0,0,0,0,0,0,0,0,0,0,0,0,0,0,0,0,0,0,0,0,0,0,0,0,True
DE_014,51.104,10.405,0.4669788422889004,-0.0819021180169225,1.3407353049272337,-0.9211983124726376,-0.2607225763684911,-0.5970205046532525,-0.1943867163163511,-0.2105539252618961,-0.4173499584621202,-0.7296526288755458,0.3562054605639926,-0.3393232370282634,-0.6255986666222536,0.3467712079932643,-0.7019570465092757,-1.5890679949636133,-0.4814478031750382,-0.5738943800088712,-0.6684826478217092,-1.2084718855625265,-0.8825531653870293,2.584563232195017,2.5245324720840325,0.888329917213402,0.4863861529843388,0.5342290040498475,0.7773614825274047,-0.4299486507551809,-1.6119363228738002,-1.2451202552628124,-1.0609283818760915,-1.0026891930939843,-1.3839460681468485,1.5455134888266182,4.385769809286857,1.202650642582895,2.553285961317318,-0.2884814614836766,-0.2423706876803585,-0.8595987683232492,-0.3984623069250158,-2.283701392140152,0.3496461224040398,-1.2457342221485177,-0.2429658718072912,0.4228323678715851,-0.131853884653485,1.1395186579875245,-0.1713016951974479,0.7099396789394675,-1.6771829036352053,2.0761603025961186,1.248077866482352,0.7457669013682067,-1.3696597606510277,-1.1681960590713658,-0.0629750105921341,1.3172622047494544,-0.0795170926717968,-0.5630351800009056,0.1658443712120074,1.366481047203371,0.9450338466074168,0.32370496059101306,-0.2130925215113587,6,3,2,0,0,0,1,0,0,0,0,0,0,0,0,1,1,0,0,0,0,0,0,0,0,0,0,0,0,0,0,0,0,0,0,0,0,0,0,0,True
DE_015,51.106,10.409,0.4669788422889004,-0.1094484178218009,1.3790087987884034,-0.9283731532207838,-0.2607225763684911,0.2045159732377575,-0.2550778901469661,-0.0989381262714187,-0.427914997205481,-0.8406133596311636,0.4864836033141638,-0.2385364936983605,-0.5816892725549394,0.5018439315490173,-0.6863106564660518,-1.713080819163608,-0.4594454099185549,-0.5516791509042009,-0.6385518985314373,-1.2084718855625265,-1.1998396121339083,2.1497088113076708,0.8460389784304889,1.050549509345949,-0.6940730751549115,-0.5551494067608029,0.4604307900701669,-0.0313515368302883,1.7092665735417405,-0.8260829208845364,-1.0609283818760915,-1.8624247060480632,-1.6901351723430684,0.0887049684536249,1.6702463721367955,0.3236163659945755,0.3248687809749678,-0.2884814614836766,-0.2423706876803585,-1.0140627331251766,-1.18122891900073,0.2943303182203099,-0.0624892499821674,-1.018231411312298,-0.3990394000012417,-1.563467392148199,-0.4236259713135439,-2.1474126733229166,-0.6663368567595364,0.7099396789394675,-1.6771829036352053,2.0761603025961186,1.248077866482352,0.7457669013682067,-1.3696597606510277,-1.1681960590713658,-0.0874096926425033,1.3172622047494544,0.0765848941192673,-0.5630351800009056,0.1658443712120074,1.363343849653448,0.8221740974722485,-0.4608589284698257,0.9883501488493864,6,3,2,0,0,0,1,0,0,0,0,0,0,0,0,1,1,0,0,0,0,0,0,0,0,0,0,0,0,0,0,0,0,0,0,0,0,0,0,0,True
DE_016,51.271,10.31,0.4669788422889004,1.3467059822084966,-0.0131799528631068,-0.9400144511234056,-0.2607225763684911,0.3150727288089315,-0.1076850394154725,-0.1055037615061526,0.1610859127368875,-0.1236363301333255,-0.6339084243373084,0.6483868476047854,-0.5617304570697966,0.1106903452665955,0.3262342991882888,-0.3158696665103365,-0.3179807558616038,-0.4088460661822908,-0.5671176040743191,-1.2084718855625265,-0.8543230204429615,-0.9819421003211934,0.2419930863838808,1.3496501979967734,0.3304158620697361,0.1589132584119928,0.1421914208208687,0.6211170708839013,2.12765042637499,-0.564636183867403,-1.0609283818760915,-1.0026891930939843,-0.465378755558189,-0.3192014172508132,-0.3046797639723404,0.1478095106769117,0.8819730760605554,0.1494621146600948,1.1499021863938088,0.5085106342081072,-0.7306837200157387,0.2943303182203099,-0.9182489894986966,-0.9583622505659244,-0.8050732532327339,-0.9257606270892156,-0.3908400026283215,-0.6896691404602903,0.0161874983501105,1.1565318148871586,-1.6207396430538856,1.7130185106432692,1.416097245549659,-0.5336887877917558,-0.6285449621106726,0.1842055164565309,-0.492797095463368,1.3745082169505134,-0.0648249514015202,-0.7248857601197234,0.20539840655322314,0.98451281410144,0.9369540059089372,0.1261285690301209,1.4659222715358233,3,3,2,0,0,0,1,0,0,0,0,0,0,1,1,0,0,0,0,0,0,0,0,0,0,0,0,0,0,0,0,0,0,0,0,0,0,0,0,0,True
DE_017,51.243,10.313,0.4669788422889004,0.7413997908064699,-0.1506270490539232,-0.4915156311117907,-0.2607225763684911,-1.2603610380802954,0.0310376436259332,-0.1908570195576942,0.081848122161681,0.4610413665405066,-0.1258236676116408,0.3661839662810572,-0.5417716415846537,0.4902713402388864,0.4379942280684588,0.5026149732096266,1.471938776142533,1.3983879023624228,0.3109962688841702,0.6616842770637391,-0.8825531653880263,1.459530782241416,0.5007768296337936,1.585538085754309,-0.5371878712690685,-0.0992344661218363,-0.9251015044868962,0.4155317386171489,-0.6209606445002082,0.6981202699953512,-1.0609283818760915,-1.0026891930939843,-0.465378755558189,-0.2317929060284336,0.6827833040822275,0.851036931947567,1.4390773711461429,0.3883404289203338,1.6139931444185314,0.5599986224754163,-0.1949165063683446,-0.994685536959921,-1.0926733231303123,1.8794359688121816,0.9288748267606988,-1.3334747883564346,-0.4122238252953811,-0.3602751690922929,0.5476059131823621,0.3127627364100405,-1.0339854944539204,1.358741628476571,0.9763607444937992,1.263078949476452,-1.4324107747432184,-2.024943554455202,-0.5394221055313951,1.3745082169505134,-0.0955890523690349,-0.7248857601197234,0.20539840655322314,1.2677575159083652,1.0119810981091057,-0.47552660380156964,0.4186212364102712,6,3,2,0,0,0,1,0,0,0,0,0,0,0,0,0,0,0,0,0,0,0,0,0,0,0,0,0,0,0,0,0,0,0,0,0,0,0,0,0,True
DE_018,51.194,10.354,0.4669788422889004,1.011401022514632,-0.0056633147901716,-0.7433477898215649,-0.2607225763684911,-0.7628556380100131,0.0657183143862846,-0.0923724910366847,0.1610859127368875,0.0086630026906801,-0.1258236676116408,0.225082525619193,-0.5697139832638537,0.7494973855858168,1.197961744453615,0.3537995841696333,0.977667431526654,0.8993353205584143,0.175073081878676,0.8967169991864734,-0.8543230204429615,-0.0454874210032558,0.1983309062110967,1.9034484061163115,-0.3226430412440043,0.0574098404853663,0.594465301645543,-0.0842907611189228,-0.2466262222084111,-0.2404030932783528,-1.0609283818760915,-1.0026891930939843,-1.0777569639506288,1.8660113633086768,0.9296490710958696,1.90587806385355,0.8819730760605554,2.219740838248833,3.9344479345421433,-0.0725680905229528,-0.7758224989682826,0.2943303182203099,1.227633387622297,0.0354658178238764,-0.2652620901207127,-1.9084562978358457,-0.4654722311108419,-1.4535828187392628,-0.9332800694835124,0.5565820890410261,-1.190975160360154,1.4422679182083888,1.2475893519513916,0.3876165371331505,-1.2132109637410673,-1.5833670464042766,-0.3891574195285221,1.3745082169505134,-0.0795170926717968,-0.6204005986363694,0.208334758869411,0.7444906593616598,0.9029263339387684,-0.10827375204759059,-0.5409053054479416,6,3,2,0,0,0,1,0,0,0,0,0,0,0,0,0,0,0,0,0,0,0,0,0,0,0,0,0,0,0,0,0,0,0,0,0,0,0,0,0,True
DE_019,51.134,10.426,0.4669788422889004,-0.3024308285237942,1.6074225557394364,-0.9540315241081948,-0.2607225763684911,0.6191038066296598,-0.2377375547667904,-0.1120693967408865,-0.2351030401391451,-0.2132584588205553,0.291066389188907,-0.2183791450323799,0.0410257705815165,-0.2480599853474597,-0.5656099332754682,0.8333158377429454,-0.5850014700751967,-0.6784497530539305,-0.6524931094893129,0.0538491699326317,-1.1998396121339083,-0.9819421003211934,-0.7149552231343153,0.2281390813615703,0.6978235343751433,-0.0183681416367673,0.5623869998961462,0.7286022288134788,0.0131389622565957,1.1207848310432778,-1.0609283818760915,-1.0026891930939843,-0.7715678597544089,-0.3192014172508132,-0.3046797639723404,-0.5554179105937436,-0.7893398091962072,-0.4079206186137961,-0.2423706876803585,1.3396738733803828,-0.4167585586604469,0.2943303182203099,-0.6740549224144344,0.3467854537050189,-0.2839181095258205,-0.3298706990832805,-0.3840575813156096,-0.1500236980063372,0.5953738605830139,1.1015063455387466,-1.7671170785622494,1.966953770117544,1.2031687381664968,-0.9116151135648832,1.109199948529585,0.9394592174657644,-0.3692762776807786,-0.541677905946581,0.3805351784970122,-0.5630351800009056,0.1658443712120074,-0.21727461256450234,0.15427138007677893,-0.5263437466832019,-0.9227137725056863,3,3,7,0,0,0,1,0,0,0,0,0,0,1,1,0,0,0,0,0,0,0,0,0,0,0,0,0,0,0,0,0,0,0,0,0,0,0,0,0,True
DE_020,51.241,10.376,0.4669788422889004,-0.1792640397410618,1.3770145886874208,-0.8852290777286187,-0.2607225763684911,0.7849389399864207,-0.2203972193866147,-0.2039882900271621,-0.2139729626524233,0.3586160766122442,0.2780385749138899,-0.1780644477004187,0.1767457158804876,-0.2920358323259568,-0.4650259972833151,0.1967166735163074,-0.5315594914158511,-0.6244908138656029,-0.6049739911411672,-1.2084718855625265,0.656002606849255,-0.0577033698323529,-0.7149552231343153,1.3178888225385754,0.1874440915854673,0.3015491307133339,-0.6380253821790802,0.5262900792444729,0.9448734914385712,0.2393983936670287,-0.4935941062829906,0.2869140763371341,0.1469994528342507,-0.4357460988806527,-0.5515455309859825,-0.5554179105937436,-0.7893398091962072,0.5475926384271599,1.6139931444185314,0.5452877686847566,1.117237705262804,0.2943303182203099,-0.2764291848612997,-0.6709902789833314,-0.4301327656764214,-0.8943979992994296,-0.3935273771107168,-0.1850656098539965,-0.1302212604328873,0.6449992728670301,-1.186784262284,1.3808508851598609,0.6053863139713108,-0.7969859983579642,0.901177183725627,1.3802944099470975,-0.4766997650949454,-0.3820151793208836,-0.0859446855421488,-0.7248857601197234,0.20539840655322314,0.09964470682683887,0.25986335537633926,-0.6542610547225838,0.37807006232625195,6,3,2,0,0,0,1,0,0,0,0,0,0,0,0,0,0,0,0,0,0,0,0,0,0,0,0,0,0,0,0,0,0,0,0,0,0,0,0,0,True
DE_022,51.224,10.405,0.4669788422889004,-0.5328540432709234,1.8523268962178272,-0.9674784110732638,-0.2607225763684911,0.2045159732377575,-0.2203972193866147,-0.2762102776092358,-0.1320939123913766,0.2305844642019158,0.3301498320139584,-0.0974350530364963,1.078884175808943,-0.2827777592778522,-0.4963187773697627,0.783710708062948,-0.5930904475717934,-0.6713216887861503,-0.6426279630449593,-1.2084718855625265,0.6019953743274201,-0.9819421003211934,-0.7149552231343153,0.2281390813615703,-0.3387859136596284,0.3167028750942749,0.0963465833233679,0.692125897370774,-0.5541502049288898,0.7664236628677036,-0.2099269684864401,0.2869140763371341,0.7593776612266905,-0.3192014172508132,-0.3046797639723404,-0.5554179105937436,-0.7893398091962072,-0.4079206186137961,-0.2423706876803585,0.4276009383594785,-0.5847951864411169,0.2943303182203099,0.0387694782145936,0.0594134821224258,-0.458116794784083,-0.4448670009791627,0.2103000750408131,-0.1990823745930602,-0.6785176833467026,1.1379312982136969,-1.1371852378184837,0.9990847037559648,1.7479429553916332,-0.5905008503374374,0.7742125121685759,0.79383406800816,-0.4277658746689717,-0.4075037429435341,0.4503314317982697,-0.6651119032912088,0.1520610508381015,0.5015050640143889,0.25169117364130533,-0.32734843489899157,-0.14589730873615692,6,3,2,0,0,0,1,0,0,0,0,0,0,1,1,0,0,0,0,0,0,0,0,0,0,0,0,0,0,0,0,0,0,0,0,0,0,0,0,0,True
DE_023,51.224,10.404,0.4669788422889004,-0.3554653712515775,1.9778087318027464,-1.1516484954429025,-0.2607225763684911,-0.0442367267973831,-0.2117270516965268,-0.230250830966098,0.0026103315864744,0.7512463546705838,0.069593546513616,0.4871280582769407,0.6916831553971724,0.031996724357706,-0.0761014447803234,0.5770226677296239,-0.576955729185883,-0.662453832604938,-0.6204300931370392,-1.2084718855625265,-1.1998396121339083,-0.9819421003211934,-0.7149552231343153,0.2281390813615703,1.17854032481421,0.1727012567344188,-0.2162088733076391,0.5106334392237578,1.528649936006245,0.5074625090843954,-1.0609283818760915,-1.0026891930939843,-1.0777569639506288,-0.3192014172508132,-0.3046797639723404,-0.5554179105937436,-0.7893398091962072,-0.4079206186137961,-0.2423706876803585,0.7071071603820137,-0.3375550478583832,0.2943303182203099,0.5484589911806071,-0.4913827967442108,-0.2526730688961278,2.1373226870465567,0.0007744445633944,0.4386804210343388,0.122391568070893,1.1379312982136969,-1.1371852378184837,0.9990847037559648,1.7180038146325467,-0.5905008503374374,0.7742125121685759,0.79383406800816,-0.4277658746689717,-0.4075037429435341,0.4503314317982697,-0.6651119032912088,0.1520610508381015,0.49331702192084503,0.256262054950731,-0.39293224754655287,-0.20703282486981542,6,3,2,0,0,0,1,0,0,0,0,0,0,1,1,0,0,0,0,0,0,0,0,0,0,0,0,0,0,0,0,0,0,0,0,0,0,0,0,0,True
DE_024,51.224,10.406,0.5056147589053237,0.1512915579174794,1.398874199409733,-1.0971957305596192,-0.2734135049698611,0.5085470510584859,-0.1683762132460875,-0.1711601138534923,0.1082607190200832,0.8109944404620704,0.3562054605639926,0.4468133609449795,0.5160455791279156,-0.1323340722461516,-0.3465604726703349,0.9325260971029412,-0.5436197429053934,-0.6181653112421914,-0.5473152137218474,-1.2084718855625265,-0.0481176398290902,-0.9819421003211934,-0.7149552231343153,0.6907964435491247,1.158711212381831,0.2280511064067653,-0.2550444938512846,0.4458714646439988,-0.1218170496360107,0.5655185669360532,-0.7772612440795411,-0.1429536801399053,-0.7715678597544089,-0.3192014172508132,-0.3046797639723404,-0.5554179105937436,-0.7893398091962072,-0.0894161996001441,0.2217202703443639,0.1333838625462836,-0.4726102744843945,-0.994685536959921,-0.8975650419706996,-0.5392781253413096,-0.8587661871303612,1.7400627350426,-0.0693148413417434,0.4526971857734025,-0.6121998497054643,1.1379312982136969,-1.1371852378184837,0.9990847037559648,1.7479429553916332,-0.5905008503374374,0.7742125121685759,0.79383406800816,-0.4277658746689717,-0.4075037429435341,0.4503314317982697,-0.6651119032912088,0.1520610508381015,-0.25532448217346654,0.24758199751465,-0.3372478783174913,-0.015632052549984676,6,3,2,0,0,0,0,0,0,0,0,0,0,1,1,0,0,0,0,0,0,0,0,0,0,0,0,0,0,0,0,0,0,0,0,0,0,0,0,0,True
ES_001,43.0629,-8.1223,0.4669788422889004,-0.7915359621282304,0.0206449184651015,0.3225674585437869,-0.2734135049698611,2.553847029125202,-0.1654861573493918,0.7742913599481991,0.4516244781793115,0.1025528517915875,-0.0867402247865894,0.0033516902934065,-0.2024717783372259,-0.2897213140639307,-0.0090454874522213,-0.539092750070327,0.4167505264040426,0.3329924954518985,0.4908051803343745,0.462368451382496,-0.5668280382995127,-0.9819421003211934,-0.7149552231343153,-1.0535879090813047,0.2851226192366873,0.0240653148496383,-1.578627922124605,0.5882082281182182,-2.185303720192968,-0.1065417440849581,-0.4935941062829906,-0.1429536801399053,-0.1591896513619691,-0.4648822692881125,-0.7984112979996244,-0.5554179105937436,-0.7893398091962072,-0.2884814614836766,-0.2423706876803585,0.4790889266267877,-0.3857030787410967,-0.994685536959921,-2.11853537739201,-0.7428332718789797,-0.1433912641694598,0.2973818567124408,-0.0726420668913756,-0.2761745806579107,-0.0447962478313883,-0.6110809960957493,0.1247155611493206,0.1962355880272371,0.1517820075882271,0.4091009499935745,-1.134697492911682,-1.791100453507495,1.8777022333393056,-0.1552755015490761,-0.361889454916411,0.14442639533103047,1.2565374199379864,0.9116793573071947,1.0883009648210311,-0.04297042363022021,-0.13177151405922838,2,8,2,0,0,0,0,0,0,0,0,0,1,0,0,1,1,0,0,0,0,0,0,0,0,0,0,0,0,0,0,0,0,0,0,0,0,0,0,0,True
ES_002,43.0638,-8.1265,-1.4648169885322622,-0.941220022274854,0.1817157343137145,0.3125892031986826,-0.3155102437451376,2.756534414339011,-0.1481458219692162,1.0697449455112278,0.1610859127368875,0.1964427008924949,0.0174822894135475,-0.0772777043705157,-0.3781093546064826,-0.1763099192246487,-0.2102133594365274,-0.2497294936036727,-0.167388598103958,-0.2567971846376914,-0.3110415765893637,1.2071860431188377,-0.5923261306153145,-0.9819421003211934,-0.7149552231343153,-1.0535879090813047,0.7623248195052675,0.3131446956614739,-1.6779902245152922,0.5119887690321203,0.008699777075614,1.6214409123266993,-0.2099269684864401,-0.5728214366169448,-0.1591896513619691,-0.3192014172508132,-0.3046797639723404,-0.5554179105937436,-0.7893398091962072,-0.2884814614836766,-0.2423706876803585,0.34669124251085,-0.3928049132962969,0.2943303182203099,0.0020323176797931,0.8496864039745567,-0.5117338912044538,-0.2148743971873982,-0.3435038206741304,0.4737223328819981,-0.3319612249549735,-1.0198631565576677,0.6126059455149049,-0.2809222066365645,0.0506603340339149,-0.0526128009860638,0.4973301941085039,-1.3395161852670738,1.5862799417388112,-0.1552755015490761,-0.4642769564091057,0.14442639533103047,1.2565374199379864,0.7497225128069128,1.1060766143576863,0.10162744656933381,0.8241552481034737,2,8,2,0,0,0,0,0,1,0,0,0,1,1,1,1,1,0,0,1,1,0,0,0,0,0,0,0,0,0,0,0,0,0,0,0,0,0,0,0,True
ES_003,43.0611,-8.126,0.4669788422889004,-0.1616914002103634,0.0579213072757808,-0.0786059218310477,-0.2341025797900074,2.166898384626066,-0.1857165486262641,0.3015656230473533,0.0290229284448766,0.3799546786806321,0.2259273178138214,-0.258693842364341,-0.5058457737113967,-0.2850922775398783,-0.5723155290082785,-0.3489397529636684,0.6465591621125368,0.5650241400545389,0.6783363335733673,0.755053396322778,-0.1162425899601064,0.6027850727810952,1.558111311470156,1.1760339576805503,-0.0312466232061552,0.31621682711745,-0.8058693236465528,0.2080209550990329,-1.9896273692403608,-0.04297538124578,0.0737401693101102,0.7167818328141736,-0.1591896513619691,0.8462453990475814,0.4359175370685855,2.9607191957595327,1.9961816662317304,2.538245257262485,1.6139931444185314,-0.2711646166968594,-0.7409151765783153,-0.994685536959921,-0.9988237701674608,-0.527304293192035,-0.6182855467498864,0.8932717847183761,2.08109662542827,-1.0611134060454788,-1.3358842528253394,-0.7924664582738513,0.3064976348037082,0.0365827761494787,0.1439728671056958,0.3752203840776233,-0.7528806461061505,-1.9289508810904228,1.5155407405628158,-0.1552755015490761,-0.6295717776705306,0.14442639533103047,1.2565374199379864,0.874097384105815,1.1000744469816728,0.12639255418794754,-1.5449755779478493,2,8,2,0,0,0,0,0,0,0,0,0,1,0,0,0,0,0,0,0,0,0,0,0,0,0,0,0,0,0,0,0,0,0,0,0,0,0,0,0,True
ES_004,43.0791,-8.1212,-2.237535320860727,-0.7631189459502091,-0.0111090423736245,0.3251808111341713,-0.2381265327611736,1.4943447882347676,-0.1163552071055604,-0.020150503454611,-0.0502148621303298,-0.2559356629573313,-0.1649071104366921,0.0638237362913483,-0.7054339285628248,-0.3753584897588987,0.4826981996205268,-0.9193987442836432,0.5114783893867445,0.4286366898913569,0.70057947504265,1.459023160750128,-1.0193332026613682,-0.9819421003211934,-0.7149552231343153,-1.0535879090813047,-0.1048983041597161,0.3912013008495272,0.3240884502497501,-8.428757237066664,-1.9519566195965643,1.4446290350508808,-0.4935941062829906,-0.5728214366169448,-0.1591896513619691,-0.3192014172508132,-0.3046797639723404,-0.5554179105937436,-0.7893398091962072,-0.2884814614836766,-0.2423706876803585,-3.500197023746674,-2.415744430833503,0.2943303182203099,0.3755782357227225,1.4004826828411934,2.108375110531599,-0.2880538620302323,-0.101499350023763,1.1745605698351838,2.1807124215649805,-0.6276478439822623,-0.0448006198354456,0.4609096132895456,0.3804147344448871,0.6968541950019786,-1.0565057722033735,-1.9827515088764267,1.6942808021484486,-0.054154883214858,-0.2324107126254555,0.14442639533103047,1.2565374199379864,-0.3540346698635443,1.2625485007985304,-0.07648003960184195,-0.02404638574151612,2,8,2,0,0,0,0,0,0,0,0,0,1,1,1,1,1,0,0,0,0,0,0,0,0,0,0,0,0,0,0,0,0,0,0,0,0,0,0,0,True
ES_005,43.0798,-8.1212,-3.010253653189192,-0.416652985473333,0.2024248392085364,-0.0150301806322407,-0.2659846687154006,2.093193880911968,-0.1654861573493918,0.4394439629767668,0.1082607190200832,-0.2260616200615881,-0.6339084243373084,0.0436663876253677,-0.713417454756882,-0.407761745427265,-0.0761014447803234,-0.8119209633103148,0.7475531260844092,0.6669950493856333,0.9981169415931658,0.9626024914032216,-0.5846469100598882,0.5338772042746556,-0.7149552231343153,-1.0535879090813047,0.5445024352765583,0.2261204980788035,-0.6857493963555833,0.7003364137548831,-1.0312202091756382,0.9356241228601472,-0.2099269684864401,0.2869140763371341,-0.1591896513619691,1.7494666816788371,0.6827833040822275,-0.3796110552760798,-0.2322355141106196,-0.2884814614836766,-0.2423706876803585,0.4496672190454682,-0.5380915964848848,1.583346173400541,-0.2606846874892423,0.0713873142717005,-0.3542952884198856,-0.3403249083465425,-0.3037562723773697,-0.3042081101360381,0.0932531201564954,-0.6276478439822623,-0.0448006198354456,0.4609096132895456,0.3804147344448871,0.6968541950019786,-1.0565057722033735,-1.9827515088764267,0.9766278814282068,-0.054154883214858,-0.5427938443230077,0.14442639533103047,1.2565374199379864,0.011512806982627112,1.2462964783650168,0.04318773225545663,0.10480062203256099,2,8,2,0,0,0,0,0,0,0,0,0,1,0,0,1,1,0,0,0,0,0,0,0,0,0,0,0,0,0,0,0,0,0,0,0,0,0,0,0,True
ES_006,43.0799,-8.1219,0.2737992592067841,-0.3617186979314204,-0.0186256804465603,0.0888862214617735,-0.2536032749579664,1.9549979364480008,-0.1712662691427841,0.1439903774137382,0.0290229284448766,1.0329159019733058,-0.6339084243373084,0.0033516902934065,0.1981335825543666,-0.4123907819513173,0.2815303276362207,-0.0017038452036839,0.541023935327887,0.4584680388929765,0.7369269196583706,1.6004373025992993,-1.051149099624242,-0.9819421003211934,-0.7149552231343153,-1.0535879090813047,0.7624003869679775,0.3453556350844005,-1.0135029404609472,0.631528285111569,-0.3241627809328858,0.3029804798721143,-0.7772612440795411,-1.0026891930939843,-0.1591896513619691,-0.3192014172508132,-0.3046797639723404,-0.5554179105937436,-0.7893398091962072,-0.2884814614836766,-0.2423706876803585,0.229004412185572,-0.7001097204052157,0.2943303182203099,-1.1099613986761008,-0.1561154965645189,-0.6175271719773211,0.3078360659757028,-0.1044042738690189,0.5017558623601255,0.2917289416062038,-0.6276478439822623,-0.0448006198354456,0.4609096132895456,0.3804147344448871,0.6968541950019786,-1.0565057722033735,-1.9827515088764267,0.9766278814282068,-0.054154883214858,-0.5427938443230077,0.14442639533103047,1.2565374199379864,0.6172057218749788,1.2526218393689694,-0.021785614714630596,-1.4238211252655006,2,8,2,0,0,0,0,0,0,0,0,0,1,1,1,1,1,0,0,0,0,0,0,0,0,0,0,0,0,0,0,0,0,0,0,0,0,0,0,0,True
ES_007,43.0614,-8.1247,0.2737992592067841,-0.6308492132664395,0.2416954381201982,0.0891713144716336,-0.2452458341716983,1.7799497401269848,-0.1308054865890404,0.5313628562630422,-0.2060491835949026,1.8949954255361827,-0.1909627389867264,-0.1982217963663993,0.5519714470011727,-0.3267536062563493,-0.0939830334011505,-0.2993346232836709,0.805023627756399,0.7250214807161148,1.0013428529575843,0.7251227167269592,0.7115942462938217,1.5747657774630557,2.767531217242848,1.6854681080220997,1.0048176931489354,0.4171121187480073,-0.8672913060701685,0.3639819059769427,-0.1493600910873138,-1.692719396598701,0.9247415826997616,1.146649589291213,-0.1591896513619691,3.701590098978648,2.6577094401913635,6.125242591477482,4.2245988465740805,12.889638875206174,3.0062660184926986,0.5011552073127773,-0.5231657069112436,-0.994685536959921,-0.4471489308759608,-1.137969732805045,0.4163651554610303,-0.3507791176098045,-0.368521997403096,0.7330324805546768,0.2175293966438579,-0.7924664582738513,0.3064976348037082,0.0365827761494787,0.1439728671056958,0.3752203840776233,-0.7528806461061505,-1.9289508810904228,1.5155407405628158,-0.1552755015490761,-0.6295717776705306,0.14442639533103047,1.2565374199379864,0.4576057641146991,1.1160494463055242,-0.038268188006432766,1.2068302538055822,2,8,2,0,0,0,0,0,0,0,0,0,1,0,0,0,0,0,0,0,0,0,0,0,0,0,0,0,0,0,0,0,0,0,0,0,0,0,0,0,True
ES_008,43.0612,-8.1256,0.4669788422889004,-0.8005597499953458,0.2104016796124676,0.210430874665472,-0.2257451390037393,1.208739836342578,-0.1019049276220812,0.3146968935168212,-0.1902016254798614,1.2761759655529297,-0.1388514818866579,-0.2385364936983605,1.1068265174881429,-0.4285924097855005,0.2815303276362207,-0.4150799258703322,1.1368152451259506,1.06002261940823,1.266362177306288,-0.5357910999655443,1.3767639860178862,0.0464545518462058,0.0399784638672377,1.0692189127366316,1.2783936767694404,0.426499770929975,-0.2652571748922368,0.1405244844241757,-1.0143829767465948,-0.8989574934289317,2.9104115472756145,2.866120615199371,-0.1591896513619691,0.7005645470102821,-0.3046797639723404,0.6752300766299032,0.3248687809749678,3.0956279905363755,1.6139931444185314,0.8321494176026216,-0.7280355783171895,-0.994685536959921,-0.0538452122092731,-1.7606090045673302,-1.2788299736543127,1.1023559699836163,-0.1985263658595774,1.1395186579875245,0.7385980895393016,-0.7924664582738513,0.3064976348037082,0.0365827761494787,0.1439728671056958,0.3752203840776233,-0.7528806461061505,-1.9289508810904228,1.5155407405628158,-0.1552755015490761,-0.6295717776705306,0.14442639533103047,1.2565374199379864,1.1653470885560757,1.101875097194477,0.10900253191611614,1.6380972238395846,2,8,2,0,0,0,0,0,0,0,0,0,1,0,0,0,0,0,0,0,0,0,0,0,0,0,0,0,0,0,0,0,0,0,0,0,0,0,0,0,True
ES_009,43.009,-8.0728,0.4669788422889004,-0.1217967591136431,0.2498256793011278,-0.2214375197709687,-0.2257451390037393,2.7473213513747563,-0.0556640332749462,1.122270027389099,0.9534638184889528,0.8707425262535571,-0.1388514818866579,0.1444531309552707,0.0210669550963736,-0.3383261975664801,1.130905787125513,-0.6217679662036564,0.4490536078283159,0.3656080544168573,0.5055633725895957,0.5535804261240135,1.4784127074019422,1.5987067695023225,2.6430817971292084,1.5964820421994874,0.8639280711819735,0.2607558373683679,-0.3911436040459422,0.3410463365016696,-0.3716811999240146,0.4508783081021661,2.343077271682513,2.4362528587223315,-0.1591896513619691,0.9627900806774208,1.6702463721367955,3.4881397617125245,3.6674945514884927,3.0956279905363755,2.078084102443253,0.4423117921501383,0.0392032937988495,1.583346173400541,-1.2025760890999675,-0.7188856075804303,-0.0521587790298473,0.830546529138804,-0.0477006722904785,1.1535354227265884,1.5813042949324676,-1.037155358683826,0.8016775942937232,-0.553826330886782,0.1531666187993773,0.1072950553769813,-0.7473020205937861,-1.4822194324135871,1.5850615868585385,-0.054154883214858,-0.70578546523986,0.03516748913471849,1.3143800840696824,-0.7400532672178635,1.3893327439872456,-0.6189695389356319,-1.1162717806329225,2,8,2,0,0,0,0,0,0,0,0,0,1,0,0,0,0,0,0,0,0,0,0,0,0,0,0,0,0,0,0,0,0,0,0,0,0,0,0,0,True
ES_010,43.0886,-8.1294,0.4669788422889004,-0.810770878371292,0.1957519054090936,0.2256358351913452,-0.2341025797900074,1.6693929845558109,-0.1510358778659118,0.583887938140914,0.2403237033120941,0.140962335514686,0.0826213607886331,0.0436663876253677,0.9112301257337432,-0.1948260653208579,0.6391621000527649,0.8911884890362765,0.4121804631921141,0.3283782246272508,0.4854516552210908,-0.681326010519407,0.2050234571662562,1.527036926598473,1.7045171244714674,0.4572022091870725,0.524345026610961,-0.0976329246885858,-1.841742548779228,0.1593979373610139,0.008699777075614,1.2676584261843082,0.3574073071066607,0.7167818328141736,-0.1591896513619691,1.2250156143445596,1.4233806051231537,1.554264353218222,1.9961816662317304,2.458619152509072,0.6858112283690864,0.5452877686847566,-0.137379609463502,0.2943303182203099,0.0020323176797931,0.5144191037948649,-0.2342445619227896,0.0673892529206763,-0.3543812888171589,-0.9139373762853096,-0.2564082548162759,-0.9107416025843964,0.2465957989408585,0.2002057503018843,0.2916031264581017,0.7323727704973275,-1.3042172313858431,-1.5157884393385204,1.7083258284000262,-0.1061765790350783,0.0311314542545189,0.14442639533103047,1.2565374199379864,0.2659068944649809,1.3945038420342726,-0.3331396092988139,1.6860210625811982,7,8,2,0,0,0,0,0,1,0,0,0,1,0,0,0,0,0,0,1,1,0,0,0,0,0,0,0,0,0,0,0,0,0,0,0,0,0,0,0,True
ES_011,43.0817,-8.1325,0.2737992592067841,-0.6955988490146883,0.0968851046334449,0.2177482619185487,-0.2402932766687246,1.6049015438059415,-0.1134651512088647,0.1965154592916098,-0.1320939123913766,1.4596879433410666,-0.0346289676865209,-0.2788511910303217,0.4042762124111156,-0.266576131443669,0.0580104698758806,-0.9690038739636408,0.4043219887641013,0.3204437327837304,0.7674550611238943,0.751178078728752,-0.0100269929519193,-0.9819421003211934,-0.7149552231343153,-1.0535879090813047,0.6807072456129746,0.45190253573507,-0.2759956291715905,0.294864164672003,-0.5361165498297047,0.9193275581948324,0.3574073071066607,0.2869140763371341,-0.1591896513619691,-0.4648822692881125,-0.7984112979996244,-0.5554179105937436,-0.7893398091962072,-0.2884814614836766,-0.2423706876803585,0.0083416053256757,-0.7166004209825451,0.2943303182203099,0.2897552892632726,0.466523775197766,-0.8765121568083907,0.0987518807104624,-0.1410805370430421,0.5297893918382529,-0.2864224484330188,-0.754910452376095,0.0536187401909134,0.3925890478748005,0.3506654093233642,0.3983357942172413,-0.4467077555003797,-1.0730335192736675,1.7963171059353853,-0.1061765790350783,0.0426145280941292,0.14442639533103047,1.2565374199379864,-0.37592108272916513,1.2513290648572128,0.7762250183230038,1.0833272384422479,2,8,2,0,0,0,0,0,0,0,0,0,1,0,0,1,1,0,0,0,0,0,0,0,0,0,0,0,0,0,0,0,0,0,0,0,0,0,0,0,True
ES_012,43.0819,-8.1265,0.4669788422889004,-1.0012202959877792,-0.0905706448589403,0.5141024456681453,-0.2257451390037393,0.5822515547725832,-0.012313194824506,0.4131814220378307,-0.3249058694577125,-0.836345639217486,-0.6339084243373084,-0.3191658883622829,-0.6655162975925393,-0.3707294532348464,-0.8271281668550662,-1.109551741390301,0.3957412321093696,0.3117799718576267,0.393622931412874,1.335767197888173,-0.244273330515249,0.8968159503969663,1.7733809618283782,0.2281390813615703,-0.6358243641520145,0.2393872716290135,-0.0407623793050774,0.8830533955531015,-1.0617286067837268,-0.2948570615711766,0.0737401693101102,0.2869140763371341,-0.1591896513619691,3.410228394904049,0.9296490710958696,0.6752300766299032,1.4390773711461429,-0.4079206186137961,-0.2423706876803585,1.4352944230196711,-0.0295280202862238,-2.283701392140152,-0.0137121796922642,-0.3237491466543648,0.0078286654800724,-0.0057902119221577,0.0171418348633161,-0.4934344341133982,-0.2028285404818781,-0.914034659093676,0.2695702064707522,0.1677880414693163,0.2584896841908374,0.6303976697488805,-0.6924979831249143,-1.990947242046287,1.6720904741307905,-0.1061765790350783,-0.3527074796415912,0.14442639533103047,1.2565374199379864,-0.1153915476852375,1.3196614319072122,-0.22295880405091095,-1.6303225482371693,2,8,2,0,0,0,0,0,0,0,0,0,1,0,0,0,0,0,0,0,0,0,0,0,0,0,0,0,0,0,0,0,0,0,0,0,0,0,0,0,True
ES_013,42.9415,-8.0374,0.2737992592067841,-0.1752270820110364,-0.1790828931871783,0.0649384086335234,-0.2566986233973249,2.07476775498343,-0.156815989659304,-0.3681291708955114,0.2403237033120941,0.8536716445988463,0.3301498320139584,0.0235090389593871,0.9830818614802572,-0.1786244374866748,0.3932902565163907,-0.0430414532703486,0.0626359068931731,-0.0245475825770676,0.2060527152121838,0.6432825472641925,0.6760793658577414,-0.9819421003211934,-0.7149552231343153,-1.0535879090813047,-2.9505996727659496,-3.7207302158948217,-0.5243751504939359,0.2406895650182031,-0.3332559457464537,1.812498253042938,1.775742996089413,1.146649589291213,-0.1591896513619691,-0.3192014172508132,-0.3046797639723404,-0.5554179105937436,-0.7893398091962072,-0.2884814614836766,-0.2423706876803585,-0.3667851663361477,-1.1872474228610692,0.2943303182203099,-0.6870209790737758,2.549970569171565,2.5633241365935566,0.0673892529206763,-0.2132813314700619,0.0602277730796184,-0.0334115537008996,-0.9869501376365852,0.4949287582073969,-0.1248793727360854,0.0019515555489859,-0.0015495496437323,-0.3047235746292656,-1.28647016078257,2.448361738677728,-0.1061765790350783,0.1798961278262037,0.0422660208947022,1.3282670892378097,0.09029403063434999,1.1427821763879227,-0.6247937114801827,-0.17221842005870386,2,8,2,0,0,0,0,0,0,0,0,0,1,1,1,1,1,0,0,0,0,0,0,1,1,1,1,0,0,0,0,0,0,0,0,0,0,0,0,0,True
ES_014,42.9444,-8.0403,0.0806196761246679,-0.0153318934884665,0.0173468017596299,-0.1413263840002745,-0.2588653673048759,2.664403784696375,-0.1741563250394797,-0.3024728185481717,0.0554355253032788,-0.6656368226703816,0.4343723462140952,-0.2385364936983605,0.2565809778210588,-0.2688906497056952,0.2591783418601867,-0.4646850555503304,0.1020118008851527,0.0152092064247502,0.1701297411359407,0.1863744276018366,0.7119871074646034,0.8874044510752594,-0.3857411847331392,0.8690025765830078,-0.2806826920041837,0.3985119463551552,0.1111139329442322,0.276995596669612,0.6736163261684407,-0.5423455086227131,1.4920758582928624,0.7167818328141736,-0.1591896513619691,-0.0569758835836744,0.1890517700549435,3.4881397617125245,0.3248687809749678,-0.3282945138603831,0.2217202703443639,0.1628055701276031,-0.6453413352761291,0.2943303182203099,-0.5746484880261508,0.09533497857025,-0.0024093939495598,-0.4448670009791627,-0.2813102969386968,1.3357533643344166,0.6243530820060761,-0.9409498116504624,1.0072421171217023,-0.9222426908640924,0.2414938840274567,-0.0269866686326074,-0.5645204585255862,-1.4591281517750987,1.7071074735197531,-0.1061765790350783,-0.3926532055872953,0.0422660208947022,1.3282670892378097,0.9903573130599095,1.1544633175120105,0.0017420624766707551,0.9999178323647413,2,8,2,0,0,0,0,0,0,0,0,0,1,0,0,0,0,0,0,0,0,0,0,0,0,0,0,0,0,0,0,0,0,0,0,0,0,0,0,0,True
ES_015,43.0611,-8.1274,0.0806196761246679,-0.7056516653227904,0.1906129793796378,0.1657187876190765,-0.2257451390037393,0.8494303807362625,-0.0845645922419054,-0.1777257490882262,-0.3566009856877951,-0.4607862428138565,-0.6339084243373084,-0.3997952830262052,-0.7174092178539105,-0.4031327089032127,-0.7757185995701879,-1.1260867846169675,0.4983386867359014,0.4153698828966357,0.4845260281388879,1.571821797370993,-0.7681159836492135,1.1965050601032825,-0.7149552231343153,0.8166413592208649,0.4298276308684456,-0.120893634783425,1.0123926285515823,0.8744707952124993,1.1284269000273663,0.9172533194981533,-0.4935941062829906,-0.5728214366169448,-0.1591896513619691,0.8171092286401216,1.4233806051231537,0.4994232213122394,-0.2322355141106196,-0.2486684091069701,0.2217202703443639,1.5382703995542897,-0.4174807791236876,0.2943303182203099,0.3073520804438073,0.4784976073470407,-0.2364438487632291,-0.1626033508710881,-0.1676727473974106,-1.089146935523606,0.6695734055453598,-0.7924664582738513,0.3064976348037082,0.0365827761494787,0.1439728671056958,0.3752203840776233,-0.7528806461061505,-1.9289508810904228,1.5424127439976665,-0.1552755015490761,-0.3765973595350534,0.14442639533103047,1.2565374199379864,1.321129034836736,1.1701612937261996,0.9343356287888099,-1.290483503675539,2,8,2,0,0,0,0,0,0,0,0,0,1,0,0,0,0,0,0,0,0,0,0,0,0,0,0,0,0,0,0,0,0,0,0,0,0,0,0,0,False
ES_016,43.0623,-8.1264,0.4669788422889004,-0.5881841109824469,0.3119529939855929,0.0200362595805542,-0.2288404874430979,1.4574925363777187,-0.1539259337626083,0.5313628562630422,-0.1320939123913766,-0.5674792531557966,-0.6339084243373084,-0.258693842364341,-0.7253927440479677,-0.2989793871120353,-0.6550178763796042,-1.2666346520436278,0.8352643455482549,0.7555547261773919,0.8979302946833196,1.4920032768278524,-0.9689340395909982,2.0235970193406105,2.208103450736727,1.0923998340122112,-2.23813813486391,0.1853240633429348,0.2492599928677956,1.245402420478261,-1.4516193585595871,0.4381025169714166,-0.4935941062829906,-0.1429536801399053,-0.1591896513619691,3.089730520421991,3.398306741232289,4.367174038300844,3.1103902564029053,0.3883404289203338,0.6858112283690864,2.1634816856573287,-0.0927223108197853,1.583346173400541,0.9525677570634128,-0.3955921395500131,0.0222377861588142,-0.131240723081302,1.7517780781427457,-0.8929122291767142,0.1951580746112193,-0.7924664582738513,0.3064976348037082,0.0365827761494787,0.0506603340339149,0.3752203840776233,-0.7528806461061505,-1.9289508810904228,1.5155407405628158,-0.1552755015490761,-0.6295717776705306,0.14442639533103047,1.2565374199379864,1.2704021603894238,1.1368723500484632,-0.67293800463882,0.6837000643540249,2,8,2,0,0,0,0,0,0,0,0,0,1,0,0,0,0,0,0,0,0,0,0,0,0,0,0,0,0,0,0,0,0,0,0,0,0,0,0,0,True
ES_017,43.0646,-8.1224,0.4669788422889004,-1.4383199153054191,-0.0066604198406628,0.7276846255550197,-0.2607225763684911,0.7020213733080403,-0.096124815828689,-0.013584868219877,0.0554355253032788,-0.5119988877779877,0.0305101036885646,-0.6618408156839529,-0.3781093546064826,-0.3036084236360877,-0.0537494590042894,-1.4567876491502856,0.3586780743590574,0.2743582908992111,0.5039834265394685,1.2556224734755648,-1.051149099624242,1.4044710609090985,-0.7149552231343153,1.2438836893678729,0.283249414225462,0.3060108119279871,0.7453922781122736,1.0725944396675895,-1.0851112333860602,1.1598908125573737,-0.7772612440795411,-1.0026891930939843,-0.1591896513619691,0.1178411388610847,0.9296490710958696,-0.5554179105937436,-0.7893398091962072,-0.2486684091069701,0.6858112283690864,1.9354634519021023,0.0802494901263628,0.2943303182203099,-0.2585236780460188,-0.1561154965645189,-1.195939611012919,-0.0580612582384679,-0.2681421619749599,-0.4513841398962071,-0.5604512400214248,-0.958927101801692,0.5550697160652234,-0.2325885035173479,0.1517820075882271,-0.0344353251535149,-0.2260415306163279,-1.4181096227300738,2.1090957763169658,-0.1552755015490761,-0.2549088640065242,0.14442639533103047,1.2565374199379864,-0.636790154502837,1.177640917687078,-0.566222004587392,-0.4037219124678657,2,8,2,0,0,0,1,0,0,0,0,0,1,0,0,0,0,0,0,0,0,0,0,0,0,0,0,0,0,0,0,0,0,0,0,0,0,0,0,0,False
ES_018,43.0104,-8.0721,-0.3057394900395646,-0.4333549086308889,0.254044200668592,-0.0370298578931133,-0.2257451390037393,1.208739836342578,-0.1394756542791283,0.5182315857935743,0.530862268754518,-0.1492426526153911,0.1477604321637187,0.0436663876253677,-0.7214009809509392,-0.393874635855108,0.1921223845320847,-1.1343543062303003,0.5032459108039351,0.4203245760369921,0.6194783462205927,0.7365636561371244,-0.5141673722963879,-0.0577033698323529,-0.7149552231343153,-1.0535879090813047,-0.0762943400992121,0.2802487448407046,0.6237385814142314,0.8684509369990967,-0.3130927579897404,0.966428552728117,-0.2099269684864401,-0.1429536801399053,-0.1591896513619691,-0.4357460988806527,-0.5515455309859825,-0.5554179105937436,-0.7893398091962072,-0.2884814614836766,-0.2423706876803585,1.2366978968457647,-0.1746943333976049,0.2943303182203099,-1.61347659894719,0.8616602361238315,-0.0269807365806774,-0.5598633028750449,-0.4040465286560926,-0.5775350225477806,-0.6250175822579725,-1.037155358683826,0.8016775942937232,-0.553826330886782,0.1531666187993773,0.1072950553769813,-0.7473020205937861,-1.4822194324135871,1.8440962503704177,-0.054154883214858,-0.3793363288877856,0.03516748913471849,1.3143800840696824,0.5682941578546123,1.3374832519621447,0.353254799195235,-0.626994300067073,2,8,2,0,0,0,0,0,0,0,0,0,1,0,0,1,1,0,0,0,0,0,0,0,0,0,0,0,0,0,0,0,0,0,0,0,0,0,0,0,True
ES_019,43.0626,-8.1228,0.4669788422889004,-0.6760473086359384,0.066741851953205,0.2246855251584783,-0.2390551372929812,1.918145684590952,-0.1539259337626078,0.8530789827650068,0.0026103315864744,-0.5760146939831519,-0.047656781961538,0.1847678282872318,-0.4619363796440826,-0.2966648688500092,-0.1409222035308221,-1.3741124330169563,0.1616174294679784,0.0753914183986756,0.2093537149235652,1.186812064819571,-0.5902504190067236,-0.0577033698323529,-0.7149552231343153,-1.0535879090813047,0.5506850761721339,0.5546049831944039,0.1848893472852014,0.6686510555870543,-1.5458535338643962,0.2658462754125006,-0.2099269684864401,-0.1429536801399053,-0.1591896513619691,-0.4357460988806527,-0.5515455309859825,-0.5554179105937436,-0.7893398091962072,-0.2884814614836766,-0.2423706876803585,0.9130591134512502,-0.5703507771763029,0.2943303182203099,-0.204807157600176,-0.0663117554449585,-0.268143914256461,-0.3612333268730665,-0.2782198162839422,0.3055211560132335,-0.0148218608374792,-0.6110809960957493,0.1247155611493206,0.1962355880272371,0.4977616818272398,0.4091009499935745,-1.134697492911682,-1.791100453507495,1.8777022333393056,-0.1552755015490761,-0.361889454916411,0.14442639533103047,1.2565374199379864,0.8367434125016835,1.1160494463055242,0.8366611203929454,-0.10780200235216822,2,8,2,0,0,0,0,0,0,0,0,0,1,0,0,1,1,0,0,0,0,0,0,0,0,0,0,0,0,0,0,0,0,0,0,0,0,0,0,0,True
ES_020,43.0753,-8.1219,0.4669788422889004,-1.08100957818122,0.0022368252252604,0.5077353684479359,-0.2257451390037393,1.144248395592736,-0.0990148717253846,0.2556061764042156,0.0554355253032788,-0.5290697694326982,-0.6339084243373084,-0.016805658372574,-0.4419775641589397,-0.3429552340905324,0.1027144414279486,-1.4237175626969538,-0.0783125997679449,-0.1668595270522536,-0.0123187059139899,2.189828038138873,-0.9024585871145754,2.7254026572559664,0.4567269715801114,1.449393591410488,0.3650602263442545,0.4460109188747261,-0.2068492930297338,0.3492291972546091,-0.8011871695194742,0.5877125952774507,-0.4935941062829906,-0.5728214366169448,-0.1591896513619691,7.576700763170811,6.360695945395993,-0.0279973446407521,0.3248687809749678,0.7864709526873989,1.1499021863938088,0.8505379848409462,-0.4844667270892627,1.583346173400541,0.4062954413799717,0.3946807823021178,-0.6605270215817769,-1.040756928985098,-0.2569767608516747,-1.3064067889790938,-1.3117614393880102,-0.6038575971224944,0.1257344938096988,0.1902030620810568,0.1836906420284947,0.2465800555819008,-0.6411202388154994,-1.5850329083729264,2.301047220729572,-0.054154883214858,0.1766835574292339,0.14442639533103047,1.2565374199379864,0.24511262665488115,1.2721057980818749,-0.05522923439679582,0.966650239526279,2,8,2,0,0,0,0,0,0,0,0,0,1,0,0,0,0,0,0,0,0,0,0,0,0,0,0,0,0,0,0,0,0,0,0,0,0,0,0,0,True
ES_021,43.0101,-8.0711,0.4669788422889004,-0.4193442906266832,0.3703219896335905,-0.1206571407854157,-0.2257451390037393,0.9139218214861234,-0.0932347599319927,0.1374247421790041,1.1647645933561703,-0.0894945668239048,-0.0997680390616066,0.8298029855986108,-0.6255986666222536,-0.3776730080209249,0.8403299720370709,-0.8119209633103148,0.4911114139665309,0.4080726985175592,0.5401960908364404,1.8795250462221784,-0.7603402562579873,-0.9819421003211934,-0.7149552231343153,-1.0535879090813047,0.866494675595506,0.4748568761535479,1.2974738617776256,0.3831731394852533,0.1842879792631354,1.065618510759753,-0.2099269684864401,0.2869140763371341,-0.1591896513619691,-0.3192014172508132,-0.3046797639723404,-0.2038041999584159,-0.2322355141106196,-0.2884814614836766,-0.2423706876803585,-0.0946343712089424,-0.6174154773641553,0.2943303182203099,-0.4923757713662824,1.0352808022883149,-0.362561573440848,-0.5859988260332,-0.3026173374776879,-1.4675995834783264,-1.2803938205949157,-1.037155358683826,0.8016775942937232,-0.553826330886782,0.1531666187993773,0.1072950553769813,-0.7473020205937861,-1.4822194324135871,1.8440962503704177,-0.054154883214858,-0.3793363288877856,0.03516748913471849,1.3143800840696824,1.066660397213806,1.318968874133057,1.370521604880276,0.12738630391854017,2,8,2,0,0,0,0,0,0,0,0,0,1,1,1,1,1,0,0,0,0,0,0,0,0,0,0,0,0,0,0,0,0,0,0,0,0,0,0,0,True
ES_022,43.0916,-8.1273,0.3124351758232074,-0.3572859600317847,0.2004306291075533,-0.0494789193236719,-0.2381265327611736,0.7388736251650978,0.0079171964523656,0.0980309307706003,-0.2324617804533048,-0.6357627797746384,-0.2039905532617435,-0.2788511910303217,-0.7054339285628248,-0.4771972932880499,-0.4449092100848845,-1.316239781723625,0.3345652537362996,0.2500122196218724,0.3327501041692096,1.8706732181799648,-0.5697815146404448,2.6177374264273583,1.2967047919758068,0.2281390813615703,1.05393707040411,0.1325396354406164,-0.0222630127011223,0.4938909405743568,-1.0553316128689134,0.5839401081879311,-0.4935941062829906,-0.1429536801399053,-0.1591896513619691,2.390462430642954,5.126367110327784,1.730071208535886,0.8819730760605554,0.0698360099066818,-0.2423706876803585,-0.0799235174182826,-0.7280957633557928,-0.3501776093698055,-0.2586780358633919,-0.3177622305797275,-0.5753615346226872,-0.8368998483514886,-0.3858171717505113,-1.646313333901389,0.0690108868506646,-0.9963202432337936,0.6143693533777834,-0.2982475201677426,0.2644557356914881,0.4450166766731867,-0.7504821309213447,-1.22207151776864,1.5614605482327737,-0.054154883214858,-0.2324107126254555,0.14442639533103047,1.2565374199379864,1.4276904836351092,1.4460301404314349,0.0439631886565724,-0.3359719529904311,7,8,2,0,0,0,0,0,0,0,0,0,1,0,0,0,0,0,0,0,0,0,0,0,0,0,0,0,0,0,0,0,0,0,0,0,0,0,0,0,True
ES_023,43.0616,-8.1337,0.4669788422889004,-1.3654172080631977,-0.0839744114479972,0.7318659896996348,-0.2412218812005321,2.176111447590358,-0.1510358778659118,0.1439903774137382,-0.343394687258594,-0.5546760919147637,-0.1649071104366921,-0.2788511910303217,0.0649763491636878,-0.3313826427804016,-0.2392709409453716,-1.349309868176957,-0.3041099472647514,-0.394841081031173,-0.3982254133779111,1.2575252023475691,0.8286107595853597,1.1325162206282784,-0.7149552231343153,0.8166413592208649,-0.1931528335040671,0.4507220803241789,0.0526826884666204,-0.0961120343341106,0.5832381344968631,0.4643671250687136,1.208408720496312,1.5765173457682524,-0.1591896513619691,-0.1152482243985941,0.4359175370685855,-0.5554179105937436,-0.7893398091962072,-0.2486684091069701,0.2217202703443639,-0.2638091898015295,-0.4257863144509557,0.9388382458104254,0.6870723111816611,0.4365891948245792,-0.3894080403896617,-1.1923429633023972,1.1589048762623126,-1.1697433327732225,-0.9833966076313628,-0.8096844265966038,0.0401118062369635,0.4470071726528242,0.0355985674875551,0.0071849077417967,0.0299780885529156,-1.4085914105582331,1.530804733318602,-0.1061765790350783,-0.1226883499897937,0.14442639533103047,1.2565374199379864,1.398162826399625,0.9877415760136666,-0.3068070898056044,1.485781798551158,2,8,2,0,0,0,0,0,0,0,0,0,1,0,0,0,0,0,0,0,0,0,0,0,0,0,0,0,0,0,0,0,0,0,0,0,0,0,0,0,True
ES_024,43.0307,-8.1075,0.4669788422889004,-0.2317444902313906,0.038362708208449,-0.0244382499576247,-0.2310072313506489,1.3285096548780255,-0.1221353188989522,0.3212625287515553,-0.221896741709944,-0.716849467634513,0.2128995035388043,-0.0571203557045352,-0.7014421654657963,-0.3915601175930818,-0.4314980186192641,-1.3327748249502915,0.4327690680108966,0.3491659892882608,0.4947467730982577,1.2176239950712937,-0.960895894887972,2.4105512861539817,0.4095112251486907,1.0151197929405964,-1.0942284367869022,0.1746441779652658,0.579154738432157,0.2679674138353338,0.5402563250118125,0.7197104792012055,-0.4935941062829906,-0.5728214366169448,-0.1591896513619691,4.663083722424823,5.620098644355068,1.202650642582895,0.3248687809749678,2.6178713620158973,0.6858112283690864,0.0671850204883147,0.0465458685084633,-0.994685536959921,0.4413346659236679,0.0773742303463379,-0.2160056486425927,-1.3021121605666486,-0.2849382524899304,-2.3892018650717657,-0.7552250455475826,-0.6491548390099933,0.1658516487699416,0.158254097766325,0.2824744544115848,0.7114375482392196,-1.4949306880404367,-1.9193746225107744,1.3679057316722585,-0.1061765790350783,-0.3159967430771995,0.14442639533103047,1.2565374199379864,1.3231914920332177,1.2475892528767736,-0.24778990795898134,0.5875972843726904,7,8,2,0,0,0,0,0,0,0,0,0,1,0,0,0,0,0,0,0,0,0,0,0,0,0,0,0,0,0,0,0,0,0,0,0,0,0,0,0,True
ES_025,43.0617,-8.1234,0.4669788422889004,-1.4388740075428734,0.1809487304287212,0.6118418325485234,-0.2607225763684911,1.153461458557,-0.1828264927295673,0.2162123649958118,-0.2747219354267484,-0.7253849084618681,-0.6339084243373084,-0.3393232370282634,-0.7174092178539105,-0.3290681245183754,-0.8561857483639103,-1.4815902139902848,0.8639813643649074,0.7845495334594167,0.9778358336934234,2.459490810055004,-0.960895894887972,1.3339706290195246,0.5609758562232795,0.2281390813615703,0.7593846922084797,0.2387798827858364,0.496278488683475,-0.0016073062003912,0.955398565122882,0.2731958923645117,-0.4935941062829906,-1.0026891930939843,-0.1591896513619691,0.7005645470102821,1.4233806051231537,-0.2038041999584159,0.3248687809749678,-0.0894161996001441,-0.2423706876803585,-0.8301770607419298,-0.6086886467666635,0.2943303182203099,-0.0487514042359605,0.197112551839085,0.3370770729893222,-0.8264456390882265,-0.4115519816747823,-0.5495014930696531,0.0459230456070162,-0.6110809960957493,0.1247155611493206,0.1962355880272371,0.1439728671056958,0.4091009499935745,-1.134697492911682,-1.791100453507495,1.8777022333393056,-0.1552755015490761,-0.361889454916411,0.14442639533103047,1.2565374199379864,1.165553334275724,1.1102781315208958,0.9656178699912694,-1.3731984640637545,2,8,2,0,0,0,1,0,0,0,0,0,1,0,0,0,0,0,0,0,0,0,0,0,0,0,0,0,0,0,0,0,0,0,0,0,0,0,0,0,False
ES_026,43.0623,-8.1204,0.4669788422889004,-0.7883697207713479,0.2364031113137436,0.187005732355299,-0.2588653673048759,1.042904702985826,-0.1625961014526956,0.8924727941734105,-0.0238022652719276,-0.541872930673731,-0.6339084243373084,-0.0772777043705157,-0.6295904297192821,-0.0559549695992881,-0.3845588484895926,-1.4485201275369528,1.045834066818612,0.9681613524656076,1.2163287159444345,1.685131261526859,-0.4688691387168811,1.2462564112291443,-0.7149552231343153,0.2281390813615703,-1.418505812938646,0.2700428811399685,1.1458740029990049,-0.8952514494526982,0.4587116302363855,0.6838505812399007,-0.2099269684864401,-0.1429536801399053,-0.1591896513619691,0.9919262510848808,1.1765148381095116,-0.3796110552760798,-0.2322355141106196,-0.4079206186137961,-0.2423706876803585,-1.1905929786130935,-0.9091925445133988,0.9388382458104254,-0.2779727630350308,0.8077779914520953,-0.0291041859438604,-0.6800867094025582,0.0070001954476101,-1.1101720826322017,-0.3296126342077748,-0.6110809960957493,0.1247155611493206,0.1962355880272371,0.4977616818272398,0.4091009499935745,-1.134697492911682,-1.791100453507495,1.478792539623345,-0.1552755015490761,-0.0997274567600283,0.14442639533103047,1.2565374199379864,1.3404514450076022,1.1167881745979564,0.3045000403591235,1.0784792786667137,2,8,2,0,0,0,0,0,0,0,0,0,1,0,0,0,0,0,0,0,0,0,0,0,0,0,0,0,0,0,0,0,0,0,0,0,0,0,0,0,True
ES_027,43.0322,-8.1205,0.4669788422889004,-1.3153905946244528,-0.2574706902335031,0.8092687418766578,-0.2297690919749055,1.4574925363777285,-0.2059469399031349,-0.3221697242523736,-0.2403855595108255,-0.7680621125986441,-0.6339084243373084,-0.0974350530364963,-0.6974504023687678,-0.4633101837158929,-0.8651265426743239,-1.4319850843102873,1.0629580461660064,0.9854509772783044,1.2081210317560058,2.073737405586612,-1.1998396121352377,2.000173468694692,1.034283248593691,0.8166413592208649,-0.2911640993962161,0.1339073241787755,1.258709576331719,0.8848511702860935,-0.4056384576786322,-0.1020145405941493,-1.0609283818760915,-1.4325569495710238,-0.1591896513619691,3.526773076533889,4.385769809286857,0.3236163659945755,0.8819730760605554,-0.2486684091069701,0.2217202703443639,0.3724352366445045,-0.6199432489854978,1.583346173400541,0.5260771076615061,-0.3476968109529142,-0.4087465970900783,-0.8734895807729056,-0.3864122332430417,-1.2573481123923709,0.3433979380445755,-0.5017184072123277,-0.0647797392640696,0.4123686078371867,-0.0576059166828434,0.1202257369525804,-0.4080905141617827,-1.503236428165839,1.1055358828380262,-0.054154883214858,-0.4165259209458702,0.14442639533103047,1.2565374199379864,1.3450961798360226,1.3468096966541043,-0.2757558356162433,0.21499983965731148,2,8,2,0,0,0,0,0,0,0,0,0,1,0,0,0,0,0,0,0,0,0,0,0,0,0,0,0,0,0,0,0,0,0,0,0,0,0,0,0,True
ES_028,42.1673,-8.6847,0.4669788422889004,-1.40230391987088,0.3525274995017438,0.4835974936131121,-0.2607225763684911,1.650966858627273,-0.0874546481386011,0.6955037371313915,0.2139111064536919,-0.2132584588205553,0.6819008174394205,0.0436663876253677,-0.6136233773311679,-0.2318583575132766,0.6391621000527649,-0.6465705310436555,0.2107735815449556,0.1250230728993638,0.1447107255907015,0.6286888744325559,-0.1224668502759458,1.665994522171359,-0.7149552231343153,0.8690025765830078,-0.4304092373185663,0.3410482882049583,0.922170779272708,0.8004490645236875,0.3984671518035712,0.9052697425859928,0.3574073071066607,0.7167818328141736,-0.1591896513619691,0.5840198653804426,1.4233806051231537,1.554264353218222,-0.2322355141106196,-0.3282945138603831,0.2217202703443639,0.979257955509219,-0.2472774899532955,1.583346173400541,1.484176080096408,0.5263929359441396,-0.6411126274041038,-1.6784636940440814,-0.4419641029005555,-0.1710488451149328,0.6147994925259457,-1.205508851723063,0.8684580669346713,-0.5490547304987548,-0.3383436618165307,-0.2119007062629193,-0.1692116299583508,0.1361535811064217,0.2316540253041786,-0.2443464489144248,-0.4165259209458702,0.6320615068638629,0.932992075057413,-1.5089468826524823,0.8180649213455932,0.08968211817767736,1.3115963956075525,2,8,2,0,0,0,0,0,0,0,0,0,1,0,0,0,0,0,0,0,0,0,0,0,0,0,0,0,0,0,0,0,1,1,1,0,0,0,0,0,False
ES_029,42.3444,-7.8515,0.4669788422889004,-1.2230946590713256,-0.0809830962965229,0.644580013180794,-0.334082334381289,3.3553835070162115,-0.2319574429733991,1.1288356626238334,-0.1268113930196961,-0.6229596185336056,0.1217048036136844,-0.258693842364341,-0.4180269855767682,-0.0605840061233405,0.0133064983238126,-0.8532585713769796,-0.5707344835453015,-0.6640447576200147,-0.7542601931922618,0.9118759237489708,-0.7092991420488721,-0.9819421003211934,-0.7149552231343153,-1.0535879090813047,-0.7589259335992287,0.4047111777312363,0.5700189434474784,0.7893590190700152,-0.6347698445368598,0.205147007933447,-0.2099269684864401,-0.1429536801399053,-0.1591896513619691,-0.3192014172508132,-0.3046797639723404,-0.3796110552760798,-0.2322355141106196,-0.2884814614836766,-0.2423706876803585,0.8689265520792709,-0.218629411578081,0.2943303182203099,0.3119828149650006,-0.0722986715195959,-0.3576321374191732,-0.5389548843485209,-0.0704025881560462,-0.8298367878509274,-0.7210311565332826,-0.8501613077074717,-0.0136556810901666,0.552918187120903,-0.837420285769779,-0.2119007062629193,-0.1692116299583508,0.1361535811064217,0.9438555418839232,0.4509022743935894,-0.2154258799095168,0.2773851635791554,0.6224007825365139,-0.878596291205819,-0.40974767119538047,0.20520862287157018,0.07307477960924552,7,8,6,0,0,0,0,0,0,0,0,0,1,1,1,1,1,0,0,0,0,0,0,0,0,0,0,0,0,0,0,0,1,1,1,0,0,0,0,0,True
ES_030,42.441,-8.6361,0.4669788422889004,-1.3209315169989977,-0.4689336613261819,0.9043472606650086,-0.2279118829112903,2.774960540267549,-0.2203972193866147,-0.1974226547924282,0.1267495368209648,-0.0681559647555166,-0.0346289676865209,-0.3997952830262052,-0.366134065315397,0.4023196462818921,0.0803624556519146,-0.7127107039503192,-0.1851485721108344,-0.2747289562798281,-0.2776544520617672,1.5853410383946385,0.7644790721630247,1.4268448584456266,1.5319135346295385,-1.0535879090813047,0.1624913963108648,0.2341157281274959,0.2347658667554454,0.4029070884081096,1.0570503624919318,0.3134454253564298,1.775742996089413,1.146649589291213,-0.1591896513619691,-0.0569758835836744,0.6827833040822275,1.202650642582895,1.4390773711461429,-0.2884814614836766,-0.2423706876803585,0.0451187398023251,-0.708294885655277,0.2943303182203099,-1.3603297784552877,0.634157425287612,-0.4305877905399606,-0.9153064178259536,-0.4131196167895128,-0.107973403789146,-0.4883216394464405,-0.7700514488599118,1.0658193405260603,-1.116688913143273,-0.3435696409192963,-0.2119007062629193,-0.1692116299583508,0.1361535811064217,-0.3933262482754794,-0.5148645865371041,-0.3398498418244747,0.6598728197033445,0.7526154515611876,-1.422809416627456,-0.9909421552665939,-0.3488797243342286,-1.2932542002522018,7,8,2,0,0,0,0,0,0,0,0,0,1,0,0,1,1,0,0,0,0,0,0,0,0,0,0,0,0,0,0,0,1,1,1,0,0,0,0,0,True
ES_031,43.4283,-7.4739,0.4669788422889004,0.1599591436319453,0.0382093074314507,-0.1376201748720929,-0.2607225763684911,0.2690074139876,0.2853625625351768,-0.7620672849795495,-0.7369423804487866,-0.379699554953982,-0.6339084243373084,-0.6618408156839529,-0.7054339285628248,0.0181096147855489,-1.077470407546647,-1.7957560352969373,3.229677821268919,3.1731300923830696,2.3332219425617864,-0.7122782838211353,-1.024049759100009,0.0934593559426842,-0.7149552231343153,-1.0535879090813047,-1.288490900250863,-1.402611532323014,0.887794842376452,0.1667523991484114,0.7739355705942367,-1.0189792209994903,-0.7772612440795411,-0.5728214366169448,-0.1591896513619691,0.6714283766028223,0.1890517700549435,-0.5554179105937436,-0.7893398091962072,-0.2884814614836766,-0.2423706876803585,-0.1534777863715814,-0.5739618794925064,1.583346173400541,0.3459415347870851,-0.4913827967442108,0.6199887818948288,-1.4693795087788408,-0.3699552637937068,-3.1285862050573767,-0.363726909976407,-0.8054382530417733,0.3060792180525289,0.0452987312145225,-0.0080652868104381,0.5039171297158936,-0.1562027446919164,-1.3104545168761237,1.4753292190864251,0.1178014533380638,-0.1796108518289384,0.0005913480118756859,1.4009320739127609,0.28552141355242355,1.7662226846826155,0.8225874116663114,-0.1606760443308596,7,8,2,1,1,1,1,0,0,0,0,0,1,0,0,1,1,0,0,0,0,0,0,0,0,0,0,0,0,0,0,0,0,0,0,0,0,0,0,0,True
ES_032,43.4286,-7.4855,0.4669788422889004,0.1599591436319453,0.0382093074314507,-0.1376201748720929,-0.2607225763684911,0.7480866881293441,0.1177393205268118,-0.7620672849795495,-0.7369423804487866,-0.3754318345403044,-0.6339084243373084,-0.6618408156839529,-0.6615245344955107,0.1245774548387525,-1.1512319606075594,-1.7874885136836045,1.7047009948839418,1.633401700905818,1.5119144519288217,0.1433491252018203,-1.0511490996249069,0.8359149734225632,0.3201797498653363,0.4933391944275992,-1.3438992671281105,-0.4469032231114646,0.1964763513478505,-0.1373536155749704,-0.2211341852163907,-0.621458600078146,-0.7772612440795411,-0.5728214366169448,-0.1591896513619691,1.2541517847520196,1.6702463721367955,0.1478095106769117,0.3248687809749678,0.4679665336737468,0.2217202703443639,-0.6536468152540128,-0.6218691702208062,-0.994685536959921,1.3931049678462724,-0.9463884184166498,0.24474494442949,-2.2011741572071823,-0.4717683656124536,-0.752744581786077,0.8094538781836019,-1.0296473967975142,0.9986842045352524,-0.8540988513896445,-0.0824242069999686,0.7181247327061903,-0.2525961274010131,-1.6718899163739476,1.2319429539740323,0.1178014533380638,-0.7847577387732211,0.0005913480118756859,1.4009320739127609,-0.2086987356929422,1.8345550517326152,0.42269939477601115,1.7623017710727134,7,8,2,1,1,1,1,0,0,0,0,0,1,0,0,0,0,0,0,0,0,0,0,0,0,0,0,0,0,0,0,0,0,0,0,0,0,0,0,0,True
ES_033,43.427,-7.462,0.4669788422889004,0.1599591436319453,0.0382093074314507,-0.1376201748720929,-0.2607225763684911,0.2413682250948065,0.2824725066384812,-0.7620672849795495,-0.7369423804487866,-0.3966552081575231,0.18684387498877,-0.6618408156839529,-0.5497551677787109,0.2541904775122177,-0.9433584928904428,-1.5642654301236147,4.1606824417266495,4.113140603961419,3.788347603543221,0.1661625281884773,-1.1998396121339083,0.7793233273222201,-0.7149552231343153,-1.0535879090813047,-1.3107806161239666,0.7022286197471962,0.4243703477054713,0.2284433715240083,0.008699777075614,0.0738219581231484,-1.0609283818760915,-1.8624247060480632,-0.1591896513619691,0.0304326276387051,0.6827833040822275,-0.5554179105937436,-0.7893398091962072,-0.2884814614836766,-0.2423706876803585,0.0469575965261576,-0.4275918656090574,-0.994685536959921,-0.1609695374662124,-0.1291743742286508,-0.1942782114085952,-1.7934599959399635,-0.4372675960670362,-2.785175468950316,-2.2038278570951837,-0.9359458909235912,0.6180137670197564,-0.3413591120098564,0.0034454671931947,0.8607074264523529,-0.6997793077643453,-1.4847727750028148,1.6584943798481486,0.1178014533380638,-0.5657484322134267,0.0005913480118756859,1.4009320739127609,0.6544187153922622,1.7435529602085953,-0.10970917134327308,0.654351129333707,7,8,2,1,1,1,1,1,1,1,0,0,1,0,0,1,1,1,1,0,0,1,1,0,0,0,0,0,0,0,0,0,0,0,0,0,0,0,0,0,True
ES_X01,38.0636,-3.9877,0.2737992592067841,0.4450395998022605,-0.7285644763964461,0.0444117119235945,-0.3845365139428334,0.6006776807011218,-0.2897585609073176,-0.2007054724097951,-0.1030400558471342,-0.2559356629573313,-0.0606845962365551,-0.016805658372574,-0.3282123158936257,-0.2318583575132766,-0.0761014447803234,0.0892388925429782,-0.6421366764568625,-0.497299509869898,-0.7978511956117288,-1.2084718855625265,-1.1998396121339083,-0.9819421003211934,-0.7149552231343153,-1.0535879090813047,-0.568423576649218,0.737642955493042,-2.6320680294871166,0.2284433715240083,0.008699777075614,0.0738219581231484,-0.2099269684864401,-0.1429536801399053,-0.1591896513619691,-0.3192014172508132,-0.3046797639723404,-0.5554179105937436,-0.7893398091962072,-0.2884814614836766,-0.2423706876803585,0.0469575965261576,-0.4275918656090574,0.2943303182203099,0.0020323176797931,-0.1291743742286508,-0.1942782114085952,0.0673892529206763,-0.2132813314700619,0.0602277730796184,-0.0334115537008996,1.9592673712033224,-0.4881569163781383,-0.4868354177847498,0.6248639014486816,-0.747570318822581,-1.1453143042799143,2.931874191292532,0.129168789548306,-1.156800187107382,-0.6075286616122908,1.7718967502491199,-4.1896972380994315,-1.6928092851906729,0.23031422367904192,-0.6428601957189448,-0.7648842864744454,5,1,2,0,0,0,0,1,1,1,1,1,1,1,1,1,1,1,1,1,1,1,1,1,1,1,1,0,0,0,0,0,0,0,0,0,0,0,0,0,True
ES_X02,38.0652,-3.9887,-0.3057394900395646,-0.2181296523967955,-1.265850697834319,0.7752951582016601,-0.3733932595611426,0.8862826325933115,-0.2897585609073176,-0.2007054724097951,-0.1030400558471342,-0.2559356629573313,-0.0606845962365551,-0.016805658372574,-0.3282123158936257,-0.2318583575132766,-0.0761014447803234,0.0892388925429782,-0.6861430987047081,-0.5509991750428718,-0.7952079607949701,-1.2084718855625265,-1.1998396121339083,-0.9819421003211934,-0.7149552231343153,-1.0535879090813047,-0.8535803425478538,0.6529220035150369,-2.6320680294871166,0.2284433715240083,0.008699777075614,0.0738219581231484,-0.2099269684864401,-0.1429536801399053,-0.1591896513619691,-0.3192014172508132,-0.3046797639723404,-0.5554179105937436,-0.7893398091962072,-0.2884814614836766,-0.2423706876803585,0.0469575965261576,-0.4275918656090574,0.2943303182203099,0.0020323176797931,-0.1291743742286508,-0.1942782114085952,0.0673892529206763,-0.2132813314700619,0.0602277730796184,-0.0334115537008996,2.2525529811112786,-0.9128420664999146,-0.0324979913259104,1.094733947850671,-0.8604469964604147,-1.442861997914373,2.833558262906822,0.4895345544490526,-1.156800187107382,-0.933519609971863,1.7718967502491199,-4.1896972380994315,-1.2422528922101808,0.2629567801009001,-0.1391270173685817,-1.5749339244914227,5,1,2,0,0,0,0,1,1,1,1,1,1,1,1,1,1,1,1,1,1,1,1,1,1,1,1,0,0,0,0,0,0,0,0,0,0,0,0,0,True
ES_X03,38.0972,-3.9076,-0.3057394900395646,-0.552722207785362,-1.131855119125973,0.893133602277177,-0.4486102266375556,0.3334988547374425,-0.2897585609073176,-0.2007054724097951,-0.1030400558471342,-0.2559356629573313,-0.0606845962365551,-0.016805658372574,-0.3282123158936257,-0.2318583575132766,-0.0761014447803234,0.0892388925429782,-0.7693080913743998,-0.8537801233851937,-0.9093249910324868,-1.2084718855625265,-1.1998396121339083,-0.9819421003211934,-0.7149552231343153,-1.0535879090813047,1.6252091295611044,0.725300304416195,-2.6320680294871166,0.2284433715240083,0.008699777075614,0.0738219581231484,-0.2099269684864401,-0.1429536801399053,-0.1591896513619691,-0.3192014172508132,-0.3046797639723404,-0.5554179105937436,-0.7893398091962072,-0.2884814614836766,-0.2423706876803585,0.0469575965261576,-0.4275918656090574,0.2943303182203099,0.0020323176797931,-0.1291743742286508,-0.1942782114085952,0.0673892529206763,-0.2132813314700619,0.0602277730796184,-0.0334115537008996,2.0030576668816766,-1.10972827442341,0.418474909850507,0.6977660387670652,-0.8821315786175622,-1.0195156627026645,2.793979005033704,0.2902720633189064,-1.113204469658754,-1.0547324026763725,1.7718967502491199,-4.1896972380994315,-1.0264253039101994,0.5185567692825203,0.07871023505550681,-1.664457692031496,5,1,2,0,0,0,0,1,1,1,1,1,1,1,1,1,1,1,1,1,1,1,1,1,1,1,1,0,0,0,0,0,0,0,0,0,0,0,0,0,True
FR_001,47.237,5.098,0.4669788422889004,0.1599591436319453,0.0382093074314507,-0.1376201748720929,-0.2607225763684911,0.0386808398809972,-0.1625961014526962,0.3081312582820874,0.0290229284448766,1.084128546937437,-0.1649071104366921,0.0033516902934065,1.561887510549399,0.3791744636616305,1.2650177017817172,0.9242585754896084,-0.4259231965907319,0.4922621112886712,0.6395055471565225,1.0605072888831355,1.5808785307576292,0.7910212060471412,0.3201797498653363,1.1632537155117295,0.193951373185132,0.1447147545176575,-2.6320680294871166,0.2439743270829259,0.8605900584180569,0.1817094901611869,2.343077271682513,1.146649589291213,1.98413407801157,-0.3192014172508132,-0.0578139969586984,0.1478095106769117,0.3248687809749678,-0.0097900948467311,0.6858112283690864,0.2510706928715616,-0.1797498766402899,2.872362028580772,0.2869768485505566,-0.0124295107732223,-0.2644278778708908,0.4228323678715851,-0.2363799549973166,-0.2481410511797832,-0.5782846070510015,0.5325789261360343,-1.1029674225216488,1.3251861412093269,0.0993953946840451,-1.1982167476352907,1.0184390781939507,1.993053970748788,1.1545979084785667,-0.9988892107491862,-0.0235025596985278,0.08427357714400602,-0.41233832436056717,0.5065234197807936,-0.04139927638126064,0.20900340951532853,-1.1209365120268802,3,6,7,1,1,1,1,0,0,0,0,0,0,0,0,0,0,0,0,0,0,0,0,0,0,0,0,0,0,0,0,0,0,0,0,0,0,0,0,0,True
FR_008,47.237,5.098,0.4669788422889004,0.1599591436319453,0.0382093074314507,-0.1376201748720929,-0.2607225763684911,0.0386808398809972,-0.1625961014526962,0.3081312582820874,0.0290229284448766,1.084128546937437,-0.1649071104366921,0.0033516902934065,1.561887510549399,0.3791744636616305,1.2650177017817172,0.9242585754896084,-0.4259231965907319,0.4922621112886712,0.6395055471565225,1.0605072888831355,1.5808785307576292,0.7910212060471412,0.3201797498653363,1.1632537155117295,0.193951373185132,0.1447147545176575,-2.6320680294871166,0.2439743270829259,0.8605900584180569,0.1817094901611869,2.343077271682513,1.146649589291213,1.98413407801157,-0.3192014172508132,-0.0578139969586984,0.1478095106769117,0.3248687809749678,-0.0097900948467311,0.6858112283690864,0.2510706928715616,-0.1797498766402899,2.872362028580772,0.2869768485505566,-0.0124295107732223,-0.2644278778708908,0.4228323678715851,-0.2363799549973166,-0.2481410511797832,-0.5782846070510015,0.5325789261360343,-1.1029674225216488,1.3251861412093269,0.0993953946840451,-1.1982167476352907,1.0184390781939507,1.993053970748788,1.1545979084785667,-0.9988892107491862,-0.0235025596985278,0.08427357714400602,-0.41233832436056717,0.5065234197807936,-0.04139927638126064,0.20900340951532853,-1.1209365120268802,3,6,7,1,1,1,1,0,0,0,0,0,0,0,0,0,0,0,0,0,0,0,0,0,0,0,0,0,0,0,0,0,0,0,0,0,0,0,0,0,True
FR_009,47.237,5.098,0.4669788422889004,0.1599591436319453,0.0382093074314507,-0.1376201748720929,-0.2607225763684911,0.0386808398809972,-0.1625961014526962,0.3081312582820874,0.0290229284448766,1.084128546937437,-0.1649071104366921,0.0033516902934065,1.561887510549399,0.3791744636616305,1.2650177017817172,0.9242585754896084,-0.4259231965907319,0.4922621112886712,0.6395055471565225,1.0605072888831355,1.5808785307576292,0.7910212060471412,0.3201797498653363,1.1632537155117295,0.193951373185132,0.1447147545176575,-2.6320680294871166,0.2439743270829259,0.8605900584180569,0.1817094901611869,2.343077271682513,1.146649589291213,1.98413407801157,-0.3192014172508132,-0.0578139969586984,0.1478095106769117,0.3248687809749678,-0.0097900948467311,0.6858112283690864,0.2510706928715616,-0.1797498766402899,2.872362028580772,0.2869768485505566,-0.0124295107732223,-0.2644278778708908,0.4228323678715851,-0.2363799549973166,-0.2481410511797832,-0.5782846070510015,0.5325789261360343,-1.1029674225216488,1.3251861412093269,0.0993953946840451,-1.1982167476352907,1.0184390781939507,1.993053970748788,1.1545979084785667,-0.9988892107491862,-0.0235025596985278,0.08427357714400602,-0.41233832436056717,0.5065234197807936,-0.04139927638126064,0.20900340951532853,-1.1209365120268802,3,6,7,1,1,1,1,0,0,0,0,0,0,0,0,0,0,0,0,0,0,0,0,0,0,0,0,0,0,0,0,0,0,0,0,0,0,0,0,0,True
FR_002,47.236,5.1,0.4669788422889004,0.1599591436319453,0.0382093074314507,-0.1376201748720929,-0.2607225763684911,0.0386808398809972,-0.1625961014526962,0.1439903774137382,-0.1030400558471342,0.3953056690086305,-0.256101810361812,-0.0571203557045352,0.3590176024170058,-0.0443823782891573,0.3262342991882888,1.023468834849604,-0.2221933286006351,1.7792762540491471,1.775203975317296,1.3705245366967116,0.1897420472383051,0.4348369102377333,1.400210243191009,1.4088473955415028,0.7195422650518146,0.1432866476647099,1.030107382766712,-0.6897666109200685,-0.0235058731015044,-0.8352368157281826,0.9247415826997616,0.2869140763371341,0.4531885570304705,-0.0569758835836744,-0.0578139969586984,1.026843787265231,1.4390773711461429,0.0698360099066818,1.1499021863938088,-1.0287735869158363,-0.7122670982031009,0.2943303182203099,-0.3891103915436709,-1.0302052434615727,-1.059887176814694,0.7887296920857558,-0.239796759696362,-0.058914727202423,-0.051324533976144,0.5325789261360343,-1.1029674225216488,1.3251861412093269,0.0993953946840451,-1.1982167476352907,1.0184390781939507,1.993053970748788,1.3396869323306004,-0.9988892107491862,-0.4330571195255014,0.08427357714400602,-0.41233832436056717,0.4257157086502208,-0.04283056244784848,0.003787947449827305,1.294374952362325,3,6,7,1,1,1,1,0,0,0,0,0,0,0,0,0,0,0,0,0,0,0,0,0,0,0,0,0,0,0,0,0,0,0,0,0,0,0,0,0,True
FR_003,47.237,5.1,0.4669788422889004,0.1599591436319453,0.0382093074314507,-0.1376201748720929,-0.2607225763684911,0.0386808398809972,-0.1625961014526962,0.3278281639862894,0.1082607190200832,0.7768526771526496,0.0044544751385304,0.0436663876253677,1.3223817247276852,-0.0235517139309218,0.7285700431569009,1.0400038780762697,0.0400485441586458,0.6946925959192369,1.224390559913893,1.3521283464185332,1.1160291072902746,0.7725208011066944,1.400210243191009,1.7205633643556164,0.5434271265600965,0.3151514094463015,1.0814670479940245,-0.2174655657078905,0.8479274842027942,-0.2884259864867154,1.775742996089413,0.2869140763371341,1.37175586961913,0.2052496500834643,0.1890517700549435,1.026843787265231,1.4390773711461429,1.5827320002215288,2.542175060467976,-0.6168696807773635,-0.3834160472741678,-0.994685536959921,0.2706149199090068,-0.563225789639859,-0.6640155455355775,1.1755354348264506,-0.0255362313213898,-1.0400882589368832,-1.3006951982401926,0.5325789261360343,-1.1029674225216488,1.3251861412093269,0.0993953946840451,-1.1982167476352907,1.0184390781939507,1.993053970748788,1.3396869323306004,-0.9988892107491862,-0.4330571195255014,0.08427357714400602,-0.41233832436056717,0.7255668168684258,-0.03401199345693638,0.9234462410284604,-0.21965331234561225,3,6,7,1,1,1,1,0,0,0,0,0,0,0,0,0,0,0,0,0,0,0,0,0,0,0,0,0,0,0,0,0,0,0,0,0,0,0,0,0,True
FR_004,47.236,5.102,-0.6920986562037972,0.1599591436319453,0.0382093074314507,-0.1376201748720929,-0.2607225763684911,0.0386808398809972,-0.1625961014526962,0.4394439629767668,0.0554355253032788,0.5378603339867034,0.1607882464387358,0.2653972229511542,2.192729783351405,0.1292064913628049,0.7285700431569009,1.0152013132362705,-0.5127267658195636,-0.2392653976862123,0.1911296657509527,0.5665662293996989,-1.1998396121339083,-0.9819421003211934,-0.7149552231343153,0.8690025765830078,0.6831151555188226,0.406789275828172,0.3115567201777404,-0.6036930978310784,0.0409800063556153,-0.5022783231481908,0.0737401693101102,-1.4325569495710238,-0.465378755558189,-0.4357460988806527,-0.7984112979996244,-0.3796110552760798,-0.2322355141106196,-0.1690423043535571,0.2217202703443639,0.111317581860294,-0.5501286042055632,-2.283701392140152,4.416048463281284,0.0594134821224258,-0.7018584466865889,1.2068980626162369,-0.0394082024590873,-0.1289985508977416,-1.378556952503255,0.5325789261360343,-1.1029674225216488,1.3251861412093269,0.0993953946840451,-1.1982167476352907,1.0184390781939507,1.993053970748788,1.3396869323306004,-0.8302328282627705,-0.4330571195255014,0.14043539935892843,-0.4818721753037693,-0.1831419612370139,-0.047170591165888995,-0.7561428265713112,-0.08364622532903003,3,6,2,1,1,1,1,0,0,0,0,0,0,0,0,0,0,0,0,0,0,0,0,0,0,0,0,0,0,0,0,0,0,0,0,0,0,0,0,0,True
FR_005,47.242,5.1,-1.0784578223680297,0.1599591436319453,0.0382093074314507,-0.1376201748720929,-0.2607225763684911,0.0386808398809972,-0.1625961014526962,0.5379284914977763,0.081848122161681,0.5634666564687694,0.1347326178887016,0.325869268949096,0.9072383626367148,-0.0328097869790265,1.2203137302296492,1.0482713996896025,-0.5328249074203106,-0.4024628880399806,0.0775890386320437,0.4465442713852101,-0.7391508232133105,-0.9819421003211934,-0.7149552231343153,1.509866071802597,0.4163684354368656,0.358863188908422,0.6759750820213313,0.1792779258499975,0.008699777075614,-2.71380300937523,-0.2099269684864401,-1.0026891930939843,-1.0777569639506288,-0.4357460988806527,-0.7984112979996244,-0.5554179105937436,-0.7893398091962072,-0.1690423043535571,1.1499021863938088,-0.0357909560463034,-0.9694979531939976,0.2943303182203099,-1.3316192244238887,-1.8324519974629785,-0.0074146674484912,0.4646492049246332,-0.2324128783804474,1.7352311593977323,0.2236596165602749,1.3688913315364668,-1.4145144031576904,1.271187670410168,0.7985694060983862,-1.2752962702151385,0.988246097105544,1.870890759714468,1.1946173800390911,-0.8302328282627705,0.1390336755988651,0.08427357714400602,-0.41233832436056717,-0.5825167819283535,-0.04232268674680126,-0.7861381401293656,-0.3936828193181522,3,6,2,1,1,1,1,0,0,0,0,0,0,0,0,0,0,0,0,0,0,0,0,0,0,0,0,0,0,0,0,0,0,0,0,0,0,0,0,0,True
FR_006,47.239,5.102,-0.1125599069574483,0.1599591436319453,0.0382093074314507,-0.1376201748720929,-0.2607225763684911,0.0386808398809972,-0.1625961014526962,0.6758068314271896,0.0026103315864744,1.041451342800661,0.1477604321637187,0.225082525619193,0.7834937066288292,0.1106903452665955,0.706218057380867,0.9573286619429402,-0.518181051451425,-0.1795432539408265,0.3179924641764968,0.9902709567729584,0.6313764602398059,-0.9819421003211934,-0.7149552231343153,1.0302625242934442,0.4719439502122509,0.1912103499348164,0.9834526784128588,-1.835297790123145,1.7479234991719976,-2.1796078214374703,0.6410744449032111,-0.5728214366169448,0.1469994528342507,-0.3192014172508132,-0.3046797639723404,-0.5554179105937436,-0.7893398091962072,-0.0097900948467311,0.6858112283690864,-0.9846410255438572,-0.678202366353581,0.2943303182203099,0.7006557991104949,-1.5690276901789348,-0.0385080331236709,0.7573670642959698,-0.0917736138017611,0.4036385091866795,-0.1982109722331484,1.2984155581900458,-1.4142092842399403,1.3146720698310994,0.8514870856105208,-1.1513605576742534,0.9651602117091684,2.031002334368803,1.4948898699917677,-0.8302328282627705,-0.3747481436234186,0.14043539935892843,-0.4818721753037693,-0.6432226423132432,-0.044492701105821514,-0.6862362569643382,1.132003224628677,3,6,2,1,1,1,1,0,0,0,0,0,0,1,1,0,0,0,0,0,0,0,0,0,0,0,0,0,0,0,0,0,0,0,0,0,0,0,0,0,True
FR_007,47.236,5.097,0.4669788422889004,0.1599591436319453,0.0382093074314507,-0.1376201748720929,-0.2607225763684911,0.0386808398809972,-0.1625961014526962,0.3934845163336291,-0.2800044547984288,0.8664748058398795,0.1347326178887016,0.1646104796212512,0.244605688529973,-0.0281807504549742,0.5274021711725948,0.5852901893429566,-0.3946983853105992,-0.5317018972468898,-0.2861395010521673,1.984945976479236,1.6770339978206446,0.8665353606551546,2.583278770508207,1.405143637078309,-0.1415159783935702,0.4166946749956525,0.3307685003626933,-0.5468743558499735,0.0179728148425136,-2.158010211909509,2.6267444094790635,1.5765173457682524,2.2903231822077896,-0.2609290764358934,0.1890517700549435,0.4994232213122394,2.553285961317318,0.2290882194135078,1.1499021863938088,-0.4403394352894464,-0.6095914223457144,1.583346173400541,0.0619231508205603,-0.2638799859079913,5.352702387566198,0.1823855548165586,-0.0072108967557229,1.0343929224445467,-0.1990867179354937,0.5325789261360343,-1.1029674225216488,1.3251861412093269,0.0993953946840451,-1.1982167476352907,1.0184390781939507,1.993053970748788,1.1545979084785667,-0.9988892107491862,-0.0235025596985278,0.08427357714400602,-0.41233832436056717,-2.55413383440286,-0.03396582293865939,-0.32503856476800824,-1.3371561254026276,3,6,7,1,1,1,1,0,0,0,0,0,0,0,0,0,0,0,0,0,0,0,0,0,0,0,0,0,0,0,0,0,0,0,0,0,0,0,0,0,True
FR_001,47.237,5.098,0.4669788422889004,0.1599591436319453,0.0382093074314507,-0.1376201748720929,-0.2607225763684911,0.0386808398809972,-0.1625961014526962,0.3737876106294271,-0.076627458988732,1.2932468472076402,0.2389551320888386,0.1444531309552707,1.83731916424437,-0.0374388235030788,0.4379942280684588,0.6762329270896195,-0.1380246697799634,-0.1948146127348943,0.0369010623640495,1.1241770850087156,0.8381814410416492,0.8674937336998658,1.9065538496093288,1.3698350458233772,0.0965894107885009,0.4766663821500853,0.5929596424033715,-0.2932990271278419,0.1722452385676266,-1.4493801009501146,1.208408720496312,-0.1429536801399053,0.7593776612266905,4.954445426499422,0.6827833040822275,1.554264353218222,1.9961816662317304,1.1049753717010509,1.6139931444185314,0.2363598390809018,-0.637637650334895,0.2943303182203099,1.2350425628562065,-0.8027024326253532,0.7354134222792762,-0.3194164898200184,-0.2854949229184266,1.3287449819648849,0.0190535751941496,0.5325789261360343,-1.1029674225216488,1.3251861412093269,0.0993953946840451,-1.1982167476352907,1.0184390781939507,1.993053970748788,1.1545979084785667,-0.9988892107491862,-0.0235025596985278,0.08427357714400602,-0.41233832436056717,0.5065234197807936,-0.04139927638126064,0.20900340951532853,-1.1209365120268802,3,6,7,1,1,1,1,0,0,0,0,0,0,0,0,0,0,0,0,0,0,0,0,0,0,0,0,0,0,0,0,0,0,0,0,0,0,0,0,0,True
FR_008,47.237,5.098,0.4669788422889004,0.1599591436319453,0.0382093074314507,-0.1376201748720929,-0.2607225763684911,0.0386808398809972,-0.1625961014526962,0.3737876106294271,-0.076627458988732,1.2932468472076402,0.2389551320888386,0.1444531309552707,1.83731916424437,-0.0374388235030788,0.4379942280684588,0.6762329270896195,-0.1380246697799634,-0.1948146127348943,0.0369010623640495,1.1241770850087156,0.8381814410416492,0.8674937336998658,1.9065538496093288,1.3698350458233772,0.0965894107885009,0.4766663821500853,0.5929596424033715,-0.2932990271278419,0.1722452385676266,-1.4493801009501146,1.208408720496312,-0.1429536801399053,0.7593776612266905,4.954445426499422,0.6827833040822275,1.554264353218222,1.9961816662317304,1.1049753717010509,1.6139931444185314,0.2363598390809018,-0.637637650334895,0.2943303182203099,1.2350425628562065,-0.8027024326253532,0.7354134222792762,-0.3194164898200184,-0.2854949229184266,1.3287449819648849,0.0190535751941496,0.5325789261360343,-1.1029674225216488,1.3251861412093269,0.0993953946840451,-1.1982167476352907,1.0184390781939507,1.993053970748788,1.1545979084785667,-0.9988892107491862,-0.0235025596985278,0.08427357714400602,-0.41233832436056717,0.5065234197807936,-0.04139927638126064,0.20900340951532853,-1.1209365120268802,3,6,7,1,1,1,1,0,0,0,0,0,0,0,0,0,0,0,0,0,0,0,0,0,0,0,0,0,0,0,0,0,0,0,0,0,0,0,0,0,True
FR_009,47.237,5.098,0.4669788422889004,0.1599591436319453,0.0382093074314507,-0.1376201748720929,-0.2607225763684911,0.0386808398809972,-0.1625961014526962,0.3737876106294271,-0.076627458988732,1.2932468472076402,0.2389551320888386,0.1444531309552707,1.83731916424437,-0.0374388235030788,0.4379942280684588,0.6762329270896195,-0.1380246697799634,-0.1948146127348943,0.0369010623640495,1.1241770850087156,0.8381814410416492,0.8674937336998658,1.9065538496093288,1.3698350458233772,0.0965894107885009,0.4766663821500853,0.5929596424033715,-0.2932990271278419,0.1722452385676266,-1.4493801009501146,1.208408720496312,-0.1429536801399053,0.7593776612266905,4.954445426499422,0.6827833040822275,1.554264353218222,1.9961816662317304,1.1049753717010509,1.6139931444185314,0.2363598390809018,-0.637637650334895,0.2943303182203099,1.2350425628562065,-0.8027024326253532,0.7354134222792762,-0.3194164898200184,-0.2854949229184266,1.3287449819648849,0.0190535751941496,0.5325789261360343,-1.1029674225216488,1.3251861412093269,0.0993953946840451,-1.1982167476352907,1.0184390781939507,1.993053970748788,1.1545979084785667,-0.9988892107491862,-0.0235025596985278,0.08427357714400602,-0.41233832436056717,0.5065234197807936,-0.04139927638126064,0.20900340951532853,-1.1209365120268802,3,6,7,1,1,1,1,0,0,0,0,0,0,0,0,0,0,0,0,0,0,0,0,0,0,0,0,0,0,0,0,0,0,0,0,0,0,0,0,0,True
FR_001,47.237,5.098,0.4669788422889004,0.1599591436319453,0.0382093074314507,-0.1376201748720929,-0.2607225763684911,0.0386808398809972,-0.1625961014526962,0.4394439629767668,-0.0238022652719276,1.3999398575495805,0.0174822894135475,0.0839810849573289,0.6517655244268867,0.073658053074177,1.1085538013494791,1.0482713996896025,-0.0271695015955351,-0.0533549243416667,0.1401766063578165,0.8182800658125854,0.7687019781020937,1.3687850672700694,0.8657973944191986,1.5719380061945505,-0.0726661461063593,0.2267901574440743,-0.2182120451248721,-0.0472279879097392,0.7139818830785454,-2.188307970108848,2.343077271682513,1.146649589291213,1.98413407801157,1.0501985918998005,1.1765148381095116,1.730071208535886,0.8819730760605554,1.9808625239885935,2.078084102443253,-0.1976103477435606,1.8759303018971611,-2.283701392140152,-0.3471250652181847,-0.2998014823558154,0.3490973131344831,0.5378286697674673,-0.0214539815124179,1.756256306506328,5.733294282997125,0.5325789261360343,-1.1029674225216488,1.3251861412093269,0.0993953946840451,-1.1982167476352907,1.0184390781939507,1.993053970748788,1.1545979084785667,-0.9988892107491862,-0.0235025596985278,0.08427357714400602,-0.41233832436056717,0.5065234197807936,-0.04139927638126064,0.20900340951532853,-1.1209365120268802,3,6,7,1,1,1,1,0,0,0,0,0,0,0,0,0,0,0,0,0,0,0,0,0,0,0,0,0,0,0,0,0,0,0,0,0,0,0,0,0,True
FR_008,47.237,5.098,0.4669788422889004,0.1599591436319453,0.0382093074314507,-0.1376201748720929,-0.2607225763684911,0.0386808398809972,-0.1625961014526962,0.4394439629767668,-0.0238022652719276,1.3999398575495805,0.0174822894135475,0.0839810849573289,0.6517655244268867,0.073658053074177,1.1085538013494791,1.0482713996896025,-0.0271695015955351,-0.0533549243416667,0.1401766063578165,0.8182800658125854,0.7687019781020937,1.3687850672700694,0.8657973944191986,1.5719380061945505,-0.0726661461063593,0.2267901574440743,-0.2182120451248721,-0.0472279879097392,0.7139818830785454,-2.188307970108848,2.343077271682513,1.146649589291213,1.98413407801157,1.0501985918998005,1.1765148381095116,1.730071208535886,0.8819730760605554,1.9808625239885935,2.078084102443253,-0.1976103477435606,1.8759303018971611,-2.283701392140152,-0.3471250652181847,-0.2998014823558154,0.3490973131344831,0.5378286697674673,-0.0214539815124179,1.756256306506328,5.733294282997125,0.5325789261360343,-1.1029674225216488,1.3251861412093269,0.0993953946840451,-1.1982167476352907,1.0184390781939507,1.993053970748788,1.1545979084785667,-0.9988892107491862,-0.0235025596985278,0.08427357714400602,-0.41233832436056717,0.5065234197807936,-0.04139927638126064,0.20900340951532853,-1.1209365120268802,3,6,7,1,1,1,1,0,0,0,0,0,0,0,0,0,0,0,0,0,0,0,0,0,0,0,0,0,0,0,0,0,0,0,0,0,0,0,0,0,True
FR_009,47.237,5.098,0.4669788422889004,0.1599591436319453,0.0382093074314507,-0.1376201748720929,-0.2607225763684911,0.0386808398809972,-0.1625961014526962,0.4394439629767668,-0.0238022652719276,1.3999398575495805,0.0174822894135475,0.0839810849573289,0.6517655244268867,0.073658053074177,1.1085538013494791,1.0482713996896025,-0.0271695015955351,-0.0533549243416667,0.1401766063578165,0.8182800658125854,0.7687019781020937,1.3687850672700694,0.8657973944191986,1.5719380061945505,-0.0726661461063593,0.2267901574440743,-0.2182120451248721,-0.0472279879097392,0.7139818830785454,-2.188307970108848,2.343077271682513,1.146649589291213,1.98413407801157,1.0501985918998005,1.1765148381095116,1.730071208535886,0.8819730760605554,1.9808625239885935,2.078084102443253,-0.1976103477435606,1.8759303018971611,-2.283701392140152,-0.3471250652181847,-0.2998014823558154,0.3490973131344831,0.5378286697674673,-0.0214539815124179,1.756256306506328,5.733294282997125,0.5325789261360343,-1.1029674225216488,1.3251861412093269,0.0993953946840451,-1.1982167476352907,1.0184390781939507,1.993053970748788,1.1545979084785667,-0.9988892107491862,-0.0235025596985278,0.08427357714400602,-0.41233832436056717,0.5065234197807936,-0.04139927638126064,0.20900340951532853,-1.1209365120268802,3,6,7,1,1,1,1,0,0,0,0,0,0,0,0,0,0,0,0,0,0,0,0,0,0,0,0,0,0,0,0,0,0,0,0,0,0,0,0,0,True
FR_010,47.232,5.106,0.4669788422889004,0.8693950976584479,0.8282233089746469,-1.1747410292415723,-0.3969179077002677,0.4256294843801054,-0.1394756542791283,0.3934845163336291,-0.1690715479931396,0.1793718192377845,-0.6339084243373084,0.1242957822892901,0.2805315564032303,-0.0536404513372619,0.1921223845320847,0.5191500164362928,-0.5366669589458677,-0.6296476874839102,-0.44751823724481,1.2050862253289112,0.2656464432632025,-0.9819421003211934,-0.7149552231343153,1.2438836893678729,0.721945476825596,0.4006584375801978,0.6633915063493189,-0.8308813965267424,0.6835010569067224,-2.201454560258193,0.0737401693101102,-0.5728214366169448,-0.465378755558189,-0.4648822692881125,-0.7984112979996244,-0.5554179105937436,-0.7893398091962072,-0.2486684091069701,0.6858112283690864,-0.0652126636276229,0.3105174478229399,0.2943303182203099,-0.8068026453553102,-1.55705385802966,-0.6050139882299927,1.0919017607203545,0.0214416340351486,1.7912982183539874,0.6805600334475097,1.1678164777594868,-1.3398451482039606,1.284524588037938,0.5711556710943869,-1.2559063039291885,1.2986560974600676,2.0776492669082414,1.2475913523735194,-0.8302328282627705,-0.577225551010321,0.14043539935892843,-0.4818721753037693,-1.1111142636046163,-0.052295518694639026,-0.7231941790600709,-1.134555138642096,3,6,2,0,0,0,0,0,0,0,0,0,0,0,0,0,0,0,0,0,0,0,0,0,0,0,0,0,0,0,0,0,0,0,0,0,0,0,0,0,True
FR_011,47.23,5.102,0.4669788422889004,1.1042510503052136,0.6584853492256086,-1.2106152329823043,-0.2607225763684911,0.0478939028452521,-0.0932347599319933,0.3343937992210232,-0.1558652495639385,0.2220490233745607,0.1607882464387358,0.1444531309552707,0.0889269277458593,0.1384645644109095,0.4379942280684588,0.4943474515962937,-0.5035250756204629,-0.5961852126316727,-0.4089513709960634,1.3697819859660831,0.4917868243097401,-0.9819421003211934,-0.7149552231343153,-1.0535879090813047,0.9245135311364512,0.1485881662086347,0.3992248067091105,-0.211873293688921,-2.005298012238657,0.2898044992663124,0.3574073071066607,-0.5728214366169448,-0.1591896513619691,-0.4648822692881125,-0.7984112979996244,-0.3796110552760798,-0.2322355141106196,-0.2884814614836766,-0.2423706876803585,-0.5506708387193946,1.0351453126077776,-0.994685536959921,1.5113430559540757,-0.8027024326253532,-0.6295853308611103,0.7678212735592318,-0.2608478598084584,0.9573007163796964,-0.168992911073083,1.2324091097105123,-1.4250140835626155,1.372039273673164,0.5044356830794186,-1.2040293070223107,1.0232920377838275,1.3893188779754173,1.1965412431294011,-0.8302328282627705,-0.3366365708342442,0.14043539935892843,-0.4818721753037693,-1.194167761460247,-0.054650215126767356,-0.787573559425048,0.3884037381225891,3,6,2,0,0,0,1,0,0,0,0,0,0,0,0,1,1,0,0,0,0,0,0,0,0,0,0,0,0,0,0,0,0,0,0,0,0,0,0,0,True
FR_012,47.231,5.102,0.4669788422889004,1.0763089703307247,0.6556474348511332,-1.1919891563381098,-0.2607225763684911,0.0755330917380456,-0.1221353188989525,0.2096467297610779,-0.1558652495639385,-0.0894945668239048,0.0305101036885646,0.1041384336233095,-0.3741175915094541,0.1824404113894066,0.4603462138444928,-0.1174491477903459,-0.5444436758209887,-0.6374996309088402,-0.3950806555511751,0.8902669858118237,0.1688440191722543,0.7059444988656345,-0.7149552231343153,0.2281390813615703,0.7802356105917402,0.1009014552308796,-0.6841055396601246,-1.1197113871447453,-0.3173333477516619,-0.4220867152322884,0.3574073071066607,-1.0026891930939843,-0.1591896513619691,-0.1152482243985941,-0.0578139969586984,-0.5554179105937436,-0.7893398091962072,-0.4079206186137961,-0.2423706876803585,-1.617207738542226,0.843516149694578,-0.994685536959921,-0.5474815121684832,-0.3476968109529142,-0.103652426087035,0.7782754828224938,-0.0247300189766712,0.0181774788624273,0.0181778294918043,1.2324091097105123,-1.4250140835626155,1.372039273673164,0.5044356830794186,-1.2040293070223107,1.0232920377838275,1.3893188779754173,1.1480562846723634,-0.8302328282627705,-0.4064254679062642,0.14043539935892843,-0.4818721753037693,-0.4227614872020097,-0.05372680476122687,-0.7951631327125644,0.11390737629038301,3,6,2,0,0,0,1,0,0,0,0,0,0,0,0,0,0,0,0,0,0,0,0,0,0,0,0,0,0,0,0,0,0,0,0,0,0,0,0,0,True
FR_013,47.235,5.103,0.4669788422889004,0.4656993246559196,1.2779176867462745,-1.2109953569954512,-0.4114660453652529,0.8033650659149311,-0.1365855983824326,0.2556061764042156,0.1082607190200832,0.1836395396514621,-0.0997680390616066,0.1041384336233095,2.015391716002814,-0.111503407887916,0.6615140858287989,0.6679654054762859,-0.5553072435634245,-0.6484682852492585,-0.4442725712231106,1.8093894852402064,0.3184706659442821,-0.9819421003211934,-0.7149552231343153,-1.0535879090813047,0.4814911012401652,0.2614517148660399,0.2033013047842255,-0.1805967560166998,1.1645488868045923,-0.0364470692614026,0.3574073071066607,-0.5728214366169448,-0.1591896513619691,-0.4648822692881125,-0.7984112979996244,-0.5554179105937436,-0.7893398091962072,-0.2884814614836766,-0.2423706876803585,-0.7345565111026414,0.7755070560727453,0.2943303182203099,-0.0377919992024695,-0.8865192576702763,0.3413618904543165,1.0187222958775204,0.0637101955368229,0.1092864496663414,-0.4788476632119779,0.8818451469962281,-1.2623415778132887,1.3465427698008423,0.0993953946840451,-1.1605619705051642,0.9548780330352205,2.155420263701581,1.2712566115125516,-0.8302328282627705,-0.4064254679062642,0.14043539935892843,-0.4818721753037693,-1.280336410909833,-0.05021784537217287,-0.7806769471768265,-1.6353962534772988,6,6,2,0,0,0,0,0,0,0,0,0,0,0,0,1,1,0,0,0,0,0,0,0,0,0,0,0,0,0,0,0,0,0,0,0,0,0,0,0,True
FR_014,47.237,5.099,0.4669788422889004,0.547625819765256,1.1212187930421238,-1.1737907192087051,-0.2607225763684911,0.6006776807011218,-0.1683762132460875,0.4131814220378307,0.0554355253032788,0.4140964419900528,-0.0606845962365551,0.0638237362913483,1.801393296371113,-0.0652130426473927,0.3932902565163907,1.1144115725962662,-0.564196387718388,-0.4555235163510014,-0.4487102378617009,0.8232204892174706,-0.2784620342900537,-0.9819421003211934,-0.7149552231343153,0.5764896903077141,0.8246279853434063,0.108459053386783,0.2058384948625088,-0.3005548693096889,0.0536062953036597,0.6100700278607196,-0.4935941062829906,-0.5728214366169448,-1.0777569639506288,-0.4648822692881125,-0.7984112979996244,-0.5554179105937436,-0.7893398091962072,0.1494621146600948,0.2217202703443639,-0.1608332132669113,0.8077662367641633,-0.994685536959921,-0.2847645069994477,-0.3955921395500131,-0.3263870967894805,1.332348573775381,-0.0141212882818822,-0.2271159040711876,0.0955619042808603,0.5325789261360343,-1.1029674225216488,1.3251861412093269,0.0993953946840451,-1.1982167476352907,1.0184390781939507,1.993053970748788,1.1545979084785667,-0.9988892107491862,-0.0235025596985278,0.08427357714400602,-0.41233832436056717,-1.0443973992780244,-0.02399299099082162,-0.3897974237973612,0.21888812813044356,3,6,7,0,0,0,1,0,0,0,0,0,0,0,0,0,0,0,0,0,0,0,0,0,0,0,0,0,0,0,0,0,0,0,0,0,0,0,0,0,True
FR_015,47.243,5.092,0.4669788422889004,0.5793673893680041,0.9934359458022238,-1.1029926217601085,-0.441490925227031,0.9415610103788984,-0.1712662691427841,0.6364130200187859,-0.1558652495639385,-0.4351799203317907,-0.6339084243373084,0.0638237362913483,-0.2463811724045401,-0.0582694878613143,0.3262342991882888,0.3537995841696333,-0.6293257094267195,-0.7232027542663858,-0.5702357373128151,0.3914743688495294,-0.1045779297188876,-0.9819421003211934,-0.7149552231343153,1.1067312710985342,0.707139871187583,0.4160101348755367,-0.4868467379940349,-0.729576361779011,-0.5145844178448492,-0.0134885688900346,0.9247415826997616,-0.5728214366169448,0.4531885570304705,-0.4357460988806527,-0.7984112979996244,-0.5554179105937436,-0.7893398091962072,-0.0894161996001441,0.6858112283690864,-1.0214181600205066,0.2154250868295808,0.2943303182203099,-0.8348957681172164,-0.4075659716992878,0.2719705987645863,0.903725993981638,-0.2366358954242114,-0.1570320803758691,-0.9822422155691805,1.377396500848534,-1.3989252943342667,1.2424946711573897,0.7977400577742625,-1.2353280714996318,0.9713196527477151,1.8384945699689748,0.8815821334164091,-0.8302328282627705,-0.4431565216752164,0.08427357714400602,-0.41233832436056717,-0.9021217918898256,-0.037243929736328334,-0.7080150324850377,-1.6758320240502698,3,6,2,0,0,0,0,0,0,0,0,0,0,0,0,0,0,0,0,0,0,0,0,0,0,0,0,0,0,0,0,0,0,0,0,0,0,0,0,0,True
FR_016,47.237,5.101,0.4669788422889004,0.9773639279281442,0.9088354172874528,-1.289490965710271,-0.4495388311693631,0.287433539916138,-0.1279154306923447,0.4066157868030969,-0.0502148621303298,0.0043952822770025,-0.1258236676116408,0.4064986636130183,0.8713124947634578,0.0574564252399938,0.5050501853965609,0.9821312267829384,-0.5685144705867334,-0.6618032698002569,-0.4445322218321776,1.1390077654242976,-0.7391508232133105,-0.9819421003211934,-0.7149552231343153,0.2281390813615703,0.478201388737446,0.0085714204035563,-2.6320680294871166,0.4133250188224127,0.3880840632382815,-0.198098869420095,-0.2099269684864401,-1.0026891930939843,-0.7715678597544089,-0.3192014172508132,-0.3046797639723404,-0.5554179105937436,-0.7893398091962072,-0.4079206186137961,-0.2423706876803585,0.3614020963015097,1.328246450606296,1.583346173400541,-0.0933608134567896,-0.8386239290731774,-0.118516571629316,0.6005539253470394,-0.1287442084667133,-0.1990823745930602,0.5526215476594305,0.5325789261360343,-1.1029674225216488,1.3251861412093269,0.0993953946840451,-1.1982167476352907,1.0184390781939507,1.993053970748788,1.3396869323306004,-0.8302328282627705,-0.4330571195255014,0.14043539935892843,-0.4818721753037693,-1.453998352676478,-0.04850953619592286,-0.7401387263780697,-1.309370199338966,3,6,2,0,0,0,0,0,0,0,0,0,0,1,1,0,0,0,0,0,0,0,0,0,0,0,0,0,0,0,0,0,0,0,0,0,0,0,0,0,True
FR_017,47.231,5.099,0.4669788422889004,0.5335360457271288,1.1454561158079153,-1.1696568705657335,-0.2607225763684911,-0.1179412305115081,-0.1047949835187768,0.2884343525778854,-0.2456680788825059,-0.379699554953982,-0.0346289676865209,0.0638237362913483,-0.4379858010619111,-0.1739954009626225,0.2144743703081187,0.1636465870629755,-0.581553806435372,-0.6749687391141411,-0.488701130609438,-0.1136841298420569,-0.4030442798363881,-0.9819421003211934,-0.7149552231343153,0.2281390813615703,-0.8691787720100768,0.3469878042352497,0.1977093780421035,-0.7813590966023665,-0.609551071712242,-0.2545927482484664,-0.2099269684864401,-1.0026891930939843,-0.7715678597544089,-0.3192014172508132,-0.3046797639723404,-0.5554179105937436,-0.7893398091962072,-0.4079206186137961,-0.2423706876803585,-1.043484440706496,-0.2884440563580155,-0.994685536959921,-0.8268691616138146,-0.8745454255210016,0.0423347176317961,1.2382606904060227,6.493164065518117,0.726024098185145,0.7446486962100509,1.2324091097105123,-1.4250140835626155,1.372039273673164,0.5044356830794186,-1.2040293070223107,1.0232920377838275,1.3893188779754173,1.2899193984800224,-0.9988892107491862,0.4411480553369285,0.08427357714400602,-0.41233832436056717,0.319667118406472,-0.05266488284085517,-0.6875396836811074,1.0955002842348573,3,6,7,0,0,0,1,0,0,0,0,0,0,1,1,0,0,0,0,0,0,0,0,0,0,0,0,0,0,0,0,0,0,0,0,0,0,0,0,0,True
FR_018,47.235,5.096,0.4669788422889004,0.5714517859757976,1.00087588348666,-1.1028500752551784,-0.4331334844407628,0.2782204769518555,-0.1047949835187768,0.5707566676714462,-0.1294526527055364,0.0812142497231996,0.0305101036885646,0.1041384336233095,0.3364162397616302,0.0829161261222816,0.2144743703081187,0.6100927541829557,-0.5436625878025941,-0.6367109871882561,-0.4649199777738146,1.1720543917382051,-0.1586397549055735,-0.9819421003211934,-0.7149552231343153,1.203487239725904,0.6926886446535868,0.1757280728822177,0.9300934699526212,0.7471539741727302,0.4229739494864282,-0.2471438088632424,0.3574073071066607,-0.5728214366169448,-0.1591896513619691,-0.3192014172508132,-0.3046797639723404,-0.5554179105937436,-0.7893398091962072,-0.0894161996001441,0.6858112283690864,1.5235595457636295,1.572958817567687,-2.283701392140152,0.3335929093972362,-1.185865061402144,-0.1245077323325824,0.370561321555275,-0.2132813314700619,0.7610660100328043,-0.0758454136418119,0.6460012042620934,-1.1661042293611086,1.3491975861484198,0.200537927099628,-1.2198474625772373,1.1410129917510707,1.4974096815650806,1.0583338055864964,-0.9988892107491862,-0.0418679114346887,0.08427357714400602,-0.41233832436056717,-0.8818524208866223,-0.046847397537949836,-0.7303382773937548,-1.44766915959251,3,6,7,0,0,0,0,0,0,0,0,0,0,1,1,0,0,0,0,0,0,0,0,0,0,0,0,0,0,0,0,0,0,0,0,0,0,0,0,0,True
FR_019,47.317,5.071,0.4669788422889004,0.3501315151297054,0.4168024250641903,-0.6081661876462239,-0.2854853638833595,-0.4772506861178151,0.0512680349028046,0.2687374468736835,-0.1215288736480157,0.815262160875748,-0.1258236676116408,0.0235090389593871,0.0250587181934021,-0.039753341765105,0.0803624556519146,0.4860799299829609,-0.2178130845957107,-0.30770944253807,-0.1212680729580884,0.6040360603051991,0.0200043158267818,0.4044159954120673,2.157968410722956,1.4598326378133692,0.714039946814147,0.2614193199804692,0.9680632366141332,0.812365495063814,-0.5131049407353625,-1.388144139580246,0.6410744449032111,-0.5728214366169448,0.1469994528342507,-0.3774737580657329,-0.3046797639723404,0.4994232213122394,1.9961816662317304,-0.0894161996001441,1.1499021863938088,0.802727710021302,1.203543050620068,1.583346173400541,0.5036952241424049,-1.1978388935514188,0.1998491578936208,0.9769054588244722,-0.1877512738873068,1.076443216661738,0.466400402601254,0.5500301685622175,-0.7840063513204772,0.8357315873092195,0.5238778104926292,-0.2119007062629193,-0.1692116299583508,0.1361535811064217,1.4444810484444195,0.0241652889339014,-0.1116564582100784,0.011827027316244408,-0.3448039639765462,-0.9982130070344128,0.23931747474306236,-0.34025070948776964,-0.767173122776906,6,6,0,0,0,0,0,0,0,0,0,0,0,0,0,0,0,0,0,0,0,0,0,0,0,0,0,0,0,0,0,0,1,1,1,0,0,0,0,0,True
FR_020,47.317,5.073,0.4669788422889004,0.2153287893604294,0.587153987921223,-0.6327317019958377,-0.284556759351552,0.1031722806308391,-0.0036430271344182,0.2096467297610779,0.0131753703298353,0.5677343768824469,0.1477604321637187,0.0839810849573289,0.2206551099478019,0.1523516739830665,0.1921223845320847,0.7754431864496144,-0.3657130421304413,-0.4919650208130659,-0.3268939530258555,0.8684608894079149,0.4065099202268801,1.8482373082853265,-0.7149552231343153,0.6073205662704652,0.2125223963593759,0.2410825800033492,1.1393340757013886,1.2572038174913516,1.769783569103185,-0.3580436005571376,0.6410744449032111,-0.1429536801399053,0.1469994528342507,0.6131560357879025,1.917112139150437,-0.5554179105937436,-0.7893398091962072,0.6272187431805728,0.2217202703443639,1.9795960132740815,1.7968471611723047,0.2943303182203099,0.0736543449409167,-0.1800631608630683,-0.1391443654430938,0.5378286697674673,-0.1080514249522696,-0.7457361994165451,-1.0886055117812985,0.5500301685622175,-0.7840063513204772,0.8357315873092195,0.2314586858701144,-0.2119007062629193,-0.1692116299583508,0.1361535811064217,1.5960925303541,0.0241652889339014,0.2459718806164791,0.011827027316244408,-0.3448039639765462,0.7787590673653724,0.21138431118546108,-0.6062652532152238,1.8284421552644723,6,6,0,0,0,0,0,0,0,0,0,0,0,0,0,0,0,0,0,0,0,0,0,0,0,0,0,0,0,0,0,0,1,1,1,0,0,0,0,0,True
FR_021,47.232,5.113,0.4669788422889004,0.674908722311936,0.787342001904499,-1.0326221638263018,-0.2474125780792492,-0.0165975379045896,0.0021370846589731,0.5051003153241065,0.0290229284448766,0.1665686579967516,-0.047656781961538,0.0436663876253677,-0.4739116689351682,-0.2503745036094859,0.2368263560841527,0.2297867599696393,-0.3305002914322413,-0.4214867070318414,-0.2814537004781345,2.009226974941981,0.9933335154916556,-0.9819421003211934,-0.7149552231343153,-1.0535879090813047,0.6394116589631967,0.2572749646467343,1.6252959489233407,-0.1892298559547313,1.6365624173545394,-1.1767335457935808,1.208408720496312,-0.1429536801399053,0.7593776612266905,-0.4648822692881125,-0.7984112979996244,-0.5554179105937436,-0.7893398091962072,-0.2884814614836766,-0.2423706876803585,-0.6830685228353323,1.4401906224086043,0.2943303182203099,-0.4017677325682661,-1.221786557849968,-0.2172569670173256,0.9873596680877342,-0.0011579056596612,-1.3274319360876894,-1.5388184160324418,0.5490235131978466,-1.0709321796793567,1.266866580911216,0.3413715350955832,-0.4892049864859929,0.3855971230097803,1.5377302550077911,1.0258822627965816,-0.8302328282627705,-0.3747481436234186,0.14043539935892843,-0.4818721753037693,0.40932773125004523,-0.05155679040220661,0.012911934467211287,0.43216798890895675,6,6,2,0,0,0,0,0,0,0,0,0,0,0,0,1,1,0,0,0,0,0,0,0,0,0,0,0,0,0,0,0,0,0,0,0,0,0,0,0,True
FR_022,47.234,5.116,0.4669788422889004,0.63596395362228,0.6985996524107635,-0.9543166171180548,-0.3000335015483448,0.3887772325230288,0.0628282584895881,0.2687374468736835,0.1610859127368875,0.8750102466672343,-0.6339084243373084,0.1847678282872318,0.2126715837537448,-0.2040841383689626,0.2815303276362207,0.4199397570762971,-0.2180975322326406,-0.3079966417235866,-0.0734985055234816,1.5933356723995258,1.0000302384286273,-0.9819421003211934,0.5609758562232795,1.1566321336028609,0.7909473361966545,0.1606287620723042,0.0132126455665405,0.2024546925565392,1.0602812208655996,0.5206367452159906,0.9247415826997616,0.7167818328141736,0.4531885570304705,-0.4940184396955724,-1.0452770650132663,-0.2038041999584159,0.3248687809749678,0.0698360099066818,0.6858112283690864,0.6997517334866838,2.9759924374899573,0.2943303182203099,-0.0297653926990678,0.5024452716455902,0.0343717825198599,1.5832495960936694,0.2822449290409382,0.5998732155335715,0.5607420987175413,0.4546822469091143,-1.5367414519739993,2.024595039425752,-0.1318321745146922,-1.0641705731643625,1.5659635215361762,2.253772558511459,1.0098488471294584,-0.2652879933003497,-0.3793363288877856,0.14043539935892843,-0.4818721753037693,0.1873121912038822,-0.060421529911395704,-0.1691718281437287,-0.37040269174288154,6,6,2,0,0,0,0,0,0,0,0,0,0,0,0,0,0,0,0,0,0,0,0,0,0,0,0,0,0,0,0,0,0,0,0,0,0,0,0,0,True
FR_023,47.218,5.086,0.4669788422889004,-0.0653585069272111,1.2852042236537111,-0.9008141622676388,-0.2607225763684911,0.6559560584867081,-0.156815989659304,0.2753030821084176,-0.1822778464223407,0.3799546786806321,-0.0737124105115723,0.1444531309552707,-0.27432351408374,-0.2989793871120353,-0.0761014447803234,1.205354310342929,-0.4741675312174926,-0.2217766541162127,-0.5492956798610039,0.8862142897301861,0.0374299609190367,0.8665353606564881,0.5609758562232795,1.2349039701413416,-0.5821917852848489,0.6035780769865989,-0.0034707569136285,0.2284433715240083,0.008699777075614,0.0738219581231484,0.0737401693101102,-0.5728214366169448,-0.465378755558189,-0.3774737580657329,-0.0578139969586984,-0.2038041999584159,0.3248687809749678,0.3087143241669208,1.1499021863938088,0.0469575965261576,-0.4275918656090574,-2.283701392140152,0.1730607793292004,-0.1291743742286508,-0.1942782114085952,0.2973818567124408,-0.3431710981191672,-2.280571938344022,-2.1562191361858667,0.6103089167316696,-1.137658994765529,1.3287722752105344,0.2739677936081608,-1.3465938325361275,1.1798790866989382,1.5424760733618037,1.2866487394829047,-0.9988892107491862,-0.1943015919126936,0.08427357714400602,-0.41233832436056717,-1.4020370497341408,-0.016144002883726985,-0.4881813923048852,-1.5819279846478582,6,6,7,0,0,0,1,1,1,1,0,0,0,0,0,0,0,1,1,0,0,1,1,0,0,0,0,0,0,0,0,0,0,0,0,0,0,0,0,0,True
FR_024,47.226,5.042,0.4669788422889004,0.4354617196976906,0.8910409271556062,-0.9531762450786144,-0.4136327892728039,0.2413682250948065,-0.1654861573493918,0.3278281639862894,-0.2192554820241037,-0.0297464810324181,0.0826213607886331,0.2049251769532124,-0.3302081974421399,-0.167051846176544,-0.0984534305563574,1.238424396796261,-0.5881145020474204,-0.6920155038548255,-0.5196880237801174,0.3131915524554957,0.7949882270331097,0.4829416292179727,-0.7149552231343153,0.2281390813615703,0.8229172175647153,-0.0018422873250275,0.4941479027819794,0.1957118363184592,-0.0974322961286278,0.7616142525943044,0.6410744449032111,-0.5728214366169448,0.1469994528342507,-0.4066099284731928,-0.3046797639723404,-0.5554179105937436,-0.7893398091962072,-0.4079206186137961,-0.2423706876803585,0.6482637452193748,1.1904227122045286,1.583346173400541,-0.7475292434840355,0.2030994679137224,-0.1929131368179776,0.7260044365061837,-0.0958430665893882,-0.9209457586548416,-1.0620943009739368,0.5766987749113281,-1.0912663363780832,1.2801204653987828,-0.1079254164350972,-1.323964821037911,1.5325178478175068,2.0133317489943803,1.2309808695228934,-0.8302328282627705,-0.4068840061953966,0.08427357714400602,-0.41233832436056717,-1.1664703536876606,0.025363293047320018,-0.4796513718926112,0.06813773642167356,3,6,2,0,0,0,0,0,0,0,0,0,0,0,0,0,0,0,0,0,0,0,0,0,0,0,0,0,0,0,0,0,0,0,0,0,0,0,0,0,True
FR_025,47.23,5.05,0.4669788422889004,0.7742495448841266,0.5908356065691914,-0.970566918680082,-0.4114660453652529,-0.2192849231184103,-0.0614441450683375,-0.1842913843229602,-0.367166024431156,-0.7894007146670322,-0.6339084243373084,-0.2788511910303217,-0.557738693972768,-0.6114393524855674,-0.999238457330528,1.3789722642229212,-0.0441395293791603,1.026059770307516,-0.3224508513227867,0.6649500713630371,0.2560290507545105,-0.9819421003211934,0.8820373313653624,1.5384210256280817,0.0397342323902693,0.57328532966961,0.2555758350839064,-0.3924608580063803,-0.0157066667948224,-0.6478147427474702,0.3574073071066607,-0.5728214366169448,-0.1591896513619691,-0.3192014172508132,-0.3046797639723404,0.4994232213122394,0.8819730760605554,1.184601476454464,1.6139931444185314,-0.528604558033405,1.8169489640658372,0.2943303182203099,-1.1139747019278017,-0.5392781253413096,0.1988632706892859,0.4437407863981091,-0.3504270092216344,-1.3834989950439442,-1.9872002156332271,0.5923317390559001,-1.1305937717865024,1.3293804368590496,0.1264005280167924,-1.2472384633955944,1.6247058558972147,2.145696441362325,1.3914428555967238,-0.8302328282627705,-0.4174450993039172,0.08427357714400602,-0.41233832436056717,-0.48615289311784593,-0.014989739926801316,-0.7867321067344755,1.409253073742039,6,6,7,0,0,0,0,0,0,0,0,0,0,1,1,0,0,0,0,0,0,0,0,0,0,0,0,0,0,0,0,0,0,0,0,0,0,0,0,0,True
FR_026,47.229,5.094,0.4669788422889004,0.5710560058061871,0.954165346890562,-1.0736755572461592,-0.4353002283483138,0.3887772325230288,-0.0701143127584254,0.4000501515683629,-0.1558652495639385,-0.4565185224001788,0.0435379179635817,0.0839810849573289,-0.3541587760243113,-0.0235517139309218,-0.0984534305563574,1.0152013132362705,-0.574298536457005,-0.655251670748444,-0.5239945638727921,1.3806303194189682,1.147922541655927,-0.0577033698323529,1.034283248593691,1.7152137158210976,0.4666031528936438,0.2475990243439599,0.6434972964245378,-1.0176733548780514,-0.9767652021646172,-0.4465074035952676,1.208408720496312,0.2869140763371341,0.7593776612266905,-0.4357460988806527,-0.5515455309859825,0.3236163659945755,0.8819730760605554,1.184601476454464,2.542175060467976,-1.278858101357052,1.4153943865040073,0.2943303182203099,0.67163652944435,-0.527304293192035,0.5638690487249923,-0.0162444211854198,-0.3438237462077488,0.2354373323179149,-0.2654841648223997,1.1457352955099556,-1.2565136569161677,1.1732607412004097,0.3976070250814381,-1.132515000876844,0.6069854004116396,1.0629889668236534,1.3194849937284878,-0.9988892107491862,-0.21175021736722,0.08427357714400602,-0.41233832436056717,-0.8656160094337266,-0.05548128445575387,-0.7350900102346348,1.8180052236950923,3,6,7,0,0,0,0,0,0,0,0,0,0,0,0,0,0,0,0,0,0,0,0,0,0,0,0,0,0,0,0,0,0,0,0,0,0,0,0,0,True
FR_027,47.22,5.081,0.4669788422889004,1.0532745644594037,0.580174252567783,-1.131406891742834,-0.4476816221057481,0.1308114695236326,-0.0296535302046826,0.183384188822142,-0.1822778464223407,0.3714192378532768,0.1607882464387358,0.1646104796212512,-0.465928142741111,-0.30823746016014,-0.0761014447803234,1.26322696163626,-0.4974506222657676,-0.2330980923581654,-0.4082756225237344,1.826134188158132,0.5102324331612446,-0.9819421003211934,0.4567269715801114,1.1632537155117295,1.2123122127431134,0.6447450449829548,-0.1973147305362763,-0.6048525914092722,-0.5144430262105764,1.1675086055382289,0.3574073071066607,-0.1429536801399053,-0.1591896513619691,-0.3192014172508132,-0.3046797639723404,-0.0279973446407521,0.3248687809749678,-0.0097900948467311,0.6858112283690864,-1.0876170020784752,1.350394544812344,0.2943303182203099,0.0384607625798473,0.3587592858542936,-0.1718303181406607,1.1337185977734026,-0.3273027916516903,-0.0098560506157,-1.624880334599283,0.9377692952676928,-1.2932632861738904,1.358068947833979,0.4529393263742708,-1.1861160674110736,1.2605569869316815,1.7595549521220613,1.0852055032093788,-0.9988892107491862,-0.4794283365617754,0.08427357714400602,-0.41233832436056717,-1.688666530978077,-0.013189089713997335,-0.6008040602626847,0.49195206918954837,3,6,7,0,0,0,0,0,0,0,0,0,0,1,1,0,0,0,0,0,0,0,0,0,0,0,0,0,0,0,0,0,0,0,0,0,0,0,0,0,True
FR_028,47.227,5.074,0.4669788422889004,0.7239854633436158,0.8683376121598012,-1.1123056600822057,-0.3402730312600061,0.7388736251650886,-0.0874546481386011,0.0323745784232606,-0.3513184663161147,0.3970255603353425,-0.0997680390616066,0.0235090389593871,-0.6615245344955107,-0.3267536062563493,-0.3443252740927315,1.205354310342929,-0.6087058225070024,-0.0523853393516397,-0.5612322240604115,1.402020873698341,1.0454291828414075,0.1862341279683853,0.5609758562232795,0.8166413592208649,1.317247728486851,0.7780981184079472,0.5029305409853358,0.2284433715240083,0.008699777075614,0.0738219581231484,2.0594101338859634,-0.1429536801399053,1.67794497381535,0.0012964572312453,-0.3046797639723404,-0.2038041999584159,0.3248687809749678,-0.2486684091069701,0.2217202703443639,0.0469575965261576,-0.4275918656090574,0.2943303182203099,1.1723732890027232,-0.1291743742286508,-0.1942782114085952,0.2137481826063446,-0.4059148937724245,0.5858564507945078,-1.60975381792241,0.3474380208338003,-1.2089569848143151,1.5996510640814718,0.9259949380695244,-1.1591171179222863,1.6465518721746744,1.8502779907539373,1.0963648877314751,-0.9988892107491862,-0.4064254679062642,0.08427357714400602,-0.41233832436056717,-0.5078675795896106,-0.011988656238794679,-0.22558215655681346,-1.0953837451331558,6,6,7,0,0,0,0,1,1,1,0,0,0,0,0,0,0,1,1,0,0,1,1,0,0,0,0,0,0,0,0,0,0,0,0,0,0,0,0,0,True
FR_029,47.316,5.071,0.4669788422889004,0.3486275504851863,0.4957271248300103,-0.656156844306011,-0.2576272279291325,0.0755330917380456,-0.0325435861013783,0.183384188822142,0.0290229284448766,0.3074034316481127,-0.1258236676116408,0.0033516902934065,-0.0348177282620262,-0.0814146704815759,-0.0090454874522213,0.940793618716274,-0.3931456846800053,-0.4847380882397084,-0.3923375434499848,0.7054432883685297,1.132447211077955,0.497248642868505,0.3201797498653363,1.8796450066960253,0.0980851752528631,0.2689923978524364,-0.1778977570673054,-1.3717981768128216,1.2965196756361532,-0.4267418593631401,2.343077271682513,0.7167818328141736,1.98413407801157,0.3800666725282235,0.4359175370685855,0.1478095106769117,0.3248687809749678,1.34385368596129,2.542175060467976,-1.4333220661589794,0.491313303787529,0.2943303182203099,1.277645320451185,-1.185865061402144,-0.2949903812052747,0.9978138773509964,0.1654977033128803,-0.2691661982883788,-1.234138524861951,0.5500301685622175,-0.7840063513204772,0.8357315873092195,0.2314586858701144,-0.2119007062629193,-0.1692116299583508,0.1361535811064217,1.4444810484444195,0.0241652889339014,-0.1116564582100784,0.011827027316244408,-0.3448039639765462,-0.7159036629251045,0.20736747609535974,-0.5405494479887493,-1.4893824672790168,6,6,0,0,0,0,0,0,0,0,0,0,0,0,0,0,0,0,0,0,0,0,0,0,0,0,0,0,0,0,0,0,1,1,1,0,0,0,0,0,True
IE_001,53.299,-6.536,0.4669788422889004,0.5387603439659847,-0.4890291631130088,-0.1602375536543292,-0.235031184321815,0.0294677769167141,-0.1857165486262632,-0.0858068558019506,0.2667363001704962,-0.6784399839114144,-0.0216011534115038,0.1041384336233095,-0.4100434593827112,0.314367952324898,0.8179779862610369,-0.0678440181103477,-0.3182621036744691,-0.409130135558201,-0.3380592012110901,-0.4822238862310244,1.2040059081595462,-0.9819421003211934,-0.7149552231343153,0.2281390813615703,0.6142660331334813,0.4114509433114459,1.2821670756296986,-0.8997012092157086,1.1430211519800124,-0.2431471706010254,0.9247415826997616,1.5765173457682524,1.98413407801157,-0.3192014172508132,-0.3046797639723404,-0.3796110552760798,-0.2322355141106196,-0.4079206186137961,-0.2423706876803585,-1.2347255399850727,1.249163309881439,0.2943303182203099,-0.984005419699642,0.6700789217354362,0.1639780311512794,-0.0998780952915159,-0.205321584193634,0.7610660100328043,-0.6240622233099594,-0.1965414418023876,0.2889682538427788,-0.3086799609925946,-0.1230343240079289,-0.9463932539069062,1.46902215815212,0.5438722489019975,0.1151234574847604,-0.1472429769723266,1.746025772683809,-0.5229119108694877,1.0391139109999286,1.3293701612716238,-0.6461868952920348,-0.6277965426504609,-0.2076817165415877,7,6,4,0,0,0,0,0,0,0,0,0,0,1,1,0,0,0,0,0,0,0,0,0,0,0,0,0,0,0,0,0,0,0,0,0,0,0,0,0,True
IE_002,53.299,-6.536,0.4669788422889004,0.5387603439659847,-0.4890291631130088,-0.1602375536543292,-0.235031184321815,0.0294677769167141,-0.1857165486262632,-0.0858068558019506,0.2667363001704962,-0.6784399839114144,-0.0216011534115038,0.1041384336233095,-0.4100434593827112,0.314367952324898,0.8179779862610369,-0.0678440181103477,-0.3182621036744691,-0.409130135558201,-0.3380592012110901,-0.4822238862310244,1.2040059081595462,-0.9819421003211934,-0.7149552231343153,0.2281390813615703,0.6142660331334813,0.4114509433114459,1.2821670756296986,-0.8997012092157086,1.1430211519800124,-0.2431471706010254,0.9247415826997616,1.5765173457682524,1.98413407801157,-0.3192014172508132,-0.3046797639723404,-0.3796110552760798,-0.2322355141106196,-0.4079206186137961,-0.2423706876803585,-1.2347255399850727,1.249163309881439,0.2943303182203099,-0.984005419699642,0.6700789217354362,0.1639780311512794,-0.0998780952915159,-0.205321584193634,0.7610660100328043,-0.6240622233099594,-0.1965414418023876,0.2889682538427788,-0.3086799609925946,-0.1230343240079289,-0.9463932539069062,1.46902215815212,0.5438722489019975,0.1151234574847604,-0.1472429769723266,1.746025772683809,-0.5229119108694877,1.0391139109999286,1.3293701612716238,-0.6461868952920348,-0.6277965426504609,-0.2076817165415877,7,6,4,0,0,0,0,0,0,0,0,0,0,1,1,0,0,0,0,0,0,0,0,0,0,0,0,0,0,0,0,0,0,0,0,0,0,0,0,0,True
IE_003,53.299,-6.536,0.4669788422889004,0.5387603439659847,-0.4890291631130088,-0.1602375536543292,-0.235031184321815,0.0294677769167141,-0.1857165486262632,-0.0858068558019506,0.2667363001704962,-0.6784399839114144,-0.0216011534115038,0.1041384336233095,-0.4100434593827112,0.314367952324898,0.8179779862610369,-0.0678440181103477,-0.3182621036744691,-0.409130135558201,-0.3380592012110901,-0.4822238862310244,1.2040059081595462,-0.9819421003211934,-0.7149552231343153,0.2281390813615703,0.6142660331334813,0.4114509433114459,1.2821670756296986,-0.8997012092157086,1.1430211519800124,-0.2431471706010254,0.9247415826997616,1.5765173457682524,1.98413407801157,-0.3192014172508132,-0.3046797639723404,-0.3796110552760798,-0.2322355141106196,-0.4079206186137961,-0.2423706876803585,-1.2347255399850727,1.249163309881439,0.2943303182203099,-0.984005419699642,0.6700789217354362,0.1639780311512794,-0.0998780952915159,-0.205321584193634,0.7610660100328043,-0.6240622233099594,-0.1965414418023876,0.2889682538427788,-0.3086799609925946,-0.1230343240079289,-0.9463932539069062,1.46902215815212,0.5438722489019975,0.1151234574847604,-0.1472429769723266,1.746025772683809,-0.5229119108694877,1.0391139109999286,1.3293701612716238,-0.6461868952920348,-0.6277965426504609,-0.2076817165415877,7,6,4,0,0,0,0,0,0,0,0,0,0,1,1,0,0,0,0,0,0,0,0,0,0,0,0,0,0,0,0,0,0,0,0,0,0,0,0,0,True
IE_016,53.299,-6.536,0.4669788422889004,0.5387603439659847,-0.4890291631130088,-0.1602375536543292,-0.235031184321815,0.0294677769167141,-0.1857165486262632,-0.0858068558019506,0.2667363001704962,-0.6784399839114144,-0.0216011534115038,0.1041384336233095,-0.4100434593827112,0.314367952324898,0.8179779862610369,-0.0678440181103477,-0.3182621036744691,-0.409130135558201,-0.3380592012110901,-0.4822238862310244,1.2040059081595462,-0.9819421003211934,-0.7149552231343153,0.2281390813615703,0.6142660331334813,0.4114509433114459,1.2821670756296986,-0.8997012092157086,1.1430211519800124,-0.2431471706010254,0.9247415826997616,1.5765173457682524,1.98413407801157,-0.3192014172508132,-0.3046797639723404,-0.3796110552760798,-0.2322355141106196,-0.4079206186137961,-0.2423706876803585,-1.2347255399850727,1.249163309881439,0.2943303182203099,-0.984005419699642,0.6700789217354362,0.1639780311512794,-0.0998780952915159,-0.205321584193634,0.7610660100328043,-0.6240622233099594,-0.1965414418023876,0.2889682538427788,-0.3086799609925946,-0.1230343240079289,-0.9463932539069062,1.46902215815212,0.5438722489019975,0.1151234574847604,-0.1472429769723266,1.746025772683809,-0.5229119108694877,1.0391139109999286,1.3293701612716238,-0.6461868952920348,-0.6277965426504609,-0.2076817165415877,7,6,4,0,0,0,0,0,0,0,0,0,0,1,1,0,0,0,0,0,0,0,0,0,0,0,0,0,0,0,0,0,0,0,0,0,0,0,0,0,True
IE_017,53.299,-6.536,0.4669788422889004,0.5387603439659847,-0.4890291631130088,-0.1602375536543292,-0.235031184321815,0.0294677769167141,-0.1857165486262632,-0.0858068558019506,0.2667363001704962,-0.6784399839114144,-0.0216011534115038,0.1041384336233095,-0.4100434593827112,0.314367952324898,0.8179779862610369,-0.0678440181103477,-0.3182621036744691,-0.409130135558201,-0.3380592012110901,-0.4822238862310244,1.2040059081595462,-0.9819421003211934,-0.7149552231343153,0.2281390813615703,0.6142660331334813,0.4114509433114459,1.2821670756296986,-0.8997012092157086,1.1430211519800124,-0.2431471706010254,0.9247415826997616,1.5765173457682524,1.98413407801157,-0.3192014172508132,-0.3046797639723404,-0.3796110552760798,-0.2322355141106196,-0.4079206186137961,-0.2423706876803585,-1.2347255399850727,1.249163309881439,0.2943303182203099,-0.984005419699642,0.6700789217354362,0.1639780311512794,-0.0998780952915159,-0.205321584193634,0.7610660100328043,-0.6240622233099594,-0.1965414418023876,0.2889682538427788,-0.3086799609925946,-0.1230343240079289,-0.9463932539069062,1.46902215815212,0.5438722489019975,0.1151234574847604,-0.1472429769723266,1.746025772683809,-0.5229119108694877,1.0391139109999286,1.3293701612716238,-0.6461868952920348,-0.6277965426504609,-0.2076817165415877,7,6,4,0,0,0,0,0,0,0,0,0,0,1,1,0,0,0,0,0,0,0,0,0,0,0,0,0,0,0,0,0,0,0,0,0,0,0,0,0,True
IE_018,53.299,-6.536,0.4669788422889004,0.5387603439659847,-0.4890291631130088,-0.1602375536543292,-0.235031184321815,0.0294677769167141,-0.1857165486262632,-0.0858068558019506,0.2667363001704962,-0.6784399839114144,-0.0216011534115038,0.1041384336233095,-0.4100434593827112,0.314367952324898,0.8179779862610369,-0.0678440181103477,-0.3182621036744691,-0.409130135558201,-0.3380592012110901,-0.4822238862310244,1.2040059081595462,-0.9819421003211934,-0.7149552231343153,0.2281390813615703,0.6142660331334813,0.4114509433114459,1.2821670756296986,-0.8997012092157086,1.1430211519800124,-0.2431471706010254,0.9247415826997616,1.5765173457682524,1.98413407801157,-0.3192014172508132,-0.3046797639723404,-0.3796110552760798,-0.2322355141106196,-0.4079206186137961,-0.2423706876803585,-1.2347255399850727,1.249163309881439,0.2943303182203099,-0.984005419699642,0.6700789217354362,0.1639780311512794,-0.0998780952915159,-0.205321584193634,0.7610660100328043,-0.6240622233099594,-0.1965414418023876,0.2889682538427788,-0.3086799609925946,-0.1230343240079289,-0.9463932539069062,1.46902215815212,0.5438722489019975,0.1151234574847604,-0.1472429769723266,1.746025772683809,-0.5229119108694877,1.0391139109999286,1.3293701612716238,-0.6461868952920348,-0.6277965426504609,-0.2076817165415877,7,6,4,0,0,0,0,0,0,0,0,0,0,1,1,0,0,0,0,0,0,0,0,0,0,0,0,0,0,0,0,0,0,0,0,0,0,0,0,0,True
IE_001,53.299,-6.536,0.4669788422889004,0.6784707438384285,-0.5760841040597593,-0.1901248041879987,-0.2619607157442345,-0.0442367267973831,-0.1886066045229598,0.1505560126484721,0.0105341106439951,-0.6656368226703816,-0.0085733391364867,0.2452398742851736,-0.4220187486737969,0.2611340322982962,1.063849829797411,-0.208391885537008,-0.3547623224419235,-0.4459834320536014,-0.4135581658923735,0.1287247421031954,0.9809677583428,-0.9819421003211934,-0.7149552231343153,1.6516582967452889,0.4091378759476005,0.1544678677517174,-0.3810273095470639,-0.3023434540297539,1.2227380090547957,0.5717091803471681,0.0737401693101102,0.7167818328141736,0.7593776612266905,-0.4066099284731928,-0.7984112979996244,-0.3796110552760798,-0.2322355141106196,0.4679665336737468,2.078084102443253,-0.7272010842073116,0.5378965236665543,-2.283701392140152,0.4453479691753688,0.0594134821224258,0.0702429092622013,0.360107112292013,0.7268390445998754,0.6068815979031034,0.5617770709112222,-0.1965414418023876,0.2889682538427788,-0.3086799609925946,-0.1230343240079289,-0.9463932539069062,1.46902215815212,0.5438722489019975,0.1151234574847604,-0.1472429769723266,1.746025772683809,-0.5229119108694877,1.0391139109999286,1.3293701612716238,-0.6461868952920348,-0.6277965426504609,-0.2076817165415877,7,6,4,0,0,0,0,0,0,0,0,0,0,0,0,0,0,0,0,0,0,0,0,0,0,0,0,0,0,0,0,0,0,0,0,0,0,0,0,0,True
IE_002,53.299,-6.536,0.4669788422889004,0.6784707438384285,-0.5760841040597593,-0.1901248041879987,-0.2619607157442345,-0.0442367267973831,-0.1886066045229598,0.1505560126484721,0.0105341106439951,-0.6656368226703816,-0.0085733391364867,0.2452398742851736,-0.4220187486737969,0.2611340322982962,1.063849829797411,-0.208391885537008,-0.3547623224419235,-0.4459834320536014,-0.4135581658923735,0.1287247421031954,0.9809677583428,-0.9819421003211934,-0.7149552231343153,1.6516582967452889,0.4091378759476005,0.1544678677517174,-0.3810273095470639,-0.3023434540297539,1.2227380090547957,0.5717091803471681,0.0737401693101102,0.7167818328141736,0.7593776612266905,-0.4066099284731928,-0.7984112979996244,-0.3796110552760798,-0.2322355141106196,0.4679665336737468,2.078084102443253,-0.7272010842073116,0.5378965236665543,-2.283701392140152,0.4453479691753688,0.0594134821224258,0.0702429092622013,0.360107112292013,0.7268390445998754,0.6068815979031034,0.5617770709112222,-0.1965414418023876,0.2889682538427788,-0.3086799609925946,-0.1230343240079289,-0.9463932539069062,1.46902215815212,0.5438722489019975,0.1151234574847604,-0.1472429769723266,1.746025772683809,-0.5229119108694877,1.0391139109999286,1.3293701612716238,-0.6461868952920348,-0.6277965426504609,-0.2076817165415877,7,6,4,0,0,0,0,0,0,0,0,0,0,0,0,0,0,0,0,0,0,0,0,0,0,0,0,0,0,0,0,0,0,0,0,0,0,0,0,0,True
IE_003,53.299,-6.536,0.4669788422889004,0.6784707438384285,-0.5760841040597593,-0.1901248041879987,-0.2619607157442345,-0.0442367267973831,-0.1886066045229598,0.1505560126484721,0.0105341106439951,-0.6656368226703816,-0.0085733391364867,0.2452398742851736,-0.4220187486737969,0.2611340322982962,1.063849829797411,-0.208391885537008,-0.3547623224419235,-0.4459834320536014,-0.4135581658923735,0.1287247421031954,0.9809677583428,-0.9819421003211934,-0.7149552231343153,1.6516582967452889,0.4091378759476005,0.1544678677517174,-0.3810273095470639,-0.3023434540297539,1.2227380090547957,0.5717091803471681,0.0737401693101102,0.7167818328141736,0.7593776612266905,-0.4066099284731928,-0.7984112979996244,-0.3796110552760798,-0.2322355141106196,0.4679665336737468,2.078084102443253,-0.7272010842073116,0.5378965236665543,-2.283701392140152,0.4453479691753688,0.0594134821224258,0.0702429092622013,0.360107112292013,0.7268390445998754,0.6068815979031034,0.5617770709112222,-0.1965414418023876,0.2889682538427788,-0.3086799609925946,-0.1230343240079289,-0.9463932539069062,1.46902215815212,0.5438722489019975,0.1151234574847604,-0.1472429769723266,1.746025772683809,-0.5229119108694877,1.0391139109999286,1.3293701612716238,-0.6461868952920348,-0.6277965426504609,-0.2076817165415877,7,6,4,0,0,0,0,0,0,0,0,0,0,0,0,0,0,0,0,0,0,0,0,0,0,0,0,0,0,0,0,0,0,0,0,0,0,0,0,0,True
IE_016,53.299,-6.536,0.4669788422889004,0.6784707438384285,-0.5760841040597593,-0.1901248041879987,-0.2619607157442345,-0.0442367267973831,-0.1886066045229598,0.1505560126484721,0.0105341106439951,-0.6656368226703816,-0.0085733391364867,0.2452398742851736,-0.4220187486737969,0.2611340322982962,1.063849829797411,-0.208391885537008,-0.3547623224419235,-0.4459834320536014,-0.4135581658923735,0.1287247421031954,0.9809677583428,-0.9819421003211934,-0.7149552231343153,1.6516582967452889,0.4091378759476005,0.1544678677517174,-0.3810273095470639,-0.3023434540297539,1.2227380090547957,0.5717091803471681,0.0737401693101102,0.7167818328141736,0.7593776612266905,-0.4066099284731928,-0.7984112979996244,-0.3796110552760798,-0.2322355141106196,0.4679665336737468,2.078084102443253,-0.7272010842073116,0.5378965236665543,-2.283701392140152,0.4453479691753688,0.0594134821224258,0.0702429092622013,0.360107112292013,0.7268390445998754,0.6068815979031034,0.5617770709112222,-0.1965414418023876,0.2889682538427788,-0.3086799609925946,-0.1230343240079289,-0.9463932539069062,1.46902215815212,0.5438722489019975,0.1151234574847604,-0.1472429769723266,1.746025772683809,-0.5229119108694877,1.0391139109999286,1.3293701612716238,-0.6461868952920348,-0.6277965426504609,-0.2076817165415877,7,6,4,0,0,0,0,0,0,0,0,0,0,0,0,0,0,0,0,0,0,0,0,0,0,0,0,0,0,0,0,0,0,0,0,0,0,0,0,0,True
IE_017,53.299,-6.536,0.4669788422889004,0.6784707438384285,-0.5760841040597593,-0.1901248041879987,-0.2619607157442345,-0.0442367267973831,-0.1886066045229598,0.1505560126484721,0.0105341106439951,-0.6656368226703816,-0.0085733391364867,0.2452398742851736,-0.4220187486737969,0.2611340322982962,1.063849829797411,-0.208391885537008,-0.3547623224419235,-0.4459834320536014,-0.4135581658923735,0.1287247421031954,0.9809677583428,-0.9819421003211934,-0.7149552231343153,1.6516582967452889,0.4091378759476005,0.1544678677517174,-0.3810273095470639,-0.3023434540297539,1.2227380090547957,0.5717091803471681,0.0737401693101102,0.7167818328141736,0.7593776612266905,-0.4066099284731928,-0.7984112979996244,-0.3796110552760798,-0.2322355141106196,0.4679665336737468,2.078084102443253,-0.7272010842073116,0.5378965236665543,-2.283701392140152,0.4453479691753688,0.0594134821224258,0.0702429092622013,0.360107112292013,0.7268390445998754,0.6068815979031034,0.5617770709112222,-0.1965414418023876,0.2889682538427788,-0.3086799609925946,-0.1230343240079289,-0.9463932539069062,1.46902215815212,0.5438722489019975,0.1151234574847604,-0.1472429769723266,1.746025772683809,-0.5229119108694877,1.0391139109999286,1.3293701612716238,-0.6461868952920348,-0.6277965426504609,-0.2076817165415877,7,6,4,0,0,0,0,0,0,0,0,0,0,0,0,0,0,0,0,0,0,0,0,0,0,0,0,0,0,0,0,0,0,0,0,0,0,0,0,0,True
IE_018,53.299,-6.536,0.4669788422889004,0.6784707438384285,-0.5760841040597593,-0.1901248041879987,-0.2619607157442345,-0.0442367267973831,-0.1886066045229598,0.1505560126484721,0.0105341106439951,-0.6656368226703816,-0.0085733391364867,0.2452398742851736,-0.4220187486737969,0.2611340322982962,1.063849829797411,-0.208391885537008,-0.3547623224419235,-0.4459834320536014,-0.4135581658923735,0.1287247421031954,0.9809677583428,-0.9819421003211934,-0.7149552231343153,1.6516582967452889,0.4091378759476005,0.1544678677517174,-0.3810273095470639,-0.3023434540297539,1.2227380090547957,0.5717091803471681,0.0737401693101102,0.7167818328141736,0.7593776612266905,-0.4066099284731928,-0.7984112979996244,-0.3796110552760798,-0.2322355141106196,0.4679665336737468,2.078084102443253,-0.7272010842073116,0.5378965236665543,-2.283701392140152,0.4453479691753688,0.0594134821224258,0.0702429092622013,0.360107112292013,0.7268390445998754,0.6068815979031034,0.5617770709112222,-0.1965414418023876,0.2889682538427788,-0.3086799609925946,-0.1230343240079289,-0.9463932539069062,1.46902215815212,0.5438722489019975,0.1151234574847604,-0.1472429769723266,1.746025772683809,-0.5229119108694877,1.0391139109999286,1.3293701612716238,-0.6461868952920348,-0.6277965426504609,-0.2076817165415877,7,6,4,0,0,0,0,0,0,0,0,0,0,0,0,0,0,0,0,0,0,0,0,0,0,0,0,0,0,0,0,0,0,0,0,0,0,0,0,0,True
IE_001,53.299,-6.536,0.4669788422889004,0.6487080750837324,-0.543256337782042,-0.1926906412767399,-0.3495590765780817,0.1768767843449641,-0.2088369957998312,0.0717683898316644,0.3459740907457028,-0.3668963937129492,-0.2170183675367606,0.2855545716171348,-0.2024717783372259,0.2518759592501915,1.019145858245343,0.7919782296762807,-0.0740630553515144,-0.1625688754989887,-0.1208315748943728,0.3967612701850238,1.6537043790386696,-0.9819421003211934,-0.7149552231343153,-1.0535879090813047,0.3332221944857917,0.3254341041135012,0.0862355760463386,-0.7954396192040466,-0.9529067868787864,0.3005791048148888,2.343077271682513,1.5765173457682524,3.5150795989926693,-0.3192014172508132,-0.3046797639723404,-0.5554179105937436,-0.7893398091962072,-0.2884814614836766,-0.2423706876803585,-0.8816650490092389,1.4476535671954252,-0.994685536959921,-0.9877100073165966,-0.3357229788036395,0.2838770826938624,1.4055280386182152,0.3614328971221857,-0.0659231095719549,-0.5750204639786236,-0.1965414418023876,0.2889682538427788,-0.3086799609925946,-0.1230343240079289,-0.9463932539069062,1.46902215815212,0.5438722489019975,0.1151234574847604,-0.1472429769723266,1.746025772683809,-0.5229119108694877,1.0391139109999286,1.3293701612716238,-0.6461868952920348,-0.6277965426504609,-0.2076817165415877,7,6,4,0,0,0,0,0,0,0,0,0,0,1,1,1,1,0,0,0,0,0,0,0,0,0,0,0,0,0,0,0,0,0,0,0,0,0,0,0,True
IE_002,53.299,-6.536,0.4669788422889004,0.6487080750837324,-0.543256337782042,-0.1926906412767399,-0.3495590765780817,0.1768767843449641,-0.2088369957998312,0.0717683898316644,0.3459740907457028,-0.3668963937129492,-0.2170183675367606,0.2855545716171348,-0.2024717783372259,0.2518759592501915,1.019145858245343,0.7919782296762807,-0.0740630553515144,-0.1625688754989887,-0.1208315748943728,0.3967612701850238,1.6537043790386696,-0.9819421003211934,-0.7149552231343153,-1.0535879090813047,0.3332221944857917,0.3254341041135012,0.0862355760463386,-0.7954396192040466,-0.9529067868787864,0.3005791048148888,2.343077271682513,1.5765173457682524,3.5150795989926693,-0.3192014172508132,-0.3046797639723404,-0.5554179105937436,-0.7893398091962072,-0.2884814614836766,-0.2423706876803585,-0.8816650490092389,1.4476535671954252,-0.994685536959921,-0.9877100073165966,-0.3357229788036395,0.2838770826938624,1.4055280386182152,0.3614328971221857,-0.0659231095719549,-0.5750204639786236,-0.1965414418023876,0.2889682538427788,-0.3086799609925946,-0.1230343240079289,-0.9463932539069062,1.46902215815212,0.5438722489019975,0.1151234574847604,-0.1472429769723266,1.746025772683809,-0.5229119108694877,1.0391139109999286,1.3293701612716238,-0.6461868952920348,-0.6277965426504609,-0.2076817165415877,7,6,4,0,0,0,0,0,0,0,0,0,0,1,1,1,1,0,0,0,0,0,0,0,0,0,0,0,0,0,0,0,0,0,0,0,0,0,0,0,True
IE_003,53.299,-6.536,0.4669788422889004,0.6487080750837324,-0.543256337782042,-0.1926906412767399,-0.3495590765780817,0.1768767843449641,-0.2088369957998312,0.0717683898316644,0.3459740907457028,-0.3668963937129492,-0.2170183675367606,0.2855545716171348,-0.2024717783372259,0.2518759592501915,1.019145858245343,0.7919782296762807,-0.0740630553515144,-0.1625688754989887,-0.1208315748943728,0.3967612701850238,1.6537043790386696,-0.9819421003211934,-0.7149552231343153,-1.0535879090813047,0.3332221944857917,0.3254341041135012,0.0862355760463386,-0.7954396192040466,-0.9529067868787864,0.3005791048148888,2.343077271682513,1.5765173457682524,3.5150795989926693,-0.3192014172508132,-0.3046797639723404,-0.5554179105937436,-0.7893398091962072,-0.2884814614836766,-0.2423706876803585,-0.8816650490092389,1.4476535671954252,-0.994685536959921,-0.9877100073165966,-0.3357229788036395,0.2838770826938624,1.4055280386182152,0.3614328971221857,-0.0659231095719549,-0.5750204639786236,-0.1965414418023876,0.2889682538427788,-0.3086799609925946,-0.1230343240079289,-0.9463932539069062,1.46902215815212,0.5438722489019975,0.1151234574847604,-0.1472429769723266,1.746025772683809,-0.5229119108694877,1.0391139109999286,1.3293701612716238,-0.6461868952920348,-0.6277965426504609,-0.2076817165415877,7,6,4,0,0,0,0,0,0,0,0,0,0,1,1,1,1,0,0,0,0,0,0,0,0,0,0,0,0,0,0,0,0,0,0,0,0,0,0,0,True
IE_016,53.299,-6.536,0.4669788422889004,0.6487080750837324,-0.543256337782042,-0.1926906412767399,-0.3495590765780817,0.1768767843449641,-0.2088369957998312,0.0717683898316644,0.3459740907457028,-0.3668963937129492,-0.2170183675367606,0.2855545716171348,-0.2024717783372259,0.2518759592501915,1.019145858245343,0.7919782296762807,-0.0740630553515144,-0.1625688754989887,-0.1208315748943728,0.3967612701850238,1.6537043790386696,-0.9819421003211934,-0.7149552231343153,-1.0535879090813047,0.3332221944857917,0.3254341041135012,0.0862355760463386,-0.7954396192040466,-0.9529067868787864,0.3005791048148888,2.343077271682513,1.5765173457682524,3.5150795989926693,-0.3192014172508132,-0.3046797639723404,-0.5554179105937436,-0.7893398091962072,-0.2884814614836766,-0.2423706876803585,-0.8816650490092389,1.4476535671954252,-0.994685536959921,-0.9877100073165966,-0.3357229788036395,0.2838770826938624,1.4055280386182152,0.3614328971221857,-0.0659231095719549,-0.5750204639786236,-0.1965414418023876,0.2889682538427788,-0.3086799609925946,-0.1230343240079289,-0.9463932539069062,1.46902215815212,0.5438722489019975,0.1151234574847604,-0.1472429769723266,1.746025772683809,-0.5229119108694877,1.0391139109999286,1.3293701612716238,-0.6461868952920348,-0.6277965426504609,-0.2076817165415877,7,6,4,0,0,0,0,0,0,0,0,0,0,1,1,1,1,0,0,0,0,0,0,0,0,0,0,0,0,0,0,0,0,0,0,0,0,0,0,0,True
IE_017,53.299,-6.536,0.4669788422889004,0.6487080750837324,-0.543256337782042,-0.1926906412767399,-0.3495590765780817,0.1768767843449641,-0.2088369957998312,0.0717683898316644,0.3459740907457028,-0.3668963937129492,-0.2170183675367606,0.2855545716171348,-0.2024717783372259,0.2518759592501915,1.019145858245343,0.7919782296762807,-0.0740630553515144,-0.1625688754989887,-0.1208315748943728,0.3967612701850238,1.6537043790386696,-0.9819421003211934,-0.7149552231343153,-1.0535879090813047,0.3332221944857917,0.3254341041135012,0.0862355760463386,-0.7954396192040466,-0.9529067868787864,0.3005791048148888,2.343077271682513,1.5765173457682524,3.5150795989926693,-0.3192014172508132,-0.3046797639723404,-0.5554179105937436,-0.7893398091962072,-0.2884814614836766,-0.2423706876803585,-0.8816650490092389,1.4476535671954252,-0.994685536959921,-0.9877100073165966,-0.3357229788036395,0.2838770826938624,1.4055280386182152,0.3614328971221857,-0.0659231095719549,-0.5750204639786236,-0.1965414418023876,0.2889682538427788,-0.3086799609925946,-0.1230343240079289,-0.9463932539069062,1.46902215815212,0.5438722489019975,0.1151234574847604,-0.1472429769723266,1.746025772683809,-0.5229119108694877,1.0391139109999286,1.3293701612716238,-0.6461868952920348,-0.6277965426504609,-0.2076817165415877,7,6,4,0,0,0,0,0,0,0,0,0,0,1,1,1,1,0,0,0,0,0,0,0,0,0,0,0,0,0,0,0,0,0,0,0,0,0,0,0,True
IE_018,53.299,-6.536,0.4669788422889004,0.6487080750837324,-0.543256337782042,-0.1926906412767399,-0.3495590765780817,0.1768767843449641,-0.2088369957998312,0.0717683898316644,0.3459740907457028,-0.3668963937129492,-0.2170183675367606,0.2855545716171348,-0.2024717783372259,0.2518759592501915,1.019145858245343,0.7919782296762807,-0.0740630553515144,-0.1625688754989887,-0.1208315748943728,0.3967612701850238,1.6537043790386696,-0.9819421003211934,-0.7149552231343153,-1.0535879090813047,0.3332221944857917,0.3254341041135012,0.0862355760463386,-0.7954396192040466,-0.9529067868787864,0.3005791048148888,2.343077271682513,1.5765173457682524,3.5150795989926693,-0.3192014172508132,-0.3046797639723404,-0.5554179105937436,-0.7893398091962072,-0.2884814614836766,-0.2423706876803585,-0.8816650490092389,1.4476535671954252,-0.994685536959921,-0.9877100073165966,-0.3357229788036395,0.2838770826938624,1.4055280386182152,0.3614328971221857,-0.0659231095719549,-0.5750204639786236,-0.1965414418023876,0.2889682538427788,-0.3086799609925946,-0.1230343240079289,-0.9463932539069062,1.46902215815212,0.5438722489019975,0.1151234574847604,-0.1472429769723266,1.746025772683809,-0.5229119108694877,1.0391139109999286,1.3293701612716238,-0.6461868952920348,-0.6277965426504609,-0.2076817165415877,7,6,4,0,0,0,0,0,0,0,0,0,0,1,1,1,1,0,0,0,0,0,0,0,0,0,0,0,0,0,0,0,0,0,0,0,0,0,0,0,True
IE_004,52.292,-6.5,0.4669788422889004,0.0275706768972925,-0.2116038579108982,-0.0252460134855617,-0.2412218812005322,-0.5233160009391383,-0.1683762132460875,-0.0464130443935469,-0.306417051656831,0.2903325499934023,0.4474001604891126,-0.1780644477004187,-0.1146529902025975,-0.3869310810690295,-0.480672387326539,-0.084379061337014,-0.2189085827122198,-0.308815537741364,-0.3041922818389211,-0.5111069740669405,1.9371414379428544,-0.9819421003211934,-0.7149552231343153,-1.0535879090813047,0.9254230598317192,0.4138402502688699,0.1551409811540947,1.4470894479485743,0.570739751322733,1.1073465642268183,1.775742996089413,2.866120615199371,3.5150795989926693,-0.3192014172508132,-0.3046797639723404,-0.5554179105937436,-0.7893398091962072,-0.2884814614836766,-0.2423706876803585,3.141753462736202,3.347815605981712,0.2943303182203099,-0.0448924588016327,2.1548341082455003,3.676845815151271,0.5482828790307294,-0.1229343607762016,1.4969461588336492,0.3176828596938913,0.3705290077605744,-0.1552860121618949,0.0043120584164595,0.2740174376979851,-0.699908351819956,1.6534248820852582,0.1698330860124829,0.4400875115408757,-0.1376176658233398,0.9939515179940444,-0.27681311484632687,0.9565551630944576,0.5032461143791265,-0.7812356612523381,-0.4120051751995291,0.7283824816712778,7,6,4,0,0,0,0,0,0,0,0,0,0,1,1,1,1,0,0,0,0,0,0,0,0,0,0,0,0,0,0,0,0,0,0,0,0,0,0,0,True
IE_005,52.292,-6.5,0.4669788422889004,0.0275706768972925,-0.2116038579108982,-0.0252460134855617,-0.2412218812005322,-0.5233160009391383,-0.1683762132460875,-0.0464130443935469,-0.306417051656831,0.2903325499934023,0.4474001604891126,-0.1780644477004187,-0.1146529902025975,-0.3869310810690295,-0.480672387326539,-0.084379061337014,-0.2189085827122198,-0.308815537741364,-0.3041922818389211,-0.5111069740669405,1.9371414379428544,-0.9819421003211934,-0.7149552231343153,-1.0535879090813047,0.9254230598317192,0.4138402502688699,0.1551409811540947,1.4470894479485743,0.570739751322733,1.1073465642268183,1.775742996089413,2.866120615199371,3.5150795989926693,-0.3192014172508132,-0.3046797639723404,-0.5554179105937436,-0.7893398091962072,-0.2884814614836766,-0.2423706876803585,3.141753462736202,3.347815605981712,0.2943303182203099,-0.0448924588016327,2.1548341082455003,3.676845815151271,0.5482828790307294,-0.1229343607762016,1.4969461588336492,0.3176828596938913,0.3705290077605744,-0.1552860121618949,0.0043120584164595,0.2740174376979851,-0.699908351819956,1.6534248820852582,0.1698330860124829,0.4400875115408757,-0.1376176658233398,0.9939515179940444,-0.27681311484632687,0.9565551630944576,0.5032461143791265,-0.7812356612523381,-0.4120051751995291,0.7283824816712778,7,6,4,0,0,0,0,0,0,0,0,0,0,1,1,1,1,0,0,0,0,0,0,0,0,0,0,0,0,0,0,0,0,0,0,0,0,0,0,0,True
IE_006,52.292,-6.5,0.4669788422889004,0.0275706768972925,-0.2116038579108982,-0.0252460134855617,-0.2412218812005322,-0.5233160009391383,-0.1683762132460875,-0.0464130443935469,-0.306417051656831,0.2903325499934023,0.4474001604891126,-0.1780644477004187,-0.1146529902025975,-0.3869310810690295,-0.480672387326539,-0.084379061337014,-0.2189085827122198,-0.308815537741364,-0.3041922818389211,-0.5111069740669405,1.9371414379428544,-0.9819421003211934,-0.7149552231343153,-1.0535879090813047,0.9254230598317192,0.4138402502688699,0.1551409811540947,1.4470894479485743,0.570739751322733,1.1073465642268183,1.775742996089413,2.866120615199371,3.5150795989926693,-0.3192014172508132,-0.3046797639723404,-0.5554179105937436,-0.7893398091962072,-0.2884814614836766,-0.2423706876803585,3.141753462736202,3.347815605981712,0.2943303182203099,-0.0448924588016327,2.1548341082455003,3.676845815151271,0.5482828790307294,-0.1229343607762016,1.4969461588336492,0.3176828596938913,0.3705290077605744,-0.1552860121618949,0.0043120584164595,0.2740174376979851,-0.699908351819956,1.6534248820852582,0.1698330860124829,0.4400875115408757,-0.1376176658233398,0.9939515179940444,-0.27681311484632687,0.9565551630944576,0.5032461143791265,-0.7812356612523381,-0.4120051751995291,0.7283824816712778,7,6,4,0,0,0,0,0,0,0,0,0,0,1,1,1,1,0,0,0,0,0,0,0,0,0,0,0,0,0,0,0,0,0,0,0,0,0,0,0,True
IE_004,52.292,-6.5,0.4669788422889004,-0.3105047439838446,-0.3478237478857248,0.2620802249517976,-0.2288404874430979,-0.2745633009039973,-0.1597060455559996,-0.1383319376798225,-0.3460359469444342,-0.0894945668239048,-0.0997680390616066,-0.3796379343602246,0.1488033742012876,-0.3128664966841923,-0.8159521739670491,-0.1422517126303442,-0.0963416885498725,-0.1850630166985874,-0.2534679427025764,-1.2084718855638483,1.5605255308198565,-0.9819421003211934,-0.7149552231343153,0.8690025765830078,0.3551750762960837,0.2580511363513506,0.2434627961618035,0.7671439812687072,1.413603295513591,1.3641410530752405,0.6410744449032111,1.146649589291213,2.2903231822077896,-0.3192014172508132,-0.3046797639723404,-0.5554179105937436,-0.7893398091962072,-0.3282945138603831,0.2217202703443639,0.6335528914287151,1.4748572046441584,2.872362028580772,0.718870021560522,2.78944721215706,2.7977377787935085,0.2137481826063446,-0.1956342390356663,1.321736599595353,1.2016287263429537,0.3705290077605744,-0.1552860121618949,0.0043120584164595,0.2740174376979851,-0.699908351819956,1.6534248820852582,0.1698330860124829,0.4400875115408757,-0.1376176658233398,0.9939515179940444,-0.27681311484632687,0.9565551630944576,0.5032461143791265,-0.7812356612523381,-0.4120051751995291,0.7283824816712778,7,6,4,0,0,0,0,0,0,0,0,0,0,1,1,0,0,0,0,0,0,0,0,0,0,0,0,0,0,0,0,0,0,0,0,0,0,0,0,0,True
IE_005,52.292,-6.5,0.4669788422889004,-0.3105047439838446,-0.3478237478857248,0.2620802249517976,-0.2288404874430979,-0.2745633009039973,-0.1597060455559996,-0.1383319376798225,-0.3460359469444342,-0.0894945668239048,-0.0997680390616066,-0.3796379343602246,0.1488033742012876,-0.3128664966841923,-0.8159521739670491,-0.1422517126303442,-0.0963416885498725,-0.1850630166985874,-0.2534679427025764,-1.2084718855638483,1.5605255308198565,-0.9819421003211934,-0.7149552231343153,0.8690025765830078,0.3551750762960837,0.2580511363513506,0.2434627961618035,0.7671439812687072,1.413603295513591,1.3641410530752405,0.6410744449032111,1.146649589291213,2.2903231822077896,-0.3192014172508132,-0.3046797639723404,-0.5554179105937436,-0.7893398091962072,-0.3282945138603831,0.2217202703443639,0.6335528914287151,1.4748572046441584,2.872362028580772,0.718870021560522,2.78944721215706,2.7977377787935085,0.2137481826063446,-0.1956342390356663,1.321736599595353,1.2016287263429537,0.3705290077605744,-0.1552860121618949,0.0043120584164595,0.2740174376979851,-0.699908351819956,1.6534248820852582,0.1698330860124829,0.4400875115408757,-0.1376176658233398,0.9939515179940444,-0.27681311484632687,0.9565551630944576,0.5032461143791265,-0.7812356612523381,-0.4120051751995291,0.7283824816712778,7,6,4,0,0,0,0,0,0,0,0,0,0,1,1,0,0,0,0,0,0,0,0,0,0,0,0,0,0,0,0,0,0,0,0,0,0,0,0,0,True
IE_006,52.292,-6.5,0.4669788422889004,-0.3105047439838446,-0.3478237478857248,0.2620802249517976,-0.2288404874430979,-0.2745633009039973,-0.1597060455559996,-0.1383319376798225,-0.3460359469444342,-0.0894945668239048,-0.0997680390616066,-0.3796379343602246,0.1488033742012876,-0.3128664966841923,-0.8159521739670491,-0.1422517126303442,-0.0963416885498725,-0.1850630166985874,-0.2534679427025764,-1.2084718855638483,1.5605255308198565,-0.9819421003211934,-0.7149552231343153,0.8690025765830078,0.3551750762960837,0.2580511363513506,0.2434627961618035,0.7671439812687072,1.413603295513591,1.3641410530752405,0.6410744449032111,1.146649589291213,2.2903231822077896,-0.3192014172508132,-0.3046797639723404,-0.5554179105937436,-0.7893398091962072,-0.3282945138603831,0.2217202703443639,0.6335528914287151,1.4748572046441584,2.872362028580772,0.718870021560522,2.78944721215706,2.7977377787935085,0.2137481826063446,-0.1956342390356663,1.321736599595353,1.2016287263429537,0.3705290077605744,-0.1552860121618949,0.0043120584164595,0.2740174376979851,-0.699908351819956,1.6534248820852582,0.1698330860124829,0.4400875115408757,-0.1376176658233398,0.9939515179940444,-0.27681311484632687,0.9565551630944576,0.5032461143791265,-0.7812356612523381,-0.4120051751995291,0.7283824816712778,7,6,4,0,0,0,0,0,0,0,0,0,0,1,1,0,0,0,0,0,0,0,0,0,0,0,0,0,0,0,0,0,0,0,0,0,0,0,0,0,True
IE_004,52.292,-6.5,0.4669788422889004,-0.2550955202383995,-0.3920031716613444,0.1514641371260702,-0.3433683796993645,-0.6615119454031058,-0.1625961014526962,0.1177278364748023,-0.2773631951125886,-0.0254787606187405,0.3692332748390097,-0.1780644477004187,-0.0188506758739118,-0.3522133071386371,-0.491848380214556,0.0396337628629807,-0.2595848623225228,-0.3498852913874695,-0.3077528901792341,-0.7502604143121918,1.691569517052084,-0.9819421003211934,-0.7149552231343153,1.1894343241928014,0.5667043998075575,0.3764753050592899,0.1299989002765252,1.1965847287822646,1.5709595699285268,1.309721986262741,1.208408720496312,1.5765173457682524,3.2088904947964494,-0.3192014172508132,-0.3046797639723404,-0.3796110552760798,-0.2322355141106196,-0.1690423043535571,0.6858112283690864,1.986951440169412,2.541095348541848,-0.994685536959921,0.5484589911806071,1.256796697049897,0.0160191130237782,-0.4553212102424247,-0.3207251226804942,-0.1009650214196142,-0.7535929740113937,0.3705290077605744,-0.1552860121618949,0.0043120584164595,0.2740174376979851,-0.699908351819956,1.6534248820852582,0.1698330860124829,0.4400875115408757,-0.1376176658233398,0.9939515179940444,-0.27681311484632687,0.9565551630944576,0.5032461143791265,-0.7812356612523381,-0.4120051751995291,0.7283824816712778,7,6,4,0,0,0,0,0,0,0,0,0,0,1,1,0,0,0,0,0,0,0,0,0,0,0,0,0,0,0,0,0,0,0,0,0,0,0,0,0,True
IE_005,52.292,-6.5,0.4669788422889004,-0.2550955202383995,-0.3920031716613444,0.1514641371260702,-0.3433683796993645,-0.6615119454031058,-0.1625961014526962,0.1177278364748023,-0.2773631951125886,-0.0254787606187405,0.3692332748390097,-0.1780644477004187,-0.0188506758739118,-0.3522133071386371,-0.491848380214556,0.0396337628629807,-0.2595848623225228,-0.3498852913874695,-0.3077528901792341,-0.7502604143121918,1.691569517052084,-0.9819421003211934,-0.7149552231343153,1.1894343241928014,0.5667043998075575,0.3764753050592899,0.1299989002765252,1.1965847287822646,1.5709595699285268,1.309721986262741,1.208408720496312,1.5765173457682524,3.2088904947964494,-0.3192014172508132,-0.3046797639723404,-0.3796110552760798,-0.2322355141106196,-0.1690423043535571,0.6858112283690864,1.986951440169412,2.541095348541848,-0.994685536959921,0.5484589911806071,1.256796697049897,0.0160191130237782,-0.4553212102424247,-0.3207251226804942,-0.1009650214196142,-0.7535929740113937,0.3705290077605744,-0.1552860121618949,0.0043120584164595,0.2740174376979851,-0.699908351819956,1.6534248820852582,0.1698330860124829,0.4400875115408757,-0.1376176658233398,0.9939515179940444,-0.27681311484632687,0.9565551630944576,0.5032461143791265,-0.7812356612523381,-0.4120051751995291,0.7283824816712778,7,6,4,0,0,0,0,0,0,0,0,0,0,1,1,0,0,0,0,0,0,0,0,0,0,0,0,0,0,0,0,0,0,0,0,0,0,0,0,0,True
IE_006,52.292,-6.5,0.4669788422889004,-0.2550955202383995,-0.3920031716613444,0.1514641371260702,-0.3433683796993645,-0.6615119454031058,-0.1625961014526962,0.1177278364748023,-0.2773631951125886,-0.0254787606187405,0.3692332748390097,-0.1780644477004187,-0.0188506758739118,-0.3522133071386371,-0.491848380214556,0.0396337628629807,-0.2595848623225228,-0.3498852913874695,-0.3077528901792341,-0.7502604143121918,1.691569517052084,-0.9819421003211934,-0.7149552231343153,1.1894343241928014,0.5667043998075575,0.3764753050592899,0.1299989002765252,1.1965847287822646,1.5709595699285268,1.309721986262741,1.208408720496312,1.5765173457682524,3.2088904947964494,-0.3192014172508132,-0.3046797639723404,-0.3796110552760798,-0.2322355141106196,-0.1690423043535571,0.6858112283690864,1.986951440169412,2.541095348541848,-0.994685536959921,0.5484589911806071,1.256796697049897,0.0160191130237782,-0.4553212102424247,-0.3207251226804942,-0.1009650214196142,-0.7535929740113937,0.3705290077605744,-0.1552860121618949,0.0043120584164595,0.2740174376979851,-0.699908351819956,1.6534248820852582,0.1698330860124829,0.4400875115408757,-0.1376176658233398,0.9939515179940444,-0.27681311484632687,0.9565551630944576,0.5032461143791265,-0.7812356612523381,-0.4120051751995291,0.7283824816712778,7,6,4,0,0,0,0,0,0,0,0,0,0,1,1,0,0,0,0,0,0,0,0,0,0,0,0,0,0,0,0,0,0,0,0,0,0,0,0,0,True
IE_007,53.519,-6.658,0.4669788422889004,0.781136119835347,-0.6432736443851808,-0.2101763458814939,-0.2443172296398907,-0.265350237939731,-0.1712662691427841,-0.0595443148630149,0.1109019787059234,-0.0169433197913853,0.3431776462889755,0.2452398742851736,-0.3302081974421399,-0.3892455993310557,0.862681957813105,0.0892388925429782,-0.0818311266176112,-0.1704120896832863,0.1822887253415693,0.2050933206444774,1.5506599820270688,-0.9819421003211934,-0.1165491691939428,0.2281390813615703,-0.8610542399691897,0.0933063155715556,-0.4156229156307599,-4.279247589662175,0.008699777075614,0.956588548792598,0.0737401693101102,0.7167818328141736,1.98413407801157,-0.3192014172508132,-0.3046797639723404,1.202650642582895,0.3248687809749678,-0.1690423043535571,-0.2423706876803585,-1.8305151185067925,1.8354859559556824,0.2943303182203099,0.0020323176797931,0.9095555647209304,-0.3977501628878806,0.0046639973411042,4.532314875927729,0.7820911571413999,0.7963973058940904,0.5835152376713658,-0.1577796862580646,-0.1247450049179863,0.6824714873289243,-1.0469592010553306,1.0031757426162593,0.1513890147701649,0.1953544505216756,-0.6392845065949935,2.041713260144781,-0.5393343965914661,0.9265295278271571,0.763728946805806,-0.6213009859407174,-0.2976336055711279,-0.34592095041660664,7,6,7,0,0,0,0,0,1,0,0,0,0,1,1,0,0,0,0,1,1,0,0,0,0,0,0,0,0,0,0,0,0,0,0,0,0,0,0,0,True
IE_008,53.519,-6.658,0.4669788422889004,0.781136119835347,-0.6432736443851808,-0.2101763458814939,-0.2443172296398907,-0.265350237939731,-0.1712662691427841,-0.0595443148630149,0.1109019787059234,-0.0169433197913853,0.3431776462889755,0.2452398742851736,-0.3302081974421399,-0.3892455993310557,0.862681957813105,0.0892388925429782,-0.0818311266176112,-0.1704120896832863,0.1822887253415693,0.2050933206444774,1.5506599820270688,-0.9819421003211934,-0.1165491691939428,0.2281390813615703,-0.8610542399691897,0.0933063155715556,-0.4156229156307599,-4.279247589662175,0.008699777075614,0.956588548792598,0.0737401693101102,0.7167818328141736,1.98413407801157,-0.3192014172508132,-0.3046797639723404,1.202650642582895,0.3248687809749678,-0.1690423043535571,-0.2423706876803585,-1.8305151185067925,1.8354859559556824,0.2943303182203099,0.0020323176797931,0.9095555647209304,-0.3977501628878806,0.0046639973411042,4.532314875927729,0.7820911571413999,0.7963973058940904,0.5835152376713658,-0.1577796862580646,-0.1247450049179863,0.6824714873289243,-1.0469592010553306,1.0031757426162593,0.1513890147701649,0.1953544505216756,-0.6392845065949935,2.041713260144781,-0.5393343965914661,0.9265295278271571,0.763728946805806,-0.6213009859407174,-0.2976336055711279,-0.34592095041660664,7,6,7,0,0,0,0,0,1,0,0,0,0,1,1,0,0,0,0,1,1,0,0,0,0,0,0,0,0,0,0,0,0,0,0,0,0,0,0,0,True
IE_009,53.519,-6.658,0.4669788422889004,0.781136119835347,-0.6432736443851808,-0.2101763458814939,-0.2443172296398907,-0.265350237939731,-0.1712662691427841,-0.0595443148630149,0.1109019787059234,-0.0169433197913853,0.3431776462889755,0.2452398742851736,-0.3302081974421399,-0.3892455993310557,0.862681957813105,0.0892388925429782,-0.0818311266176112,-0.1704120896832863,0.1822887253415693,0.2050933206444774,1.5506599820270688,-0.9819421003211934,-0.1165491691939428,0.2281390813615703,-0.8610542399691897,0.0933063155715556,-0.4156229156307599,-4.279247589662175,0.008699777075614,0.956588548792598,0.0737401693101102,0.7167818328141736,1.98413407801157,-0.3192014172508132,-0.3046797639723404,1.202650642582895,0.3248687809749678,-0.1690423043535571,-0.2423706876803585,-1.8305151185067925,1.8354859559556824,0.2943303182203099,0.0020323176797931,0.9095555647209304,-0.3977501628878806,0.0046639973411042,4.532314875927729,0.7820911571413999,0.7963973058940904,0.5835152376713658,-0.1577796862580646,-0.1247450049179863,0.6824714873289243,-1.0469592010553306,1.0031757426162593,0.1513890147701649,0.1953544505216756,-0.6392845065949935,2.041713260144781,-0.5393343965914661,0.9265295278271571,0.763728946805806,-0.6213009859407174,-0.2976336055711279,-0.34592095041660664,7,6,7,0,0,0,0,0,1,0,0,0,0,1,1,0,0,0,0,1,1,0,0,0,0,0,0,0,0,0,0,0,0,0,0,0,0,0,0,0,True
IE_007,53.519,-6.658,0.4669788422889004,0.5539583024790211,-0.7432142505998198,-0.0118941575237792,-0.2433886251080831,-0.5509551898319318,-0.1654861573493918,-0.0989381262714187,-0.0475736024444896,0.1708363784104294,0.2780385749138899,0.2855545716171348,-0.30226585576294,-0.3452697523525586,1.2203137302296492,0.2463218031963049,-0.1085350963549804,-0.1973743750494489,0.2060056885198402,0.8899742461304498,1.3188538274055144,-0.9819421003211934,1.198941395902077,0.8690025765830078,0.5800081138547422,0.3090230984043478,-0.2749531144400896,-0.0147202608516239,0.3291168538992318,1.5771593237242334,0.3574073071066607,0.7167818328141736,1.67794497381535,-0.3192014172508132,-0.3046797639723404,0.1478095106769117,0.8819730760605554,-0.3282945138603831,0.2217202703443639,-0.410917727708127,-0.9694979531939976,1.583346173400541,0.6373690939875193,1.4004826828411934,-0.2601809791445248,-0.8630353715096436,-0.434132325837575,1.5389964530508404,1.2954131297395663,0.5835152376713658,-0.1577796862580646,-0.1247450049179863,0.6824714873289243,-1.0469592010553306,1.0031757426162593,0.1513890147701649,0.1953544505216756,-0.6392845065949935,2.041713260144781,-0.5393343965914661,0.9265295278271571,0.763728946805806,-0.6213009859407174,-0.2976336055711279,-0.34592095041660664,7,6,7,0,0,0,0,0,0,0,0,0,0,1,1,0,0,0,0,0,0,0,0,0,0,0,0,0,0,0,0,0,0,0,0,0,0,0,0,0,True
IE_008,53.519,-6.658,0.4669788422889004,0.5539583024790211,-0.7432142505998198,-0.0118941575237792,-0.2433886251080831,-0.5509551898319318,-0.1654861573493918,-0.0989381262714187,-0.0475736024444896,0.1708363784104294,0.2780385749138899,0.2855545716171348,-0.30226585576294,-0.3452697523525586,1.2203137302296492,0.2463218031963049,-0.1085350963549804,-0.1973743750494489,0.2060056885198402,0.8899742461304498,1.3188538274055144,-0.9819421003211934,1.198941395902077,0.8690025765830078,0.5800081138547422,0.3090230984043478,-0.2749531144400896,-0.0147202608516239,0.3291168538992318,1.5771593237242334,0.3574073071066607,0.7167818328141736,1.67794497381535,-0.3192014172508132,-0.3046797639723404,0.1478095106769117,0.8819730760605554,-0.3282945138603831,0.2217202703443639,-0.410917727708127,-0.9694979531939976,1.583346173400541,0.6373690939875193,1.4004826828411934,-0.2601809791445248,-0.8630353715096436,-0.434132325837575,1.5389964530508404,1.2954131297395663,0.5835152376713658,-0.1577796862580646,-0.1247450049179863,0.6824714873289243,-1.0469592010553306,1.0031757426162593,0.1513890147701649,0.1953544505216756,-0.6392845065949935,2.041713260144781,-0.5393343965914661,0.9265295278271571,0.763728946805806,-0.6213009859407174,-0.2976336055711279,-0.34592095041660664,7,6,7,0,0,0,0,0,0,0,0,0,0,1,1,0,0,0,0,0,0,0,0,0,0,0,0,0,0,0,0,0,0,0,0,0,0,0,0,0,True
IE_009,53.519,-6.658,0.4669788422889004,0.5539583024790211,-0.7432142505998198,-0.0118941575237792,-0.2433886251080831,-0.5509551898319318,-0.1654861573493918,-0.0989381262714187,-0.0475736024444896,0.1708363784104294,0.2780385749138899,0.2855545716171348,-0.30226585576294,-0.3452697523525586,1.2203137302296492,0.2463218031963049,-0.1085350963549804,-0.1973743750494489,0.2060056885198402,0.8899742461304498,1.3188538274055144,-0.9819421003211934,1.198941395902077,0.8690025765830078,0.5800081138547422,0.3090230984043478,-0.2749531144400896,-0.0147202608516239,0.3291168538992318,1.5771593237242334,0.3574073071066607,0.7167818328141736,1.67794497381535,-0.3192014172508132,-0.3046797639723404,0.1478095106769117,0.8819730760605554,-0.3282945138603831,0.2217202703443639,-0.410917727708127,-0.9694979531939976,1.583346173400541,0.6373690939875193,1.4004826828411934,-0.2601809791445248,-0.8630353715096436,-0.434132325837575,1.5389964530508404,1.2954131297395663,0.5835152376713658,-0.1577796862580646,-0.1247450049179863,0.6824714873289243,-1.0469592010553306,1.0031757426162593,0.1513890147701649,0.1953544505216756,-0.6392845065949935,2.041713260144781,-0.5393343965914661,0.9265295278271571,0.763728946805806,-0.6213009859407174,-0.2976336055711279,-0.34592095041660664,7,6,7,0,0,0,0,0,0,0,0,0,0,1,1,0,0,0,0,0,0,0,0,0,0,0,0,0,0,0,0,0,0,0,0,0,0,0,0,0,True
IE_007,53.519,-6.658,0.4669788422889004,0.5106599519236521,-0.3243534290049271,-0.245385332599219,-0.2310072313506489,-0.4956768120463448,-0.1683762132460875,-0.3549979004260434,0.0422292268740777,-0.3327546304035282,0.0174822894135475,-0.0571203557045352,-0.30226585576294,-0.2110276931550411,0.7509220289329349,0.0479012844763135,-0.1348489189833217,-0.2239427392948249,0.1593063461541911,-0.1767495720645756,1.143238413703824,-0.9819421003211934,-0.7149552231343153,1.6610626574801428,-0.4091001913303675,0.2878313349867371,0.4940352796744228,-0.3585026578933299,-0.8293207772344654,1.4671681859504322,0.9247415826997616,0.7167818328141736,1.0655667654229104,-0.3192014172508132,-0.3046797639723404,-0.3796110552760798,-0.2322355141106196,0.0698360099066818,1.6139931444185314,-1.0949724289738052,-1.3327748462040705,0.2943303182203099,2.401678946562181,0.8975817325716556,-0.5319824976319488,0.9769054588244722,7.796617471607896,0.2915043912741697,-0.512364839638102,0.5835152376713658,-0.1577796862580646,-0.1247450049179863,0.6824714873289243,-1.0469592010553306,1.0031757426162593,0.1513890147701649,0.1953544505216756,-0.6392845065949935,2.041713260144781,-0.5393343965914661,0.9265295278271571,0.763728946805806,-0.6213009859407174,-0.2976336055711279,-0.34592095041660664,7,6,7,0,0,0,0,0,0,0,0,0,0,1,1,0,0,0,0,0,0,0,0,0,0,0,0,0,0,0,0,0,0,0,0,0,0,0,0,0,True
IE_008,53.519,-6.658,0.4669788422889004,0.5106599519236521,-0.3243534290049271,-0.245385332599219,-0.2310072313506489,-0.4956768120463448,-0.1683762132460875,-0.3549979004260434,0.0422292268740777,-0.3327546304035282,0.0174822894135475,-0.0571203557045352,-0.30226585576294,-0.2110276931550411,0.7509220289329349,0.0479012844763135,-0.1348489189833217,-0.2239427392948249,0.1593063461541911,-0.1767495720645756,1.143238413703824,-0.9819421003211934,-0.7149552231343153,1.6610626574801428,-0.4091001913303675,0.2878313349867371,0.4940352796744228,-0.3585026578933299,-0.8293207772344654,1.4671681859504322,0.9247415826997616,0.7167818328141736,1.0655667654229104,-0.3192014172508132,-0.3046797639723404,-0.3796110552760798,-0.2322355141106196,0.0698360099066818,1.6139931444185314,-1.0949724289738052,-1.3327748462040705,0.2943303182203099,2.401678946562181,0.8975817325716556,-0.5319824976319488,0.9769054588244722,7.796617471607896,0.2915043912741697,-0.512364839638102,0.5835152376713658,-0.1577796862580646,-0.1247450049179863,0.6824714873289243,-1.0469592010553306,1.0031757426162593,0.1513890147701649,0.1953544505216756,-0.6392845065949935,2.041713260144781,-0.5393343965914661,0.9265295278271571,0.763728946805806,-0.6213009859407174,-0.2976336055711279,-0.34592095041660664,7,6,7,0,0,0,0,0,0,0,0,0,0,1,1,0,0,0,0,0,0,0,0,0,0,0,0,0,0,0,0,0,0,0,0,0,0,0,0,0,True
IE_009,53.519,-6.658,0.4669788422889004,0.5106599519236521,-0.3243534290049271,-0.245385332599219,-0.2310072313506489,-0.4956768120463448,-0.1683762132460875,-0.3549979004260434,0.0422292268740777,-0.3327546304035282,0.0174822894135475,-0.0571203557045352,-0.30226585576294,-0.2110276931550411,0.7509220289329349,0.0479012844763135,-0.1348489189833217,-0.2239427392948249,0.1593063461541911,-0.1767495720645756,1.143238413703824,-0.9819421003211934,-0.7149552231343153,1.6610626574801428,-0.4091001913303675,0.2878313349867371,0.4940352796744228,-0.3585026578933299,-0.8293207772344654,1.4671681859504322,0.9247415826997616,0.7167818328141736,1.0655667654229104,-0.3192014172508132,-0.3046797639723404,-0.3796110552760798,-0.2322355141106196,0.0698360099066818,1.6139931444185314,-1.0949724289738052,-1.3327748462040705,0.2943303182203099,2.401678946562181,0.8975817325716556,-0.5319824976319488,0.9769054588244722,7.796617471607896,0.2915043912741697,-0.512364839638102,0.5835152376713658,-0.1577796862580646,-0.1247450049179863,0.6824714873289243,-1.0469592010553306,1.0031757426162593,0.1513890147701649,0.1953544505216756,-0.6392845065949935,2.041713260144781,-0.5393343965914661,0.9265295278271571,0.763728946805806,-0.6213009859407174,-0.2976336055711279,-0.34592095041660664,7,6,7,0,0,0,0,0,0,0,0,0,0,1,1,0,0,0,0,0,0,0,0,0,0,0,0,0,0,0,0,0,0,0,0,0,0,0,0,0,True
IE_010,52.623,-6.563,0.4669788422889004,1.0085514052934377,-0.1326024577565785,-0.662999076542654,-0.237197928229366,-0.8089209528313366,-0.1308054865890404,1.0631793102764937,0.0290229284448766,0.6872305484654199,-0.6339084243373084,-0.2788511910303217,-0.2463811724045401,0.3814889819236567,1.019145858245343,-0.6217679662036564,0.0839848110043611,-0.0029921640171379,0.4417867543348004,-0.1926549998107802,1.117157020884253,-0.9819421003211934,-0.7149552231343153,1.4598326378133692,0.0006308499594254,0.4067585460997231,1.2382176834387528,-0.1021685620956995,-0.0787286031494622,0.7623410036983851,2.0594101338859634,2.006385102245292,2.2903231822077896,-0.3192014172508132,-0.3046797639723404,-0.5554179105937436,-0.7893398091962072,-0.0894161996001441,1.1499021863938088,-0.6610022421493427,-1.0586921804042242,-0.994685536959921,-1.343350418544245,0.1911256357644477,-1.3819689427232011,1.3846196200916912,0.0624560874450384,-0.31121649250557,-1.1376472711126344,-0.0207994358150468,0.0629835726603347,-0.0791858990614375,0.0220657554723389,-0.6205750122064598,0.7967579579084549,0.196288960240885,0.356778215234677,0.0767284982980389,0.1739281241348751,-0.562299734352957,1.1355301774265787,0.5043988858135596,-0.6967897833236562,0.223440097833974,-0.904554928811065,7,6,2,0,0,0,0,0,0,0,0,0,0,1,1,0,0,0,0,0,0,0,0,0,0,0,0,0,0,0,0,0,0,0,0,0,0,0,0,0,True
IE_012,52.623,-6.563,0.4669788422889004,1.0085514052934377,-0.1326024577565785,-0.662999076542654,-0.237197928229366,-0.8089209528313366,-0.1308054865890404,1.0631793102764937,0.0290229284448766,0.6872305484654199,-0.6339084243373084,-0.2788511910303217,-0.2463811724045401,0.3814889819236567,1.019145858245343,-0.6217679662036564,0.0839848110043611,-0.0029921640171379,0.4417867543348004,-0.1926549998107802,1.117157020884253,-0.9819421003211934,-0.7149552231343153,1.4598326378133692,0.0006308499594254,0.4067585460997231,1.2382176834387528,-0.1021685620956995,-0.0787286031494622,0.7623410036983851,2.0594101338859634,2.006385102245292,2.2903231822077896,-0.3192014172508132,-0.3046797639723404,-0.5554179105937436,-0.7893398091962072,-0.0894161996001441,1.1499021863938088,-0.6610022421493427,-1.0586921804042242,-0.994685536959921,-1.343350418544245,0.1911256357644477,-1.3819689427232011,1.3846196200916912,0.0624560874450384,-0.31121649250557,-1.1376472711126344,-0.0207994358150468,0.0629835726603347,-0.0791858990614375,0.0220657554723389,-0.6205750122064598,0.7967579579084549,0.196288960240885,0.356778215234677,0.0767284982980389,0.1739281241348751,-0.562299734352957,1.1355301774265787,0.5043988858135596,-0.6967897833236562,0.223440097833974,-0.904554928811065,7,6,2,0,0,0,0,0,0,0,0,0,0,1,1,0,0,0,0,0,0,0,0,0,0,0,0,0,0,0,0,0,0,0,0,0,0,0,0,0,True
IE_011,52.628,-6.559,0.4669788422889004,1.3661783665533247,-0.1023058042993391,-0.896537767119737,-0.2495793219868002,-0.9563299602595676,-0.1336955424857361,1.2995421787269166,0.1346733158784853,-0.5674792531557966,-0.1649071104366921,-0.1175924017024769,-0.3940764069945969,0.328255061897055,0.9967938724693092,-0.084379061337014,0.2352337897752964,0.1497198921703693,0.6480070393443264,0.2853877888953724,1.7267263884123187,-0.0577033698323529,-0.7149552231343153,1.1894343241928014,0.664232308837416,0.4518622595787431,0.6590141582984589,0.4739242895198706,1.0627071049829897,1.426731916148022,1.4920758582928624,1.146649589291213,2.2903231822077896,-0.4357460988806527,-0.5515455309859825,-0.5554179105937436,-0.7893398091962072,-0.1690423043535571,0.6858112283690864,0.0304078860116654,-0.6997486101735954,0.2943303182203099,0.6781195577740207,1.627985493677413,0.0354335072014514,1.1755354348264506,-0.1656764120676313,0.5297893918382529,-0.3332350368856576,0.8266732345992787,-0.2235376739963321,-0.1776918161136937,0.7126930570696163,-0.9869386924255438,1.5530548689734756,0.2567355520437149,0.1029380738102256,0.1293742240117256,0.3493209463594936,-0.562299734352957,1.1355301774265787,0.8695248787910267,-0.7895001840239259,-0.45676715852351246,-0.9570999695521182,7,6,2,0,0,0,0,0,0,0,0,0,0,0,0,0,0,0,0,0,0,0,0,0,0,0,0,0,0,0,0,0,0,0,0,0,0,0,0,0,True
IE_010,52.623,-6.563,0.4669788422889004,1.0350686766573285,-0.0959396720538941,-0.7140782408092591,-0.2505079265186078,-0.4219723083322281,-0.1683762132460875,1.2667140025532468,0.1082607190200832,-0.1919198567521672,0.2128995035388043,0.0436663876253677,-0.366134065315397,0.2958518062286886,0.5944581285006969,0.2463218031963049,-0.1360064494598792,-0.2251114669160707,0.0536268118874752,0.7211365884945377,2.176293237192551,-0.9819421003211934,0.5609758562232795,1.5026572510255434,0.6598700800271537,0.3507235244176531,1.1192085918080668,0.4273413814165067,-0.2218481302094962,1.6373509861891753,1.775742996089413,2.4362528587223315,3.2088904947964494,-0.3192014172508132,-0.3046797639723404,-0.2038041999584159,0.3248687809749678,0.9457231621942248,1.6139931444185314,-0.0063692484649839,-0.5572304387607635,0.2943303182203099,0.4459654004448612,1.2208752006020729,0.1554083962212909,1.1859896440897126,-0.1394681123536049,0.978325863488292,-0.0802241421535384,-0.0207994358150468,0.0629835726603347,-0.0791858990614375,0.0220657554723389,-0.6205750122064598,0.7967579579084549,0.196288960240885,0.356778215234677,0.0767284982980389,0.1739281241348751,-0.562299734352957,1.1355301774265787,0.5043988858135596,-0.6967897833236562,0.223440097833974,-0.904554928811065,7,6,2,0,0,0,0,0,0,0,0,0,0,1,1,0,0,0,0,0,0,0,0,0,0,0,0,0,0,0,0,0,0,0,0,0,0,0,0,0,True
IE_012,52.623,-6.563,0.4669788422889004,1.0350686766573285,-0.0959396720538941,-0.7140782408092591,-0.2505079265186078,-0.4219723083322281,-0.1683762132460875,1.2667140025532468,0.1082607190200832,-0.1919198567521672,0.2128995035388043,0.0436663876253677,-0.366134065315397,0.2958518062286886,0.5944581285006969,0.2463218031963049,-0.1360064494598792,-0.2251114669160707,0.0536268118874752,0.7211365884945377,2.176293237192551,-0.9819421003211934,0.5609758562232795,1.5026572510255434,0.6598700800271537,0.3507235244176531,1.1192085918080668,0.4273413814165067,-0.2218481302094962,1.6373509861891753,1.775742996089413,2.4362528587223315,3.2088904947964494,-0.3192014172508132,-0.3046797639723404,-0.2038041999584159,0.3248687809749678,0.9457231621942248,1.6139931444185314,-0.0063692484649839,-0.5572304387607635,0.2943303182203099,0.4459654004448612,1.2208752006020729,0.1554083962212909,1.1859896440897126,-0.1394681123536049,0.978325863488292,-0.0802241421535384,-0.0207994358150468,0.0629835726603347,-0.0791858990614375,0.0220657554723389,-0.6205750122064598,0.7967579579084549,0.196288960240885,0.356778215234677,0.0767284982980389,0.1739281241348751,-0.562299734352957,1.1355301774265787,0.5043988858135596,-0.6967897833236562,0.223440097833974,-0.904554928811065,7,6,2,0,0,0,0,0,0,0,0,0,0,1,1,0,0,0,0,0,0,0,0,0,0,0,0,0,0,0,0,0,0,0,0,0,0,0,0,0,True
IE_013,52.137,-7.946,0.4669788422889004,0.1222412934680814,-0.6997251303206944,0.2203140990072899,-0.2412218812005322,-0.3574808675823777,-0.1712662691427841,0.0717683898316644,-0.3037757919709908,-0.7509912309439337,0.1477604321637187,-0.2183791450323799,-0.6096316142341395,0.0921741991703862,0.773274014708969,0.0479012844763135,-0.2689532461648289,-0.3593442984587113,-0.1273646757865192,-0.3785234713114712,0.4319368537617084,-0.9819421003211934,-0.7149552231343153,-1.0535879090813047,-0.2393472540823504,0.2464620267568412,1.230362157464512,0.0236431944941185,-1.0672463103367134,1.404541525502975,0.9247415826997616,0.7167818328141736,2.2903231822077896,-0.3192014172508132,-0.3046797639723404,-0.5554179105937436,-0.7893398091962072,-0.2884814614836766,-0.2423706876803585,-0.5727371194053842,-0.887405560538971,0.2943303182203099,-0.1501644902500946,1.4483780114382925,-0.1705410810272996,-0.4135043731893766,0.146506923637287,-0.2271159040711876,-0.7662514800725664,0.2831409743908826,-0.160198389345645,0.0661697842462687,-0.0022022780844648,-0.6756209313235673,0.3108467774978544,0.0763147281997953,0.4375223607537954,-0.7112024414730984,0.0944941596427083,-0.5800943540138332,1.3266949735694058,0.282832242041877,-0.7273084959047708,0.5215783354544602,1.764078377755959,7,6,2,0,0,0,0,0,0,0,0,0,0,1,1,1,1,0,0,0,0,0,0,0,0,0,0,0,0,0,0,0,0,0,0,0,0,0,0,0,True
IE_014,52.144,-7.948,0.4669788422889004,0.0361986845947976,-0.7609320403431674,0.3098808196050113,-0.2402932766687246,-0.4864637490820786,-0.1625961014526962,-0.2499477366702999,-0.4939464893514865,-0.7723298330123219,-0.0346289676865209,-0.2183791450323799,-0.4220187486737969,-0.3961891541171342,0.2368263560841527,-0.663105574270321,-0.2960220911255798,-0.3866749885973707,-0.1612281097417373,-1.2084718855638483,2.040654125823723,-0.9819421003211934,0.4567269715801114,0.2281390813615703,-0.2690718277467587,0.0601028299868461,1.6112600050981232,0.3713594468919532,-0.5803870442517324,0.6563617933246161,2.0594101338859634,2.4362528587223315,2.5965122864040096,-0.3192014172508132,-0.3046797639723404,-0.0279973446407521,0.3248687809749678,-0.2486684091069701,-0.2423706876803585,0.3834683769874993,-0.4213326215943047,-0.994685536959921,-1.8802069073679264,1.005346221915128,-0.9331627523190228,0.1405687177635105,-0.0190481414996069,-0.4794176693743345,-0.3942187830671564,-0.2243129825093777,0.7638679011489646,-1.0039097114970363,-0.2851335410693808,-0.2366630507276487,0.0340122192213797,-0.2779942508695896,0.2704548361724624,-0.7112024414730984,-0.1043107378715704,-0.5800943540138332,1.3266949735694058,0.282832242041877,-0.99131151941281,-0.39527511582226443,0.08525086233635606,7,6,2,0,0,0,0,0,0,0,0,0,0,1,1,0,0,0,0,0,0,0,0,0,0,0,0,0,0,0,0,0,0,0,0,0,0,0,0,0,True
IE_015,52.138,-7.946,0.4669788422889004,0.2675717717489922,-0.4245241363850643,-0.0374099819062602,-0.237197928229366,-0.8273470787598664,-0.1250253747956482,-0.2105539252618961,-0.2298205207674647,-0.499195726536955,0.069593546513616,-0.0772777043705157,-0.2862988033748257,-0.2503745036094859,0.6838660716048329,-0.6961756607236529,-0.1904040206489111,-0.2800352423715365,0.0535538822102108,-0.2920489430618569,1.5730571486971996,-0.9819421003211934,0.5609758562232795,0.2281390813615703,0.9213656761709184,0.3575029237760847,0.4904476161676185,0.2140162066413436,1.306331018897504,1.469277090666683,0.6410744449032111,1.146649589291213,1.67794497381535,-0.3192014172508132,-0.7984112979996244,-0.2038041999584159,0.3248687809749678,-0.4079206186137961,-0.2423706876803585,-0.1240560787902619,-0.5420638090327087,0.2943303182203099,-2.1157569366792943,2.322467758335346,-0.4090499469991044,0.4332865771348471,-0.243482301843647,-1.187264288697052,-1.587462109135439,0.2831409743908826,-0.160198389345645,0.0661697842462687,-0.0022022780844648,-0.6756209313235673,0.3108467774978544,0.0763147281997953,0.4375223607537954,-0.7112024414730984,0.0944941596427083,-0.5800943540138332,1.3266949735694058,0.282832242041877,-0.7186284384686898,-0.4080618969044934,-1.1438532197734985,7,6,2,0,0,0,0,0,0,0,0,0,0,0,0,0,0,0,0,0,0,0,0,0,0,0,0,0,0,0,0,0,0,0,0,0,0,0,0,0,True
IE_001,53.299,-6.536,-0.6920986562037972,1.0298443784184723,-0.390085661948861,-0.5163187229696214,-0.2916760607620767,0.6928083103437571,-0.2319574429733991,-0.0464130443935469,0.3195614938873006,-0.422376759090758,0.3301498320139584,0.4266560122789989,0.0090916658052879,0.1801258931273804,1.175609758677581,0.965596183556273,-0.3948325611118009,-0.4421198409952339,-0.1922382158930851,0.212224031500332,1.1341749105219625,-0.9819421003211934,-0.7149552231343153,-1.0535879090813047,0.9912634830694736,0.0771606625926819,1.207151139762448,0.0728171165174786,-0.7063220080573881,1.014852993255999,0.3574073071066607,1.5765173457682524,1.37175586961913,-0.3192014172508132,-0.3046797639723404,-0.3796110552760798,-0.2322355141106196,-0.2884814614836766,-0.2423706876803585,-0.5874479731960439,-0.9676924020358958,-0.994685536959921,2.800848262289048,0.8137649075267327,-0.4057130979998168,1.300985945985595,-0.1048521696160848,-0.7737697288946725,-0.9824810553061836,-0.1965414418023876,0.2889682538427788,-0.3086799609925946,-0.1230343240079289,-0.9463932539069062,1.46902215815212,0.5438722489019975,0.1151234574847604,-0.1472429769723266,1.746025772683809,-0.5229119108694877,1.0391139109999286,1.3293701612716238,-0.6461868952920348,-0.6277965426504609,-0.2076817165415877,7,6,4,0,0,0,0,0,0,0,0,0,0,1,1,1,1,0,0,0,0,0,0,0,0,0,0,0,0,0,0,0,0,0,0,0,0,0,0,0,True
IE_002,53.299,-6.536,-0.6920986562037972,1.0298443784184723,-0.390085661948861,-0.5163187229696214,-0.2916760607620767,0.6928083103437571,-0.2319574429733991,-0.0464130443935469,0.3195614938873006,-0.422376759090758,0.3301498320139584,0.4266560122789989,0.0090916658052879,0.1801258931273804,1.175609758677581,0.965596183556273,-0.3948325611118009,-0.4421198409952339,-0.1922382158930851,0.212224031500332,1.1341749105219625,-0.9819421003211934,-0.7149552231343153,-1.0535879090813047,0.9912634830694736,0.0771606625926819,1.207151139762448,0.0728171165174786,-0.7063220080573881,1.014852993255999,0.3574073071066607,1.5765173457682524,1.37175586961913,-0.3192014172508132,-0.3046797639723404,-0.3796110552760798,-0.2322355141106196,-0.2884814614836766,-0.2423706876803585,-0.5874479731960439,-0.9676924020358958,-0.994685536959921,2.800848262289048,0.8137649075267327,-0.4057130979998168,1.300985945985595,-0.1048521696160848,-0.7737697288946725,-0.9824810553061836,-0.1965414418023876,0.2889682538427788,-0.3086799609925946,-0.1230343240079289,-0.9463932539069062,1.46902215815212,0.5438722489019975,0.1151234574847604,-0.1472429769723266,1.746025772683809,-0.5229119108694877,1.0391139109999286,1.3293701612716238,-0.6461868952920348,-0.6277965426504609,-0.2076817165415877,7,6,4,0,0,0,0,0,0,0,0,0,0,1,1,1,1,0,0,0,0,0,0,0,0,0,0,0,0,0,0,0,0,0,0,0,0,0,0,0,True
IE_003,53.299,-6.536,-0.6920986562037972,1.0298443784184723,-0.390085661948861,-0.5163187229696214,-0.2916760607620767,0.6928083103437571,-0.2319574429733991,-0.0464130443935469,0.3195614938873006,-0.422376759090758,0.3301498320139584,0.4266560122789989,0.0090916658052879,0.1801258931273804,1.175609758677581,0.965596183556273,-0.3948325611118009,-0.4421198409952339,-0.1922382158930851,0.212224031500332,1.1341749105219625,-0.9819421003211934,-0.7149552231343153,-1.0535879090813047,0.9912634830694736,0.0771606625926819,1.207151139762448,0.0728171165174786,-0.7063220080573881,1.014852993255999,0.3574073071066607,1.5765173457682524,1.37175586961913,-0.3192014172508132,-0.3046797639723404,-0.3796110552760798,-0.2322355141106196,-0.2884814614836766,-0.2423706876803585,-0.5874479731960439,-0.9676924020358958,-0.994685536959921,2.800848262289048,0.8137649075267327,-0.4057130979998168,1.300985945985595,-0.1048521696160848,-0.7737697288946725,-0.9824810553061836,-0.1965414418023876,0.2889682538427788,-0.3086799609925946,-0.1230343240079289,-0.9463932539069062,1.46902215815212,0.5438722489019975,0.1151234574847604,-0.1472429769723266,1.746025772683809,-0.5229119108694877,1.0391139109999286,1.3293701612716238,-0.6461868952920348,-0.6277965426504609,-0.2076817165415877,7,6,4,0,0,0,0,0,0,0,0,0,0,1,1,1,1,0,0,0,0,0,0,0,0,0,0,0,0,0,0,0,0,0,0,0,0,0,0,0,True
IE_016,53.299,-6.536,-0.6920986562037972,1.0298443784184723,-0.390085661948861,-0.5163187229696214,-0.2916760607620767,0.6928083103437571,-0.2319574429733991,-0.0464130443935469,0.3195614938873006,-0.422376759090758,0.3301498320139584,0.4266560122789989,0.0090916658052879,0.1801258931273804,1.175609758677581,0.965596183556273,-0.3948325611118009,-0.4421198409952339,-0.1922382158930851,0.212224031500332,1.1341749105219625,-0.9819421003211934,-0.7149552231343153,-1.0535879090813047,0.9912634830694736,0.0771606625926819,1.207151139762448,0.0728171165174786,-0.7063220080573881,1.014852993255999,0.3574073071066607,1.5765173457682524,1.37175586961913,-0.3192014172508132,-0.3046797639723404,-0.3796110552760798,-0.2322355141106196,-0.2884814614836766,-0.2423706876803585,-0.5874479731960439,-0.9676924020358958,-0.994685536959921,2.800848262289048,0.8137649075267327,-0.4057130979998168,1.300985945985595,-0.1048521696160848,-0.7737697288946725,-0.9824810553061836,-0.1965414418023876,0.2889682538427788,-0.3086799609925946,-0.1230343240079289,-0.9463932539069062,1.46902215815212,0.5438722489019975,0.1151234574847604,-0.1472429769723266,1.746025772683809,-0.5229119108694877,1.0391139109999286,1.3293701612716238,-0.6461868952920348,-0.6277965426504609,-0.2076817165415877,7,6,4,0,0,0,0,0,0,0,0,0,0,1,1,1,1,0,0,0,0,0,0,0,0,0,0,0,0,0,0,0,0,0,0,0,0,0,0,0,True
IE_017,53.299,-6.536,-0.6920986562037972,1.0298443784184723,-0.390085661948861,-0.5163187229696214,-0.2916760607620767,0.6928083103437571,-0.2319574429733991,-0.0464130443935469,0.3195614938873006,-0.422376759090758,0.3301498320139584,0.4266560122789989,0.0090916658052879,0.1801258931273804,1.175609758677581,0.965596183556273,-0.3948325611118009,-0.4421198409952339,-0.1922382158930851,0.212224031500332,1.1341749105219625,-0.9819421003211934,-0.7149552231343153,-1.0535879090813047,0.9912634830694736,0.0771606625926819,1.207151139762448,0.0728171165174786,-0.7063220080573881,1.014852993255999,0.3574073071066607,1.5765173457682524,1.37175586961913,-0.3192014172508132,-0.3046797639723404,-0.3796110552760798,-0.2322355141106196,-0.2884814614836766,-0.2423706876803585,-0.5874479731960439,-0.9676924020358958,-0.994685536959921,2.800848262289048,0.8137649075267327,-0.4057130979998168,1.300985945985595,-0.1048521696160848,-0.7737697288946725,-0.9824810553061836,-0.1965414418023876,0.2889682538427788,-0.3086799609925946,-0.1230343240079289,-0.9463932539069062,1.46902215815212,0.5438722489019975,0.1151234574847604,-0.1472429769723266,1.746025772683809,-0.5229119108694877,1.0391139109999286,1.3293701612716238,-0.6461868952920348,-0.6277965426504609,-0.2076817165415877,7,6,4,0,0,0,0,0,0,0,0,0,0,1,1,1,1,0,0,0,0,0,0,0,0,0,0,0,0,0,0,0,0,0,0,0,0,0,0,0,True
IE_018,53.299,-6.536,-0.6920986562037972,1.0298443784184723,-0.390085661948861,-0.5163187229696214,-0.2916760607620767,0.6928083103437571,-0.2319574429733991,-0.0464130443935469,0.3195614938873006,-0.422376759090758,0.3301498320139584,0.4266560122789989,0.0090916658052879,0.1801258931273804,1.175609758677581,0.965596183556273,-0.3948325611118009,-0.4421198409952339,-0.1922382158930851,0.212224031500332,1.1341749105219625,-0.9819421003211934,-0.7149552231343153,-1.0535879090813047,0.9912634830694736,0.0771606625926819,1.207151139762448,0.0728171165174786,-0.7063220080573881,1.014852993255999,0.3574073071066607,1.5765173457682524,1.37175586961913,-0.3192014172508132,-0.3046797639723404,-0.3796110552760798,-0.2322355141106196,-0.2884814614836766,-0.2423706876803585,-0.5874479731960439,-0.9676924020358958,-0.994685536959921,2.800848262289048,0.8137649075267327,-0.4057130979998168,1.300985945985595,-0.1048521696160848,-0.7737697288946725,-0.9824810553061836,-0.1965414418023876,0.2889682538427788,-0.3086799609925946,-0.1230343240079289,-0.9463932539069062,1.46902215815212,0.5438722489019975,0.1151234574847604,-0.1472429769723266,1.746025772683809,-0.5229119108694877,1.0391139109999286,1.3293701612716238,-0.6461868952920348,-0.6277965426504609,-0.2076817165415877,7,6,4,0,0,0,0,0,0,0,0,0,0,1,1,1,1,0,0,0,0,0,0,0,0,0,0,0,0,0,0,0,0,0,0,0,0,0,0,0,True
IE_001,53.299,-6.536,0.4669788422889004,0.979580296877962,-0.4391739105884383,-0.4557364583743454,-0.2650560641835931,0.4256294843801054,-0.2203972193866147,-0.1120693967408865,0.4516244781793115,0.1366946151010084,0.069593546513616,0.325869268949096,0.1248527956191161,0.1847549296514328,1.197961744453615,0.940793618716274,-0.3982777883016788,-0.3600898013603059,-0.1279549164424366,1.107282281660326,2.00533874723687,-0.9819421003211934,0.5609758562232795,1.203487239725904,0.4834707150010197,0.419685547384207,1.4232322254450065,-4.347567995330601,-0.1925050559221503,0.8197426529768943,1.775742996089413,1.5765173457682524,3.5150795989926693,-0.4648822692881125,-0.7984112979996244,-0.2038041999584159,0.3248687809749678,-0.0894161996001441,0.6858112283690864,-2.190931036377956,0.3574617779335856,1.583346173400541,0.6815154297562291,0.634157425287612,-0.5041501434788003,0.5482828790307294,-0.0263296466447636,1.0904599814008016,-0.2189104161067642,-0.1965414418023876,0.2889682538427788,-0.3086799609925946,-0.1230343240079289,-0.9463932539069062,1.46902215815212,0.5438722489019975,0.1151234574847604,-0.1472429769723266,1.746025772683809,-0.5229119108694877,1.0391139109999286,1.3293701612716238,-0.6461868952920348,-0.6277965426504609,-0.2076817165415877,7,6,4,0,0,0,0,0,0,0,0,0,0,0,0,0,0,0,0,0,0,0,0,0,0,0,0,0,0,0,0,0,0,0,0,0,0,0,0,0,True
IE_002,53.299,-6.536,0.4669788422889004,0.979580296877962,-0.4391739105884383,-0.4557364583743454,-0.2650560641835931,0.4256294843801054,-0.2203972193866147,-0.1120693967408865,0.4516244781793115,0.1366946151010084,0.069593546513616,0.325869268949096,0.1248527956191161,0.1847549296514328,1.197961744453615,0.940793618716274,-0.3982777883016788,-0.3600898013603059,-0.1279549164424366,1.107282281660326,2.00533874723687,-0.9819421003211934,0.5609758562232795,1.203487239725904,0.4834707150010197,0.419685547384207,1.4232322254450065,-4.347567995330601,-0.1925050559221503,0.8197426529768943,1.775742996089413,1.5765173457682524,3.5150795989926693,-0.4648822692881125,-0.7984112979996244,-0.2038041999584159,0.3248687809749678,-0.0894161996001441,0.6858112283690864,-2.190931036377956,0.3574617779335856,1.583346173400541,0.6815154297562291,0.634157425287612,-0.5041501434788003,0.5482828790307294,-0.0263296466447636,1.0904599814008016,-0.2189104161067642,-0.1965414418023876,0.2889682538427788,-0.3086799609925946,-0.1230343240079289,-0.9463932539069062,1.46902215815212,0.5438722489019975,0.1151234574847604,-0.1472429769723266,1.746025772683809,-0.5229119108694877,1.0391139109999286,1.3293701612716238,-0.6461868952920348,-0.6277965426504609,-0.2076817165415877,7,6,4,0,0,0,0,0,0,0,0,0,0,0,0,0,0,0,0,0,0,0,0,0,0,0,0,0,0,0,0,0,0,0,0,0,0,0,0,0,True
IE_003,53.299,-6.536,0.4669788422889004,0.979580296877962,-0.4391739105884383,-0.4557364583743454,-0.2650560641835931,0.4256294843801054,-0.2203972193866147,-0.1120693967408865,0.4516244781793115,0.1366946151010084,0.069593546513616,0.325869268949096,0.1248527956191161,0.1847549296514328,1.197961744453615,0.940793618716274,-0.3982777883016788,-0.3600898013603059,-0.1279549164424366,1.107282281660326,2.00533874723687,-0.9819421003211934,0.5609758562232795,1.203487239725904,0.4834707150010197,0.419685547384207,1.4232322254450065,-4.347567995330601,-0.1925050559221503,0.8197426529768943,1.775742996089413,1.5765173457682524,3.5150795989926693,-0.4648822692881125,-0.7984112979996244,-0.2038041999584159,0.3248687809749678,-0.0894161996001441,0.6858112283690864,-2.190931036377956,0.3574617779335856,1.583346173400541,0.6815154297562291,0.634157425287612,-0.5041501434788003,0.5482828790307294,-0.0263296466447636,1.0904599814008016,-0.2189104161067642,-0.1965414418023876,0.2889682538427788,-0.3086799609925946,-0.1230343240079289,-0.9463932539069062,1.46902215815212,0.5438722489019975,0.1151234574847604,-0.1472429769723266,1.746025772683809,-0.5229119108694877,1.0391139109999286,1.3293701612716238,-0.6461868952920348,-0.6277965426504609,-0.2076817165415877,7,6,4,0,0,0,0,0,0,0,0,0,0,0,0,0,0,0,0,0,0,0,0,0,0,0,0,0,0,0,0,0,0,0,0,0,0,0,0,0,True
IE_016,53.299,-6.536,0.4669788422889004,0.979580296877962,-0.4391739105884383,-0.4557364583743454,-0.2650560641835931,0.4256294843801054,-0.2203972193866147,-0.1120693967408865,0.4516244781793115,0.1366946151010084,0.069593546513616,0.325869268949096,0.1248527956191161,0.1847549296514328,1.197961744453615,0.940793618716274,-0.3982777883016788,-0.3600898013603059,-0.1279549164424366,1.107282281660326,2.00533874723687,-0.9819421003211934,0.5609758562232795,1.203487239725904,0.4834707150010197,0.419685547384207,1.4232322254450065,-4.347567995330601,-0.1925050559221503,0.8197426529768943,1.775742996089413,1.5765173457682524,3.5150795989926693,-0.4648822692881125,-0.7984112979996244,-0.2038041999584159,0.3248687809749678,-0.0894161996001441,0.6858112283690864,-2.190931036377956,0.3574617779335856,1.583346173400541,0.6815154297562291,0.634157425287612,-0.5041501434788003,0.5482828790307294,-0.0263296466447636,1.0904599814008016,-0.2189104161067642,-0.1965414418023876,0.2889682538427788,-0.3086799609925946,-0.1230343240079289,-0.9463932539069062,1.46902215815212,0.5438722489019975,0.1151234574847604,-0.1472429769723266,1.746025772683809,-0.5229119108694877,1.0391139109999286,1.3293701612716238,-0.6461868952920348,-0.6277965426504609,-0.2076817165415877,7,6,4,0,0,0,0,0,0,0,0,0,0,0,0,0,0,0,0,0,0,0,0,0,0,0,0,0,0,0,0,0,0,0,0,0,0,0,0,0,True
IE_017,53.299,-6.536,0.4669788422889004,0.979580296877962,-0.4391739105884383,-0.4557364583743454,-0.2650560641835931,0.4256294843801054,-0.2203972193866147,-0.1120693967408865,0.4516244781793115,0.1366946151010084,0.069593546513616,0.325869268949096,0.1248527956191161,0.1847549296514328,1.197961744453615,0.940793618716274,-0.3982777883016788,-0.3600898013603059,-0.1279549164424366,1.107282281660326,2.00533874723687,-0.9819421003211934,0.5609758562232795,1.203487239725904,0.4834707150010197,0.419685547384207,1.4232322254450065,-4.347567995330601,-0.1925050559221503,0.8197426529768943,1.775742996089413,1.5765173457682524,3.5150795989926693,-0.4648822692881125,-0.7984112979996244,-0.2038041999584159,0.3248687809749678,-0.0894161996001441,0.6858112283690864,-2.190931036377956,0.3574617779335856,1.583346173400541,0.6815154297562291,0.634157425287612,-0.5041501434788003,0.5482828790307294,-0.0263296466447636,1.0904599814008016,-0.2189104161067642,-0.1965414418023876,0.2889682538427788,-0.3086799609925946,-0.1230343240079289,-0.9463932539069062,1.46902215815212,0.5438722489019975,0.1151234574847604,-0.1472429769723266,1.746025772683809,-0.5229119108694877,1.0391139109999286,1.3293701612716238,-0.6461868952920348,-0.6277965426504609,-0.2076817165415877,7,6,4,0,0,0,0,0,0,0,0,0,0,0,0,0,0,0,0,0,0,0,0,0,0,0,0,0,0,0,0,0,0,0,0,0,0,0,0,0,True
IE_018,53.299,-6.536,0.4669788422889004,0.979580296877962,-0.4391739105884383,-0.4557364583743454,-0.2650560641835931,0.4256294843801054,-0.2203972193866147,-0.1120693967408865,0.4516244781793115,0.1366946151010084,0.069593546513616,0.325869268949096,0.1248527956191161,0.1847549296514328,1.197961744453615,0.940793618716274,-0.3982777883016788,-0.3600898013603059,-0.1279549164424366,1.107282281660326,2.00533874723687,-0.9819421003211934,0.5609758562232795,1.203487239725904,0.4834707150010197,0.419685547384207,1.4232322254450065,-4.347567995330601,-0.1925050559221503,0.8197426529768943,1.775742996089413,1.5765173457682524,3.5150795989926693,-0.4648822692881125,-0.7984112979996244,-0.2038041999584159,0.3248687809749678,-0.0894161996001441,0.6858112283690864,-2.190931036377956,0.3574617779335856,1.583346173400541,0.6815154297562291,0.634157425287612,-0.5041501434788003,0.5482828790307294,-0.0263296466447636,1.0904599814008016,-0.2189104161067642,-0.1965414418023876,0.2889682538427788,-0.3086799609925946,-0.1230343240079289,-0.9463932539069062,1.46902215815212,0.5438722489019975,0.1151234574847604,-0.1472429769723266,1.746025772683809,-0.5229119108694877,1.0391139109999286,1.3293701612716238,-0.6461868952920348,-0.6277965426504609,-0.2076817165415877,7,6,4,0,0,0,0,0,0,0,0,0,0,0,0,0,0,0,0,0,0,0,0,0,0,0,0,0,0,0,0,0,0,0,0,0,0,0,0,0,True
IE_001,53.299,-6.536,-0.3057394900395646,0.9121393559763632,-0.5299104701831568,-0.3590424125301208,-0.2669132732472082,0.287433539916138,-0.2146171075932234,0.0586371193621965,0.1610859127368875,0.251923066270304,0.173816060713753,0.4871280582769407,0.236622162335916,0.2750211418704532,1.1532577729015472,0.9159910538762748,-0.3056494177913362,-0.3849965757618541,-0.0777668678878322,0.5168719326416985,2.491437497766097,-0.5994765399432357,0.5609758562232795,0.7480576157987934,0.8031546025230275,0.2445511668792767,-0.7735643736120681,0.3356888015419534,0.9627480700117648,0.2853465647192886,2.9104115472756145,2.006385102245292,4.433646911581329,-0.144384394806054,-0.5515455309859825,-0.2038041999584159,0.3248687809749678,-0.1690423043535571,0.2217202703443639,-0.4035623008127971,-0.821803868461274,0.2943303182203099,0.8685971044124401,0.5383667680934143,0.1190822446154103,0.3391986937654889,-0.2031204965223388,-0.2901913453969744,-0.7787507596424036,-0.1965414418023876,0.2889682538427788,-0.3086799609925946,-0.1230343240079289,-0.9463932539069062,1.46902215815212,0.5438722489019975,0.1151234574847604,-0.1472429769723266,1.746025772683809,-0.5229119108694877,1.0391139109999286,1.3293701612716238,-0.6461868952920348,-0.6277965426504609,-0.2076817165415877,7,6,4,0,0,0,0,0,0,0,0,0,0,0,0,0,0,0,0,0,0,0,0,0,0,0,0,0,0,0,0,0,0,0,0,0,0,0,0,0,True
IE_002,53.299,-6.536,-0.3057394900395646,0.9121393559763632,-0.5299104701831568,-0.3590424125301208,-0.2669132732472082,0.287433539916138,-0.2146171075932234,0.0586371193621965,0.1610859127368875,0.251923066270304,0.173816060713753,0.4871280582769407,0.236622162335916,0.2750211418704532,1.1532577729015472,0.9159910538762748,-0.3056494177913362,-0.3849965757618541,-0.0777668678878322,0.5168719326416985,2.491437497766097,-0.5994765399432357,0.5609758562232795,0.7480576157987934,0.8031546025230275,0.2445511668792767,-0.7735643736120681,0.3356888015419534,0.9627480700117648,0.2853465647192886,2.9104115472756145,2.006385102245292,4.433646911581329,-0.144384394806054,-0.5515455309859825,-0.2038041999584159,0.3248687809749678,-0.1690423043535571,0.2217202703443639,-0.4035623008127971,-0.821803868461274,0.2943303182203099,0.8685971044124401,0.5383667680934143,0.1190822446154103,0.3391986937654889,-0.2031204965223388,-0.2901913453969744,-0.7787507596424036,-0.1965414418023876,0.2889682538427788,-0.3086799609925946,-0.1230343240079289,-0.9463932539069062,1.46902215815212,0.5438722489019975,0.1151234574847604,-0.1472429769723266,1.746025772683809,-0.5229119108694877,1.0391139109999286,1.3293701612716238,-0.6461868952920348,-0.6277965426504609,-0.2076817165415877,7,6,4,0,0,0,0,0,0,0,0,0,0,0,0,0,0,0,0,0,0,0,0,0,0,0,0,0,0,0,0,0,0,0,0,0,0,0,0,0,True
IE_003,53.299,-6.536,-0.3057394900395646,0.9121393559763632,-0.5299104701831568,-0.3590424125301208,-0.2669132732472082,0.287433539916138,-0.2146171075932234,0.0586371193621965,0.1610859127368875,0.251923066270304,0.173816060713753,0.4871280582769407,0.236622162335916,0.2750211418704532,1.1532577729015472,0.9159910538762748,-0.3056494177913362,-0.3849965757618541,-0.0777668678878322,0.5168719326416985,2.491437497766097,-0.5994765399432357,0.5609758562232795,0.7480576157987934,0.8031546025230275,0.2445511668792767,-0.7735643736120681,0.3356888015419534,0.9627480700117648,0.2853465647192886,2.9104115472756145,2.006385102245292,4.433646911581329,-0.144384394806054,-0.5515455309859825,-0.2038041999584159,0.3248687809749678,-0.1690423043535571,0.2217202703443639,-0.4035623008127971,-0.821803868461274,0.2943303182203099,0.8685971044124401,0.5383667680934143,0.1190822446154103,0.3391986937654889,-0.2031204965223388,-0.2901913453969744,-0.7787507596424036,-0.1965414418023876,0.2889682538427788,-0.3086799609925946,-0.1230343240079289,-0.9463932539069062,1.46902215815212,0.5438722489019975,0.1151234574847604,-0.1472429769723266,1.746025772683809,-0.5229119108694877,1.0391139109999286,1.3293701612716238,-0.6461868952920348,-0.6277965426504609,-0.2076817165415877,7,6,4,0,0,0,0,0,0,0,0,0,0,0,0,0,0,0,0,0,0,0,0,0,0,0,0,0,0,0,0,0,0,0,0,0,0,0,0,0,True
IE_016,53.299,-6.536,-0.3057394900395646,0.9121393559763632,-0.5299104701831568,-0.3590424125301208,-0.2669132732472082,0.287433539916138,-0.2146171075932234,0.0586371193621965,0.1610859127368875,0.251923066270304,0.173816060713753,0.4871280582769407,0.236622162335916,0.2750211418704532,1.1532577729015472,0.9159910538762748,-0.3056494177913362,-0.3849965757618541,-0.0777668678878322,0.5168719326416985,2.491437497766097,-0.5994765399432357,0.5609758562232795,0.7480576157987934,0.8031546025230275,0.2445511668792767,-0.7735643736120681,0.3356888015419534,0.9627480700117648,0.2853465647192886,2.9104115472756145,2.006385102245292,4.433646911581329,-0.144384394806054,-0.5515455309859825,-0.2038041999584159,0.3248687809749678,-0.1690423043535571,0.2217202703443639,-0.4035623008127971,-0.821803868461274,0.2943303182203099,0.8685971044124401,0.5383667680934143,0.1190822446154103,0.3391986937654889,-0.2031204965223388,-0.2901913453969744,-0.7787507596424036,-0.1965414418023876,0.2889682538427788,-0.3086799609925946,-0.1230343240079289,-0.9463932539069062,1.46902215815212,0.5438722489019975,0.1151234574847604,-0.1472429769723266,1.746025772683809,-0.5229119108694877,1.0391139109999286,1.3293701612716238,-0.6461868952920348,-0.6277965426504609,-0.2076817165415877,7,6,4,0,0,0,0,0,0,0,0,0,0,0,0,0,0,0,0,0,0,0,0,0,0,0,0,0,0,0,0,0,0,0,0,0,0,0,0,0,True
IE_017,53.299,-6.536,-0.3057394900395646,0.9121393559763632,-0.5299104701831568,-0.3590424125301208,-0.2669132732472082,0.287433539916138,-0.2146171075932234,0.0586371193621965,0.1610859127368875,0.251923066270304,0.173816060713753,0.4871280582769407,0.236622162335916,0.2750211418704532,1.1532577729015472,0.9159910538762748,-0.3056494177913362,-0.3849965757618541,-0.0777668678878322,0.5168719326416985,2.491437497766097,-0.5994765399432357,0.5609758562232795,0.7480576157987934,0.8031546025230275,0.2445511668792767,-0.7735643736120681,0.3356888015419534,0.9627480700117648,0.2853465647192886,2.9104115472756145,2.006385102245292,4.433646911581329,-0.144384394806054,-0.5515455309859825,-0.2038041999584159,0.3248687809749678,-0.1690423043535571,0.2217202703443639,-0.4035623008127971,-0.821803868461274,0.2943303182203099,0.8685971044124401,0.5383667680934143,0.1190822446154103,0.3391986937654889,-0.2031204965223388,-0.2901913453969744,-0.7787507596424036,-0.1965414418023876,0.2889682538427788,-0.3086799609925946,-0.1230343240079289,-0.9463932539069062,1.46902215815212,0.5438722489019975,0.1151234574847604,-0.1472429769723266,1.746025772683809,-0.5229119108694877,1.0391139109999286,1.3293701612716238,-0.6461868952920348,-0.6277965426504609,-0.2076817165415877,7,6,4,0,0,0,0,0,0,0,0,0,0,0,0,0,0,0,0,0,0,0,0,0,0,0,0,0,0,0,0,0,0,0,0,0,0,0,0,0,True
IE_018,53.299,-6.536,-0.3057394900395646,0.9121393559763632,-0.5299104701831568,-0.3590424125301208,-0.2669132732472082,0.287433539916138,-0.2146171075932234,0.0586371193621965,0.1610859127368875,0.251923066270304,0.173816060713753,0.4871280582769407,0.236622162335916,0.2750211418704532,1.1532577729015472,0.9159910538762748,-0.3056494177913362,-0.3849965757618541,-0.0777668678878322,0.5168719326416985,2.491437497766097,-0.5994765399432357,0.5609758562232795,0.7480576157987934,0.8031546025230275,0.2445511668792767,-0.7735643736120681,0.3356888015419534,0.9627480700117648,0.2853465647192886,2.9104115472756145,2.006385102245292,4.433646911581329,-0.144384394806054,-0.5515455309859825,-0.2038041999584159,0.3248687809749678,-0.1690423043535571,0.2217202703443639,-0.4035623008127971,-0.821803868461274,0.2943303182203099,0.8685971044124401,0.5383667680934143,0.1190822446154103,0.3391986937654889,-0.2031204965223388,-0.2901913453969744,-0.7787507596424036,-0.1965414418023876,0.2889682538427788,-0.3086799609925946,-0.1230343240079289,-0.9463932539069062,1.46902215815212,0.5438722489019975,0.1151234574847604,-0.1472429769723266,1.746025772683809,-0.5229119108694877,1.0391139109999286,1.3293701612716238,-0.6461868952920348,-0.6277965426504609,-0.2076817165415877,7,6,4,0,0,0,0,0,0,0,0,0,0,0,0,0,0,0,0,0,0,0,0,0,0,0,0,0,0,0,0,0,0,0,0,0,0,0,0,0,True
IE_019,52.865,-6.908,-0.3057394900395646,0.6012144547304936,-0.9035947629519387,0.059094001931391,-0.4238474391226872,0.913921821486105,-0.2608580019403584,-0.0923724910366847,-0.1162463542763353,-0.640030500188316,0.2259273178138214,0.1847678282872318,-0.4419775641589397,-0.0976162983157591,0.862681957813105,-0.2249269287636743,-0.6016403762067448,-0.6952496123898927,-0.5846427807111193,-0.7876982003987959,0.2162984666740226,-0.0577033698323529,-0.7149552231343153,-1.0535879090813047,0.8141285596070512,0.3506455651572852,0.8944396761032779,0.4258422788898421,0.6157324530733381,1.367790269303381,-0.4935941062829906,-0.1429536801399053,-0.1591896513619691,-0.4357460988806527,-0.5515455309859825,-0.5554179105937436,-0.7893398091962072,-0.2884814614836766,-0.2423706876803585,0.2584261197668915,-0.7608966093946414,0.2943303182203099,-0.204807157600176,1.172979872004974,-0.1606822089839499,0.6110081346103015,-0.1858189236642511,0.3545798325999565,-0.9464162550186916,-0.1128255072411856,0.299243956022542,-0.3762953057503438,-0.6005875233703745,-0.0532722759461287,1.0617333220249603,0.2116628660581935,-0.0233405562992461,-0.9223789463174156,0.2400441610376412,-0.6198441393064664,1.1551086152152137,0.35505783961597764,-0.7579657200407167,-0.5663539971663054,0.04680023461571824,7,6,7,0,0,0,0,0,0,0,0,0,0,0,0,1,1,0,0,0,0,0,0,0,0,0,0,0,0,0,0,0,0,0,0,0,0,0,0,0,True
IE_020,52.865,-6.908,-0.3057394900395646,0.6012144547304936,-0.9035947629519387,0.059094001931391,-0.4238474391226872,0.913921821486105,-0.2608580019403584,-0.0923724910366847,-0.1162463542763353,-0.640030500188316,0.2259273178138214,0.1847678282872318,-0.4419775641589397,-0.0976162983157591,0.862681957813105,-0.2249269287636743,-0.6016403762067448,-0.6952496123898927,-0.5846427807111193,-0.7876982003987959,0.2162984666740226,-0.0577033698323529,-0.7149552231343153,-1.0535879090813047,0.8141285596070512,0.3506455651572852,0.8944396761032779,0.4258422788898421,0.6157324530733381,1.367790269303381,-0.4935941062829906,-0.1429536801399053,-0.1591896513619691,-0.4357460988806527,-0.5515455309859825,-0.5554179105937436,-0.7893398091962072,-0.2884814614836766,-0.2423706876803585,0.2584261197668915,-0.7608966093946414,0.2943303182203099,-0.204807157600176,1.172979872004974,-0.1606822089839499,0.6110081346103015,-0.1858189236642511,0.3545798325999565,-0.9464162550186916,-0.1128255072411856,0.299243956022542,-0.3762953057503438,-0.6005875233703745,-0.0532722759461287,1.0617333220249603,0.2116628660581935,-0.0233405562992461,-0.9223789463174156,0.2400441610376412,-0.6198441393064664,1.1551086152152137,0.35505783961597764,-0.7579657200407167,-0.5663539971663054,0.04680023461571824,7,6,7,0,0,0,0,0,0,0,0,0,0,0,0,1,1,0,0,0,0,0,0,0,0,0,0,0,0,0,0,0,0,0,0,0,0,0,0,0,True
IE_021,52.865,-6.908,-0.3057394900395646,0.6012144547304936,-0.9035947629519387,0.059094001931391,-0.4238474391226872,0.913921821486105,-0.2608580019403584,-0.0923724910366847,-0.1162463542763353,-0.640030500188316,0.2259273178138214,0.1847678282872318,-0.4419775641589397,-0.0976162983157591,0.862681957813105,-0.2249269287636743,-0.6016403762067448,-0.6952496123898927,-0.5846427807111193,-0.7876982003987959,0.2162984666740226,-0.0577033698323529,-0.7149552231343153,-1.0535879090813047,0.8141285596070512,0.3506455651572852,0.8944396761032779,0.4258422788898421,0.6157324530733381,1.367790269303381,-0.4935941062829906,-0.1429536801399053,-0.1591896513619691,-0.4357460988806527,-0.5515455309859825,-0.5554179105937436,-0.7893398091962072,-0.2884814614836766,-0.2423706876803585,0.2584261197668915,-0.7608966093946414,0.2943303182203099,-0.204807157600176,1.172979872004974,-0.1606822089839499,0.6110081346103015,-0.1858189236642511,0.3545798325999565,-0.9464162550186916,-0.1128255072411856,0.299243956022542,-0.3762953057503438,-0.6005875233703745,-0.0532722759461287,1.0617333220249603,0.2116628660581935,-0.0233405562992461,-0.9223789463174156,0.2400441610376412,-0.6198441393064664,1.1551086152152137,0.35505783961597764,-0.7579657200407167,-0.5663539971663054,0.04680023461571824,7,6,7,0,0,0,0,0,0,0,0,0,0,0,0,1,1,0,0,0,0,0,0,0,0,0,0,0,0,0,0,0,0,0,0,0,0,0,0,0,True
IE_019,52.865,-6.908,0.4669788422889004,0.5370189112196994,-0.9174775332703192,0.1061818640599544,-0.4083706969258944,0.877069569629056,-0.2464077224568782,-0.0726755853324828,-0.0898337574179331,-0.1407072117880359,-0.1649071104366921,0.2452398742851736,-0.0388094913590547,-0.1022453348398114,0.7285700431569009,0.0644363277029798,-0.5060519066010224,-0.5987364864175535,-0.4492747221820638,0.0230354476684206,-0.2954181089260532,-0.9819421003211934,-0.7149552231343153,0.6447147224707904,0.1208987925234815,0.3614429487240357,0.8176501750319869,0.3415508961629536,-0.713839604688052,1.2999881628476937,-0.2099269684864401,-0.5728214366169448,-0.1591896513619691,-0.3192014172508132,-0.3046797639723404,-0.5554179105937436,-0.7893398091962072,-0.0097900948467311,0.2217202703443639,-0.0210801022556437,-0.6755542246550318,0.2943303182203099,0.2554878538064419,1.005346221915128,-0.3649883727130572,-0.0162444211854198,0.1997297354100583,0.726024098185145,-0.3075199585349733,-0.1128255072411856,0.299243956022542,-0.3762953057503438,-0.6005875233703745,-0.0532722759461287,1.0617333220249603,0.2116628660581935,-0.0233405562992461,-0.9223789463174156,0.2400441610376412,-0.6198441393064664,1.1551086152152137,0.35505783961597764,-0.7579657200407167,-0.5663539971663054,0.04680023461571824,7,6,7,0,0,0,0,0,0,0,0,0,0,1,1,0,0,0,0,0,0,0,0,0,0,0,0,0,0,0,0,0,0,0,0,0,0,0,0,0,False
IE_020,52.865,-6.908,0.4669788422889004,0.5370189112196994,-0.9174775332703192,0.1061818640599544,-0.4083706969258944,0.877069569629056,-0.2464077224568782,-0.0726755853324828,-0.0898337574179331,-0.1407072117880359,-0.1649071104366921,0.2452398742851736,-0.0388094913590547,-0.1022453348398114,0.7285700431569009,0.0644363277029798,-0.5060519066010224,-0.5987364864175535,-0.4492747221820638,0.0230354476684206,-0.2954181089260532,-0.9819421003211934,-0.7149552231343153,0.6447147224707904,0.1208987925234815,0.3614429487240357,0.8176501750319869,0.3415508961629536,-0.713839604688052,1.2999881628476937,-0.2099269684864401,-0.5728214366169448,-0.1591896513619691,-0.3192014172508132,-0.3046797639723404,-0.5554179105937436,-0.7893398091962072,-0.0097900948467311,0.2217202703443639,-0.0210801022556437,-0.6755542246550318,0.2943303182203099,0.2554878538064419,1.005346221915128,-0.3649883727130572,-0.0162444211854198,0.1997297354100583,0.726024098185145,-0.3075199585349733,-0.1128255072411856,0.299243956022542,-0.3762953057503438,-0.6005875233703745,-0.0532722759461287,1.0617333220249603,0.2116628660581935,-0.0233405562992461,-0.9223789463174156,0.2400441610376412,-0.6198441393064664,1.1551086152152137,0.35505783961597764,-0.7579657200407167,-0.5663539971663054,0.04680023461571824,7,6,7,0,0,0,0,0,0,0,0,0,0,1,1,0,0,0,0,0,0,0,0,0,0,0,0,0,0,0,0,0,0,0,0,0,0,0,0,0,False
IE_021,52.865,-6.908,0.4669788422889004,0.5370189112196994,-0.9174775332703192,0.1061818640599544,-0.4083706969258944,0.877069569629056,-0.2464077224568782,-0.0726755853324828,-0.0898337574179331,-0.1407072117880359,-0.1649071104366921,0.2452398742851736,-0.0388094913590547,-0.1022453348398114,0.7285700431569009,0.0644363277029798,-0.5060519066010224,-0.5987364864175535,-0.4492747221820638,0.0230354476684206,-0.2954181089260532,-0.9819421003211934,-0.7149552231343153,0.6447147224707904,0.1208987925234815,0.3614429487240357,0.8176501750319869,0.3415508961629536,-0.713839604688052,1.2999881628476937,-0.2099269684864401,-0.5728214366169448,-0.1591896513619691,-0.3192014172508132,-0.3046797639723404,-0.5554179105937436,-0.7893398091962072,-0.0097900948467311,0.2217202703443639,-0.0210801022556437,-0.6755542246550318,0.2943303182203099,0.2554878538064419,1.005346221915128,-0.3649883727130572,-0.0162444211854198,0.1997297354100583,0.726024098185145,-0.3075199585349733,-0.1128255072411856,0.299243956022542,-0.3762953057503438,-0.6005875233703745,-0.0532722759461287,1.0617333220249603,0.2116628660581935,-0.0233405562992461,-0.9223789463174156,0.2400441610376412,-0.6198441393064664,1.1551086152152137,0.35505783961597764,-0.7579657200407167,-0.5663539971663054,0.04680023461571824,7,6,7,0,0,0,0,0,0,0,0,0,0,1,1,0,0,0,0,0,0,0,0,0,0,0,0,0,0,0,0,0,0,0,0,0,0,0,0,0,False
IE_019,52.865,-6.908,-1.4648169885322622,0.4142479026065772,-0.8739884129911938,0.1529846331786577,-0.3393444267281985,0.8033650659149311,-0.2492977783535748,-0.0989381262714187,-0.1637890286214592,-0.422376759090758,0.0174822894135475,0.2049251769532124,-0.2783152771807686,-0.0466968965511835,0.6391621000527649,-0.6383030094303226,-0.5025221974372402,-0.5951726333024763,-0.4942116959907279,0.0605658583811015,0.376432034134449,-0.9819421003211934,1.3073476911524553,0.2281390813615703,0.6366433591387987,0.3351448156917817,1.1194554616836412,-0.2264684560985631,-2.236019106157795,0.9307484835748768,-0.2099269684864401,-0.1429536801399053,0.1469994528342507,-0.3192014172508132,-0.3046797639723404,-0.0279973446407521,0.8819730760605554,0.0698360099066818,-0.2423706876803585,-0.7639782186839609,-0.7660725227145331,-2.283701392140152,-1.4853596105275075,0.2150733000629971,-0.4307394654944737,1.4368906664080012,-0.0038836712060907,0.7470492452937405,-0.1053819277845483,-0.1128255072411856,0.299243956022542,-0.3762953057503438,-0.6005875233703745,-0.0532722759461287,1.0617333220249603,0.2116628660581935,-0.0233405562992461,-0.9223789463174156,0.2400441610376412,-0.6198441393064664,1.1551086152152137,0.35505783961597764,-0.7579657200407167,-0.5663539971663054,0.04680023461571824,7,6,7,0,0,0,0,0,0,0,0,0,0,1,1,0,0,0,0,0,0,0,0,0,0,0,0,0,0,0,0,0,0,0,0,0,0,0,0,0,True
IE_020,52.865,-6.908,-1.4648169885322622,0.4142479026065772,-0.8739884129911938,0.1529846331786577,-0.3393444267281985,0.8033650659149311,-0.2492977783535748,-0.0989381262714187,-0.1637890286214592,-0.422376759090758,0.0174822894135475,0.2049251769532124,-0.2783152771807686,-0.0466968965511835,0.6391621000527649,-0.6383030094303226,-0.5025221974372402,-0.5951726333024763,-0.4942116959907279,0.0605658583811015,0.376432034134449,-0.9819421003211934,1.3073476911524553,0.2281390813615703,0.6366433591387987,0.3351448156917817,1.1194554616836412,-0.2264684560985631,-2.236019106157795,0.9307484835748768,-0.2099269684864401,-0.1429536801399053,0.1469994528342507,-0.3192014172508132,-0.3046797639723404,-0.0279973446407521,0.8819730760605554,0.0698360099066818,-0.2423706876803585,-0.7639782186839609,-0.7660725227145331,-2.283701392140152,-1.4853596105275075,0.2150733000629971,-0.4307394654944737,1.4368906664080012,-0.0038836712060907,0.7470492452937405,-0.1053819277845483,-0.1128255072411856,0.299243956022542,-0.3762953057503438,-0.6005875233703745,-0.0532722759461287,1.0617333220249603,0.2116628660581935,-0.0233405562992461,-0.9223789463174156,0.2400441610376412,-0.6198441393064664,1.1551086152152137,0.35505783961597764,-0.7579657200407167,-0.5663539971663054,0.04680023461571824,7,6,7,0,0,0,0,0,0,0,0,0,0,1,1,0,0,0,0,0,0,0,0,0,0,0,0,0,0,0,0,0,0,0,0,0,0,0,0,0,True
IE_021,52.865,-6.908,-1.4648169885322622,0.4142479026065772,-0.8739884129911938,0.1529846331786577,-0.3393444267281985,0.8033650659149311,-0.2492977783535748,-0.0989381262714187,-0.1637890286214592,-0.422376759090758,0.0174822894135475,0.2049251769532124,-0.2783152771807686,-0.0466968965511835,0.6391621000527649,-0.6383030094303226,-0.5025221974372402,-0.5951726333024763,-0.4942116959907279,0.0605658583811015,0.376432034134449,-0.9819421003211934,1.3073476911524553,0.2281390813615703,0.6366433591387987,0.3351448156917817,1.1194554616836412,-0.2264684560985631,-2.236019106157795,0.9307484835748768,-0.2099269684864401,-0.1429536801399053,0.1469994528342507,-0.3192014172508132,-0.3046797639723404,-0.0279973446407521,0.8819730760605554,0.0698360099066818,-0.2423706876803585,-0.7639782186839609,-0.7660725227145331,-2.283701392140152,-1.4853596105275075,0.2150733000629971,-0.4307394654944737,1.4368906664080012,-0.0038836712060907,0.7470492452937405,-0.1053819277845483,-0.1128255072411856,0.299243956022542,-0.3762953057503438,-0.6005875233703745,-0.0532722759461287,1.0617333220249603,0.2116628660581935,-0.0233405562992461,-0.9223789463174156,0.2400441610376412,-0.6198441393064664,1.1551086152152137,0.35505783961597764,-0.7579657200407167,-0.5663539971663054,0.04680023461571824,7,6,7,0,0,0,0,0,0,0,0,0,0,1,1,0,0,0,0,0,0,0,0,0,0,0,0,0,0,0,0,0,0,0,0,0,0,0,0,0,True
IE_022,53.289,-6.248,-1.4648169885322622,0.5699478213312785,-0.2805575071718045,-0.3081057947684458,-0.2474125780792492,-0.9655430232238338,-0.1886066045229598,0.0258089431885267,0.5836874624713224,-0.6912431451524472,0.1998716892637872,0.3057119202831154,0.1727539527834591,1.416078645049352,1.6450014599742953,0.7423730999962825,0.3056205221248158,0.239207342023354,0.651577144223425,1.217684525381294,0.9867917812536304,1.329923349955343,2.435625833252764,1.1624813290224787,0.4970475115396608,0.3124018511177774,0.7830902349737432,0.1769969314917144,-0.9981014201360136,0.6437320004390975,-0.2099269684864401,0.7167818328141736,1.0655667654229104,2.040828385753436,1.6702463721367955,2.4332986298065413,3.1103902564029053,3.0956279905363755,1.6139931444185314,-0.23438748222021,-0.6330635874010372,-2.283701392140152,-3.159524497756273,1.3885088506919188,0.1572284956754478,1.3846196200916912,-0.0155417576511483,0.676965421598422,-0.4034539195646158,0.3833302897315817,-0.028096293889241,-0.1945065880395684,-0.2517017925791254,0.7653905047473069,0.6863769285782804,0.7445358832759628,0.0336741095675725,-0.5075448706048986,1.054100602095373,-0.6295956941942069,1.1285335736385904,-0.6632181793370542,-0.7280010536789262,-0.13186742552834843,-0.21641594016725338,7,6,7,0,0,0,0,0,0,0,0,0,0,0,0,0,0,0,0,0,0,0,0,0,0,0,0,0,0,0,0,0,0,0,0,0,0,0,0,0,True
IE_023,53.289,-6.248,-1.4648169885322622,0.5699478213312785,-0.2805575071718045,-0.3081057947684458,-0.2474125780792492,-0.9655430232238338,-0.1886066045229598,0.0258089431885267,0.5836874624713224,-0.6912431451524472,0.1998716892637872,0.3057119202831154,0.1727539527834591,1.416078645049352,1.6450014599742953,0.7423730999962825,0.3056205221248158,0.239207342023354,0.651577144223425,1.217684525381294,0.9867917812536304,1.329923349955343,2.435625833252764,1.1624813290224787,0.4970475115396608,0.3124018511177774,0.7830902349737432,0.1769969314917144,-0.9981014201360136,0.6437320004390975,-0.2099269684864401,0.7167818328141736,1.0655667654229104,2.040828385753436,1.6702463721367955,2.4332986298065413,3.1103902564029053,3.0956279905363755,1.6139931444185314,-0.23438748222021,-0.6330635874010372,-2.283701392140152,-3.159524497756273,1.3885088506919188,0.1572284956754478,1.3846196200916912,-0.0155417576511483,0.676965421598422,-0.4034539195646158,0.3833302897315817,-0.028096293889241,-0.1945065880395684,-0.2517017925791254,0.7653905047473069,0.6863769285782804,0.7445358832759628,0.0336741095675725,-0.5075448706048986,1.054100602095373,-0.6295956941942069,1.1285335736385904,-0.6632181793370542,-0.7280010536789262,-0.13186742552834843,-0.21641594016725338,7,6,7,0,0,0,0,0,0,0,0,0,0,0,0,0,0,0,0,0,0,0,0,0,0,0,0,0,0,0,0,0,0,0,0,0,0,0,0,0,True
IE_024,53.289,-6.248,-1.4648169885322622,0.5699478213312785,-0.2805575071718045,-0.3081057947684458,-0.2474125780792492,-0.9655430232238338,-0.1886066045229598,0.0258089431885267,0.5836874624713224,-0.6912431451524472,0.1998716892637872,0.3057119202831154,0.1727539527834591,1.416078645049352,1.6450014599742953,0.7423730999962825,0.3056205221248158,0.239207342023354,0.651577144223425,1.217684525381294,0.9867917812536304,1.329923349955343,2.435625833252764,1.1624813290224787,0.4970475115396608,0.3124018511177774,0.7830902349737432,0.1769969314917144,-0.9981014201360136,0.6437320004390975,-0.2099269684864401,0.7167818328141736,1.0655667654229104,2.040828385753436,1.6702463721367955,2.4332986298065413,3.1103902564029053,3.0956279905363755,1.6139931444185314,-0.23438748222021,-0.6330635874010372,-2.283701392140152,-3.159524497756273,1.3885088506919188,0.1572284956754478,1.3846196200916912,-0.0155417576511483,0.676965421598422,-0.4034539195646158,0.3833302897315817,-0.028096293889241,-0.1945065880395684,-0.2517017925791254,0.7653905047473069,0.6863769285782804,0.7445358832759628,0.0336741095675725,-0.5075448706048986,1.054100602095373,-0.6295956941942069,1.1285335736385904,-0.6632181793370542,-0.7280010536789262,-0.13186742552834843,-0.21641594016725338,7,6,7,0,0,0,0,0,0,0,0,0,0,0,0,0,0,0,0,0,0,0,0,0,0,0,0,0,0,0,0,0,0,0,0,0,0,0,0,0,True
IE_022,53.289,-6.248,-3.396612819353425,0.2467537348274888,-0.4041218330442401,-0.0375525284111903,-0.2474125780792492,-0.3206286157253207,-0.1972767722130476,-0.0004535977504091,0.1293907965068048,-0.3028805875077851,-0.047656781961538,-0.0369630070385546,0.2086798206567162,0.4648116393565986,0.773274014708969,0.783710708062948,-0.0167966408605723,-0.0732739925270103,0.2765513313512484,0.6814385493448863,1.994319579438894,-0.0577033698323529,1.3073476911524553,0.7266269582040706,0.3762556594149975,0.2699039065283659,1.1879594092390215,0.4276010237640562,-0.416273422454084,0.377568154601521,0.9247415826997616,2.006385102245292,1.98413407801157,-0.4357460988806527,-0.5515455309859825,-0.0279973446407521,0.8819730760605554,3.0956279905363755,1.1499021863938088,0.6409083183240449,-0.1899813332028665,1.583346173400541,0.6991122209367638,0.7538957467803591,-0.1178340343340072,0.360107112292013,-0.302809292797859,-0.7177026699384177,-1.0579544121992135,0.3833302897315817,-0.028096293889241,-0.1945065880395684,-0.2517017925791254,0.7653905047473069,0.6863769285782804,0.7445358832759628,0.0336741095675725,-0.5075448706048986,1.054100602095373,-0.6295956941942069,1.1285335736385904,-0.6632181793370542,-0.7280010536789262,-0.13186742552834843,-0.21641594016725338,7,6,7,0,0,0,0,0,0,0,0,0,0,0,0,0,0,0,0,0,0,0,0,0,0,0,0,0,0,0,0,0,0,0,0,0,0,0,0,0,True
IE_023,53.289,-6.248,-3.396612819353425,0.2467537348274888,-0.4041218330442401,-0.0375525284111903,-0.2474125780792492,-0.3206286157253207,-0.1972767722130476,-0.0004535977504091,0.1293907965068048,-0.3028805875077851,-0.047656781961538,-0.0369630070385546,0.2086798206567162,0.4648116393565986,0.773274014708969,0.783710708062948,-0.0167966408605723,-0.0732739925270103,0.2765513313512484,0.6814385493448863,1.994319579438894,-0.0577033698323529,1.3073476911524553,0.7266269582040706,0.3762556594149975,0.2699039065283659,1.1879594092390215,0.4276010237640562,-0.416273422454084,0.377568154601521,0.9247415826997616,2.006385102245292,1.98413407801157,-0.4357460988806527,-0.5515455309859825,-0.0279973446407521,0.8819730760605554,3.0956279905363755,1.1499021863938088,0.6409083183240449,-0.1899813332028665,1.583346173400541,0.6991122209367638,0.7538957467803591,-0.1178340343340072,0.360107112292013,-0.302809292797859,-0.7177026699384177,-1.0579544121992135,0.3833302897315817,-0.028096293889241,-0.1945065880395684,-0.2517017925791254,0.7653905047473069,0.6863769285782804,0.7445358832759628,0.0336741095675725,-0.5075448706048986,1.054100602095373,-0.6295956941942069,1.1285335736385904,-0.6632181793370542,-0.7280010536789262,-0.13186742552834843,-0.21641594016725338,7,6,7,0,0,0,0,0,0,0,0,0,0,0,0,0,0,0,0,0,0,0,0,0,0,0,0,0,0,0,0,0,0,0,0,0,0,0,0,0,True
IE_024,53.289,-6.248,-3.396612819353425,0.2467537348274888,-0.4041218330442401,-0.0375525284111903,-0.2474125780792492,-0.3206286157253207,-0.1972767722130476,-0.0004535977504091,0.1293907965068048,-0.3028805875077851,-0.047656781961538,-0.0369630070385546,0.2086798206567162,0.4648116393565986,0.773274014708969,0.783710708062948,-0.0167966408605723,-0.0732739925270103,0.2765513313512484,0.6814385493448863,1.994319579438894,-0.0577033698323529,1.3073476911524553,0.7266269582040706,0.3762556594149975,0.2699039065283659,1.1879594092390215,0.4276010237640562,-0.416273422454084,0.377568154601521,0.9247415826997616,2.006385102245292,1.98413407801157,-0.4357460988806527,-0.5515455309859825,-0.0279973446407521,0.8819730760605554,3.0956279905363755,1.1499021863938088,0.6409083183240449,-0.1899813332028665,1.583346173400541,0.6991122209367638,0.7538957467803591,-0.1178340343340072,0.360107112292013,-0.302809292797859,-0.7177026699384177,-1.0579544121992135,0.3833302897315817,-0.028096293889241,-0.1945065880395684,-0.2517017925791254,0.7653905047473069,0.6863769285782804,0.7445358832759628,0.0336741095675725,-0.5075448706048986,1.054100602095373,-0.6295956941942069,1.1285335736385904,-0.6632181793370542,-0.7280010536789262,-0.13186742552834843,-0.21641594016725338,7,6,7,0,0,0,0,0,0,0,0,0,0,0,0,0,0,0,0,0,0,0,0,0,0,0,0,0,0,0,0,0,0,0,0,0,0,0,0,0,True
IE_022,53.289,-6.248,0.4669788422889004,0.6430879966752661,-0.6195732243388847,-0.1419916010232816,-0.2412218812005322,-0.8826254565454533,-0.1510358778659118,0.4591408686809687,0.5836874624713224,-0.8832905637679397,0.4343723462140952,0.7088588936027272,-0.6814833499806535,1.9206436261710556,1.689705431526363,-0.208391885537008,0.0391487700453418,-0.0482619176498473,0.2901949185943682,0.248368218642097,1.180901528180421,0.755594317252216,-0.1165491691939428,1.2792987214065683,-0.3808410979500324,0.4392497470011809,0.0595911469390587,0.4132500471861883,0.5256419816021042,0.5490394299303593,0.6410744449032111,1.146649589291213,1.98413407801157,-0.2317929060284336,0.1890517700549435,1.202650642582895,0.3248687809749678,0.7068448479339859,1.1499021863938088,0.4055346576734889,-0.2989162530750057,0.2943303182203099,0.4079933773710759,0.2270471322122718,-0.0729382477981381,-0.1626033508710881,-0.1102397156022201,0.0882613025577459,-0.7972210326373224,0.3833302897315817,-0.028096293889241,-0.1945065880395684,-0.2517017925791254,0.7653905047473069,0.6863769285782804,0.7445358832759628,0.0336741095675725,-0.5075448706048986,1.054100602095373,-0.6295956941942069,1.1285335736385904,-0.6632181793370542,-0.7280010536789262,-0.13186742552834843,-0.21641594016725338,7,6,7,0,0,0,0,0,0,0,0,0,0,0,0,0,0,0,0,0,0,0,0,0,0,0,0,0,0,0,0,0,0,0,0,0,0,0,0,0,True
IE_023,53.289,-6.248,0.4669788422889004,0.6430879966752661,-0.6195732243388847,-0.1419916010232816,-0.2412218812005322,-0.8826254565454533,-0.1510358778659118,0.4591408686809687,0.5836874624713224,-0.8832905637679397,0.4343723462140952,0.7088588936027272,-0.6814833499806535,1.9206436261710556,1.689705431526363,-0.208391885537008,0.0391487700453418,-0.0482619176498473,0.2901949185943682,0.248368218642097,1.180901528180421,0.755594317252216,-0.1165491691939428,1.2792987214065683,-0.3808410979500324,0.4392497470011809,0.0595911469390587,0.4132500471861883,0.5256419816021042,0.5490394299303593,0.6410744449032111,1.146649589291213,1.98413407801157,-0.2317929060284336,0.1890517700549435,1.202650642582895,0.3248687809749678,0.7068448479339859,1.1499021863938088,0.4055346576734889,-0.2989162530750057,0.2943303182203099,0.4079933773710759,0.2270471322122718,-0.0729382477981381,-0.1626033508710881,-0.1102397156022201,0.0882613025577459,-0.7972210326373224,0.3833302897315817,-0.028096293889241,-0.1945065880395684,-0.2517017925791254,0.7653905047473069,0.6863769285782804,0.7445358832759628,0.0336741095675725,-0.5075448706048986,1.054100602095373,-0.6295956941942069,1.1285335736385904,-0.6632181793370542,-0.7280010536789262,-0.13186742552834843,-0.21641594016725338,7,6,7,0,0,0,0,0,0,0,0,0,0,0,0,0,0,0,0,0,0,0,0,0,0,0,0,0,0,0,0,0,0,0,0,0,0,0,0,0,True
IE_024,53.289,-6.248,0.4669788422889004,0.6430879966752661,-0.6195732243388847,-0.1419916010232816,-0.2412218812005322,-0.8826254565454533,-0.1510358778659118,0.4591408686809687,0.5836874624713224,-0.8832905637679397,0.4343723462140952,0.7088588936027272,-0.6814833499806535,1.9206436261710556,1.689705431526363,-0.208391885537008,0.0391487700453418,-0.0482619176498473,0.2901949185943682,0.248368218642097,1.180901528180421,0.755594317252216,-0.1165491691939428,1.2792987214065683,-0.3808410979500324,0.4392497470011809,0.0595911469390587,0.4132500471861883,0.5256419816021042,0.5490394299303593,0.6410744449032111,1.146649589291213,1.98413407801157,-0.2317929060284336,0.1890517700549435,1.202650642582895,0.3248687809749678,0.7068448479339859,1.1499021863938088,0.4055346576734889,-0.2989162530750057,0.2943303182203099,0.4079933773710759,0.2270471322122718,-0.0729382477981381,-0.1626033508710881,-0.1102397156022201,0.0882613025577459,-0.7972210326373224,0.3833302897315817,-0.028096293889241,-0.1945065880395684,-0.2517017925791254,0.7653905047473069,0.6863769285782804,0.7445358832759628,0.0336741095675725,-0.5075448706048986,1.054100602095373,-0.6295956941942069,1.1285335736385904,-0.6632181793370542,-0.7280010536789262,-0.13186742552834843,-0.21641594016725338,7,6,7,0,0,0,0,0,0,0,0,0,0,0,0,0,0,0,0,0,0,0,0,0,0,0,0,0,0,0,0,0,0,0,0,0,0,0,0,0,True
IE_025,53.307,-6.234,0.0806196761246679,0.510343327787964,-0.7790333320290115,0.0364291076475111,-0.2390551372929812,-1.3801308566157358,-0.1712662691427841,0.7874226304176671,0.9006386247721486,-0.6528336614293487,0.173816060713753,0.5677574529408631,-0.5457634046816824,2.7307250178802125,1.9132252892867037,0.5604876245029575,0.8055082623206319,0.7255108032980254,0.9522294429255834,-1.2084718855625265,1.0806675889583144,1.9033481100979792,-0.7149552231343153,0.8166413592208649,-0.5511272740127544,0.2488405940701818,0.6218110339175338,-0.409754720428006,-0.2230992179366723,-0.0511850091962349,-0.4935941062829906,1.146649589291213,1.67794497381535,1.2541517847520196,1.917112139150437,0.3236163659945755,-0.2322355141106196,-0.2486684091069701,0.2217202703443639,-0.81546620695127,-0.8098872308178023,1.583346173400541,-0.1702310065085991,1.0412677183629522,0.2177468025261633,0.2451108103961307,-0.1357569761636305,0.5998732155335715,0.0110126373817065,0.435471663342206,0.3437329864562315,-0.7849148535237325,-0.4082817549483454,0.8333773051494006,0.0541593068810043,-0.1946354131318708,-0.1256334363272845,-0.5375809691914595,1.2754064533637637,-0.45454272160787673,0.9870258128630183,-0.4812952407673133,-0.8853963504853106,-0.17163018992598947,0.8058060898467726,7,6,0,0,0,0,0,0,0,0,0,0,0,0,0,0,0,0,0,0,0,0,0,0,0,0,0,0,0,0,0,0,0,0,0,0,0,0,0,0,True
IE_026,53.307,-6.234,0.0806196761246679,0.510343327787964,-0.7790333320290115,0.0364291076475111,-0.2390551372929812,-1.3801308566157358,-0.1712662691427841,0.7874226304176671,0.9006386247721486,-0.6528336614293487,0.173816060713753,0.5677574529408631,-0.5457634046816824,2.7307250178802125,1.9132252892867037,0.5604876245029575,0.8055082623206319,0.7255108032980254,0.9522294429255834,-1.2084718855625265,1.0806675889583144,1.9033481100979792,-0.7149552231343153,0.8166413592208649,-0.5511272740127544,0.2488405940701818,0.6218110339175338,-0.409754720428006,-0.2230992179366723,-0.0511850091962349,-0.4935941062829906,1.146649589291213,1.67794497381535,1.2541517847520196,1.917112139150437,0.3236163659945755,-0.2322355141106196,-0.2486684091069701,0.2217202703443639,-0.81546620695127,-0.8098872308178023,1.583346173400541,-0.1702310065085991,1.0412677183629522,0.2177468025261633,0.2451108103961307,-0.1357569761636305,0.5998732155335715,0.0110126373817065,0.435471663342206,0.3437329864562315,-0.7849148535237325,-0.4082817549483454,0.8333773051494006,0.0541593068810043,-0.1946354131318708,-0.1256334363272845,-0.5375809691914595,1.2754064533637637,-0.45454272160787673,0.9870258128630183,-0.4812952407673133,-0.8853963504853106,-0.17163018992598947,0.8058060898467726,7,6,0,0,0,0,0,0,0,0,0,0,0,0,0,0,0,0,0,0,0,0,0,0,0,0,0,0,0,0,0,0,0,0,0,0,0,0,0,0,True
IE_027,53.307,-6.234,0.0806196761246679,0.510343327787964,-0.7790333320290115,0.0364291076475111,-0.2390551372929812,-1.3801308566157358,-0.1712662691427841,0.7874226304176671,0.9006386247721486,-0.6528336614293487,0.173816060713753,0.5677574529408631,-0.5457634046816824,2.7307250178802125,1.9132252892867037,0.5604876245029575,0.8055082623206319,0.7255108032980254,0.9522294429255834,-1.2084718855625265,1.0806675889583144,1.9033481100979792,-0.7149552231343153,0.8166413592208649,-0.5511272740127544,0.2488405940701818,0.6218110339175338,-0.409754720428006,-0.2230992179366723,-0.0511850091962349,-0.4935941062829906,1.146649589291213,1.67794497381535,1.2541517847520196,1.917112139150437,0.3236163659945755,-0.2322355141106196,-0.2486684091069701,0.2217202703443639,-0.81546620695127,-0.8098872308178023,1.583346173400541,-0.1702310065085991,1.0412677183629522,0.2177468025261633,0.2451108103961307,-0.1357569761636305,0.5998732155335715,0.0110126373817065,0.435471663342206,0.3437329864562315,-0.7849148535237325,-0.4082817549483454,0.8333773051494006,0.0541593068810043,-0.1946354131318708,-0.1256334363272845,-0.5375809691914595,1.2754064533637637,-0.45454272160787673,0.9870258128630183,-0.4812952407673133,-0.8853963504853106,-0.17163018992598947,0.8058060898467726,7,6,0,0,0,0,0,0,0,0,0,0,0,0,0,0,0,0,0,0,0,0,0,0,0,0,0,0,0,0,0,0,0,0,0,0,0,0,0,0,True
IE_025,53.307,-6.234,-2.62389448702496,0.5936154754739758,-0.6322287884412757,-0.1051195717480392,-0.2381265327611736,-0.8365601417241301,-0.156815989659304,0.2621718116389496,0.6893378499049312,-0.5205343286053431,0.3301498320139584,0.3863413149470378,-0.529796352293568,2.082659904512887,1.8685213177346356,-0.0513089748836821,0.2689330736295863,0.183745159456498,0.5729018172838483,-0.750260414312853,1.880089559465123,1.6264619028085725,1.3073476911524553,0.7480576157987934,-0.4758880433410732,-0.1421738201430396,0.3014992741479058,-0.0443724390418752,-0.3172738959687521,0.7480168118895172,0.9247415826997616,1.5765173457682524,3.5150795989926693,0.3217943317133038,1.4233806051231537,0.4994232213122394,0.8819730760605554,1.1049753717010509,0.2217202703443639,-0.2123212015342204,-0.8557482302335869,0.2943303182203099,-0.5900842697634618,1.4124565149904682,0.2615050269031844,-0.6748596047709272,0.2011502047793244,0.130311596774937,2.2877922369881083,0.435471663342206,0.3437329864562315,-0.7849148535237325,-0.4082817549483454,0.8333773051494006,0.0541593068810043,-0.1946354131318708,-0.1256334363272845,-0.5375809691914595,1.2754064533637637,-0.45454272160787673,0.9870258128630183,-0.4812952407673133,-0.8853963504853106,-0.17163018992598947,0.8058060898467726,7,6,0,0,0,0,0,0,0,0,0,0,0,0,0,0,0,0,0,0,0,0,0,0,0,0,0,0,0,0,0,0,0,0,0,0,0,0,0,0,True
IE_026,53.307,-6.234,-2.62389448702496,0.5936154754739758,-0.6322287884412757,-0.1051195717480392,-0.2381265327611736,-0.8365601417241301,-0.156815989659304,0.2621718116389496,0.6893378499049312,-0.5205343286053431,0.3301498320139584,0.3863413149470378,-0.529796352293568,2.082659904512887,1.8685213177346356,-0.0513089748836821,0.2689330736295863,0.183745159456498,0.5729018172838483,-0.750260414312853,1.880089559465123,1.6264619028085725,1.3073476911524553,0.7480576157987934,-0.4758880433410732,-0.1421738201430396,0.3014992741479058,-0.0443724390418752,-0.3172738959687521,0.7480168118895172,0.9247415826997616,1.5765173457682524,3.5150795989926693,0.3217943317133038,1.4233806051231537,0.4994232213122394,0.8819730760605554,1.1049753717010509,0.2217202703443639,-0.2123212015342204,-0.8557482302335869,0.2943303182203099,-0.5900842697634618,1.4124565149904682,0.2615050269031844,-0.6748596047709272,0.2011502047793244,0.130311596774937,2.2877922369881083,0.435471663342206,0.3437329864562315,-0.7849148535237325,-0.4082817549483454,0.8333773051494006,0.0541593068810043,-0.1946354131318708,-0.1256334363272845,-0.5375809691914595,1.2754064533637637,-0.45454272160787673,0.9870258128630183,-0.4812952407673133,-0.8853963504853106,-0.17163018992598947,0.8058060898467726,7,6,0,0,0,0,0,0,0,0,0,0,0,0,0,0,0,0,0,0,0,0,0,0,0,0,0,0,0,0,0,0,0,0,0,0,0,0,0,0,True
IE_027,53.307,-6.234,-2.62389448702496,0.5936154754739758,-0.6322287884412757,-0.1051195717480392,-0.2381265327611736,-0.8365601417241301,-0.156815989659304,0.2621718116389496,0.6893378499049312,-0.5205343286053431,0.3301498320139584,0.3863413149470378,-0.529796352293568,2.082659904512887,1.8685213177346356,-0.0513089748836821,0.2689330736295863,0.183745159456498,0.5729018172838483,-0.750260414312853,1.880089559465123,1.6264619028085725,1.3073476911524553,0.7480576157987934,-0.4758880433410732,-0.1421738201430396,0.3014992741479058,-0.0443724390418752,-0.3172738959687521,0.7480168118895172,0.9247415826997616,1.5765173457682524,3.5150795989926693,0.3217943317133038,1.4233806051231537,0.4994232213122394,0.8819730760605554,1.1049753717010509,0.2217202703443639,-0.2123212015342204,-0.8557482302335869,0.2943303182203099,-0.5900842697634618,1.4124565149904682,0.2615050269031844,-0.6748596047709272,0.2011502047793244,0.130311596774937,2.2877922369881083,0.435471663342206,0.3437329864562315,-0.7849148535237325,-0.4082817549483454,0.8333773051494006,0.0541593068810043,-0.1946354131318708,-0.1256334363272845,-0.5375809691914595,1.2754064533637637,-0.45454272160787673,0.9870258128630183,-0.4812952407673133,-0.8853963504853106,-0.17163018992598947,0.8058060898467726,7,6,0,0,0,0,0,0,0,0,0,0,0,0,0,0,0,0,0,0,0,0,0,0,0,0,0,0,0,0,0,0,0,0,0,0,0,0,0,0,True
IE_025,53.307,-6.234,0.4669788422889004,0.2351969538748679,-0.9161736266658304,0.1628678575204752,-0.2381265327611736,-0.983969149152361,-0.1539259337626083,0.5313628562630422,1.4553031587985945,-0.738188069702901,0.3040942034639242,0.5677574529408631,-0.6455574821073965,2.568708739538381,1.5332415310941252,0.8581184025829445,0.3323422740964664,0.310696923929928,0.6960142535841929,0.3578304777283627,2.2583963198659105,0.9527973547292642,1.1187891958924332,1.4400511153197375,-0.3852775737246076,0.2593516329988027,0.5269859896140721,0.1247899310212909,-0.9451992476865684,0.8627988505183974,0.9247415826997616,2.866120615199371,3.2088904947964494,0.8462453990475814,0.6827833040822275,3.1365260510771966,1.4390773711461429,0.2290882194135078,1.1499021863938088,-0.2490983360108697,-0.837331608420949,-0.994685536959921,-0.8892297198325516,0.9694247254673038,-0.0442716813951676,0.7469128550327078,0.0579899269957244,-0.0308811977242956,-0.7870305371918499,0.435471663342206,0.3437329864562315,-0.7849148535237325,-0.4082817549483454,0.8333773051494006,0.0541593068810043,-0.1946354131318708,-0.1256334363272845,-0.5375809691914595,1.2754064533637637,-0.45454272160787673,0.9870258128630183,-0.4812952407673133,-0.8853963504853106,-0.17163018992598947,0.8058060898467726,7,6,0,0,0,0,0,0,0,0,0,0,0,0,0,0,0,0,0,0,0,0,0,0,0,0,0,0,0,0,0,0,0,0,0,0,0,0,0,0,True
IE_026,53.307,-6.234,0.4669788422889004,0.2351969538748679,-0.9161736266658304,0.1628678575204752,-0.2381265327611736,-0.983969149152361,-0.1539259337626083,0.5313628562630422,1.4553031587985945,-0.738188069702901,0.3040942034639242,0.5677574529408631,-0.6455574821073965,2.568708739538381,1.5332415310941252,0.8581184025829445,0.3323422740964664,0.310696923929928,0.6960142535841929,0.3578304777283627,2.2583963198659105,0.9527973547292642,1.1187891958924332,1.4400511153197375,-0.3852775737246076,0.2593516329988027,0.5269859896140721,0.1247899310212909,-0.9451992476865684,0.8627988505183974,0.9247415826997616,2.866120615199371,3.2088904947964494,0.8462453990475814,0.6827833040822275,3.1365260510771966,1.4390773711461429,0.2290882194135078,1.1499021863938088,-0.2490983360108697,-0.837331608420949,-0.994685536959921,-0.8892297198325516,0.9694247254673038,-0.0442716813951676,0.7469128550327078,0.0579899269957244,-0.0308811977242956,-0.7870305371918499,0.435471663342206,0.3437329864562315,-0.7849148535237325,-0.4082817549483454,0.8333773051494006,0.0541593068810043,-0.1946354131318708,-0.1256334363272845,-0.5375809691914595,1.2754064533637637,-0.45454272160787673,0.9870258128630183,-0.4812952407673133,-0.8853963504853106,-0.17163018992598947,0.8058060898467726,7,6,0,0,0,0,0,0,0,0,0,0,0,0,0,0,0,0,0,0,0,0,0,0,0,0,0,0,0,0,0,0,0,0,0,0,0,0,0,0,True
IE_027,53.307,-6.234,0.4669788422889004,0.2351969538748679,-0.9161736266658304,0.1628678575204752,-0.2381265327611736,-0.983969149152361,-0.1539259337626083,0.5313628562630422,1.4553031587985945,-0.738188069702901,0.3040942034639242,0.5677574529408631,-0.6455574821073965,2.568708739538381,1.5332415310941252,0.8581184025829445,0.3323422740964664,0.310696923929928,0.6960142535841929,0.3578304777283627,2.2583963198659105,0.9527973547292642,1.1187891958924332,1.4400511153197375,-0.3852775737246076,0.2593516329988027,0.5269859896140721,0.1247899310212909,-0.9451992476865684,0.8627988505183974,0.9247415826997616,2.866120615199371,3.2088904947964494,0.8462453990475814,0.6827833040822275,3.1365260510771966,1.4390773711461429,0.2290882194135078,1.1499021863938088,-0.2490983360108697,-0.837331608420949,-0.994685536959921,-0.8892297198325516,0.9694247254673038,-0.0442716813951676,0.7469128550327078,0.0579899269957244,-0.0308811977242956,-0.7870305371918499,0.435471663342206,0.3437329864562315,-0.7849148535237325,-0.4082817549483454,0.8333773051494006,0.0541593068810043,-0.1946354131318708,-0.1256334363272845,-0.5375809691914595,1.2754064533637637,-0.45454272160787673,0.9870258128630183,-0.4812952407673133,-0.8853963504853106,-0.17163018992598947,0.8058060898467726,7,6,0,0,0,0,0,0,0,0,0,0,0,0,0,0,0,0,0,0,0,0,0,0,0,0,0,0,0,0,0,0,0,0,0,0,0,0,0,0,True
IE_028,51.896,-8.495,0.0806196761246679,-0.3410589730777617,-0.7191303286110272,0.5104437520416069,-0.2505079265186078,-1.2511479751160322,-0.1886066045229598,-0.236816466200832,-0.2773631951125886,0.2988679908207573,-0.1258236676116408,-0.359480585694244,-0.465928142741111,6.619115698084167,12.351602646694586,0.3455320625563006,0.182871253298896,0.0968508369378385,0.3548437518539314,0.3569230506114307,-0.7767910164720678,1.0103830099450966,0.6946818699879717,0.6073205662704652,0.0792530623479498,0.221444565273348,0.3734955789549642,0.3157017088812055,-0.7481009964054731,1.1677875386414884,-1.0609283818760915,-1.0026891930939843,-0.7715678597544089,-0.2609290764358934,0.1890517700549435,4.015560327665516,0.8819730760605554,0.0698360099066818,0.2217202703443639,0.6556191721147047,0.3162952115288656,-0.994685536959921,-0.3190319424562784,1.0412677183629522,-0.3088686395432207,0.6841875994531357,0.2328100355862097,1.223619246421907,1.2347478365407387,-0.1957880811732752,0.4429392616325965,-0.5401696234622835,-0.3621644813876903,0.3832991913941077,-0.4848464563756953,0.3082443957527813,0.2069627670127078,-0.7346608818709005,0.6734738882996023,-0.38774462884503597,1.1427155067342256,0.282832242041877,-0.9898802333462222,-0.27027814359134006,-0.521306954799716,7,6,0,0,0,0,0,0,0,0,0,0,0,0,0,0,0,0,0,0,0,0,0,0,0,0,0,0,0,0,0,0,0,0,0,0,0,0,0,0,True
IE_029,52.673,-8.572,0.4669788422889004,-1.269955031153188,-0.9934876182731646,1.237953597702994,-0.2545318794897739,-0.0534497897616662,-0.2319574429733991,-0.2959071833134377,-0.4067849197187593,-0.358360952885594,-0.6339084243373084,-0.6618408156839529,-0.2583564616956257,-0.1994551018449103,-1.0059440530633383,-0.3572072745770012,-0.0407839814894402,-0.1289678830242555,0.1151965091723328,0.7058285776175246,-0.0759906996510906,0.7943782821881294,1.3073476911524553,0.2281390813615703,0.6849555175565569,0.5905178811767215,0.5215238869000479,0.2543565096873582,0.8447852558936476,-0.1976261282182857,-1.0609283818760915,-0.1429536801399053,-0.7715678597544089,-0.3483375876582731,-0.0578139969586984,-0.0279973446407521,0.8819730760605554,-0.4079206186137961,-0.2423706876803585,0.0745404473836446,-0.629813595316454,-0.994685536959921,0.0603795726468292,1.1370583755571495,0.0339925951335772,0.4437407863981091,-0.2042082433366417,2.0225748365485385,0.8373981274129831,-1.2199262935745896,1.12297024516601,-0.9219386100398348,-1.4679828276291231,0.2822127403260188,-0.1465494555368506,0.5262778931474668,-0.1392937511231937,-0.2347212114407501,0.3245269508630896,-0.48285365311695466,1.2323173972996952,0.282832242041877,-0.9501274171097023,-0.01932725293236982,0.6515662603960382,7,6,7,0,0,0,0,0,0,0,0,0,0,0,0,0,0,0,0,0,0,0,0,0,0,0,0,0,0,0,0,0,0,0,0,0,0,0,0,0,True
IE_030,52.673,-8.572,0.4669788422889004,-1.269955031153188,-0.9934876182731646,1.237953597702994,-0.2545318794897739,-0.0534497897616662,-0.2319574429733991,-0.2959071833134377,-0.4067849197187593,-0.358360952885594,-0.6339084243373084,-0.6618408156839529,-0.2583564616956257,-0.1994551018449103,-1.0059440530633383,-0.3572072745770012,-0.0407839814894402,-0.1289678830242555,0.1151965091723328,0.7058285776175246,-0.0759906996510906,0.7943782821881294,1.3073476911524553,0.2281390813615703,0.6849555175565569,0.5905178811767215,0.5215238869000479,0.2543565096873582,0.8447852558936476,-0.1976261282182857,-1.0609283818760915,-0.1429536801399053,-0.7715678597544089,-0.3483375876582731,-0.0578139969586984,-0.0279973446407521,0.8819730760605554,-0.4079206186137961,-0.2423706876803585,0.0745404473836446,-0.629813595316454,-0.994685536959921,0.0603795726468292,1.1370583755571495,0.0339925951335772,0.4437407863981091,-0.2042082433366417,2.0225748365485385,0.8373981274129831,-1.2199262935745896,1.12297024516601,-0.9219386100398348,-1.4679828276291231,0.2822127403260188,-0.1465494555368506,0.5262778931474668,-0.1392937511231937,-0.2347212114407501,0.3245269508630896,-0.48285365311695466,1.2323173972996952,0.282832242041877,-0.9501274171097023,-0.01932725293236982,0.6515662603960382,7,6,7,0,0,0,0,0,0,0,0,0,0,0,0,0,0,0,0,0,0,0,0,0,0,0,0,0,0,0,0,0,0,0,0,0,0,0,0,0,True
IE_029,52.673,-8.572,0.4669788422889004,-0.1079444531772818,-0.8893284906910616,0.4013956757701105,-0.2774374579410273,-1.610457430722347,-0.1279154306923447,-0.1974226547924282,-0.1294526527055364,-0.8790228433542618,0.0565657322385988,0.0033516902934065,-0.7293845071449963,0.2657630688223485,0.2815303276362207,-0.423347447483665,-0.1132129450951593,-0.202097474044575,0.1234863316976626,-0.6349610433149103,1.671131722740109,1.1169508405683168,-0.7149552231343153,1.2438836893678729,0.3548663205025524,0.2311819086540575,-0.5745846108254021,0.0590714992099502,0.3624467581648146,-0.1284343724501539,0.6410744449032111,1.5765173457682524,2.2903231822077896,-0.0861120539911343,0.1890517700549435,0.1478095106769117,-0.2322355141106196,-0.2486684091069701,0.6858112283690864,-0.3741405932314776,-0.9078684736641244,-0.994685536959921,-2.223807408840472,0.4186284466006671,0.1624612816061487,-0.131240723081302,-0.3545092590306063,-0.9419709057634372,-1.1897143337793448,-1.2199262935745896,1.12297024516601,-0.9219386100398348,-1.4679828276291231,0.2822127403260188,-0.1465494555368506,0.5262778931474668,-0.1392937511231937,-0.2347212114407501,0.3245269508630896,-0.48285365311695466,1.2323173972996952,0.282832242041877,-0.9501274171097023,-0.01932725293236982,0.6515662603960382,7,6,7,0,0,0,0,0,0,0,0,0,0,0,0,0,0,0,0,0,0,0,0,0,0,0,0,0,0,0,0,0,0,0,0,0,0,0,0,0,True
IE_030,52.673,-8.572,0.4669788422889004,-0.1079444531772818,-0.8893284906910616,0.4013956757701105,-0.2774374579410273,-1.610457430722347,-0.1279154306923447,-0.1974226547924282,-0.1294526527055364,-0.8790228433542618,0.0565657322385988,0.0033516902934065,-0.7293845071449963,0.2657630688223485,0.2815303276362207,-0.423347447483665,-0.1132129450951593,-0.202097474044575,0.1234863316976626,-0.6349610433149103,1.671131722740109,1.1169508405683168,-0.7149552231343153,1.2438836893678729,0.3548663205025524,0.2311819086540575,-0.5745846108254021,0.0590714992099502,0.3624467581648146,-0.1284343724501539,0.6410744449032111,1.5765173457682524,2.2903231822077896,-0.0861120539911343,0.1890517700549435,0.1478095106769117,-0.2322355141106196,-0.2486684091069701,0.6858112283690864,-0.3741405932314776,-0.9078684736641244,-0.994685536959921,-2.223807408840472,0.4186284466006671,0.1624612816061487,-0.131240723081302,-0.3545092590306063,-0.9419709057634372,-1.1897143337793448,-1.2199262935745896,1.12297024516601,-0.9219386100398348,-1.4679828276291231,0.2822127403260188,-0.1465494555368506,0.5262778931474668,-0.1392937511231937,-0.2347212114407501,0.3245269508630896,-0.48285365311695466,1.2323173972996952,0.282832242041877,-0.9501274171097023,-0.01932725293236982,0.6515662603960382,7,6,7,0,0,0,0,0,0,0,0,0,0,0,0,0,0,0,0,0,0,0,0,0,0,0,0,0,0,0,0,0,0,0,0,0,0,0,0,0,True
IE_031,52.396,-7.837,-3.396612819353425,0.2353552659427117,-0.544176742444034,0.0560530098262164,-0.2978667576407938,0.158450658416426,-0.2030568840064398,-0.0989381262714187,0.1610859127368875,-0.9046291658363276,0.0956491750636502,0.0839810849573289,-0.5058457737113967,-0.3012939053740615,0.0803624556519146,0.0396337628629807,-0.3384482978609847,-0.4295115969463918,-0.102922079393715,-0.0629432074366897,0.7102869600594878,0.9783239122613664,1.034283248593691,0.2281390813615703,0.662732133131774,0.3017634577193815,-1.0293157992140844,0.3322063518337996,1.5228064386066682,-0.0239036487221668,-0.4935941062829906,-0.1429536801399053,1.0655667654229104,-0.0569758835836744,0.4359175370685855,0.3236163659945755,0.8819730760605554,-0.4079206186137961,-0.2423706876803585,0.6556191721147047,-0.1903424434344868,1.583346173400541,0.9278705062837148,0.634157425287612,-0.1446805012828209,0.9664512495612102,-0.1975409952160324,0.1162948320358733,0.3418852863768882,-0.2678560571272978,0.5145212441054408,-0.6026374745621668,-0.21585375359927,-0.9869029934426886,0.2334174851770395,-0.1995798481101891,0.2756493582598902,-0.1472429769723266,0.6661215123251176,-0.5692822763371427,1.3861070078438922,0.282832242041877,-0.6053259866168661,-0.5669644628437795,0.24180888512306328,7,6,7,0,0,0,0,0,0,0,0,0,0,0,0,0,0,0,0,0,0,0,0,0,0,0,0,0,0,0,0,0,0,0,0,0,0,0,0,0,True
IE_032,52.396,-7.837,-3.396612819353425,0.2353552659427117,-0.544176742444034,0.0560530098262164,-0.2978667576407938,0.158450658416426,-0.2030568840064398,-0.0989381262714187,0.1610859127368875,-0.9046291658363276,0.0956491750636502,0.0839810849573289,-0.5058457737113967,-0.3012939053740615,0.0803624556519146,0.0396337628629807,-0.3384482978609847,-0.4295115969463918,-0.102922079393715,-0.0629432074366897,0.7102869600594878,0.9783239122613664,1.034283248593691,0.2281390813615703,0.662732133131774,0.3017634577193815,-1.0293157992140844,0.3322063518337996,1.5228064386066682,-0.0239036487221668,-0.4935941062829906,-0.1429536801399053,1.0655667654229104,-0.0569758835836744,0.4359175370685855,0.3236163659945755,0.8819730760605554,-0.4079206186137961,-0.2423706876803585,0.6556191721147047,-0.1903424434344868,1.583346173400541,0.9278705062837148,0.634157425287612,-0.1446805012828209,0.9664512495612102,-0.1975409952160324,0.1162948320358733,0.3418852863768882,-0.2678560571272978,0.5145212441054408,-0.6026374745621668,-0.21585375359927,-0.9869029934426886,0.2334174851770395,-0.1995798481101891,0.2756493582598902,-0.1472429769723266,0.6661215123251176,-0.5692822763371427,1.3861070078438922,0.282832242041877,-0.6053259866168661,-0.5669644628437795,0.24180888512306328,7,6,7,0,0,0,0,0,0,0,0,0,0,0,0,0,0,0,0,0,0,0,0,0,0,0,0,0,0,0,0,0,0,0,0,0,0,0,0,0,True
IE_033,52.396,-7.837,-3.396612819353425,0.2353552659427117,-0.544176742444034,0.0560530098262164,-0.2978667576407938,0.158450658416426,-0.2030568840064398,-0.0989381262714187,0.1610859127368875,-0.9046291658363276,0.0956491750636502,0.0839810849573289,-0.5058457737113967,-0.3012939053740615,0.0803624556519146,0.0396337628629807,-0.3384482978609847,-0.4295115969463918,-0.102922079393715,-0.0629432074366897,0.7102869600594878,0.9783239122613664,1.034283248593691,0.2281390813615703,0.662732133131774,0.3017634577193815,-1.0293157992140844,0.3322063518337996,1.5228064386066682,-0.0239036487221668,-0.4935941062829906,-0.1429536801399053,1.0655667654229104,-0.0569758835836744,0.4359175370685855,0.3236163659945755,0.8819730760605554,-0.4079206186137961,-0.2423706876803585,0.6556191721147047,-0.1903424434344868,1.583346173400541,0.9278705062837148,0.634157425287612,-0.1446805012828209,0.9664512495612102,-0.1975409952160324,0.1162948320358733,0.3418852863768882,-0.2678560571272978,0.5145212441054408,-0.6026374745621668,-0.21585375359927,-0.9869029934426886,0.2334174851770395,-0.1995798481101891,0.2756493582598902,-0.1472429769723266,0.6661215123251176,-0.5692822763371427,1.3861070078438922,0.282832242041877,-0.6053259866168661,-0.5669644628437795,0.24180888512306328,7,6,7,0,0,0,0,0,0,0,0,0,0,0,0,0,0,0,0,0,0,0,0,0,0,0,0,0,0,0,0,0,0,0,0,0,0,0,0,0,True
IE_031,52.396,-7.837,-3.396612819353425,0.181450006841786,-0.456968400720285,0.034385941076847,-0.2681514126229516,-0.0903020416187146,-0.1943867163163511,-0.0792412205672167,0.0739243431041603,-0.759526671771289,0.3562054605639926,0.0033516902934065,-0.493870484420311,-0.3823020445449772,0.1250664272039826,-0.2414619719903399,-0.2692892498815066,-0.3596835524416304,-0.0173145594403517,-0.7978968887371161,1.268878382232134,-0.0577033698323529,0.1144285869248182,1.1067312710985342,-0.204201400528379,0.373434665234001,0.8793468043153122,0.3270302785983246,0.2497663166390179,0.3322654006032159,-0.2099269684864401,1.146649589291213,1.0655667654229104,-0.4357460988806527,-0.5515455309859825,0.4994232213122394,0.3248687809749678,-0.0894161996001441,0.6858112283690864,0.1775164239182628,-0.1560369714305535,-0.994685536959921,-0.6153989518126521,0.2270471322122718,0.0085870402526377,2.0327805944139365,2.1286631537666665,1.5740383648984997,1.2312448537313576,-0.2678560571272978,0.5145212441054408,-0.6026374745621668,-0.21585375359927,-0.9869029934426886,0.2334174851770395,-0.1995798481101891,0.2756493582598902,-0.1472429769723266,0.6661215123251176,-0.5692822763371427,1.3861070078438922,0.282832242041877,-0.6053259866168661,-0.5669644628437795,0.24180888512306328,7,6,7,0,0,0,0,0,0,0,0,0,0,0,0,0,0,0,0,0,0,0,0,0,0,0,0,0,0,0,0,0,0,0,0,0,0,0,0,0,True
IE_032,52.396,-7.837,-3.396612819353425,0.181450006841786,-0.456968400720285,0.034385941076847,-0.2681514126229516,-0.0903020416187146,-0.1943867163163511,-0.0792412205672167,0.0739243431041603,-0.759526671771289,0.3562054605639926,0.0033516902934065,-0.493870484420311,-0.3823020445449772,0.1250664272039826,-0.2414619719903399,-0.2692892498815066,-0.3596835524416304,-0.0173145594403517,-0.7978968887371161,1.268878382232134,-0.0577033698323529,0.1144285869248182,1.1067312710985342,-0.204201400528379,0.373434665234001,0.8793468043153122,0.3270302785983246,0.2497663166390179,0.3322654006032159,-0.2099269684864401,1.146649589291213,1.0655667654229104,-0.4357460988806527,-0.5515455309859825,0.4994232213122394,0.3248687809749678,-0.0894161996001441,0.6858112283690864,0.1775164239182628,-0.1560369714305535,-0.994685536959921,-0.6153989518126521,0.2270471322122718,0.0085870402526377,2.0327805944139365,2.1286631537666665,1.5740383648984997,1.2312448537313576,-0.2678560571272978,0.5145212441054408,-0.6026374745621668,-0.21585375359927,-0.9869029934426886,0.2334174851770395,-0.1995798481101891,0.2756493582598902,-0.1472429769723266,0.6661215123251176,-0.5692822763371427,1.3861070078438922,0.282832242041877,-0.6053259866168661,-0.5669644628437795,0.24180888512306328,7,6,7,0,0,0,0,0,0,0,0,0,0,0,0,0,0,0,0,0,0,0,0,0,0,0,0,0,0,0,0,0,0,0,0,0,0,0,0,0,True
IE_033,52.396,-7.837,-3.396612819353425,0.181450006841786,-0.456968400720285,0.034385941076847,-0.2681514126229516,-0.0903020416187146,-0.1943867163163511,-0.0792412205672167,0.0739243431041603,-0.759526671771289,0.3562054605639926,0.0033516902934065,-0.493870484420311,-0.3823020445449772,0.1250664272039826,-0.2414619719903399,-0.2692892498815066,-0.3596835524416304,-0.0173145594403517,-0.7978968887371161,1.268878382232134,-0.0577033698323529,0.1144285869248182,1.1067312710985342,-0.204201400528379,0.373434665234001,0.8793468043153122,0.3270302785983246,0.2497663166390179,0.3322654006032159,-0.2099269684864401,1.146649589291213,1.0655667654229104,-0.4357460988806527,-0.5515455309859825,0.4994232213122394,0.3248687809749678,-0.0894161996001441,0.6858112283690864,0.1775164239182628,-0.1560369714305535,-0.994685536959921,-0.6153989518126521,0.2270471322122718,0.0085870402526377,2.0327805944139365,2.1286631537666665,1.5740383648984997,1.2312448537313576,-0.2678560571272978,0.5145212441054408,-0.6026374745621668,-0.21585375359927,-0.9869029934426886,0.2334174851770395,-0.1995798481101891,0.2756493582598902,-0.1472429769723266,0.6661215123251176,-0.5692822763371427,1.3861070078438922,0.282832242041877,-0.6053259866168661,-0.5669644628437795,0.24180888512306328,7,6,7,0,0,0,0,0,0,0,0,0,0,0,0,0,0,0,0,0,0,0,0,0,0,0,0,0,0,0,0,0,0,0,0,0,0,0,0,0,True
IE_031,52.396,-7.837,-3.396612819353425,0.1716346586354498,-0.5365067035941,0.0895514384847806,-0.2452458341716983,0.0571069658095076,-0.2001668281097433,-0.1908570195576942,-0.2007666642232222,-0.1705812546837792,-0.0606845962365551,-0.0369630070385546,-0.2703317509867114,-0.3059229418981138,-0.1610389907292526,-0.0017038452036839,-0.451893951339299,-0.5440546447672077,-0.2748367988323353,-0.0557626452018622,0.9891826743957634,0.9018040163755696,0.5609758562232795,0.2281390813615703,-0.1708928848316392,0.1794319124965343,-0.1065070433538114,-0.0212184788922083,1.553191397302694,0.908608042642559,-0.2099269684864401,0.2869140763371341,1.0655667654229104,-0.1152482243985941,0.1890517700549435,-0.2038041999584159,0.3248687809749678,-0.4079206186137961,-0.2423706876803585,-0.5727371194053842,-0.7633040109387771,1.583346173400541,1.1306966783119832,0.7419219146310844,-0.2286325886058059,0.0464808343941523,-0.3346866729676049,0.5648313036859123,0.6595421365912228,-0.2678560571272978,0.5145212441054408,-0.6026374745621668,-0.21585375359927,-0.9869029934426886,0.2334174851770395,-0.1995798481101891,0.2756493582598902,-0.1472429769723266,0.6661215123251176,-0.5692822763371427,1.3861070078438922,0.282832242041877,-0.6053259866168661,-0.5669644628437795,0.24180888512306328,7,6,7,0,0,0,0,0,0,0,0,0,0,0,0,0,0,0,0,0,0,0,0,0,0,0,0,0,0,0,0,0,0,0,0,0,0,0,0,0,True
IE_032,52.396,-7.837,-3.396612819353425,0.1716346586354498,-0.5365067035941,0.0895514384847806,-0.2452458341716983,0.0571069658095076,-0.2001668281097433,-0.1908570195576942,-0.2007666642232222,-0.1705812546837792,-0.0606845962365551,-0.0369630070385546,-0.2703317509867114,-0.3059229418981138,-0.1610389907292526,-0.0017038452036839,-0.451893951339299,-0.5440546447672077,-0.2748367988323353,-0.0557626452018622,0.9891826743957634,0.9018040163755696,0.5609758562232795,0.2281390813615703,-0.1708928848316392,0.1794319124965343,-0.1065070433538114,-0.0212184788922083,1.553191397302694,0.908608042642559,-0.2099269684864401,0.2869140763371341,1.0655667654229104,-0.1152482243985941,0.1890517700549435,-0.2038041999584159,0.3248687809749678,-0.4079206186137961,-0.2423706876803585,-0.5727371194053842,-0.7633040109387771,1.583346173400541,1.1306966783119832,0.7419219146310844,-0.2286325886058059,0.0464808343941523,-0.3346866729676049,0.5648313036859123,0.6595421365912228,-0.2678560571272978,0.5145212441054408,-0.6026374745621668,-0.21585375359927,-0.9869029934426886,0.2334174851770395,-0.1995798481101891,0.2756493582598902,-0.1472429769723266,0.6661215123251176,-0.5692822763371427,1.3861070078438922,0.282832242041877,-0.6053259866168661,-0.5669644628437795,0.24180888512306328,7,6,7,0,0,0,0,0,0,0,0,0,0,0,0,0,0,0,0,0,0,0,0,0,0,0,0,0,0,0,0,0,0,0,0,0,0,0,0,0,True
IE_033,52.396,-7.837,-3.396612819353425,0.1716346586354498,-0.5365067035941,0.0895514384847806,-0.2452458341716983,0.0571069658095076,-0.2001668281097433,-0.1908570195576942,-0.2007666642232222,-0.1705812546837792,-0.0606845962365551,-0.0369630070385546,-0.2703317509867114,-0.3059229418981138,-0.1610389907292526,-0.0017038452036839,-0.451893951339299,-0.5440546447672077,-0.2748367988323353,-0.0557626452018622,0.9891826743957634,0.9018040163755696,0.5609758562232795,0.2281390813615703,-0.1708928848316392,0.1794319124965343,-0.1065070433538114,-0.0212184788922083,1.553191397302694,0.908608042642559,-0.2099269684864401,0.2869140763371341,1.0655667654229104,-0.1152482243985941,0.1890517700549435,-0.2038041999584159,0.3248687809749678,-0.4079206186137961,-0.2423706876803585,-0.5727371194053842,-0.7633040109387771,1.583346173400541,1.1306966783119832,0.7419219146310844,-0.2286325886058059,0.0464808343941523,-0.3346866729676049,0.5648313036859123,0.6595421365912228,-0.2678560571272978,0.5145212441054408,-0.6026374745621668,-0.21585375359927,-0.9869029934426886,0.2334174851770395,-0.1995798481101891,0.2756493582598902,-0.1472429769723266,0.6661215123251176,-0.5692822763371427,1.3861070078438922,0.282832242041877,-0.6053259866168661,-0.5669644628437795,0.24180888512306328,7,6,7,0,0,0,0,0,0,0,0,0,0,0,0,0,0,0,0,0,0,0,0,0,0,0,0,0,0,0,0,0,0,0,0,0,0,0,0,0,True
IE_039,52.939,-7.287,0.4669788422889004,0.4843801486615265,-0.2462724335125995,-0.2779334512249161,-0.237197928229366,-1.5459659899724962,-0.1221353188989525,-0.4140886175386492,-0.4992290087231669,-0.9174323270773604,0.0044544751385304,-0.2788511910303217,-0.7054339285628248,-0.3290681245183754,-0.8070113796566356,-1.5890679949636133,-0.0389475479209131,-0.1271136850747521,-0.0176089284052699,0.7607696745439987,-0.3144288857066558,0.6930876231748708,0.2419930863838808,0.2281390813615703,-0.2382551597773152,0.4766615525148727,-0.7467992633882707,-1.0200624180957816,0.5633669672923093,-0.4802911870330637,-0.7772612440795411,0.2869140763371341,0.4531885570304705,0.0887049684536249,0.1890517700549435,-0.5554179105937436,-0.7893398091962072,-0.0097900948467311,-0.2423706876803585,0.1480947163369433,-0.652864465101553,-0.3501776093698055,-1.1931602622402078,-0.814676264774628,-0.7087217383783053,0.0778434621839383,-0.0685662155930761,-0.4268548016028456,-0.9175166468412972,-0.0057857615516175,0.0753031228847318,-0.1070317358702508,0.2564959942305823,-0.7730788357771663,1.649375355170766,0.4262758215180905,0.536993207941684,0.5697608871931059,1.4283011242073131,-0.5636889285902018,1.091048997574583,0.4187721027553982,-0.3272409550343337,-0.40482807872111676,1.130967629963743,7,6,4,0,0,0,0,0,0,0,0,0,0,0,0,0,0,0,0,0,0,0,0,0,0,0,0,0,0,0,0,0,0,0,0,0,0,0,0,0,True
IE_040,52.939,-7.287,0.4669788422889004,0.4843801486615265,-0.2462724335125995,-0.2779334512249161,-0.237197928229366,-1.5459659899724962,-0.1221353188989525,-0.4140886175386492,-0.4992290087231669,-0.9174323270773604,0.0044544751385304,-0.2788511910303217,-0.7054339285628248,-0.3290681245183754,-0.8070113796566356,-1.5890679949636133,-0.0389475479209131,-0.1271136850747521,-0.0176089284052699,0.7607696745439987,-0.3144288857066558,0.6930876231748708,0.2419930863838808,0.2281390813615703,-0.2382551597773152,0.4766615525148727,-0.7467992633882707,-1.0200624180957816,0.5633669672923093,-0.4802911870330637,-0.7772612440795411,0.2869140763371341,0.4531885570304705,0.0887049684536249,0.1890517700549435,-0.5554179105937436,-0.7893398091962072,-0.0097900948467311,-0.2423706876803585,0.1480947163369433,-0.652864465101553,-0.3501776093698055,-1.1931602622402078,-0.814676264774628,-0.7087217383783053,0.0778434621839383,-0.0685662155930761,-0.4268548016028456,-0.9175166468412972,-0.0057857615516175,0.0753031228847318,-0.1070317358702508,0.2564959942305823,-0.7730788357771663,1.649375355170766,0.4262758215180905,0.536993207941684,0.5697608871931059,1.4283011242073131,-0.5636889285902018,1.091048997574583,0.4187721027553982,-0.3272409550343337,-0.40482807872111676,1.130967629963743,7,6,4,0,0,0,0,0,0,0,0,0,0,0,0,0,0,0,0,0,0,0,0,0,0,0,0,0,0,0,0,0,0,0,0,0,0,0,0,0,True
IE_041,52.939,-7.287,0.4669788422889004,0.4843801486615265,-0.2462724335125995,-0.2779334512249161,-0.237197928229366,-1.5459659899724962,-0.1221353188989525,-0.4140886175386492,-0.4992290087231669,-0.9174323270773604,0.0044544751385304,-0.2788511910303217,-0.7054339285628248,-0.3290681245183754,-0.8070113796566356,-1.5890679949636133,-0.0389475479209131,-0.1271136850747521,-0.0176089284052699,0.7607696745439987,-0.3144288857066558,0.6930876231748708,0.2419930863838808,0.2281390813615703,-0.2382551597773152,0.4766615525148727,-0.7467992633882707,-1.0200624180957816,0.5633669672923093,-0.4802911870330637,-0.7772612440795411,0.2869140763371341,0.4531885570304705,0.0887049684536249,0.1890517700549435,-0.5554179105937436,-0.7893398091962072,-0.0097900948467311,-0.2423706876803585,0.1480947163369433,-0.652864465101553,-0.3501776093698055,-1.1931602622402078,-0.814676264774628,-0.7087217383783053,0.0778434621839383,-0.0685662155930761,-0.4268548016028456,-0.9175166468412972,-0.0057857615516175,0.0753031228847318,-0.1070317358702508,0.2564959942305823,-0.7730788357771663,1.649375355170766,0.4262758215180905,0.536993207941684,0.5697608871931059,1.4283011242073131,-0.5636889285902018,1.091048997574583,0.4187721027553982,-0.3272409550343337,-0.40482807872111676,1.130967629963743,7,6,4,0,0,0,0,0,0,0,0,0,0,0,0,0,0,0,0,0,0,0,0,0,0,0,0,0,0,0,0,0,0,0,0,0,0,0,0,0,True
IE_039,52.939,-7.287,0.4669788422889004,0.4573879410941025,-0.0451640148673314,-0.3863638259750491,-0.2557700188655173,-1.6565227455436702,-0.1076850394154725,-0.4666136994165209,-0.5230003458957289,-0.4394476407454684,-0.151879296161675,-0.359480585694244,-0.4619363796440826,-0.4008181906411865,-0.8785377341399443,-1.3079722601102926,0.258575610464664,0.1732875053972456,0.505643404141212,-0.5357712680914224,-0.5682580431029624,-0.2850299362861041,-0.0955222031416469,-1.0535879090813047,0.1452189255527027,0.4093372555344042,-0.5205184180163729,0.8866400262932039,-0.8016244163752281,-1.4518303825735668,-0.7772612440795411,-0.5728214366169448,-0.7715678597544089,-0.4648822692881125,-0.7984112979996244,-0.5554179105937436,-0.7893398091962072,-0.2884814614836766,-0.2423706876803585,1.6007915281645932,1.8442127865531737,-0.994685536959921,-1.225112330436442,-0.748820187953617,-0.5746031598501219,-0.8212185344565955,-0.3085423583603023,0.4036385091866795,1.0459450244396622,-0.0057857615516175,0.0753031228847318,-0.1070317358702508,0.2564959942305823,-0.7730788357771663,1.649375355170766,0.4262758215180905,0.536993207941684,0.5697608871931059,1.4283011242073131,-0.5636889285902018,1.091048997574583,0.4187721027553982,-0.3272409550343337,-0.40482807872111676,1.130967629963743,7,6,4,0,0,0,0,0,0,0,0,0,0,0,0,1,1,0,0,0,0,0,0,0,0,0,0,0,0,0,0,0,0,0,0,0,0,0,0,0,True
IE_040,52.939,-7.287,0.4669788422889004,0.4573879410941025,-0.0451640148673314,-0.3863638259750491,-0.2557700188655173,-1.6565227455436702,-0.1076850394154725,-0.4666136994165209,-0.5230003458957289,-0.4394476407454684,-0.151879296161675,-0.359480585694244,-0.4619363796440826,-0.4008181906411865,-0.8785377341399443,-1.3079722601102926,0.258575610464664,0.1732875053972456,0.505643404141212,-0.5357712680914224,-0.5682580431029624,-0.2850299362861041,-0.0955222031416469,-1.0535879090813047,0.1452189255527027,0.4093372555344042,-0.5205184180163729,0.8866400262932039,-0.8016244163752281,-1.4518303825735668,-0.7772612440795411,-0.5728214366169448,-0.7715678597544089,-0.4648822692881125,-0.7984112979996244,-0.5554179105937436,-0.7893398091962072,-0.2884814614836766,-0.2423706876803585,1.6007915281645932,1.8442127865531737,-0.994685536959921,-1.225112330436442,-0.748820187953617,-0.5746031598501219,-0.8212185344565955,-0.3085423583603023,0.4036385091866795,1.0459450244396622,-0.0057857615516175,0.0753031228847318,-0.1070317358702508,0.2564959942305823,-0.7730788357771663,1.649375355170766,0.4262758215180905,0.536993207941684,0.5697608871931059,1.4283011242073131,-0.5636889285902018,1.091048997574583,0.4187721027553982,-0.3272409550343337,-0.40482807872111676,1.130967629963743,7,6,4,0,0,0,0,0,0,0,0,0,0,0,0,1,1,0,0,0,0,0,0,0,0,0,0,0,0,0,0,0,0,0,0,0,0,0,0,0,True
IE_041,52.939,-7.287,0.4669788422889004,0.4573879410941025,-0.0451640148673314,-0.3863638259750491,-0.2557700188655173,-1.6565227455436702,-0.1076850394154725,-0.4666136994165209,-0.5230003458957289,-0.4394476407454684,-0.151879296161675,-0.359480585694244,-0.4619363796440826,-0.4008181906411865,-0.8785377341399443,-1.3079722601102926,0.258575610464664,0.1732875053972456,0.505643404141212,-0.5357712680914224,-0.5682580431029624,-0.2850299362861041,-0.0955222031416469,-1.0535879090813047,0.1452189255527027,0.4093372555344042,-0.5205184180163729,0.8866400262932039,-0.8016244163752281,-1.4518303825735668,-0.7772612440795411,-0.5728214366169448,-0.7715678597544089,-0.4648822692881125,-0.7984112979996244,-0.5554179105937436,-0.7893398091962072,-0.2884814614836766,-0.2423706876803585,1.6007915281645932,1.8442127865531737,-0.994685536959921,-1.225112330436442,-0.748820187953617,-0.5746031598501219,-0.8212185344565955,-0.3085423583603023,0.4036385091866795,1.0459450244396622,-0.0057857615516175,0.0753031228847318,-0.1070317358702508,0.2564959942305823,-0.7730788357771663,1.649375355170766,0.4262758215180905,0.536993207941684,0.5697608871931059,1.4283011242073131,-0.5636889285902018,1.091048997574583,0.4187721027553982,-0.3272409550343337,-0.40482807872111676,1.130967629963743,7,6,4,0,0,0,0,0,0,0,0,0,0,0,0,1,1,0,0,0,0,0,0,0,0,0,0,0,0,0,0,0,0,0,0,0,0,0,0,0,True
IE_039,52.939,-7.287,0.4669788422889004,0.6411882518611364,-0.2982752969151515,-0.3398936653678494,-0.2390551372929812,-1.1405912195448582,-0.1163552071055604,-0.230250830966098,-0.2034079239090625,0.695765989292775,0.1347326178887016,-0.4199526316921858,-0.6016480880400823,-0.4193343367373959,0.4826981996205268,-0.9359337875103088,0.2831585614709506,0.1981082547724353,0.8073920929743853,-0.7876982003987959,1.448973551911702,0.8665353606564881,0.5609758562232795,0.8166413592208649,0.1218465960998591,0.7142493001020799,-0.1365858898903776,0.5398181557137278,1.044647668405118,0.0636904624447929,0.3574073071066607,0.7167818328141736,1.67794497381535,-0.3774737580657329,-0.0578139969586984,0.1478095106769117,0.3248687809749678,0.2290882194135078,0.2217202703443639,1.221987043055105,1.4576442836035883,0.2943303182203099,-1.4600449284783172,0.9454770611687544,-0.0857547814544926,-0.8525811622463816,-0.2984071174552686,-1.5727253190213044,-2.0980218536027397,-0.0057857615516175,0.0753031228847318,-0.1070317358702508,0.2564959942305823,-0.7730788357771663,1.649375355170766,0.4262758215180905,0.536993207941684,0.5697608871931059,1.4283011242073131,-0.5636889285902018,1.091048997574583,0.4187721027553982,-0.3272409550343337,-0.40482807872111676,1.130967629963743,7,6,4,0,0,0,0,0,0,0,0,0,0,0,0,0,0,0,0,0,0,0,0,0,0,0,0,0,0,0,0,0,0,0,0,0,0,0,0,0,True
IE_040,52.939,-7.287,0.4669788422889004,0.6411882518611364,-0.2982752969151515,-0.3398936653678494,-0.2390551372929812,-1.1405912195448582,-0.1163552071055604,-0.230250830966098,-0.2034079239090625,0.695765989292775,0.1347326178887016,-0.4199526316921858,-0.6016480880400823,-0.4193343367373959,0.4826981996205268,-0.9359337875103088,0.2831585614709506,0.1981082547724353,0.8073920929743853,-0.7876982003987959,1.448973551911702,0.8665353606564881,0.5609758562232795,0.8166413592208649,0.1218465960998591,0.7142493001020799,-0.1365858898903776,0.5398181557137278,1.044647668405118,0.0636904624447929,0.3574073071066607,0.7167818328141736,1.67794497381535,-0.3774737580657329,-0.0578139969586984,0.1478095106769117,0.3248687809749678,0.2290882194135078,0.2217202703443639,1.221987043055105,1.4576442836035883,0.2943303182203099,-1.4600449284783172,0.9454770611687544,-0.0857547814544926,-0.8525811622463816,-0.2984071174552686,-1.5727253190213044,-2.0980218536027397,-0.0057857615516175,0.0753031228847318,-0.1070317358702508,0.2564959942305823,-0.7730788357771663,1.649375355170766,0.4262758215180905,0.536993207941684,0.5697608871931059,1.4283011242073131,-0.5636889285902018,1.091048997574583,0.4187721027553982,-0.3272409550343337,-0.40482807872111676,1.130967629963743,7,6,4,0,0,0,0,0,0,0,0,0,0,0,0,0,0,0,0,0,0,0,0,0,0,0,0,0,0,0,0,0,0,0,0,0,0,0,0,0,True
IE_041,52.939,-7.287,0.4669788422889004,0.6411882518611364,-0.2982752969151515,-0.3398936653678494,-0.2390551372929812,-1.1405912195448582,-0.1163552071055604,-0.230250830966098,-0.2034079239090625,0.695765989292775,0.1347326178887016,-0.4199526316921858,-0.6016480880400823,-0.4193343367373959,0.4826981996205268,-0.9359337875103088,0.2831585614709506,0.1981082547724353,0.8073920929743853,-0.7876982003987959,1.448973551911702,0.8665353606564881,0.5609758562232795,0.8166413592208649,0.1218465960998591,0.7142493001020799,-0.1365858898903776,0.5398181557137278,1.044647668405118,0.0636904624447929,0.3574073071066607,0.7167818328141736,1.67794497381535,-0.3774737580657329,-0.0578139969586984,0.1478095106769117,0.3248687809749678,0.2290882194135078,0.2217202703443639,1.221987043055105,1.4576442836035883,0.2943303182203099,-1.4600449284783172,0.9454770611687544,-0.0857547814544926,-0.8525811622463816,-0.2984071174552686,-1.5727253190213044,-2.0980218536027397,-0.0057857615516175,0.0753031228847318,-0.1070317358702508,0.2564959942305823,-0.7730788357771663,1.649375355170766,0.4262758215180905,0.536993207941684,0.5697608871931059,1.4283011242073131,-0.5636889285902018,1.091048997574583,0.4187721027553982,-0.3272409550343337,-0.40482807872111676,1.130967629963743,7,6,4,0,0,0,0,0,0,0,0,0,0,0,0,0,0,0,0,0,0,0,0,0,0,0,0,0,0,0,0,0,0,0,0,0,0,0,0,0,True
IE_042,52.937,-7.175,0.4669788422889004,0.4008705328737486,-0.5696412714258148,-0.027574273066086,-0.2452458341716983,-1.0853128417592712,-0.1654861573493918,-0.236816466200832,-0.4780989312364451,-1.0027867353509126,0.0174822894135475,-0.4199526316921858,-0.6695080606895678,-0.4170198184753697,-0.9813568687097008,-1.638673124643611,-0.1502179402811291,-0.2394604298144569,-0.0334537537583261,-0.7876982003981349,-1.1998396121339083,0.5436667103101616,1.1306016911368677,0.2281390813615703,-0.7081060877377714,0.2538074742650248,-0.0985972555589403,-0.5499882571283952,1.3016862790455237,-0.4847874300033596,-1.0609283818760915,-1.8624247060480632,-1.6901351723430684,-0.144384394806054,-0.0578139969586984,0.3236163659945755,0.3248687809749678,-0.0097900948467311,-0.2423706876803585,0.2437152659762317,0.3271887035160795,-0.3501776093698055,-0.4039287420114896,-0.9344145862673752,-0.271253250823979,-0.3246435944516495,0.5852911915057126,-0.5039470076676961,-0.6555492619715558,0.002184024572248,0.3699638653766699,-0.5541135806691064,0.0402888910328887,0.6140351047054132,-0.8032031191444355,-0.9156480277233616,-0.6080447820772781,4.600894832015987,-0.5097317974603756,-0.5781730506050995,1.0859251192963841,-0.5283089670650379,0.4139343748667777,-0.0891843253222502,-1.4358575090055525,7,6,4,0,0,0,0,0,0,0,0,0,0,0,0,0,0,0,0,0,0,0,0,0,0,0,0,0,0,0,0,0,0,0,0,0,0,0,0,0,True
IE_043,52.937,-7.175,0.4669788422889004,0.4008705328737486,-0.5696412714258148,-0.027574273066086,-0.2452458341716983,-1.0853128417592712,-0.1654861573493918,-0.236816466200832,-0.4780989312364451,-1.0027867353509126,0.0174822894135475,-0.4199526316921858,-0.6695080606895678,-0.4170198184753697,-0.9813568687097008,-1.638673124643611,-0.1502179402811291,-0.2394604298144569,-0.0334537537583261,-0.7876982003981349,-1.1998396121339083,0.5436667103101616,1.1306016911368677,0.2281390813615703,-0.7081060877377714,0.2538074742650248,-0.0985972555589403,-0.5499882571283952,1.3016862790455237,-0.4847874300033596,-1.0609283818760915,-1.8624247060480632,-1.6901351723430684,-0.144384394806054,-0.0578139969586984,0.3236163659945755,0.3248687809749678,-0.0097900948467311,-0.2423706876803585,0.2437152659762317,0.3271887035160795,-0.3501776093698055,-0.4039287420114896,-0.9344145862673752,-0.271253250823979,-0.3246435944516495,0.5852911915057126,-0.5039470076676961,-0.6555492619715558,0.002184024572248,0.3699638653766699,-0.5541135806691064,0.0402888910328887,0.6140351047054132,-0.8032031191444355,-0.9156480277233616,-0.6080447820772781,4.600894832015987,-0.5097317974603756,-0.5781730506050995,1.0859251192963841,-0.5283089670650379,0.4139343748667777,-0.0891843253222502,-1.4358575090055525,7,6,4,0,0,0,0,0,0,0,0,0,0,0,0,0,0,0,0,0,0,0,0,0,0,0,0,0,0,0,0,0,0,0,0,0,0,0,0,0,True
IE_044,52.937,-7.175,0.4669788422889004,0.4008705328737486,-0.5696412714258148,-0.027574273066086,-0.2452458341716983,-1.0853128417592712,-0.1654861573493918,-0.236816466200832,-0.4780989312364451,-1.0027867353509126,0.0174822894135475,-0.4199526316921858,-0.6695080606895678,-0.4170198184753697,-0.9813568687097008,-1.638673124643611,-0.1502179402811291,-0.2394604298144569,-0.0334537537583261,-0.7876982003981349,-1.1998396121339083,0.5436667103101616,1.1306016911368677,0.2281390813615703,-0.7081060877377714,0.2538074742650248,-0.0985972555589403,-0.5499882571283952,1.3016862790455237,-0.4847874300033596,-1.0609283818760915,-1.8624247060480632,-1.6901351723430684,-0.144384394806054,-0.0578139969586984,0.3236163659945755,0.3248687809749678,-0.0097900948467311,-0.2423706876803585,0.2437152659762317,0.3271887035160795,-0.3501776093698055,-0.4039287420114896,-0.9344145862673752,-0.271253250823979,-0.3246435944516495,0.5852911915057126,-0.5039470076676961,-0.6555492619715558,0.002184024572248,0.3699638653766699,-0.5541135806691064,0.0402888910328887,0.6140351047054132,-0.8032031191444355,-0.9156480277233616,-0.6080447820772781,4.600894832015987,-0.5097317974603756,-0.5781730506050995,1.0859251192963841,-0.5283089670650379,0.4139343748667777,-0.0891843253222502,-1.4358575090055525,7,6,4,0,0,0,0,0,0,0,0,0,0,0,0,0,0,0,0,0,0,0,0,0,0,0,0,0,0,0,0,0,0,0,0,0,0,0,0,0,True
IE_042,52.937,-7.175,0.4669788422889004,0.529340775929259,-0.491713676710486,-0.1569589840409379,-0.2412218812005322,-1.177443471401915,-0.156815989659304,-0.1514632081492903,-0.3830135825461973,-0.9729126924551692,-0.0085733391364867,-0.258693842364341,-0.6415657190103679,-0.3522133071386371,-0.8204225711222558,-1.74615090561694,0.0832234768214399,-0.0037608628173844,0.0900006952027298,-0.959404422326596,-1.1998396121339083,1.2294156022970888,0.29619623400907,-1.0535879090813047,-0.3601979997534521,0.5355701262687738,0.3854778991186876,0.1636380605058887,1.2203974828704929,-0.1870323649462437,-1.0609283818760915,-1.8624247060480632,-1.6901351723430684,-0.3192014172508132,-0.3046797639723404,-0.5554179105937436,-0.7893398091962072,-0.2884814614836766,-0.2423706876803585,0.9719025286138891,1.069149859418694,-0.3501776093698055,0.1289144435604906,-1.084087488133309,-0.9635735806988937,-0.1678304555027191,1.2715058670746748,0.6559402744898264,0.0336626057741823,0.002184024572248,0.3699638653766699,-0.5541135806691064,0.0402888910328887,0.6140351047054132,-0.8032031191444355,-0.9156480277233616,-0.6080447820772781,4.600894832015987,-0.5097317974603756,-0.5781730506050995,1.0859251192963841,-0.5283089670650379,0.4139343748667777,-0.0891843253222502,-1.4358575090055525,7,6,4,0,0,0,0,0,0,0,0,0,0,1,1,1,1,0,0,0,0,0,0,0,0,0,0,0,0,0,0,0,0,0,0,0,0,0,0,0,True
IE_043,52.937,-7.175,0.4669788422889004,0.529340775929259,-0.491713676710486,-0.1569589840409379,-0.2412218812005322,-1.177443471401915,-0.156815989659304,-0.1514632081492903,-0.3830135825461973,-0.9729126924551692,-0.0085733391364867,-0.258693842364341,-0.6415657190103679,-0.3522133071386371,-0.8204225711222558,-1.74615090561694,0.0832234768214399,-0.0037608628173844,0.0900006952027298,-0.959404422326596,-1.1998396121339083,1.2294156022970888,0.29619623400907,-1.0535879090813047,-0.3601979997534521,0.5355701262687738,0.3854778991186876,0.1636380605058887,1.2203974828704929,-0.1870323649462437,-1.0609283818760915,-1.8624247060480632,-1.6901351723430684,-0.3192014172508132,-0.3046797639723404,-0.5554179105937436,-0.7893398091962072,-0.2884814614836766,-0.2423706876803585,0.9719025286138891,1.069149859418694,-0.3501776093698055,0.1289144435604906,-1.084087488133309,-0.9635735806988937,-0.1678304555027191,1.2715058670746748,0.6559402744898264,0.0336626057741823,0.002184024572248,0.3699638653766699,-0.5541135806691064,0.0402888910328887,0.6140351047054132,-0.8032031191444355,-0.9156480277233616,-0.6080447820772781,4.600894832015987,-0.5097317974603756,-0.5781730506050995,1.0859251192963841,-0.5283089670650379,0.4139343748667777,-0.0891843253222502,-1.4358575090055525,7,6,4,0,0,0,0,0,0,0,0,0,0,1,1,1,1,0,0,0,0,0,0,0,0,0,0,0,0,0,0,0,0,0,0,0,0,0,0,0,True
IE_044,52.937,-7.175,0.4669788422889004,0.529340775929259,-0.491713676710486,-0.1569589840409379,-0.2412218812005322,-1.177443471401915,-0.156815989659304,-0.1514632081492903,-0.3830135825461973,-0.9729126924551692,-0.0085733391364867,-0.258693842364341,-0.6415657190103679,-0.3522133071386371,-0.8204225711222558,-1.74615090561694,0.0832234768214399,-0.0037608628173844,0.0900006952027298,-0.959404422326596,-1.1998396121339083,1.2294156022970888,0.29619623400907,-1.0535879090813047,-0.3601979997534521,0.5355701262687738,0.3854778991186876,0.1636380605058887,1.2203974828704929,-0.1870323649462437,-1.0609283818760915,-1.8624247060480632,-1.6901351723430684,-0.3192014172508132,-0.3046797639723404,-0.5554179105937436,-0.7893398091962072,-0.2884814614836766,-0.2423706876803585,0.9719025286138891,1.069149859418694,-0.3501776093698055,0.1289144435604906,-1.084087488133309,-0.9635735806988937,-0.1678304555027191,1.2715058670746748,0.6559402744898264,0.0336626057741823,0.002184024572248,0.3699638653766699,-0.5541135806691064,0.0402888910328887,0.6140351047054132,-0.8032031191444355,-0.9156480277233616,-0.6080447820772781,4.600894832015987,-0.5097317974603756,-0.5781730506050995,1.0859251192963841,-0.5283089670650379,0.4139343748667777,-0.0891843253222502,-1.4358575090055525,7,6,4,0,0,0,0,0,0,0,0,0,0,1,1,1,1,0,0,0,0,0,0,0,0,0,0,0,0,0,0,0,0,0,0,0,0,0,0,0,True
IE_042,52.937,-7.175,0.4669788422889004,0.9688942322984834,-0.3024171178941159,-0.5340420050825921,-0.2319358358824565,-1.3524916677229402,-0.136585598382432,-0.3549979004260434,-0.4992290087231669,-0.9558418108004588,-0.047656781961538,-0.4199526316921858,-0.6255986666222536,-0.1601082913904655,-1.0573536203482163,-1.655208167870277,0.3104873744336364,0.2257014276626548,0.4984070565220242,-0.6061362005659204,-1.1998396121339083,1.3063288210467106,-0.1291141257771019,0.2281390813615703,0.014792823937145,0.559681542592422,0.8590286543128864,0.8150427130102634,-2.3080486125314725,-1.020199730002875,-1.0609283818760915,-1.8624247060480632,-1.6901351723430684,-0.3192014172508132,-0.3046797639723404,-0.5554179105937436,-0.7893398091962072,-0.4079206186137961,-0.2423706876803585,1.8692646098441337,1.7694629686077614,-0.3501776093698055,-0.3897278228131634,-1.658831431298495,-0.3188791865410835,0.6162352392419325,0.1276697082178306,0.820637260173825,0.5762666816227532,0.002184024572248,0.3699638653766699,-0.5541135806691064,0.0402888910328887,0.6140351047054132,-0.8032031191444355,-0.9156480277233616,-0.6080447820772781,4.600894832015987,-0.5097317974603756,-0.5781730506050995,1.0859251192963841,-0.5283089670650379,0.4139343748667777,-0.0891843253222502,-1.4358575090055525,7,6,4,0,0,0,0,0,0,0,0,0,0,1,1,0,0,0,0,0,0,0,0,0,0,0,0,0,0,0,0,0,0,0,0,0,0,0,0,0,True
IE_043,52.937,-7.175,0.4669788422889004,0.9688942322984834,-0.3024171178941159,-0.5340420050825921,-0.2319358358824565,-1.3524916677229402,-0.136585598382432,-0.3549979004260434,-0.4992290087231669,-0.9558418108004588,-0.047656781961538,-0.4199526316921858,-0.6255986666222536,-0.1601082913904655,-1.0573536203482163,-1.655208167870277,0.3104873744336364,0.2257014276626548,0.4984070565220242,-0.6061362005659204,-1.1998396121339083,1.3063288210467106,-0.1291141257771019,0.2281390813615703,0.014792823937145,0.559681542592422,0.8590286543128864,0.8150427130102634,-2.3080486125314725,-1.020199730002875,-1.0609283818760915,-1.8624247060480632,-1.6901351723430684,-0.3192014172508132,-0.3046797639723404,-0.5554179105937436,-0.7893398091962072,-0.4079206186137961,-0.2423706876803585,1.8692646098441337,1.7694629686077614,-0.3501776093698055,-0.3897278228131634,-1.658831431298495,-0.3188791865410835,0.6162352392419325,0.1276697082178306,0.820637260173825,0.5762666816227532,0.002184024572248,0.3699638653766699,-0.5541135806691064,0.0402888910328887,0.6140351047054132,-0.8032031191444355,-0.9156480277233616,-0.6080447820772781,4.600894832015987,-0.5097317974603756,-0.5781730506050995,1.0859251192963841,-0.5283089670650379,0.4139343748667777,-0.0891843253222502,-1.4358575090055525,7,6,4,0,0,0,0,0,0,0,0,0,0,1,1,0,0,0,0,0,0,0,0,0,0,0,0,0,0,0,0,0,0,0,0,0,0,0,0,0,True
IE_044,52.937,-7.175,0.4669788422889004,0.9688942322984834,-0.3024171178941159,-0.5340420050825921,-0.2319358358824565,-1.3524916677229402,-0.136585598382432,-0.3549979004260434,-0.4992290087231669,-0.9558418108004588,-0.047656781961538,-0.4199526316921858,-0.6255986666222536,-0.1601082913904655,-1.0573536203482163,-1.655208167870277,0.3104873744336364,0.2257014276626548,0.4984070565220242,-0.6061362005659204,-1.1998396121339083,1.3063288210467106,-0.1291141257771019,0.2281390813615703,0.014792823937145,0.559681542592422,0.8590286543128864,0.8150427130102634,-2.3080486125314725,-1.020199730002875,-1.0609283818760915,-1.8624247060480632,-1.6901351723430684,-0.3192014172508132,-0.3046797639723404,-0.5554179105937436,-0.7893398091962072,-0.4079206186137961,-0.2423706876803585,1.8692646098441337,1.7694629686077614,-0.3501776093698055,-0.3897278228131634,-1.658831431298495,-0.3188791865410835,0.6162352392419325,0.1276697082178306,0.820637260173825,0.5762666816227532,0.002184024572248,0.3699638653766699,-0.5541135806691064,0.0402888910328887,0.6140351047054132,-0.8032031191444355,-0.9156480277233616,-0.6080447820772781,4.600894832015987,-0.5097317974603756,-0.5781730506050995,1.0859251192963841,-0.5283089670650379,0.4139343748667777,-0.0891843253222502,-1.4358575090055525,7,6,4,0,0,0,0,0,0,0,0,0,0,1,1,0,0,0,0,0,0,0,0,0,0,0,0,0,0,0,0,0,0,0,0,0,0,0,0,0,True
IE_045,53.0,-6.176,0.4669788422889004,0.7777324103766977,-1.0810027615509108,-0.0529000354419935,-0.2257451390037393,-1.4077700455085274,-0.1568159896593037,0.8924727941734105,-0.1558652495639385,-0.6955108655661248,-0.6339084243373084,-0.3393232370282634,-0.6455574821073965,0.0713435348121508,-0.0984534305563574,-1.382379954630289,0.4744916281018588,0.3912921444046354,0.7650980906998577,0.4270482972842145,-1.1998396121339083,1.0583655607755715,-0.7149552231343153,0.2281390813615703,0.0992575068354186,0.6092877438122871,0.656341515149891,0.2517382024631899,0.5599524380156733,0.5206134493212904,-1.0609283818760915,-1.4325569495710238,-1.0777569639506288,-0.2609290764358934,0.1890517700549435,-0.5554179105937436,-0.7893398091962072,-0.2486684091069701,-0.2423706876803585,0.2032604180519174,0.9557010616513004,-2.283701392140152,-1.4952385108393866,-0.6650033629086941,-0.3531956449996659,-0.4919109426638418,-0.1055815998327349,0.0251858612319592,-0.9022309036730886,-0.6146453434138405,0.7480142437540849,-0.7367472166849224,0.1241561145440632,0.2382290435211461,-0.1692116299583508,-1.2021420179698936,0.3240061815023612,0.2838312741105452,-0.0363580957358622,-0.6550376607162243,1.2915091069412656,0.5319856286887538,-0.3796444932787591,-0.2770922604777408,0.021821448342734646,7,6,9,0,0,0,0,0,0,0,0,0,0,0,0,0,0,0,0,0,0,0,0,0,0,0,0,0,0,0,0,0,0,0,0,0,0,0,0,0,True
IE_046,53.0,-6.176,0.4669788422889004,0.7777324103766977,-1.0810027615509108,-0.0529000354419935,-0.2257451390037393,-1.4077700455085274,-0.1568159896593037,0.8924727941734105,-0.1558652495639385,-0.6955108655661248,-0.6339084243373084,-0.3393232370282634,-0.6455574821073965,0.0713435348121508,-0.0984534305563574,-1.382379954630289,0.4744916281018588,0.3912921444046354,0.7650980906998577,0.4270482972842145,-1.1998396121339083,1.0583655607755715,-0.7149552231343153,0.2281390813615703,0.0992575068354186,0.6092877438122871,0.656341515149891,0.2517382024631899,0.5599524380156733,0.5206134493212904,-1.0609283818760915,-1.4325569495710238,-1.0777569639506288,-0.2609290764358934,0.1890517700549435,-0.5554179105937436,-0.7893398091962072,-0.2486684091069701,-0.2423706876803585,0.2032604180519174,0.9557010616513004,-2.283701392140152,-1.4952385108393866,-0.6650033629086941,-0.3531956449996659,-0.4919109426638418,-0.1055815998327349,0.0251858612319592,-0.9022309036730886,-0.6146453434138405,0.7480142437540849,-0.7367472166849224,0.1241561145440632,0.2382290435211461,-0.1692116299583508,-1.2021420179698936,0.3240061815023612,0.2838312741105452,-0.0363580957358622,-0.6550376607162243,1.2915091069412656,0.5319856286887538,-0.3796444932787591,-0.2770922604777408,0.021821448342734646,7,6,9,0,0,0,0,0,0,0,0,0,0,0,0,0,0,0,0,0,0,0,0,0,0,0,0,0,0,0,0,0,0,0,0,0,0,0,0,0,True
IE_047,53.0,-6.176,0.4669788422889004,0.7777324103766977,-1.0810027615509108,-0.0529000354419935,-0.2257451390037393,-1.4077700455085274,-0.1568159896593037,0.8924727941734105,-0.1558652495639385,-0.6955108655661248,-0.6339084243373084,-0.3393232370282634,-0.6455574821073965,0.0713435348121508,-0.0984534305563574,-1.382379954630289,0.4744916281018588,0.3912921444046354,0.7650980906998577,0.4270482972842145,-1.1998396121339083,1.0583655607755715,-0.7149552231343153,0.2281390813615703,0.0992575068354186,0.6092877438122871,0.656341515149891,0.2517382024631899,0.5599524380156733,0.5206134493212904,-1.0609283818760915,-1.4325569495710238,-1.0777569639506288,-0.2609290764358934,0.1890517700549435,-0.5554179105937436,-0.7893398091962072,-0.2486684091069701,-0.2423706876803585,0.2032604180519174,0.9557010616513004,-2.283701392140152,-1.4952385108393866,-0.6650033629086941,-0.3531956449996659,-0.4919109426638418,-0.1055815998327349,0.0251858612319592,-0.9022309036730886,-0.6146453434138405,0.7480142437540849,-0.7367472166849224,0.1241561145440632,0.2382290435211461,-0.1692116299583508,-1.2021420179698936,0.3240061815023612,0.2838312741105452,-0.0363580957358622,-0.6550376607162243,1.2915091069412656,0.5319856286887538,-0.3796444932787591,-0.2770922604777408,0.021821448342734646,7,6,9,0,0,0,0,0,0,0,0,0,0,0,0,0,0,0,0,0,0,0,0,0,0,0,0,0,0,0,0,0,0,0,0,0,0,0,0,0,True
IE_045,53.0,-6.176,0.4669788422889004,1.1002140925751882,-0.956287929850985,-0.2772682342019092,-0.2359597888536226,-1.122165093616328,-0.1539259337626083,0.7480288190092632,-0.1030400558471342,-0.8534165208721963,-0.6339084243373084,-0.3393232370282634,-0.6655162975925393,0.1083758270045695,0.2144743703081187,-1.3410423465636243,0.1408305180124821,0.0544034288204841,0.4628185004841055,0.4912806881770097,-1.1998396121339083,1.0162019782355127,0.2419930863829603,0.8690025765830078,-1.088718696211669,0.4029226139694036,0.2741914337619979,0.9010567258342508,0.7881411270830707,-0.3726307902558179,-1.0609283818760915,-1.8624247060480632,-1.0777569639506288,-0.144384394806054,0.4359175370685855,0.1478095106769117,0.8819730760605554,-0.1690423043535571,0.2217202703443639,1.317607592694393,1.008784265699492,-1.6391934645500366,0.2937685925149735,0.3946807823021178,-0.5877609621541309,-0.9362148363524776,0.1556184028347415,0.2950085824589357,0.6013846606309293,-0.6146453434138405,0.7480142437540849,-0.7367472166849224,0.1241561145440632,0.2382290435211461,-0.1692116299583508,-1.2021420179698936,0.3240061815023612,0.2838312741105452,-0.0363580957358622,-0.6550376607162243,1.2915091069412656,0.5319856286887538,-0.3796444932787591,-0.2770922604777408,0.021821448342734646,7,6,9,0,0,0,0,0,0,0,0,0,0,0,0,0,0,0,0,0,0,0,0,0,0,0,0,0,0,0,0,0,0,0,0,0,0,0,0,0,True
IE_046,53.0,-6.176,0.4669788422889004,1.1002140925751882,-0.956287929850985,-0.2772682342019092,-0.2359597888536226,-1.122165093616328,-0.1539259337626083,0.7480288190092632,-0.1030400558471342,-0.8534165208721963,-0.6339084243373084,-0.3393232370282634,-0.6655162975925393,0.1083758270045695,0.2144743703081187,-1.3410423465636243,0.1408305180124821,0.0544034288204841,0.4628185004841055,0.4912806881770097,-1.1998396121339083,1.0162019782355127,0.2419930863829603,0.8690025765830078,-1.088718696211669,0.4029226139694036,0.2741914337619979,0.9010567258342508,0.7881411270830707,-0.3726307902558179,-1.0609283818760915,-1.8624247060480632,-1.0777569639506288,-0.144384394806054,0.4359175370685855,0.1478095106769117,0.8819730760605554,-0.1690423043535571,0.2217202703443639,1.317607592694393,1.008784265699492,-1.6391934645500366,0.2937685925149735,0.3946807823021178,-0.5877609621541309,-0.9362148363524776,0.1556184028347415,0.2950085824589357,0.6013846606309293,-0.6146453434138405,0.7480142437540849,-0.7367472166849224,0.1241561145440632,0.2382290435211461,-0.1692116299583508,-1.2021420179698936,0.3240061815023612,0.2838312741105452,-0.0363580957358622,-0.6550376607162243,1.2915091069412656,0.5319856286887538,-0.3796444932787591,-0.2770922604777408,0.021821448342734646,7,6,9,0,0,0,0,0,0,0,0,0,0,0,0,0,0,0,0,0,0,0,0,0,0,0,0,0,0,0,0,0,0,0,0,0,0,0,0,0,True
IE_047,53.0,-6.176,0.4669788422889004,1.1002140925751882,-0.956287929850985,-0.2772682342019092,-0.2359597888536226,-1.122165093616328,-0.1539259337626083,0.7480288190092632,-0.1030400558471342,-0.8534165208721963,-0.6339084243373084,-0.3393232370282634,-0.6655162975925393,0.1083758270045695,0.2144743703081187,-1.3410423465636243,0.1408305180124821,0.0544034288204841,0.4628185004841055,0.4912806881770097,-1.1998396121339083,1.0162019782355127,0.2419930863829603,0.8690025765830078,-1.088718696211669,0.4029226139694036,0.2741914337619979,0.9010567258342508,0.7881411270830707,-0.3726307902558179,-1.0609283818760915,-1.8624247060480632,-1.0777569639506288,-0.144384394806054,0.4359175370685855,0.1478095106769117,0.8819730760605554,-0.1690423043535571,0.2217202703443639,1.317607592694393,1.008784265699492,-1.6391934645500366,0.2937685925149735,0.3946807823021178,-0.5877609621541309,-0.9362148363524776,0.1556184028347415,0.2950085824589357,0.6013846606309293,-0.6146453434138405,0.7480142437540849,-0.7367472166849224,0.1241561145440632,0.2382290435211461,-0.1692116299583508,-1.2021420179698936,0.3240061815023612,0.2838312741105452,-0.0363580957358622,-0.6550376607162243,1.2915091069412656,0.5319856286887538,-0.3796444932787591,-0.2770922604777408,0.021821448342734646,7,6,9,0,0,0,0,0,0,0,0,0,0,0,0,0,0,0,0,0,0,0,0,0,0,0,0,0,0,0,0,0,0,0,0,0,0,0,0,0,True
IE_045,53.0,-6.176,0.4669788422889004,1.0668102462600766,-0.865474669867767,-0.297509837901978,-0.2464839735474416,-1.3985569825442628,-0.1654861573493916,0.7086350076008594,-0.2086904432807429,-0.7680621125986441,-0.6339084243373084,-0.6618408156839529,-0.6894668761747107,-0.011979122620791,-0.0984534305563574,-1.3906474762436218,0.429396304937936,0.3457606004513209,0.7245397868295288,0.2228184045695876,-1.1998396121339083,0.1713243386932376,1.2982337542318303,0.2281390813615703,-0.0504318756211306,0.4896182544887285,-0.37693025858848,0.9649815606637396,-1.535056423972999,-1.0429289755241795,-1.0609283818760915,-1.8624247060480632,-1.3839460681468485,-0.4066099284731928,-0.7984112979996244,-0.2038041999584159,0.3248687809749678,-0.4079206186137961,-0.2423706876803585,1.5860806743739335,1.051636013185107,-0.3501776093698055,-1.0472921248226177,-0.5392781253413096,-0.6348181167918113,0.0255724158676282,-0.052019666994328,0.8311498337281228,1.1619813300004125,-0.6146453434138405,0.7480142437540849,-0.7367472166849224,0.1241561145440632,0.2382290435211461,-0.1692116299583508,-1.2021420179698936,0.3240061815023612,0.2838312741105452,-0.0363580957358622,-0.6550376607162243,1.2915091069412656,0.5319856286887538,-0.3796444932787591,-0.2770922604777408,0.021821448342734646,7,6,9,0,0,0,0,0,0,0,0,0,0,0,0,0,0,0,0,0,0,0,0,0,0,0,0,0,0,0,0,0,0,0,0,0,0,0,0,0,True
IE_046,53.0,-6.176,0.4669788422889004,1.0668102462600766,-0.865474669867767,-0.297509837901978,-0.2464839735474416,-1.3985569825442628,-0.1654861573493916,0.7086350076008594,-0.2086904432807429,-0.7680621125986441,-0.6339084243373084,-0.6618408156839529,-0.6894668761747107,-0.011979122620791,-0.0984534305563574,-1.3906474762436218,0.429396304937936,0.3457606004513209,0.7245397868295288,0.2228184045695876,-1.1998396121339083,0.1713243386932376,1.2982337542318303,0.2281390813615703,-0.0504318756211306,0.4896182544887285,-0.37693025858848,0.9649815606637396,-1.535056423972999,-1.0429289755241795,-1.0609283818760915,-1.8624247060480632,-1.3839460681468485,-0.4066099284731928,-0.7984112979996244,-0.2038041999584159,0.3248687809749678,-0.4079206186137961,-0.2423706876803585,1.5860806743739335,1.051636013185107,-0.3501776093698055,-1.0472921248226177,-0.5392781253413096,-0.6348181167918113,0.0255724158676282,-0.052019666994328,0.8311498337281228,1.1619813300004125,-0.6146453434138405,0.7480142437540849,-0.7367472166849224,0.1241561145440632,0.2382290435211461,-0.1692116299583508,-1.2021420179698936,0.3240061815023612,0.2838312741105452,-0.0363580957358622,-0.6550376607162243,1.2915091069412656,0.5319856286887538,-0.3796444932787591,-0.2770922604777408,0.021821448342734646,7,6,9,0,0,0,0,0,0,0,0,0,0,0,0,0,0,0,0,0,0,0,0,0,0,0,0,0,0,0,0,0,0,0,0,0,0,0,0,0,True
IE_047,53.0,-6.176,0.4669788422889004,1.0668102462600766,-0.865474669867767,-0.297509837901978,-0.2464839735474416,-1.3985569825442628,-0.1654861573493916,0.7086350076008594,-0.2086904432807429,-0.7680621125986441,-0.6339084243373084,-0.6618408156839529,-0.6894668761747107,-0.011979122620791,-0.0984534305563574,-1.3906474762436218,0.429396304937936,0.3457606004513209,0.7245397868295288,0.2228184045695876,-1.1998396121339083,0.1713243386932376,1.2982337542318303,0.2281390813615703,-0.0504318756211306,0.4896182544887285,-0.37693025858848,0.9649815606637396,-1.535056423972999,-1.0429289755241795,-1.0609283818760915,-1.8624247060480632,-1.3839460681468485,-0.4066099284731928,-0.7984112979996244,-0.2038041999584159,0.3248687809749678,-0.4079206186137961,-0.2423706876803585,1.5860806743739335,1.051636013185107,-0.3501776093698055,-1.0472921248226177,-0.5392781253413096,-0.6348181167918113,0.0255724158676282,-0.052019666994328,0.8311498337281228,1.1619813300004125,-0.6146453434138405,0.7480142437540849,-0.7367472166849224,0.1241561145440632,0.2382290435211461,-0.1692116299583508,-1.2021420179698936,0.3240061815023612,0.2838312741105452,-0.0363580957358622,-0.6550376607162243,1.2915091069412656,0.5319856286887538,-0.3796444932787591,-0.2770922604777408,0.021821448342734646,7,6,9,0,0,0,0,0,0,0,0,0,0,0,0,0,0,0,0,0,0,0,0,0,0,0,0,0,0,0,0,0,0,0,0,0,0,0,0,0,True
IE_048,53.343,-6.739,0.4669788422889004,0.3531394444187436,-0.4657889453977092,-0.0632108992986012,-0.2421504857323397,-0.5970205046532525,-0.203056884006439,-0.3878260765997133,-0.113605094590495,-0.9345032087320708,-0.0997680390616066,-0.1579070990344381,-0.6575327713984821,-0.1462211818183085,0.1720055973336539,-1.6304056030302785,-0.2752899644065026,-0.3657423137050319,-0.2052119050444737,1.6719547552724203,-1.1998396121339083,1.0277127298529498,2.2655739052595103,0.2281390813615703,0.4690767226238865,0.4145069496511072,0.9009859525504492,1.1404967556405257,0.5341824097370098,0.969312001729012,-1.0609283818760915,-1.8624247060480632,-1.6901351723430684,0.4674751837506031,0.4359175370685855,0.3236163659945755,1.4390773711461429,-0.0894161996001441,-0.2423706876803585,1.380128721304697,1.28112156537984,-0.3501776093698055,-0.64704230437414,0.1312564750180741,-0.4655867862938518,-0.1626033508710881,-0.2620635768362087,0.0882613025577459,0.2564204671525553,-0.6082788949680875,0.8718635455417887,-0.9265419000085312,-0.1414343427120543,0.0430649354385538,0.6210569408631155,-0.7217387572844172,0.254229064777505,-0.3156387330421972,1.746025772683809,-0.5686251156880037,0.9673867270427742,1.2271497352503746,-0.6191771420999741,0.2975539308938093,1.8827668396232722,7,6,7,0,0,0,0,0,0,0,0,0,0,0,0,0,0,0,0,0,0,0,0,0,0,0,0,0,0,0,0,0,0,0,0,0,0,0,0,0,True
IE_049,52.764,-6.483,0.4669788422889004,0.0056444555008805,1.0745082564460258,-0.8088241510861062,-0.2545318794897739,-0.4496114972250207,-0.2175071634899187,0.57732230290618,-0.4173499584621202,-0.738188069702901,-0.0085733391364867,-0.4199526316921858,-0.5976563249430537,0.4162067558540492,-1.0260608402617688,-1.936303902723598,0.4545317882010847,0.3711392268961015,0.0589382161497645,1.565533259165541,-1.1998396121339083,1.1590011578259882,0.2419930863829603,0.8166413592208649,0.1439692335259118,0.3116858266701625,0.2088127307368873,0.0783275539369605,1.6955232589700184,-0.5302917767813341,-1.0609283818760915,-1.8624247060480632,-1.6901351723430684,0.6422922061953624,0.1890517700549435,-0.3796110552760798,-0.2322355141106196,0.2290882194135078,0.2217202703443639,0.4128900845688188,0.8255208231521638,0.2943303182203099,-0.2651610641930625,-0.8386239290731774,-0.4928124406289481,-0.9100793131943228,-0.3617971626864354,-0.1395111244520394,0.0417831568322931,0.1685125094349338,-0.0924210453386168,0.035947404316505,-0.096216920426618,0.0907527204555649,0.0101251006133379,-0.4098197410638026,0.3609470439816343,0.1293742240117256,0.0623558449943178,-0.6252274479558836,1.2085295233320044,0.15715651430167754,-0.27377549486953656,2.477510366081654,-0.9559550452451376,7,6,2,0,0,0,0,0,0,0,0,0,0,0,0,0,0,0,0,0,0,0,0,0,0,0,0,0,0,0,0,0,0,0,0,0,0,0,0,0,True
IE_050,53.017,-7.114,0.4669788422889004,-0.6155720987194813,-0.7179798227835366,0.6745622947177502,-0.2452458341716983,-0.6522988824388395,-0.2348474988700944,-0.4337855232428511,-0.5441304233824507,-0.8960937250089724,0.1607882464387358,-0.4602673290241469,-0.6934586392717392,-0.2850922775398783,-0.2258597494797513,-0.390277361030333,-0.140825372250123,-0.2299770046134953,-0.023413484234743,1.573148548388796,1.1345001796543184,0.9277642331652044,2.157968410722956,0.2281390813615703,-0.4481757135626896,0.2753930995131732,0.2707658401536852,0.7856941707214667,0.2671011578246958,0.1477126382686629,0.0737401693101102,1.146649589291213,1.37175586961913,-0.0569758835836744,0.1890517700549435,0.4994232213122394,1.9961816662317304,-0.3282945138603831,-0.2423706876803585,0.7144625872773436,1.1581635315131105,0.2943303182203099,-0.3548429560868402,0.0833611464209753,0.113091083912144,0.3182902752389648,-0.1437039264187137,0.1653535086225963,-0.4188192759784921,0.2307955702963513,0.0697915385126308,-0.2462721406089393,-0.2818207367223654,0.0919712669864148,0.590024707261626,0.4263926136880168,-0.1355738543451722,-0.6392845065949935,0.2207610321299547,-0.5269072402588111,1.0198539478650388,0.9599211303758486,-0.6710728046433522,-0.3362414349032772,0.17021619119001577,7,6,7,0,0,0,0,0,0,0,0,0,0,0,0,0,0,0,0,0,0,0,0,0,0,0,0,0,0,0,0,0,0,0,0,0,0,0,0,0,True
IL_001,32.716,35.188,0.4669788422889004,-0.0027460840948578,1.2402577959930985,-0.9064209914615546,-0.2607225763684911,-0.7628556380100131,-0.0354336419980736,-0.3156040890176396,0.2139111064536919,1.0627899448690494,0.0044544751385304,0.7290162422687078,0.2565809778210588,-0.5744070602931488,0.0356584840998466,1.3707047426095884,-0.6669440041547013,-0.6614860740636365,-0.5344157790395684,3.036406795601364,-1.109326950666683,-0.9819421003211934,-0.7149552231343153,1.509866071804446,1.0412442010540537,-0.2019749105182951,0.3753575896690642,0.8973846409773378,-0.6294399044320219,-1.1390175502585065,-1.0609283818760915,-1.0026891930939843,-0.1591896513619691,-0.3192014172508132,-0.3046797639723404,-0.5554179105937436,-0.7893398091962072,-0.3282945138603831,0.6858112283690864,1.1852099085784555,1.7937175391649285,0.2943303182203099,1.1927485208959738,-1.521132361581836,-0.3724204454841976,-1.072119556774884,-0.4616331247074201,-1.341448700826753,-0.8941103526149777,0.1601978735516088,-0.108041376502276,0.0452987312145225,0.1241561145440632,-0.2119007062629193,-0.1692116299583508,0.1361535811064217,-0.0215448284235027,-0.1552755015490761,0.0022106141559231,2.2541864907804667,-1.1606985528715275,-2.004638236860753,-0.5078600225340625,-0.6351221307801508,-1.5374166479741769,7,6,4,0,0,0,1,0,0,0,0,0,1,1,1,0,0,0,0,0,0,0,0,0,0,0,0,1,1,1,1,1,1,1,1,1,1,1,1,1,True
IL_002,32.715,35.187,0.4669788422889004,0.2514239408288911,1.1874879287055522,-1.029296078711267,-0.3826793048792183,-0.624659693546046,-0.0325435861013776,-0.2893415480787037,0.1346733158784853,1.5151683087188752,-0.1258236676116408,0.6282294989388049,0.915221888830772,-0.5697780237690965,0.0580104698758806,1.3459021777695894,-0.625078426813416,-0.6278766054369224,-0.4631856131306785,1.8348036640321164,-1.1196303067532185,0.9208934359901294,0.5609758562232795,-1.0535879090813047,0.4880723663567986,-0.0085337640791962,1.4253921601907202,0.9361448655845964,-0.7535400638933462,0.228131121342743,-1.0609283818760915,-1.0026891930939843,-0.1591896513619691,-0.2026567356209737,0.4359175370685855,0.4994232213122394,0.3248687809749678,-0.4875467233672091,-1.1705526037298035,1.4058727154383517,1.613042053277546,0.2943303182203099,-1.2921036231763725,-0.4075659716992878,-0.402907111341325,-0.9466690456157396,-0.4337868062612671,-0.8648786996985868,-0.8906869830512644,0.1601978735516088,-0.108041376502276,0.0452987312145225,0.1241561145440632,-0.2119007062629193,-0.1692116299583508,0.1361535811064217,-0.0215448284235027,-0.1552755015490761,0.0022106141559231,2.2541864907804667,-1.1606985528715275,-2.138856554979785,-0.5220343716451097,-0.5450041975270742,-1.539404827761011,7,6,4,0,0,0,0,0,0,0,0,0,1,0,0,0,0,0,0,0,0,0,0,0,0,0,0,1,1,1,1,1,1,1,1,1,1,1,1,1,True
IL_003,32.715,35.186,0.4669788422889004,-0.1883669836420991,0.0448822412308929,-0.2228154693186259,-0.2607225763684911,-0.679938071331633,-0.0296535302046817,-0.2105539252618961,0.0554355253032788,1.5279714699599083,0.0565657322385988,0.6282294989388049,2.1486766858125974,-0.6461571264159598,0.0803624556519146,1.3376346561562569,-0.6423132103300131,-0.6853956804029969,-0.4870817076131362,0.4341990562703057,-1.1998396121339083,-0.9819421003211934,-0.7149552231343153,-1.0535879090813047,-0.2777061868030461,0.8242805254327655,0.9882217446294386,0.9148225962960288,-0.290749561905015,-0.3623822206249011,-1.0609283818760915,-1.4325569495710238,-0.1591896513619691,-0.4357460988806527,-0.7984112979996244,-0.3796110552760798,-0.2322355141106196,-0.4875467233672091,-1.1705526037298035,1.9575297325880925,1.4749775747213651,0.2943303182203099,0.0622318664553065,-2.7783847372556805,-2.657555310178132,-0.7480390696137613,-0.3659625931341481,-0.7457361994165451,-1.8900720559185684,0.1601978735516088,-0.108041376502276,0.0452987312145225,0.1241561145440632,-0.2119007062629193,-0.1692116299583508,0.1361535811064217,-0.0215448284235027,-0.1552755015490761,0.0022106141559231,2.2541864907804667,-1.1606985528715275,-2.4261591268168705,-0.520695426615076,-0.772988379455125,1.8977692960595691,7,6,4,0,0,0,1,0,0,0,0,0,1,0,0,0,0,0,0,0,0,0,0,0,0,0,0,1,1,1,1,1,1,1,1,1,1,1,1,1,True
IL_004,31.378,34.71,0.4669788422889004,-0.2736180321761627,-0.0932551584564175,0.0822340512317043,-0.3164388482769452,-0.6522988824388392,-0.2695281696304459,-0.4928762403554568,-0.3116995710285114,8.279505164397882,0.5907061175143008,-0.1377497503684575,0.1767457158804876,-0.6461571264159598,-0.7086626422420859,1.4947175668095825,-0.6709190375548921,-0.3630911491098906,-0.5023636035627177,1.3849156568255632,-1.1998396121339083,-0.2321274364982203,-0.7149552231343153,-1.0535879090813047,1.0181480029325571,0.0568741447015671,0.9388191558845456,1.285849767420287,0.844700373673255,0.6682426389299893,-0.2099269684864401,-0.1429536801399053,-0.1591896513619691,-0.3774737580657329,-0.5515455309859825,-0.5554179105937436,-0.7893398091962072,-0.4875467233672091,-1.1705526037298035,2.457698761470524,2.3655957759743576,1.583346173400541,-0.9293627523495606,-0.3476968109529142,-0.7233204527501885,0.0673892529206763,-0.3875127770786893,0.6979905687070176,1.106650124261324,0.1601978735516088,-0.108041376502276,0.0452987312145225,0.1241561145440632,-0.2119007062629193,-0.1692116299583508,0.1361535811064217,-0.0215448284235027,-0.1552755015490761,0.0022106141559231,2.1768734631427153,-2.7285379186338945,-2.470643442265224,-0.24741212893335424,-0.5695218190602254,0.11374338182731421,7,6,4,0,0,0,0,0,0,0,1,1,1,0,0,0,0,0,0,0,0,0,0,0,0,0,0,1,1,1,1,1,1,1,1,1,1,1,1,1,True
IL_005,31.376,34.714,0.4669788422889004,-0.5216138864539906,0.4171092266181875,-0.0850680300545439,-0.4052753484865358,0.1215984065593777,-0.3070988962874933,-0.5388356869985945,-0.2932107532276299,0.1836395396514621,0.2259273178138214,-0.1780644477004187,0.4681444219635728,-0.6600442359881168,-0.7220738337077063,1.4864500451962497,-0.7395603595133373,-0.3943961623491416,-0.6308901929035521,1.9506161135975024,-0.8496288674434328,-0.9819421003211934,1.7733809618283782,-1.0535879090813047,-0.2318612200300784,-0.0371228146587057,0.8924242620131482,0.7595417827145724,1.0472564586604274,0.5491219784072151,-1.0609283818760915,-0.5728214366169448,-0.1591896513619691,-0.4648822692881125,-0.7984112979996244,0.6752300766299032,1.4390773711461429,-0.4875467233672091,-1.1705526037298035,1.0748785051485077,1.6296531239320822,0.2943303182203099,0.1866442672580342,0.1073088107195247,-0.1829025898201149,-2.1802657386806583,-0.4769639562784179,-1.8740857609111743,-0.2751173675481979,0.1601978735516088,-0.108041376502276,0.0452987312145225,0.1241561145440632,-0.2119007062629193,-0.1692116299583508,0.1361535811064217,-0.0215448284235027,-0.1552755015490761,0.0022106141559231,2.1768734631427153,-2.7285379186338945,-2.562540414286896,-0.2221106849175436,-0.5626087077396397,0.3424306236422941,7,6,4,0,0,0,0,0,0,0,0,0,1,0,0,0,0,0,0,0,0,0,0,0,0,0,0,1,1,1,1,1,1,1,1,1,1,1,1,1,True
IL_006,31.37,34.711,0.4669788422889004,-0.4277348302224221,0.0651311437947188,0.0765797065361452,-0.2607225763684911,0.0018285880239403,-0.3128790080808852,-0.4994418755901907,-0.3011345322851506,1.8864599847088277,0.707956445989455,-0.1175924017024769,1.5459204581612849,-0.6531006812020383,-0.6661938692676213,1.453379958742918,-0.7353779589610222,-0.402417204145069,-0.5857996341452344,0.1816400577850338,-0.753768074604909,-0.9819421003211934,-0.7149552231343153,-1.0535879090813047,-0.3243929169693029,-0.1429993454716417,1.3766603779199726,1.1912612348849614,0.2812149902043148,0.8357814814357346,-1.0609283818760915,-1.0026891930939843,-0.1591896513619691,-0.3192014172508132,-0.3046797639723404,-0.5554179105937436,-0.7893398091962072,-0.4875467233672091,-1.1705526037298035,1.4426498499150011,1.2993576320766678,0.2943303182203099,-0.4110292016106527,-0.8027024326253532,-1.2492533575242637,-2.3370788776295885,-0.4755562839304965,-1.5166582600650496,0.0887151651534335,0.1601978735516088,-0.108041376502276,0.0452987312145225,0.1241561145440632,-0.2119007062629193,-0.1692116299583508,0.1361535811064217,-0.0215448284235027,-0.1552755015490761,0.0022106141559231,2.1768734631427153,-2.7285379186338945,-2.6161783701962746,-0.17307759450734111,-0.3999278542289593,-0.15447867332525855,7,6,4,0,0,0,1,0,0,0,0,0,1,1,1,0,0,0,0,0,0,0,0,0,0,0,0,1,1,1,1,1,1,1,1,1,1,1,1,1,True
IL_007,31.815,35.0,0.4669788422889004,0.4510554583803375,0.4491699890109113,-0.6888475094366382,-0.2607225763684911,-0.1640065453328205,-0.0932347599319927,-0.7620672849795495,0.081848122161681,-0.0766914055828718,-0.6339084243373084,1.6360969322378345,-0.7253927440479677,-0.6716168272982477,0.1250664272039826,1.2218893535695945,-0.4807483448733544,0.565945344961742,-0.4535285094895663,-0.2499314337192204,-0.503724533474973,-0.9819421003211934,-0.7149552231343153,-1.0535879090813047,-0.0512016388025206,0.6253766919483037,0.7503574620021828,0.2284433715240083,0.008699777075614,0.0738219581231484,-1.0609283818760915,-0.5728214366169448,-0.1591896513619691,-0.3192014172508132,-0.3046797639723404,-0.5554179105937436,-0.7893398091962072,-0.4875467233672091,-1.1705526037298035,0.0469575965261576,-0.4275918656090574,0.2943303182203099,-1.0886600198786114,-0.1291743742286508,-0.1942782114085952,-1.814368414466488,-0.4658689387725288,-2.1404042909533847,-2.0535976625201333,0.1601978735516088,-0.108041376502276,0.0452987312145225,0.1241561145440632,-0.2119007062629193,-0.1692116299583508,0.1361535811064217,-0.0215448284235027,-0.1552755015490761,0.0022106141559231,2.362847628438683,-2.4093859684953887,-1.9098562179105432,0.13441805721765734,0.38884329828474185,1.3248981687231354,7,6,4,0,0,0,1,1,1,1,0,0,1,1,1,0,0,1,1,0,0,1,1,0,0,0,0,1,1,1,1,1,1,1,1,1,1,1,1,1,True
IL_008,31.815,34.998,0.4669788422889004,-0.1524301442414818,1.2623475078809074,-0.8303011578289019,-0.2607225763684911,-0.1087281675472336,-0.0643342009650332,-0.3418666299565754,0.1346733158784853,1.6688062436112696,-0.6339084243373084,0.4468133609449795,0.1927127682686019,-0.6114393524855674,0.0803624556519146,1.420309872289586,-0.6083518782109981,-0.4753424496492579,-0.5055819469458382,0.9947042097919764,-1.034519689520034,-0.9819421003211934,-0.7149552231343153,-1.0535879090813047,-0.5964319957325959,-0.9989711932154866,0.1133218622330453,0.5237661099210598,-0.9483289636654986,-0.6135120376647597,-1.0609283818760915,-0.5728214366169448,-0.1591896513619691,-0.4648822692881125,-0.7984112979996244,-0.5554179105937436,-0.7893398091962072,-0.4875467233672091,-1.1705526037298035,0.5599986224754163,-0.3863049291271306,0.2943303182203099,0.1147135243621643,-0.1201940001166947,-0.0904567050443978,-2.1175404831010862,-0.4433973692911663,-3.0374772342534624,-0.9350315608882028,0.1601978735516088,-0.108041376502276,0.0452987312145225,0.1241561145440632,-0.2119007062629193,-0.1692116299583508,0.1361535811064217,-0.0215448284235027,-0.1552755015490761,0.0022106141559231,2.362847628438683,-2.4093859684953887,-0.8023204744185144,0.14508344693965056,4.237334422588367,-0.33209176300930265,7,6,4,0,0,0,1,0,0,0,0,0,1,0,0,0,0,0,0,0,0,0,0,0,0,0,0,1,1,1,1,1,1,1,1,1,1,1,1,1,True
IL_009,31.815,34.999,0.4669788422889004,-0.0805564654402475,1.4143676778865988,-0.967620957578194,-0.2607225763684911,0.1031722806308477,-0.1019049276220805,-0.3746948061302453,0.1346733158784853,1.2463019226571863,0.1217048036136844,1.1724779129202807,-0.5697139832638537,-0.6669877907741953,0.0356584840998466,1.3789722642229212,-0.5989665342753375,-0.0002166011197726,-0.4580668348553732,0.3136736741827362,-0.8984456902684678,-0.0577033698323529,-0.7149552231343153,-1.0535879090813047,-0.2646297947329637,0.7634541964515945,0.5740965706343657,0.2284433715240083,0.008699777075614,0.0738219581231484,-1.0609283818760915,0.7167818328141736,-0.1591896513619691,-0.4357460988806527,-0.5515455309859825,-0.5554179105937436,-0.7893398091962072,-0.4875467233672091,-1.1705526037298035,0.0469575965261576,-0.4275918656090574,0.2943303182203099,0.284815839107333,-0.1291743742286508,-0.1942782114085952,-2.6297967370009254,-0.4772582877693469,-1.3554654655658167,-1.9902255189686016,0.1601978735516088,-0.108041376502276,0.0452987312145225,0.1241561145440632,-0.2119007062629193,-0.1692116299583508,0.1361535811064217,-0.0215448284235027,-0.1552755015490761,0.0022106141559231,2.362847628438683,-2.4093859684953887,-1.6284394449395718,0.09591184497461698,-0.22127589866976602,1.3043421713955081,7,6,4,0,0,0,1,1,1,1,0,0,1,0,0,0,0,1,1,0,0,1,1,0,0,0,0,1,1,1,1,1,1,1,1,1,1,1,1,1,True
IL_010,31.865,34.761,0.4669788422889004,-1.1601656121032846,-1.2984483629465382,1.36101874695928,-0.3062241984270619,-0.0534497897616466,-0.2261773311800066,-0.5847951336417323,-0.4965877490373266,-0.8022038759080651,-0.6339084243373084,-0.2183791450323799,-0.4020599331886541,-0.7202217108007971,-1.233934307978885,1.2136218319562615,-0.5755442194794418,0.0422246694268836,-0.5797174207223597,-0.3156686318559548,-1.1998396121339083,-0.9819421003211934,-0.7149552231343153,-1.0535879090813047,-0.4973156624729201,0.0216096425810648,0.2377291487071726,1.004032410201886,-0.1612576655708368,0.463694740011434,-0.2099269684864401,-0.1429536801399053,-0.1591896513619691,-0.3192014172508132,-0.3046797639723404,-0.3796110552760798,-0.2322355141106196,-0.4875467233672091,-1.1705526037298035,2.134059978076009,1.3184964743525462,-0.994685536959921,-0.5005567356870574,-0.024403342922497,-0.7929392568716883,-2.2429909942602304,-0.4629640149272729,-2.2595467912354263,-0.9964929865437082,0.1601978735516088,-0.108041376502276,0.0452987312145225,0.1241561145440632,-0.2119007062629193,-0.1692116299583508,0.1361535811064217,-0.0215448284235027,-0.1552755015490761,0.0022106141559231,2.3723365559872254,-1.8992017758721251,-1.770782495548331,-0.8934300206655134,-0.5712872198031912,0.9835285091728624,7,6,4,0,0,0,0,0,0,0,1,1,1,1,1,0,0,0,0,0,0,0,0,0,0,0,0,1,1,1,1,1,1,1,1,1,1,1,1,1,True
IL_011,31.862,34.76,0.4669788422889004,0.0416604509354203,0.7248311852775374,-0.6138680478434262,-0.4464434827300046,-0.0995151045829701,-0.1683762132460875,-0.4994418755901907,0.2403237033120941,4.28918657760932,-0.2170183675367606,0.225082525619193,7.022619427284473,-0.4586811471918406,0.7285700431569009,1.18055174550293,-0.4420030263300983,-0.3230748168429378,-0.2905626804476099,0.3594948213079021,-1.029130323594437,0.4044159954120673,0.5609758562232795,-1.0535879090813047,0.4636653750021136,0.1598580213412277,0.4709397716175494,0.3694030916857084,1.1959894519629806,-1.0733440829413858,-1.0609283818760915,0.2869140763371341,-0.1591896513619691,-0.3192014172508132,0.1890517700549435,-0.2038041999584159,0.3248687809749678,-0.4875467233672091,-1.1705526037298035,0.2142935583949122,1.546357030504988,-3.5727172473203828,-2.7313359123632623,0.2150733000629971,0.1741402531036552,-1.898002088572584,-0.4638854004640942,-1.348457083196285,-1.0825549051105492,0.1601978735516088,-0.108041376502276,0.0452987312145225,0.1241561145440632,-0.2119007062629193,-0.1692116299583508,0.1361535811064217,-0.0215448284235027,-0.1552755015490761,0.0022106141559231,2.3723365559872254,-1.8992017758721251,-1.2821958132487146,-0.898277925084601,-0.59535936638251,0.8040284708520264,7,6,4,0,0,0,0,0,0,0,0,0,1,0,0,0,0,0,0,0,0,0,0,0,0,0,0,1,1,1,1,1,1,1,1,1,1,1,1,1,True
IL_012,31.862,34.762,0.4669788422889004,-1.5441515326592192,-1.3453890007081342,1.6205959324369208,-0.3743218640929502,0.0939592176665842,-0.1770463809361754,-0.5979264041112002,0.0739243431041603,-0.4053058774360476,-0.6339084243373084,-0.6618408156839529,0.4002844493140872,-0.7387378568970063,-1.0908815990122671,1.2466919184095937,-0.6950692244258033,-0.4757225940685107,-0.6060491679487603,1.2720770628376277,-0.3074271947272864,0.2923830053171146,-0.7149552231343153,-1.0535879090813047,-0.6808267298895337,-0.0639246774472946,1.0660911305331744,0.2727036883734523,3.612887880795433,-0.2082953102430211,-1.0609283818760915,-0.5728214366169448,-0.1591896513619691,-0.2900652468433534,-0.3046797639723404,-0.5554179105937436,-0.7893398091962072,-0.4875467233672091,-1.1705526037298035,0.6114866107427254,1.5250515268393872,1.583346173400541,-0.6329957429931868,0.5144191037948649,0.8101133373769639,-1.803914205203225,-0.4621322085398649,-1.4325576716306672,0.5968865122507012,0.1601978735516088,-0.108041376502276,0.0452987312145225,0.1241561145440632,-0.2119007062629193,-0.1692116299583508,0.1361535811064217,-0.0215448284235027,-0.1552755015490761,0.0022106141559231,2.3723365559872254,-1.8992017758721251,-1.8780901709483853,-0.8779167265244322,-0.28524280222563897,1.5857465469066134,7,6,4,0,0,0,0,0,0,0,0,0,1,0,0,0,0,0,0,0,0,0,0,0,0,0,0,1,1,1,1,1,1,1,1,1,1,1,1,1,True
IL_013,31.986,34.829,0.4669788422889004,-0.684121224095989,-0.2863100363092546,0.448245960390457,-0.2607225763684911,0.5361862399512793,-0.2753082814238378,-0.446916793712319,-0.0607799008736907,-0.6571013818430264,-0.6339084243373084,-0.0974350530364963,-0.3940764069945969,-0.4656247019779191,-0.9187713085368056,1.2549594400229265,-0.714879188728963,-0.8095838184190753,-0.6689080857346407,0.7133863390023074,-0.9233739558209318,-0.9819421003211934,-0.7149552231343153,1.8323859672271656,-1.4687453482167354,0.082501757155307,1.2834166013486663,0.2159763743146618,-3.330786250273293,0.7657757004838653,-1.0609283818760915,-0.5728214366169448,-0.1591896513619691,-0.4648822692881125,-0.7984112979996244,-0.3796110552760798,-0.2322355141106196,-0.2486684091069701,1.1499021863938088,0.574709476266076,2.171438841439816,0.2943303182203099,0.0020323176797931,1.6519331579759624,2.1135320589850437,0.6110081346103015,1.1014334534030878,-0.3742919338313566,0.1830568612697209,0.1601978735516088,-0.108041376502276,0.0452987312145225,0.1241561145440632,-0.2119007062629193,-0.1692116299583508,0.1361535811064217,-0.0215448284235027,-0.1552755015490761,0.0022106141559231,2.4374936505915796,-2.162677702497176,-1.4944380329202125,-0.8109233045044664,-0.4839081325625661,-0.017239603212659212,7,6,4,0,0,0,1,0,0,0,0,0,1,0,0,0,0,0,0,1,1,0,0,0,0,0,0,1,1,1,1,1,1,1,1,1,1,1,1,1,True
IL_014,31.984,34.83,0.4669788422889004,-0.920956077590806,-0.5391145168030776,0.7470234347238648,-0.2607225763684911,0.6098907436653963,-0.2810883932172298,-0.5585325927027965,-0.258874377311707,-0.3284869099898507,-0.1649071104366921,-0.2385364936983605,-0.0348177282620262,-0.6368990533678552,-0.9165361099592022,1.1144115725962662,-0.691383059898511,-0.7858604043814897,-0.6987567352297174,1.2092436653190437,-1.024923440445118,-0.3811662025485702,-0.7149552231343153,-1.0535879090813047,0.1077121122926315,0.3478983173563238,0.8477749692083738,-0.2522481436697776,-0.7756784624850865,0.707568719825257,-1.0609283818760915,-0.5728214366169448,-0.1591896513619691,-0.2900652468433534,-0.3046797639723404,-0.5554179105937436,-0.7893398091962072,-0.4875467233672091,-1.1705526037298035,-0.1240560787902619,0.5800260506889285,-0.994685536959921,-0.9469595435300951,1.2328490327513475,0.4221288037325271,0.5064660419776813,0.3870397368330093,-0.0098560506157,-0.3867351379743876,0.1601978735516088,-0.108041376502276,0.0452987312145225,0.1241561145440632,-0.2119007062629193,-0.1692116299583508,0.1361535811064217,-0.0215448284235027,-0.1552755015490761,0.0022106141559231,2.4374936505915796,-2.162677702497176,-2.059980765780094,-0.7892693314325409,-0.6281760213148367,1.4513034811581877,7,6,4,0,0,0,1,0,0,0,0,0,1,0,0,0,0,0,0,0,0,0,0,0,0,0,0,1,1,1,1,1,1,1,1,1,1,1,1,1,True
IL_015,31.987,34.825,0.4669788422889004,-0.92839674477948,-1.0045324742170694,1.0393863163354196,-0.4269427875620458,0.4993339880942224,-0.2984287285974054,-0.5454013222333286,-0.2377442998249853,-0.4053058774360476,-0.6339084243373084,-0.2385364936983605,-0.4499610903529968,-0.7688265943033465,-1.1646431520731797,1.2136218319562615,-0.7649833455659338,-0.8458032921913132,-0.7393140439126679,-0.1774960752502652,-1.042183547303987,-0.9819421003211934,-0.7149552231343153,-1.0535879090813047,-0.256964622754035,-0.6014575738264961,0.4215700816873913,-0.0415599250247952,-1.338999486133646,0.2027904910336017,-1.0609283818760915,-0.5728214366169448,-0.1591896513619691,-0.3192014172508132,-0.3046797639723404,-0.5554179105937436,-0.7893398091962072,-0.4875467233672091,-1.1705526037298035,0.0083416053256757,1.9934114972509824,0.2943303182203099,-1.6264426556065312,0.6102097609890625,1.054613364052035,-2.1698115294173963,-0.4559256531876662,-2.6940664981464018,1.0416857157964374,0.1601978735516088,-0.108041376502276,0.0452987312145225,0.1241561145440632,-0.2119007062629193,-0.1692116299583508,0.1361535811064217,-0.0215448284235027,-0.1552755015490761,0.0022106141559231,2.4374936505915796,-2.162677702497176,-1.777598829559194,-0.8131856599000408,-0.16800039400587283,0.11788980973305459,7,6,4,0,0,0,0,0,0,0,0,0,1,1,1,0,0,0,0,0,0,0,0,0,0,0,0,1,1,1,1,1,1,1,1,1,1,1,1,1,True
IL_016,31.982,34.827,0.4669788422889004,-1.5186632897363146,-1.8213916117350348,1.9001296286047695,-0.3133434998375866,0.6006776807011298,-0.3215491757709731,-0.5454013222333286,-0.4252737375196408,-0.6485659410156712,-0.6339084243373084,-0.6618408156839529,-0.0148589127768834,-0.7086491194906663,2.159097132823077,1.1557491806629308,-0.7275122625593832,-0.82233909581856,-0.7283203744453264,-1.2084718855625265,-1.1998396121339083,-0.9819421003211934,-0.7149552231343153,-1.053587909083154,-2.5180818427847207,0.0623721632338804,0.7640463040434065,-0.800765754177011,-0.6628068810486604,0.3775924091303231,-0.2099269684864401,-0.1429536801399053,-0.1591896513619691,-0.3192014172508132,-0.3046797639723404,-0.5554179105937436,-0.7893398091962072,-0.4477336709905026,-0.706461645705081,-0.7639782186839609,2.0946427321818875,-0.994685536959921,-0.1226887987576808,1.7596976473194348,0.9182575799447836,-1.992089971941942,-0.2739520096654716,-1.5937504661299,-0.4993082673485904,0.1601978735516088,-0.108041376502276,0.0452987312145225,0.1241561145440632,-0.2119007062629193,-0.1692116299583508,0.1361535811064217,-0.0215448284235027,-0.1552755015490761,0.0022106141559231,2.4374936505915796,-2.162677702497176,-1.8713968301655546,-0.737927715108487,0.27046245407184816,0.7699581149937271,7,6,4,0,0,0,0,0,0,0,1,1,1,1,1,0,0,0,0,0,0,0,0,0,0,0,0,1,1,1,1,1,1,1,1,1,1,1,1,1,True
IL_017,31.987,34.824,0.4669788422889004,-0.4352546534450182,0.240084729961712,-0.0272416645545824,-0.2607225763684911,0.1768767843449641,-0.0845645922419048,-0.4994418755901907,-0.343394687258594,1.9120663071908928,0.2259273178138214,-0.2990085396963022,2.7115152824936253,-0.7017055647045878,-0.5790211247410886,1.2549594400229265,-0.6251639673981757,-0.6587398935274602,-0.5265079451042463,0.4184845582091401,-0.9531201674967456,-0.9819421003211934,-0.7149552231343153,-1.0535879090813047,-1.995931380713582,-0.4019170611380236,0.7050324951080419,-0.1891859060577233,-0.2854797616963217,0.4587462505592806,-1.0609283818760915,-0.5728214366169448,-0.1591896513619691,-0.4648822692881125,-0.7984112979996244,-0.5554179105937436,-0.7893398091962072,-0.4875467233672091,-1.1705526037298035,-0.3814960201268075,1.2639688293778732,0.2943303182203099,-1.744063312444842,-1.0421790756108475,-1.3287310336891132,-1.7516431588869157,0.1748395288945401,-3.2617454700784823,-1.388588221457392,0.1601978735516088,-0.108041376502276,0.0452987312145225,0.1241561145440632,-0.2119007062629193,-0.1692116299583508,0.1361535811064217,-0.0215448284235027,-0.1552755015490761,0.0022106141559231,2.4374936505915796,-2.162677702497176,-2.174666511950643,-0.8004425968555813,-0.5212950305397671,-0.3279625443990695,7,6,4,0,0,0,1,0,0,0,0,0,1,0,0,0,0,0,0,0,0,0,0,0,0,0,0,1,1,1,1,1,1,1,1,1,1,1,1,1,True
IL_018,31.983,34.83,0.4669788422889004,-1.4529637815810013,-1.612076251520337,1.731069473757718,-0.3650358187748745,0.2229420991662875,-0.3215491757709731,-0.7620672849795495,-0.0607799008736907,-0.2175261792342329,-0.6339084243373084,-0.4602673290241469,-0.0467930175531118,-0.6160683890096198,-0.7198386351301028,0.9738637051696056,-0.6834955239090255,-0.7778965698551651,-0.6804910136556951,0.56821732031122,-1.1998396121339083,-0.9819421003211934,-0.7149552231343153,-1.0535879090813047,-1.3820668425652791,0.3178080365476591,-1.1735242083268027,0.1786749758946421,-1.2650378783501537,1.163835747284904,-1.0609283818760915,-1.8624247060480632,-0.1591896513619691,-0.4357460988806527,-0.5515455309859825,-0.5554179105937436,-0.7893398091962072,-0.4875467233672091,-1.1705526037298035,0.1407392894416135,2.2751978479920627,0.2943303182203099,-0.4675241627692115,0.634157425287612,-0.1754705170489744,-2.1384489016276103,-0.3043705294019172,-0.9489792881329692,-0.2130190359273505,0.1601978735516088,-0.108041376502276,0.0452987312145225,0.1241561145440632,-0.2119007062629193,-0.1692116299583508,0.1361535811064217,-0.0215448284235027,-0.1552755015490761,0.0022106141559231,2.4374936505915796,-2.162677702497176,-0.9836127826162228,-0.779157987929872,-0.42812476889931966,0.4939817537479,7,6,4,0,0,0,0,0,0,0,0,0,1,0,0,0,0,0,0,0,0,0,0,0,0,0,0,1,1,1,1,1,1,1,1,1,1,1,1,1,True
IL_019,32.627,35.262,0.4669788422889004,-0.0488148958374993,1.8508695888363396,-1.257085393589504,-0.4300381360014043,-0.7260033861529552,-0.0874546481386008,-0.3549979004260434,0.1346733158784853,2.074239682910642,-0.0606845962365551,0.7894882882666495,-0.2423894093075115,-0.5998667611754366,-0.0761014447803234,1.238424396796261,-0.6765801988952522,-0.4425919393310823,-0.6732117311442406,-1.2084718855625265,-0.9290799979250984,0.161009169079253,-0.7149552231343153,1.47130533580041,-2.9505996727659496,-3.7207302158948217,-2.6320680294871166,0.2284433715240083,0.008699777075614,0.0738219581231484,-1.0609283818760915,-1.0026891930939843,-0.1591896513619691,-0.0569758835836744,-0.0578139969586984,-0.5554179105937436,-0.7893398091962072,0.9457231621942248,0.6858112283690864,0.0469575965261576,-0.4275918656090574,0.2943303182203099,0.0020323176797931,-0.1291743742286508,-0.1942782114085952,0.0673892529206763,-0.2132813314700619,0.0602277730796184,-0.0334115537008996,0.1601978735516088,-0.108041376502276,0.0452987312145225,0.1241561145440632,-0.2119007062629193,-0.1692116299583508,0.1361535811064217,-0.0215448284235027,-0.1552755015490761,0.0022106141559231,2.191735888403759,-1.6733079856372624,-1.8752355822484863,-0.7507631191895004,-0.7751002607177382,-1.5528452875521523,7,6,4,0,0,0,0,1,1,1,0,0,1,0,0,0,0,1,1,1,1,1,1,1,1,1,1,1,1,1,1,1,1,1,1,1,1,1,1,1,True
IL_020,32.634,35.265,-1.0784578223680297,-0.2538290236956466,2.1116509097340943,-1.2955729499206206,-0.4650155733661559,-0.799707889867071,-0.1597060455559996,-0.2959071833134377,0.1082607190200832,1.3828689758948698,0.0956491750636502,0.5879148016068436,0.144811611104259,-0.6739313455602739,-0.2102133594365274,1.329367134542923,-0.7126120614921824,-0.6167287507156385,-0.6848883140119926,-1.2084718855625265,-0.753768074604909,-0.314708194399012,-0.7149552231343153,-1.0535879090813047,-2.9505996727659496,-3.7207302158948217,-2.6320680294871166,0.2284433715240083,0.008699777075614,0.0738219581231484,-1.0609283818760915,-1.0026891930939843,-0.1591896513619691,-0.3483375876582731,-0.5515455309859825,-0.3796110552760798,-0.2322355141106196,-0.4875467233672091,-1.1705526037298035,0.0469575965261576,-0.4275918656090574,0.2943303182203099,0.0020323176797931,-0.1291743742286508,-0.1942782114085952,0.0673892529206763,-0.2132813314700619,0.0602277730796184,-0.0334115537008996,0.1601978735516088,-0.108041376502276,0.0452987312145225,0.1241561145440632,-0.2119007062629193,-0.1692116299583508,0.1361535811064217,-0.0215448284235027,-0.1552755015490761,0.0022106141559231,2.191735888403759,-1.6733079856372624,-1.0536511892956015,-0.6938810406722034,-0.3975024905914269,-1.5733931863877761,7,6,4,0,0,0,0,1,1,1,0,0,1,0,0,0,0,1,1,1,1,1,1,1,1,1,1,1,1,1,1,1,1,1,1,1,1,1,1,1,True
IL_021,32.631,35.267,-3.396612819353425,0.0669112257565585,1.805462958844731,-1.298471395520865,-0.4662537127418994,-0.8181340157956001,-0.1019049276220805,-0.1383319376798225,-0.0238022652719276,1.4383493412726789,-0.0737124105115723,0.3057119202831154,0.2206551099478019,-0.6507861629400122,-0.2325653452125614,1.3376346561562569,-0.7011755486851493,-0.5852704089135474,-0.6582093552846459,-1.2084718855625265,-1.0413504531204805,1.4449374370088188,-0.7149552231343153,-1.053587909083154,-2.9505996727659496,-3.7207302158948217,-2.6320680294871166,0.2284433715240083,0.008699777075614,0.0738219581231484,-1.0609283818760915,-1.0026891930939843,-0.1591896513619691,-0.144384394806054,0.6827833040822275,-0.3796110552760798,-0.2322355141106196,-0.4079206186137961,-0.706461645705081,0.0469575965261576,-0.4275918656090574,0.2943303182203099,0.0020323176797931,-0.1291743742286508,-0.1942782114085952,0.0673892529206763,-0.2132813314700619,0.0602277730796184,-0.0334115537008996,0.1601978735516088,-0.108041376502276,0.0452987312145225,0.1241561145440632,-0.2119007062629193,-0.1692116299583508,0.1361535811064217,-0.0215448284235027,-0.1552755015490761,0.0022106141559231,2.191735888403759,-1.6733079856372624,-1.0462463587956585,-0.7232454902963925,-0.6332742346753643,-1.6022906304789044,7,6,4,0,0,0,0,1,1,1,0,0,1,0,0,0,0,1,1,1,1,1,1,1,1,1,1,1,1,1,1,1,1,1,1,1,1,1,1,1,True
IL_022,32.606,35.163,0.4669788422889004,0.0190218252337098,1.8784050283076028,-1.3148642435878222,-0.2607225763684911,-0.6430858194745748,-0.1452557660725199,-0.3484322651913095,0.2667363001704962,0.9689000957681416,0.291066389188907,0.9305897289285135,0.1927127682686019,-0.6762458638223,-0.0090454874522213,1.271494483249593,-0.6635391375581294,-0.542073346737905,-0.6356199704362646,-1.2084718855625265,-1.1998396121359023,-0.9819421003211934,-0.7149552231343153,1.1715429120255576,-2.9505996727659496,-3.7207302158948217,-2.6320680294871166,0.2284433715240083,0.008699777075614,0.0738219581231484,-1.0609283818760915,-1.4325569495710238,-0.1591896513619691,-0.4648822692881125,-0.7984112979996244,-0.3796110552760798,-0.2322355141106196,0.1892751670368013,1.1499021863938088,0.0469575965261576,-0.4275918656090574,0.2943303182203099,0.0020323176797931,-0.1291743742286508,-0.1942782114085952,0.0673892529206763,-0.2132813314700619,0.0602277730796184,-0.0334115537008996,0.1601978735516088,-0.108041376502276,0.0452987312145225,0.1241561145440632,-0.2119007062629193,-0.1692116299583508,0.1361535811064217,-0.0215448284235027,-0.1552755015490761,0.0022106141559231,2.2343789483423797,-1.4658508687739606,-0.6638279240665907,-0.6148371133819336,-0.21485775952010525,-0.19337775504058424,7,6,4,0,0,0,1,1,1,1,0,0,1,0,0,0,0,1,1,1,1,1,1,1,1,1,1,1,1,1,1,1,1,1,1,1,1,1,1,1,True
IL_023,32.609,35.166,0.4669788422889004,-0.0873638843575449,1.803852250686244,-1.2048183417818152,-0.4517055750769142,-0.6522988824388392,-0.1943867163163511,-0.3746948061302453,0.1346733158784853,1.3914044167222248,-0.1649071104366921,1.0313764722584169,0.3204491873735159,-0.7503104482071372,0.2368263560841527,1.26322696163626,-0.6240631428415584,-0.2951663193900989,-0.56023493601068,-1.2084718855625265,-1.1998396121339083,0.3220181484011472,1.226920133680045,0.7136361084965963,-2.9505996727659496,-3.7207302158948217,-2.6320680294871166,0.2284433715240083,0.008699777075614,0.0738219581231484,-0.2099269684864401,-0.1429536801399053,-0.1591896513619691,0.0304326276387051,-0.0578139969586984,0.3236163659945755,0.8819730760605554,-0.2088553567302636,0.2217202703443639,0.0469575965261576,-0.4275918656090574,0.2943303182203099,0.0020323176797931,-0.1291743742286508,-0.1942782114085952,0.0673892529206763,-0.2132813314700619,0.0602277730796184,-0.0334115537008996,0.1601978735516088,-0.108041376502276,0.0452987312145225,0.1241561145440632,-0.2119007062629193,-0.1692116299583508,0.1361535811064217,-0.0215448284235027,-0.1552755015490761,0.0022106141559231,2.2343789483423797,-1.4658508687739606,-0.2380520558292581,-0.688063555369298,0.36010191422636406,0.08364736091968308,7,6,4,0,0,0,0,1,1,1,1,1,1,0,0,0,0,1,1,1,1,1,1,1,1,1,1,1,1,1,1,1,1,1,1,1,1,1,1,1,True
IL_024,32.612,35.163,-3.396612819353425,0.370712083949442,1.565927645561294,-1.3323974636942195,-0.4578962719556313,-0.5417421268676655,-0.136585598382432,-0.2762102776092358,0.0554355253032788,1.327388610517061,-0.6339084243373084,0.5879148016068436,0.5240291053219726,-0.6415280898919076,-0.0984534305563574,1.3955073074495867,-0.6502535819353213,-0.4231437282772792,-0.6136663514299101,-1.2084718855625265,-1.0433733722336802,-0.5168112558815474,-0.7149552231343153,0.7035964703944707,-2.9505996727659496,-3.7207302158948217,-2.6320680294871166,0.2284433715240083,0.008699777075614,0.0738219581231484,-1.0609283818760915,-1.0026891930939843,-0.1591896513619691,-0.2317929060284336,-0.5515455309859825,-0.5554179105937436,-0.7893398091962072,-0.2884814614836766,0.2217202703443639,0.0469575965261576,-0.4275918656090574,0.2943303182203099,0.0020323176797931,-0.1291743742286508,-0.1942782114085952,0.0673892529206763,-0.2132813314700619,0.0602277730796184,-0.0334115537008996,0.1601978735516088,-0.108041376502276,0.0452987312145225,0.1241561145440632,-0.2119007062629193,-0.1692116299583508,0.1361535811064217,-0.0215448284235027,-0.1552755015490761,0.0022106141559231,2.2343789483423797,-1.4658508687739606,-2.3550531954834546,-0.7329412991345681,-0.6214114016455285,0.2904909451784951,7,6,4,0,0,0,0,1,1,1,0,0,1,0,0,0,0,1,1,1,1,1,1,1,1,1,1,1,1,1,1,1,1,1,1,1,1,1,1,1,True
IL_025,31.845,34.981,0.4669788422889004,0.1128217254313558,1.4777988991755528,-1.1229966479519602,-0.3114862907739715,-0.3206286157253177,-0.2059469399031349,2.5929723199695087,0.0026103315864744,0.520789452331993,-0.6339084243373084,0.3661839662810572,-0.5856810356519679,-0.4841408480741284,-0.0537494590042894,1.2301568751829282,-0.5510839133703361,0.0875747644431354,-0.5560590233302067,-1.2084718855625265,-0.6399101310669609,1.0409594273210203,1.3073476911524553,0.6610783853130286,-2.9505996727659496,-3.7207302158948217,-2.6320680294871166,0.2284433715240083,0.008699777075614,0.0738219581231484,-1.0609283818760915,-0.1429536801399053,-0.1591896513619691,-0.0569758835836744,0.9296490710958696,-0.0279973446407521,0.8819730760605554,0.4281534812970403,0.2217202703443639,0.0469575965261576,-0.4275918656090574,0.2943303182203099,0.0020323176797931,-0.1291743742286508,-0.1942782114085952,0.0673892529206763,-0.2132813314700619,0.0602277730796184,-0.0334115537008996,0.1601978735516088,-0.108041376502276,0.0452987312145225,0.1241561145440632,-0.2119007062629193,-0.1692116299583508,0.1361535811064217,-0.0215448284235027,-0.1552755015490761,0.0022106141559231,2.362847628438683,-2.4093859684953887,-1.1232264858604675,-0.17132311481281412,-0.02937518800214702,1.1360929630903935,7,6,4,0,0,0,0,1,1,1,0,0,1,0,0,0,0,1,1,1,1,1,1,1,1,1,1,1,1,1,1,1,1,1,1,1,1,1,1,1,True
IL_026,31.849,34.983,0.4669788422889004,2.1507729747888287,-0.6053069520780077,-1.0558572441299017,-0.4402527858512876,-0.799707889867071,-0.2348474988700944,-0.2762102776092358,0.0290229284448766,0.8067267200483927,-0.6339084243373084,0.2452398742851736,-0.2703317509867114,-0.5142295854804685,-0.3219732883166975,1.362437220996255,-0.7180739060607698,-0.4734075759581214,-0.696203240203105,-1.2084718855625265,-1.1998396121339083,0.7943782821881294,-0.7149552231343153,-1.053587909083154,-2.9505996727659496,-3.7207302158948217,-2.6320680294871166,0.2284433715240083,0.008699777075614,0.0738219581231484,-0.2099269684864401,-0.1429536801399053,-0.1591896513619691,-0.3192014172508132,0.1890517700549435,-0.5554179105937436,-0.7893398091962072,-0.4477336709905026,-0.706461645705081,0.0469575965261576,-0.4275918656090574,0.2943303182203099,0.0020323176797931,-0.1291743742286508,-0.1942782114085952,0.0673892529206763,-0.2132813314700619,0.0602277730796184,-0.0334115537008996,0.1601978735516088,-0.108041376502276,0.0452987312145225,0.1241561145440632,-0.2119007062629193,-0.1692116299583508,0.1361535811064217,-0.0215448284235027,-0.1552755015490761,0.0022106141559231,2.362847628438683,-2.4093859684953887,0.5357024028179413,-0.16139645338325334,-0.3491932067091478,0.8792300552840885,7,6,4,0,0,0,0,1,1,1,1,1,1,0,0,0,0,1,1,1,1,1,1,1,1,1,1,1,1,1,1,1,1,1,1,1,1,1,1,1,True
IL_027,31.851,34.98,-3.396612819353425,0.2242734211936226,1.5894746648305909,-1.259081044658525,-0.4619202249267974,-0.6615119454031039,-0.2319574429733984,-0.3221697242523736,0.0026103315864744,1.536506910787263,0.18684387498877,0.4064986636130183,0.1527951372983162,-0.5142295854804685,-0.3934996428000064,1.478182523582917,-0.7405572407647786,-0.5611218406930968,-0.7105978148846903,-1.2084718855625265,-0.753768074604909,0.6662042484136592,-0.7149552231343153,-1.0535879090813047,-2.9505996727659496,-3.7207302158948217,-2.6320680294871166,0.2284433715240083,0.008699777075614,0.0738219581231484,-1.0609283818760915,-1.0026891930939843,-0.1591896513619691,0.059568798046165,0.1890517700549435,-0.3796110552760798,-0.2322355141106196,-0.4875467233672091,-1.1705526037298035,0.0469575965261576,-0.4275918656090574,0.2943303182203099,0.0020323176797931,-0.1291743742286508,-0.1942782114085952,0.0673892529206763,-0.2132813314700619,0.0602277730796184,-0.0334115537008996,0.1601978735516088,-0.108041376502276,0.0452987312145225,0.1241561145440632,-0.2119007062629193,-0.1692116299583508,0.1361535811064217,-0.0215448284235027,-0.1552755015490761,0.0022106141559231,2.362847628438683,-2.4093859684953887,0.8035247981117639,-0.20779782425166532,-0.4951934980596559,1.4009926118985718,7,6,4,0,0,0,0,1,1,1,0,0,1,0,0,0,0,1,1,1,1,1,1,1,1,1,1,1,1,1,1,1,1,1,1,1,1,1,1,1,True
IL_028,31.474,34.752,0.0806196761246679,-0.2695019184122154,1.404166526216187,-0.8478818934369429,-0.3133434998375866,-0.495676812046343,-0.2753082814238378,-0.4206542527733831,-0.1558652495639385,0.7043014301201302,0.1607882464387358,0.1041384336233095,-0.6136233773311679,-0.6762458638223,-0.6706642664228281,1.2549594400229265,-0.7422339557449149,-0.3218214282963222,-0.6526391602122298,1.5033731582991103,-1.1998396121339083,-0.314708194399012,2.103560327169203,-1.0535879090813047,-0.1607718397600685,-0.3981063614347064,0.3232770267749846,-0.8345445158793813,0.1374874190166707,-0.3320042291097452,-0.2099269684864401,-0.1429536801399053,-0.1591896513619691,-0.3483375876582731,-0.5515455309859825,3.312332906394861,2.553285961317318,-0.4875467233672091,-1.1705526037298035,-1.0067073062298466,-0.1539906801180381,0.2943303182203099,-1.506660989324997,0.9215293968702052,2.7008933203369123,-2.2638994127867544,-0.4757994273360466,-2.9323514987104846,0.0846548896243781,0.1601978735516088,-0.108041376502276,0.0452987312145225,0.1241561145440632,-0.2119007062629193,-0.1692116299583508,0.1361535811064217,-0.0215448284235027,-0.1552755015490761,0.0022106141559231,2.2027517885474066,-2.408006505122044,-2.419017433656499,-0.05543511393747688,-0.7940741939365296,0.7619719895668755,7,6,4,0,0,0,0,0,0,0,1,1,1,0,0,0,0,0,0,0,0,0,0,0,0,0,0,1,1,1,1,1,1,1,1,1,1,1,1,1,True
IL_029,31.477,34.749,0.4669788422889004,-0.2120346377847964,1.0601652837966502,-0.6692711227595766,-0.3907272108215505,-0.0903020416187066,-0.2839784491139256,-0.4666136994165209,-0.0502148621303298,0.9475614936997536,0.1998716892637872,0.1847678282872318,0.1208610325220877,-0.662358754250143,-0.6326658906035703,1.2136218319562615,-0.7243907517712207,-0.374312698534001,-0.6151594189819268,0.9880775822720802,-1.1998396121339083,-0.2321274364982203,-0.7149552231343153,-0.1282731847061958,-0.3161282464355751,-0.0447855192949014,-0.6509389008725307,0.3600075873118671,-0.067021030307938,0.285152329592154,-0.2099269684864401,-0.1429536801399053,-0.1591896513619691,-0.3774737580657329,-0.5515455309859825,-0.3796110552760798,-0.2322355141106196,-0.2884814614836766,-0.2423706876803585,0.0156970322210056,0.0501569708246669,0.2943303182203099,0.0020323176797931,-1.2457342221485177,-1.4000182623102568,-2.2534452035234924,-0.4783076435196155,-2.371680909147936,-0.5524103022089817,0.1601978735516088,-0.108041376502276,0.0452987312145225,0.1241561145440632,-0.2119007062629193,-0.1692116299583508,0.1361535811064217,-0.0215448284235027,-0.1552755015490761,0.0022106141559231,2.2027517885474066,-2.408006505122044,-2.4194881583281718,-0.12464472083473997,-0.3906223774155695,1.349669431138532,7,6,4,0,0,0,0,0,0,0,1,1,1,0,0,0,0,0,0,1,1,0,0,0,0,0,0,1,1,1,1,1,1,1,1,1,1,1,1,1,True
IL_030,31.475,34.749,0.4669788422889004,-0.7081055023743746,1.7998638304842791,-0.829778487310825,-0.4238474391226872,-0.2653502379397307,-0.2550778901469661,-0.4272198880081171,0.0290229284448766,2.082775123737997,0.3692332748390097,0.2653972229511542,0.3244409504705444,-0.6762458638223,-0.3957348413776096,1.26322696163626,-0.6950422561978351,-0.4632267107593907,-0.6017137844977203,1.4574153708500994,-1.1998396121339083,0.3289018408013875,-0.7149552231343153,-1.053587909083154,-1.8647070757923705,-0.0274394588864342,0.2152891943354672,-1.0717930145533632,0.0130738497448837,0.2775143710817511,-0.2099269684864401,-0.1429536801399053,-0.1591896513619691,-0.0861120539911343,0.4359175370685855,-0.5554179105937436,-0.7893398091962072,-0.0496031472234376,-0.706461645705081,-0.756622791788631,0.9318677863643572,0.2943303182203099,-0.1270108176441279,-0.024403342922497,-0.2525972314188712,-0.1521491416078261,-0.0347116956255679,-0.4023254633094841,0.9533946263508992,0.1601978735516088,-0.108041376502276,0.0452987312145225,0.1241561145440632,-0.2119007062629193,-0.1692116299583508,0.1361535811064217,-0.0215448284235027,-0.1552755015490761,0.0022106141559231,2.2027517885474066,-2.408006505122044,-2.3120699630699093,-0.10631502507876034,-0.0362718002503686,0.5148829492971724,7,6,4,0,0,0,0,0,0,0,1,1,1,0,0,0,0,0,0,0,0,0,0,0,0,0,0,1,1,1,1,1,1,1,1,1,1,1,1,1,True
IL_031,32.709,35.182,0.4669788422889004,0.5382854077624523,1.457933498554224,-1.3660384388577138,-0.4052753484865358,0.1215984065593777,-0.2492977783535743,-0.3681291708955114,-0.1822778464223407,1.301782288034995,-0.6339084243373084,0.2855545716171348,-0.5737057463608823,-0.7341088203729541,-0.4113812314208335,1.2880295264762585,-0.674501202612888,0.2653685391313143,-0.5393178159080741,-1.2084718855625265,-0.753768074604909,0.5564512140276403,0.5239108168510214,1.575409685120917,-2.9505996727659496,-3.7207302158948217,-2.6320680294871166,0.2284433715240083,0.008699777075614,0.0738219581231484,-1.0609283818760915,-1.0026891930939843,-0.1591896513619691,-0.2900652468433534,-0.0578139969586984,0.3236163659945755,0.3248687809749678,1.34385368596129,1.1499021863938088,0.0469575965261576,-0.4275918656090574,0.2943303182203099,0.0020323176797931,-0.1291743742286508,-0.1942782114085952,0.0673892529206763,-0.2132813314700619,0.0602277730796184,-0.0334115537008996,0.1601978735516088,-0.108041376502276,0.0452987312145225,0.1241561145440632,-0.2119007062629193,-0.1692116299583508,0.1361535811064217,-0.0215448284235027,-0.1552755015490761,0.0022106141559231,2.2541864907804667,-1.1606985528715275,-0.6955668487013412,-0.5576780117549743,-0.04155150340690184,-1.6133521582440469,7,6,4,0,0,0,0,1,1,1,0,0,1,0,0,0,0,1,1,1,1,1,1,1,1,1,1,1,1,1,1,1,1,1,1,1,1,1,1,1,True
IL_032,32.71,35.184,0.4669788422889004,-0.2748053726849937,2.160739158373672,-1.3133912630368785,-0.4074420923940868,-0.2837763638682601,-0.0701143127584251,-0.21711956049663,0.0026103315864744,1.771231533539532,-0.6339084243373084,0.6887015449367466,-0.2024717783372259,-0.6970765281805354,-0.1878613736604934,1.3376346561562569,-0.6519576324635329,-0.1838411605574785,-0.5179357219461744,-1.2084718855625265,-1.1998396121339083,-0.9819421003211934,-0.7149552231343153,-1.053587909083154,-2.9505996727659496,-3.7207302158948217,-2.6320680294871166,0.2284433715240083,0.008699777075614,0.0738219581231484,-0.2099269684864401,-0.1429536801399053,-0.1591896513619691,-0.4357460988806527,-0.7984112979996244,-0.5554179105937436,-0.7893398091962072,-0.4477336709905026,-0.706461645705081,0.0469575965261576,-0.4275918656090574,0.2943303182203099,0.0020323176797931,-0.1291743742286508,-0.1942782114085952,0.0673892529206763,-0.2132813314700619,0.0602277730796184,-0.0334115537008996,0.1601978735516088,-0.108041376502276,0.0452987312145225,0.1241561145440632,-0.2119007062629193,-0.1692116299583508,0.1361535811064217,-0.0215448284235027,-0.1552755015490761,0.0022106141559231,2.2541864907804667,-1.1606985528715275,-2.185463808964349,-0.5573548181270352,-0.18251957768633922,-1.4044090399333535,7,6,4,0,0,0,0,1,1,1,1,1,1,0,0,0,0,1,1,1,1,1,1,1,1,1,1,1,1,1,1,1,1,1,1,1,1,1,1,1,True
IL_033,32.713,35.185,0.4669788422889004,-0.0601342086883546,2.0150084202249263,-1.3519738503712817,-0.2607225763684911,-0.4127592453679629,-0.1539259337626077,-0.3418666299565754,-0.0502148621303298,0.8622070854262015,-0.6339084243373084,0.5476001042748825,0.9750983352862004,-0.6600442359881168,-0.0984534305563574,1.3955073074495867,-0.6868617607458257,-0.5122245325765112,-0.568168400820592,-1.2084718855625265,-1.1998396121339083,-0.9819421003211934,-0.7149552231343153,0.2281390813615703,-2.9505996727659496,-3.7207302158948217,-2.6320680294871166,0.2284433715240083,0.008699777075614,0.0738219581231484,-0.2099269684864401,-0.1429536801399053,-0.1591896513619691,-0.3192014172508132,-0.3046797639723404,-0.3796110552760798,-0.2322355141106196,-0.3282945138603831,-0.2423706876803585,0.0469575965261576,-0.4275918656090574,0.2943303182203099,0.0020323176797931,-0.1291743742286508,-0.1942782114085952,0.0673892529206763,-0.2132813314700619,0.0602277730796184,-0.0334115537008996,0.1601978735516088,-0.108041376502276,0.0452987312145225,0.1241561145440632,-0.2119007062629193,-0.1692116299583508,0.1361535811064217,-0.0215448284235027,-0.1552755015490761,0.0022106141559231,2.2541864907804667,-1.1606985528715275,-1.3167878036719316,-0.5197720162495354,-0.6421012383901932,-1.0350833859873478,7,6,4,0,0,0,1,1,1,1,1,1,1,1,1,0,0,1,1,1,1,1,1,1,1,1,1,1,1,1,1,1,1,1,1,1,1,1,1,1,True
IL_034,32.256,34.844,0.0806196761246679,-0.8348343126835998,-1.5081472251037324,1.2956374166980256,-0.3743218640929502,0.3519249806659884,-0.1683762132460875,-0.3353009947218415,0.1346733158784853,-0.2388647813026209,0.173816060713753,0.8499603342645913,-0.2463811724045401,-0.5605199507209918,0.0133064983238126,0.8333158377429454,-0.5949132247266112,-0.6884573871255363,-0.5408850246309569,-1.2084718855625265,-0.7681159836498783,-0.9819421003211934,0.4567269715801114,-0.4313597492342395,-2.9505996727659496,-3.7207302158948217,-2.6320680294871166,0.2284433715240083,0.008699777075614,0.0738219581231484,-1.0609283818760915,-0.5728214366169448,-0.1591896513619691,-0.4648822692881125,-0.7984112979996244,-0.0279973446407521,0.3248687809749678,0.2689012717902143,-0.2423706876803585,0.0469575965261576,-0.4275918656090574,0.2943303182203099,0.0020323176797931,-0.1291743742286508,-0.1942782114085952,0.0673892529206763,-0.2132813314700619,0.0602277730796184,-0.0334115537008996,0.1601978735516088,-0.108041376502276,0.0452987312145225,0.1241561145440632,-0.2119007062629193,-0.1692116299583508,0.1361535811064217,-0.0215448284235027,-0.1552755015490761,0.0022106141559231,2.50172824375962,-1.973128610687187,-0.9432112476778806,-0.9277808862636212,0.6285418215913509,-0.04666344928400836,7,6,4,0,0,0,0,1,1,1,0,0,1,0,0,0,0,1,1,1,1,1,1,1,1,1,1,1,1,1,1,1,1,1,1,1,1,1,1,1,True
IL_035,32.254,34.848,-3.2034332362713087,0.0170429243856583,1.298626791641096,-0.9544591636229848,-0.4383955767876724,-0.0442367267973831,-0.0354336419980737,-0.5060075108249247,-0.5256416055815691,0.9006165691493002,-0.6339084243373084,-0.3997952830262052,0.5639467362922582,-0.7294797838489018,-1.233934307978885,1.26322696163626,-0.6022359904677584,-0.4742722726769403,-0.3716004712260922,-1.2084718855625265,-0.8295830832971259,-0.9819421003211934,-0.7149552231343153,-1.0535879090813047,-2.9505996727659496,-3.7207302158948217,-2.6320680294871166,0.2284433715240083,0.008699777075614,0.0738219581231484,-1.0609283818760915,-0.1429536801399053,-0.1591896513619691,-0.3192014172508132,-0.3046797639723404,-0.5554179105937436,-0.7893398091962072,-0.4875467233672091,-1.1705526037298035,0.0469575965261576,-0.4275918656090574,0.2943303182203099,0.0020323176797931,-0.1291743742286508,-0.1942782114085952,0.0673892529206763,-0.2132813314700619,0.0602277730796184,-0.0334115537008996,0.1601978735516088,-0.108041376502276,0.0452987312145225,0.1241561145440632,-0.2119007062629193,-0.1692116299583508,0.1361535811064217,-0.0215448284235027,-0.1552755015490761,0.0022106141559231,2.50172824375962,-1.973128610687187,-1.4418974434769782,-0.9839242364884858,0.5515736490125148,-0.8539302429863178,7,6,4,0,0,0,0,1,1,1,0,0,1,1,1,0,0,1,1,1,1,1,1,1,1,1,1,1,1,1,1,1,1,1,1,1,1,1,1,1,True
IL_036,32.247,34.85,-0.6920986562037972,0.2750124389376658,1.7452531538727492,-1.3859949495479225,-0.4383955767876724,-0.689151134295897,-0.0354336419980736,-0.0464130443935469,-0.0238022652719276,0.892081128321945,-0.6339084243373084,0.4468133609449795,0.1248527956191161,-0.5026569941703377,0.0356584840998466,1.3210996129295902,-0.4986783121674904,-0.3168863222041051,-0.306529985508304,-1.2084718855625265,-0.8496288674434328,-0.0577033698323529,-0.7149552231343153,-1.0535879090813047,-2.9505996727659496,-3.7207302158948217,-2.6320680294871166,0.2284433715240083,0.008699777075614,0.0738219581231484,-1.0609283818760915,-1.0026891930939843,-0.1591896513619691,-0.4357460988806527,-0.5515455309859825,-0.0279973446407521,-0.2322355141106196,-0.4875467233672091,-1.1705526037298035,0.0469575965261576,-0.4275918656090574,0.2943303182203099,0.0020323176797931,-0.1291743742286508,-0.1942782114085952,0.0673892529206763,-0.2132813314700619,0.0602277730796184,-0.0334115537008996,0.1601978735516088,-0.108041376502276,0.0452987312145225,0.1241561145440632,-0.2119007062629193,-0.1692116299583508,0.1361535811064217,-0.0215448284235027,-0.1552755015490761,0.0022106141559231,2.50172824375962,-1.973128610687187,-1.76988796638101,-1.0010073282509857,-0.6593757671554754,-1.275946710529438,7,6,4,0,0,0,0,1,1,1,0,0,1,0,0,0,0,1,1,1,1,1,1,1,1,1,1,1,1,1,1,1,1,1,1,1,1,1,1,1,True
IL_037,32.245,34.852,-3.010253653189192,-0.3069427224573518,2.1226190652895,-1.2705322805545731,-0.2607225763684911,-0.873412393581187,0.0946188733532442,-0.1645944786187584,0.0026103315864744,0.8195298812894256,-0.151879296161675,0.2855545716171348,0.2885150825972874,-0.4910844028602069,0.1250664272039826,1.3541696993829222,-0.4941011906638769,-0.3373654782497113,-0.3636479033509398,-1.2084718855625265,-0.9665034829902256,-0.9819421003211934,-0.7149552231343153,-1.0535879090813047,-2.9505996727659496,-3.7207302158948217,-2.6320680294871166,0.2284433715240083,0.008699777075614,0.0738219581231484,-1.0609283818760915,-1.0026891930939843,-0.1591896513619691,-0.3192014172508132,-0.3046797639723404,-0.5554179105937436,-0.7893398091962072,-0.4875467233672091,-1.1705526037298035,0.0469575965261576,-0.4275918656090574,0.2943303182203099,0.0020323176797931,-0.1291743742286508,-0.1942782114085952,0.0673892529206763,-0.2132813314700619,0.0602277730796184,-0.0334115537008996,0.1601978735516088,-0.108041376502276,0.0452987312145225,0.1241561145440632,-0.2119007062629193,-0.1692116299583508,0.1361535811064217,-0.0215448284235027,-0.1552755015490761,0.0022106141559231,2.50172824375962,-1.973128610687187,-0.37582738741630106,-0.9961132533136209,-0.8076529304922384,0.47835368880434087,7,6,4,0,0,0,1,1,1,1,0,0,1,1,1,0,0,1,1,1,1,1,1,1,1,1,1,1,1,1,1,1,1,1,1,1,1,1,1,1,True
IL_038,31.853,34.772,0.4669788422889004,-0.3633018186098616,1.3582996938935823,-0.7632092695084867,-0.2607225763684911,-0.6983641972601614,0.0801685938697645,-0.4928762403554568,-0.2298205207674647,0.8792779670809119,0.0435379179635817,0.1847678282872318,0.292506845694316,-0.662358754250143,-0.6058435076723295,1.2466919184095937,-0.7033627202478455,-0.3528464479469896,-0.6248040098643923,-1.2084718855625265,-0.5897033296757865,-0.9819421003211934,0.5609758562232795,0.8971084076492132,-2.9505996727659496,-3.7207302158948217,-2.6320680294871166,0.2284433715240083,0.008699777075614,0.0738219581231484,-1.0609283818760915,0.7167818328141736,-0.1591896513619691,-0.4648822692881125,-0.7984112979996244,-0.2038041999584159,0.3248687809749678,-0.2884814614836766,0.2217202703443639,0.0469575965261576,-0.4275918656090574,0.2943303182203099,0.0020323176797931,-0.1291743742286508,-0.1942782114085952,0.0673892529206763,-0.2132813314700619,0.0602277730796184,-0.0334115537008996,0.1601978735516088,-0.108041376502276,0.0452987312145225,0.1241561145440632,-0.2119007062629193,-0.1692116299583508,0.1361535811064217,-0.0215448284235027,-0.1552755015490761,0.0022106141559231,2.3723365559872254,-1.8992017758721251,-2.101077183448981,-0.8880280700271012,-0.7108198747869461,-0.5189857245292419,7,6,4,0,0,0,1,1,1,1,0,0,1,0,0,0,0,1,1,1,1,1,1,1,1,1,1,1,1,1,1,1,1,1,1,1,1,1,1,1,True
IL_039,31.859,34.768,0.4669788422889004,-0.2953859415047303,0.1281788631411755,-0.0418289235590921,-0.4455148781981971,0.1768767843449641,-0.1770463809361754,-0.5191387812943926,-0.3618835050594756,0.3500806357848888,-0.6339084243373084,-0.1377497503684575,-0.0946941747174547,-0.7688265943033465,-1.0260608402617688,1.4037748290629204,-0.7774580269053952,-0.475174649801364,-0.6949107962702522,-1.2084718855625265,-0.3690356939509021,-0.0577033698323529,-0.7149552231343153,0.2281390813615703,-2.9505996727659496,-3.7207302158948217,-2.6320680294871166,0.2284433715240083,0.008699777075614,0.0738219581231484,-1.0609283818760915,0.2869140763371341,-0.1591896513619691,-0.4357460988806527,-0.5515455309859825,-0.5554179105937436,-0.7893398091962072,-0.4079206186137961,-0.2423706876803585,0.0469575965261576,-0.4275918656090574,0.2943303182203099,0.0020323176797931,-0.1291743742286508,-0.1942782114085952,0.0673892529206763,-0.2132813314700619,0.0602277730796184,-0.0334115537008996,0.1601978735516088,-0.108041376502276,0.0452987312145225,0.1241561145440632,-0.2119007062629193,-0.1692116299583508,0.1361535811064217,-0.0215448284235027,-0.1552755015490761,0.0022106141559231,2.3723365559872254,-1.8992017758721251,-0.7434621231594187,-0.8970774916093984,-0.6644739805160028,0.24861465534041974,7,6,4,0,0,0,0,1,1,1,0,0,1,0,0,0,0,1,1,1,1,1,1,1,1,1,1,1,1,1,1,1,1,1,1,1,1,1,1,1,True
IL_040,32.758,35.183,0.4669788422889004,0.3430866281106418,1.3701882541109798,-1.194554993426851,-0.2607225763684911,-0.5970205046532525,-0.0498839214815534,-0.3156040890176396,0.1082607190200832,1.3231208901033829,-0.6339084243373084,0.6483868476047854,0.0929186908428879,-0.6299554985817767,0.1250664272039826,1.1392141374362652,-0.5371548614865549,-0.0676013703376275,-0.4851166906401066,-1.2084718855625265,0.1822267546318734,0.4044159954120673,-0.7149552231343153,-0.6568377412276445,-2.9505996727659496,-3.7207302158948217,-2.6320680294871166,0.2284433715240083,0.008699777075614,0.0738219581231484,-1.0609283818760915,-1.0026891930939843,-0.1591896513619691,-0.3192014172508132,0.1890517700549435,-0.5554179105937436,-0.7893398091962072,0.2290882194135078,-0.2423706876803585,0.0469575965261576,-0.4275918656090574,0.2943303182203099,0.0020323176797931,-0.1291743742286508,-0.1942782114085952,0.0673892529206763,-0.2132813314700619,0.0602277730796184,-0.0334115537008996,0.1601978735516088,-0.108041376502276,0.0452987312145225,0.1241561145440632,-0.2119007062629193,-0.1692116299583508,0.1361535811064217,-0.0215448284235027,-0.1552755015490761,0.0022106141559231,2.2541864907804667,-1.1606985528715275,-2.3436451384659236,-0.19177665440953703,0.4748199643744127,-1.408910789175743,7,6,4,0,0,0,1,1,1,1,0,0,1,0,0,0,0,1,1,1,1,1,1,1,1,1,1,1,1,1,1,1,1,1,1,1,1,1,1,1,True
IL_041,32.744,35.225,0.4669788422889004,0.2283103789236481,1.5354775913270555,-1.2280534220854151,-0.2607225763684911,-0.3206286157253177,-0.0412137537914655,-0.3418666299565754,0.081848122161681,0.6488210647423212,-0.1779349247117092,0.6887015449367466,0.1248527956191161,-0.6716168272982477,0.1250664272039826,1.387239785836254,-0.679605668202426,-0.0893762176173833,-0.6077887135339624,-1.2084718855625265,-0.956495948177946,-0.9819421003211934,-0.7149552231343153,-1.053587909083154,-2.9505996727659496,-3.7207302158948217,-2.6320680294871166,0.2284433715240083,0.008699777075614,0.0738219581231484,-1.0609283818760915,-0.1429536801399053,-0.1591896513619691,-0.4648822692881125,-0.7984112979996244,-0.5554179105937436,-0.7893398091962072,-0.4079206186137961,-0.706461645705081,0.0469575965261576,-0.4275918656090574,0.2943303182203099,0.0020323176797931,-0.1291743742286508,-0.1942782114085952,0.0673892529206763,-0.2132813314700619,0.0602277730796184,-0.0334115537008996,0.1601978735516088,-0.108041376502276,0.0452987312145225,0.1241561145440632,-0.2119007062629193,-0.1692116299583508,0.1361535811064217,-0.0215448284235027,-0.1552755015490761,0.0022106141559231,2.143873055679779,-1.4015473193112813,0.6527229172529325,-0.4042072090021373,-0.6859557727341474,0.3221023964022625,7,6,4,0,0,0,1,1,1,1,0,0,1,0,0,0,0,1,1,1,1,1,1,1,1,1,1,1,1,1,1,1,1,1,1,1,1,1,1,1,True
IL_042,32.707,35.185,0.4669788422889004,0.0779930705056476,1.637642508808176,-1.2011121326536336,-0.2607225763684911,-0.965543023223832,0.1755404384607308,-0.4009573470691812,-0.0238022652719276,2.68452370206654,0.1477604321637187,0.4669707096109601,0.3763338707319157,-0.5975522429134105,-0.2325653452125614,1.2466919184095937,-0.5432551941114049,-0.2672526788353546,-0.435928533759463,-1.2084718855625265,-1.1998396121339083,-0.9819421003211934,-0.7149552231343153,-1.053587909083154,-2.9505996727659496,-3.7207302158948217,-2.6320680294871166,0.2284433715240083,0.008699777075614,0.0738219581231484,-1.0609283818760915,-1.4325569495710238,-0.1591896513619691,-0.4648822692881125,-0.7984112979996244,-0.5554179105937436,-0.7893398091962072,-0.4477336709905026,-0.706461645705081,0.0469575965261576,-0.4275918656090574,0.2943303182203099,0.0020323176797931,-0.1291743742286508,-0.1942782114085952,0.0673892529206763,-0.2132813314700619,0.0602277730796184,-0.0334115537008996,0.1601978735516088,-0.108041376502276,0.0452987312145225,0.1241561145440632,-0.2119007062629193,-0.1692116299583508,0.1361535811064217,-0.0215448284235027,-0.1552755015490761,0.0022106141559231,2.2541864907804667,-1.1606985528715275,-2.274538681063338,-0.631181476852001,-0.5556296001295973,-1.3026767956981566,7,6,4,0,0,0,1,1,1,1,0,0,1,0,0,0,0,1,1,1,1,1,1,1,1,1,1,1,1,1,1,1,1,1,1,1,1,1,1,1,True
IL_043,32.703,35.183,0.0806196761246679,-0.0264137382375556,1.8749535108251325,-1.2854521480705865,-0.2607225763684911,-0.799707889867071,0.1177393205268118,-0.3287353594871076,0.1346733158784853,1.7754992539532095,0.1607882464387358,0.5879148016068436,0.3324244766646017,-0.6322700168438029,-0.1878613736604934,1.3210996129295902,-0.5731289635591302,-0.3401556163042507,-0.5289200493176935,-1.2084718855625265,-0.9290799979250984,-0.9819421003211934,-0.7149552231343153,0.2945817750617081,-2.9505996727659496,-3.7207302158948217,-2.6320680294871166,0.2284433715240083,0.008699777075614,0.0738219581231484,-1.0609283818760915,-1.0026891930939843,-0.1591896513619691,-0.4648822692881125,-0.7984112979996244,-0.3796110552760798,-0.2322355141106196,0.7068448479339859,0.6858112283690864,0.0469575965261576,-0.4275918656090574,0.2943303182203099,0.0020323176797931,-0.1291743742286508,-0.1942782114085952,0.0673892529206763,-0.2132813314700619,0.0602277730796184,-0.0334115537008996,0.1601978735516088,-0.108041376502276,0.0452987312145225,0.1241561145440632,-0.2119007062629193,-0.1692116299583508,0.1361535811064217,-0.0215448284235027,-0.1552755015490761,0.0022106141559231,2.2541864907804667,-1.1606985528715275,-1.6152516120951754,-0.6545899296184536,-0.6746044109476009,-1.1009129905484765,7,6,4,0,0,0,1,1,1,1,0,0,1,0,0,0,0,1,1,1,1,1,1,1,1,1,1,1,1,1,1,1,1,1,1,1,1,1,1,1,True
IL_044,31.995,34.819,0.4669788422889004,-0.4833815220696334,-0.223108916185799,0.2885938748687889,-0.4083706969258944,0.5638254288440728,-0.2146171075932227,-0.5782294984069984,-0.3618835050594756,0.2476553458566262,-0.1779349247117092,-0.2385364936983605,-0.4779034320321968,-0.6947620099185093,-0.9411232943128396,1.1309466158229324,-0.6715975828184056,-0.6554008448805692,-0.6336956473818224,2.3649083591529103,-0.7545148950044783,-0.9819421003211934,-0.7149552231343153,-1.0535879090813047,-0.0447916274602252,0.0864705083032139,0.0048386941753098,0.2957039451473714,-0.618346006331809,0.3627929682323161,-1.0609283818760915,-0.1429536801399053,-0.1591896513619691,-0.4648822692881125,-0.7984112979996244,-0.5554179105937436,-0.7893398091962072,-0.4875467233672091,-1.1705526037298035,1.50884869197297,3.777416411532723,0.2943303182203099,0.1986841770131369,0.5982359288397878,-0.1898038002504596,-0.7062222325607133,-0.0622892766234814,-0.6265936991345036,-0.0222656993074141,0.1601978735516088,-0.108041376502276,0.0452987312145225,0.1241561145440632,-0.2119007062629193,-0.1692116299583508,0.1361535811064217,-0.0215448284235027,-0.1552755015490761,0.0022106141559231,2.4374936505915796,-2.162677702497176,-1.1013467447973107,-0.836040066447169,-0.520486575993923,-0.7357398383772135,7,6,4,0,0,0,0,0,0,0,0,0,1,0,0,0,0,0,0,0,0,0,0,0,0,0,0,1,1,1,1,1,1,1,1,1,1,1,1,1,True
IL_045,31.991,34.816,-0.3057394900395646,0.115433874550784,-0.4140928835491544,0.0474527040287691,-0.4393241813194799,0.1676637213807006,-0.2348474988700944,-0.5650982279375304,-0.4596101134355636,-0.4906602857095997,-0.0606845962365551,-0.2788511910303217,-0.4379858010619111,-0.6044957976994889,-0.5343171531890206,0.8085132729029463,-0.3741674690682466,-0.3019744509954277,-0.3539751199417034,1.739773486675287,-0.5510020841500838,-0.9819421003211934,-0.7149552231343153,-1.0535879090813047,-1.0153636795246177,-1.177656732626694,-0.3403801565765996,-0.1969700261857744,0.852301547312986,0.1746111287761909,-1.0609283818760915,0.2869140763371341,-0.1591896513619691,-0.4648822692881125,-0.7984112979996244,0.3236163659945755,-0.2322355141106196,-0.4875467233672091,-1.1705526037298035,0.0598295935929849,1.9411708837432384,0.2943303182203099,-1.451092175070677,-0.4554613002963866,0.1696658419455196,0.8932717847183761,2.4179398212645014,-1.0541050236759468,-0.254417923674582,0.1601978735516088,-0.108041376502276,0.0452987312145225,0.1241561145440632,-0.2119007062629193,-0.1692116299583508,0.1361535811064217,-0.0215448284235027,-0.1552755015490761,0.0022106141559231,2.4374936505915796,-2.162677702497176,-1.672662182219582,-0.8146169459666286,-0.3143141677313001,-1.737195310271524,7,6,4,0,0,0,0,0,0,0,0,0,1,0,0,0,0,0,0,0,0,0,0,0,0,0,0,1,1,1,1,1,1,1,1,1,1,1,1,1,True
IL_046,32.705,35.182,0.4669788422889004,0.7727455802396075,0.9797832766493422,-1.2105677174806608,-0.3300583814101228,-1.232721849187502,0.0888387615598522,-0.3353009947218415,-0.0502148621303298,4.080068277339118,-0.6339084243373084,0.2049251769532124,0.8074442852110006,-0.5489473594108609,0.9967938724693092,0.9490611403296066,0.5809450731134036,1.0375811820869514,0.5467611873120061,1.6280289030958126,-0.5088064287520144,0.9545616294464602,-0.7149552231343153,1.1679092822557156,0.4619425127273951,-0.3290548560527845,-1.1906277765425963,-0.0183009531767046,-0.2173211067995019,1.517751304833882,-1.0609283818760915,-0.5728214366169448,-0.1591896513619691,0.2343858204909242,0.6827833040822275,-0.3796110552760798,-0.2322355141106196,0.3087143241669208,1.1499021863938088,-0.1387669325809216,1.029969399287886,0.2943303182203099,-0.269946156531629,2.609839729917939,3.2887854440295774,0.5169202512409433,-0.2329119622128922,-0.4443757575266752,1.705341731682827,0.1601978735516088,-0.108041376502276,0.0452987312145225,0.1241561145440632,-0.2119007062629193,-0.1692116299583508,0.1361535811064217,-0.0215448284235027,-0.1552755015490761,0.0022106141559231,2.2541864907804667,-1.1606985528715275,-1.3734586739579375,-0.5730527943412242,0.9260530944619985,-1.2412720047053851,7,6,4,0,0,0,0,0,0,0,0,0,1,0,0,0,0,0,0,0,0,0,0,0,0,0,0,1,1,1,1,1,1,1,1,1,1,1,1,1,True
IL_047,32.706,35.178,0.4669788422889004,0.4269920240680297,1.2664126284713733,-1.1806329514453482,-0.2607225763684911,-0.9747560861880964,0.1466398794937714,-0.4272198880081171,0.1082607190200832,1.6730739640249468,-0.0997680390616066,0.4871280582769407,-0.1585623842699117,-0.5142295854804685,0.4826981996205268,1.1061440509829332,-0.3686148664328879,-0.1006452202209022,-0.264626125286735,0.5248926885563543,-0.9746002365381092,0.4046722875400028,1.521388674579896,-1.0535879090813047,0.6664373736075763,-0.476654564135911,-1.0872326838924902,-0.4627072287366714,1.251979509010397,-0.5905770312999405,-1.0609283818760915,0.7167818328141736,-0.1591896513619691,1.6620581704564577,0.4359175370685855,1.026843787265231,1.4390773711461429,-0.4875467233672091,-1.1705526037298035,-0.057857236732293,1.7465324688998691,-0.994685536959921,0.0986603113553608,-0.3716444752514637,0.0273188971350021,-0.3089622805567564,-0.269460255173468,-2.385697673887,-1.2776073569965445,0.1601978735516088,-0.108041376502276,0.0452987312145225,0.1241561145440632,-0.2119007062629193,-0.1692116299583508,0.1361535811064217,-0.0215448284235027,-0.1552755015490761,0.0022106141559231,2.2541864907804667,-1.1606985528715275,-2.026676940869574,-0.5606329249247041,-0.492817631639216,-1.5685432019892405,7,6,4,0,0,0,1,0,0,0,0,0,1,0,0,0,0,0,0,0,0,0,0,0,0,0,0,1,1,1,1,1,1,1,1,1,1,1,1,1,True
IL_048,31.365,34.72,0.4669788422889004,-0.8790033796121117,0.4770122300361715,0.0923548530817383,-0.3473923326705307,-0.744429512081484,-0.2666381137337499,-0.5191387812943926,-0.3460359469444342,0.3116711520617904,0.0435379179635817,-0.016805658372574,-0.1785211997550544,-0.7109636377526924,-0.5991379119395192,1.0813414861429342,-0.5253413191012224,0.1432462804423565,-0.3130911314340128,0.4544109556820115,-0.9361548325840564,0.1988777205780635,-0.7149552231343153,-1.053587909083154,-0.6572707829823806,-0.1126500204309438,0.4227740745025256,0.818209602509331,0.2153391565097247,-0.3671191854161369,-1.0609283818760915,-0.1429536801399053,-0.1591896513619691,-0.1735205652135139,-0.0578139969586984,-0.5554179105937436,-0.7893398091962072,0.1892751670368013,-0.706461645705081,1.4279389961243414,1.283107671653752,0.2943303182203099,-0.1869016507848951,-0.359670643102189,0.0458990790628533,-1.3021121605666486,-0.3932458426411325,0.1653535086225963,1.2950150635112276,0.1601978735516088,-0.108041376502276,0.0452987312145225,0.1241561145440632,-0.2119007062629193,-0.1692116299583508,0.1361535811064217,-0.0215448284235027,-0.1552755015490761,0.0022106141559231,2.1768734631427153,-2.7285379186338945,-2.4050069385604544,-0.12464472083473997,-0.011787176861945782,-0.36485522472055326,7,6,4,0,0,0,0,0,0,0,0,0,1,0,0,0,0,0,0,0,0,0,0,0,0,0,0,1,1,1,1,1,1,1,1,1,1,1,1,1,True
IL_049,31.365,34.72,0.4669788422889004,-0.8790033796121117,0.4770122300361715,0.0923548530817383,-0.3473923326705307,-0.744429512081484,-0.2666381137337499,-0.5191387812943926,-0.3460359469444342,0.3116711520617904,0.0435379179635817,-0.016805658372574,-0.1785211997550544,-0.7109636377526924,-0.5991379119395192,1.0813414861429342,-0.5253413191012224,0.1432462804423565,-0.3130911314340128,0.4544109556820115,-0.9361548325840564,0.1988777205780635,-0.7149552231343153,-1.053587909083154,-0.6572707829823806,-0.1126500204309438,0.4227740745025256,0.818209602509331,0.2153391565097247,-0.3671191854161369,-1.0609283818760915,-0.1429536801399053,-0.1591896513619691,-0.1735205652135139,-0.0578139969586984,-0.5554179105937436,-0.7893398091962072,0.1892751670368013,-0.706461645705081,1.4279389961243414,1.283107671653752,0.2943303182203099,-0.1869016507848951,-0.359670643102189,0.0458990790628533,-1.3021121605666486,-0.3932458426411325,0.1653535086225963,1.2950150635112276,0.1601978735516088,-0.108041376502276,0.0452987312145225,0.1241561145440632,-0.2119007062629193,-0.1692116299583508,0.1361535811064217,-0.0215448284235027,-0.1552755015490761,0.0022106141559231,2.1768734631427153,-2.7285379186338945,-2.4050069385604544,-0.12464472083473997,-0.011787176861945782,-0.36485522472055326,7,6,4,0,0,0,0,0,0,0,0,0,1,0,0,0,0,0,0,0,0,0,0,0,0,0,0,1,1,1,1,1,1,1,1,1,1,1,1,1,True
IL_048,31.365,34.72,0.4669788422889004,0.01482655543584,0.6041047737795773,-0.5229233776980475,-0.441490925227031,-0.2653502379397313,-0.2059469399031349,-0.4666136994165209,-0.1294526527055364,3.089957141365913,0.0826213607886331,-0.1579070990344381,0.8553454423753436,-0.6855039368704047,-0.0984534305563574,1.1640167022762644,-0.4872020491690315,0.1565567542233203,-0.430154445451148,0.8110587820161133,-1.109326950666683,0.3666589181073945,-0.7149552231343153,-0.0068154617902848,-0.2362136404793198,0.1832017344292748,-0.8841950003314262,-1.4937830690711813,0.2593779532594942,0.0775802211619324,-1.0609283818760915,-1.0026891930939843,-0.1591896513619691,-0.3192014172508132,-0.3046797639723404,-0.3796110552760798,-0.2322355141106196,-0.0097900948467311,0.2217202703443639,-1.3156352358337011,1.6694956194875274,0.2943303182203099,-0.785809982192567,-0.0483510072210465,-0.1741054424583567,0.4646492049246332,0.9281489873739712,-0.8929122291767142,-0.6781196171183638,0.1601978735516088,-0.108041376502276,0.0452987312145225,0.1241561145440632,-0.2119007062629193,-0.1692116299583508,0.1361535811064217,-0.0215448284235027,-0.1552755015490761,0.0022106141559231,2.1768734631427153,-2.7285379186338945,-2.4050069385604544,-0.12464472083473997,-0.011787176861945782,-0.36485522472055326,7,6,4,0,0,0,0,0,0,0,0,0,1,0,0,0,0,0,0,0,0,0,0,0,0,0,0,1,1,1,1,1,1,1,1,1,1,1,1,1,True
IL_049,31.365,34.72,0.4669788422889004,0.01482655543584,0.6041047737795773,-0.5229233776980475,-0.441490925227031,-0.2653502379397313,-0.2059469399031349,-0.4666136994165209,-0.1294526527055364,3.089957141365913,0.0826213607886331,-0.1579070990344381,0.8553454423753436,-0.6855039368704047,-0.0984534305563574,1.1640167022762644,-0.4872020491690315,0.1565567542233203,-0.430154445451148,0.8110587820161133,-1.109326950666683,0.3666589181073945,-0.7149552231343153,-0.0068154617902848,-0.2362136404793198,0.1832017344292748,-0.8841950003314262,-1.4937830690711813,0.2593779532594942,0.0775802211619324,-1.0609283818760915,-1.0026891930939843,-0.1591896513619691,-0.3192014172508132,-0.3046797639723404,-0.3796110552760798,-0.2322355141106196,-0.0097900948467311,0.2217202703443639,-1.3156352358337011,1.6694956194875274,0.2943303182203099,-0.785809982192567,-0.0483510072210465,-0.1741054424583567,0.4646492049246332,0.9281489873739712,-0.8929122291767142,-0.6781196171183638,0.1601978735516088,-0.108041376502276,0.0452987312145225,0.1241561145440632,-0.2119007062629193,-0.1692116299583508,0.1361535811064217,-0.0215448284235027,-0.1552755015490761,0.0022106141559231,2.1768734631427153,-2.7285379186338945,-2.4050069385604544,-0.12464472083473997,-0.011787176861945782,-0.36485522472055326,7,6,4,0,0,0,0,0,0,0,0,0,1,0,0,0,0,0,0,0,0,0,0,0,0,0,0,1,1,1,1,1,1,1,1,1,1,1,1,1,True
IL_050,31.744,34.757,0.4669788422889004,-0.3186578154778173,0.2594899282520449,-0.1092534203910109,-0.3226295451556623,-0.1087281675472336,-0.1914966604196552,-0.5782294984069984,-0.221896741709944,2.3431060689723315,0.0435379179635817,-0.016805658372574,3.1466174600697387,-0.6507861629400122,-0.6773698621556382,1.2136218319562615,-0.6375035312195942,-0.3596797468329922,-0.6073481079192681,0.9652561082596014,-0.8108012985293546,0.6780725098451643,-0.7149552231343153,-1.053587909083154,0.74484659467663,-0.01177071895329,-0.6527066717822243,-0.5469683464295851,0.008699777075614,-1.8945689597105804,-1.0609283818760915,0.7167818328141736,-0.1591896513619691,0.0304326276387051,0.1890517700549435,-0.5554179105937436,-0.7893398091962072,-0.4079206186137961,-0.706461645705081,-0.9699301717531974,1.173450531318372,0.2943303182203099,0.0020323176797931,-1.3175772150441658,-0.2483503326925052,0.7991839013490178,0.1248799575646774,-1.635800760347091,-1.1092253424092464,0.1601978735516088,-0.108041376502276,0.0452987312145225,0.1241561145440632,-0.2119007062629193,-0.1692116299583508,0.1361535811064217,-0.0215448284235027,-0.1552755015490761,0.0022106141559231,2.3550650344209996,-2.023587177438593,-1.621346448685229,-0.7468847956542302,-0.035116865184877014,0.6846081077699059,7,6,4,0,0,0,0,0,1,0,0,0,1,0,0,0,0,0,0,1,1,0,0,0,0,0,0,1,1,1,1,1,1,1,1,1,1,1,1,1,True
IL_051,31.744,34.754,0.4669788422889004,-0.4190276664909951,0.9942029496872176,-0.5041547545489229,-0.3093195468664205,-0.514102937974872,-0.1828264927295672,-0.3615635356607774,-0.1769953270506603,0.943293773286076,-0.047656781961538,0.0033516902934065,0.2126715837537448,-0.7086491194906663,-0.3845588484895926,1.0482713996896025,-0.5105739836363421,-0.124660558127554,-0.4078096578370935,1.6160576292234867,-0.9578367239353864,1.2902561457704862,-0.7149552231343153,0.1909056742176907,-0.1633414846563935,0.8006018605850184,0.720576419929215,0.1749492130420956,1.204518034270896,-2.7433620315034584,-1.0609283818760915,-0.1429536801399053,-0.1591896513619691,0.059568798046165,0.9296490710958696,0.3236163659945755,-0.2322355141106196,-0.2884814614836766,-0.2423706876803585,0.1260284356509537,-0.4781472980359066,-0.994685536959921,0.480232835901692,-3.1495735338831965,-2.710414031825937,0.903725993981638,0.1759528697515325,0.1443283615140007,-1.7981983704179814,0.1601978735516088,-0.108041376502276,0.0452987312145225,0.1241561145440632,-0.2119007062629193,-0.1692116299583508,0.1361535811064217,-0.0215448284235027,-0.1552755015490761,0.0022106141559231,2.3550650344209996,-2.023587177438593,-1.2363038200000471,-0.7739868898828449,-0.475559601946298,1.2529714119949475,7,6,4,0,0,0,0,0,0,0,0,0,1,0,0,0,0,0,0,0,0,0,0,0,0,0,0,1,1,1,1,1,1,1,1,1,1,1,1,1,True
IT_001,37.515,15.084,0.4669788422889004,-0.7281583643012979,-0.5964352738082505,0.6546849765302805,-0.2607225763684911,0.287433539916138,0.1466398794937711,-0.0858068558019506,2.3797440488426704,2.8904966923918622,-0.0085733391364867,-0.2990085396963022,3.4615196672681283,0.8328200430187586,1.2203137302296492,1.1144115725962662,-0.4255578132609732,-0.4410778569180065,-0.4883426684140828,0.0912869560179134,-0.0481176398297547,-0.0577033698323529,-0.7149552231343153,0.2281390813615703,0.2528715575873253,0.2572749646467343,0.2342104916236288,0.6640438422300027,-1.2832424316656126,0.1920734997054712,-0.2099269684864401,-0.1429536801399053,-0.1591896513619691,-0.3483375876582731,-0.5515455309859825,-0.3796110552760798,-0.2322355141106196,-0.2884814614836766,-0.2423706876803585,1.332318446485053,2.438540042761668,0.2943303182203099,-0.441900765085275,-0.10822016796742,-0.0371429585330532,-1.856185251519536,-0.3227726460956525,-1.0821385531540744,1.1705795605325298,1.983884200216472,-0.917996183120338,0.1427524276285957,1.0174664680455516,-0.2119007062629193,-0.1692116299583508,0.1361535811064217,0.5875943852168664,-0.985281933169606,0.2198429046617988,1.299038418244522,-0.4341224301177029,-1.7847561506916407,-0.8316076966925744,-0.4534178468335867,1.715136153644918,3,1,2,0,0,0,1,0,0,0,1,1,1,0,0,1,1,0,0,0,0,0,0,0,0,0,0,0,0,0,0,0,1,1,1,0,0,0,0,0,True
IT_002,36.804,15.133,-0.6920986562037972,1.1524834603083909,0.3704498236144221,-1.0610997878112185,-0.2607225763684911,0.287433539916138,-0.2666381137337505,0.6889381018966576,0.2931488970288984,1.7560384488668397,-0.0997680390616066,0.1646104796212512,-0.595317151768195,-0.10918888962589,-0.0984534305563574,1.2136218319562615,-0.1701224020505645,-0.1603136489506056,0.1135369096407191,0.0912869560179134,-0.0481176398297547,-0.0577033698323529,-0.7149552231343153,0.2281390813615703,0.2528715575873253,0.2572749646467343,0.2342104916236288,0.480088777131664,0.4442636073912741,-1.8275641242276672,-0.2099269684864401,-0.1429536801399053,-0.1591896513619691,-0.3774737580657329,-0.7984112979996244,-0.3796110552760798,-0.2322355141106196,-0.2884814614836766,-0.2423706876803585,1.038101370671858,1.18849679096922,0.2943303182203099,1.2075668713637926,-2.0360071440006484,-0.5968235406862868,-1.92936471636237,-0.4649603502570523,-1.733918113520537,-1.004295084619148,0.1601978735516088,-0.108041376502276,0.0452987312145225,0.1241561145440632,-0.2119007062629193,-0.1692116299583508,0.1361535811064217,-0.0215448284235027,-1.2865759800252738,0.0022106141559231,-0.23302730856984222,0.2264627952170985,-3.1295795889276983,-1.016982327574837,-0.8385886911750504,-1.7389162398222462,7,1,4,0,0,0,1,0,0,0,1,1,1,0,0,1,1,0,0,0,0,0,0,0,0,0,0,1,1,1,1,1,1,1,1,1,0,1,0,1,True
NL_001,52.071,5.736,0.4669788422889004,-1.8465275822415053,-1.922252622611666,2.1594692365741937,-0.2310072313506489,0.7480866881293632,-0.2868685050106217,-0.5650982279375304,-0.3988611406612386,-0.9131646066636828,-0.1779349247117092,-0.6618408156839529,0.2126715837537448,-0.479511811550076,-0.8606561455191172,-0.7375132687903183,-0.4102472915221494,-0.5020051241311008,-0.6038392013800636,0.4455613210597097,0.5917266346049412,0.7566385326905014,2.4101978676604183,1.2438836893678729,-2.9505996727659496,-3.7207302158948217,-1.4219864434878695,0.6333303108864673,0.3919366889778404,1.6497829932950956,0.0737401693101102,0.7167818328141736,-0.1591896513619691,-0.1152482243985941,0.1890517700549435,1.730071208535886,2.553285961317318,-0.2486684091069701,0.6858112283690864,0.4202455114641487,-0.2374071436223392,-0.994685536959921,0.2616621665013663,1.0173200540644027,-0.9393814254540588,0.0673892529206763,-0.2132813314700619,0.0602277730796184,-0.0334115537008996,-2.081367066378915,2.5314341310425,-2.498100607043665,-2.3079541526208085,3.2323935767430143,0.7803172808232679,-1.718203956261381,-1.6879874836945603,0.0241439230933931,-2.294412911181904,-0.25764471090292435,0.4649919794671055,0.9396336294746452,-0.72763168953271,-0.033978429191749544,1.6324657349627214,0,6,9,0,0,0,0,0,0,0,0,0,0,0,0,0,0,0,0,0,0,0,0,1,1,1,1,0,0,0,0,0,0,0,0,0,0,0,0,0,True
NL_002,52.059,5.752,0.4669788422889004,-1.725656318442513,-1.80911954957514,2.0168277006408464,-0.2681514126229516,0.950774073343181,-0.2550778901469661,-0.440351158477585,-0.404143660032919,-0.9771804128688468,-0.6339084243373084,-0.6618408156839529,0.8792960209575148,-0.4123907819513173,-0.469496394438522,-0.720978225563652,-0.1469545472918606,-0.2361654690313242,-0.3159177879682933,0.5429233234992399,-0.564649514335044,0.9485886719529494,2.5463937844514177,0.8690025765830078,-2.9505996727659496,-3.7207302158948217,-0.4889161363261605,0.4987798267301375,0.0242367488324168,1.0706632044067648,-0.7772612440795411,-0.5728214366169448,-0.7715678597544089,0.1761134796760045,0.4359175370685855,3.312332906394861,3.1103902564029053,-0.0097900948467311,0.2217202703443639,0.574709476266076,0.3028137628817058,0.2943303182203099,-0.7092485047755038,1.1370583755571495,-0.1481690252366215,0.0673892529206763,-0.2132813314700619,0.0602277730796184,-0.0334115537008996,-2.072192893032515,2.4524490886516745,-2.385310745737537,-2.44543887043975,2.877028051911577,1.2643947369110118,-1.677905062802309,-1.644120285953416,0.0241439230933931,-2.624995898068777,-0.25764471090292435,0.4649919794671055,0.7862561427863395,-0.8096305299927097,0.4089061702795681,0.11172078344946522,0,6,9,0,0,0,0,0,0,0,0,0,0,0,0,0,0,0,0,0,0,0,0,1,1,1,1,0,0,0,0,0,0,0,0,0,0,0,0,0,True
NL_003,52.041,5.809,0.4669788422889004,-1.6797458187677157,-1.957304700155864,2.081068658862661,-0.2390551372929812,0.7480866881293632,-0.2175071634899188,-0.5191387812943926,-0.3724485438028364,-0.9899835741098798,-0.1909627389867264,-0.6618408156839529,0.4641526588665442,-0.2758342044917736,-0.7936001881910152,-0.8449910497636468,-0.3727417921745711,-0.464136822670486,-0.6317103345355197,-0.0288002586202446,0.5604698118916223,0.4220191981437669,-0.7149552231343153,1.2438836893678729,-2.9505996727659496,-3.7207302158948217,-0.7883319112639224,0.3774082676827839,-0.6181116032353385,1.1909194261353075,-0.2099269684864401,-0.1429536801399053,-0.465378755558189,0.1469773092685446,-0.0578139969586984,-0.5554179105937436,-0.7893398091962072,-0.2486684091069701,0.6858112283690864,0.34669124251085,0.6140907825384484,0.2943303182203099,-0.5758833505651356,0.2869162929586454,-1.5560159530269506,0.0673892529206763,-0.2132813314700619,0.0602277730796184,-0.0334115537008996,-1.8667484801214067,1.877451740311384,-1.6506733546857213,-2.6022251269469376,1.3672447565567143,2.400867066429507,-0.6859751765317663,-1.590889431565918,0.0241439230933931,-2.679632013801606,-0.251102435976967,0.41707245691429845,-0.47201592385335245,-0.8598178833598378,-0.7957570993176746,0.429027798634639,1,6,9,0,0,0,0,0,0,0,0,0,0,0,0,0,0,0,0,0,0,0,0,1,1,1,1,0,0,0,0,0,0,0,0,0,0,0,0,0,True
NL_004,52.028,5.798,0.4669788422889004,-1.6722259955451195,-1.605480018109394,1.858601080168479,-0.2421504857323397,0.8862826325933306,-0.2464077224568782,-0.4009573470691812,-0.5388479040107702,-1.0070544557645902,-0.6339084243373084,-0.4602673290241469,-0.4179790844196039,-0.4656247019779191,-0.9053601170711852,-0.9690038739636408,-0.2883319818249412,-0.3789104905283573,-0.5026578922754071,-0.5210701331332207,0.5417304469742916,-0.9819421003211934,1.3073476911524553,-1.0535879090813047,0.5889207843964465,0.3863657143225004,-0.6470338503125581,0.8664781441011049,-0.0251386832308792,1.6881101731344983,-0.2099269684864401,-0.1429536801399053,-0.465378755558189,-0.4357460988806527,-0.7984112979996244,-0.0279973446407521,0.8819730760605554,-0.2884814614836766,-0.2423706876803585,1.560336680240279,1.3162094428856177,0.2943303182203099,-0.2751943223223148,1.9033836331107312,0.0758548825791849,0.4960118327144192,-0.1400311812927734,1.370795276182076,0.4714160370783224,-2.062370214304313,2.395725013968357,-2.306325471119264,-2.250566627726972,2.5753244731297738,0.8606721740985238,-1.0544376881458764,-1.7301231740732297,0.0241439230933931,-2.643359498321786,-0.25764471090292435,0.4649919794671055,1.1856131236580472,-0.7433758362651762,-0.5480730249868091,1.0487082097507188,1,6,9,0,0,0,0,0,0,0,0,0,0,0,0,1,1,0,0,0,0,0,0,0,0,0,0,0,0,0,0,0,0,0,0,0,0,0,0,0,True
NL_005,52.012,5.805,-1.0784578223680297,-2.050512681658666,-2.4392132410972143,2.60217116538532,-0.2607225763684911,0.4993339880942224,-0.2724182255271419,-0.5519669574680625,-0.5018702684090072,-0.7424557901165786,-0.6339084243373084,-0.6618408156839529,1.5578957474523705,-0.6021812794374628,-1.1132335847883017,-0.0347739316570158,-0.3397987661216356,-0.4308751286976527,-0.642254240686373,0.0538491699326317,0.6009455957123756,-0.9819421003211934,-0.7149552231343153,0.2281390813615703,-0.4493704275863194,0.3273649502266969,-0.0367576683980952,0.6128900125327491,-0.4353573876712155,1.3533597687628631,-0.4935941062829906,-0.1429536801399053,-0.7715678597544089,-0.3192014172508132,-0.3046797639723404,-0.5554179105937436,-0.7893398091962072,-0.3282945138603831,-0.2423706876803585,0.4790889266267877,0.5468039093798562,1.583346173400541,0.6043365210696735,0.6221835931383373,-0.4012386868416812,-0.2044201879241362,-0.0402016177824612,1.5460048354203724,1.6136272726735754,-1.6862484809998424,1.9305656150549029,-1.8429096611590885,-2.1914346762650654,0.7560679703674231,3.4411794706021483,-0.7065215068327583,-1.0135604730186936,0.0241439230933931,-1.9987261243141925,-0.251102435976967,0.41707245691429845,0.8749130844766317,-0.8855810325584187,-0.5657105333441029,-0.7560528809447389,1,6,9,0,0,0,0,0,0,0,0,0,0,1,1,0,0,0,0,0,0,0,0,0,0,0,0,0,0,0,0,0,0,0,0,0,0,0,0,0,True
NL_006,52.016,5.772,0.4669788422889004,-1.322831261813127,-1.326674105914295,1.476148807441126,-0.2433886251080831,0.5085470510584859,-0.2203972193866147,-0.4337855232428511,-0.2720806757409081,-0.7424557901165786,-0.1388514818866579,-0.6618408156839529,0.9192136519278,-0.4656247019779191,-0.5387875503442274,-0.6217679662036564,-0.1103375980249456,-0.1991943128668055,-0.4442201717440429,0.6460789052225583,-0.9003815699344244,1.1435637233674183,-0.7149552231343153,0.2281390813615703,-0.7333045901305144,0.4967542939323832,0.3526425214529877,0.2311940855489194,-0.6817119582675306,1.4465449124470635,-0.7772612440795411,-0.5728214366169448,-0.465378755558189,0.292658161305844,0.9296490710958696,-0.3796110552760798,-0.2322355141106196,-0.2486684091069701,-0.2423706876803585,0.052474166697655,0.8858864168713658,-0.994685536959921,0.4160199838744777,1.172979872004974,-0.105775875450218,2.356861081575059,4.510623924748396,3.0247735153915944,2.272347267328564,-2.1152660451797822,2.499137517950812,-2.428505931754586,-2.366247160682407,1.53832001973505,2.634188062921347,-0.5511886201850498,-1.4658935297559703,0.0241439230933931,-2.41057512706998,-0.25764471090292435,0.4649919794671055,-0.07754560316897753,-0.872237752776358,-0.7851481957875155,0.4275893039925353,2,6,9,0,0,0,0,0,0,0,0,0,0,0,0,0,0,0,0,0,0,0,0,0,0,0,0,0,0,0,0,0,0,0,0,0,0,0,0,0,True
NL_007,52.044,5.674,0.4669788422889004,-1.6743632084610152,-1.588299131085542,1.8492405263447385,-0.2390551372929812,0.9047087585218582,-0.2897585609073176,-0.453482428947053,-0.3275471291435528,-0.8107393167354202,-0.2300461818117777,-0.6618408156839529,0.3483915290527159,0.6661747281528748,-0.3689124584463689,-1.200494479136964,-0.3480287549715329,-0.4391847287351612,-0.4899252521566221,-0.3701644158085113,0.8714117739628875,0.0976979602559246,1.7481324075582136,0.9879571997766308,-0.4906903816864455,0.5378827301910093,0.7996180122853136,0.3003333190017111,-0.9406651063215798,0.5297039381713312,0.3574073071066607,0.2869140763371341,-0.1591896513619691,4.808764574462123,-0.0578139969586984,8.410731710607111,3.1103902564029053,1.7419842097283549,0.6858112283690864,0.4643780728361279,0.87637718077203,-0.994685536959921,0.309821805521777,-0.3955921395500131,-1.368014846907999,2.5554910575770378,6.696457546600648,2.358977190286068,1.0342816839493365,-1.3520814719901846,1.8984690492928664,-2.0031069572433817,-1.8429229448564,0.8597056237459807,1.3771147388010467,0.3473662759065473,-1.5142500471864735,2.793599641594105,-1.7531233484678692,-0.2382068960005752,0.5055678771238932,-0.8772680223587457,-0.865496857107912,-0.2899120397046981,0.3578096599567488,1,6,9,0,0,0,0,0,0,0,0,0,0,0,0,0,0,0,0,0,0,0,0,0,0,0,0,0,0,0,0,0,0,0,0,0,0,0,0,0,True
NL_008,52.044,5.675,-3.396612819353425,-1.765709271607078,-2.1008111270381287,2.221571997222057,-0.3950606986366525,0.7572997510936272,-0.3417795670478448,-0.4863106051207228,-0.404143660032919,-0.7808652738396771,-0.1909627389867264,-0.6618408156839529,0.7076502077852866,1.2633204397556248,-0.9120657128039952,-0.3324047097370028,-0.5625216447857885,-0.6557524735709358,-0.7679586470712093,-0.6508664710614455,-0.3510852988099139,-0.9819421003211934,-0.7149552231343153,-1.0535879090813047,-0.0567096841987108,0.4582861898464663,0.7194453975265249,0.5518301547926427,1.15411858457985,1.2514167144470372,-0.7772612440795411,-0.1429536801399053,-1.0777569639506288,-0.3192014172508132,-0.3046797639723404,-0.3796110552760798,-0.2322355141106196,-0.2884814614836766,-0.2423706876803585,1.1704990547877958,2.047337291839621,0.2943303182203099,0.1718259167902155,1.0292938862136771,-0.0299383981936823,1.1755354348264506,1.0597023667978926,2.667346014545469,3.4921814174498764,-1.479046582793094,2.078794703603337,-2.194506199897944,-1.8429229448564,0.9944007547266688,1.2920661899509394,-0.1122332920915127,-0.0033309734249678,2.793599641594105,-0.8729119875814021,-0.2382068960005752,0.5055678771238932,0.01717397641252049,-0.8690519870152432,-0.20154300812222303,0.469573911161156,1,6,9,0,0,0,0,0,0,0,0,0,0,1,1,1,1,0,0,0,0,0,0,0,0,0,0,0,0,0,0,0,0,0,0,0,0,0,0,0,True
NL_009,52.0287,5.753,0.4669788422889004,-1.6267904320738549,-1.6528041578134869,1.8606442467391429,-0.2752707140334763,1.3285096548780264,-0.2521878342502702,-0.5060075108249247,-0.4094261794045995,-0.9985190149372348,-0.6339084243373084,-0.4602673290241469,0.5839055517774011,-0.5119150672184424,-0.9053601170711852,-0.99380643880364,0.0001621198580992,-0.087625697573107,-0.2595941096793463,0.240462445593034,-0.3936342315215327,-0.9819421003211934,-0.7149552231343153,1.2602992428446254,-0.2862477157752824,0.4871537105111446,-0.8846443761781435,0.4982324992481579,0.008699777075614,0.24806908415385,-0.7772612440795411,-0.1429536801399053,0.4531885570304705,-0.3192014172508132,-0.3046797639723404,-0.2038041999584159,-0.2322355141106196,0.6272187431805728,1.1499021863938088,-0.2270320553248801,-0.4680362115505367,0.2943303182203099,0.0020323176797931,0.382706950152843,-0.2274950264469579,-0.2985080712934944,0.1236386464942377,-0.8578703173290548,-1.558801340695048,-2.1740756810728485,2.6703043698453905,-2.6486587654128853,-2.272344947602503,4.18584774817448,-0.3614634543793437,-2.1988442980582645,-1.92419083730398,0.0241439230933931,-2.6387714882057343,-0.25764471090292435,0.4649919794671055,1.1460635488865214,-0.8636500363768309,-0.5288846038272836,0.7192575058064482,1,6,9,0,0,0,0,0,1,0,0,0,0,1,1,0,0,0,0,1,1,0,0,0,0,0,0,0,0,0,0,0,0,0,0,0,0,0,0,0,True
NL_010,52.0133,5.751,-3.396612819353425,-1.5742308255496036,-1.828831549419471,1.9381420299194525,-0.2474125780792492,1.0336916400215614,-0.2290673870767025,-0.4928762403554568,-0.343394687258594,-0.6528336614293487,-0.0867402247865894,-0.6618408156839529,2.016948503610655,-0.5790360968172011,-0.8271281668550662,-0.266264536830339,-0.1930650885415616,-0.2827220515840249,-0.5304038851038945,-1.2084718855625265,0.8857498902254927,-0.9819421003211934,-0.7149552231343153,0.2281390813615703,0.6014051437352755,0.2281758079759094,-1.7471451965829858,-0.1826854889873352,-1.5074176543969815,2.4967848649781543,-0.2099269684864401,0.2869140763371341,-0.465378755558189,-0.3192014172508132,-0.3046797639723404,-0.5554179105937436,-0.7893398091962072,-0.4079206186137961,-0.2423706876803585,-0.4624057159754361,0.9824232187912064,-0.994685536959921,0.7000383678410025,1.8794359688121816,-0.2902126201381129,0.6946418087163977,0.0044983777747136,1.076443216661738,0.2316209411270502,-2.154318551128363,2.594694331561932,-2.547531133062187,-2.2639751209290147,3.7262762549070674,0.3783392069484941,-2.08300534805774,-1.7521850610643526,0.0241439230933931,-2.7094753600762367,-0.25764471090292435,0.4649919794671055,0.4404397965315468,-0.8846576221928782,-0.2744524088994742,-1.7340925755227217,0,6,9,0,0,0,0,0,0,0,0,0,0,1,1,0,0,0,0,0,0,0,0,0,0,0,0,0,0,0,0,0,0,0,0,0,0,0,0,0,True
NL_011,52.0154,5.832,0.4669788422889004,-1.5041777355285768,-1.0877523957388529,1.4369960340870025,-0.2607225763684911,0.5361862399512793,-0.2435176665601823,-0.1514632081492903,-0.1796365867365005,-0.7424557901165786,-0.6339084243373084,-0.6618408156839529,0.6996666815912294,1.1961994101568665,0.0870680513847247,0.1719141086763083,0.0164496938558083,-0.071180568913671,0.0013291809894105,-0.5570994584022496,1.3624420666913024,-0.9819421003211934,-0.7149552231343153,1.1067312710985342,0.2967313898229088,0.071628508579334,-0.0527883748635629,0.6938777834247839,-0.3669064632201612,0.5641509514707341,0.3574073071066607,1.146649589291213,1.37175586961913,-0.3192014172508132,-0.3046797639723404,-0.5554179105937436,-0.7893398091962072,-0.0894161996001441,0.6858112283690864,0.6114866107427254,1.172246830546304,2.872362028580772,0.0400043407535785,2.3583892547831704,3.149320323354808,1.1337185977734026,0.2380952054015871,-0.4724092870048026,-0.6307497359460507,-2.0532950756001846,2.315850041400761,-2.1921386333326915,-2.295601534976289,1.416590313090061,1.855767374732156,-0.5155795967351159,-1.6174407911523836,0.0241439230933931,-2.437664266088458,-0.251102435976967,0.41707245691429845,0.95293198217725,-0.7776343608267301,1.095498567641987,1.2535231217626792,1,6,9,0,0,0,1,0,0,0,0,0,0,1,1,0,0,0,0,0,0,0,0,0,0,0,0,0,0,0,0,0,0,0,0,0,0,0,0,0,True
NL_012,52.0449,5.921,0.4669788422889004,-1.6935189686701548,-0.907736583930903,1.439134231660954,-0.2514365310504153,0.5546123658798093,-0.2261773311800066,-0.4797449698859888,-0.5018702684090072,-0.7936684350807098,-0.6339084243373084,-0.3997952830262052,-0.1266282794936831,-0.4563666289298144,-0.8539505497863069,0.3289970193296342,0.2935410002807417,0.2085911260735727,-0.1017139417358625,-0.1312540392315279,0.9944670923414262,-0.9819421003211934,0.4567269715801114,1.203487239725904,0.6021812057189874,0.1539269954951008,0.0762416187552286,0.2724313737996595,-1.757731101803238,1.5156646085074887,0.0737401693101102,1.146649589291213,0.1469994528342507,-0.4648822692881125,-0.7984112979996244,-0.0279973446407521,0.3248687809749678,-0.0894161996001441,0.6858112283690864,0.7218180141726734,3.5000837536482936,-2.283701392140152,-1.8999647079916848,1.4962733400353911,-0.2922602320240394,0.1301145085002485,-0.3515915381640057,0.4106468915562113,-0.0148616674603131,-2.121295264078471,2.4832975086447773,-2.400980445777232,-2.2202005060776737,2.993240990741774,1.3568850141474345,-1.3453627873064995,-1.7292893777426412,0.0241439230933931,-2.6970792380696107,-0.24080740176060741,0.3908246117113482,-0.7358495965479872,-0.724261241698487,-0.004560583166440906,0.12720003860246185,0,6,9,0,0,0,0,0,0,0,0,0,0,0,0,0,0,0,0,0,0,0,0,0,0,0,0,0,0,0,0,0,0,0,0,0,0,0,0,0,True
NL_013,52.0445,5.963,0.4669788422889004,-1.7349967304453169,-1.1833210798090297,1.6347080364249966,-0.2464839735474416,0.8678565066648005,-0.1943867163163511,-0.2236851957313641,2.1156180802586486,-0.964377251627814,-0.1909627389867264,-0.6618408156839529,1.2505299889811714,0.2148436670577728,-0.3800884513343859,-0.6217679662036564,-0.0794193849635243,-0.1679770185179698,-0.0183539702608523,0.4341990562703057,0.1124188137719611,-0.133217524441699,0.5609758562232795,0.792926247349176,0.9108671795850156,0.2425014667853573,-0.3909977009342306,1.0446063057228037,-1.115379869576308,1.4920021735053148,-0.4935941062829906,-0.1429536801399053,0.1469994528342507,-0.4066099284731928,-0.5515455309859825,-0.2038041999584159,0.3248687809749678,0.3087143241669208,0.2217202703443639,1.6927343643562167,1.487375692673664,-0.994685536959921,-0.5017915982260422,3.1007668480382025,2.9132382566552124,1.2068980626162369,-0.0473679497355152,1.7912982183539874,3.100723088501535,-2.121225501174588,2.5362808852237197,-2.4805205837445663,-2.327326820025988,3.822961850115506,0.3622363046486173,-1.8084213617264495,-1.7584701086294543,0.0747588625044225,-2.691573976226979,-0.24080740176060741,0.3908246117113482,-0.8796220083150682,-0.6348751183141632,-0.5530392457684232,1.514887778811374,1,6,9,0,0,0,0,0,0,0,0,0,0,0,0,0,0,0,0,0,0,0,0,0,0,0,0,0,0,0,0,0,0,0,0,0,0,0,0,0,True
NL_014,52.0029,6.11,0.0806196761246679,-1.9320160988773352,-2.027945757963756,2.276262339613557,-0.2433886251080831,0.5269731769870158,-0.3070988962874933,-0.5847951336417323,-0.4199912181479603,-0.7723298330123219,-0.3082130674618805,-0.4602673290241469,1.561887510549399,-0.6183829072716459,-1.1937007335820238,-1.018609003643639,-0.4691423230422837,-0.5614698652206194,-0.7541691207887319,0.6807960039657094,0.7369113065933579,-0.9819421003211934,-0.7149552231343153,0.8951831852622298,0.8269954547438637,0.4605223530095128,0.0955051599529237,-0.5803411927045499,-0.1006580599454749,1.045552383083865,-0.2099269684864401,-0.1429536801399053,-0.1591896513619691,-0.4357460988806527,-0.7984112979996244,-0.3796110552760798,-0.2322355141106196,0.4679665336737468,0.6858112283690864,-0.1681886401622411,-0.5303879115436507,-0.994685536959921,-1.3575513377425714,0.4306022787499419,-0.3913798147983316,0.2242023918696067,-0.3741014987094023,0.7330324805546768,-0.6213553729572558,0.9049410828432292,0.1796279922584978,-0.8314072406554704,1.1082884530816088,-0.7819624639124829,2.077129886987601,0.5437554567320712,-1.3893182129838093,-0.4252317175663873,-0.8453639599771607,-0.21457739122468455,0.35899855097165917,0.3614984496206878,-0.9797688898435534,-0.7538494555126919,-0.7182956866018921,7,6,2,0,0,0,0,0,0,0,0,0,0,0,0,0,0,0,0,0,0,0,0,0,0,0,0,0,0,0,0,0,0,0,0,0,0,0,0,0,False
NL_015,51.9967,6.12,-2.817074070107076,-1.3402455892759817,-0.4729987819166472,0.9577546845121376,-0.2433886251080831,-0.4588245601892851,-0.263748057837054,-0.4994418755901907,-0.4305562568913212,-0.5845501348105071,0.0044544751385304,-0.4804246776901276,-0.0907024116204261,-0.4609956654538667,-0.9902976630201143,-0.4812200987769959,-0.5949045045224074,-0.6884485825681426,-0.80004294115859,-1.2084718855625265,1.0025388378948732,-0.9819421003211934,-0.7149552231343153,0.2281390813615703,0.5337159200021381,0.4182272512914158,0.3016978502477375,0.176808721436334,0.008699777075614,1.73938463340037,0.0737401693101102,1.5765173457682524,1.67794497381535,-0.3192014172508132,-0.3046797639723404,-0.5554179105937436,-0.7893398091962072,-0.4079206186137961,-0.2423706876803585,0.4128900845688188,-0.5008972426279887,0.2943303182203099,0.0020323176797931,1.3286396899455453,-0.1062309003137573,-0.9466690456157396,-0.4152439223327396,2.464102925829046,2.0227597421601584,-0.609740963468809,1.0001323976338377,-1.1180864506584491,-1.077892919460924,-0.8248305675031326,2.3544313599905604,0.4852530699136436,-0.4353334976276135,-0.4252317175663873,-0.796237309646528,-0.18709485108094753,0.3538371480203361,-0.007676167138959127,-0.9675337025001413,-0.7740608191587958,1.0538720107143855,2,6,2,0,0,0,0,0,1,0,0,0,0,1,1,0,0,0,0,1,1,0,0,0,0,0,0,0,0,0,0,0,0,0,0,0,0,0,0,0,True
NL_016,51.9875,6.115,0.4669788422889004,-1.848427327055635,-1.1213471659015632,1.664452740453736,-0.2464839735474416,0.0386808398809972,-0.1481458219692158,-0.5979264041112002,-0.4833814506081256,-0.8704874025269067,0.0826213607886331,-0.6618408156839529,0.5280208684190012,-0.4540521106677883,-0.8092465782342388,-0.4729525771636632,-0.1642389761819913,-0.2536170954640301,-0.2987447458886604,-0.7635711851674264,1.2650205852071352,-0.9819421003211934,-0.7149552231343153,0.2281390813615703,-0.479925559013396,0.392358971880241,0.2430674679487018,-0.2591073428126084,-1.0553897401085246,1.5824873614705992,0.6410744449032111,0.7167818328141736,1.0655667654229104,-0.3192014172508132,-0.3046797639723404,-0.5554179105937436,-0.7893398091962072,-0.4079206186137961,-0.2423706876803585,-0.4476948621847763,-0.3138421426486469,1.583346173400541,0.2273947310445356,2.2745724297382472,2.6610786447772314,-0.7062222325607133,-0.1788061559673339,0.5227810094687211,0.2460309385929135,-0.1198176566692844,0.6139965548961698,-0.84419434424676,-0.6936931365383499,-0.685003707737019,2.008106316579922,0.0514953430589837,-0.9062010532118102,-0.4252317175663873,-0.9977986913450566,-0.18709485108094753,0.3538371480203361,-0.33953336216884256,-0.970488615669871,-0.7947011586863678,-0.8649796230134553,7,6,2,0,0,0,0,0,0,0,0,0,0,1,1,0,0,0,0,0,0,0,0,0,0,0,0,0,0,0,0,0,0,0,0,0,0,0,0,0,True
NL_017,52.2114,5.666,0.0806196761246679,-1.969852683092082,-1.995884995571032,2.279113269712158,-0.2774374579410273,0.3519249806659884,-0.2377375547667904,-0.5388356869985945,-0.137376431763057,-0.6357627797746384,0.0435379179635817,-0.6618408156839529,1.6936156927513415,-0.5396892863627564,-0.8293633654326696,-0.8201884849236477,-0.3442441366499504,-0.4353635006483978,-0.6638180596663589,-1.2084718855625265,-0.210999069945507,-0.9819421003211934,-0.7149552231343153,-1.0535879090813047,0.4292753998382695,0.3456622492247196,0.3415950992011002,-0.7731760932469113,-1.8026862889482809,1.054560129771829,-0.4935941062829906,0.7167818328141736,-0.7715678597544089,-0.4648822692881125,-0.7984112979996244,-0.3796110552760798,-0.2322355141106196,-0.2884814614836766,-0.2423706876803585,-1.39654493168233,-1.508876269157595,-0.994685536959921,-0.0776163160847323,2.454179911977368,3.1515954476725043,-1.3334747883564346,-0.2778934922396514,-0.0448979624633593,-0.3439828250508042,-2.115329593814516,2.6303850186933464,-2.625392094079331,-2.2902889915992506,2.5849727607282107,-0.0626570390798123,-2.2890882789871494,-1.872435219849824,0.0241439230933931,-2.849515370624028,-0.23096826730217923,0.565308159887878,0.6621669986799176,-0.8730688221053444,-0.45130596557097336,0.7760360332422781,1,6,9,0,0,0,0,0,0,0,0,0,0,0,0,1,1,0,0,0,0,0,0,0,0,0,0,0,0,0,0,0,0,0,0,0,0,0,0,0,True
NL_018,52.2566,5.68,-0.6920986562037972,-1.9278208290794656,-2.04259553216713,2.28281947884034,-0.3269630329707642,-0.3390547416538468,-0.2406276106634863,-0.5979264041112002,-0.3803723228603571,-0.5375625330559166,-0.0997680390616066,-0.6618408156839529,0.3044821349854016,-0.5720925420311226,-1.249580698022109,-0.663105574270321,-0.3320961814516552,-0.4230980345812519,-0.6395086951739138,-0.4194646798179311,-0.4987044012752937,-0.9819421003211934,-0.7149552231343153,-1.0535879090813047,-0.3816695427458274,0.4296548975324171,-0.3560715310836127,-0.1006551917283723,0.1485906906063665,1.788869240699724,-0.7772612440795411,-0.5728214366169448,-0.465378755558189,-0.3192014172508132,-0.3046797639723404,-0.5554179105937436,-0.7893398091962072,-0.2884814614836766,-0.2423706876803585,0.0083416053256757,-0.1115000428640435,0.2943303182203099,-0.8132856736849808,1.6399593258266876,0.1731543658993203,-2.023452599731728,-0.4574996868130692,1.4408790998773944,1.533138281303477,-2.0454943119733926,2.312964498890618,-2.192672738396701,-2.0999654407637776,2.295689878052648,-0.4382904078504471,-2.5036837505892726,-0.2945606034856603,0.0747588625044225,-0.663545296365342,-0.23096826730217923,0.565308159887878,0.43235415210190714,-0.6783215760128455,0.6199623039619842,1.8218641551347117,1,6,9,0,0,0,0,0,0,0,0,0,0,1,1,1,1,0,0,0,0,0,0,0,0,0,0,0,0,0,0,0,0,0,0,0,0,0,0,0,True
NL_019,52.1306,5.667,-0.3057394900395646,-1.875023754453449,-1.9130485759917453,2.170872956968599,-0.2712467610623101,-0.1824326712613506,-0.2146171075932227,-0.7620672849795495,-0.1558652495639385,0.042804766000101,-0.151879296161675,-0.6618408156839529,2.78336701824014,-0.5119150672184424,-0.8964193227607716,-0.7705833552436495,-0.2245639003546827,-0.314525560993038,-0.6287871236214091,-0.415961257396753,-0.7767910164727324,-0.9819421003211934,-0.7149552231343153,1.111751090149597,0.5785831885922996,0.5069966181589836,-0.082106920562449,-0.4474090571683783,-1.4843178642937225,0.9116065149450576,-1.0609283818760915,-0.5728214366169448,-0.1591896513619691,-0.4357460988806527,-0.7984112979996244,-0.2038041999584159,-0.2322355141106196,0.6272187431805728,0.6858112283690864,-0.4771165697660958,-0.9699794335028248,0.2943303182203099,-1.3624907878985109,2.1907556046933245,2.7408596708511066,-0.8943979992994296,-0.3970209639378307,0.7961079218804635,-0.5751000772242914,-1.9935649264854496,2.3009814768843277,-2.2070716947704483,-2.1580123142623817,-0.3208157530265881,3.438393064280165,-0.163896693103296,-1.630652173979357,0.1896879288579031,-1.766410625102114,-0.24247847059255012,0.5369996659583639,0.48308856858678734,-0.936045409035209,0.08082211631812002,1.1043175174035578,1,6,9,0,0,0,0,0,0,0,0,0,0,0,0,0,0,0,0,0,0,0,0,0,0,0,0,0,0,0,0,0,0,0,0,0,0,0,0,0,True
NL_020,52.1301,6.071,-1.8511761546964949,-1.427079758488486,0.2071802632954952,0.5885592367432804,-0.3114862907739715,0.361138043630255,-0.2059469399031349,-0.3353009947218415,-0.3354709082010734,-0.5717469735694742,0.1998716892637872,-0.6618408156839529,1.0948512281970575,0.1106903452665955,-0.6952514507764656,-0.6217679662036564,-0.4538019361775125,-0.5459810861236115,-0.6677260346901632,-0.5773113578159389,0.3858260177769354,-0.9819421003211934,-0.7149552231343153,0.2281390813615703,-0.9535155756664,0.4539557792539344,1.576276370944972,-0.6244082911348772,-0.1097530191262787,1.5796143942236125,-0.2099269684864401,-0.1429536801399053,-0.465378755558189,-0.4940184396955724,-1.0452770650132663,0.1478095106769117,-0.2322355141106196,-0.4079206186137961,-0.2423706876803585,-0.8890204759045688,-1.1622104468020582,-0.994685536959921,0.4147851213354928,2.945107030097631,2.794400929794221,-0.6539511862444032,1.2323341847384277,0.081252920188214,-0.2396894732260477,-0.0694655426716673,0.8008304779847005,-1.1559175836114255,-0.7100827781932035,-0.9903351956514752,1.2314172347552377,-0.1447169011258732,-0.5044051061424323,0.2422725040625489,-1.130044076422542,-0.23302730856984222,0.46582699349285217,1.0379182721988667,-0.9692420116763912,-0.6250411975656452,0.8451738717867953,2,6,9,0,0,0,0,0,0,0,0,0,0,0,0,0,0,0,0,0,0,0,0,0,0,0,0,0,0,0,0,0,0,0,0,0,0,0,0,0,True
NL_021,52.1256,6.072,-0.4989190731216809,-1.4981618769504998,-0.0054332136246735,0.7628936122727443,-0.2526746704261589,0.6006776807011298,-0.197276772213047,-0.4140886175386492,-0.3698072841169962,-0.3711641141266267,-0.6339084243373084,-0.6618408156839529,1.6696651141691703,-0.4262778915234743,-0.9277121028472192,-0.5969654013636572,-0.4907645305993721,-0.5833012309738839,-0.7298088897290474,0.1271430899741651,-0.0857605657227002,-0.9819421003211934,-0.7149552231343153,-1.0535879090813047,0.3847773971101847,0.5774466783419487,0.248345538585449,0.6161862521714412,-0.751137898368003,1.114210257956364,-0.2099269684864401,-0.5728214366169448,-0.1591896513619691,-0.3192014172508132,-0.3046797639723404,-0.2038041999584159,-0.2322355141106196,-0.2884814614836766,-0.2423706876803585,0.7953722831259722,1.142996901785056,-0.994685536959921,1.3792127642826923,3.064845351590378,3.166762943123812,-0.8525811622463816,-0.3531783688107534,1.4268623351383307,1.4773293960903822,-0.5209594716288165,0.9968933135345618,-1.1685823816313348,-1.2074760920419048,-0.9051695347140212,1.4068584008727152,0.0141666073584579,-0.544616933430791,0.2422725040625489,-1.067587938713707,-0.23302730856984222,0.46582699349285217,0.08153714486115766,-0.9682724307925736,-0.7495431976256446,0.6017433252796276,2,6,9,0,0,0,0,0,0,0,0,0,0,1,1,1,1,0,0,0,0,0,0,0,0,0,0,0,0,0,0,0,0,0,0,0,0,0,0,0,True
NL_022,52.1905,5.738,0.2737992592067841,-1.223332127173092,-1.5068433184992434,1.5280357352356682,-0.2700086216865668,0.9968393881645043,-0.2406276106634864,-0.7620672849795495,-0.7369423804487866,-1.1649601110706616,-0.6339084243373084,-0.6618408156839529,-0.8092197690855676,-0.8799234708806024,-1.707796406430806,0.0892388925429782,-0.1869128182687139,-0.2765102685278844,-0.6206424646658686,0.4053159684330681,-0.2502318893468166,0.7667134067087439,1.3994670348344245,1.0276523395272843,0.3305548084900001,0.54624667355614,0.5214068963853673,-0.1435791791990051,0.169814864205541,1.5073579090849472,-1.0609283818760915,-0.5728214366169448,-0.465378755558189,-0.1152482243985941,0.1890517700549435,4.015560327665516,1.4390773711461429,2.060488628742007,0.6858112283690864,-0.4182731546034569,-0.9538498431571156,-0.994685536959921,-1.4936949326656557,1.292718193497721,-0.3989635625239852,-0.6853138140341892,-0.3486354262333709,1.1044767461398652,0.589880546631939,-2.028403834584217,2.609098113217136,-2.647651708070556,-2.309889229180893,3.8539294427786617,0.1953284293399371,-1.7013530141393751,-1.835430136857284,0.0241439230933931,-2.8472177750255407,-0.26544283637290733,0.5125023025263883,-0.8772240754859936,-0.8926451218548038,0.4146808456070264,-1.3500600600985433,1,6,9,0,0,0,0,0,0,0,0,0,0,0,0,0,0,0,0,0,0,0,0,0,0,0,0,0,0,0,0,0,0,0,0,0,0,0,0,0,True
NL_023,52.1883,5.737,0.0806196761246679,-1.9117521541932867,-2.106333555010081,2.312659213872366,-0.2607225763684911,0.6375299325581898,-0.2695281696304459,-0.5913607688764664,-0.4596101134355636,-0.1876521363384898,-0.6339084243373084,-0.6618408156839529,1.7135745082364848,-0.5142295854804685,-0.9210065071144088,-0.390277361030333,-0.3375008115549197,-0.4285549453168437,-0.813476612032384,0.2335202148352727,-0.1065194802279486,0.3666589181073945,1.3484672137483449,1.2156074869352276,-0.9762149520615182,0.2776060607751833,-0.1117256998751038,-0.509027961040822,0.008699777075614,1.4537574460686866,-0.7772612440795411,-0.1429536801399053,-1.3839460681468485,-0.3192014172508132,-0.3046797639723404,1.3784574979005586,1.4390773711461429,2.14011473349542,2.078084102443253,-0.5506708387193946,-0.9325443394915148,0.2943303182203099,0.0020323176797931,3.2684004981280483,3.1503820480364,-0.2148743971873982,1.5257058990665788,0.3896217444476157,0.5085158095594954,-2.080897256383722,2.62929616294765,-2.645226915962731,-2.437130160229785,3.2851541234755564,0.6153188542311743,-1.5328170174555038,-1.8009264428565082,0.0241439230933931,-2.636931380006488,-0.26544283637290733,0.5125023025263883,-0.3471957822595698,-0.9025717832843646,-0.7460618933568055,0.01422000128604431,1,6,9,0,0,0,1,0,1,0,0,0,0,0,0,0,0,0,0,1,1,0,0,0,0,0,0,0,0,0,0,0,0,0,0,0,0,0,0,0,True
NL_024,52.1876,5.737,-0.3057394900395646,-1.1494795475238058,-1.7494466473226542,1.6339953039003463,-0.389798606289743,0.7112344362723038,-0.2695281696304459,-0.4009573470691812,-0.1558652495639385,-0.247400222129976,-0.6339084243373084,-0.4401099803581664,0.9271971781218574,0.9624330656922236,-0.413616429998437,0.2463218031963049,-0.5735359396128807,-0.6668733130249864,-0.8587000568013933,0.0803146821247447,-0.0926089247850967,-0.9819421003211934,1.226920133680045,1.6362185412716028,-1.1499120195282233,0.2076042876409572,-0.032141294768459,0.3150060152173357,-0.2453924764946688,2.334222919372264,-0.2099269684864401,-0.1429536801399053,0.1469994528342507,-0.3192014172508132,-0.3046797639723404,0.3236163659945755,0.8819730760605554,0.2290882194135078,1.6139931444185314,-0.0946343712089424,-0.2516108127327397,0.2943303182203099,-0.1569562342145115,2.346415422633896,-0.1363383787846019,-2.2220825757337064,-0.0924390589116875,-0.8018032583728,1.3354585923104465,-2.080897256383722,2.62929616294765,-2.645226915962731,-2.437130160229785,3.2851541234755564,0.6153188542311743,-1.5328170174555038,-1.7287763781664218,0.0241439230933931,-2.649349395552512,-0.26544283637290733,0.5125023025263883,-0.3466362210876973,-0.9048803091982159,-0.6858567782999624,0.4109853707625664,1,6,9,0,0,0,0,0,0,0,0,0,0,1,1,0,0,0,0,0,0,0,0,0,0,0,0,0,0,0,0,0,0,0,0,0,0,0,0,0,True
NL_051,52.0259,6.034,0.4669788422889004,-2.1661596472188016,-2.29102809051649,2.5797913641113,-0.2607225763684911,0.1285082037825759,-0.3049313543649713,-0.7620672849795495,-0.7369423804487866,-0.260203383371009,-0.373352138836966,-0.6618408156839529,1.4700769593177423,-0.7132781560147187,-1.6250940590594802,-2.324877418550247,-0.5600884613447159,-0.6532957532057005,-0.9316029179830568,-1.2084718855625265,-0.5481232091979339,1.0510945545522856,-0.2897012012384929,-1.0535879090813047,-0.0001223310417102,-0.096130144099303,0.4270505423348252,1.2143550361810205,0.5731550108959397,-0.9896744983567816,-0.8481780285286786,-0.1429536801399053,-1.6901351723430684,-0.1152482243985941,0.1890517700549435,3.4881397617125245,0.3248687809749678,-0.4875467233672091,-1.1705526037298035,1.1999207623691153,1.541000562069286,-0.994685536959921,-1.9925793984155515,-0.964349166640562,-0.3690077590076536,-0.7689474881402854,-0.3763857670194384,-0.3988212721247182,0.1729061724470824,-1.8579073466111968,1.9159550555056843,-1.7139569502846277,-1.875531185503688,2.2490746562258823,0.4163352568912228,-1.9549955349839945,-1.6037161029372229,-0.9629302433101338,-1.8159881071960116,-0.22272109656774583,0.37579064100450216,-0.20169711412451954,-0.6747664461055143,0.7673320183187181,0.6300758995535187,1,6,9,0,0,0,1,0,0,0,0,0,0,0,0,0,0,0,0,0,0,0,0,0,0,0,0,0,0,0,0,0,0,0,0,0,0,0,0,0,True
NL_052,52.0266,6.034,0.4669788422889004,-2.063177647086196,-2.1937719978993275,2.4577240403895244,-0.2607225763684911,0.3358021204785267,-0.2507428063019222,-0.5454013222333286,-0.5863905783558941,-1.1222829069338855,-0.3082130674618805,-0.6618408156839529,-0.7852691905033963,-0.4818263298121022,-1.5982716761282394,-2.2670047672569167,0.1400710348763323,0.053636598972748,-0.6502184494683773,0.0538491699326317,-1.1998396121339083,0.3666589181073945,0.4604139818161906,-0.1813957330675363,0.9665526886071488,0.3924285566585354,0.0875653848962011,1.2984249765516975,1.8233180748531823,-0.156883237805045,-1.0609283818760915,-1.8624247060480632,-1.6901351723430684,-0.2900652468433534,-0.0578139969586984,0.6752300766299032,1.4390773711461429,-0.0894161996001441,0.2217202703443639,1.8692646098441337,1.6078059549190509,-0.994685536959921,-0.7486097482056472,-0.916453838043463,-0.9733186965263584,-1.1871158586707662,-0.4346314096700199,-0.1815614186692306,1.076675737267415,-1.8579073466111968,1.9159550555056843,-1.7139569502846277,-1.875531185503688,2.2490746562258823,0.4163352568912228,-1.9549955349839945,-1.6037161029372229,-0.9629302433101338,-1.8159881071960116,-0.22272109656774583,0.37579064100450216,-0.773513516888327,-0.6708881225702442,1.8438304937911165,1.06522407188015,1,6,9,0,0,0,1,0,0,0,0,0,0,0,0,0,0,0,0,0,0,0,0,0,0,0,0,0,0,0,0,0,0,0,0,0,0,0,0,0,True
NL_053,52.0,6.034,0.4669788422889004,-2.021699885311034,-1.9555405912203796,2.2852427694241517,-0.2607225763684911,0.356531512148122,-0.2745857674496638,-0.5716638631722644,-0.620726954271817,-1.09667658445182,-0.6339084243373084,-0.6618408156839529,-0.7413597964360819,-0.5558909141969395,-1.707796406430806,-2.4240876779102427,-0.4132346468543113,-0.505021377060835,-0.815648761412215,-0.5211546786880162,-1.1998396121339083,-0.9819421003211934,-0.7149552231343153,-1.0535879090813047,-1.34212079680906,0.0732118496269206,0.2625354850008585,0.3651663627729191,0.2953520692747296,-0.7017346941740403,-1.0609283818760915,-1.8624247060480632,-1.6901351723430684,-0.4648822692881125,-0.7984112979996244,-0.0279973446407521,-0.2322355141106196,-0.4875467233672091,-1.1705526037298035,1.2403756102934296,1.6392225450700213,-0.994685536959921,-1.7141178958744585,-1.251721138223155,-0.5113547038181712,-0.7846288020351785,-0.1819478247074674,0.4071427003714454,0.4865027471323616,-0.9919707047314932,1.137931728862665,-1.0865192704782325,-1.5449682956298625,0.3926265068877666,1.7616501227623964,0.4240903392964151,-1.55837382116872,0.1458770518697083,-1.518463839353782,-0.19811004248790245,0.3910141858743598,-2.092527631189317,-0.3796444932787591,-0.2770922604777408,0.021821448342734646,2,6,9,0,0,0,1,0,0,0,0,0,0,0,0,0,0,0,0,0,0,0,0,0,0,0,0,0,0,0,0,0,0,0,0,0,0,0,0,0,True
NL_054,52.0039,5.804,0.4669788422889004,-2.1739169385431643,-2.0990470181026435,2.4655165826590344,-0.2607225763684911,0.8471271149952059,-0.2875910189847956,-0.4075229823039151,-0.4992290087231669,-1.1009443048654977,-0.1909627389867264,-0.6618408156839529,-0.7693021381152818,-0.111503407887916,-1.468630158627242,-2.324877418550247,-0.117331151189103,-0.2062555167997762,-0.7340395320300668,-0.4822238862316856,-1.1998396121339083,0.2158991664986321,1.0962797073278476,-1.0535879090813047,-0.0188667233342541,0.1440444925959635,-0.0746439137604984,0.5898234391686031,-1.5222842448124905,-0.2929115040305844,-1.0609283818760915,-1.8624247060480632,-1.6901351723430684,-0.4648822692881125,-0.7984112979996244,-0.5554179105937436,-0.7893398091962072,-0.4875467233672091,-1.1705526037298035,1.111655639625157,1.0742655876999825,0.2943303182203099,-1.151792367184214,-0.8446108451478148,0.8507622251864669,-0.596453035296462,-0.3362863006356973,-0.3953170809399522,0.8295562227147095,-1.914497265247528,2.229823706926419,-2.149604907263613,-2.14619806382726,1.9376023057785063,1.4204168378596218,-1.271027018888479,-1.846204657017728,0.0241439230933931,-2.686518320109405,-0.251102435976967,0.41707245691429845,0.5010896717914124,-0.889367015057135,0.8844919311766635,-0.13084119979033784,1,6,9,0,0,0,1,0,0,0,0,0,0,0,0,0,0,0,0,0,0,0,0,0,0,0,0,0,0,0,0,0,0,0,0,0,0,0,0,0,True
NL_055,51.966,5.804,0.4669788422889004,-2.1229404526973545,-2.1358632045823267,2.457771555891168,-0.2607225763684911,0.3288923232553285,-0.3201041478226251,-0.4731793346512548,-0.6180856945859767,-0.9345032087320708,-0.6339084243373084,-0.6618408156839529,-0.6255986666222536,-0.2897213140639307,-1.5200397259121203,-2.308342375323581,-0.5343115465774556,-0.6272694904945973,-0.8750573254065444,-1.2084718855625265,-1.1998396121339083,1.3376987501055635,1.9912263442033271,-1.0535879090813047,-0.5770865357021131,0.083323600110879,-0.1932461395469619,0.8644885725041341,0.2215771556918307,-1.042015597714604,-1.0609283818760915,-1.8624247060480632,-1.3839460681468485,1.399832636789319,0.4359175370685855,2.9607191957595327,3.1103902564029053,-0.2884814614836766,-0.2423706876803585,1.383806434752362,1.1508811418421,-0.3501776093698055,-1.5307408088352024,-0.7847416844014412,1.3062800323278487,-0.7062222325607133,-0.3196501728875361,-0.0203686241699978,1.7282703464351397,-0.5476903893826044,1.3863987385360823,-1.7363343815693844,-1.2033547982320365,-0.1671032638935006,1.8067224759051004,1.0411900929517748,-1.1760746103033848,0.0241439230933931,-0.6809932212266077,-0.21310346248727602,0.44659810645622094,-0.4416998336136437,-0.9661485869518305,-0.5767154146110018,1.7319638077164807,2,6,2,0,0,0,1,0,0,0,0,0,0,0,0,1,1,0,0,0,0,0,0,0,0,0,0,0,0,0,0,0,0,0,0,0,0,0,0,0,True
NL_056,52.1883,5.804,0.4669788422889004,-2.1462914827043638,-2.1315679828263634,2.4690802452822864,-0.2297690919749055,0.1146886093361789,-0.2810883932172298,-0.5847951336417323,-0.7369423804487866,-1.062534821142399,-0.1127958533366236,-0.6618408156839529,-0.7413597964360819,-0.4262778915234743,-1.5490973074209649,-2.3000748537102487,-0.358866148392239,-0.4501269555616674,-0.7731862789134065,-0.5211546786880162,-1.1998396121339083,1.975766331023531,1.358432780820395,-1.0535879090813047,-0.3241281662206325,0.3526523565140529,0.66071950577241,1.190642946499797,0.5078409049706242,-0.6726443974949332,-1.0609283818760915,-1.8624247060480632,-1.6901351723430684,-0.3192014172508132,-0.3046797639723404,0.851036931947567,0.8819730760605554,-0.2884814614836766,-0.2423706876803585,1.453682990257996,1.3371538363195978,-0.994685536959921,-1.6239729305285615,-1.185865061402144,0.4506816139196127,-0.8525811622463816,-0.3536838511538706,0.428167847480041,0.3986097239151623,-2.170144902766467,2.6055125920133317,-2.5538955110518144,-2.529325701280519,3.45712186122527,0.2316258648739332,-1.7443192449403568,-1.9102097257537016,0.0747588625044225,-2.8825718127405744,-0.262596672448468,0.487682405325634,0.24362626509724772,-0.7705241010120679,0.14292462469684225,0.04013213876241954,1,3,9,0,0,0,0,0,0,0,0,0,0,1,1,1,1,0,0,0,0,0,0,0,0,0,0,0,0,0,0,0,0,0,0,0,0,0,0,0,True
NL_057,52.1876,5.804,0.4669788422889004,-1.7002472315535304,-1.1581633523812462,1.598311162166188,-0.2700086216865668,-0.6177498963228475,-0.2572454320694881,-0.2959071833134377,-0.7369423804487866,-1.0881411436244646,-0.2300461818117777,-0.6618408156839529,-0.7293845071449963,-0.0466968965511835,-1.477570952937656,-2.2504697240302507,0.0724635487867706,-0.0146248749115917,-0.6197614353014322,-0.7502604143135141,-1.1998396121339083,1.3835322148713118,0.9726389940529084,-1.0535879090813047,1.7154222670610488,0.2747547292501424,0.1261702180391791,0.6374682173523674,0.008699777075614,-1.6281185943586451,-1.0609283818760915,-1.8624247060480632,-1.6901351723430684,-0.4066099284731928,-0.3046797639723404,-0.3796110552760798,-0.2322355141106196,-0.2884814614836766,-0.2423706876803585,1.3654178675140374,1.087024815883901,0.2943303182203099,0.5320970625390574,-0.6769771950579688,-0.1456663884871558,-0.0319257350803128,-0.4111424769917506,0.1583451262530645,-0.027161913915981,-2.1409293739889037,2.549902051811704,-2.488672418387486,-2.1388684685653425,2.2851625030014038,1.627710951754617,-0.918532164901662,-1.940095964850552,0.0747588625044225,-2.787989095320466,-0.262596672448468,0.487682405325634,0.1872910154830182,-0.7794811815578111,-0.05036200804936666,0.82316925670206,1,3,9,0,0,0,0,0,1,0,0,0,0,0,0,1,1,0,0,0,0,0,0,0,0,0,0,0,0,0,0,0,0,0,0,0,0,0,0,0,True
NL_058,52.0259,5.865,0.4669788422889004,-1.6999306074178422,-1.087138792630858,1.5459490793552122,-0.2588653673048759,-0.3897265879573014,-0.2225647613091367,-0.3812604413649793,-0.6075206558426159,-1.062534821142399,-0.0216011534115038,-0.6618408156839529,-0.7174092178539105,-0.0536404513372619,-1.490982144403276,-2.366215026616912,0.387554013846784,0.3035135561403418,-0.3952588125310183,-0.1220751254164291,-1.1998396121339083,0.7302446641312716,1.785427590327885,-1.0535879090813047,1.03005256748027,0.4481155413920328,-0.960271120346428,-0.1156685685045335,-1.026030167340043,-0.637033685796113,-1.0609283818760915,-1.8624247060480632,-1.6901351723430684,-0.3774737580657329,-0.3046797639723404,0.1478095106769117,0.8819730760605554,-0.2884814614836766,-0.2423706876803585,0.2142935583949122,0.732775678664337,-0.994685536959921,-1.3745306976536136,-0.3776313913261011,-0.420880593451124,-0.4344127917159007,-0.4156534270157713,0.66995703922889,0.7567101029287154,-1.944978986512735,2.319920163238639,-2.265781174206676,-2.165841896428958,3.054498532875675,0.6458062492487306,-1.7618128936741126,-1.814715045772968,0.0241439230933931,-2.686518320109405,-0.251102435976967,0.41707245691429845,0.67740655582118,-0.8300378990711554,-0.1520787891744523,-1.0970004065993344,0,6,9,0,0,0,0,0,0,0,0,0,0,0,0,1,1,0,0,0,0,0,0,0,0,0,0,0,0,0,0,0,0,0,0,0,0,0,0,0,True
NL_059,52.0266,5.865,0.4669788422889004,-1.5468428378125696,-0.9152532220038384,1.3557445262768684,-0.2814614109121934,-0.3759069935109049,-0.2550778901469661,-0.2762102776092358,-0.6286507333293375,-1.0027867353509126,-0.0085733391364867,-0.6618408156839529,-0.6934586392717392,0.05977094350202,-1.4596893643168287,-2.4406227211369087,0.5867237442794034,0.5046099160089326,-0.364905845299681,0.1661625281884773,-0.7013645387543649,1.9409768401745484,0.4045101593057526,-1.0535879090813047,-0.3429599282146257,0.2786675360125632,1.0401670624270072,0.9125459194423176,0.1873740168812057,-0.2911518425969388,-1.0609283818760915,-1.4325569495710238,-1.3839460681468485,-0.1152482243985941,1.1765148381095116,2.784912340441869,0.3248687809749678,-0.2884814614836766,-0.2423706876803585,1.8398429022628144,1.560199589383768,-0.3501776093698055,-1.0025283577844153,-0.2459192376840792,1.0405834307595758,-0.3925959546628526,-0.2690827430437982,0.964309098749228,1.1054559255763077,-1.944978986512735,2.319920163238639,-2.265781174206676,-2.165841896428958,3.054498532875675,0.6458062492487306,-1.7618128936741126,-1.834532272919412,0.0241439230933931,-2.686518320109405,-0.251102435976967,0.41707245691429845,0.7319160521872159,-0.8172948360266961,-0.4835286538981903,-0.4414578482692034,0,6,9,0,0,0,0,0,0,0,0,0,0,0,0,1,1,0,0,0,0,0,0,0,0,0,0,0,0,0,0,0,0,0,0,0,0,0,0,0,True
RO_001,44.461,26.519,0.4669788422889004,0.2610018209334604,1.298396690475598,-1.1008069086845145,-0.3743218640929502,0.6375299325581898,-0.2695281696304459,-0.236816466200832,0.1082607190200832,-0.1108331688922927,-0.6339084243373084,0.0436663876253677,0.4042762124111156,-0.3498987888766109,-0.3018565011182669,-0.3324047097370028,-0.482193834296964,-0.5746476277169544,-0.568855686243609,1.376789731616706,0.019043545714268,-0.9819421003211934,-0.7149552231343153,-1.0535879090813047,0.4352509011593491,0.1348332636020552,-1.4652865802788688,1.4465882789992688,-1.3032862284927238,1.480395565614788,-0.2099269684864401,-0.1429536801399053,-0.1591896513619691,-0.3192014172508132,-0.3046797639723404,-0.5554179105937436,-0.7893398091962072,-0.4875467233672091,-1.1705526037298035,2.5165421766331626,1.5103663774201594,0.2943303182203099,0.0390781938493398,1.2328490327513475,-0.2394773478534905,-0.0057902119221577,-0.1280659663354421,0.6839738039679538,0.5141683500019059,-0.2852600598604043,0.3056725797889835,-0.2784267241526202,-0.16077593041394,-0.8835604941545225,-0.8071957742113546,1.815811012893762,-0.6875702669041559,-0.3065200133391933,0.949876495369736,0.25144186729520807,-0.9675000761061776,-1.0372191199834897,-0.7156735252989601,-0.7886624982010829,-0.25801485665421264,7,7,8,0,0,0,0,0,0,0,0,0,1,1,1,0,0,0,0,0,0,0,0,0,0,0,0,0,0,0,0,0,0,0,0,0,0,0,0,0,False
RO_004,44.461,26.519,0.4669788422889004,0.2610018209334604,1.298396690475598,-1.1008069086845145,-0.3743218640929502,0.6375299325581898,-0.2695281696304459,-0.236816466200832,0.1082607190200832,-0.1108331688922927,-0.6339084243373084,0.0436663876253677,0.4042762124111156,-0.3498987888766109,-0.3018565011182669,-0.3324047097370028,-0.482193834296964,-0.5746476277169544,-0.568855686243609,1.376789731616706,0.019043545714268,-0.9819421003211934,-0.7149552231343153,-1.0535879090813047,0.4352509011593491,0.1348332636020552,-1.4652865802788688,1.4465882789992688,-1.3032862284927238,1.480395565614788,-0.2099269684864401,-0.1429536801399053,-0.1591896513619691,-0.3192014172508132,-0.3046797639723404,-0.5554179105937436,-0.7893398091962072,-0.4875467233672091,-1.1705526037298035,2.5165421766331626,1.5103663774201594,0.2943303182203099,0.0390781938493398,1.2328490327513475,-0.2394773478534905,-0.0057902119221577,-0.1280659663354421,0.6839738039679538,0.5141683500019059,-0.2852600598604043,0.3056725797889835,-0.2784267241526202,-0.16077593041394,-0.8835604941545225,-0.8071957742113546,1.815811012893762,-0.6875702669041559,-0.3065200133391933,0.949876495369736,0.25144186729520807,-0.9675000761061776,-1.0372191199834897,-0.7156735252989601,-0.7886624982010829,-0.25801485665421264,7,7,8,0,0,0,0,0,0,0,0,0,1,1,1,0,0,0,0,0,0,0,0,0,0,0,0,0,0,0,0,0,0,0,0,0,0,0,0,0,False
RO_002,44.459,26.522,-1.4648169885322622,0.3725326727296498,1.130116038108047,-1.0635072398944816,-0.3557497734567988,1.0336916400215614,-0.2868685050106217,-0.2959071833134377,-0.0502148621303298,0.2561907866839814,0.173816060713753,0.225082525619193,0.4841114743516869,-0.3128664966841923,-0.2504469338333886,-0.1257166694036786,-0.4793604472638105,-0.5717868324684576,-0.5424332677316713,-0.1018686129482105,-1.1998396121339083,0.5095139267821687,-0.7149552231343153,0.2281390813615703,0.134919205195526,0.2047463971185212,-0.4454803980572611,1.4256802690275263,-1.7861629615413144,0.1756612774188293,-0.2099269684864401,-0.1429536801399053,-0.1591896513619691,0.0012964572312453,0.1890517700549435,-0.5554179105937436,-0.7893398091962072,-0.4079206186137961,-0.2423706876803585,1.8324874753674845,1.0841359340309384,0.2943303182203099,-0.2412356025002303,-0.275853818057266,-0.3081861022479119,0.3287444845022269,4.117512226059345,-0.058914727202423,-0.2782222841292402,0.7049124757924369,-0.7356842644825539,0.6666581607441525,0.7038326299790407,-0.7452658219829147,-0.3205898774748739,1.306294331598326,-0.557956757284299,-0.3065200133391933,1.1904668767323343,0.25144186729520807,-0.9675000761061776,-1.313203885435288,-0.7159967189268993,-0.7951796317849288,1.345133263305128,7,7,8,0,0,0,0,0,0,0,1,1,1,0,0,0,0,0,0,0,0,0,0,0,0,0,0,0,0,0,0,0,0,0,0,0,0,0,0,0,True
RO_003,44.458,26.525,-0.6920986562037972,0.394142269990373,1.15765147757931,-1.093537036933081,-0.4021800000471773,0.4716947992014289,-0.2868685050106217,-0.0923724910366847,-0.0238022652719276,0.260458507097659,-0.0085733391364867,0.0638237362913483,0.667732576815001,-0.3614713801867418,-0.2549173309885955,-0.2249269287636743,-0.4818409667198856,-0.574291346744379,-0.5436934694319004,0.1085457779502658,1.0899201973258477,0.4044159954120673,-0.7149552231343153,-1.0535879090813047,0.4183367552170632,0.4832817759384553,-1.5568767206030882,-1.2983996980496968,-2.124755237744678,-0.6885354256723103,0.6410744449032111,-0.1429536801399053,-0.1591896513619691,-0.3774737580657329,-0.3046797639723404,-0.5554179105937436,-0.7893398091962072,-0.4875467233672091,-1.1705526037298035,-1.756960849553494,0.8195625043304281,-2.283701392140152,-1.2951907795238344,-0.6590164468340568,0.2583956903356664,-0.0162444211854198,0.2786233720003769,1.46190424698599,-0.019718075446046,0.7049124757924369,-0.7356842644825539,0.6666581607441525,0.7038326299790407,-0.7452658219829147,-0.3205898774748739,1.306294331598326,-0.6203586067783478,-0.3065200133391933,0.996708702771555,0.25144186729520807,-0.9675000761061776,-0.13542726056301654,-0.7147962854516966,-0.6930998710678314,-0.8214988194472064,7,7,8,0,0,0,0,0,0,0,0,0,1,0,0,0,0,0,0,0,0,0,0,0,0,0,0,0,0,0,0,0,0,0,0,0,0,0,0,0,False
RO_001,44.461,26.519,-3.396612819353425,0.377044566663207,1.265415523420882,-1.1500329683870285,-0.4433481342906461,0.9599871363074453,-0.2839784491139256,-0.1514632081492903,0.0554355253032788,-0.1236363301333255,0.1607882464387358,0.2452398742851736,0.072959875357745,-0.3059229418981138,-0.1655093878844594,-0.1753217990836761,-0.5313328369215778,-0.6242619668734058,-0.6521564688633362,-0.1775648486011088,-1.1998396121339083,2.1061726248044543,2.157968410722956,0.2281390813615703,1.0882055983014527,0.2162659706770329,-1.7729059253186792,1.167681195753539,1.263487783494634,0.19204984001539,-0.2099269684864401,-0.1429536801399053,-0.1591896513619691,0.729700717417742,2.6577094401913635,0.4994232213122394,1.9961816662317304,0.9457231621942248,-0.2423706876803585,2.08992741670403,0.5204428624715707,1.583346173400541,-0.1822709162637018,-0.6829641111326061,-0.0565573527107264,-0.9153064178259536,-0.4303316104981874,0.3615882149694883,0.2089311661117406,-0.2852600598604043,0.3056725797889835,-0.2784267241526202,-0.16077593041394,-0.8835604941545225,-0.8071957742113546,1.815811012893762,-0.6875702669041559,-0.3065200133391933,0.949876495369736,0.25144186729520807,-0.9675000761061776,-1.0372191199834897,-0.7156735252989601,-0.7886624982010829,-0.25801485665421264,7,7,8,0,0,0,0,0,0,0,1,1,1,0,0,0,0,0,0,0,0,0,0,0,0,0,0,0,0,0,0,0,0,0,0,0,0,0,0,0,True
RO_004,44.461,26.519,-3.396612819353425,0.377044566663207,1.265415523420882,-1.1500329683870285,-0.4433481342906461,0.9599871363074453,-0.2839784491139256,-0.1514632081492903,0.0554355253032788,-0.1236363301333255,0.1607882464387358,0.2452398742851736,0.072959875357745,-0.3059229418981138,-0.1655093878844594,-0.1753217990836761,-0.5313328369215778,-0.6242619668734058,-0.6521564688633362,-0.1775648486011088,-1.1998396121339083,2.1061726248044543,2.157968410722956,0.2281390813615703,1.0882055983014527,0.2162659706770329,-1.7729059253186792,1.167681195753539,1.263487783494634,0.19204984001539,-0.2099269684864401,-0.1429536801399053,-0.1591896513619691,0.729700717417742,2.6577094401913635,0.4994232213122394,1.9961816662317304,0.9457231621942248,-0.2423706876803585,2.08992741670403,0.5204428624715707,1.583346173400541,-0.1822709162637018,-0.6829641111326061,-0.0565573527107264,-0.9153064178259536,-0.4303316104981874,0.3615882149694883,0.2089311661117406,-0.2852600598604043,0.3056725797889835,-0.2784267241526202,-0.16077593041394,-0.8835604941545225,-0.8071957742113546,1.815811012893762,-0.6875702669041559,-0.3065200133391933,0.949876495369736,0.25144186729520807,-0.9675000761061776,-1.0372191199834897,-0.7156735252989601,-0.7886624982010829,-0.25801485665421264,7,7,8,0,0,0,0,0,0,0,1,1,1,0,0,0,0,0,0,0,0,0,0,0,0,0,0,0,0,0,0,0,0,0,0,0,0,0,0,0,True
RO_005,44.459,26.521,-3.396612819353425,0.1454340114072468,1.32485832450787,-1.0478271243521748,-0.389798606289743,0.3150727288089315,-0.3099889521841892,-0.2827759128439698,0.1082607190200832,0.3756869582669545,0.2259273178138214,0.2452398742851736,0.0649763491636878,-0.2989793871120353,-0.2772693167646295,0.1884491519029739,-0.4746305179684218,-0.5670111491270562,-0.5385350318734539,-0.1536896978644583,0.4111055698496541,-0.9819421003211934,-0.7149552231343153,-1.0535879090813047,0.1830563000903284,0.1183326553502107,-1.8584805543246508,-0.3616462264955515,-1.4939961438145417,-0.3415026721779457,-0.2099269684864401,-0.5728214366169448,-0.1591896513619691,-0.4648822692881125,-0.7984112979996244,-0.5554179105937436,-0.7893398091962072,-0.4875467233672091,-1.1705526037298035,-0.9699301717531974,0.8604883305807345,0.2943303182203099,0.4246640216473719,-1.14994356495432,-0.4052580731362776,1.332348573775381,2.009535682068487,0.4737223328819981,1.4041648233217172,0.7049124757924369,-0.7356842644825539,0.6666581607441525,0.7038326299790407,-0.7452658219829147,-0.3205898774748739,1.306294331598326,-0.557956757284299,-0.3065200133391933,1.1904668767323343,0.25144186729520807,-0.9675000761061776,-1.4062014147851527,-0.7182590743224736,-0.7545259174796227,-1.02851247203809,7,7,8,0,0,0,0,0,0,0,0,0,1,0,0,0,0,0,0,0,0,0,0,0,0,0,0,0,0,0,0,0,0,0,0,0,0,0,0,0,True
RO_006,44.459,26.525,-3.396612819353425,0.2042469446113403,1.2683301381838572,-1.048112217362035,-0.3938225592609091,0.0294677769167338,-0.3157690639775812,-0.1711601138534923,0.0290229284448766,0.4909154094362499,0.069593546513616,0.2049251769532124,0.5599549731952296,-0.3498987888766109,-0.0984534305563574,-0.0761115397236804,-0.4704832915428518,-0.5628238053177261,-0.563614326434003,0.9007725248087732,-1.1998396121339083,-0.133217524441699,-0.7149552231343153,-1.0535879090813047,0.6026256731425103,0.2013556677985749,1.3941231359279098,-1.7394269090553085,-0.3112653562689544,-1.1731883473578189,-0.2099269684864401,-0.1429536801399053,-0.1591896513619691,-0.4066099284731928,-0.5515455309859825,-0.5554179105937436,-0.7893398091962072,-0.4875467233672091,-1.1705526037298035,-2.0511779253666886,0.5702760744351791,0.2943303182203099,0.3894704392863025,-1.9402164868064509,0.1645088934920752,1.1964438533529749,0.3044093700100269,0.922258804532037,0.1129972050820982,0.7049124757924369,-0.7356842644825539,0.6666581607441525,0.110582001983531,-0.7452658219829147,-0.3205898774748739,1.306294331598326,-0.6203586067783478,-0.3065200133391933,0.996708702771555,0.25144186729520807,-0.9675000761061776,-0.6540541685743738,-0.7165045946279467,-0.8045676039601394,-1.2289268659577037,7,7,8,0,0,0,0,0,0,0,1,1,1,0,0,0,0,0,0,0,0,0,0,0,0,0,0,0,0,0,0,0,0,0,0,0,0,0,0,0,True
RO_007,44.444,26.513,0.2737992592067841,0.3908177165656462,1.12980923655405,-1.074293258767523,-0.3300583814101228,0.3979902954873119,-0.2695281696304459,-0.2236851957313641,-0.0502148621303298,0.3799546786806321,-0.0085733391364867,0.3057119202831154,-0.4180269855767682,-0.3498987888766109,-0.2415061395229752,0.0396337628629807,-0.3813455160588506,-0.4728237729951408,-0.4300517298244844,1.56800549901863,0.8817300367334424,0.6456090753240065,-0.7149552231343153,0.8166413592208649,0.371976505484361,0.2149280270188764,0.6058834768739193,-0.9098570652992012,-1.2382906484632954,1.1485380640369809,0.6410744449032111,-0.1429536801399053,-0.1591896513619691,0.0887049684536249,-0.0578139969586984,-0.3796110552760798,-0.2322355141106196,-0.2486684091069701,0.2217202703443639,-1.506876335112278,0.404526478121438,-0.994685536959921,1.1807086111408711,0.7419219146310844,0.5086593652822343,-0.580771721401569,-0.2973321676623105,0.17937027336166,0.2962668966092657,0.2817487531506387,-0.6446937648708975,0.7939810657247605,0.0999977985975434,-0.58926445431516,-0.3262555389086624,1.1920583016784672,-0.6051588345358289,-0.8622544765103608,1.0077286844658384,0.25144186729520807,-0.9675000761061776,-1.4935025301834113,-0.7124877595378453,-0.7127337671811893,-0.5334162249677984,5,7,1,0,0,0,0,0,0,0,0,0,1,0,0,0,0,0,0,0,0,0,0,0,0,0,0,0,0,0,0,0,0,0,0,0,0,0,0,0,False
RO_008,44.444,26.514,-0.3057394900395646,0.7702917431880235,0.7772175506225862,-1.0837013280929069,-0.3888700017579355,0.195302910273494,-0.3070988962874933,-0.3746948061302453,0.1082607190200832,0.59760841977819,0.0565657322385988,0.0436663876253677,-0.4260105117708254,-0.3429552340905324,-0.3130324940062839,-0.3737423178036675,-0.4283218078370622,-0.5202544807447759,-0.538636742661847,1.4240508677115586,-1.1998396121339083,-0.9819421003211934,0.5609758562232795,-1.0535879090813047,-0.0579827590878048,0.2384043248540442,-0.1284258656501601,-1.7624307059378286,0.008699777075614,-0.8273833622107772,-0.2099269684864401,-0.1429536801399053,-0.1591896513619691,-0.4648822692881125,-0.7984112979996244,-0.2038041999584159,0.3248687809749678,-0.4875467233672091,-1.1705526037298035,-1.7643162764488236,0.6793313643845251,0.2943303182203099,0.0020323176797931,-1.1738912292528694,-0.6808514654865284,-0.5494090936117829,-0.0534337378529217,1.0554180695531423,1.40265217165403,0.2817487531506387,-0.6446937648708975,0.7939810657247605,0.0999977985975434,-0.58926445431516,-0.3262555389086624,1.1920583016784672,-0.6051588345358289,-0.8622544765103608,1.0077286844658384,0.25144186729520807,-0.9675000761061776,-0.35069122659397317,-0.7157658663355141,-0.353086987787091,-0.026248163254940216,5,7,1,0,0,0,0,0,1,0,1,1,1,0,0,0,0,0,0,1,1,0,0,0,0,0,0,0,0,0,0,0,0,0,0,0,0,0,0,0,True
RO_009,44.444,26.514,-0.3057394900395646,0.7702917431880235,0.7772175506225862,-1.0837013280929069,-0.3888700017579355,0.195302910273494,-0.3070988962874933,-0.3746948061302453,0.1082607190200832,0.59760841977819,0.0565657322385988,0.0436663876253677,-0.4260105117708254,-0.3429552340905324,-0.3130324940062839,-0.3737423178036675,-0.4283218078370622,-0.5202544807447759,-0.538636742661847,1.4240508677115586,-1.1998396121339083,-0.9819421003211934,0.5609758562232795,-1.0535879090813047,-0.0579827590878048,0.2384043248540442,-0.1284258656501601,-1.7624307059378286,0.008699777075614,-0.8273833622107772,-0.2099269684864401,-0.1429536801399053,-0.1591896513619691,-0.4648822692881125,-0.7984112979996244,-0.2038041999584159,0.3248687809749678,-0.4875467233672091,-1.1705526037298035,-1.7643162764488236,0.6793313643845251,0.2943303182203099,0.0020323176797931,-1.1738912292528694,-0.6808514654865284,-0.5494090936117829,-0.0534337378529217,1.0554180695531423,1.40265217165403,0.2817487531506387,-0.6446937648708975,0.7939810657247605,0.0999977985975434,-0.58926445431516,-0.3262555389086624,1.1920583016784672,-0.6051588345358289,-0.8622544765103608,1.0077286844658384,0.25144186729520807,-0.9675000761061776,-0.35069122659397317,-0.7157658663355141,-0.353086987787091,-0.026248163254940216,5,7,1,0,0,0,0,0,1,0,1,1,1,0,0,0,0,0,0,1,1,0,0,0,0,0,0,0,0,0,0,0,0,0,0,0,0,0,0,0,True
RO_008,44.444,26.514,-0.4989190731216809,0.7029299583203468,0.7498355119283222,-1.0262550866060924,-0.387631862382192,0.9231348844503876,-0.2810883932172298,-0.3878260765997133,-0.1162463542763353,0.2305844642019158,0.2519829463638556,0.1242957822892901,-0.430002274867854,-0.4054472271652388,-0.3979700399552131,-0.5308252284569942,-0.4443295911979126,-0.5364171122673458,-0.6080608402600095,1.585648764599063,-1.1998396121339083,0.456780318791335,-0.7149552231343153,1.2438836893678729,0.8501455965067601,0.1047138441166343,-0.1120447452475971,-1.6760774301713304,-0.459771375031748,1.7537801099817298,-0.2099269684864401,-0.1429536801399053,-0.1591896513619691,-0.2900652468433534,-0.3046797639723404,-0.5554179105937436,-0.7893398091962072,-0.2486684091069701,0.6858112283690864,-1.6466294461235458,1.1538302087336665,1.583346173400541,0.6775021265045282,0.6581050895861614,-1.0050566807582186,0.3391986937654889,-0.1877512738873068,-0.5144595812219939,-0.815054399666899,0.2817487531506387,-0.6446937648708975,0.7939810657247605,0.0999977985975434,-0.58926445431516,-0.3262555389086624,1.1920583016784672,-0.6051588345358289,-0.8622544765103608,1.0077286844658384,0.25144186729520807,-0.9675000761061776,-0.35069122659397317,-0.7157658663355141,-0.353086987787091,-0.026248163254940216,5,7,1,0,0,0,0,0,0,0,1,1,1,0,0,0,0,0,0,0,0,0,0,0,0,0,0,0,0,0,0,0,0,0,0,0,0,0,0,0,True
RO_009,44.444,26.514,-0.4989190731216809,0.7029299583203468,0.7498355119283222,-1.0262550866060924,-0.387631862382192,0.9231348844503876,-0.2810883932172298,-0.3878260765997133,-0.1162463542763353,0.2305844642019158,0.2519829463638556,0.1242957822892901,-0.430002274867854,-0.4054472271652388,-0.3979700399552131,-0.5308252284569942,-0.4443295911979126,-0.5364171122673458,-0.6080608402600095,1.585648764599063,-1.1998396121339083,0.456780318791335,-0.7149552231343153,1.2438836893678729,0.8501455965067601,0.1047138441166343,-0.1120447452475971,-1.6760774301713304,-0.459771375031748,1.7537801099817298,-0.2099269684864401,-0.1429536801399053,-0.1591896513619691,-0.2900652468433534,-0.3046797639723404,-0.5554179105937436,-0.7893398091962072,-0.2486684091069701,0.6858112283690864,-1.6466294461235458,1.1538302087336665,1.583346173400541,0.6775021265045282,0.6581050895861614,-1.0050566807582186,0.3391986937654889,-0.1877512738873068,-0.5144595812219939,-0.815054399666899,0.2817487531506387,-0.6446937648708975,0.7939810657247605,0.0999977985975434,-0.58926445431516,-0.3262555389086624,1.1920583016784672,-0.6051588345358289,-0.8622544765103608,1.0077286844658384,0.25144186729520807,-0.9675000761061776,-0.35069122659397317,-0.7157658663355141,-0.353086987787091,-0.026248163254940216,5,7,1,0,0,0,0,0,0,0,1,1,1,0,0,0,0,0,0,0,0,0,0,0,0,0,0,0,0,0,0,0,0,0,0,0,0,0,0,0,True
RO_010,44.416,26.535,-1.9477659462375527,0.5368605991518556,0.9664374090504566,-1.060751340799167,-0.4216806952151362,0.7020213733080403,-0.2680831416820979,-0.1514632081492903,0.0290229284448766,1.1245267883733097,-0.0997680390616066,0.2452398742851736,0.315140142454468,-0.3823020445449772,-0.2280949480573546,-0.663105574270321,-0.3981279628864101,-0.4897685615399652,-0.4520050636962732,-0.4028441732485464,-1.0012005066400402,1.258848460894914,-0.0769896834555177,-1.0535879090813047,-1.1981330674058808,0.4018244457373653,1.0573971608729469,-1.5375777200161551,-1.6264716747242762,0.9277112253182828,-0.2099269684864401,-1.0026891930939843,-0.1591896513619691,1.632922000048998,1.4233806051231537,-0.2038041999584159,0.3248687809749678,-0.4875467233672091,-1.1705526037298035,-1.7201837150768444,0.4376282493533035,-0.994685536959921,0.1844832578148107,0.382706950152843,-0.4702507911451287,-0.6121343491913551,0.0650026946926416,0.7750827747718679,-0.4802010883883297,-0.750446638806733,0.4316427571912434,-0.1773860521852428,0.0397040085628578,-0.6524895841380318,-0.7353375663844414,0.8641135814227516,-1.099691649259058,-0.8622544765103608,-1.1281948605109071,0.25144186729520807,-0.9675000761061776,0.9326961152255506,-0.6942504048184196,3.0718399507836547,-1.1162312881729055,5,7,1,0,0,0,0,0,0,0,0,0,1,0,0,0,0,0,0,0,0,0,0,0,0,0,0,0,0,0,0,0,0,0,0,0,0,0,0,0,True
RO_011,44.469,26.298,-1.7545863631554366,0.5441429542726854,0.929391121405276,-1.0421252641549723,-0.31458163921333,0.0939592176665842,-0.2420726386118343,-0.1580288433840244,0.0290229284448766,-0.2132584588205553,0.069593546513616,0.0436663876253677,-0.5537469308757395,0.3976906097578399,0.1027144414279486,0.1223089789963101,-0.3478908572962597,-0.4390454971336947,-0.3640097039241939,1.2092332844124931,-1.1998396121339083,-0.9819421003211934,-0.0769896834555177,-1.0535879090813047,0.6414102060931479,0.4049499112373707,0.9190725340694956,-2.0071803989976926,-0.4461873973386274,1.1712535013209835,-0.2099269684864401,-0.1429536801399053,-0.1591896513619691,-0.4648822692881125,-0.7984112979996244,-0.5554179105937436,-0.7893398091962072,-0.4875467233672091,-1.1705526037298035,-1.9261356681460808,1.2418207351718251,0.2943303182203099,-0.903739354665624,0.2869162929586454,-0.5287214861099178,0.2764734381859168,-0.2859300216441477,1.076443216661738,-0.3806845313036384,-0.3140434298029119,0.4803421295536885,-0.5225564991140498,0.2984502562588275,-0.4140423717890988,-1.0275757546029247,0.0122762526559976,-0.4956188224915498,-0.1294654188644318,0.4080902120338607,0.20481523286690037,-0.8748741065502599,0.5009147545355083,-0.6367681095635214,3.5320485762373472,-1.4386332671397177,7,7,7,0,0,0,0,0,0,0,1,1,1,0,0,0,0,0,0,0,0,0,0,0,0,0,0,0,0,0,0,0,0,0,0,0,0,0,0,0,True
RO_012,44.138,26.145,0.4669788422889004,0.7376794572121331,0.8208600716787101,-1.09111374634927,-0.3969179077002677,-0.1755228740381523,-0.3222716897451471,-0.1777257490882262,-0.1241701333338559,-0.1321717709606807,0.4083167176640611,0.0839810849573289,-0.5098375368084253,-0.3267536062563493,-0.3219732883166975,-0.8615260929903124,-0.4799946905059169,-0.5724272109385284,-0.6188154880206985,0.6922744294911997,-1.1998396121339083,-0.5198227350767731,-0.7149552231343153,-1.0535879090813047,-0.3947485043152445,0.4938168595918225,0.6303234580624603,-2.253975093500193,1.2767730136270352,0.6915765378518859,-0.2099269684864401,-0.1429536801399053,-0.1591896513619691,-0.4357460988806527,-0.5515455309859825,-0.5554179105937436,-0.7893398091962072,-0.4875467233672091,-1.1705526037298035,-1.569397463722582,0.993738006048644,-0.994685536959921,-0.2992741418325201,-0.3177622305797275,0.4939089759558381,0.7207773318745527,0.5937500226145853,0.2529582882417445,0.3962213265451297,-0.0737297123000507,0.3988028379874342,-0.5500511281811928,-0.229840454435737,-0.1598429832553376,-1.1447034817844322,-0.7494492731466387,-1.0165106410734102,-0.1782736185968925,-0.0409497839665328,0.26927670268489484,-0.8162559424407433,1.2208788210909447,-0.5764694126937243,-0.4414560193695661,1.7742075666292103,7,7,7,0,0,0,0,0,0,0,1,1,1,0,0,0,0,0,0,0,0,0,0,0,0,0,0,0,0,0,0,0,0,0,0,0,0,0,0,0,True
RO_013,44.433,25.539,0.4669788422889004,0.5009237597512383,0.7545142356267819,-0.9078939720124986,-0.2597939718366835,-0.4242755740732931,-0.3287743155127129,-0.3549979004260434,-0.1558652495639385,0.0470724864137786,-0.0216011534115038,-0.0369630070385546,-0.3860928808005398,-0.1369631087702038,-0.0693958490475132,-0.1670542774703433,0.124489115824505,0.0379039512743087,0.1806045346104184,0.3527363314712327,-1.1998396121339083,-0.1748804891173262,-0.7149552231343153,0.2281390813615703,0.7403428101722237,0.3910881282267315,0.6334137684557153,-2.003490966817086,-0.363521902765943,-0.2824718582697589,-0.2099269684864401,-0.1429536801399053,-0.1591896513619691,0.1178411388610847,0.1890517700549435,-0.2038041999584159,-0.2322355141106196,-0.4079206186137961,-0.2423706876803585,-1.8967139605647612,0.5015447603501056,-0.3501776093698055,-0.8935517387189987,-1.2636949703724296,0.7602881148194198,0.2712463335542858,-0.3242571005716423,0.0602277730796184,-0.3014295452413902,-1.051777055970179,0.4357153095106965,0.0043852734488684,-1.2433224623128585,-0.3063729645343394,-1.3122411892393029,0.1246715820294726,-0.9924605175727256,-0.1294654188644318,0.0022106141559231,0.12788799070701776,-0.6135239408560119,0.7753184478425211,-0.3796444932787591,-0.5479740305526241,1.4063912691303377,5,7,7,0,0,0,0,0,0,0,1,1,1,0,0,0,0,0,0,0,0,0,0,0,0,0,0,0,0,0,0,0,0,0,0,0,0,0,0,0,True
RO_014,44.65,26.101,-2.62389448702496,0.4812139073046441,0.9924388407517326,-1.0434081826993429,-0.2619607157442345,-0.5002833435284754,-0.2875910189847956,-0.2565133719050339,-0.2060491835949026,-0.2730065446120418,0.173816060713753,0.1646104796212512,-0.5976563249430537,-0.2156567296790934,-0.1699797850396663,-0.3324047097370028,-0.1567652350945221,-0.2460710586037811,-0.1784276320003751,0.6971463447886745,-1.1998396121339083,0.7644319655173648,3.0207591842504407,-1.0535879090813047,0.5749981287912765,0.5314432507367488,0.5132579379180158,-1.732820887247246,0.8138925138293964,0.6217049675471656,-0.2099269684864401,-0.1429536801399053,-0.1591896513619691,-0.3483375876582731,0.1890517700549435,1.730071208535886,4.781703141659667,-0.4875467233672091,-1.1705526037298035,-1.6392740192282158,0.6778869234580437,-0.3501776093698055,-0.5584409172019741,-0.8505977612224521,-1.0633757007684947,-0.0685154675017299,-0.2662354057945937,-0.7597529641556089,-1.0222478715172263,-1.1709535786148098,0.8212399796122586,-0.4997532424683862,-1.4357567213203153,-0.2416870450826722,-1.0795954281089806,-0.0819554465538448,-0.7412499003546056,-0.1294654188644318,0.9645696875299038,0.1689947834790099,-0.7751369356127086,0.4801860444365766,-0.48334347732896127,0.3671470181258631,0.3057889965729157,5,7,7,0,0,0,0,0,0,0,1,1,1,0,0,0,0,0,0,0,0,0,0,0,0,0,0,0,0,0,0,0,0,0,0,0,0,0,0,0,True
RO_015,44.629,26.228,0.4669788422889004,0.3836145174787388,0.9415097827881712,-0.9533187915835446,-0.2669132732472082,-0.320628615725318,-0.2724182255271419,-0.3090384537829056,-0.137376431763057,0.260458507097659,0.2128995035388043,0.0033516902934065,-0.6295904297192821,-0.266576131443669,-0.4113812314208335,-0.5473602716836597,-0.3578746120281713,-0.4491258277644953,-0.4215650665518322,1.4142207264376252,-1.1998396121339083,1.4838725340961056,1.198941395902077,0.8166413592208649,0.464087837239769,0.6661488903516,0.771689227616122,-1.8225359643114591,-0.9982368647391104,0.4433057063458696,-0.2099269684864401,-0.1429536801399053,-0.1591896513619691,0.2343858204909242,1.1765148381095116,-0.2038041999584159,0.3248687809749678,-0.2486684091069701,0.2217202703443639,-1.5877860309609066,0.6141509675770518,-0.3501776093698055,-0.2057333045044147,-0.7368463558043423,-0.6800172532367066,-0.4762296287689488,-0.3587578701170598,0.5052600535448915,0.3148565894726861,-0.8755157507853744,0.608381020696698,-0.3645848278080402,-1.37756258426114,-0.2119007062629193,-2.052737545713437,-0.0742716407395897,-0.7583735356874346,-0.1294654188644318,0.553179573359879,0.17854154391853658,-0.8183341459601796,0.9889350588216042,-0.5529224483724406,-0.4583180713257441,-1.5054346907412541,7,7,8,0,0,0,0,0,0,0,1,1,1,0,0,0,0,0,0,0,0,0,0,0,0,0,0,0,0,0,0,0,0,0,0,0,0,0,0,0,True
RO_016,44.15,26.121,0.4669788422889004,1.2434073579402023,0.5394463462746338,-1.220355910819192,-0.2792946670046424,-0.3966363851804999,-0.2875910189847956,-0.2893415480787037,0.0026103315864744,0.7981912792210376,-0.1127958533366236,0.225082525619193,0.2964986087913445,-0.3151810149462185,0.0133064983238126,-0.0182388884303502,-0.1534515533837017,-0.2427253226409836,-0.1637354078653221,0.6566909816338943,-1.1998396121339083,0.1991948368414349,-0.7149552231343153,-1.0535879090813047,0.9021635118669448,0.4807927419836892,0.9847712519825548,0.6140462618829816,-2.212220464504487,0.4816542685941321,-0.2099269684864401,-0.1429536801399053,-0.1591896513619691,-0.3774737580657329,-0.0578139969586984,-0.3796110552760798,-0.2322355141106196,-0.4875467233672091,-1.1705526037298035,-0.7235233707596466,0.930423345437876,-0.994685536959921,-1.4175965287007115,-0.2459192376840792,0.3077279692910429,-0.0162444211854198,-0.3263942031362138,0.0602277730796184,-0.5124444528837697,0.419849046939927,-0.1348910934237881,-0.0570401751206262,0.0491305451483205,-0.253560144291188,-1.0179323630345911,-0.5540419857736691,-0.7762026792303011,-0.1782736185968925,0.3814547071516895,0.26927670268489484,-0.8162559424407433,1.1176698079915506,-0.5453966538932853,-0.5246278431573287,-0.5677801511612208,7,7,7,0,0,0,0,0,0,0,1,1,1,0,0,0,0,0,0,0,0,0,0,0,0,0,0,0,0,0,0,0,0,0,0,0,0,0,0,0,True
RO_017,44.697,26.027,-2.5852585704085365,0.4125856258942144,0.914741347201902,-0.9541740706131248,-0.2885807123227181,-0.196252265707747,-0.2247323032316586,-0.1711601138534923,-0.0845512380462527,-0.0468173626871287,0.1086769893386673,0.1646104796212512,-0.4260105117708254,-0.2388019122993551,-0.0939830334011505,0.0313662412496479,0.005045877076991,-0.0826946982838684,0.0645999334686525,0.2509339305141428,-1.1998396121339083,1.3714731212890825,2.236155074201652,1.4598326378133692,1.1314877022872634,0.5837192297097094,0.4756479753118012,-0.4880227772941198,0.008699777075614,0.6599875290621822,-1.0609283818760915,-1.4325569495710238,-0.1591896513619691,0.059568798046165,0.9296490710958696,0.1478095106769117,0.8819730760605554,-0.0894161996001441,1.1499021863938088,0.0966067280696342,0.4607994892156093,0.2943303182203099,-0.3375548805410517,-0.8446108451478148,-0.6477104879254224,0.4698763095562642,-0.233167902639787,0.4632097593277003,0.2703129785215782,-0.5394507746309034,0.0523343241584733,0.2601755942615335,-1.4614631819503476,0.1407835699633627,-1.030588862792444,-0.2204024233640009,-0.7736373755372369,-0.079261735045531,0.7758606891990363,0.14792875804763306,-0.7238694893838162,0.39837002089883483,-0.4267384219213264,-0.6890410992662466,0.7194488326800285,7,7,7,0,0,0,0,0,1,0,0,0,1,0,0,0,0,0,0,0,0,0,0,0,0,0,0,0,0,0,0,0,0,0,0,0,0,0,0,0,True
RO_018,44.236,26.716,-0.3057394900395646,0.5864914324209897,1.0047109029116272,-1.1142537956495833,-0.3040574545195109,0.2114257704609564,-0.2550778901469661,-0.1908570195576942,0.081848122161681,0.435435044058441,0.069593546513616,0.1444531309552707,-0.1545706211728832,-0.407761745427265,-0.1923317708157003,0.1719141086763083,-0.2111762813844207,-0.3010084395088667,-0.3318069179817858,-0.2739338598367305,-0.753768074604909,0.423112629551119,0.6529057520711978,-1.0535879090813047,0.8119445847163433,0.4651734832744393,0.5420380555380142,-0.0888736100277366,-1.2650958240025785,1.1360078936103044,-0.2099269684864401,-1.0026891930939843,-0.1591896513619691,-0.4066099284731928,-0.5515455309859825,0.1478095106769117,0.3248687809749678,-0.4875467233672091,-1.1705526037298035,0.1591278566799382,0.2413046534290393,0.2943303182203099,0.4001211286850472,-0.090259419743508,-0.5032780124903501,0.0464808343941523,-0.1304270167735465,0.66995703922889,0.7756978620204745,0.5785348243155729,-0.2036086598801818,-0.0528772974158453,1.1761556784664666,-0.6554592932742933,-0.2969599390173219,0.9997043952270448,-0.9128709651385642,-0.2254339226236669,1.0922100731047653,0.30480925321863195,-0.8133631708788477,0.6695074317821645,-0.7475773534283856,-0.007282930106528312,0.7042044337951304,7,7,1,0,0,0,0,0,0,0,0,0,1,0,0,0,0,0,0,0,0,0,0,0,0,0,0,0,0,0,0,0,0,0,0,0,0,0,0,0,False
RO_019,44.825,24.867,0.4669788422889004,0.2859359716189111,0.5298587977122164,-0.6396689652357674,-0.2898188516984615,-0.6062335676175169,-0.2926486168040135,-0.3287353594871076,-0.1902016254798614,-0.3925027161950147,0.3692332748390097,-0.0369630070385546,-0.7493433226301391,-0.3244390879943231,-0.5410227489218308,-0.7457807904036511,-0.5322327089769211,-0.6251705436650896,-0.7333000760887506,1.3272179625357825,0.7471741663568595,0.42468278999286,-0.7149552231343153,-1.0535879090813047,0.7476418410623179,0.3310033641411795,0.5797227345370342,0.3919945035187521,-2.2403634248107185,-0.0950421964815715,0.2155737382083854,-0.1429536801399053,-0.1591896513619691,-0.3483375876582731,-0.3046797639723404,-0.5554179105937436,-0.7893398091962072,-0.4875467233672091,-1.1705526037298035,-0.2638091898015295,0.1394715681121003,0.2943303182203099,-2.07685876670127,-1.018231411312298,-0.1345182793304451,1.0187222958775204,-0.1945592892427081,-1.397515759783008,-1.6236861359142667,0.4636899565751492,-0.6550988434545105,0.6961511955234829,-0.3044480122516145,-0.7758738748901723,-0.097297335806621,0.6537289221267745,-0.4463005264218756,-0.9258845650176422,0.344729258128823,-0.34901049320214184,0.15115183256073253,0.3405350661220438,0.4657838668918786,-0.6097465574840629,-0.5990079363263271,7,7,7,0,0,0,0,0,0,0,0,0,1,0,0,0,0,0,0,0,0,0,0,0,0,0,0,0,0,0,0,0,0,0,0,0,0,0,0,0,False
RO_020,44.811,24.948,0.3510710924396307,0.3645379133035207,0.9046168959199892,-0.9189650838953998,-0.3102481513982281,-0.385120056475169,-0.3099889521841892,-0.2893415480787037,-0.1532239898780983,-0.4607862428138565,-0.0606845962365551,-0.0974350530364963,-0.5497551677787109,-0.3568423436626894,-0.1431574021084254,-0.7375132687903183,-0.5796752871398076,-0.6730720483295507,-0.784785984722971,0.6124015473723476,-1.1998396121339083,-0.9819421003211934,-0.7149552231343153,-1.0535879090813047,0.3249546816583192,0.1036177755433097,1.0964027039312465,-0.0713378709308727,0.8820284054184588,-0.6179472699785294,-0.2099269684864401,-0.1429536801399053,-0.1591896513619691,-0.3192014172508132,-0.3046797639723404,-0.5554179105937436,-0.7893398091962072,-0.4875467233672091,-1.1705526037298035,0.3540466694061798,1.456801693063141,2.872362028580772,1.6169238030372837,-0.4075659716992878,0.6346254150053402,1.7087001072528138,0.579967630626301,-0.2481410511797832,-0.4217649660681989,-0.1193241143520934,-0.2162501554332342,0.4012107491050191,-1.1676273234703258,-0.6595477830339612,-0.9190020560309872,0.0619066306858896,-0.6279262297369895,-0.9258845650176422,0.0651119788819373,-0.3736133056900478,0.18204930057560906,0.08247902932205456,0.2748687738163729,-0.7158190937132884,-0.9764735870472494,7,7,7,0,0,0,0,0,0,0,1,1,1,1,1,0,0,0,0,0,0,0,0,0,0,0,0,0,0,0,0,0,0,0,0,0,0,0,0,0,True
RO_021,44.61,25.346,0.0806196761246679,-0.190662508625839,-0.5785385164917382,0.3330683844069679,-0.2607225763684911,0.6835952473795103,-0.3677900701181083,-0.3943917118344472,-0.3698072841169962,0.0086630026906801,-0.6339084243373084,-0.016805658372574,0.6836996292031151,-0.4309069280475266,-0.2973861039630601,-0.7375132687903183,-0.2905901519105305,-0.3811905045806421,-0.330001089551991,0.9689320927878,-1.1998396121339083,-0.9819421003211934,-0.7149552231343153,-1.0535879090813047,0.6336555494446169,0.378534090088672,1.1828978264377328,0.3517692020345571,1.015089536793963,-2.0986977055637674,-0.2099269684864401,-0.1429536801399053,-0.1591896513619691,-0.3192014172508132,-0.3046797639723404,-0.5554179105937436,-0.7893398091962072,-0.4875467233672091,-1.1705526037298035,0.1407392894416135,0.8559142676468767,-2.283701392140152,1.2523306384019948,-1.9402164868064509,0.6476694610934643,2.220956361152653,0.5302895937660225,-0.1289985508977416,-0.5908634998665064,-0.3760376536838037,0.0385850898874867,0.1789156043260044,-1.0304632063491153,-0.784203850050316,-0.2346009007806422,1.2878404693956549,-1.03914974815402,-0.2189652302215004,-0.828835213473942,-0.02201028647382772,-0.3471345726565072,-0.3342272486613815,-0.2783463761789623,-0.7030488117034237,0.8898107350865294,7,7,7,0,0,0,1,0,0,0,1,1,1,1,1,0,0,0,0,0,0,0,0,0,0,0,0,0,0,0,0,0,0,0,0,0,0,0,0,0,True
RO_022,44.531,25.493,0.4669788422889004,-1.278266414715005,-0.9924905132226732,1.242420054857469,-0.2607225763684911,-0.799707889867071,-0.3475596788412367,-0.5454013222333286,-0.4490450746922028,0.2946002704070801,-0.6339084243373084,-0.2788511910303217,-0.4619363796440826,-0.2897213140639307,-0.4404388129296777,-0.5638953149103253,-0.2342038622249932,-0.324258773149226,-0.2714671567287303,0.2596566413267681,-1.1998396121339083,0.2119526591264436,-0.7149552231343153,-1.0535879090813047,0.2500052389804682,0.2964147178582317,0.2161934532457139,-0.1537312306599552,-0.2329478341786771,-0.2658060460123073,-0.2099269684864401,-0.1429536801399053,-0.1591896513619691,0.0887049684536249,0.1890517700549435,-0.5554179105937436,-0.7893398091962072,-0.4875467233672091,-1.1705526037298035,0.1333838625462836,1.0825711230272503,0.2943303182203099,-0.4730810441946435,-0.8505977612224521,-0.3515651392386503,0.7155502272429217,0.0316408600469059,0.1162948320358733,-0.1601558408039624,-0.6062665965184829,-0.597427628797344,1.2767469635606632,-1.005815124339959,-0.81965963358475,0.1811412599386992,0.6549534915252235,-0.9498118276178372,-0.1294654188644318,0.0545522869599381,0.07303371629476996,-0.5371762265015606,0.060752739715569916,-0.4314016442673061,-0.6771287690193184,-0.7794372766045532,7,7,10,0,0,0,1,0,0,0,1,1,1,0,0,0,0,0,0,0,0,0,0,0,0,0,0,0,0,0,0,0,0,0,0,0,0,0,0,0,True
RO_023,45.089,23.205,0.4669788422889004,0.7068086039825279,0.0725710814791543,-0.6089739511741609,-0.2814614109121934,-0.6062335676175169,-0.2984287285974054,-0.3878260765997133,-0.2615156369975473,-0.9345032087320708,0.6949286317144376,-0.2385364936983605,-0.7333762702420248,-0.2179712479411195,-0.7377202237509302,-0.4564175339369968,-0.5470174351164826,-0.6400982869615323,-0.7027772746526796,0.1054041451476749,0.4111055698496541,-0.9819421003211934,-0.7149552231343153,-1.0535879090813047,-0.0073074581653698,0.2995815307099804,0.4740560909751742,-0.5107780786603343,0.3531243372893686,0.0700636950843635,-0.2099269684864401,-0.5728214366169448,-0.1591896513619691,-0.4648822692881125,-0.7984112979996244,-0.5554179105937436,-0.7893398091962072,-0.4875467233672091,-1.1705526037298035,-0.3888514470221373,-0.8581556317777226,0.2943303182203099,-0.7215971301653528,-0.3836183074007384,0.238374596339941,1.1964438533529749,-0.0147611393491192,-1.047096641306415,-1.3438455773921147,1.1579944457651787,-0.7887693473674123,0.4638076381930559,0.589879419325434,-0.879207768173543,-0.4476263458118724,0.5668635218740221,-0.5370493104721492,-0.7561534807536592,0.5274667498020584,-0.2854921996737827,-0.16082858395782548,-0.2135430444385468,0.26401870202127153,-0.6983465760796363,-1.397049535325265,7,7,7,0,0,0,0,0,0,0,0,0,1,0,0,0,0,0,0,0,0,0,0,0,0,0,0,0,0,0,0,0,0,0,0,0,0,0,0,0,False
RO_024,45.077,23.25,-0.4989190731216809,0.6592358275953673,0.165531952340354,-0.6380534381798932,-0.3247962890632132,-0.6522988824388392,-0.2897585609073176,-0.3156040890176396,-0.2984932725993103,-0.5290697694326982,-0.1779349247117092,-0.2788511910303217,-0.7014421654657963,-0.3823020445449772,-0.1498629978412355,-0.2331944503770071,-0.4425647830608913,-0.5346352326039523,-0.560975876280426,0.0075583406588851,0.4111055698496541,-0.9819421003211934,-0.7149552231343153,-1.0535879090813047,-0.095646191266956,0.2342970351629564,-0.1054661901005636,-0.2980429606377138,0.8895104505347581,-1.798843427238991,-0.2099269684864401,-0.5728214366169448,-0.1591896513619691,-0.4648822692881125,-0.7984112979996244,-0.3796110552760798,-0.2322355141106196,-0.4875467233672091,-1.1705526037298035,-0.3152971780688386,-0.8433501122812882,1.583346173400541,0.5867397298891388,-1.1978388935514188,0.0646309359452176,0.0255724158676282,-0.0027831273704431,-0.5775350225477806,-0.9673545386293104,0.5082135922507884,-0.6468441801845985,0.656004672235246,-0.0342419061735125,-0.1633331963112637,-2.0346780633315813,-0.595508101577693,-0.0215448284235027,-0.079261735045531,0.4214049869535882,-0.2854921996737827,-0.16082858395782548,0.25904944184545436,0.17855707269049498,0.07899071928569758,-1.2776129752591374,7,7,11,0,0,0,0,0,0,0,0,0,1,0,0,0,0,0,0,0,0,0,0,0,0,0,0,0,0,0,0,0,0,0,0,1,0,0,0,0,True
RO_025,45.075,26.719,-1.0784578223680297,0.9762557434532352,0.9963505605651992,-1.3430409360623308,-0.3795839564398597,0.3703511065945185,-0.2608580019403581,-0.1252006672103545,0.3459740907457028,0.7085691505338079,-0.6339084243373084,0.7290162422687078,-0.0946941747174547,-0.2388019122993551,0.6838660716048329,1.304564569702925,-0.3917791631605651,-0.3152276322186224,-0.4147417238010166,-1.2084718855625265,-1.1998396121339083,1.048758013136746,1.198941395902077,0.2281390813615703,0.8229533900493025,-0.1501773194154705,0.538804120100363,0.52824859694233,0.5178832850452548,0.6368032903301617,-0.2099269684864401,-0.1429536801399053,-0.1591896513619691,-0.2317929060284336,0.1890517700549435,0.1478095106769117,0.8819730760605554,-0.3282945138603831,-0.2423706876803585,0.6261974645333851,1.3729037492500125,-0.994685536959921,-0.9068265110130864,0.466523775197766,0.2698471494014033,1.5309785497773594,-0.058578140433507,0.1723618909921282,-0.559416267827744,-0.2312522684714146,-0.167521056411523,0.3978849352190431,-0.6364535009709227,-0.762483250169395,-0.921895764761513,1.9119351648689973,-0.6556960971097118,-0.1294654188644318,0.9462011831240696,0.17076088373877796,-1.393926788155365,-0.4355466912716218,-0.6206084281665619,-0.7670982106211175,-0.3147852855980392,7,7,3,0,0,0,0,0,0,0,1,1,1,0,0,0,0,0,0,0,0,0,0,0,0,0,0,0,0,0,0,0,0,0,0,0,0,0,0,0,True
RO_026,44.809,25.475,0.4669788422889004,0.5970191849326245,0.7792117607235688,-0.9808777825366898,-0.3071528029588695,-0.5785943787247237,-0.2839784491139256,-0.2433821014355659,-0.1479414705064179,-0.5333374898463759,0.1998716892637872,-0.1579070990344381,-0.7014421654657963,-0.2735196862297475,-0.3398548769375246,-0.902863701056977,-0.4788737591333332,-0.5712954364555312,-0.6254427880770885,-1.2084718855625265,-1.1998396121339083,0.8665353606564881,-0.7149552231343153,-1.0535879090813047,-0.931806503628068,0.2219309083215191,0.3359949722553489,-0.1371656872984575,-1.4370206044117988,-0.5622460406731021,-0.2099269684864401,-0.1429536801399053,-0.1591896513619691,-0.3774737580657329,-0.0578139969586984,-0.5554179105937436,-0.7893398091962072,-0.4875467233672091,-1.1705526037298035,-0.4256285814987867,-0.9353128512672708,-0.994685536959921,1.1368709910069077,-0.6111211182369579,-0.4496988348086075,0.4228323678715851,0.2979852652949676,-0.1990823745930602,-0.2852282497480025,0.1151845197244086,-0.1454887409322065,0.1488214208322976,-0.237821471935139,-0.6804399752680921,-0.2974703717045187,0.1207796752891132,-0.9315337521060352,-0.9397912959032428,0.4544631805532864,-0.3395762193557758,-0.11350987679500663,0.48439479147789255,0.047340459747184864,0.388364825186181,0.025325058445705182,7,7,7,0,0,0,0,0,0,0,1,1,1,0,0,0,0,0,0,0,0,0,0,0,0,0,0,0,0,0,0,0,0,0,0,0,0,0,0,0,True
RO_027,45.051,23.136,0.4669788422889004,1.245386258788254,0.1564813064974317,-0.984298898655011,-0.2805328063803859,-0.4680376231535492,-0.2521878342502702,-0.0923724910366847,0.0026103315864744,-0.1449749322017136,-0.1127958533366236,0.0839810849573289,-0.7493433226301391,0.0065370234754181,0.0803624556519146,-0.2001243639236752,-0.458066030419313,-0.5502864282471367,-0.5712674954223134,-1.2084718855625265,-1.1998396121339083,1.0186418756358029,1.198941395902077,-1.0535879090813047,0.5577394576565393,-0.0087932204750697,0.3448838568512996,0.1462200224709505,-0.4494741067417661,-0.9772681041060484,-0.2099269684864401,-0.1429536801399053,-0.1591896513619691,1.8368751929012168,1.1765148381095116,0.1478095106769117,0.8819730760605554,-0.4875467233672091,-1.1705526037298035,-0.4844719966614257,-0.9881553151610488,0.2943303182203099,-0.0949043916305207,-0.8027024326253532,0.6138459462370494,0.381015530818537,0.0684834844984107,0.5998732155335715,1.6461890901516865,1.5561940151742548,-1.1790186866910697,0.8010621655833714,0.6566361189362387,-0.3383669029545804,-0.3922856391957355,1.1201436978849069,-0.8234049093878149,-0.7561534807536592,-0.3145969577423079,-0.3310557294870763,-0.11790778591878233,0.6591417713800427,0.04263106688292809,-0.06877497280777635,-0.7638588149245149,7,7,7,0,0,0,0,0,0,0,1,1,1,0,0,0,0,0,0,0,0,0,0,0,0,0,0,0,0,0,0,0,0,0,0,0,0,0,0,0,True
RO_028,44.113,25.641,0.4669788422889004,1.112641589900952,0.1578619134904199,-0.9055181969303308,-0.2607225763684911,-0.928690771366774,-0.0527739773782493,-0.0529786796282808,0.1346733158784853,-0.0980300076512599,0.4213445319390781,0.225082525619193,-0.2623482247926544,-0.2827777592778522,0.5050501853965609,0.1801816302896411,1.69747030528193,1.626101066642038,1.5327377825821076,-1.2084718855625265,-1.1998396121339083,1.5645723088029857,-0.7149552231343153,-1.0535879090813047,0.6509294907613689,0.3026172231908632,0.4245630870456507,-0.1786673428735256,-0.7674569802473687,0.68432395735285,-0.2099269684864401,-0.1429536801399053,-0.1591896513619691,0.1761134796760045,0.9296490710958696,-0.5554179105937436,-0.7893398091962072,-0.4875467233672091,-1.1705526037298035,-0.2858754704875191,-0.8886092613110389,0.2943303182203099,-0.7197448363568754,0.8257387396760073,-0.4136760331117531,1.1964438533529749,-0.0016313954494165,0.6909821863374856,1.455196913794747,-0.2137135201375799,0.8004227179604281,-1.0653654559420105,-0.0938477709634899,-0.5876162450263751,-0.4503569800181414,0.7033809801403055,-0.7197011658456856,-0.1782736185968925,1.0260943864986296,0.2579811452787843,-0.8226256258512725,0.04314005144569717,-0.698498092499906,1.5354628313048473,0.5973853242702986,7,7,8,0,0,0,1,0,0,0,1,1,1,0,0,0,0,0,0,0,0,0,0,0,0,0,0,0,0,0,0,0,0,0,0,0,0,0,0,0,True
RO_029,44.232,25.733,0.2737992592067841,-0.6568123923928766,1.1444590107574233,-0.4545485708332616,-0.3238676845314056,0.1308114695236412,-0.1423657101758239,-0.3878260765997133,-0.221896741709944,1.0371836223869837,-0.6339084243373084,0.0033516902934065,1.8413109273413988,-0.4100762636892912,-0.3309140826271111,1.056538921302936,-0.1790567940397605,-0.0752986243656305,-0.1381611753282502,-1.2084718855625265,-1.1998396121339083,-0.9819421003211934,-0.7149552231343153,-1.0535879090813047,1.4331048681777616,0.3504099338300633,0.1113990420234798,0.1474672999678585,0.6380668171615581,2.289700752979828,-1.0609283818760915,-1.4325569495710238,-0.1591896513619691,-0.3192014172508132,-0.3046797639723404,-0.2038041999584159,-0.2322355141106196,-0.4875467233672091,-1.1705526037298035,-0.3300080318594984,-0.8620074742483397,0.2943303182203099,1.262209538713874,2.657735058515038,-0.37105537089358,1.9700553388343645,-0.056709775317175,1.1745605698351838,1.6613952200742272,0.7072922315689018,0.107254981512982,-0.5995820794165823,-0.0787622253152815,-0.5120159990485872,-1.1973184244353907,0.6740262822930732,-0.7529222844529212,-0.3065200133391933,0.549504611410843,0.224667547196471,-0.7633308069583241,0.2936392566809113,-0.6701493942778116,-0.29727062597911624,-0.9155162377376656,4,7,7,0,0,0,0,0,0,0,0,0,1,1,1,0,0,0,0,0,0,0,0,0,0,0,0,0,0,0,0,0,0,0,0,0,0,0,0,0,False
RO_030,44.39,25.73,0.4669788422889004,0.7444077200955086,0.5814014587837724,-0.9468091678584052,-0.2929142001378201,0.0571069658095266,-0.1597060455559996,-0.453482428947053,-0.0977575364754538,1.1872665461747842,-0.1649071104366921,0.0436663876253677,-0.2095611495975486,-0.3151810149462185,0.0580104698758806,0.9738637051696056,0.069654248219347,-0.0174613506986431,0.0719276933467939,-1.2084718855625265,0.2461786163269263,0.8652586196331428,-0.7149552231343153,1.097649629748479,0.3713416100416866,0.45023772982994,0.4460975393418612,0.7682721348662769,-0.5888647396787821,1.1747562557213882,0.0737401693101102,0.2869140763371341,-0.1591896513619691,0.4092028429356834,0.4359175370685855,-0.3796110552760798,-0.2322355141106196,0.3087143241669208,1.1499021863938088,1.3690955809617025,2.0365039848910107,1.583346173400541,1.7888784115909298,1.4723256757368417,-0.3556603630105033,0.2869276474491788,-0.2251185762139459,-0.0238728153547638,-1.079051922301168,0.8093985786448342,-0.7173700249329515,0.57403132663912,0.4272487184788041,-0.615466870248992,-0.5988316212174064,0.5311957526619695,-0.778896271043916,-0.1294654188644318,0.9145228079513328,0.16517237564916018,-0.6726468670235792,-0.0025693374703142737,-0.5801630541558864,-0.5659085222124729,-0.8614415943194704,5,7,7,0,0,0,0,0,0,0,0,0,1,0,0,0,0,0,0,0,0,0,0,0,0,0,0,0,0,0,0,0,0,0,0,0,0,0,0,0,False
RO_031,44.008,25.767,-1.0784578223680297,0.8226138816105089,0.7549744379577779,-1.1175323652629747,-0.3690597717460407,0.4348425473443689,-0.2348474988700944,-0.1252006672103545,0.9798764153473551,1.1353411919015686,0.0174822894135475,0.4266560122789989,-0.0467930175531118,-0.3221245697322969,-0.0984534305563574,0.8085132729029463,-0.3380238592233761,-0.4290830525846292,-0.5813681124616568,-1.2084718855625265,-1.1998396121339083,1.2483276927166849,-0.7149552231343153,0.2281390813615703,0.4441356948894483,0.3445116783946381,0.6960172376399361,-0.0507419373177289,-1.0571109764685218,0.7225838917609186,-0.2099269684864401,-0.1429536801399053,-0.1591896513619691,-0.144384394806054,0.6827833040822275,-0.5554179105937436,-0.7893398091962072,-0.4079206186137961,-0.2423706876803585,-0.4182731546034569,-1.028238550870908,0.2943303182203099,0.15021582235798,0.3707331180035683,-0.3765915067333071,0.841000738402066,0.0797576603031262,0.0462110083405547,-0.99076083285563,0.3851656642830683,-0.4129735210911903,0.381823632937039,0.5901209649389488,-0.1652854844361539,-0.7472694999516656,0.5654179565133172,-0.7670957517310336,-0.3065200133391933,1.1831204558005657,0.27148915501091186,-0.8703885618514555,-1.2968074957624405,-0.619223312618251,-0.7251740677437708,-0.4118325522092697,5,7,8,0,0,0,0,0,0,0,1,1,1,0,0,0,0,0,0,0,0,0,0,0,0,0,0,0,0,0,0,0,0,0,0,0,0,0,0,0,True
RO_032,44.063,25.812,0.0806196761246679,0.6258319812802557,1.1187643806101446,-1.2149391436318495,-0.3712265156535916,0.6191038066296598,-0.2406276106634864,-0.1120693967408865,0.0026103315864744,0.7725849567389717,-0.1779349247117092,0.3661839662810572,-0.3461752498302542,-0.3151810149462185,-0.0537494590042894,0.0727038493163126,-0.3746415125555005,-0.4660549196249944,-0.5905950244927393,-1.2084718855625265,-1.1998396121339083,0.9783239122613664,-0.7149552231343153,1.1067312710985342,0.4438474090003249,0.1315851444103618,1.186785060624857,0.8401699228282573,-0.0704109870306379,-0.3207127824973788,-0.2099269684864401,-0.1429536801399053,-0.1591896513619691,-0.0861120539911343,0.1890517700549435,-0.5554179105937436,-0.7893398091962072,-0.0894161996001441,0.6858112283690864,0.9645471017185592,1.4356165594747468,0.2943303182203099,0.0390781938493398,-0.4075659716992878,-0.2008002344526573,0.5378286697674673,0.0700703151451584,1.2866946877476937,1.7264392417847814,0.6362529561693525,-0.39888981516343,0.2041372011800855,0.4285415507003632,-0.2583403018436742,0.0588683587018838,0.2351723605746218,-0.8467493717724781,-0.3065200133391933,1.2850497693007583,0.2780378693133829,-0.8825418591080807,-0.7552121825728216,-0.6150217954550417,-0.7061011400907945,-0.8674557369434945,5,7,8,0,0,0,0,0,0,0,1,1,1,0,0,0,0,0,0,0,0,0,0,0,0,0,0,0,0,0,0,0,0,0,0,0,0,0,0,0,True
RO_033,44.061,25.81,-0.6920986562037972,1.0353853007930172,0.7769107490685886,-1.2425931655882811,-0.4062039530183434,0.2229420991662875,-0.2695281696304459,-0.1711601138534923,0.6365126561881268,0.9475614936997536,-0.151879296161675,0.2452398742851736,-0.2862988033748257,-0.3151810149462185,-0.1208054163323914,0.3041944544896359,-0.4370853740990913,-0.5291028196511613,-0.7054147346832718,-1.2084718855625265,-1.1998396121339083,-0.9819421003211934,-0.7149552231343153,-1.0535879090813047,0.3999989450729911,0.1730550562865681,0.6358934888487744,0.0255521332083732,0.008699777075614,-0.2711543106085939,-0.2099269684864401,-0.1429536801399053,-0.1591896513619691,-0.3192014172508132,-0.3046797639723404,-0.5554179105937436,-0.7893398091962072,-0.4875467233672091,-1.1705526037298035,0.1995827046042524,-0.5579526592240042,0.2943303182203099,0.0020323176797931,-0.3836183074007384,-0.3262354218349674,0.1092060899737244,-0.0155033665871141,-0.8578703173290548,-1.577828906409641,0.0162333342441559,-0.0838122795992082,0.1179779754552034,-0.1479398043651658,-0.2781701305969464,-0.3357605213672943,0.4852083112377437,-0.8200698769714458,-0.3065200133391933,1.26528883578927,0.2780378693133829,-0.8825418591080807,-1.300393154469292,-0.6148371133819336,-0.775479739382114,-1.206754207163898,5,7,8,0,0,0,0,0,1,0,1,1,1,1,1,0,0,0,0,1,1,0,0,0,0,0,0,0,0,0,0,0,0,0,0,0,0,0,0,0,True
RO_034,44.469,26.065,-2.237535320860727,-0.0249097735930359,1.0909221395848845,-0.8006990003050928,-0.2885807123227181,0.1123853435951136,-0.2406276106634864,-0.3156040890176396,1.085526802780964,0.5677343768824469,-0.0737124105115723,0.1847678282872318,4.839125013209849,-0.1138179261499422,0.795626000485003,1.0400038780762697,-0.2480245493064666,-0.2971704697304324,-0.1974922969731444,-1.2084718855625265,0.2824642613388057,-0.0577033698323529,-0.7149552231343153,0.7480576157987934,0.3090220253418902,0.2822767535459363,0.4088250068929643,0.0174095961276323,-0.0399913256448338,-3.105660008116621,-0.2099269684864401,-0.5728214366169448,-0.1591896513619691,-0.4357460988806527,-0.5515455309859825,-0.3796110552760798,-0.2322355141106196,-0.1690423043535571,0.2217202703443639,-0.9478638910672076,-0.9170165995318398,0.2943303182203099,1.3894003802293178,0.8257387396760073,5.836317980031126,1.332348573775381,7.349835065399008,1.1535354227265884,1.2133318734561132,-0.938301914378058,0.9428328596975576,-0.8272533395063871,-0.1993414618401445,-0.462035829346807,-1.1968376845083908,1.1886265700747036,-0.4044853269856078,-0.2286463135817451,0.4980821169648748,0.17289211487210873,-0.7642953829568256,0.22753387755406443,-0.6189462895085891,-0.2726705090841442,0.10896830847981014,5,7,3,0,0,0,0,0,0,0,0,0,1,0,0,0,0,0,0,0,0,0,0,0,0,0,0,0,0,0,0,0,0,0,0,0,0,0,0,0,True
RO_035,44.469,26.065,-2.237535320860727,-0.0249097735930359,1.0909221395848845,-0.8006990003050928,-0.2885807123227181,0.1123853435951136,-0.2406276106634864,-0.3156040890176396,1.085526802780964,0.5677343768824469,-0.0737124105115723,0.1847678282872318,4.839125013209849,-0.1138179261499422,0.795626000485003,1.0400038780762697,-0.2480245493064666,-0.2971704697304324,-0.1974922969731444,-1.2084718855625265,0.2824642613388057,-0.0577033698323529,-0.7149552231343153,0.7480576157987934,0.3090220253418902,0.2822767535459363,0.4088250068929643,0.0174095961276323,-0.0399913256448338,-3.105660008116621,-0.2099269684864401,-0.5728214366169448,-0.1591896513619691,-0.4357460988806527,-0.5515455309859825,-0.3796110552760798,-0.2322355141106196,-0.1690423043535571,0.2217202703443639,-0.9478638910672076,-0.9170165995318398,0.2943303182203099,1.3894003802293178,0.8257387396760073,5.836317980031126,1.332348573775381,7.349835065399008,1.1535354227265884,1.2133318734561132,-0.938301914378058,0.9428328596975576,-0.8272533395063871,-0.1993414618401445,-0.462035829346807,-1.1968376845083908,1.1886265700747036,-0.4044853269856078,-0.2286463135817451,0.4980821169648748,0.17289211487210873,-0.7642953829568256,0.22753387755406443,-0.6189462895085891,-0.2726705090841442,0.10896830847981014,5,7,3,0,0,0,0,0,0,0,0,0,1,0,0,0,0,0,0,0,0,0,0,0,0,0,0,0,0,0,0,0,0,0,0,0,0,0,0,0,True
RO_034,44.469,26.065,-2.237535320860727,0.6878111558412323,0.8386545618105573,-1.0722500921968583,-0.2991048970165372,-0.3206286157253183,-0.2319574429733984,-0.3287353594871076,2.61745742056829,1.3103177288623504,0.0826213607886331,0.0436663876253677,0.3523832921497444,-0.1601082913904655,0.1921223845320847,0.6845004487029522,-0.2172324337355958,-0.3071231748654169,-0.3486570327981423,-1.2084718855625265,-1.1998396121339083,-0.0713560986310495,-0.7149552231343153,-1.0535879090813047,0.1422444727812122,0.3466462929546521,0.4379733987307673,-0.0288898153665554,1.5277263482037775,0.2233851689064564,-0.2099269684864401,-0.1429536801399053,-0.1591896513619691,-0.2900652468433534,-0.5515455309859825,-0.3796110552760798,-0.2322355141106196,-0.4875467233672091,-1.1705526037298035,-0.0652126636276229,-0.0249539573523661,0.2943303182203099,-0.2890865258858948,0.634157425287612,0.0509043525617847,0.903725993981638,1.2113214756903654,-0.3953170809399522,-1.2393133858303549,-0.938301914378058,0.9428328596975576,-0.8272533395063871,-0.1993414618401445,-0.462035829346807,-1.1968376845083908,1.1886265700747036,-0.4044853269856078,-0.2286463135817451,0.4980821169648748,0.17289211487210873,-0.7642953829568256,0.22753387755406443,-0.6189462895085891,-0.2726705090841442,0.10896830847981014,5,7,3,0,0,0,0,0,0,0,1,1,1,0,0,0,0,0,0,0,0,0,0,0,0,0,0,0,0,0,0,0,0,0,0,0,0,0,0,0,True
RO_035,44.469,26.065,-2.237535320860727,0.6878111558412323,0.8386545618105573,-1.0722500921968583,-0.2991048970165372,-0.3206286157253183,-0.2319574429733984,-0.3287353594871076,2.61745742056829,1.3103177288623504,0.0826213607886331,0.0436663876253677,0.3523832921497444,-0.1601082913904655,0.1921223845320847,0.6845004487029522,-0.2172324337355958,-0.3071231748654169,-0.3486570327981423,-1.2084718855625265,-1.1998396121339083,-0.0713560986310495,-0.7149552231343153,-1.0535879090813047,0.1422444727812122,0.3466462929546521,0.4379733987307673,-0.0288898153665554,1.5277263482037775,0.2233851689064564,-0.2099269684864401,-0.1429536801399053,-0.1591896513619691,-0.2900652468433534,-0.5515455309859825,-0.3796110552760798,-0.2322355141106196,-0.4875467233672091,-1.1705526037298035,-0.0652126636276229,-0.0249539573523661,0.2943303182203099,-0.2890865258858948,0.634157425287612,0.0509043525617847,0.903725993981638,1.2113214756903654,-0.3953170809399522,-1.2393133858303549,-0.938301914378058,0.9428328596975576,-0.8272533395063871,-0.1993414618401445,-0.462035829346807,-1.1968376845083908,1.1886265700747036,-0.4044853269856078,-0.2286463135817451,0.4980821169648748,0.17289211487210873,-0.7642953829568256,0.22753387755406443,-0.6189462895085891,-0.2726705090841442,0.10896830847981014,5,7,3,0,0,0,0,0,0,0,1,1,1,0,0,0,0,0,0,0,0,0,0,0,0,0,0,0,0,0,0,0,0,0,0,0,0,0,0,0,True
RO_036,44.469,26.066,-0.4989190731216809,0.430791513696289,0.7418586715243909,-0.8580026952869771,-0.3278916375025718,-0.1179412305115001,-0.2550778901469661,-0.2762102776092358,2.142030677117051,1.617593598647138,0.0435379179635817,0.2049251769532124,0.3923009231200301,-0.2087131748930149,0.2144743703081187,0.5356850596629584,-0.2573912634113993,-0.3476704731262784,-0.4523903176331253,-1.2084718855625265,0.4111055698496541,-0.133217524441699,-0.7149552231343153,0.2281390813615703,0.7194604566990678,0.3185457322821202,1.1606655530172891,0.0005153729660433,-1.2690508686038833,0.4432897449029618,-0.2099269684864401,-0.5728214366169448,-0.1591896513619691,-0.4066099284731928,-0.5515455309859825,-0.3796110552760798,-0.2322355141106196,-0.3282945138603831,-0.2423706876803585,-0.6757130959400024,-0.6540079808350175,-2.283701392140152,-0.0791598942584634,-0.0483510072210465,-0.5442681689475076,1.0919017607203545,-0.0457427280247333,0.1863786557311919,-0.8359130700318503,-0.8324088560001952,1.0311412294109046,-1.0257771622112206,-0.0219301718970841,-0.2119007062629193,-0.1692116299583508,0.1361535811064217,-0.1791847816571833,-0.2286463135817451,0.6890831061481437,0.17289211487210873,-0.7642953829568256,0.5040516620070633,-0.6153449890829809,0.3918791275997484,0.30108680965344203,5,7,3,0,0,0,0,0,0,0,0,0,1,0,0,0,0,0,0,0,0,0,0,0,0,0,0,0,0,0,0,0,1,1,1,0,0,0,0,0,True
RO_037,44.431,26.089,-3.2034332362713087,-0.0621922655703286,1.0376920699663432,-0.7452959253889424,-0.2607225763684911,0.0018285880239403,-0.2492977783535742,-0.2105539252618961,0.1082607190200832,1.8864599847088277,-0.0216011534115038,0.0235090389593871,1.92114618928197,0.1060613087425433,0.3038823134122547,0.9159910538762748,-0.414472185730834,-0.3936120049054901,-0.3741255888059754,-1.2084718855625265,-1.1998396121339083,-0.9819421003211934,-0.7149552231343153,-1.0535879090813047,0.7440428900212857,0.1043742463587677,-0.939414232248345,-0.1142243639031168,-2.238931157450171,-1.1189843764055782,-0.2099269684864401,-0.1429536801399053,-0.1591896513619691,-0.4940184396955724,-1.0452770650132663,-0.3796110552760798,-0.2322355141106196,-0.4875467233672091,-1.1705526037298035,-0.6168696807773635,-0.6024895877905141,1.583346173400541,0.0542052599519047,-0.9224407541181004,-0.338066068286987,0.2242023918696067,-0.3888308702771975,0.9362755692711008,0.6415495430703106,0.8337389429780253,-0.2549940883034809,-0.1348997335509427,0.7899476043807478,-0.1035954108760529,-0.8716234080750951,1.078164955370967,-0.4389249533791001,-0.1782736185968925,0.4852258803342797,0.17289211487210873,-0.7642953829568256,-0.6175193782814751,-0.6802607377804805,-0.5438162643168541,-0.5862315528794648,3,7,0,0,0,0,0,0,0,0,1,1,1,0,0,0,0,0,0,0,0,0,0,0,0,0,0,0,0,0,0,0,0,0,0,0,0,0,0,0,True
RO_038,44.456,26.082,-0.6920986562037972,0.2548276502875398,1.0915357426928791,-0.9689989071258512,-0.4362288328801214,1.4851317252705207,-0.2406276106634863,-0.1448975729145564,-0.0238022652719276,-0.1492426526153911,0.2259273178138214,0.3460266176150766,-0.4020599331886541,-0.1439066635562823,0.2144743703081187,0.5439525812762919,-0.5136729971903091,-0.6064312981362088,-0.6345078364368416,-1.2084718855625265,-1.1998396121339083,0.7943782821881294,-0.7149552231343153,-1.0535879090813047,0.6588411297072984,0.1834207358521743,-0.6771264208366329,-0.891314561976543,-1.2998802338082804,-0.5701888525672234,-0.2099269684864401,-0.1429536801399053,-0.1591896513619691,-0.3483375876582731,-0.0578139969586984,-0.3796110552760798,-0.2322355141106196,-0.4875467233672091,-1.1705526037298035,-1.4774546275309586,-1.5823020162537331,-0.994685536959921,1.624024262636447,0.382706950152843,0.0258021475898713,1.2382606904060227,-0.1316491323119691,1.4268623351383307,2.8706408085217285,-0.3510156880647927,0.3859396077306738,-0.357860826555776,1.1966440863610164,-0.4724223209121411,-0.8224305167607082,1.0003988540578042,-0.2589665369131947,-0.2286463135817451,1.0113997931519405,0.17289211487210873,-0.7642953829568256,-1.1170433204073578,-0.6159913763388593,-0.2467834645447672,1.516298941042966,5,7,0,0,0,0,0,0,0,0,1,1,1,0,0,0,0,0,0,0,0,0,0,0,0,0,0,0,0,0,0,0,0,0,0,0,0,0,0,0,True
RO_039,44.484,26.084,-3.2034332362713087,0.0764099498272066,0.9828512921893152,-0.7945219850914567,-0.2731039701259253,0.1768767843449641,-0.2377375547667904,-0.2105539252618961,0.0554355253032788,1.0713253856964042,-0.1649071104366921,0.225082525619193,0.7994607590169435,-0.167051846176544,0.2144743703081187,0.8167807945162798,-0.345895998313543,-0.4917978094645687,-0.4919241788399749,-1.2084718855625265,-1.1998396121339083,1.269537536485018,-0.7149552231343153,-1.0535879090813047,0.730286335808134,0.3045968068734471,-0.5758343380402623,-0.2544409699792794,-0.8925001017043674,0.3258208427240047,-0.2099269684864401,-0.1429536801399053,-0.1591896513619691,0.6131560357879025,0.9296490710958696,-0.5554179105937436,-0.7893398091962072,-0.4875467233672091,-1.1705526037298035,-0.2417429091155399,-0.489582455370551,0.2943303182203099,0.1082304960324937,0.6221835931383373,-0.3603622866004085,1.300985945985595,-0.0889454720845736,0.2074038028397875,0.0040066717629443,0.3580064399787191,-0.1940142403819633,0.0702283094910646,1.0235589242455028,-0.3341888469968563,-0.6225627350060002,1.0106332050440432,-0.5328162612119245,-1.2865759800252738,0.619294559372754,0.17289211487210873,-0.7642953829568256,0.5761854497776918,-0.6303504075230145,1.358246295041336,0.5011195621373958,3,7,0,0,0,0,0,0,0,0,1,1,1,0,0,0,0,0,0,0,0,0,0,0,0,0,0,0,0,0,0,0,0,0,0,0,0,0,0,0,True
RO_040,44.398,26.158,-0.1125599069574483,-0.485122954815919,1.0652275094376056,-0.508478665198468,-0.3464637281387232,-0.2561371749754667,-0.2521878342502702,-0.2565133719050339,0.2931488970288984,0.5293248931593486,-0.1388514818866579,0.3057119202831154,0.3084738980824302,0.2565049957742439,1.7120574173023972,1.2218893535695945,-0.6654467219912105,-0.670368936322447,-0.854002400905967,-1.2084718855625265,-1.1998396121339083,0.7943782821881294,-0.7149552231343153,-1.0535879090813047,0.8734988340195582,0.0824885482209166,0.4388094285326754,-1.0571329427387512,1.75089884051004,1.3697853311698875,-0.2099269684864401,-0.1429536801399053,-0.1591896513619691,-0.3483375876582731,-0.0578139969586984,-0.2038041999584159,-0.2322355141106196,-0.4875467233672091,-1.1705526037298035,-0.0357909560463034,-0.4593695659916483,0.2943303182203099,0.1495983910884875,0.29889012510792,-1.0115787038022808,-0.2566912342404463,-0.4120574640178995,1.65113057096335,1.819109059742046,2.094194282372458,-0.6527169715108007,-0.3240551177984602,1.8430660376217125,-0.2119007062629193,-0.1692116299583508,0.1361535811064217,-0.1426928511468461,-0.2732709343920575,0.8185621987357296,0.22727715515678804,-0.8181252196243615,-0.37236269138890576,-0.7353421660849735,-0.3158485814611676,0.8310764218318787,5,7,0,0,0,0,0,0,0,0,1,1,1,0,0,0,0,0,0,0,0,0,0,0,0,0,0,0,0,0,0,0,1,1,1,0,0,0,0,0,True
RO_041,44.393,26.133,0.2737992592067841,-0.5283421493373661,1.5941533885290506,-0.8102021006337634,-0.2885807123227181,0.0110416509882037,-0.2059469399031349,-0.230250830966098,0.4780370750377137,1.835247339744696,-0.151879296161675,0.1646104796212512,1.3662911187949998,0.0620854617640462,1.197961744453615,0.9821312267829384,-0.4450400868197046,-0.4743241053894426,-0.5290159130269149,-1.2084718855625265,0.2643996104711634,-0.9819421003211934,-0.7149552231343153,-1.0535879090813047,0.9247982101624976,0.1939289937153981,0.4057244629033685,0.5225934151320405,-0.6729289701267588,1.198985122607787,-0.2099269684864401,-0.5728214366169448,-0.1591896513619691,-0.3192014172508132,-0.3046797639723404,-0.5554179105937436,-0.7893398091962072,-0.4875467233672091,-1.1705526037298035,0.5526431955800865,1.3973388749229896,1.583346173400541,-1.2173944395677865,0.2749424608093707,0.6339428777100313,1.84460482767522,-0.1276180705883762,0.676965421598422,-0.101958558220835,0.7599503174414165,-0.2815962700245635,-0.0489775449999514,1.24675708338669,-0.2119007062629193,-0.1692116299583508,0.1361535811064217,-0.2558882336439113,-0.1782736185968925,1.0270128642634158,0.22727715515678804,-0.8181252196243615,0.12403391585156606,-0.7155350137441289,-0.5254032995584446,0.028401473095496337,5,7,0,0,0,0,0,0,0,0,0,0,1,1,1,0,0,0,0,0,0,0,0,0,0,0,0,0,0,0,0,0,1,1,1,0,0,0,0,0,False
RO_042,44.397,26.022,-0.6920986562037972,-0.3224573051060763,1.612484781380393,-0.9530336985736844,-0.3217009406238547,0.3334988547374615,-0.3013187844941014,-0.1514632081492903,-0.0502148621303298,0.1494977763420412,0.0826213607886331,0.3661839662810572,-0.0946941747174547,-0.3012939053740615,0.4826981996205268,1.1392141374362652,-0.5491871848690124,-0.5021497897391316,-0.6826276341710753,-1.2084718855625265,-1.1998396121339083,1.3489215204803668,0.2061752701928653,-1.0535879090813047,0.7159691037121035,-0.1103122668456745,0.4463526360762799,-0.4043016437258066,-0.5857145254719435,0.7650861470364666,-0.2099269684864401,-0.1429536801399053,-0.1591896513619691,-0.2026567356209737,0.4359175370685855,0.3236163659945755,0.3248687809749678,-0.4875467233672091,-1.1705526037298035,-1.117038709659795,-1.4071635539178629,0.2943303182203099,0.7855525986657061,-0.2519061537587166,-0.2567682926679807,0.8932717847183761,-0.0623148706661709,-0.4583925222657389,2.6392051033655703,-0.4623079059349347,-0.1351294675782802,0.4933494829939922,-0.3020162862046743,-0.8087153454123045,-0.6152828243075311,0.8917534624995685,-0.4784954929706887,-0.3065200133391933,1.2965279389875437,0.2132497530089754,-0.7860903581520088,-0.5997143680536179,-0.6308121127057849,-0.7793075241706006,-1.6477727738814931,7,7,8,0,0,0,0,0,0,0,1,1,1,0,0,0,0,0,0,0,0,0,0,0,0,0,0,0,0,0,0,0,0,0,0,0,0,0,0,0,True
RO_043,44.457,26.111,-0.3057394900395646,0.3137197395255557,0.8421827796815269,-0.8498300290043204,-0.2916760607620767,0.4440556103086354,-0.2146171075932227,-0.7620672849795495,0.1610859127368875,0.546395774814059,-0.2039905532617435,0.0839810849573289,0.9471559936070004,0.3259405436350288,0.6838660716048329,0.725838056769617,-0.3908544307738682,-0.4408382107950329,-0.4229646737160381,-1.2084718855625265,-1.1998396121339083,-0.133217524441699,-0.7149552231343153,0.6907964435491247,0.0566180960316839,0.152504764174453,0.286478951599372,-0.0764150775279998,-1.0035282934387586,1.3088069693331668,-0.2099269684864401,-0.1429536801399053,-0.1591896513619691,-0.4066099284731928,-0.5515455309859825,-0.2038041999584159,-0.2322355141106196,-0.0894161996001441,0.2217202703443639,-0.6683576690446725,-0.5799803833528455,-0.994685536959921,-0.4650544376912417,1.1610060398556992,-0.0078696923120304,-1.1766616494075042,-0.4237667385483361,0.1443283615140007,0.9314213705465996,-0.6468241225339603,0.277184718285777,-0.0102448292340929,0.5728222941099173,-0.2119007062629193,-0.1692116299583508,0.1361535811064217,-0.7481121680091938,-0.2732709343920575,0.0255971177915677,0.18865303565430303,-0.8235936382525025,0.13236641697237397,-0.6387534418494334,0.6525809700259412,0.3580424916018465,5,7,0,0,0,0,0,0,0,0,1,1,1,0,0,0,0,0,0,0,0,0,0,0,0,0,0,0,0,0,0,0,1,1,1,0,0,0,0,0,True
RO_044,44.464,26.134,-0.4989190731216809,-0.3800037417674172,1.005324506019621,-0.5344696445973823,-0.312414895305779,0.0386808398809972,-0.2955386727007095,-0.2893415480787037,1.085526802780964,1.4170107392042903,-0.0867402247865894,0.1847678282872318,2.519982505572001,0.5296181506933312,1.309721673333785,1.056538921302936,-0.4445777832376688,-0.5510445577155829,-0.6793200511177734,-1.2084718855625265,-1.1998396121339083,0.1089788447320233,1.3073476911524553,-1.0535879090813047,0.6847993542945718,0.2104214645987024,1.2268636829241513,1.3455274356799092,-0.6802726955255667,1.3882565845972117,-0.2099269684864401,-0.1429536801399053,-0.1591896513619691,0.7879730582326617,0.4359175370685855,-0.0279973446407521,0.8819730760605554,-0.4875467233672091,-1.1705526037298035,4.281844631512332,3.736972065591244,-0.994685536959921,0.1088479273019861,1.8554883045136328,0.3532683743835926,0.5900997160837774,-0.3157982694627695,-0.3602751690922929,1.698176539572729,0.1182357539953198,0.236439377318402,-0.4261308988447219,0.7611748911439199,-0.4594957829684805,-0.6687687545909362,1.0120466001064452,-0.1922038087563225,-0.1782736185968925,-0.3017414217049735,0.18865303565430303,-0.8235936382525025,0.16967919744824944,-0.6570831376054131,-0.4390141566596694,-1.187357306504257,5,7,0,0,0,0,0,0,0,0,1,1,1,0,0,0,0,0,0,0,0,0,0,0,0,0,0,0,0,0,0,0,0,0,0,0,0,0,0,0,True
RO_045,44.483,26.156,-3.3193409861205785,0.170684786228385,0.9700423273099252,-0.8575275402705436,-0.2650560641835931,0.0663200287737907,-0.2839784491139256,-0.3090384537829056,-0.0317260443294483,0.4781122481952169,-0.1258236676116408,-0.0571203557045352,-0.4379858010619111,0.1639242652931974,-0.1766853807724764,-0.5638953149103253,-0.2705432681548856,-0.3609497012155302,-0.4245006405393136,-1.2084718855625265,-1.1998396121339083,0.820223231355501,1.198941395902077,-1.0535879090813047,0.4806748601227273,0.449845295965624,0.3077916105764679,1.1877754760412156,1.312790876308806,-1.7175573323388216,-0.2099269684864401,-0.1429536801399053,-0.1591896513619691,0.0012964572312453,-0.0578139969586984,0.1478095106769117,0.8819730760605554,-0.4875467233672091,-1.1705526037298035,1.5860806743739335,1.5471394360068318,-0.3501776093698055,-0.0635697547037791,-0.6470426146847821,-0.5857133502682044,-0.2201015018190292,-0.2691403296398496,0.3931259356323817,1.6382277655849111,-0.0280792974690743,-0.5751647914886245,0.8828388685062458,0.5338137204703227,-1.2546083909096697,-0.3370115449093528,1.556503022776249,-0.3400953938879816,-0.2286463135817451,0.7349982369716977,0.18865303565430303,-0.8235936382525025,0.45311854184010286,-0.5761462190657851,0.26628818876371413,-1.2770076129818833,3,7,0,0,0,0,0,0,0,0,1,1,1,0,0,0,0,0,0,0,0,0,0,0,0,0,0,0,0,0,0,0,0,0,0,0,0,0,0,0,True
RO_046,44.169,26.129,0.4669788422889004,-1.174017918039646,-0.6873763677723008,0.9908254736559122,-0.2731039701259253,-0.4403984342607563,0.0281475877292372,-0.5519669574680625,-0.5652605008691723,-0.9003614454226501,-0.6339084243373084,-0.4602673290241469,-0.3501670129272828,-0.5929232063893581,-1.0394720317273891,1.1144115725962662,-0.5491523320577945,-0.5972930006631826,-0.7112860124267231,-1.2084718855625265,-0.753768074604909,1.0643738220328702,0.5609758562232795,0.6907964435491247,0.0024366293631105,0.1621119611497535,0.8291724773525752,0.3812904263394777,0.9423219350255556,0.2491087240404326,-0.2099269684864401,-1.0026891930939843,-0.1591896513619691,2.215645408198195,0.9296490710958696,-0.2038041999584159,0.3248687809749678,-0.0894161996001441,0.2217202703443639,0.1775164239182628,1.5770514001927176,-0.994685536959921,4.70654987557748,1.1610060398556992,0.1605653446747353,0.5900997160837774,0.1528286521815883,-1.2783732595009665,-0.2480488640211618,-0.2637767971546714,0.9320179645283392,-1.2315978026287742,-0.062071798880904,-0.6624454567226757,-1.124906894378774,0.7581900768426794,-0.6872496230557709,-0.2254339226236669,0.6936754949720749,0.26927670268489484,-0.8162559424407433,1.0855143308203519,-0.7575040148579464,0.48471940779291256,0.48742804909414933,7,7,7,0,0,0,0,0,0,0,0,0,1,0,0,0,0,0,0,0,0,0,0,0,0,0,0,0,0,0,0,0,0,0,0,0,0,0,0,0,True
RO_047,44.68,25.313,-0.3057394900395646,-1.2509575830118924,-0.0970134774928851,0.6712362096027155,-0.2607225763684911,1.853654243841102,-0.1481458219692158,-0.440351158477585,-0.1822778464223407,-0.7552589513576113,0.1998716892637872,0.0436663876253677,-0.3621423022183684,-0.479511811550076,-0.5164355645681935,1.329367134542923,-0.8211141231106762,-0.8537875478247207,-0.8017165841205698,-1.2084718855625265,-0.753768074604909,-0.9819421003211934,-0.7149552231343153,-1.0535879090813047,1.267318990014274,0.7514522259692717,0.5905546748961978,0.2284433715240083,0.008699777075614,0.0738219581231484,-0.2099269684864401,-1.0026891930939843,-0.1591896513619691,-0.3192014172508132,-0.3046797639723404,-0.5554179105937436,-0.7893398091962072,-0.4875467233672091,-1.1705526037298035,0.0469575965261576,-0.4275918656090574,0.2943303182203099,1.905881637159748,-0.1291743742286508,-0.1942782114085952,0.1510229270267725,-0.4347081917980883,-1.888102525650238,-2.090140142281632,0.4779936857369127,-0.4389568648111991,0.3629302273324293,-0.3387933788655274,-0.2119007062629193,-0.1692116299583508,0.1361535811064217,-0.7745993070823919,-0.1735877950721751,-0.3366390229106566,-0.02201028647382772,-0.3471345726565072,0.623667797678921,-0.17123077377626003,-0.608162646537103,0.7047429835133565,7,7,7,0,0,0,1,1,1,1,0,0,1,1,1,0,0,1,1,0,0,1,1,0,0,0,0,0,0,0,0,0,1,1,1,0,0,0,0,0,True
RO_048,44.67,26.036,0.2737992592067841,-0.4461781861262632,0.0945073925899655,0.0694998967912855,-0.2607225763684911,0.2505812880590811,0.0223674759358453,-0.453482428947053,-0.0739861993028918,0.4738445277815393,-0.1649071104366921,-0.1175924017024769,1.6057969046167135,-0.30823746016014,0.4826981996205268,0.7175705351562842,0.2500972508226206,0.1647271320013068,0.2042386376919618,-1.2084718855625265,0.9236489413863131,-0.9819421003211934,-0.7149552231343153,0.2281390813615703,1.125492777467876,0.3881618939809305,0.2906976467652859,0.1795187329837066,0.371055655157502,-0.9853486741959162,0.6410744449032111,1.146649589291213,-0.1591896513619691,-0.3192014172508132,-0.3046797639723404,-0.5554179105937436,-0.7893398091962072,-0.4079206186137961,-0.2423706876803585,-0.3447188856501581,-0.5088416677236364,-0.994685536959921,-0.5150663705201298,0.382706950152843,0.373137793424805,1.1964438533529749,-0.1897604062384309,0.1863786557311919,-0.9999959693530892,-0.1187349678941521,-0.0198730399196856,0.1061968071367808,-0.3170442613957756,-0.6852673064764939,-0.9113626901191276,1.1162322092238413,-0.5253767734678496,-0.2633596893568201,0.7120422478947573,0.14792875804763306,-0.7238694893838162,0.7021952027586436,-0.522588417864434,-0.33696739408730053,0.22084897550676633,5,7,7,0,0,0,1,0,0,0,0,0,1,1,1,0,0,0,0,0,0,0,0,0,0,0,0,0,0,0,0,0,0,0,0,0,0,0,0,0,False
RO_049,44.255,26.589,-0.3057394900395646,-0.3850697279384293,1.007165315343605,-0.5325690245316482,-0.419823486151521,0.9968393881645043,-0.1828264927295672,-0.3943917118344472,0.081848122161681,5.221124416623686,0.0044544751385304,-0.016805658372574,7.304453868987079,-0.2712051679677214,0.7509220289329349,1.3459021777695894,-0.1765596887655717,-0.2660569900512418,-0.4540770084524671,-1.2084718855625265,-0.753768074604909,1.7335782833550932,1.226920133680045,0.2281390813615703,1.072690853870263,0.3477598631080328,0.809587059546402,0.5825520949905281,0.1470281575960136,1.7688653780575494,-0.2099269684864401,-1.0026891930939843,-0.1591896513619691,0.3217943317133038,1.4233806051231537,0.3236163659945755,0.8819730760605554,-0.3282945138603831,-0.2423706876803585,0.6997517334866838,-0.0597409096651265,0.2943303182203099,0.395644751981227,2.166807940394775,0.7762139850432924,2.0118721758874125,0.1108672191921877,-0.4794176693743345,-0.6889470185291782,0.3602044354122987,-0.4075640169452482,0.3892708079576944,0.2926510756483426,-0.5322117423761246,-0.8104649628195043,1.2637826810994528,-0.6717293598708509,-1.2865759800252738,1.0113997931519405,0.2916947744404623,-0.8455964944769957,0.059292485211056525,-0.8456435342487905,-0.4066429766811751,-1.01602763430335,7,7,1,0,0,0,0,0,0,0,0,0,1,0,0,0,0,0,0,0,0,0,0,0,0,0,0,0,0,0,0,0,0,0,0,0,0,0,0,0,True
RO_050,44.355,25.876,-1.6579965716143783,-0.8985549199908616,1.1011232912552968,-0.2825424548843215,-0.3093195468664205,1.098183080771412,-0.0990148717253846,-0.3353009947218415,-0.1505827301922581,-0.3156837487488179,-0.1258236676116408,0.0033516902934065,-0.3302081974421399,-0.3198100514702708,-0.0090454874522213,1.0730739645296017,-0.4463480710229848,-0.5384551174622544,-0.6738970851864471,-1.2084718855625265,-0.394367021143124,0.9751264438228744,-0.7149552231343153,0.2281390813615703,0.0873496953237267,0.4579714722820978,-0.015396439468518,0.9014605140358533,1.03931833902324,-1.816881237823602,-0.6354276751812659,-0.5728214366169448,-0.1591896513619691,-0.0861120539911343,0.6827833040822275,-0.5554179105937436,-0.7893398091962072,-0.4079206186137961,-0.2423706876803585,0.7585951486493229,0.9878398722655116,0.2943303182203099,0.7321447938546096,0.1671779714658982,2.769526237254077,-1.093027975301408,-0.3687779378299908,1.1955857169437794,0.2339297252514151,-0.3470450793862426,0.7084241293754213,-0.8441965883856843,-0.0355597690285965,-0.7215339669072088,-0.7870265348099956,0.8107717300647217,-0.2780143411483019,-0.2732709343920575,0.5017556777273895,0.17468575460383007,-0.6808479540648344,-1.7222248271369247,-0.6181152201796025,-0.7047977133740253,0.15558626538587558,7,7,7,0,0,0,0,0,0,0,0,0,1,0,0,0,0,0,0,0,0,0,0,0,0,0,0,0,0,0,0,0,0,0,0,0,0,0,0,0,True
RO_051,44.604,25.873,0.2737992592067841,-0.5444899802574673,0.7232204771190501,-0.2609704171382389,-0.2288404874430979,0.1400245324879046,0.0339276995226291,-0.4140886175386492,0.034305447816557,0.4653090869541843,-0.2039905532617435,0.0235090389593871,4.73134740959008,0.2472469227261393,0.885033943589139,0.9325260971029412,0.3691499482418675,0.2849314624060556,0.6203260423286696,-1.2084718855625265,1.0811983537360337,-0.9819421003211934,1.836906935580875,-1.0535879090813047,0.261095661898016,0.0494041028852462,-0.0148888004991698,0.7565213590706138,2.60977363428315,0.7668456171511205,0.6410744449032111,-0.1429536801399053,-0.1591896513619691,-0.3192014172508132,-0.3046797639723404,0.1478095106769117,1.4390773711461429,-0.4875467233672091,-1.1705526037298035,0.692396306591354,0.6964239153478884,0.2943303182203099,-0.269946156531629,0.5742882645412384,-0.1389168530113242,0.1301145085002485,-0.2036323773761284,-1.1171804650017336,-0.2975683028265042,-0.6487546513243584,0.0600572728437769,0.3167396768860245,-0.4106650884371376,-0.2119007062629193,-0.1692116299583508,0.1361535811064217,-0.6195246575417755,-0.1294654188644318,1.003596235117561,0.07854721982281178,-0.6575696695947185,0.5130400303179198,-0.49266992202092064,0.770285352271904,0.0909137328697326,5,7,7,0,0,0,0,0,0,0,0,0,1,1,1,0,0,0,0,0,0,0,0,0,0,0,0,0,0,0,0,0,1,1,1,0,0,0,0,0,True
SE_001,59.792,17.679,-0.8852782392859134,-1.816527445385043,-1.758880795108073,2.0402528429510194,-0.2607225763684911,0.6191038066296598,-0.2290673870767025,-0.7620672849795495,-0.7369423804487866,-1.0539993803150438,-0.6339084243373084,-0.6618408156839529,-0.7453515595331105,-0.3730439714968726,-1.1869951378492138,-1.4485201275369528,-0.4691799877472035,-0.5615078942676962,-0.7210881208950067,-1.2084718855625265,0.4774584380438563,0.2713078649416755,0.5531756885642957,0.0143535572885507,0.5206798573420877,0.3671019229495108,-0.3316167110666972,0.6487753485378553,0.94829945291908,-0.9596256762971648,0.6410744449032111,0.2869140763371341,-0.1591896513619691,-0.3483375876582731,-0.7984112979996244,-0.3796110552760798,-0.2322355141106196,-0.4875467233672091,-1.1705526037298035,1.096944785834497,2.1996054395062026,-0.994685536959921,-1.5224054866970542,-1.5690276901789348,-0.0477602053489682,-0.3664604315046975,-0.3281090039964088,0.4947474799905936,0.0756187862410881,-2.004553469591236,2.1866112402000804,-2.028617767501346,-1.42059900401211,4.6224514083474695,-1.2718937554771603,-2.402834061535042,-2.301616017024288,-0.2680321039747357,-1.7154358097497373,-1.1743546464949883,0.47381225208301125,0.314394944068067,-0.7435143478200074,-0.6724595315402593,-0.20008634335389983,2,2,2,0,0,0,1,0,0,0,0,0,1,0,0,0,0,0,0,0,0,0,0,0,0,0,0,0,0,0,0,0,0,0,0,0,0,0,0,0,True
SE_002,59.773,17.578,0.4669788422889004,1.7299003424252108,-0.6774053172673865,-0.7586002658490814,-0.2792946670046424,0.2413682250948151,0.0252575318325413,-0.446916793712319,-0.3169820904001919,-0.3967704366086924,-0.1909627389867264,-0.1175924017024769,-0.6495492452044249,-0.1763099192246487,0.1474184129800166,-0.8863286578303115,-0.150506634604709,-0.2397519167661164,-0.2580351621513115,-1.2084718855625265,0.9799569996688166,1.5993879939718971,2.4953230209511807,1.13425743927237,0.1301975801143247,0.3386527839270641,-1.1193170456062282,1.1435819056515266,-1.8513334438020248,-1.538723187464207,1.4920758582928624,1.146649589291213,-0.1591896513619691,-0.0278397131762145,0.6827833040822275,0.4994232213122394,1.4390773711461429,0.7864709526873989,1.6139931444185314,1.269797317874749,1.1711033148128398,-0.994685536959921,-1.318190094312428,-1.5031716133579238,-1.2671510021568062,-0.1573762462394571,-0.2915607110358331,0.0146732876776614,0.6622091803210927,-0.722262313162621,1.1542428776740483,-1.2791578388538003,-0.3608370234564219,2.2908985645680198,-0.9264789758367956,-1.7234805845373935,-2.062975571389364,0.665312462361181,-1.0478557295259077,-1.1720065825195445,0.4922304423557174,0.4506287992075565,-0.8108771339861894,-0.21988997659117607,0.7552502412040543,7,2,2,0,0,0,0,0,0,0,0,0,1,0,0,0,0,0,0,0,0,0,0,0,0,0,0,0,0,0,1,0,0,0,0,0,0,0,0,0,True
SE_003,59.808,17.601,0.4669788422889004,1.2890012334793128,-0.7261100639644672,-0.4637190626504288,-0.2597939718366835,0.7204474992365673,-0.0094231389278101,-0.5519669574680625,-0.3143408307143516,-0.4095735978497252,-0.1127958533366236,-0.016805658372574,-0.5697139832638537,-0.1277050357220992,0.3262342991882888,-0.4068124042569994,0.0645042545293733,-0.0226611618453991,0.1786346468182716,-1.2084718855625265,1.361039510146848,-0.0577033698323529,-0.1291141257771019,-1.0535879090813047,-1.10684019653524,0.2311865697181917,0.4694507684800305,0.1744712504269807,-1.9531786969734937,-2.3417750803789046,2.0594101338859634,1.146649589291213,-0.1591896513619691,-0.4357460988806527,-0.5515455309859825,-0.0279973446407521,0.3248687809749678,-0.4875467233672091,-1.1705526037298035,0.0671850204883147,0.9345159280629064,0.2943303182203099,1.3174696373334478,-0.8745454255210016,-0.06216932602771,-2.389349923945898,-0.4690681941087137,1.7282227770282006,2.9543939429642045,-1.26024514666457,1.3750375458928044,-1.275004498739448,-0.9125009225592764,2.4790111673139674,-1.0557296757199166,-1.82212311138631,-2.0768925388793664,-0.2680321039747357,-1.4890820088896413,-1.204950311319243,0.41253213116656895,-0.22918755098153767,-0.9679954076829115,3.0350140212668353,-0.32793116274255646,2,2,2,0,0,0,0,0,0,0,0,0,1,0,0,0,0,0,0,0,0,0,0,0,0,0,0,0,0,0,0,0,0,0,0,0,0,0,0,0,False
SE_004,59.991,17.747,0.4669788422889004,-0.5676826981966322,-0.1322189558140816,0.2828920146715866,-0.2257451390037393,0.4901209251299558,-0.0094231389278101,-0.7620672849795495,-0.5414891636966105,-0.8704874025269067,-0.0085733391364867,-0.6618408156839529,-0.677491586883625,0.0343112426197322,-0.4985539759473661,-1.0268765252569718,0.0159298882788163,-0.0717054027282543,-0.320300840412962,-1.2084718855625265,-0.1757195744990869,1.9851333555213888,1.5007230987454871,-0.0046062243326094,0.9581862115186184,0.3884443904316152,-0.7460465215760672,0.81883210433781,0.2377088252945136,-0.7527124492594571,-0.2099269684864401,-0.1429536801399053,-0.1591896513619691,0.4383390133431433,1.6702463721367955,0.4994232213122394,1.4390773711461429,-0.4875467233672091,-1.1705526037298035,0.5416100552370916,1.0116731475524547,-0.994685536959921,-0.2359874367095445,-1.179878145327507,0.495311969285084,-0.1887388740292432,-0.4151415461619817,0.6068815979031034,1.2165164032828233,-0.6888816212800801,1.1447318423898718,-1.2857006258879182,-1.5619152860578698,2.9818562026201696,-0.6038369722220511,-1.7754873685158463,-2.3015518729640125,1.7648912984606495,-2.1373861412867066,-1.22108995046452,0.38785555775604424,0.9623696818801389,-0.727493177977879,-0.5147283997388289,-0.07923760874467983,2,2,2,0,0,0,0,0,0,0,0,0,1,0,0,0,0,0,0,0,0,0,0,0,0,0,0,0,0,0,0,0,0,0,0,0,0,0,0,0,True
SE_005,60.009,17.881,0.4669788422889004,-0.8009555301649561,1.2045921153409054,-0.4052274801274605,-0.2279118829112903,0.0386808398809972,-0.2290673870767025,-0.7620672849795495,-0.7369423804487866,-0.8320779188038083,-0.0997680390616066,-0.4401099803581664,-0.6375739559133393,-0.4239633732614482,-1.106527989055491,-1.3575773897902907,-0.3395496477734962,-0.4306236005518924,-0.6555376861587154,-1.2084718855625265,0.1581832359260244,1.1984074432386445,1.6338031560674031,-0.1527651465176862,1.467906038065848,-0.2799490402296312,0.8509207435760298,0.6715611800015185,-2.6516583905798425,-3.7556448876648223,0.6410744449032111,-0.5728214366169448,-0.1591896513619691,0.1761134796760045,0.9296490710958696,-0.0279973446407521,0.3248687809749678,-0.4875467233672091,-1.1705526037298035,0.04879645324999,0.1518696860643991,-0.994685536959921,-0.6654108846415402,-2.19166696194122,-0.4983485764686752,0.5796455068205154,-0.3214993424718509,-0.8718870820681186,0.604051704360799,-1.997637634762548,2.076849944422924,-1.8682426234072933,-1.9563544753896265,3.648350475189002,-1.2012498087273,-2.053618479912205,-2.262173994912226,1.7448698850475115,-2.2870678914366565,-1.2299700228130475,0.3403778104363055,0.6821029245991045,-0.8459205573584526,0.5113159124439486,1.35759987943286,2,2,2,0,0,0,0,0,0,0,0,0,1,0,0,0,0,0,0,0,0,0,0,0,0,0,0,0,0,0,0,0,0,0,0,0,0,0,0,0,True
SE_006,60.126,17.961,0.4669788422889004,2.062909777135336,0.1850905514076857,-1.4928097972421814,-0.2257451390037393,-0.2469241120112022,0.1177393205268118,-0.3878260765997133,-0.390937361603718,-0.8406133596311636,-0.047656781961538,-0.6618408156839529,-0.7214009809509392,-0.2758342044917736,0.1250664272039826,-1.0930166981636356,0.7842952629519371,0.7040926041285367,0.0615978310526431,-1.2084718855625265,0.1039667561329182,1.157420679904405,0.9092786248658076,0.0209634557194898,0.5344783984566044,0.3950774353948783,0.6925988276973947,1.3007710684171057,-2.122945539834082,-1.4839722612241264,0.0737401693101102,0.2869140763371341,-0.1591896513619691,-0.2026567356209737,0.1890517700549435,-0.2038041999584159,-0.2322355141106196,-0.4875467233672091,-1.1705526037298035,2.7703044045220437,1.4332091579306112,-1.6391934645500366,-0.9457246809911104,-1.0481659916854849,0.0265605223624367,0.1667042409216655,-0.3026173374776879,0.5367977742077849,1.059638502694516,-1.9536454737528857,1.6980137726562297,-1.3272615177332647,-1.9847757168140427,3.2861536949955004,-0.9360350172746024,-1.7738194084842638,-2.3173287123900344,1.7448698850475115,-1.8146102154005168,-1.2258306781854282,0.30417977187778705,1.3279470367982145,-0.8296223644066623,-0.10961017690908802,0.7258709368387238,2,2,2,0,0,0,0,0,0,0,0,0,1,0,0,0,0,0,0,0,0,0,0,0,0,0,0,0,0,0,0,0,0,0,0,0,0,0,0,0,True
SE_007,59.999,17.748,0.4669788422889004,-0.7004273670839343,-0.35534038595866,0.5007981052080063,-0.2390551372929812,0.6052842121832628,-0.0498839214815535,-0.7620672849795495,-0.5811080589842137,-0.8235424779764532,-0.0867402247865894,-0.6618408156839529,-0.7373680333390534,-0.0976162983157591,-0.5276115574562105,-1.729615862390274,-0.0938471699363638,-0.1825443678471207,-0.5216876140598519,-1.2084718855625265,0.900538798250676,1.7505945746275786,0.8110675407387602,0.9839035670990895,1.5515009730288671,0.2845578382544578,-0.4869003430838181,-1.1445031241311312,0.4886236318654996,-2.157479182692735,0.6410744449032111,0.2869140763371341,-0.1591896513619691,0.3217943317133038,0.9296490710958696,-0.0279973446407521,-0.2322355141106196,0.4679665336737468,1.1499021863938088,0.4349563652548084,-0.4108002398387111,-0.994685536959921,0.1976036722915251,-1.269681886447067,1.065496042038348,1.0030409819826274,-0.3730137518950995,-0.5459973018848872,-0.2407244454197285,-1.8500832162076508,1.6198958513073922,-1.2746241171917605,-1.9673103836834585,4.051278519856539,-0.5595061525615169,-2.1256058165541023,-2.3089272166478123,1.7648912984606495,-2.1970742350224906,-1.22108995046452,0.38785555775604424,0.2025766950847927,-0.6755051743979469,0.6671331518511358,-1.1511479364455601,2,2,2,0,0,0,0,0,0,0,0,0,1,0,0,0,0,0,0,0,0,0,0,0,0,0,0,0,0,0,0,0,0,0,0,0,0,0,0,0,True
SE_008,60.024,17.895,0.4669788422889004,-2.072992995292532,-2.425637272332831,2.6072553240611587,-0.2607225763684911,1.9181456845909524,-0.0932347599319927,-0.7620672849795495,-0.5018702684090072,-1.062534821142399,-0.2039905532617435,-0.6618408156839529,-0.7333762702420248,-0.5813506150792274,-1.350164634014262,-1.1012842197769683,-0.5715691328158375,-0.6648874807070378,-0.6798074056055295,-1.2084718855625265,0.4394683804344406,-0.5575798123814463,-0.7149552231343153,-0.4127244134511564,0.827323431736414,0.2150259192522862,-1.0300757995745085,0.5586572736289034,0.3004235419319983,-0.546459160276204,0.3574073071066607,0.7167818328141736,-0.1591896513619691,-0.4648822692881125,-0.7984112979996244,-0.5554179105937436,-0.7893398091962072,-0.4875467233672091,-1.1705526037298035,0.284170113900546,-0.7159383855579077,-0.3501776093698055,-0.0953674650826401,-0.2219715733855298,0.9039242967432984,0.814865215243911,-0.2302885728372206,-0.1675446539301668,0.6852572149419072,0.9268852699828384,-0.1356753911320976,-0.3720045121268715,0.6744883839433952,1.7263427375420235,-0.0443919068402957,-0.4973872930447348,-2.0879876264352037,1.7448698850475115,-1.1819230073778606,-1.2299700228130475,0.3403778104363055,1.0072291411779095,-0.818910804166392,-0.6552509990644337,-0.5693826402663934,4,2,2,0,0,0,1,0,0,0,0,0,1,0,0,0,0,0,0,0,0,0,0,0,0,0,0,0,0,0,0,0,0,0,0,0,0,0,0,0,False
SE_009,60.126,17.954,0.4669788422889004,-0.4490278033474573,-0.9298262958187128,0.7058274947990769,-0.2288404874430979,0.5453993029155428,-0.0874546481386008,-0.5454013222333286,-0.4411212956346821,-1.1009443048654977,0.0565657322385988,-0.3796379343602246,-0.7892609536004247,-0.4586811471918406,-0.2482117352557853,-1.2831696952702931,-0.3124952016595203,-0.4033074485444363,-0.4657597460456495,-1.2084718855625265,1.4127164849868403,0.3323401322381834,0.4604139818161906,-0.4127244134511564,0.3774378936893708,0.4795513988343913,-0.1051160687252237,-0.0665683963729293,0.9995647270489176,-0.7680620868033078,1.775742996089413,2.006385102245292,-0.1591896513619691,-0.4648822692881125,-0.7984112979996244,-0.5554179105937436,-0.7893398091962072,-0.4079206186137961,-0.2423706876803585,-0.9184421834858882,-0.5545822970622142,-0.3501776093698055,0.3479481864129356,-0.4255267199231999,-0.3037875285670328,0.7573670642959698,-0.1751270123307213,0.676965421598422,0.573082151796043,-1.9536454737528857,1.6980137726562297,-1.3272615177332647,-1.184913478982595,3.2861536949955004,-0.9360350172746024,-1.7738194084842638,-2.2231808283161083,1.7448698850475115,-1.5469310453160705,-1.2258306781854282,0.30417977187778705,0.6206228450500221,-0.7752334938763246,0.49895810724318806,0.2718299949796631,2,2,2,0,0,0,0,0,0,0,0,0,1,0,0,0,0,0,0,0,0,0,0,0,0,0,0,0,0,0,0,0,0,0,0,0,0,0,0,0,True
SE_010,59.747,17.513,0.4669788422889004,0.4407651739704689,-0.8009696431398224,0.0918321825636616,-0.2319358358824565,0.8125781288792142,0.1206293764235078,-0.5585325927027965,-0.306417051656831,-0.2132584588205553,-0.6339084243373084,-0.359480585694244,-0.4579446165470539,-0.3383261975664801,0.0580104698758806,-0.8863286578303115,-0.0925173336102084,-0.1812016676093386,-0.0081963347625101,-1.2084718855625265,1.275533305246363,-0.9819421003211934,1.226920133680045,0.2281390813615703,-0.8031126353354311,0.1610850079105318,0.0207626360688757,-1.0985134991091752,0.9674293202751922,-0.4859336221863733,1.208408720496312,0.7167818328141736,-0.1591896513619691,-0.3192014172508132,-0.3046797639723404,0.3236163659945755,0.8819730760605554,-0.3282945138603831,-0.2423706876803585,-1.322990662729031,-0.6293321150076269,1.583346173400541,1.5610462731482175,-0.8865192576702763,-1.3052214157395872,-1.6784636940440814,-0.4181360491566507,0.1373199791444689,0.3934746695695922,0.4250577854789235,0.4479740976957132,-0.9348261388479916,0.2133056360834342,0.2066054820480272,-0.4889801913296881,-0.2804923444682534,-2.0437997083926813,1.6490513105483948,-0.3343410770155393,-1.1720065825195445,0.4922304423557174,0.02736733026405018,-0.9384924465038914,-0.4894188227321977,1.516586437509087,5,2,2,0,0,0,0,0,0,0,0,0,1,1,1,0,0,0,0,0,0,0,0,0,0,0,0,0,0,0,0,0,0,0,0,0,0,0,0,0,False
SE_011,59.766,17.587,0.4669788422889004,-1.1290572907719132,-1.0935049248763031,1.2153362189207575,-0.2341025797900074,0.5914646177368663,-0.0441038096881615,-0.7620672849795495,-0.5335653846390898,-0.7509912309439337,-0.256101810361812,-0.6618408156839529,-0.6695080606895678,-0.4748827750260238,-0.8405393583206866,-0.8945961794436442,-0.4356176209437153,-0.5276208684726834,-0.4348619832240805,-1.2084718855625265,1.049097515228706,-0.133217524441699,-0.7149552231343153,1.6610626574801428,-0.390648328294038,0.5399160029230052,-0.286043235933854,0.1269010628070264,2.038278778223901,-2.0779409606811896,1.4920758582928624,1.146649589291213,-0.1591896513619691,-0.4066099284731928,-0.5515455309859825,-0.3796110552760798,-0.2322355141106196,0.0698360099066818,1.6139931444185314,-0.9037313296952284,-1.5649687251359563,0.2943303182203099,-0.2356787210747983,-1.018231411312298,-0.3013607292948237,-0.8630353715096436,-0.3504909943283581,-0.6265936991345036,-1.3542749125745903,1.0635960419429156,-0.0034876679401975,-0.655581200066853,0.1241561145440632,0.4718562557027993,0.7062845889017129,-0.3125507460815647,-1.7718740000902458,-0.277351957279766,-1.5515225583984258,-1.1720065825195445,0.4922304423557174,0.7488250103363199,-0.9011866677360538,0.2639288214156383,-1.0663719098424795,7,2,2,0,0,0,0,0,0,0,0,0,1,0,0,0,0,0,0,0,0,0,0,0,0,0,0,0,0,0,1,1,0,0,0,0,0,0,0,0,True
SE_012,59.779,17.581,0.4669788422889004,1.2949379360234667,-1.055998434900126,-0.2629660682072599,-0.2443172296398907,-0.8273470787598648,0.2998128420186568,-0.2893415480787037,0.1346733158784853,0.2305844642019158,-0.0737124105115723,-0.1175924017024769,-0.5138292999054539,-0.2017696201069364,0.5274021711725948,-0.7127107039503192,0.4708979378224499,0.3876636912651219,0.8729526522998724,-1.2084718855625265,1.1182387914571068,1.6475471297506408,0.8820373313653627,1.1067312710985342,-0.247881670376475,0.5133020842753433,0.3918530686531919,-2.8652214479307903,0.991382588692198,-0.3845865269071497,1.208408720496312,0.2869140763371341,-0.1591896513619691,0.4092028429356834,1.1765148381095116,0.4994232213122394,0.8819730760605554,0.7068448479339859,0.6858112283690864,-1.756960849553494,-0.457323274679133,0.2943303182203099,-1.89379039529676,-0.5991472860876832,-0.9578857699046536,-1.2498411142503385,-0.4090757580445752,1.370795276182076,0.5262695633434042,-0.576133296108581,0.9886930556599104,-1.121877362336509,-0.7071617032608521,2.357065354326338,-1.1738966495083203,-1.619682417708256,-2.000317222107205,1.6490513105483948,-0.6791552148071441,-1.1720065825195445,0.4922304423557174,0.38568808472823074,-0.9027102948391956,-0.7062826298868004,1.5767238145033267,2,2,2,0,0,0,0,0,0,0,0,0,1,0,0,0,0,0,0,0,0,0,0,0,0,0,0,0,0,0,0,0,0,0,0,0,0,0,0,0,True
SE_013,59.837,17.597,0.4669788422889004,0.9502134082928752,-0.978454342127294,-0.1040267152102419,-0.2279118829112903,0.1400245324879071,0.1177393205268118,-0.5322700517638606,-0.0502148621303298,0.7085691505338079,-0.256101810361812,-0.0974350530364963,-0.2383976462104829,-0.1948260653208579,0.4156422422924248,0.0396337628629807,-0.043294581917554,-0.1315027692546156,0.0428409342684663,-1.2084718855625265,1.1344861721590804,0.8347380642767425,-0.7149552231343153,1.1894343241928014,-0.1761643437338614,0.3387527280616285,0.5297228983967034,-0.0017393701938567,0.4405392759203264,-0.8120839403786098,1.208408720496312,0.7167818328141736,-0.1591896513619691,-0.0569758835836744,0.1890517700549435,-0.5554179105937436,-0.7893398091962072,-0.1690423043535571,0.6858112283690864,-0.4035623008127971,-0.7617391999350889,0.2943303182203099,-0.5727961942176735,-0.7787547683268039,-0.7048919457768503,-1.5111963458318889,-0.4194413453338141,-0.1360069332672735,-0.4714436313648769,0.940147476387722,0.1926202249988658,-0.8728525593462098,0.5891543653076639,-0.4363185370907028,-0.0492278991386313,-0.1190177282619039,-1.723260906418641,0.665312462361181,-0.0492146826630877,-1.2107048560999736,0.41171799291534933,0.3053288347545864,-0.9164691092857497,-0.31673953136883254,1.7482640474963216,5,2,2,0,0,0,0,0,0,0,0,0,1,0,0,0,0,0,0,0,0,0,0,0,0,0,0,0,0,0,0,0,0,0,0,0,0,0,0,0,False
SE_014,59.838,17.587,0.4669788422889004,0.5970191849326245,-0.8270477752295978,0.0141918528784218,-0.2279118829112903,0.0571069658095266,0.1813205502541229,-0.453482428947053,-0.5309241249532495,-0.162045813856424,-0.6339084243373084,-0.4199526316921858,-0.6136233773311679,-0.2503745036094859,-0.4180868271536437,-1.2087620007502968,0.2172109269643044,0.1315226887206833,0.0576016812566276,-1.2084718855625265,1.3684873277612088,1.6649171667924174,-0.7149552231343153,0.2281390813615703,-0.7197796806765265,0.4679213125091301,-0.3792881481250909,0.4362307104160827,-0.2009614134714317,-0.8523946108920926,1.775742996089413,0.7167818328141736,-0.1591896513619691,0.0304326276387051,1.1765148381095116,-0.3796110552760798,-0.2322355141106196,-0.3282945138603831,-0.2423706876803585,0.1407392894416135,-0.7252670665414335,-0.994685536959921,0.4419520971931603,-0.5512519574905843,-0.8262319093873075,-1.5948300199379852,-0.4119294938044521,0.130311596774937,-0.0334115537008996,0.7578949408907445,0.2583101592530273,-0.8577786781909462,0.6972028495127559,-0.1176898155445457,-0.2664305970845665,-0.1519419305121541,-1.775401388234449,0.6474523879037368,0.2308621857628214,-1.2107048560999736,0.41171799291534933,0.059029384131280276,-0.8845652811563242,-0.07276774831990453,-0.22079418740659099,5,2,2,0,0,0,0,0,0,0,0,0,1,0,0,0,0,0,0,0,0,0,0,0,0,0,0,0,0,0,0,0,0,0,0,0,0,0,0,0,False
SE_015,59.845,17.572,0.4669788422889004,1.6642008342698975,-1.059526652771096,-0.4823926547962668,-0.2712467610623101,0.969200199271711,0.0859487056631563,-0.446916793712319,-0.0238022652719276,1.0286481815596282,-0.6339084243373084,0.0436663876253677,-0.3262164343451114,-0.0004065313106602,4.059015923785968,-0.0182388884303502,-0.0581250640553062,-0.1464767111609491,-0.0055839653165961,-1.2084718855625265,1.596098079982454,0.933322261875141,2.915516468577241,1.8035025091804584,0.0631597831522101,0.2846645809085268,0.4840383885548026,-0.6289579796020447,1.354141578766107,-0.0555190999336614,2.0594101338859634,1.146649589291213,-0.1591896513619691,2.128236896975815,0.9296490710958696,1.3784574979005586,3.6674945514884927,2.060488628742007,3.0062660184926986,-1.2641472475663922,-0.1808332073351509,0.2943303182203099,0.6762672639655434,-0.5392781253413096,-0.7197560913191313,0.1719313455532965,-0.087064309946897,-0.5845434049173124,-1.02618872717778,0.3353010189278181,0.6263602277091631,-1.146515202552878,-0.1581143397157964,0.4142336350017552,-0.4558331733630535,-0.5892999333595131,-1.6697736286960256,-0.2680321039747357,-0.5207549318243321,-1.2107048560999736,0.41171799291534933,0.648904905773313,-0.863788547931662,-0.045494781701937645,-0.30008146105436784,5,2,2,0,0,0,0,0,0,0,0,0,1,0,0,0,0,0,0,0,0,0,0,0,0,0,0,0,0,0,0,0,0,0,0,0,0,0,0,0,True
SE_016,59.828,17.607,0.4669788422889004,0.1968854334565886,-1.4588288752986571,0.6457203852202347,-0.237197928229366,0.0018285880239403,0.0136973082457575,-0.7620672849795495,-0.3698072841169962,-0.2431325017162984,0.0826213607886331,-0.2788511910303217,-0.529796352293568,-0.3452697523525586,-0.5387875503442274,-0.4646850555503304,-0.3777048983739563,-0.4691479385070626,-0.3799627284040326,-1.2084718855625265,1.6706682866189535,0.8841284984446655,1.7372925654227147,1.3082986714496407,0.0565214922625874,0.2252620253311175,1.161338760030718,-0.219429354503352,1.5741099518429704,-1.2372031126454623,2.0594101338859634,1.5765173457682524,-0.1591896513619691,0.0887049684536249,0.1890517700549435,0.3236163659945755,1.4390773711461429,0.3087143241669208,1.1499021863938088,-0.8007553531606103,-1.1463215966107627,-0.994685536959921,0.1279882966562519,1.3525873542440947,3.847025114114937,0.9350886217714242,0.0469844886392485,-0.409333845679016,-0.0725016573237663,-0.4662346491841994,0.9816046496258588,-1.17976436485694,0.11398908838349,0.6415344774360091,-0.575980607125235,-1.1131848489731313,-2.0085904297288764,1.6490513105483948,-0.857309075072207,-1.204950311319243,0.41253213116656895,0.5871141522921022,-0.9135141961160199,-0.45307136631393924,0.2600092335892019,7,2,2,0,0,0,0,0,0,0,0,0,1,0,0,0,0,0,0,0,0,0,0,0,0,0,0,0,0,0,0,0,0,0,0,0,0,0,0,0,True
SE_017,59.838,17.598,0.4669788422889004,1.90736817047848,-0.9844369724302424,-0.6748779519534924,-0.2412218812005322,0.7204474992365703,0.0801685938697644,-0.4928762403554568,-0.1030400558471342,-0.1151008893059703,-0.6339084243373084,-0.1175924017024769,-0.6695080606895678,-0.1716808827005963,0.4379942280684588,-0.2827995800570046,-0.1765280375553322,-0.26602503266921,-0.1448058752212062,-1.2084718855625265,0.3876931441204385,1.7304157119178587,2.1379326987869027,-1.0535879090813047,-0.3786504414174155,0.2376471167333178,-0.3201425780837448,-0.1085096468807592,-0.2831351024898578,-1.0222371750595567,0.6410744449032111,0.2869140763371341,-0.1591896513619691,0.2343858204909242,1.1765148381095116,0.6752300766299032,1.9961816662317304,-0.4875467233672091,-1.1705526037298035,-1.0214181600205066,-1.506107757381839,0.2943303182203099,0.929414084457446,-1.1738912292528694,-0.3206992859952403,-0.2357828157139223,-0.2782006207519251,0.6138899802726352,0.0228750109862017,1.091227663178031,-0.1143634329996504,-0.5064503140535576,0.7290076068238953,0.2701350094479227,-0.0626438422975025,-0.4153439407658869,-1.945483148477782,0.665312462361181,-1.5377492451895658,-1.2107048560999736,0.41171799291534933,0.7767789924254025,-0.8924604397816958,-0.44627374849990264,1.1678066577757042,5,2,2,0,0,0,0,0,0,0,0,0,1,0,0,0,0,0,0,0,0,0,0,0,0,0,0,0,0,0,0,0,0,0,0,0,0,0,0,0,False
SE_018,60.005,17.457,0.4669788422889004,2.4267900650750667,-0.9379565369996428,-1.0154690677330511,-0.2474125780792492,1.1073961437356783,-0.0209833625145939,-0.4140886175386492,-0.1030400558471342,-0.2516679425436538,-0.0867402247865894,-0.016805658372574,-0.4020599331886541,-0.1925115470588318,0.5050501853965609,-0.3076021448970037,-0.4432483721863104,-0.5353254342950876,-0.4806427426514345,-1.2084718855625265,0.6481685904745951,1.0103830099450966,0.4567269715801114,1.6610626574801428,-0.4066995870449448,0.4228289515122256,-0.1703586111954441,-0.7478586320599341,0.7541326498462242,-0.534440400829586,0.9247415826997616,0.7167818328141736,-0.1591896513619691,-0.2609290764358934,0.1890517700549435,-0.0279973446407521,0.3248687809749678,0.0698360099066818,1.6139931444185314,-1.2567918206710624,-0.686026421372022,0.2943303182203099,-0.0452011744363789,0.1073088107195247,-0.3454981410581275,0.5796455068205154,1.2135353603830052,1.265669540639098,0.7646316208726569,-0.4565694079807218,1.0044945511809835,-1.2201353020376178,-0.7185293654761679,0.8098185263923585,-0.6267186217017274,-0.8841686914795053,-1.957796743819876,1.6761605836865676,-1.1888014320114773,-1.2219313522056068,0.3932050831810021,0.8213086326187569,-0.8280525667852433,0.3557131609774958,-0.34845375379066973,7,2,2,0,0,0,0,0,0,0,0,0,1,0,0,0,0,0,0,0,0,0,0,0,0,0,0,0,0,0,0,0,0,0,0,0,0,0,0,0,True
SE_019,59.831,17.808,0.4669788422889004,2.626975674863968,-0.835638218741524,-1.1989739350796826,-0.2607225763684911,1.4206402845206705,0.0165873641424534,-0.2039882900271621,0.2139111064536919,0.618947021846578,0.3431776462889755,0.2855545716171348,-0.1745294366580259,-0.2573180583955644,1.019145858245343,-0.084379061337014,-0.2488018475544483,-0.3389979692348564,-0.0718077633447553,-1.2084718855625265,1.4296419587353153,-0.133217524441699,1.146816953580493,1.7096877324819966,0.4992901377158802,0.529209950453113,1.4261685451712778,0.2256926574990988,0.9301552187074448,-1.5164012429531493,1.775742996089413,1.146649589291213,-0.1591896513619691,-0.4066099284731928,-0.5515455309859825,0.4994232213122394,0.8819730760605554,3.0956279905363755,3.0062660184926986,0.3172695349295305,-0.2058701833941619,-2.283701392140152,0.5876658767933775,-1.5450800258803854,-0.279747048276711,1.3950738293549532,0.3412264004188422,1.2516527759000342,0.4372619546868564,0.4928649660683539,0.4349070809068772,-0.9574986744013082,0.3976224606387784,-0.2326038851324689,-0.3467897321827077,-0.0529637135939883,-1.7870095518194973,-0.277351957279766,-0.5258020056744619,-1.202151065745145,0.39565041738603685,0.8467554673732129,-0.9966672995329452,-0.6508787448879297,1.6107668379511142,5,2,2,0,0,0,1,0,0,0,0,0,1,0,0,0,0,0,0,0,0,0,0,0,0,0,0,0,0,0,0,0,0,0,0,0,0,0,0,0,True
SE_020,60.011,17.698,-3.010253653189192,1.3806639207610625,-0.3937672805968294,-0.7246741976757269,-0.2607225763684911,3.0145001773384275,-0.1250253747956482,-0.4797449698859888,-0.1003987961612939,-0.379699554953982,-0.6339084243373084,-0.2183791450323799,-0.4220187486737969,-0.2619470949196167,0.0356584840998466,-0.2166594071503408,-0.5456042292580153,-0.6386714107325719,-0.5810737451484294,-1.2084718855625265,1.3480257370426894,0.7269818633644043,-0.7149552231343153,0.8690025765830078,0.408798935027275,0.3581510477109046,0.927032015508114,0.3629300865019633,-0.050576341217632,0.4361768452949136,1.208408720496312,1.146649589291213,-0.1591896513619691,0.496611354158063,0.9296490710958696,-0.2038041999584159,-0.2322355141106196,-0.3282945138603831,0.2217202703443639,-0.175544067057571,-0.8113316717442838,0.2943303182203099,0.0335213124239078,-0.6829641111326061,-1.2384085982765791,-0.9048522085626916,-0.4198764440595353,1.76326468887586,1.1694649750931811,1.3662119411353444,-0.108041376502276,-0.6873907472509059,1.135167598892281,0.1871100125181035,-0.6739002605502805,-0.4070859650623534,-1.911877318414878,1.6761605836865676,-0.3968157804457831,-1.231484865890699,0.36504142479150414,0.5875858197184707,-0.9025717832843646,0.8706987066802203,0.2275423791475756,5,2,2,0,0,0,1,0,0,0,0,0,1,0,0,0,0,0,0,0,0,0,0,0,0,0,0,0,0,0,0,0,0,0,0,0,0,0,0,0,True
SE_021,59.577,17.654,-3.396612819353425,0.0695233748759867,-0.6254791542533338,0.2059169020093535,-0.4185853467757776,2.194537573518887,-0.1683762132460875,-0.4075229823039151,-0.1558652495639385,-0.4522508019865013,-0.1388514818866579,-0.2385364936983605,-0.1785211997550544,-0.2434309488234074,0.6615140858287989,-0.7044431823369864,-0.5711193616151488,-0.6644333587326005,-0.6635795947813675,-1.2084718855625265,1.6652664815106846,-0.9819421003211934,-0.7149552231343153,0.2281390813615703,0.7280488459187308,0.4919265588943801,0.9219522718974154,0.028667055878108,1.2473132618279308,0.7096919836399735,2.0594101338859634,1.146649589291213,-0.1591896513619691,-0.3192014172508132,-0.3046797639723404,-0.5554179105937436,-0.7893398091962072,-0.3282945138603831,-0.2423706876803585,-0.4329840083941166,-0.7643873416336381,0.2943303182203099,-1.1229274553354422,0.3707331180035683,-0.4914094472997022,0.9769054588244722,-0.2579813270272368,0.9012336574234414,0.1617205114307631,0.722462921574081,0.1511530310036521,-0.6749066024144117,0.1289377999017625,-0.0713426548301121,-0.0998867330212649,-0.3556386645326493,-1.9178417221315949,1.6490513105483948,-0.5423335545507235,-1.1446195699193118,0.39995323111716063,-0.4468800531093926,-0.9282887619646685,-0.6570823960968561,0.6555770385607217,7,2,2,0,0,0,0,0,0,0,0,0,1,1,1,0,0,0,0,0,0,0,0,0,0,0,0,0,0,0,0,0,0,0,0,0,0,0,0,0,True
SE_022,59.833,17.801,-0.3057394900395646,2.265390911907977,-0.7427540482688237,-1.039511911564588,-0.2607225763684911,2.2221767624116806,-0.0412137537914655,-0.4075229823039151,0.2667363001704962,-0.2345970608889433,0.395288903389044,-0.016805658372574,-0.0388094913590547,-0.224914802727198,0.5497541569486288,0.0396337628629807,-0.349521329352853,-0.4406917412428581,-0.2922314170452144,-1.2084718855625265,0.3649635972213969,1.2138777543832755,0.4567269715801114,2.3130340287756512,0.135690870635223,0.4420554342803879,0.5497239409072362,0.1297900225902612,1.0102205014396275,-0.7381802445558616,0.3574073071066607,0.2869140763371341,-0.1591896513619691,0.2052496500834643,1.1765148381095116,-0.0279973446407521,0.3248687809749678,1.9808625239885935,4.398538892566866,-0.1093452249996021,-0.7308040900929454,0.2943303182203099,-0.9577645907462132,-1.1140220685064957,-0.4806405255292741,1.6355206424099795,0.6063039005537747,0.8381582160976547,0.4562099071557816,2.3604317937302555,-0.9229113647059058,-0.084653182516032,1.9413905378796212,-1.053562237919857,0.5530897414584256,0.2927411093879496,-1.5801791319187417,-0.277351957279766,0.6422530005261069,-1.202151065745145,0.39565041738603685,-0.7057377214793507,-0.9930659991073371,-0.735502487043739,0.5282555842177848,3,2,2,0,0,0,1,0,0,0,0,0,1,0,0,0,0,0,0,0,0,0,0,0,0,0,0,0,0,0,0,0,0,0,0,0,0,0,0,0,True
SE_023,59.728,18.404,0.0806196761246679,0.2313974642466087,-0.9526063112030166,0.2495836480195957,-0.2712467610623101,2.1116200068405067,-0.0354336419980736,-0.453482428947053,-0.1347351720772168,0.8750102466672343,-0.1127958533366236,-0.3393232370282634,-0.2703317509867114,-0.2966648688500092,0.2144743703081187,-0.539092750070327,-0.2405599284480842,-0.3306763235358784,-0.1962853068888432,-1.2084718855625265,-0.753768074604909,0.2851435366601664,-0.7149552231343153,1.7161780359008347,0.6416628233601448,0.4772138386541732,0.685272862195008,-0.493595030072878,-1.1952716081346315,0.6699221854734063,-0.2099269684864401,-1.0026891930939843,-0.1591896513619691,-0.3483375876582731,-0.3046797639723404,-0.5554179105937436,-0.7893398091962072,-0.0894161996001441,1.6139931444185314,-0.9625747448578674,-1.015960802995816,0.2943303182203099,-0.1680699970653755,1.711802318722336,1.0635621863683062,-0.0476070489752058,-0.4066443239890747,1.3918204232906717,0.4519904051353907,-1.0390429218486164,0.964552016973914,-0.7970281544029678,-1.0664785333963618,1.453388952113501,-1.2538578387780008,-0.7417207086564837,-1.492316448315901,1.7448698850475115,0.0596021631831108,-1.1549087114984538,0.5267173427398235,0.6489107073406729,-0.9167923029136889,0.11547016828286936,0.6219794321731207,7,2,2,0,0,0,0,0,0,0,0,0,1,0,0,0,0,0,0,0,0,0,0,0,0,0,0,0,0,0,0,0,0,0,0,0,0,0,0,0,False
SE_024,59.737,17.669,-2.237535320860727,1.2308215485465943,-0.9764601320263112,-0.2737520870803012,-0.2607225763684911,2.452503336518292,-0.0874546481386008,-0.3353009947218415,0.0026103315864744,-0.247400222129976,0.4083167176640611,-0.2990085396963022,-0.4100434593827112,-0.2179712479411195,0.0580104698758806,-0.3985448826436666,-0.4052097587609001,-0.4969188617818693,-0.4045136924231312,-1.2084718855625265,1.176530238076981,-0.9819421003211934,-0.7149552231343153,0.2281390813615703,-0.2288657242623629,0.3035624447732902,0.6068042283373734,0.2392906916996293,-0.5311424894923691,1.0276791962436156,1.208408720496312,1.5765173457682524,-0.1591896513619691,-0.4648822692881125,-0.7984112979996244,-0.5554179105937436,-0.7893398091962072,-0.4079206186137961,-0.2423706876803585,-0.0872789443136125,-0.3770364331822083,0.2943303182203099,0.1326190311774453,1.9273312974092809,2.2909159182880803,1.823696409148696,9.346618290925424,0.5718396860554441,0.3383823035675071,1.1530878163109533,-0.0903611187235622,-0.5810337101716005,0.0356031564370347,0.1036237974794327,-0.8207846894812149,-0.5017764407001699,-1.8390217455147544,-1.2865759800252738,-0.6479402820763648,-1.1743546464949883,0.47381225208301125,-0.10301825489818575,-0.965179006068013,-0.7136082180164901,-1.5438751953468877,5,2,2,0,0,0,1,0,0,0,0,0,1,0,0,0,0,0,0,0,0,0,0,0,0,0,0,0,0,0,0,0,0,0,0,0,0,0,0,0,True
SE_025,59.397,17.552,0.4669788422889004,1.3104525186721914,-0.910651198693878,-0.3623209821435121,-0.3464637281387232,3.0697785551240107,-0.1597060455559996,-0.446916793712319,0.0554355253032788,1.084128546937437,-0.0737124105115723,-0.0772777043705157,0.4881032374487155,-0.0976162983157591,0.7285700431569009,0.4034047138496315,-0.4957453676181987,-0.5883302491455161,-0.5416287048177116,-1.2084718855625265,1.0600282726176282,-0.9819421003211934,-0.7149552231343153,1.8443507349399455,0.8380678067096182,0.0290140779891486,-0.7387061290339954,-0.0792097770568746,1.0131371310058557,-0.3681851271982478,1.208408720496312,0.2869140763371341,-0.1591896513619691,-0.4648822692881125,-0.7984112979996244,-0.5554179105937436,-0.7893398091962072,1.1049753717010509,3.0062660184926986,-0.2490983360108697,-0.4349344403186712,0.2943303182203099,1.4020577212539127,-0.3716444752514637,-0.1006189269967736,1.6877916887262898,-0.0516293578433135,-0.4583925222657389,-0.4739116419805772,0.6096493606359522,-0.0023137453393691,-0.3743030714201987,0.1241561145440632,-0.4298139911699462,-0.4125401863684542,-0.2588627143396214,-1.9154687741663647,1.6146726417161792,0.00448824284648,-1.0482039900756133,0.1815666363659132,-0.9905424647493813,-0.9494810298538238,-0.3954896037629986,1.632740071379336,7,2,2,0,0,0,0,0,0,0,0,0,1,0,0,0,0,0,0,0,0,0,0,0,0,0,0,0,0,0,1,1,0,0,0,0,0,0,0,0,True
SE_026,59.675,16.938,-2.237535320860727,1.8716687991796288,-0.8219855495886416,-0.7540862931929628,-0.2607225763684911,0.6467429955224533,0.1119592087334199,-0.7620672849795495,0.081848122161681,0.5293248931593486,0.0956491750636502,-0.1175924017024769,0.8633289685694006,-0.1415921452942562,1.063849829797411,-0.4894876203903288,-0.3208779344795898,-0.4117712700910403,-0.3428313213405018,-1.2084718855625265,0.8378117442772911,-0.9819421003211934,-0.7149552231343153,1.290525879244926,0.5968336562649855,0.3410778951979265,-0.5595433715553535,0.6614892624248283,1.0926990562919996,-1.6514808283353606,0.9247415826997616,0.7167818328141736,-0.1591896513619691,-0.3192014172508132,-0.3046797639723404,-0.3796110552760798,-0.2322355141106196,0.2290882194135078,1.1499021863938088,0.3981792307781591,-0.7145541296700297,-2.283701392140152,1.007210424413494,0.8975817325716556,3.8408822784571575,1.2487148996692847,-0.0116386661410028,0.676965421598422,1.2257515397802825,2.6053021170567363,-1.181894881195154,0.1512504207006062,2.408766698828084,-0.5642174742103445,-0.1716673311998323,0.2039979428103338,-1.5259222783788051,1.6490513105483948,-0.118544691149345,-1.1884386361828556,0.30400185145478087,0.6462564902734704,-0.8928759744461889,-0.5890237225946701,-0.66117803481342,3,2,2,0,0,0,1,0,0,0,0,0,1,1,1,0,0,0,0,0,0,0,0,0,0,0,0,0,0,0,0,0,0,0,0,0,0,0,0,0,True
SE_027,59.675,16.931,-0.3057394900395646,2.479587139701083,-0.9969391357556348,-1.0317668847967214,-0.3022002454558958,0.5638254288440728,0.2333415563946499,-0.4206542527733831,0.2403237033120941,0.3415451949575334,1.163929945615054,0.225082525619193,0.1807374789775162,-0.111503407887916,0.8403299720370709,0.3455320625563006,0.5321529895954471,0.4495112818018734,0.7401558755432363,-1.2084718855625265,0.1905063447267423,0.4044159954120673,-0.7149552231343153,1.5861514337665663,0.6564636021421771,0.4299651672687977,0.1980779045568187,0.1330790457955741,-0.8874682349054946,0.1302856817143688,0.0737401693101102,0.7167818328141736,-0.1591896513619691,-0.3774737580657329,-0.3046797639723404,-0.5554179105937436,-0.7893398091962072,1.1049753717010509,2.078084102443253,-0.3226526049641685,-0.7401929561150746,0.2943303182203099,-0.0306915396033064,1.6160116615281384,2.505384303969564,2.0432348036771986,0.1393533887055777,0.8031163042499954,0.674987106250767,2.6053021170567363,-1.181894881195154,0.1512504207006062,2.408766698828084,-0.5642174742103445,-0.1716673311998323,0.2039979428103338,-1.6217376022079235,1.6490513105483948,-0.2866005504512143,-1.1884386361828556,0.30400185145478087,0.1493203372685181,-0.9059422311185875,-0.7395942569900523,0.18652351715036009,3,2,2,0,0,0,0,0,0,0,0,0,1,0,0,0,0,0,0,0,0,0,0,0,0,0,0,0,0,0,0,0,0,0,0,0,0,0,0,0,True
SI_001,45.623,15.099,0.4669788422889004,0.2313974642466087,1.189098636864039,0.1131191272998841,3.17356651709983,-1.757866438150578,-0.1770463809361754,2.1530747592423327,-0.2747219354267484,-0.7977782498390813,8.876395996425188,0.5476001042748825,-0.7415753516433214,0.5643359246237236,1.019145858245343,0.8994560106496092,1.081108281209136,1.0037767850705055,0.5692760072048723,1.7316054339127624,0.0540306812572554,-0.0577033698323529,-0.7149552231343153,0.930394258526863,0.6494616256997918,0.5718170961936944,-1.5797118351691246,0.6906989238277585,-1.568936625931962,0.1549026767247801,0.2155737382083854,0.2869140763371341,-0.1591896513619691,-0.4357460988806527,-0.5515455309859825,-0.5554179105937436,-0.7893398091962072,0.3883404289203338,0.6858112283690864,0.1260284356509537,-0.5452536160786885,0.2943303182203099,-0.7850381931057014,-1.3235641311188031,-1.0451367874882975,0.9507699356663172,-0.2021799154535005,0.9502923340101644,0.5693005226268248,0.8822147413568228,-0.9970328265046065,0.9482398091803332,1.3473431013835702,0.0271170523298591,-2.2129921611026746,0.100957876054251,-0.3130952552385642,0.342279372703788,1.8112208797453764,-0.4162657715734403,0.6616710389514472,0.9700350027545461,3.261039384419636,1.9419009799237215,1.8231487784287506,5,4,6,0,0,0,0,0,0,0,0,0,1,0,0,0,0,0,0,0,0,0,0,0,0,0,0,0,0,0,0,0,0,0,0,0,0,0,0,0,True
SI_002,45.624,15.101,0.4669788422889004,1.2308215485465943,0.7647153872971931,0.1171579449395692,4.859912346862374,-1.5736051788652885,-0.1625961014526956,0.1374247421790041,-0.3566009856877951,-0.5889885640407319,0.18684387498877,-0.0772777043705157,-0.7342624416495651,0.3328840984211073,0.7509220289329349,0.8994560106496092,1.6113527543408943,1.5391504744138729,0.995592213273668,0.1661625281884773,1.0110792340602202,-0.9819421003211934,-0.7149552231343153,0.2281390813615703,0.6750024270143503,0.481410156726682,-1.5764465350796966,0.4778215974795639,-1.5084872860075913,-1.428558046863237,0.6410744449032111,0.7167818328141736,-0.1591896513619691,-0.4940184396955724,-1.0452770650132663,-0.5554179105937436,-0.7893398091962072,-0.4079206186137961,-0.2423706876803585,-0.0137246753603138,-0.8488269507941969,0.2943303182203099,0.2479243207551594,-0.1381547483406068,0.7680614562382148,1.1912167487213436,0.0473492037475735,0.9888384370425896,0.5839095532068574,0.8822147413568228,-0.9970328265046065,0.9482398091803332,1.3473431013835702,0.0271170523298591,-2.2129921611026746,0.100957876054251,-0.011283307839278,0.2394986285620755,2.221697070006809,-0.2917624311912671,0.5919553748310314,0.9364105687277942,3.165789605214129,2.982777958161885,-1.3276879759391538,5,4,6,0,0,0,0,0,0,0,0,0,1,0,0,0,0,0,0,0,0,0,0,0,0,0,0,0,0,0,0,0,0,0,0,0,0,0,0,0,True
SI_003,45.625,15.094,0.4669788422889004,1.3104525186721914,0.8516936278554447,0.0205114145969878,5.138493706404644,-1.5183268010797013,-0.1741563250394794,0.5051003153241065,-0.3830135825461973,-0.7895500848815109,1.4244862311153963,0.0839810849573289,-0.7214648491604916,0.7726425682060785,0.929737915141207,0.7506406216096161,2.0043005995839644,1.9358994237895963,1.3034314915879552,-0.4822238862316856,0.4553433595354904,-0.9819421003211934,-0.7149552231343153,0.6907964435491247,1.0130502886262571,0.479072461272358,-1.0696442681437983,0.3320537478245389,1.1602400555902108,0.1433037144439735,0.0737401693101102,-0.1429536801399053,-0.1591896513619691,-0.3192014172508132,-0.3046797639723404,-0.5554179105937436,-0.7893398091962072,-0.0894161996001441,0.2217202703443639,0.1002844415172992,-0.730262424745515,-0.994685536959921,0.2877486376374222,-0.9344145862673752,-0.886750216238023,1.1232643885101403,-0.1321802086977758,0.5613271125011463,0.6587061975117114,0.5098516848459503,-0.6617463975228425,0.6773430671980007,1.283579231187888,-0.0846290512705892,-2.001448958236889,0.6272366814742036,-0.1069703435478457,0.342279372703788,2.221697070006809,-0.4162657715734403,0.6616710389514472,0.9739910915373339,3.19977110666602,1.9464877220409595,1.6189108839720323,5,4,6,0,0,0,0,0,0,0,0,0,1,1,1,0,0,0,0,0,0,0,0,0,0,0,0,0,0,0,0,0,0,0,0,0,0,0,0,0,True
SI_004,45.566,15.048,0.4669788422889004,1.8716687991796288,0.4991786423124807,0.3192413734287521,4.614760750465177,-1.1682304084376507,-0.200166828109743,0.8727758884692086,-0.2905694935417897,-0.7124110384042881,1.3463193454652935,0.5274427556089019,-0.7689987641199078,0.4624971210945724,0.6615140858287989,0.8663859241962774,1.4371288292863884,1.3632412282931017,0.8591975504546364,-0.2920489430625183,0.5636128439098378,-0.9819421003211934,-0.7149552231343153,0.2281390813615703,-0.2248692250810444,0.1023021154599834,-0.903740557638384,0.4487118436304691,0.5455320432785238,0.4002527845041083,0.3574073071066607,0.2869140763371341,-0.1591896513619691,-0.4648822692881125,-0.7984112979996244,-0.5554179105937436,-0.7893398091962072,-0.3282945138603831,-0.2423706876803585,0.1039621549649641,-0.5185916439773859,-0.994685536959921,0.8506915975971592,-0.3117753145050901,-0.8829583423751962,-0.0162444211854198,-0.2945424170091573,0.032194243601491,0.0262983805499151,1.1102947280583544,-1.4772986032086228,1.5266267834811629,1.3114028662368982,0.260891841556708,-2.6635885556715677,0.1455396153134953,0.2388369368071519,0.157878612859778,2.897551682084529,-0.3832769468884292,0.7762390162529937,1.0305520221218676,1.8070835933577842,1.7780816904199137,1.8675173791808721,3,4,6,0,0,0,0,0,0,0,0,0,1,0,0,0,0,0,0,0,0,0,0,0,0,0,0,0,0,0,0,0,0,0,0,0,0,0,0,0,True
SI_005,45.626,15.096,0.4669788422889004,2.479587139701083,1.0320929416058913,0.251531783586973,2.905509342251379,-0.4219723083322275,-0.1799364368328713,1.864186808914038,-0.0502148621303298,-0.7509912309439337,1.8934875450160125,1.353894050914106,-0.7573268488241963,0.6823763559870579,1.1085538013494791,0.51088249482296,0.5132338806711961,0.4304091625774296,0.2182805807545882,0.1100058490605546,1.0347453790258594,-0.9819421003211934,-0.7149552231343153,0.8166413592208649,0.4680045965478727,0.1974312467947641,0.3111664635922459,0.2643046572422193,0.238187137124182,0.4766719730919789,0.9247415826997616,0.2869140763371341,-0.1591896513619691,-0.4648822692881125,-0.7984112979996244,-0.5554179105937436,-0.7893398091962072,-0.2486684091069701,0.2217202703443639,-0.2196766284295502,-0.6248784221509759,0.2943303182203099,0.3011777677488829,1.4004826828411934,2.2252406629839205,0.86190915692859,-0.130574182519011,0.5367977742077849,1.1286233800656238,0.5098516848459503,-0.6617463975228425,0.6773430671980007,1.283579231187888,-0.0846290512705892,-2.001448958236889,0.6272366814742036,-0.1069703435478457,0.5973518495217727,2.221697070006809,-0.4162657715734403,0.6616710389514472,0.948885388943646,3.368662862523385,0.15962168592937853,-1.6088605321166618,5,4,6,0,0,0,0,0,0,0,0,0,1,0,0,0,0,0,0,0,0,0,0,0,0,0,0,0,0,0,0,0,0,0,0,0,0,0,0,0,True
SI_006,45.626,15.096,0.4669788422889004,2.479587139701083,1.0320929416058913,0.251531783586973,2.905509342251379,-0.4219723083322275,-0.1799364368328713,1.864186808914038,-0.0502148621303298,-0.7509912309439337,1.8934875450160125,1.353894050914106,-0.7573268488241963,0.6823763559870579,1.1085538013494791,0.51088249482296,0.5132338806711961,0.4304091625774296,0.2182805807545882,0.1100058490605546,1.0347453790258594,-0.9819421003211934,-0.7149552231343153,0.8166413592208649,0.4680045965478727,0.1974312467947641,0.3111664635922459,0.2643046572422193,0.238187137124182,0.4766719730919789,0.9247415826997616,0.2869140763371341,-0.1591896513619691,-0.4648822692881125,-0.7984112979996244,-0.5554179105937436,-0.7893398091962072,-0.2486684091069701,0.2217202703443639,-0.2196766284295502,-0.6248784221509759,0.2943303182203099,0.3011777677488829,1.4004826828411934,2.2252406629839205,0.86190915692859,-0.130574182519011,0.5367977742077849,1.1286233800656238,0.5098516848459503,-0.6617463975228425,0.6773430671980007,1.283579231187888,-0.0846290512705892,-2.001448958236889,0.6272366814742036,-0.1069703435478457,0.5973518495217727,2.221697070006809,-0.4162657715734403,0.6616710389514472,0.948885388943646,3.368662862523385,0.15962168592937853,-1.6088605321166618,5,4,6,0,0,0,0,0,0,0,0,0,1,0,0,0,0,0,0,0,0,0,0,0,0,0,0,0,0,0,0,0,0,0,0,0,0,0,0,0,True
SI_005,45.626,15.096,0.4669788422889004,1.6949133754316583,0.9584605686465254,0.3249907491275977,2.724431458548904,-0.3759069935109047,-0.1914966604196552,8.758103805384705,0.2667363001704962,-0.640030500188316,16.041693847684606,18.648899206325453,-0.7533350857271677,0.8559652256390202,3.5002162793851186,0.5935577109562894,0.3450906517571647,0.2606394330220538,0.0623765464510601,-1.2084718855625265,0.4039826404455967,-0.9819421003211934,-0.7149552231343153,-1.0535879090813047,-0.0736250313664452,0.0438295354493238,-0.0834208404133457,0.7787825786516073,0.7460058583591271,0.0917280511392115,0.3574073071066607,0.2869140763371341,-0.1591896513619691,-0.3192014172508132,-0.3046797639723404,-0.5554179105937436,-0.7893398091962072,-0.4875467233672091,-1.1705526037298035,0.2216489852902421,-0.812896482747972,0.2943303182203099,-0.2646979907409432,-0.2279584894601671,-0.695791448506066,-1.2498411142503385,-0.4362566313808018,0.8381582160976547,2.3302260969290205,0.5098516848459503,-0.6617463975228425,0.6773430671980007,1.283579231187888,-0.0846290512705892,-2.001448958236889,0.6272366814742036,-0.1069703435478457,0.5973518495217727,2.221697070006809,-0.4162657715734403,0.6616710389514472,0.948885388943646,3.368662862523385,0.15962168592937853,-1.6088605321166618,5,4,6,0,0,0,0,0,0,0,0,0,1,1,1,0,0,0,0,0,0,0,0,0,0,0,0,0,0,0,0,0,0,0,0,0,0,0,0,0,True
SI_006,45.626,15.096,0.4669788422889004,1.6949133754316583,0.9584605686465254,0.3249907491275977,2.724431458548904,-0.3759069935109047,-0.1914966604196552,8.758103805384705,0.2667363001704962,-0.640030500188316,16.041693847684606,18.648899206325453,-0.7533350857271677,0.8559652256390202,3.5002162793851186,0.5935577109562894,0.3450906517571647,0.2606394330220538,0.0623765464510601,-1.2084718855625265,0.4039826404455967,-0.9819421003211934,-0.7149552231343153,-1.0535879090813047,-0.0736250313664452,0.0438295354493238,-0.0834208404133457,0.7787825786516073,0.7460058583591271,0.0917280511392115,0.3574073071066607,0.2869140763371341,-0.1591896513619691,-0.3192014172508132,-0.3046797639723404,-0.5554179105937436,-0.7893398091962072,-0.4875467233672091,-1.1705526037298035,0.2216489852902421,-0.812896482747972,0.2943303182203099,-0.2646979907409432,-0.2279584894601671,-0.695791448506066,-1.2498411142503385,-0.4362566313808018,0.8381582160976547,2.3302260969290205,0.5098516848459503,-0.6617463975228425,0.6773430671980007,1.283579231187888,-0.0846290512705892,-2.001448958236889,0.6272366814742036,-0.1069703435478457,0.5973518495217727,2.221697070006809,-0.4162657715734403,0.6616710389514472,0.948885388943646,3.368662862523385,0.15962168592937853,-1.6088605321166618,5,4,6,0,0,0,0,0,0,0,0,0,1,1,1,0,0,0,0,0,0,0,0,0,0,0,0,0,0,0,0,0,0,0,0,0,0,0,0,0,True
SI_007,46.089,15.195,0.4669788422889004,1.2569430397408756,0.7601133639872336,-0.009708444448185,5.704942470807261,-1.1498042825091217,-0.2001668281097429,0.1439903774137382,-0.3460359469444342,-0.4953931876483682,0.3562054605639926,0.0839810849573289,-0.7781399016121031,-0.0513259330752359,0.1027144414279486,0.8663859241962774,1.3282427982638365,1.2533019095441542,0.5049304762682236,-1.2084718855625265,0.2913755932877944,-0.9819421003211934,-0.7149552231343153,0.7325797765758397,0.6272751371078858,-0.1055718375236743,-0.8686106362059985,0.602945367608168,-1.0853199491001966,0.1821883930768545,0.3574073071066607,0.2869140763371341,-0.1591896513619691,-0.3192014172508132,-0.3046797639723404,-0.5554179105937436,-0.7893398091962072,0.8660970574408119,0.2217202703443639,0.2437152659762317,-0.6677301696365908,0.2943303182203099,1.0970466741246447,-1.018231411312298,-1.810981551563424,0.903725993981638,-0.2554219227582889,-0.5354847283305895,0.6807192599388452,0.5104559030154923,-0.8260439606453815,0.9234802244273153,1.0834735001822868,0.3970111069605812,-1.5672965006726232,1.0192268708168262,1.317304554397076,-0.1638782730414607,1.6551174917677909,-0.4460429065930253,0.08526068693409553,1.0608138677067604,0.519757202757723,3.382632976907456,0.3196708241782418,6,4,6,0,0,0,0,0,0,0,0,0,1,1,1,0,0,0,0,0,0,0,0,0,0,0,0,0,0,0,0,0,0,0,0,0,0,0,0,0,True
SI_008,45.965,15.205,0.4669788422889004,1.3467059822084966,1.1449959134769192,0.1142594993393246,3.10113536361884,-0.5878074416889878,-0.1857165486262632,0.7480288190092632,-0.2483093385683462,-0.6016210164652176,1.8413762879159443,0.668544196270766,-0.7493433226301391,0.3051098792767934,0.5721061427246629,0.7423730999962825,0.7928690035355448,0.7127492811149244,0.279197968936878,0.1661625281884773,0.9284289762165082,-0.9819421003211934,-0.7149552231343153,1.1067312710985342,0.7932039597222358,0.7648058429038681,0.2807377726984865,0.0719239691286399,1.0277780712064577,0.116754060548502,0.6410744449032111,0.7167818328141736,-0.1591896513619691,-0.3192014172508132,-0.3046797639723404,-0.3796110552760798,-0.2322355141106196,-0.0894161996001441,0.6858112283690864,-0.175544067057571,-0.8521371279173834,1.583346173400541,0.8148805839665973,-0.3836183074007384,-0.7269606516585022,1.0709933421938305,-0.2559338036120785,-1.3064067889790938,-2.060285175156225,0.587873661734983,-0.538604365873526,0.4439318607742856,0.5126795222308317,-0.3375461450898306,-2.1210420878659213,-0.3008820194035956,1.1157331829089834,-0.903233311339181,1.4397799944873593,-0.17512795829745714,0.0323328092104364,0.7970467679975818,0.31757650322262276,1.137736192894253,0.9897481510314733,6,4,2,0,0,0,0,0,0,0,0,0,1,1,1,0,0,0,0,0,0,0,0,0,0,0,0,0,0,0,0,0,0,0,0,0,0,0,0,0,True
SI_009,45.985,15.22,0.4669788422889004,0.9829048503026888,0.9212608802243458,0.5221325654458719,1.5899862555239914,-0.5970205046532525,-0.1799364368328713,0.9449978760512824,-0.2086904432807429,-0.7339203492892233,1.2420968312651568,1.1724779129202807,-0.7653103750182534,0.4069486828059445,0.5050501853965609,-0.0347739316570158,0.2530208448057329,0.1676790067990513,-0.0558285538651096,0.1661625281884773,0.3924966505943403,-0.9819421003211934,-0.7149552231343153,0.2281390813615703,0.4798771957292687,-0.0624806850015744,-0.5161833524900568,0.5321748695737935,-1.667248899980869,-0.2189488067656231,0.3574073071066607,-0.1429536801399053,-0.1591896513619691,-0.4648822692881125,-0.7984112979996244,-0.5554179105937436,-0.7893398091962072,-0.3282945138603831,-0.2423706876803585,0.1480947163369433,-0.6875912323757102,-0.994685536959921,-1.0692109348895995,-1.0302052434615727,-1.6037935636985683,0.412378158608323,-0.3124454498704478,-0.409333845679016,1.0006052810318768,1.16766216142877,-1.2291569041460415,1.118543023875977,0.4819368981355971,-0.2124218476644206,-2.1119733454701315,-0.1556303251480312,1.0214571636204903,-0.9188625341839668,1.1500615616076069,-0.17512795829745714,0.0323328092104364,1.1354168025458073,0.20782918127812985,1.5434483823291039,0.05752365033971893,6,4,2,0,0,0,0,0,0,0,0,0,1,0,0,0,0,0,0,0,0,0,0,0,0,0,0,0,0,0,0,0,0,0,0,0,0,0,0,0,True
SI_010,45.528,15.304,0.4669788422889004,1.5328809739931926,0.365336464381133,0.628804866635201,3.0559432764042054,-0.5878074416889878,-0.200166828109743,0.4657065039157025,-0.2747219354267484,-0.7637943921849665,0.0044544751385304,0.4871280582769407,-0.7573268488241963,0.3537147627793427,0.4603462138444928,0.7754431864496144,0.4337281933864144,0.3501343925755237,0.0800681007110681,-1.2084718855625265,-0.1380823035084322,0.2851435366601664,0.4567269715801114,0.8690025765830078,0.5505805201499494,0.3707322791513224,-0.7673188737820665,0.7272831095119321,0.0839263429435188,-0.1770557128453881,0.0737401693101102,-0.1429536801399053,-0.1591896513619691,-0.3483375876582731,-0.3046797639723404,-0.0279973446407521,0.3248687809749678,-0.3282945138603831,0.2217202703443639,0.4717334997314578,-0.9109980956715006,-0.994685536959921,-0.3063746014316832,-0.1680893287137936,-0.5953067911411561,0.851454947665328,-0.1697842559192926,0.0602277730796184,-0.1784668873075456,1.0608721112597497,-1.2056332077801497,1.1498319308295668,1.1825522568637448,-0.346675841214113,-1.1991425653806176,0.5031320628727253,1.1051511713823576,-0.7482576607185067,1.0531821243305868,0.016511704111877957,0.4398942156535955,0.8884301562687086,-0.14616018235183445,1.228662580693174,0.05949259620804506,3,0,7,0,0,0,0,0,0,0,0,0,1,0,0,0,0,0,0,0,0,0,0,0,0,0,0,0,0,0,0,0,0,0,0,0,0,0,0,0,True
SI_011,45.623,15.068,0.4669788422889004,1.4568911814280106,0.2372468155872365,0.3185286409041018,5.676774800009097,-1.2695741010445605,-0.1654861573493916,0.176818553587408,-0.4516863343780429,-0.6699045430840592,0.18684387498877,0.2049251769532124,-0.7094256916598535,0.1546661922450927,0.0110712997462093,0.725838056769617,1.4152041227938204,1.3411044374400645,0.6179402489858028,0.1661625281884773,0.4014823454745117,0.42468278999286,0.2061752701928653,0.2281390813615703,0.7040072904922747,0.1227638520537298,-0.6438857889176713,0.3802725341397915,-1.685697044190742,-0.732743273152406,0.0737401693101102,-0.1429536801399053,-0.1591896513619691,-0.3483375876582731,-0.3046797639723404,0.3236163659945755,0.3248687809749678,-0.4079206186137961,-0.2423706876803585,-0.1019897981042723,-0.6866282717580559,0.2943303182203099,1.5869783864669005,-0.4075659716992878,-0.871886070695742,1.0291765051407824,-0.2118352680581064,-0.556509875439185,0.0411860574897849,1.1599148517642033,-1.3815133243294324,1.3519710613416254,2.062688987941099,0.3113864591007041,-2.009531319707297,0.5919570539047206,-0.271536937855366,0.5394949216328008,1.4948728970261689,-0.4162657715734403,0.6616710389514472,0.8380104748131086,3.022984192183285,0.34488976950660266,-1.3547440254110092,5,4,6,0,0,0,0,0,0,0,0,0,1,0,0,0,0,0,0,0,0,0,0,0,0,0,0,0,0,0,0,0,0,0,0,0,0,0,0,0,True
SI_012,45.622,15.068,0.4669788422889004,1.252193677705552,0.7489918076548292,0.4775155094027629,2.5758547334596926,-0.8365601417241292,-0.1943867163163511,0.6232817495493179,-0.1822778464223407,-0.6912431451524472,0.707956445989455,0.6282294989388049,-0.7653103750182534,0.4254648289021538,0.6615140858287989,0.5935577109562894,0.4776027164978062,0.3944333273057495,0.1096059776182107,0.1661625281884773,0.4111055698496541,1.6127240488710766,-0.7149552231343153,0.2281390813615703,0.0496654512356538,0.196452431969118,-0.1466581810477628,0.684758487871518,-0.7776898255664768,-0.0606452917536567,-0.2099269684864401,-0.5728214366169448,-0.1591896513619691,-0.2900652468433534,0.6827833040822275,-0.5554179105937436,-0.7893398091962072,-0.3282945138603831,-0.2423706876803585,0.7291734410680034,-0.7229800350745046,-0.994685536959921,0.5438282566594138,-0.1800631608630683,-0.9039653235752566,1.4055280386182152,0.1854738536320186,0.4947474799905936,0.8018110065994976,1.1599148517642033,-1.3815133243294324,1.3519710613416254,2.062688987941099,0.3113864591007041,-2.009531319707297,0.5919570539047206,-0.271536937855366,0.5394949216328008,1.4948728970261689,-0.4162657715734403,0.6616710389514472,0.8723192037099733,2.9728891798527113,-0.29844206011697205,-1.3582830664164944,5,4,6,0,0,0,0,0,0,0,0,0,1,0,0,0,0,0,0,0,0,0,0,0,0,0,0,0,0,0,0,0,0,0,0,0,0,0,0,0,True
SI_013,45.634,15.076,0.4669788422889004,1.6493986559264715,0.0611427235927532,0.9092413573342736,2.539329621875261,-0.385120056475169,-0.1886066045229592,0.8793415237039426,-0.0502148621303298,-0.6912431451524472,1.6329312595156702,0.4468133609449795,-0.7253927440479677,0.1893839661754852,0.6838660716048329,-0.927666265896976,-0.1382089036248706,-0.227335226090696,-0.0813283728256576,0.1600289505621423,1.0901182746310074,1.0991007828763095,-0.7149552231343153,-1.0535879090813047,0.1488070775672373,-0.2133391018839759,-1.2053978880309408,0.2175726655562342,0.5219763919082153,-0.1886605154132868,0.9247415826997616,0.2869140763371341,-0.1591896513619691,-0.3192014172508132,0.1890517700549435,-0.5554179105937436,-0.7893398091962072,-0.2884814614836766,-0.2423706876803585,-0.1681886401622411,-0.6085080916508533,0.2943303182203099,0.406758514832091,-0.6350687825355074,-0.8327539324313695,0.1092060899737244,-0.2037603475895758,-0.9559876705025008,0.1634720028354536,0.6002770055295497,-1.2583941018148987,1.516179755753302,1.4155570010427474,-0.1029521917028237,-2.226064752264664,0.4681979163328447,-0.1159492887385303,0.5394949216328008,1.4429943163674808,-0.4162657715734403,0.6616710389514472,0.27426840342258885,2.693049668575651,-0.2740894293074625,1.839042068985421,6,4,6,0,0,0,0,0,0,0,0,0,1,0,0,1,1,0,0,0,0,0,0,0,0,0,0,0,0,0,0,0,0,0,0,0,0,0,0,0,True
SI_014,45.634,15.079,0.4669788422889004,1.4185005049758097,-0.1090554384872811,0.960985738623886,2.888794460678843,-0.4588245601892851,-0.1886066045229592,0.5379284914977763,-0.1030400558471342,-0.815007037149098,1.7241259594407905,0.325869268949096,-0.7453515595331105,0.1384645644109095,0.5721061427246629,-0.7457807904036511,-0.1900232513399821,-0.2796507897651641,-0.1472768133527711,0.3083742490422514,0.6433388960580643,-0.9819421003211934,-0.7149552231343153,0.8690025765830078,0.6350293327634302,0.1038955882525555,0.4371242898234163,0.7519453245965725,0.7579521980770118,-0.1121361271974761,0.6410744449032111,0.2869140763371341,-0.1591896513619691,-0.4648822692881125,-0.7984112979996244,-0.3796110552760798,-0.2322355141106196,-0.3282945138603831,0.2217202703443639,0.2878478273482109,-0.5681841157865808,0.2943303182203099,0.3734172262794989,-0.8386239290731774,-0.7962002683937193,0.6214623438735635,-0.1990766377774012,-0.2621578159188469,1.6174487084656275,1.3608650827318285,-1.7037342322033298,1.7101412440248096,1.4155570010427474,-0.1660421753763154,-1.794215565250974,1.0254182545315436,-0.118899150981279,0.5394949216328008,1.873667559445192,-0.4162657715734403,0.6616710389514472,0.449080650957539,2.704776980218017,-0.38672859633762624,1.2230636810263957,5,4,6,0,0,0,0,0,0,0,0,0,1,0,0,0,0,0,0,0,0,0,0,0,0,0,0,0,0,0,0,0,0,0,0,0,0,0,0,0,True
SI_015,45.635,15.081,0.4669788422889004,0.8447775711086859,0.0382093074314507,0.600200534645902,4.119814535011742,-0.3482678046181114,-0.1914966604196552,1.870752444148772,0.0290229284448766,-0.8022038759080651,3.9388543861937007,0.769330939600669,-0.7693021381152818,0.5435052602654882,0.8179779862610369,-0.0926465829503468,0.1237239521456047,0.0371313859342026,0.3102398709753769,0.4774189878000439,0.749112589330026,-0.9819421003211934,-0.7149552231343153,0.8166413592208649,0.2877928692773724,0.3343886467002684,0.1271506694603399,0.5315481996670672,1.288082194087175,0.2488447707372473,0.6410744449032111,0.2869140763371341,-0.1591896513619691,-0.4648822692881125,-0.7984112979996244,-0.5554179105937436,-0.7893398091962072,-0.2486684091069701,0.2217202703443639,0.1186730087556239,-0.6484709572835055,-0.994685536959921,0.8232159061047454,-0.6350687825355074,-1.136483028843795,0.9455428310346862,-0.0624172468369288,-1.2012810534361158,-1.0602631963235785,1.3608650827318285,-1.7037342322033298,1.7101412440248096,2.041148459084054,-0.1660421753763154,-1.794215565250974,1.0254182545315436,0.0492585932657598,0.5394949216328008,2.17027282407769,-0.4162657715734403,0.6616710389514472,0.30295338299903213,2.747392368587713,-0.08553803032976942,0.8152843624252507,5,4,6,0,0,0,0,0,0,0,0,0,1,0,0,0,0,0,0,0,0,0,0,0,0,0,0,0,0,0,0,0,0,0,0,0,0,0,0,0,True
SI_016,45.654,15.332,0.4669788422889004,0.7125869944588387,0.1015638283319046,0.9138028454920358,2.3461798792592874,0.6375299325581898,-0.2319574429733984,0.3606563401599592,0.1082607190200832,-0.6528336614293487,0.7730955173645405,0.3057119202831154,-0.593664561846025,0.2333598131539823,0.3262342991882888,0.3868696706229652,-0.3309783260394913,-0.4219693658133759,-0.168101919688333,-0.0629432074373509,1.4258034672414863,-0.9819421003211934,-0.7149552231343153,0.2281390813615703,0.1684253027487515,0.3522448052374523,0.7846170378792906,0.5504489164397238,-0.0659674606130371,0.3545017672379107,2.0594101338859634,0.7167818328141736,-0.1591896513619691,-0.4648822692881125,-0.7984112979996244,-0.3796110552760798,-0.2322355141106196,0.1494621146600948,-0.2423706876803585,0.1333838625462836,-0.665924618478489,1.583346173400541,0.8204374653920293,0.0354658178238764,-0.1634881956424417,0.5900997160837774,0.1587024849788237,0.3966301268171476,0.931580597037935,1.2740619217526092,-0.8180286063305676,0.4353396138674499,1.5625210283661666,-0.7497097078665422,-0.4174614864381496,0.8778950574740586,1.2870334509385732,-0.9034200045800362,1.1500615616076069,-0.2566867017728244,0.3767242186355976,0.7218462717204542,-0.2572464493263609,-0.259850729857187,-1.7092413404987916,6,0,7,0,0,0,0,0,0,0,0,0,1,0,0,0,0,0,0,0,0,0,0,0,0,0,0,0,0,0,0,0,0,0,0,0,0,0,0,0,True
SI_017,45.653,15.333,0.4669788422889004,1.2407160527868524,-0.0960163724423932,1.045705878053985,2.2848919801599883,0.5638254288440728,-0.2319574429733984,0.0652027545969305,0.1082607190200832,-0.7253849084618681,0.5385948604142323,0.5879148016068436,-0.5657222201668252,0.2287307766299299,0.2815303276362207,0.3868696706229652,-0.3000002630148363,-0.390691642554392,-0.1247417202766222,0.4303769858081955,1.4127472891703383,-0.9819421003211934,-0.7149552231343153,0.2281390813615703,-0.0940527050367502,0.2538614900381644,0.409668617802801,0.5325491205807543,0.6349213269407945,0.6039454242242381,2.6267444094790635,1.5765173457682524,-0.1591896513619691,-0.3192014172508132,-0.3046797639723404,-0.3796110552760798,-0.2322355141106196,-0.3282945138603831,-0.2423706876803585,0.0598295935929849,-0.7163596808281315,0.2943303182203099,0.1801612389283635,0.1192826428687994,-0.3100820391793253,-0.0998780952915159,-0.0656804872798374,-0.9770128176110964,-0.8311362752917851,1.2740619217526092,-0.8180286063305676,0.4353396138674499,1.5625210283661666,-0.7497097078665422,-0.4174614864381496,0.8778950574740586,1.408886981871954,-0.9034200045800362,1.3208357227610177,-0.2566867017728244,0.3767242186355976,0.6435303337710039,-0.2664343824634893,-0.5164608023370664,1.437816455038027,6,0,7,0,0,0,0,0,0,0,0,0,1,1,1,0,0,0,0,0,0,0,0,0,0,0,0,0,0,0,0,0,0,0,0,0,0,0,0,0,True
SI_018,45.655,15.335,0.4669788422889004,0.5308447405737787,0.1047085442603778,0.8693283359538568,2.6235230994258147,0.4809078621656924,-0.2319574429733984,0.1439903774137382,-0.0238022652719276,-0.7808652738396771,0.4213445319390781,0.1041384336233095,-0.5856810356519679,0.031996724357706,-0.0761014447803234,0.5191500164362928,-0.2683831895027719,-0.3587687274650191,-0.0874530764974092,0.1661625281884773,1.187264407502857,-0.0577033698323529,-0.7149552231343153,0.2281390813615703,0.1989123830949,0.2003017552648075,-0.3014843569506624,0.4260969842657376,0.7993380458105879,0.3150384599641753,1.4920758582928624,0.7167818328141736,-0.1591896513619691,-0.4357460988806527,-0.5515455309859825,-0.5554179105937436,-0.7893398091962072,-0.2486684091069701,-0.2423706876803585,-0.2049657746388905,-1.014757102223748,0.2943303182203099,1.312221471542762,-0.4794089645949361,-0.2638211780528385,0.370561321555275,-0.0273150172883086,-0.9629960528720328,0.6626470531722652,1.2740619217526092,-0.8180286063305676,0.4353396138674499,1.5625210283661666,-0.7497097078665422,-0.4174614864381496,0.8778950574740586,1.2863279427285357,-0.9034200045800362,1.4429943163674808,-0.2566867017728244,0.3767242186355976,0.5762791450905559,-0.24228720140460433,0.4001451628541958,-1.5915985964114168,6,0,7,0,0,0,0,0,0,0,0,0,1,0,0,0,0,0,0,0,0,0,0,0,0,0,0,0,0,0,0,0,0,0,0,0,0,0,0,0,True
SI_019,45.651,15.306,0.4669788422889004,0.3551975013007175,0.3940224096798873,0.637167594924431,2.9683449155703583,0.2505812880590811,-0.2088369957998308,0.4657065039157025,0.2667363001704962,-0.7552589513576113,0.0305101036885646,0.8499603342645913,-0.7613186119212247,0.1315210096248311,0.6615140858287989,-0.1091816261770123,-0.1554138050177959,-0.2447065557325052,-0.01252007398241,-0.0833101239198693,2.3139268303157747,0.672379675907824,-0.7149552231343153,0.8632835490997675,-0.1983687502557971,-0.4467744104418595,0.5789630142917487,0.5639212097439846,1.096882200470067,0.1499464601998087,3.761412960665266,1.5765173457682524,-0.1591896513619691,-0.1735205652135139,-0.0578139969586984,1.026843787265231,-0.2322355141106196,0.2290882194135078,0.2217202703443639,0.2952032542435408,-0.6393228314157899,-0.994685536959921,1.1282269532340132,-0.9344145862673752,-0.8739336825816684,0.1196602992369864,-0.0081066882498547,-0.9559876705025008,2.0423446005944257,1.3404991512428177,-1.0953798329640727,0.8100569549097731,1.12721286355808,-0.8470241789068841,-0.7354745615531811,1.121610943229251,1.4104261335065955,-0.7482576607185067,1.4420754883060642,-0.2566867017728244,0.3767242186355976,-0.9905501518261336,-0.22326494787446927,-0.31114634583738016,-0.9210616801369929,5,0,7,0,0,0,0,0,0,0,0,0,1,0,0,0,0,0,0,0,0,0,0,0,0,0,0,0,0,0,0,0,0,0,0,0,0,0,0,0,True
SI_020,45.653,15.308,0.4669788422889004,0.5071770864310815,0.7914838228834634,0.6620182022839051,1.2024486309162998,0.0663200287737907,-0.2175071634899188,0.3081312582820874,0.2667363001704962,-0.6442982206019936,0.3431776462889755,0.8499603342645913,-0.7253927440479677,0.4115777193299967,0.7285700431569009,0.0892388925429782,-0.1719210276314075,-0.2613734577357733,-0.00230515310115,-0.1104869432296427,1.4577148857436728,0.4829416292179727,1.572127313365744,0.2281390813615703,0.1415530687511523,0.2804766019707642,0.5562367145974741,0.4351515571887775,-0.2667745081340561,-0.5003958762823723,1.775742996089413,2.006385102245292,-0.1591896513619691,-0.4066099284731928,-0.3046797639723404,0.4994232213122394,1.4390773711461429,-0.3282945138603831,-0.2423706876803585,0.6556191721147047,-0.0880278778087207,0.2943303182203099,0.0020323176797931,-1.0302052434615727,-1.658548222277787,0.5064660419776813,-0.0842105741870201,-0.0519063448328912,1.5981823030140312,1.5531954194184865,-1.1017585383781616,0.6870096956148978,1.0235405684475845,-0.717295987656835,-0.5842897097393172,1.0995945701666712,1.4240225336012051,-0.7482576607185067,1.4420754883060642,-0.2566867017728244,0.3767242186355976,0.8294882624396286,-0.21758597412639502,-0.23379869459416827,-1.6856139900788751,3,0,7,0,0,0,0,0,0,0,0,0,1,0,0,0,0,0,0,0,0,0,0,0,0,0,0,0,0,0,0,0,0,0,0,0,0,0,0,0,True
SI_021,45.65,15.301,0.4669788422889004,0.5725599704507062,0.2406216326812072,0.7794765223462753,2.660667280698117,0.3979902954873119,-0.2261773311800066,0.3540907049252251,0.1610859127368875,-0.7467235105302562,0.0435379179635817,0.4064986636130183,-0.7373680333390534,0.4023196462818921,0.0133064983238126,-0.0099713668170167,-0.3152039805380803,-0.4060424302657256,-0.2053584507010699,0.9972306972183976,2.141211611073008,0.8665353606564881,-0.7149552231343153,1.2438836893678729,0.4259782575590282,0.2059063516716091,-1.000153908820343,0.3109154594252691,1.1175683445705369,0.5580313019535694,3.477745822868715,2.4362528587223315,-0.1591896513619691,-0.3483375876582731,0.1890517700549435,-0.3796110552760798,-0.2322355141106196,-0.2486684091069701,0.6858112283690864,-0.1976103477435606,-0.5593971001504856,1.583346173400541,-0.1023135668644301,0.7179742503325349,-0.5497284673099782,-0.0162444211854198,-0.33910164533154,0.4036385091866795,0.4227723439753253,1.3329052581052905,-1.1521484041562289,0.8999678198815381,1.2423717163931345,-0.7291901237659618,-0.3471322201045573,1.0930353260844017,1.319036061759552,-0.9034200045800362,1.0316038519008257,-0.2566867017728244,0.3767242186355976,-0.7869859166117321,-0.22414218772173278,-0.22602763151064592,0.021821448342734646,3,0,7,0,0,0,0,0,0,0,0,0,1,0,0,0,0,0,0,0,0,0,0,0,0,0,0,0,0,0,0,0,0,0,0,0,0,0,0,0,True
SI_022,45.643,15.302,0.4669788422889004,0.3686540270674686,0.2031151427050304,0.8692333049505697,2.227008964343983,0.5822515547726028,-0.2492977783535742,0.2030810945263438,0.0554355253032788,-0.7894007146670322,0.5385948604142323,-0.016805658372574,-0.7094256916598535,0.3236260253730026,-0.0537494590042894,0.0479012844763135,-0.5410622775677506,-0.6340855233608951,-0.4417034724808095,-1.2084718855625265,1.396198442382166,-0.9819421003211934,0.5421279758892841,0.8166413592208649,0.5880252480979669,0.1216206381717065,-0.2291192629884245,0.5512664158762173,0.9046412467490244,-2.8878889078182093,1.4920758582928624,1.146649589291213,-0.1591896513619691,-0.4648822692881125,-0.7984112979996244,0.6752300766299032,0.3248687809749678,-0.2486684091069701,0.2217202703443639,0.2584261197668915,-0.2922958988286326,0.2943303182203099,2.878335886610349,-0.2998014823558154,1.0623487867322017,0.6423707624000876,-0.2641494913154012,0.4036385091866795,0.7062751117981939,1.138440362144327,-0.4194184103881735,-0.078179122236474,0.9580224680190348,-0.2010740334893447,-0.8465730873691754,0.1756622041941354,1.2295698531028187,-0.9034200045800362,1.343819385271756,-0.2566867017728244,0.3767242186355976,0.3816513541591389,-0.2816244829766311,-0.45140496000515845,-0.503901270861411,3,0,7,0,0,0,0,0,0,0,0,0,1,0,0,0,0,0,0,0,0,0,0,0,0,0,0,0,0,0,0,0,0,0,0,0,0,0,0,0,True
SI_023,45.643,15.302,0.4669788422889004,0.3686540270674686,0.2031151427050304,0.8692333049505697,2.227008964343983,0.5822515547726028,-0.2492977783535742,0.2030810945263438,0.0554355253032788,-0.7894007146670322,0.5385948604142323,-0.016805658372574,-0.7094256916598535,0.3236260253730026,-0.0537494590042894,0.0479012844763135,-0.5410622775677506,-0.6340855233608951,-0.4417034724808095,-1.2084718855625265,1.396198442382166,-0.9819421003211934,0.5421279758892841,0.8166413592208649,0.5880252480979669,0.1216206381717065,-0.2291192629884245,0.5512664158762173,0.9046412467490244,-2.8878889078182093,1.4920758582928624,1.146649589291213,-0.1591896513619691,-0.4648822692881125,-0.7984112979996244,0.6752300766299032,0.3248687809749678,-0.2486684091069701,0.2217202703443639,0.2584261197668915,-0.2922958988286326,0.2943303182203099,2.878335886610349,-0.2998014823558154,1.0623487867322017,0.6423707624000876,-0.2641494913154012,0.4036385091866795,0.7062751117981939,1.138440362144327,-0.4194184103881735,-0.078179122236474,0.9580224680190348,-0.2010740334893447,-0.8465730873691754,0.1756622041941354,1.2295698531028187,-0.9034200045800362,1.343819385271756,-0.2566867017728244,0.3767242186355976,0.3816513541591389,-0.2816244829766311,-0.45140496000515845,-0.503901270861411,3,0,7,0,0,0,0,0,0,0,0,0,1,0,0,0,0,0,0,0,0,0,0,0,0,0,0,0,0,0,0,0,0,0,0,0,0,0,0,0,True
SI_022,45.643,15.302,0.4669788422889004,0.5758053678415112,0.2769776168298944,0.8837255329517929,1.8348283170772537,0.6006776807011298,-0.2464077224568782,0.2687374468736835,0.2139111064536919,-0.7339203492892233,0.4995114175891809,0.2855545716171348,-0.6974504023687678,0.3629728358274475,-0.0537494590042894,-0.0347739316570158,-0.5166175139325155,-0.6094042980852656,-0.3878263095785298,0.1661625281884773,1.667879249825604,-0.9819421003211934,-0.7149552231343153,0.2281390813615703,0.9703677318236514,0.4724748821923059,-0.6404234022123263,0.584435561255342,1.0680425743662183,1.1579441350817508,1.775742996089413,1.146649589291213,-0.1591896513619691,-0.3192014172508132,-0.3046797639723404,-0.5554179105937436,-0.7893398091962072,-0.4079206186137961,-0.2423706876803585,0.1480947163369433,-0.6341469180958982,-0.994685536959921,0.3737259419142452,0.5862620966905131,-0.0240230749676725,1.5623411775671454,-0.0349932300951522,0.964309098749228,1.0901701824080992,1.138440362144327,-0.4194184103881735,-0.078179122236474,0.9580224680190348,-0.2010740334893447,-0.8465730873691754,0.1756622041941354,1.2295698531028187,-0.9034200045800362,1.343819385271756,-0.2566867017728244,0.3767242186355976,0.3816513541591389,-0.2816244829766311,-0.45140496000515845,-0.503901270861411,3,0,7,0,0,0,0,0,0,0,0,0,1,1,1,0,0,0,0,0,0,0,0,0,0,0,0,0,0,0,0,0,0,0,0,0,0,0,0,0,True
SI_023,45.643,15.302,0.4669788422889004,0.5758053678415112,0.2769776168298944,0.8837255329517929,1.8348283170772537,0.6006776807011298,-0.2464077224568782,0.2687374468736835,0.2139111064536919,-0.7339203492892233,0.4995114175891809,0.2855545716171348,-0.6974504023687678,0.3629728358274475,-0.0537494590042894,-0.0347739316570158,-0.5166175139325155,-0.6094042980852656,-0.3878263095785298,0.1661625281884773,1.667879249825604,-0.9819421003211934,-0.7149552231343153,0.2281390813615703,0.9703677318236514,0.4724748821923059,-0.6404234022123263,0.584435561255342,1.0680425743662183,1.1579441350817508,1.775742996089413,1.146649589291213,-0.1591896513619691,-0.3192014172508132,-0.3046797639723404,-0.5554179105937436,-0.7893398091962072,-0.4079206186137961,-0.2423706876803585,0.1480947163369433,-0.6341469180958982,-0.994685536959921,0.3737259419142452,0.5862620966905131,-0.0240230749676725,1.5623411775671454,-0.0349932300951522,0.964309098749228,1.0901701824080992,1.138440362144327,-0.4194184103881735,-0.078179122236474,0.9580224680190348,-0.2010740334893447,-0.8465730873691754,0.1756622041941354,1.2295698531028187,-0.9034200045800362,1.343819385271756,-0.2566867017728244,0.3767242186355976,0.3816513541591389,-0.2816244829766311,-0.45140496000515845,-0.503901270861411,3,0,7,0,0,0,0,0,0,0,0,0,1,1,1,0,0,0,0,0,0,0,0,0,0,0,0,0,0,0,0,0,0,0,0,0,0,0,0,0,True
SI_024,45.648,15.324,0.4669788422889004,0.8743819277955381,0.0426579299644124,0.9412192899402508,2.405920104138908,0.7204474992365703,-0.2464077224568782,0.4722721391504366,0.081848122161681,-0.5674792531557966,0.1477604321637187,0.4266560122789989,-0.4699199058381397,0.1708678200792758,0.1474184129800166,0.2545893248096377,-0.4656440120147638,-0.5579377139655349,-0.3280092260694314,-0.2815642196504502,1.4448118334969218,-0.9819421003211934,-0.7149552231343153,0.4933391944275992,0.5196063061583299,0.2546232820672483,-1.772539561840963,0.1709745136823486,0.7376267793458887,0.3625566637602876,1.775742996089413,1.146649589291213,-0.1591896513619691,-0.4940184396955724,-1.0452770650132663,0.6752300766299032,-0.2322355141106196,0.4679665336737468,0.2217202703443639,0.0598295935929849,-0.5750452101873674,-0.994685536959921,0.3271098810675655,-0.024403342922497,-0.2610151913943467,1.2382606904060227,0.367409106090179,0.0742445378186822,0.590835905579952,0.3055557588539027,-0.8977663501692247,1.1588505641320404,0.7784381019087913,-0.7166667930840133,-0.0228901066347498,0.9936899481529942,1.2123180825554227,-0.9197239827706676,1.4301380797368857,-0.2566867017728244,0.3767242186355976,0.4000588571573324,-0.32202368646902957,0.14563047256456552,-0.7325196754943619,7,0,7,0,0,0,0,0,0,0,0,0,1,0,0,0,0,0,0,0,0,0,0,0,0,0,0,0,0,0,0,0,0,0,0,0,0,0,0,0,True
SI_025,45.644,15.303,0.4669788422889004,1.2845684955796763,0.4794666424681507,0.7897398707012391,1.6296067155477811,0.7941520029506842,-0.2464077224568782,0.2949999878126195,0.081848122161681,-0.6357627797746384,1.0075961743148485,0.1646104796212512,-0.7693021381152818,0.05977094350202,-0.0761014447803234,-0.1753217990836761,-0.608327041808374,-0.7020009601435167,-0.6252715207753922,-0.0614502010659718,0.9599340748483092,-0.314708194399012,-0.7149552231343153,0.2281390813615703,0.479847767488444,0.0821192627777856,-0.6164384293310771,0.5769506886602693,1.2874577809335317,0.3722508348168601,1.4920758582928624,1.146649589291213,-0.1591896513619691,-0.3483375876582731,-0.5515455309859825,-0.3796110552760798,-0.2322355141106196,-0.4079206186137961,-0.2423706876803585,0.9866133824045488,-0.2106849864824333,0.2943303182203099,-0.5301934366226947,0.0594134821224258,-0.4436318366280847,-0.6016801399280931,-0.3846078532334334,1.0414013048140789,2.4365893931411384,0.9108968833855948,-0.579860107971696,0.3044249645383234,0.5972213213155011,-0.6033359096375316,0.1217378296257603,0.6515266554016367,1.2214251629606745,-0.9034200045800362,1.3625931828789086,-0.2566867017728244,0.3767242186355976,-0.9917312059014467,-0.2616788190809555,-0.4661221325539948,-0.2775828379574252,5,0,7,0,0,0,0,0,0,0,0,0,1,0,0,0,0,0,0,0,0,0,0,0,0,0,0,0,0,0,0,0,0,0,0,0,0,0,0,0,True
SI_026,45.661,15.315,0.4669788422889004,0.7160698599514093,0.1350051977176166,1.0513127072479012,1.3157383837968233,0.8678565066648005,-0.2406276106634864,0.0586371193621965,0.1874985095952897,-0.6229596185336056,0.5907061175143008,0.5476001042748825,-0.6814833499806535,0.4023196462818921,0.1250664272039826,-0.1174491477903459,-0.54530934386888,-0.6383736728272952,-0.5713425360220019,-1.2084718855625265,1.4768010895120307,-0.0577033698323529,-0.7149552231343153,0.2281390813615703,1.095860112899952,0.2857921276162223,-0.9936514601223906,0.3620680625004325,0.4440107235716345,0.8802467762279184,1.4920758582928624,1.146649589291213,-0.1591896513619691,-0.4357460988806527,-0.5515455309859825,-0.5554179105937436,-0.7893398091962072,-0.4079206186137961,-0.2423706876803585,-0.1828994939529009,-0.6180173277501892,0.2943303182203099,0.7923443426301231,0.5383667680934143,-0.2833872471850247,1.6041580146201937,0.2480768820504839,0.2915043912741697,0.977039760314222,1.1072954574498275,-0.9277420403167044,0.7039352719001654,1.4834242264276052,-0.4687265199638796,-0.970252859862946,0.8295221184952297,1.3515518250627343,-0.8865463320386104,0.8199399153829089,-0.2566867017728244,0.3767242186355976,0.27144855160725817,-0.06319176100801728,0.10855705696228365,0.696252726959293,3,0,7,0,0,0,0,0,0,0,0,0,1,0,0,0,0,0,0,0,0,0,0,0,0,0,0,0,0,0,0,0,0,0,0,0,0,0,0,0,True
SI_027,45.662,15.313,0.4669788422889004,0.67736255936352,0.2413119361777013,0.8013336531022176,2.454826609480773,0.6467429955224533,-0.2319574429733984,0.2293436354652797,0.1082607190200832,-0.6784399839114144,0.5646504889642665,0.4064986636130183,-0.7214009809509392,-0.0929872617917067,-0.0313974732282553,-0.3654747961903347,-0.3371191283146696,-0.4281695699384144,-0.2641775168716715,0.1661625281884773,0.8757650157800051,-0.9819421003211934,0.3201797498653363,-1.0535879090813047,1.105309350411724,0.3533246004811859,0.7975035376724889,0.6371441024324032,-0.113212893741812,-0.0087798700816146,0.3574073071066607,0.2869140763371341,-0.1591896513619691,-0.3192014172508132,-0.3046797639723404,0.1478095106769117,0.3248687809749678,-0.4875467233672091,-1.1705526037298035,0.1407392894416135,-0.5386934468709188,1.583346173400541,0.4629447603559035,-0.5512519574905843,-0.6464970882893178,1.2382606904060227,-0.0691100890002275,0.2564624794265105,-0.2255979287428554,1.118759181254008,-1.1088772319518427,0.9685649754187168,1.4834242264276052,-0.4289282101578532,-0.9315182614245228,0.5882232012386327,1.3868893153940982,-0.8865463320386104,1.1899624495846255,-0.2566867017728244,0.3767242186355976,0.775183851479769,-0.09911242422754414,0.11144439462601279,1.4513439736182043,3,0,7,0,0,0,0,0,0,0,0,0,1,1,1,0,0,0,0,0,0,0,0,0,0,0,0,0,0,0,0,0,0,0,0,0,0,0,0,0,True
SI_028,45.649,15.355,0.4669788422889004,0.753589820030468,-0.0934852596219155,0.910524275878645,3.155303961307615,0.9231348844503876,-0.2492977783535742,0.3343937992210232,0.372386687604105,-0.0766914055828718,0.7991511459145747,0.8298029855986108,-0.5896727987489966,0.4740697124047032,0.862681957813105,0.1967166735163074,-0.5212294664402732,-0.6140608634136535,-0.4090184245231372,-0.5211546786880162,1.5046755349398946,-0.9819421003211934,-0.7149552231343153,-1.0535879090813047,0.3920562032560546,0.1921861997514587,-0.2955536517723516,0.5639320125141026,0.2794114938384283,0.9422522698613562,1.4920758582928624,1.146649589291213,-0.1591896513619691,-0.4940184396955724,-1.0452770650132663,-0.5554179105937436,-0.7893398091962072,-0.4875467233672091,-1.1705526037298035,0.0671850204883147,-0.7838872941411371,0.2943303182203099,0.7945053520733466,0.4066546144513925,-0.794456006416819,1.1546270162999266,0.1939070906982019,0.3055211560132335,0.0497842880219023,1.2581261736705085,-0.9048397993935826,0.5755281673017016,0.881912237837215,-0.7104217022707932,-0.0508968207871668,0.4847900973598039,0.9337224623262332,-0.7830900221226192,0.7579538757520078,-0.2566867017728244,0.3767242186355976,-0.030906223005157208,-0.3616841616689956,0.006988767488475593,0.6922561211556159,7,0,7,0,0,0,0,0,0,0,0,0,1,0,0,0,0,0,0,0,0,0,0,0,0,0,0,0,0,0,0,0,0,0,0,0,0,0,0,0,True
SI_029,45.649,15.355,0.4669788422889004,0.753589820030468,-0.0934852596219155,0.910524275878645,3.155303961307615,0.9231348844503876,-0.2492977783535742,0.3343937992210232,0.372386687604105,-0.0766914055828718,0.7991511459145747,0.8298029855986108,-0.5896727987489966,0.4740697124047032,0.862681957813105,0.1967166735163074,-0.5212294664402732,-0.6140608634136535,-0.4090184245231372,-0.5211546786880162,1.5046755349398946,-0.9819421003211934,-0.7149552231343153,-1.0535879090813047,0.3920562032560546,0.1921861997514587,-0.2955536517723516,0.5639320125141026,0.2794114938384283,0.9422522698613562,1.4920758582928624,1.146649589291213,-0.1591896513619691,-0.4940184396955724,-1.0452770650132663,-0.5554179105937436,-0.7893398091962072,-0.4875467233672091,-1.1705526037298035,0.0671850204883147,-0.7838872941411371,0.2943303182203099,0.7945053520733466,0.4066546144513925,-0.794456006416819,1.1546270162999266,0.1939070906982019,0.3055211560132335,0.0497842880219023,1.2581261736705085,-0.9048397993935826,0.5755281673017016,0.881912237837215,-0.7104217022707932,-0.0508968207871668,0.4847900973598039,0.9337224623262332,-0.7830900221226192,0.7579538757520078,-0.2566867017728244,0.3767242186355976,-0.030906223005157208,-0.3616841616689956,0.006988767488475593,0.6922561211556159,7,0,7,0,0,0,0,0,0,0,0,0,1,0,0,0,0,0,0,0,0,0,0,0,0,0,0,0,0,0,0,0,0,0,0,0,0,0,0,0,True
SI_028,45.649,15.355,0.4669788422889004,0.5117681363985612,0.1518792831874718,0.7627985812694579,3.127136290509452,0.9323479474146515,-0.2521878342502702,0.1439903774137382,0.0026103315864744,-0.716849467634513,0.4343723462140952,0.0436663876253677,-0.677491586883625,-0.0698420791714451,-0.1029238277115642,0.395137192236298,-0.536643856376458,-0.6296243614363134,-0.4272823576938536,0.1661625281884773,1.3113057155090224,-0.9819421003211934,-0.7149552231343153,1.2438836893678729,0.5019046259154901,0.3974684197014372,-0.688064136221705,0.8041118791310766,1.069223556476868,-1.0937931890324952,1.775742996089413,1.5765173457682524,-0.1591896513619691,-0.4648822692881125,-0.7984112979996244,-0.5554179105937436,-0.7893398091962072,-0.2486684091069701,0.6858112283690864,0.4864443535221175,-0.6958967677029783,-0.994685536959921,0.6883071737206461,-0.2998014823558154,1.7405322649249037e-05,0.8723633661918521,0.1429621487247942,0.2915043912741697,-0.7758050695526968,1.2581261736705085,-0.9048397993935826,0.5755281673017016,0.881912237837215,-0.7104217022707932,-0.0508968207871668,0.4847900973598039,0.9337224623262332,-0.7830900221226192,0.7579538757520078,-0.2566867017728244,0.3767242186355976,-0.030906223005157208,-0.3616841616689956,0.006988767488475593,0.6922561211556159,7,0,7,0,0,0,0,0,0,0,0,0,1,0,0,0,0,0,0,0,0,0,0,0,0,0,0,0,0,0,0,0,0,0,0,0,0,0,0,0,True
SI_029,45.649,15.355,0.4669788422889004,0.5117681363985612,0.1518792831874718,0.7627985812694579,3.127136290509452,0.9323479474146515,-0.2521878342502702,0.1439903774137382,0.0026103315864744,-0.716849467634513,0.4343723462140952,0.0436663876253677,-0.677491586883625,-0.0698420791714451,-0.1029238277115642,0.395137192236298,-0.536643856376458,-0.6296243614363134,-0.4272823576938536,0.1661625281884773,1.3113057155090224,-0.9819421003211934,-0.7149552231343153,1.2438836893678729,0.5019046259154901,0.3974684197014372,-0.688064136221705,0.8041118791310766,1.069223556476868,-1.0937931890324952,1.775742996089413,1.5765173457682524,-0.1591896513619691,-0.4648822692881125,-0.7984112979996244,-0.5554179105937436,-0.7893398091962072,-0.2486684091069701,0.6858112283690864,0.4864443535221175,-0.6958967677029783,-0.994685536959921,0.6883071737206461,-0.2998014823558154,1.7405322649249037e-05,0.8723633661918521,0.1429621487247942,0.2915043912741697,-0.7758050695526968,1.2581261736705085,-0.9048397993935826,0.5755281673017016,0.881912237837215,-0.7104217022707932,-0.0508968207871668,0.4847900973598039,0.9337224623262332,-0.7830900221226192,0.7579538757520078,-0.2566867017728244,0.3767242186355976,-0.030906223005157208,-0.3616841616689956,0.006988767488475593,0.6922561211556159,7,0,7,0,0,0,0,0,0,0,0,0,1,0,0,0,0,0,0,0,0,0,0,0,0,0,0,0,0,0,0,0,0,0,0,0,0,0,0,0,True
SI_030,45.649,15.358,-1.0784578223680297,0.9625617495847184,-0.0820569017355139,0.8964121718905678,3.090920713768957,0.8494303807362712,-0.2435176665601823,0.2293436354652797,0.1082607190200832,-0.6784399839114144,0.5646504889642665,0.4064986636130183,-0.7214009809509392,-0.0929872617917067,-0.0313974732282553,0.0727038493163126,-0.5860734417968246,-0.6795320942843635,-0.4927722810393228,0.1661625281884773,1.507288687991869,0.4829416292179727,-0.7149552231343153,0.8166413592208649,0.1390650814854118,0.1091938039387898,-0.1612440445888289,0.6152521959110112,-0.1318478823090446,0.7046920881198294,1.4920758582928624,0.7167818328141736,-0.1591896513619691,-0.4066099284731928,-0.3046797639723404,-0.5554179105937436,-0.7893398091962072,-0.2486684091069701,0.2217202703443639,0.5967757569520656,-0.0602223899739537,0.2943303182203099,-0.2977305636587891,-0.1441416644152442,-0.5567813526948361,0.4437407863981091,-0.1321866072084482,0.5858564507945078,1.1622201697374157,0.9919847163553004,-0.6779356483352228,0.4010197167790786,0.4996431511138585,-0.6662317800917484,-0.0949280420683583,0.4572747013503336,0.9722666969534152,-0.7830900221226192,0.7166311337523851,-0.2566867017728244,0.3767242186355976,0.5177158035317162,-0.32821053591815114,-0.25181568161583795,1.4370632952817113,7,0,7,0,0,0,0,0,0,0,0,0,1,0,0,0,0,0,0,0,0,0,0,0,0,0,0,0,0,0,0,0,0,0,0,0,0,0,0,0,True
SI_031,45.99,14.335,0.4283429256724771,0.6070720012407262,-0.464178237239223,0.8591600186021793,4.9855834935003305,-1.7210141862935198,-0.1625961014526956,-0.0464130443935469,-0.0502148621303298,-0.281541985439397,0.4083167176640611,0.1847678282872318,-0.7493433226301391,0.0343112426197322,-0.0761014447803234,-0.0761115397236804,3.7684809284822474,3.717145206080993,4.179870750758192,-0.0629432074373509,-0.753768074604909,-0.9819421003211934,-0.7149552231343153,-1.0535879090813047,1.1667697928644514,0.312295210038578,0.6473848409562339,0.6009133737518997,-0.2995653087424764,-0.0463718840473506,-0.2099269684864401,-1.0026891930939843,-0.1591896513619691,-0.4648822692881125,-0.7984112979996244,-0.0279973446407521,-0.2322355141106196,-0.2884814614836766,-0.2423706876803585,0.0818958742789745,-0.8750074425866723,0.2943303182203099,1.0164718934558807,0.2150733000629971,-0.3861470288676306,1.280077527459071,-0.1110587249682834,0.032194243601491,-0.2977275293178397,1.6686105377396203,-0.9343249061831116,0.3638278829021933,0.8081302737504324,-0.6401374173292369,-0.895579181372058,0.2188655161065245,1.383874926826114,3.540227906702097,1.0600707075664837,-0.3384816468441453,0.6484737434464619,0.9094672196728246,0.3169762864850214,-0.7741598135929807,0.706588427378631,5,4,5,0,0,0,0,0,0,0,0,0,1,0,0,1,1,0,0,0,0,0,0,0,0,0,0,0,0,0,0,0,0,0,0,0,0,0,0,0,True
SI_032,45.997,14.344,0.4283429256724771,0.7167822642567079,0.3436302544358204,0.6738020466914563,2.9333674782056063,-1.6657358085079328,-0.2088369957998308,-0.4075229823039151,-0.0370085637011287,0.0470724864137786,-0.1779349247117092,-0.3393232370282634,0.5280208684190012,0.2819646966565318,0.1094200371607587,0.1801816302896411,2.5614592445644884,2.4984476339595383,2.5790273437362847,-0.5211546786880162,0.8266777668667294,-0.9819421003211934,0.5609758562232795,-1.0535879090813047,1.1977286556532376,0.2171808468505419,0.3034361557380691,0.8640909326759422,0.3336837804148388,-0.7323388954945576,0.6410744449032111,0.7167818328141736,-0.1591896513619691,-0.3192014172508132,-0.3046797639723404,-0.2038041999584159,0.3248687809749678,-0.2884814614836766,-0.2423706876803585,0.7880168562306423,-0.3286476621450813,0.2943303182203099,1.0102975807609562,0.2629686286600959,-0.3910006274120489,1.6355206424099795,0.0294397723756107,-0.6966775228298221,-0.7619523648065077,1.2540847054523432,-0.7694414100408247,0.3748948540079224,1.0907286293094678,-0.4190373607205525,-0.9507390606496404,0.1361535811064217,1.7051833046174754,3.540227906702097,0.7813407296842828,-0.3384816468441453,0.6484737434464619,0.39116621470791596,0.32016205224613625,-0.6568349100113937,-0.9655041796286454,5,4,5,0,0,0,0,0,0,0,0,0,1,1,1,1,1,0,0,0,0,0,0,0,0,0,0,0,0,0,0,0,0,0,0,0,0,0,0,0,True
SI_033,45.998,14.345,0.4283429256724771,0.3712661761868963,-0.0092682330496408,0.8457606471387541,3.2370211601066807,-1.5643921159010237,-0.1914966604196552,-0.3090384537829056,0.1425970949360059,-0.2559356629573313,-0.1258236676116408,-0.3796379343602246,0.3483915290527159,0.5620214063616974,0.6145749156991276,-0.3076021448970037,2.881761197538651,2.8218479652347543,2.7929265068120315,0.1661625281884773,-0.753768074604909,-0.9819421003211934,-0.7149552231343153,-1.0535879090813047,0.985091589384796,0.4727505179948583,-0.0914621086096124,0.6133505994167507,0.3180108877934536,1.1341783643015582,-0.2099269684864401,-0.5728214366169448,-0.1591896513619691,-0.3192014172508132,-0.3046797639723404,-0.5554179105937436,-0.7893398091962072,-0.2884814614836766,-0.2423706876803585,0.0304078860116654,-0.8546648995387259,0.2943303182203099,0.169664907346992,0.7299480824818096,-1.1693206564958751,1.0814475514570925,-0.0773257767035502,1.118493510878929,0.9965450055028215,1.2540847054523432,-0.7694414100408247,0.3748948540079224,0.616708086691831,-0.4190373607205525,-0.9507390606496404,0.1361535811064217,1.7051833046174754,3.540227906702097,0.7813407296842828,-0.3384816468441453,0.6484737434464619,0.018156181766569426,0.32108546261167675,-0.6813360324721808,-0.8783461840650653,5,4,5,0,0,0,0,0,0,0,0,0,1,1,1,1,1,0,0,0,0,0,0,0,0,0,0,0,0,0,0,0,0,0,0,0,0,0,0,0,True
SI_036,45.998,14.345,0.4283429256724771,0.3712661761868963,-0.0092682330496408,0.8457606471387541,3.2370211601066807,-1.5643921159010237,-0.1914966604196552,-0.3090384537829056,0.1425970949360059,-0.2559356629573313,-0.1258236676116408,-0.3796379343602246,0.3483915290527159,0.5620214063616974,0.6145749156991276,-0.3076021448970037,2.881761197538651,2.8218479652347543,2.7929265068120315,0.1661625281884773,-0.753768074604909,-0.9819421003211934,-0.7149552231343153,-1.0535879090813047,0.985091589384796,0.4727505179948583,-0.0914621086096124,0.6133505994167507,0.3180108877934536,1.1341783643015582,-0.2099269684864401,-0.5728214366169448,-0.1591896513619691,-0.3192014172508132,-0.3046797639723404,-0.5554179105937436,-0.7893398091962072,-0.2884814614836766,-0.2423706876803585,0.0304078860116654,-0.8546648995387259,0.2943303182203099,0.169664907346992,0.7299480824818096,-1.1693206564958751,1.0814475514570925,-0.0773257767035502,1.118493510878929,0.9965450055028215,1.2540847054523432,-0.7694414100408247,0.3748948540079224,0.616708086691831,-0.4190373607205525,-0.9507390606496404,0.1361535811064217,1.7051833046174754,3.540227906702097,0.7813407296842828,-0.3384816468441453,0.6484737434464619,0.018156181766569426,0.32108546261167675,-0.6813360324721808,-0.8783461840650653,5,4,5,0,0,0,0,0,0,0,0,0,1,1,1,1,1,0,0,0,0,0,0,0,0,0,0,0,0,0,0,0,0,0,0,0,0,0,0,0,True
SI_034,45.989,14.335,-0.3057394900395646,0.6244863287035809,-0.6237917457063484,1.0200475071665744,4.581640522164038,-1.6565227455436686,-0.1423657101758239,-0.446916793712319,-0.0502148621303298,0.0129307231043579,-0.047656781961538,-0.4804246776901276,0.8633289685694006,0.3884325367097351,-0.2169189551693376,-0.2331944503770071,3.698559081980026,3.64654698427116,4.0020134745423634,0.4449652354395135,-0.2558618643419187,0.4044159954120673,-0.7149552231343153,-1.0535879090813047,-0.2257027837024469,0.1618684067820972,1.2311169384388485,0.6353644691313981,0.5991172630835794,1.2859169141107594,-0.2099269684864401,-0.5728214366169448,-0.1591896513619691,-0.3774737580657329,-0.3046797639723404,-0.5554179105937436,-0.7893398091962072,-0.2884814614836766,-0.2423706876803585,0.7291734410680034,-0.5358045650179559,0.2943303182203099,0.1338538937164302,1.0292938862136771,-0.5828694448710843,0.5064660419776813,0.0363245698590805,-0.6336020815040354,0.3594798136694616,1.6686105377396203,-0.9343249061831116,0.3638278829021933,1.1181025473094814,-0.6401374173292369,-0.895579181372058,0.2188655161065245,1.383874926826114,3.540227906702097,1.0600707075664837,-0.3384816468441453,0.6484737434464619,0.26172396439841694,0.3170686275215754,-0.8144670473786391,-0.9420742299513118,5,4,5,0,0,0,0,0,0,0,0,0,1,0,0,1,1,0,0,0,0,0,0,0,0,0,0,0,0,0,0,0,0,0,0,0,0,0,0,0,True
SI_035,45.996,14.344,-3.396612819353425,0.383060425241284,0.126184653040193,0.8234283613663769,2.8358640023658115,-1.6657358085079328,-0.2030568840064389,-0.3746948061302453,-0.0713449396170516,-0.6229596185336056,-0.047656781961538,-0.3796379343602246,0.0250587181934021,0.2495614409881653,-0.0135158846074282,0.51088249482296,2.590024696545252,2.527289408253529,2.686715610401021,-1.2084718855625265,0.2420793144797647,-0.9819421003211934,1.198941395902077,-1.0535879090813047,0.9110360498424068,0.6881796840700684,1.0497439283183525,0.7929407941700238,-0.9992829308340204,-3.4390054214062955,0.2155737382083854,-0.1429536801399053,-0.1591896513619691,-0.3192014172508132,-0.3046797639723404,0.1478095106769117,0.8819730760605554,-0.2884814614836766,-0.2423706876803585,0.5011552073127773,-0.7161189406737178,-0.994685536959921,5.426783451440417,-0.982309914864474,0.2232071008886338,0.9455428310346862,-0.3358000138245973,-2.1263875262143213,-2.143162563896355,1.2540847054523432,-0.7694414100408247,0.3748948540079224,1.0907286293094678,-0.4190373607205525,-0.9507390606496404,0.1361535811064217,1.51791384143403,3.540227906702097,0.9544187917755268,-0.3384816468441453,0.6484737434464619,0.6876854827912698,0.3203005638009672,-0.6688792328372352,0.26083629208504916,5,4,5,0,0,0,0,0,0,0,0,0,1,1,1,1,1,0,0,0,0,0,0,0,0,0,0,0,0,0,0,0,0,0,0,0,0,0,0,0,True
SI_033,45.998,14.345,-2.237535320860727,-0.011294935758441,0.5860034820937329,0.487588795751154,3.1679948899089854,-1.094525904723535,-0.1625961014526956,-0.2959071833134377,0.0369467075023973,0.0854819701368772,-0.1388514818866579,-0.3191658883622829,-0.2862988033748257,0.5527633333135928,0.0758920584967077,-0.0678440181103477,1.8990488808854995,1.829629573174245,2.11484451347117,0.1661625281884773,0.4812322063454077,-0.9819421003211934,-0.7149552231343153,-1.0535879090813047,0.0864276614761697,-0.128174290443885,-0.5445706201876676,0.6096855101846821,-0.2458562801177588,1.2715708350492416,0.9247415826997616,0.7167818328141736,-0.1591896513619691,-0.3192014172508132,-0.3046797639723404,-0.5554179105937436,-0.7893398091962072,-0.4875467233672091,-1.1705526037298035,0.1480947163369433,-0.6892764134566052,1.583346173400541,1.471518739071813,0.5623144323919638,-1.416626669829438,0.3182902752389648,0.4025369296814888,0.8031163042499954,3.0582892285606222,1.2540847054523432,-0.7694414100408247,0.3748948540079224,0.616708086691831,-0.4190373607205525,-0.9507390606496404,0.1361535811064217,1.7051833046174754,3.540227906702097,0.7813407296842828,-0.3384816468441453,0.6484737434464619,0.018156181766569426,0.32108546261167675,-0.6813360324721808,-0.8783461840650653,5,4,5,0,0,0,0,0,0,0,0,0,1,1,1,0,0,0,0,0,0,0,0,0,0,0,0,0,0,0,0,0,0,0,0,0,0,0,0,0,True
SI_036,45.998,14.345,-2.237535320860727,-0.011294935758441,0.5860034820937329,0.487588795751154,3.1679948899089854,-1.094525904723535,-0.1625961014526956,-0.2959071833134377,0.0369467075023973,0.0854819701368772,-0.1388514818866579,-0.3191658883622829,-0.2862988033748257,0.5527633333135928,0.0758920584967077,-0.0678440181103477,1.8990488808854995,1.829629573174245,2.11484451347117,0.1661625281884773,0.4812322063454077,-0.9819421003211934,-0.7149552231343153,-1.0535879090813047,0.0864276614761697,-0.128174290443885,-0.5445706201876676,0.6096855101846821,-0.2458562801177588,1.2715708350492416,0.9247415826997616,0.7167818328141736,-0.1591896513619691,-0.3192014172508132,-0.3046797639723404,-0.5554179105937436,-0.7893398091962072,-0.4875467233672091,-1.1705526037298035,0.1480947163369433,-0.6892764134566052,1.583346173400541,1.471518739071813,0.5623144323919638,-1.416626669829438,0.3182902752389648,0.4025369296814888,0.8031163042499954,3.0582892285606222,1.2540847054523432,-0.7694414100408247,0.3748948540079224,0.616708086691831,-0.4190373607205525,-0.9507390606496404,0.1361535811064217,1.7051833046174754,3.540227906702097,0.7813407296842828,-0.3384816468441453,0.6484737434464619,0.018156181766569426,0.32108546261167675,-0.6813360324721808,-0.8783461840650653,5,4,5,0,0,0,0,0,0,0,0,0,1,1,1,0,0,0,0,0,0,0,0,0,0,0,0,0,0,0,0,0,0,0,0,0,0,0,0,0,True
SI_037,45.975,14.535,0.4669788422889004,0.8223764135087421,0.0382093074314507,-0.1376201748720929,-0.2607225763684911,-1.1498042825091217,-0.1279154306923442,0.0652027545969305,-0.1030400558471342,-0.7894007146670322,-0.2691296246368291,0.1847678282872318,-0.6974504023687678,0.6777473194630056,0.2368263560841527,0.155379065449642,0.5414073898676007,0.4588552027051886,0.9068048025712128,0.1661625281884773,1.947724308239414,1.3286547258995738,-0.7149552231343153,-1.0535879090813047,0.1340637583731543,-0.1848328065903346,0.7047280388487789,0.4413299285781791,1.5280391731121086,-0.078962126350652,2.6267444094790635,1.146649589291213,-0.1591896513619691,-0.2609290764358934,0.4359175370685855,-0.5554179105937436,-0.7893398091962072,-0.2884814614836766,-0.2423706876803585,-0.4771165697660958,-1.5877186697280383,2.872362028580772,0.1675038979037684,0.4186284466006671,-0.3527785388747549,0.0046639973411042,-0.2483707639973374,-0.8929122291767142,-0.5409459948328252,1.551460148026138,-0.9722086355358536,0.4937133140171122,1.062324700739906,-0.5327217278454837,-0.9590896388652675,0.3028859430223888,1.4062576105716065,3.540227906702097,1.1013916980829548,-0.2552346324914112,0.3124550624433798,0.7693373219727234,0.31489861316255524,-0.6845698506555574,0.1849119172416837,5,4,5,0,1,1,1,0,0,0,0,0,1,0,0,1,1,0,0,0,0,0,0,0,0,0,0,0,0,0,0,0,0,0,0,0,0,0,0,0,True
SI_038,45.974,14.538,0.4669788422889004,0.458179501433323,0.0382093074314507,-0.1376201748720929,-0.2607225763684911,-1.5275398640439657,-0.1134651512088644,-0.1645944786187584,0.0739243431041603,-0.7894007146670322,0.0174822894135475,-0.016805658372574,-0.6375739559133393,0.5018439315490173,0.2211799660409288,0.3703346273962997,1.672232161993828,1.6006187871106297,2.1522619724111856,0.1461963719076088,1.6288222346817536,-0.0577033698323529,-0.7149552231343153,-1.0535879090813047,-0.1348164412289304,0.4780504138593556,0.1449256778568061,0.7765018266222372,1.0780533936574366,0.551072872109115,2.0594101338859634,0.7167818328141736,-0.1591896513619691,-0.4066099284731928,-0.3046797639723404,-0.5554179105937436,-0.7893398091962072,-0.4875467233672091,-1.1705526037298035,1.0675230782531775,-0.4096567241052467,-0.994685536959921,-2.578521673163882,0.7060004181832602,-0.3056834654984462,0.4541949956613711,-0.1818390500260372,-1.804001937215856,-2.016816343021631,1.5429268598491443,-1.057855814884462,0.6275400141180266,1.0994714124224765,-0.5081346908858464,-0.808363375236669,0.247660031150697,1.5524176883407894,3.540227906702097,1.1013916980829548,-0.2552346324914112,0.3124550624433798,0.5767560339275484,0.31286711035836584,-0.7580072217484618,-0.15837910953639556,3,4,5,0,1,1,1,0,0,0,0,0,1,0,0,0,0,0,0,0,0,0,0,0,0,0,0,0,0,0,0,0,0,0,0,0,0,0,0,0,True
SI_039,45.974,14.538,0.4669788422889004,0.458179501433323,0.0382093074314507,-0.1376201748720929,-0.2607225763684911,-1.5275398640439657,-0.1134651512088644,-0.1645944786187584,0.0739243431041603,-0.7894007146670322,0.0174822894135475,-0.016805658372574,-0.6375739559133393,0.5018439315490173,0.2211799660409288,0.3703346273962997,1.672232161993828,1.6006187871106297,2.1522619724111856,0.1461963719076088,1.6288222346817536,-0.0577033698323529,-0.7149552231343153,-1.0535879090813047,-0.1348164412289304,0.4780504138593556,0.1449256778568061,0.7765018266222372,1.0780533936574366,0.551072872109115,2.0594101338859634,0.7167818328141736,-0.1591896513619691,-0.4066099284731928,-0.3046797639723404,-0.5554179105937436,-0.7893398091962072,-0.4875467233672091,-1.1705526037298035,1.0675230782531775,-0.4096567241052467,-0.994685536959921,-2.578521673163882,0.7060004181832602,-0.3056834654984462,0.4541949956613711,-0.1818390500260372,-1.804001937215856,-2.016816343021631,1.5429268598491443,-1.057855814884462,0.6275400141180266,1.0994714124224765,-0.5081346908858464,-0.808363375236669,0.247660031150697,1.5524176883407894,3.540227906702097,1.1013916980829548,-0.2552346324914112,0.3124550624433798,0.5767560339275484,0.31286711035836584,-0.7580072217484618,-0.15837910953639556,3,4,5,0,1,1,1,0,0,0,0,0,1,0,0,0,0,0,0,0,0,0,0,0,0,0,0,0,0,0,0,0,0,0,0,0,0,0,0,0,True
SI_038,45.974,14.538,0.4669788422889004,-0.1760186423502572,0.0382093074314507,-0.1376201748720929,-0.2607225763684911,-1.6380966196151396,-0.1019049276220805,-0.013584868219877,-0.0845512380462527,-0.8278101983901308,-0.2039905532617435,-0.1175924017024769,-0.6615245344955107,0.8073603421364709,-0.3644420612911621,0.271124368036304,1.3745679898184526,1.300075218779516,1.7700294020031742,0.4149124331061319,2.092834274706301,-0.0577033698323529,-0.7149552231343153,-1.0535879090813047,0.1624717995120978,0.0659006707891941,0.2932877102694094,0.91047725957035,1.016742369122289,1.1175125821762637,2.9104115472756145,2.006385102245292,-0.1591896513619691,-0.4357460988806527,-0.5515455309859825,-0.5554179105937436,-0.7893398091962072,-0.4875467233672091,-1.1705526037298035,0.6850408796960241,-0.8490075059100071,0.2943303182203099,2.1423578133753547,1.6040378293788635,-0.3940341265023103,0.0360266251308902,-0.3146849286057772,-0.2831829630274425,0.1642681352921312,1.5429268598491443,-1.057855814884462,0.6275400141180266,1.0994714124224765,-0.5081346908858464,-0.808363375236669,0.247660031150697,1.5524176883407894,3.540227906702097,1.1013916980829548,-0.2552346324914112,0.3124550624433798,0.5767560339275484,0.31286711035836584,-0.7580072217484618,-0.15837910953639556,3,4,5,0,1,1,1,0,0,0,0,0,1,0,0,0,0,0,0,0,0,0,0,0,0,0,0,0,0,0,0,0,0,0,0,0,0,0,0,0,True
SI_039,45.974,14.538,0.4669788422889004,-0.1760186423502572,0.0382093074314507,-0.1376201748720929,-0.2607225763684911,-1.6380966196151396,-0.1019049276220805,-0.013584868219877,-0.0845512380462527,-0.8278101983901308,-0.2039905532617435,-0.1175924017024769,-0.6615245344955107,0.8073603421364709,-0.3644420612911621,0.271124368036304,1.3745679898184526,1.300075218779516,1.7700294020031742,0.4149124331061319,2.092834274706301,-0.0577033698323529,-0.7149552231343153,-1.0535879090813047,0.1624717995120978,0.0659006707891941,0.2932877102694094,0.91047725957035,1.016742369122289,1.1175125821762637,2.9104115472756145,2.006385102245292,-0.1591896513619691,-0.4357460988806527,-0.5515455309859825,-0.5554179105937436,-0.7893398091962072,-0.4875467233672091,-1.1705526037298035,0.6850408796960241,-0.8490075059100071,0.2943303182203099,2.1423578133753547,1.6040378293788635,-0.3940341265023103,0.0360266251308902,-0.3146849286057772,-0.2831829630274425,0.1642681352921312,1.5429268598491443,-1.057855814884462,0.6275400141180266,1.0994714124224765,-0.5081346908858464,-0.808363375236669,0.247660031150697,1.5524176883407894,3.540227906702097,1.1013916980829548,-0.2552346324914112,0.3124550624433798,0.5767560339275484,0.31286711035836584,-0.7580072217484618,-0.15837910953639556,3,4,5,0,1,1,1,0,0,0,0,0,1,0,0,0,0,0,0,0,0,0,0,0,0,0,0,0,0,0,0,0,0,0,0,0,0,0,0,0,True
SI_040,45.973,14.537,0.3897070090560539,0.5979690573396893,0.0382093074314507,-0.1376201748720929,-0.2607225763684911,-1.3340655417944114,-0.1308054865890401,-0.0070192329851431,0.0871306415333614,-0.6485659410156712,0.173816060713753,0.0033516902934065,-0.6295904297192821,0.5180455593832003,-0.1610389907292526,0.3207294977163015,1.417756236532804,1.3436812385521886,1.717141661307617,0.4079182462425468,1.283670838787899,-0.4350952025805472,-0.7149552231343153,-1.0535879090813047,-0.0409263411357465,0.2075332013446787,0.0080600972461747,0.7805966865051762,0.5951209825885222,1.059924101351591,1.4920758582928624,1.146649589291213,-0.1591896513619691,-0.2900652468433534,-0.5515455309859825,-0.5554179105937436,-0.7893398091962072,-0.4875467233672091,-1.1705526037298035,0.6482637452193748,-0.6485913273607122,1.583346173400541,-1.5048086955165196,1.1250845434078751,-0.2525213939416147,0.391469740081799,0.038461672423652,0.5718396860554441,0.2963465098549335,1.5429268598491443,-1.057855814884462,0.6275400141180266,1.0994714124224765,-0.5081346908858464,-0.808363375236669,0.247660031150697,1.5524176883407894,3.540227906702097,1.1013916980829548,-0.2552346324914112,0.3124550624433798,0.08095205679290111,0.3160528761194809,-0.7814689026503066,-0.05947425132188508,3,4,5,0,1,1,1,0,0,0,0,0,1,0,0,0,0,0,0,0,0,0,0,0,0,0,0,0,0,0,0,0,0,0,0,0,0,0,0,0,True
SI_041,45.973,14.539,0.4669788422889004,1.0725094807024655,0.0382093074314507,-0.1376201748720929,-0.2607225763684911,-1.2695741010445605,-0.1308054865890401,-0.21711956049663,0.034305447816557,-0.738188069702901,-0.0346289676865209,0.1041384336233095,-0.6056398511371108,0.2703921053464009,0.0870680513847247,0.783710708062948,1.1379214452072783,1.0611395200997065,1.3852099892944694,0.6445858988528322,1.654028844197713,-0.9819421003211934,-0.7149552231343153,-1.0535879090813047,0.1582675409902533,0.2745832063979505,1.3705310043157215,0.9393956607355708,1.0158970076458134,-0.0437664211702328,3.761412960665266,2.006385102245292,-0.1591896513619691,-0.4648822692881125,-0.7984112979996244,-0.5554179105937436,-0.7893398091962072,-0.2884814614836766,-0.2423706876803585,2.178192539447988,1.0564508162733783,-0.994685536959921,-1.7181311991261594,0.1312564750180741,-0.4098083217716698,0.9978138773509964,-0.0932964593417851,0.6349151273812308,0.330341365755064,1.5429268598491443,-1.057855814884462,0.6275400141180266,1.0994714124224765,-0.5081346908858464,-0.808363375236669,0.247660031150697,1.6130877246603943,3.540227906702097,1.2102071427426315,-0.2552346324914112,0.3124550624433798,0.10812427768022294,0.31545265938187933,-0.728358388710055,0.12413779631367683,3,4,5,0,1,1,1,0,0,0,0,0,1,0,0,1,1,0,0,0,0,0,0,0,0,0,0,0,0,0,0,0,0,0,0,0,0,0,0,0,True
SI_042,45.973,14.539,0.4669788422889004,1.0725094807024655,0.0382093074314507,-0.1376201748720929,-0.2607225763684911,-1.2695741010445605,-0.1308054865890401,-0.21711956049663,0.034305447816557,-0.738188069702901,-0.0346289676865209,0.1041384336233095,-0.6056398511371108,0.2703921053464009,0.0870680513847247,0.783710708062948,1.1379214452072783,1.0611395200997065,1.3852099892944694,0.6445858988528322,1.654028844197713,-0.9819421003211934,-0.7149552231343153,-1.0535879090813047,0.1582675409902533,0.2745832063979505,1.3705310043157215,0.9393956607355708,1.0158970076458134,-0.0437664211702328,3.761412960665266,2.006385102245292,-0.1591896513619691,-0.4648822692881125,-0.7984112979996244,-0.5554179105937436,-0.7893398091962072,-0.2884814614836766,-0.2423706876803585,2.178192539447988,1.0564508162733783,-0.994685536959921,-1.7181311991261594,0.1312564750180741,-0.4098083217716698,0.9978138773509964,-0.0932964593417851,0.6349151273812308,0.330341365755064,1.5429268598491443,-1.057855814884462,0.6275400141180266,1.0994714124224765,-0.5081346908858464,-0.808363375236669,0.247660031150697,1.6130877246603943,3.540227906702097,1.2102071427426315,-0.2552346324914112,0.3124550624433798,0.10812427768022294,0.31545265938187933,-0.728358388710055,0.12413779631367683,3,4,5,0,1,1,1,0,0,0,0,0,1,0,0,1,1,0,0,0,0,0,0,0,0,0,0,0,0,0,0,0,0,0,0,0,0,0,0,0,True
SI_041,45.973,14.539,0.4669788422889004,0.1599591436319453,0.0382093074314507,-0.1376201748720929,-0.2607225763684911,-1.195869597330444,-0.1336955424857361,-0.230250830966098,-0.1822778464223407,-0.7765975534259995,0.1086769893386673,0.0436663876253677,-0.6615245344955107,0.2680775870843747,-0.1185702177547881,0.5274175380496257,0.685421102589736,0.6042620039127644,0.9848343527314012,0.1661625281884773,1.6395798825772874,-0.133217524441699,-0.7149552231343153,-1.0535879090813047,-0.0285558891708978,0.2207367731733115,1.3726892823098946,0.6457588775427318,0.9331797809943532,0.0333892677819523,2.343077271682513,1.146649589291213,-0.1591896513619691,-0.4066099284731928,-0.5515455309859825,-0.5554179105937436,-0.7893398091962072,-0.2884814614836766,-0.2423706876803585,0.3099141080342006,-0.7714891761888384,2.872362028580772,0.4756021013804986,0.466523775197766,-0.2720116255965444,0.5796455068205154,-0.2074586867582055,-0.3322416396141655,-0.2732066496521718,1.5429268598491443,-1.057855814884462,0.6275400141180266,1.0994714124224765,-0.5081346908858464,-0.808363375236669,0.247660031150697,1.6130877246603943,3.540227906702097,1.2102071427426315,-0.2552346324914112,0.3124550624433798,0.10812427768022294,0.31545265938187933,-0.728358388710055,0.12413779631367683,3,4,5,1,1,1,1,0,0,0,0,0,1,0,0,1,1,0,0,0,0,0,0,0,0,0,0,0,0,0,0,0,0,0,0,0,0,0,0,0,True
SI_042,45.973,14.539,0.4669788422889004,0.1599591436319453,0.0382093074314507,-0.1376201748720929,-0.2607225763684911,-1.195869597330444,-0.1336955424857361,-0.230250830966098,-0.1822778464223407,-0.7765975534259995,0.1086769893386673,0.0436663876253677,-0.6615245344955107,0.2680775870843747,-0.1185702177547881,0.5274175380496257,0.685421102589736,0.6042620039127644,0.9848343527314012,0.1661625281884773,1.6395798825772874,-0.133217524441699,-0.7149552231343153,-1.0535879090813047,-0.0285558891708978,0.2207367731733115,1.3726892823098946,0.6457588775427318,0.9331797809943532,0.0333892677819523,2.343077271682513,1.146649589291213,-0.1591896513619691,-0.4066099284731928,-0.5515455309859825,-0.5554179105937436,-0.7893398091962072,-0.2884814614836766,-0.2423706876803585,0.3099141080342006,-0.7714891761888384,2.872362028580772,0.4756021013804986,0.466523775197766,-0.2720116255965444,0.5796455068205154,-0.2074586867582055,-0.3322416396141655,-0.2732066496521718,1.5429268598491443,-1.057855814884462,0.6275400141180266,1.0994714124224765,-0.5081346908858464,-0.808363375236669,0.247660031150697,1.6130877246603943,3.540227906702097,1.2102071427426315,-0.2552346324914112,0.3124550624433798,0.10812427768022294,0.31545265938187933,-0.728358388710055,0.12413779631367683,3,4,5,1,1,1,1,0,0,0,0,0,1,0,0,1,1,0,0,0,0,0,0,0,0,0,0,0,0,0,0,0,0,0,0,0,0,0,0,0,True
SI_043,46.051,14.495,0.2737992592067841,0.8346455987666616,0.4223248530361418,-0.9024296893235128,-0.3052955938952543,-0.2192849231184084,-0.1943867163163511,-0.020150503454611,-0.0502148621303298,-0.5504083715010862,-0.0216011534115038,0.1444531309552707,-0.6295904297192821,0.0574564252399938,0.6168101142767308,0.7589081432229489,0.1377562314892056,0.051299403787759,0.2468740823492015,0.1661625281884773,1.496837329158732,-0.9819421003211934,-0.7149552231343153,-1.0535879090813047,0.3113599377589703,0.0722269772242231,1.5246600352081097,0.2284433715240083,0.008699777075614,0.0738219581231484,2.0594101338859634,1.5765173457682524,-0.1591896513619691,-0.4648822692881125,-0.7984112979996244,-0.5554179105937436,-0.7893398091962072,-0.2884814614836766,-0.2423706876803585,0.0469575965261576,-0.4275918656090574,0.2943303182203099,1.0263507937677598,-0.1291743742286508,-0.1942782114085952,0.6214623438735635,-0.1816854857699003,0.1583451262530645,0.7236307993537641,0.5395398073863349,-0.5219129401756821,0.4490243730285035,1.1776208048821215,-0.2997606841831808,-1.3560544279555555,0.7362904959500259,1.9442086910670444,-0.079261735045531,1.9567719320302004,-0.21386499975971984,0.4521217527154282,0.7337858973473457,0.3764439140258319,0.7211346156990524,1.6765002729197025,5,4,0,0,0,0,0,1,1,1,0,0,1,0,0,1,1,1,1,0,0,1,1,0,0,0,0,0,0,0,0,0,0,0,0,0,0,0,0,0,True
SI_044,46.052,14.518,-0.3057394900395646,0.9728520339945858,-0.1698788465672572,-0.618524567004475,-0.2774374579410273,0.6375299325581898,-0.2492977783535742,0.1045965660053343,0.530862268754518,-0.7808652738396771,-0.256101810361812,-0.1780644477004187,2.7953423075312247,2.2909665480952413,2.315561033255316,0.9490611403296066,0.3775371521696415,0.2933997983107502,0.1501487807035512,0.1661625281884773,0.7784392162429159,-0.9819421003211934,-0.7149552231343153,-1.0535879090813047,-0.3754198327487567,0.4176917154630353,-1.327752743862065,0.631235153319958,0.4737637617061003,1.3143570645020228,0.3574073071066607,-0.1429536801399053,-0.1591896513619691,-0.3192014172508132,-0.3046797639723404,-0.5554179105937436,-0.7893398091962072,-0.4875467233672091,-1.1705526037298035,0.2142935583949122,-0.57420261964692,0.2943303182203099,0.804692968019972,1.0532415505122268,-0.4315736777442955,-0.8943979992994296,-0.3984926213924757,2.436069396350918,2.122913205210192,0.5271843781376031,-0.8190479129111882,0.9025530679224586,0.4894515114969858,-0.2921335327479976,-1.3131462685593829,0.7598783181492791,2.124679954203185,-0.079261735045531,1.3869783822076904,-0.2099710703012818,0.3442443234036355,-2.3320037134013365,0.33715280297208217,-0.4459932642697118,0.47207432056720555,3,4,0,0,0,0,0,0,0,0,0,0,1,1,1,0,0,0,0,0,0,0,0,0,0,0,0,0,0,0,0,0,0,0,0,0,0,0,0,0,True
SI_045,46.054,14.506,0.2737992592067841,1.1165202355631323,0.0491774629868558,-0.8404694751805797,-0.3455351236069156,1.1811006474497925,-0.2810883932172298,0.2818687173431515,0.5044496718961159,-0.8790228433542618,-0.6339084243373084,0.0839810849573289,-0.2064635414342545,0.710150575131372,1.7120574173023972,1.0978765293696005,-0.5187221556070766,-0.1845164144744987,-0.3901651653849832,-1.2084718855625265,1.1169750638006226,-0.0577033698323529,-0.7149552231343153,-1.0535879090813047,0.6171815261517117,0.2845783327514289,-0.7715715522214134,0.7317187012588375,1.2994400415728236,-2.1231905917854594,0.9247415826997616,0.7167818328141736,-0.1591896513619691,-0.4357460988806527,-0.5515455309859825,-0.5554179105937436,-0.7893398091962072,-0.2884814614836766,-0.2423706876803585,0.5011552073127773,-0.5928599816139715,0.2943303182203099,-0.0214300705609197,0.8616602361238315,3.258981315467759,1.0919017607203545,-0.0060975558987306,1.4759210117250536,1.117955205146145,1.0173447832061884,-1.0142294184498526,0.8897870031335855,-0.1653786467419365,-0.2119007062629193,-0.1692116299583508,0.1361535811064217,1.9927575642253816,-0.079261735045531,0.9250705897879,-0.2099710703012818,0.3442443234036355,-2.316614403302594,0.3906644336551561,1.1631117661903407,-0.5317418617460956,3,4,0,0,0,0,0,0,0,0,0,0,1,0,0,1,1,0,0,0,0,0,0,0,0,0,0,0,0,0,0,0,1,1,1,0,0,0,0,0,True
