latitude,longitude,outlier_flag,sob4es_total_plant_cover_z,sob4es_clay_content_z,sob4es_silt_content_z,sob4es_sand_content_z,sob4es_aggregate_stability_z,sob4es_bulk_density_z,sob4es_soil_moisture_z,sob4es_as_z,sob4es_cu_z,sob4es_k_z,sob4es_mo_z,sob4es_ni_z,sob4es_p_z,sob4es_pb_z,sob4es_zn_z,sob4es_soil_p_h_z,sob4es_plot_total_c_z,sob4es_plot_total_organic_c_z,sob4es_plot_total_n_z,sob4es_macrofauna_shannon_z,sob4es_earthworm_shannon_z,sob4es_oribatid_shannon_z,sob4es_mesostigmatid_shannon_z,sob4es_collembola_shannon_z,sob4es_oomycete_shannon_z,sob4es_cercozoan_shannon_z,sob4es_n_e_m_a_t_o_d_e_shannon_z,sob4es_b_a_c_t_e_r_i_a_s_h_a_n_n_o_n_z,sob4es_f_u_n_g_i_s_h_a_n_n_o_n_z,sob4es_e_u_k_a_r_y_o_t_e_s_s_h_a_n_n_o_n_z,sob4es_ew_species_richness_z,sob4es_ew_species_richness_calc_z,sob4es_nuid_earthworm_spp_richness_z,sob4es_orib_total_abundance_z,sob4es_orib_species_richness_z,sob4es_meso_total_abundance_z,sob4es_meso_species_richness_z,sob4es_coll_total_abundance_z,sob4es_coll_species_richness_z,sob4es_bac_asv_richness_z,sob4es_bac_total_reads_z,sob4es_fun_asv_richness_z,sob4es_fun_total_reads_z,sob4es_euk_asv_richness_z,sob4es_euk_total_reads_z,sob4es_oomy_asv_richness_z,sob4es_oomy_total_reads_z,sob4es_cerc_asv_richness_z,sob4es_cerc_total_reads_z,eu_clay_content_z,eu_sand_content_z,eu_silt_content_z,eu_water_holding_capacity_z,eu_c_n_ratio_z,eu_p_z,eu_p_h_z,eu_organic_carbon_lucas_z,eu_organic_carbon_octop_z,eu_zn_z,eu_soil_texture_class_enc,eu_env_zone_enc,eu_soil_type_wrb_enc,sob4es_clay_content_was_missing,sob4es_silt_content_was_missing,sob4es_sand_content_was_missing,sob4es_aggregate_stability_was_missing,sob4es_b_a_c_t_e_r_i_a_s_h_a_n_n_o_n_was_missing,sob4es_f_u_n_g_i_s_h_a_n_n_o_n_was_missing,sob4es_e_u_k_a_r_y_o_t_e_s_s_h_a_n_n_o_n_was_missing,sob4es_ew_species_richness_was_missing,sob4es_ew_species_richness_calc_was_missing,sob4es_nuid_earthworm_spp_richness_was_missing,sob4es_orib_total_abundance_was_missing,sob4es_orib_species_richness_was_missing,sob4es_coll_total_abundance_was_missing,sob4es_coll_species_richness_was_missing,sob4es_bac_asv_richness_was_missing,sob4es_bac_total_reads_was_missing,sob4es_fun_asv_richness_was_missing,sob4es_fun_total_reads_was_missing,sob4es_euk_asv_richness_was_missing,sob4es_euk_total_reads_was_missing,sob4es_oomy_asv_richness_was_missing,sob4es_oomy_total_reads_was_missing,sob4es_cerc_asv_richness_was_missing,sob4es_cerc_total_reads_was_missing,eu_clay_content_was_missing,eu_sand_content_was_missing,eu_silt_content_was_missing,eu_soil_texture_class_was_missing,eu_water_holding_capacity_was_missing,eu_c_n_ratio_was_missing,eu_p_was_missing,eu_p_h_was_missing,eu_organic_carbon_lucas_was_missing,eu_organic_carbon_octop_was_missing,eu_zn_was_missing,eu_env_zone_was_missing,eu_soil_type_wrb_was_missing
51.099,4.975,True,0.4669788422889004,-0.3371011713816584,-0.2547094762475268,0.22036161450893313,-0.24834118261105684,-1.7762925640791067,0.900944468531415,9.677292738247461,-0.34075342757275384,-0.2687388241983642,-0.6339084243373084,-0.6618408156839529,0.39629268621705854,1.2725785128037297,1.175609758677581,-1.167424392683632,1.3195991111534233,1.2445746094169134,1.5818571307168285,0.6243739994374903,-0.5563482822759022,0.683925458849464,0.32017974986533637,-1.0535879090813047,0.6637693563093854,-0.06340612376032632,0.45453307933017223,0.2284433715240083,0.008699777075614043,0.07382195812314842,-0.4935941062829906,-0.14295368013990536,-0.46537875555818903,-0.02783971317621456,0.18905177005494359,0.14780951067691173,0.32486878097496785,-0.4875467233672091,-1.1705526037298035,0.04695759652615762,-0.42759186560905743,0.29433031822030997,0.0020323176797931264,-0.1291743742286508,-0.19427821140859527,-0.9675774641422639,-0.46295121790592825,0.7330324805546768,0.7644723943813214,-1.2672948835280387,1.0115633264023123,-0.7252476878015132,-0.523203233942139,-0.2944609789337851,1.713306538652376,-0.46029913522717103,0.44932272716069394,-0.268884085283832,-0.4858566300253882,2,6,9,0,0,0,0,1,1,1,0,0,0,0,0,0,0,1,1,1,1,1,1,0,0,0,0,0,0,0,0,0,0,0,0,0,0,0,0,0
51.097,4.976,False,0.4669788422889004,-1.3000343240435726,-1.4226262919269688,1.5219062355236754,-0.22574513900373938,-0.514102937974872,0.22178133280786622,-0.35499790042604346,-0.42263247783380065,-0.7808652738396771,-0.060684596236555144,-0.6618408156839529,0.7236172601734009,-0.12539051746007304,-0.6460770820691907,-1.1839594359102978,0.321755170880773,0.23707822093509429,0.6864952855060871,0.05384916993263171,0.05302128146556929,-0.9819421003211934,-0.7149552231343153,-1.0535879090813047,-0.5704006144833491,0.38098120136235264,0.8834470684741242,0.11744758171546056,-0.9999789405466463,-0.1612145416811422,-0.7772612440795411,-0.14295368013990536,-0.15918965136196916,-0.31920141725081325,-0.3046797639723404,-0.5554179105937436,-0.7893398091962072,-0.4875467233672091,-1.1705526037298035,-0.1608332132669113,2.3154014537791285,0.29433031822030997,-0.44900122468443815,0.2869162929586454,0.23951215849878907,-0.12078651381804004,-0.16964348868450052,-0.12199016852820982,-1.0559640810575197,-1.0771748021000687,0.9224844940296224,-0.7101339731803414,-0.8728720063854908,-0.25280919068755675,1.4832545736641343,-0.3788033773737861,0.5364161407581814,-0.268884085283832,-0.2438927355751748,2,6,9,0,0,0,0,0,0,0,0,0,0,1,1,0,0,0,0,0,0,0,0,0,0,0,0,0,0,0,0,0,0,0,0,0,0,0,0,0
51.232,5.027,True,0.4669788422889004,-2.131647616428782,-2.364430362310358,2.6045469404674875,-0.2783660624728349,0.23215516213055104,-0.13947565427912798,-0.47974496988598886,-0.3882961019178778,-0.5760146939831519,-0.060684596236555144,-0.6618408156839529,0.9830818614802573,-0.5582054324589657,-1.0640592160810267,-0.4150799258703322,-0.5226481300361854,-0.6154932501744145,-0.5413631923270802,-1.2084718855625265,0.503617944539745,-0.9819421003211934,1.910978736884538,1.0610558489025141,0.7088746640786737,0.6009533636521545,0.967631289002544,0.6875297367121688,-0.30782133721681804,0.6255390499853309,-0.20992696848644016,0.2869140763371341,-0.15918965136196916,-0.31920141725081325,-0.3046797639723404,3.1365260510771966,3.1103902564029053,2.538245257262485,1.6139931444185314,0.6703300259053644,1.3862648278199656,-0.994685536959921,-1.3239013335552332,-0.2519061537587166,-0.7306766880440725,-1.4380168809890548,-0.4009752435333552,2.6533292498064056,1.732410235209863,-1.5232246938565157,1.530994444089693,-1.3450345369798626,-1.6134721334607025,0.9632431924761765,1.6800336799401445,-0.6668079729319404,-0.019749100547759465,-0.268884085283832,-0.9977986913450566,2,6,3,0,0,0,0,0,0,0,0,0,0,1,1,0,0,0,0,0,0,0,0,0,0,0,0,0,0,0,0,0,0,0,0,0,0,0,0,0
51.226,5.033,True,0.4669788422889004,-2.140671404295897,-2.353308805977954,2.6030264444149003,-0.2607225763684911,-0.1824326712613506,0.11484926463011579,-0.5388356869985945,-0.4675338924930843,-1.032660778246656,0.004454475138530455,-0.6618408156839529,-0.05078478065014046,-0.5558909141969395,-1.249580698022109,-1.1012842197769683,-0.5428707741842282,-0.6359115141157069,-0.5649636436011726,-1.2084718855625265,-0.3711262322442522,-0.9819421003211934,-0.7149552231343153,0.2281390813615703,1.0343249793715683,0.3942254794972916,0.9150520593966257,0.8134293662146639,-1.3611978653076706,-0.6803153257893334,-0.4935941062829906,-0.14295368013990536,-0.7715678597544089,-0.31920141725081325,-0.3046797639723404,-0.5554179105937436,-0.7893398091962072,-0.4079206186137961,-0.24237068768035852,0.9424808210325697,-0.7802761918249336,0.29433031822030997,-0.08255576624067187,-0.16808932871379362,-0.2750451246868058,0.09875188071046243,-0.416357263189732,1.062426451922674,-0.06063928371927116,-1.3208738059891685,1.281568702914914,-1.0969601268240512,-1.530567337808559,-0.21040772380137066,1.6224872254236555,-0.0668836617988607,0.6101052041769254,-0.07649353254408911,-0.18147197782600533,2,6,9,0,0,0,1,0,0,0,0,0,0,1,1,0,0,0,0,0,0,0,0,0,0,0,0,0,0,0,0,0,0,0,0,0,0,0,0,0
51.222,5.026,True,0.4669788422889004,-2.129431247478964,-1.956154194328374,2.3502439756722584,-0.2607225763684911,-1.647309682579404,1.0309969838827329,-0.42065425277338314,-0.5335653846390898,-0.9985190149372349,0.38226108911402684,-0.6618408156839529,-0.5138292999054539,-0.5373747681007301,-1.3792222155231062,-1.3410423465636243,-0.5156295351935303,-0.6084067623271665,-0.43210250538639833,-1.2084718855625265,-0.04811763982975475,0.8148559936493303,1.226920133680045,-1.0535879090813047,-1.7267235757814505,0.2863184352468308,0.8602526288106338,-1.0466030810252267,-0.45965667101895286,-1.0679358440993623,-0.7772612440795411,-0.5728214366169448,-0.15918965136196916,1.982556044938516,1.1765148381095116,0.32361636599457555,0.8819730760605554,-0.4875467233672091,-1.1705526037298035,-1.2126592592990832,-0.8604426632446515,1.583346173400541,0.21072408676823964,-0.8745454255210016,-0.1956432859992129,-0.7898559066668095,0.13716509805562727,0.6489318921202946,0.5885271214555872,-1.4374324623091363,1.3561788784703541,-1.136230874897037,-1.5068520640754293,0.2516776790890631,2.0980898335956883,-0.4830875954490242,0.6396707994253908,-0.22213488949856203,-0.4100983280755182,2,6,9,0,0,0,1,0,0,0,0,0,0,0,0,0,0,0,0,0,0,0,0,0,0,0,0,0,0,0,0,0,0,0,0,0,0,0,0,0
51.347,5.029,True,0.4669788422889004,-1.943810347931723,-1.6292571385441892,2.036356571816265,-0.2526746704261588,-0.27456330090399544,0.07149842617967664,-0.5519669574680625,-0.4252737375196408,-0.9302354883183933,0.04353791796358179,-0.6618408156839529,0.03304224438745939,-0.5258021767905994,-0.5566691389650547,-0.8284560065369805,-0.3609151485238102,-0.45219577629529095,-0.3025219836634722,-1.2084718855625265,0.9356805761867458,-0.9819421003211934,-0.7149552231343153,-1.0535879090813047,0.11836010030912278,0.5554761168148901,0.29223937949186407,0.20429956807306957,-0.48429129471401466,-0.3151473976775528,0.35740730710666074,0.2869140763371341,0.7593776612266905,-0.31920141725081325,-0.3046797639723404,-0.3796110552760798,-0.23223551411061963,-0.4875467233672091,-1.1705526037298035,0.07454044738364465,-0.7186467122950604,0.29433031822030997,0.3490286911345474,-0.6949379432818809,-1.463039205910438,0.4646492049246332,0.47324047261117413,0.66995703922889,-0.7324158506637714,-1.4547864697004034,1.4428950957918145,-1.2555208845977184,-1.3470418984498258,0.4178472007930825,1.6467620780643233,-0.7272119041218031,-0.8332173450971198,1.8835453885937834,-1.0712614994762217,2,6,9,0,0,0,0,0,0,0,0,0,0,1,1,0,0,0,0,0,0,0,0,0,0,0,0,0,0,0,0,0,0,0,0,0,0,0,0,0
51.339,5.003,True,0.4669788422889004,-1.9283749213169203,-1.6821037062202342,2.059876745129725,-0.2526746704261588,0.12159840655937773,-0.12213531889895225,-0.6110576745806683,-0.4886639699798061,-1.0369284986603335,-0.6339084243373084,-0.6618408156839529,0.11686926942505908,-0.5281166950526255,-1.2071119250476443,-0.8945961794436442,-0.5149365969198728,-0.607707121050636,-0.4459143706516651,-0.5211546786880162,0.0719686451193731,-0.9819421003211934,0.45672697158011144,-1.0535879090813047,0.031315359276877154,0.5300223895450066,1.7727385261199802,-1.3807113291658482,1.6102694001106457,-0.4569698554692368,-0.4935941062829906,-0.14295368013990536,-0.46537875555818903,-0.31920141725081325,-0.3046797639723404,-0.027997344640752115,0.32486878097496785,-0.4875467233672091,-1.1705526037298035,-1.8452259722974522,-0.8244520101598232,0.29433031822030997,0.38020897024391587,-0.3955921395500131,0.22062862666191166,0.5482828790307294,-0.21279504465896187,2.0295832189180705,0.2990533602076371,-1.9729999977893535,1.7187016579042105,-1.34623402923496,-1.9930873472645856,0.5831054422115409,1.8697707318083643,-1.0952205347881154,0.45926345099054966,-0.026391889032443473,-0.7911849813469428,2,6,9,0,0,0,0,0,0,0,0,0,0,1,1,0,0,0,0,0,0,0,0,0,0,0,0,0,0,0,0,0,0,0,0,0,0,0,0,0
51.339,5.001,True,0.4669788422889004,-1.9383485815911004,-1.6839445155442183,2.0669090393729412,-0.2607225763684911,-0.495676812046343,0.03970781131602109,-0.5782294984069984,-0.49130522966564627,-1.019857617005623,-0.6339084243373084,-0.6618408156839529,-0.6455574821073965,-0.20639865663098877,-1.4552189671616218,-1.9611064675635967,-0.4640556997581252,-0.5563340374809059,-0.46731166503237276,0.09128695601791344,-1.1998396121339083,1.3155680115049881,2.275530473846744,0.2281390813615703,-0.27411605719104576,0.4207353734305862,0.4597274074233932,0.2284433715240083,0.008699777075614043,0.07382195812314842,-1.0609283818760915,-1.8624247060480632,-1.6901351723430684,4.3717220183502254,2.9045752072050055,3.1365260510771966,2.553285961317318,-0.4079206186137961,-0.24237068768035852,0.04695759652615762,-0.42759186560905743,0.29433031822030997,-0.5187709581370845,-0.1291743742286508,-0.19427821140859527,-0.18351176939761218,-0.3274051678224482,-0.2060907569625921,-1.0581932519362167,-1.9729999977893535,1.7187016579042105,-1.34623402923496,-1.9930873472645856,0.5831054422115409,1.8697707318083643,-1.0952205347881154,0.45926345099054966,-0.026391889032443473,-0.7911849813469428,2,6,9,0,0,0,1,1,1,1,0,0,0,0,0,0,0,1,1,0,0,1,1,0,0,0,0,0,0,0,0,0,0,0,0,0,0,0,0,0
50.805,5.256,True,0.4669788422889004,-0.9610090307553703,1.337053686279265,-0.4484665866229124,-0.2607225763684911,-0.007384474940326218,0.02525753183254137,-0.39439171183444727,-0.0739861993028918,2.718665465375961,0.7600677030895232,-0.359480585694244,3.797274844885395,-0.19714058358288414,-0.16774458646206272,0.15537906544964203,-0.48813391060717914,-0.5806451641936634,-0.3729258136831372,-0.6016997024333278,0.6548481875907985,-0.9819421003211934,-0.7149552231343153,-1.0535879090813047,-0.18762384142873978,0.486019764663889,0.5000761996084748,-3.702638668268597,-1.1452560028366507,0.046724128728282265,0.0737401693101102,0.7167818328141736,1.0655667654229104,-0.31920141725081325,-0.3046797639723404,-0.3796110552760798,-0.23223551411061963,-0.4875467233672091,-1.1705526037298035,-2.492503539086481,-0.9162943790685991,0.29433031822030997,0.44689154734909997,-0.22795848946016717,-0.1391443654430938,-0.29850807129349444,-0.23846586947650916,1.6160886591156909,-0.26110543631067334,-0.18732205332118562,-0.8927610538052528,1.4586534985649702,-0.6505882997224117,-0.7506678430671005,1.901329894074938,0.3185032241399031,1.1851895028794706,-0.9607631576800959,0.19504610679235201,7,6,7,0,0,0,1,0,0,0,0,0,0,1,1,0,0,0,0,0,0,0,0,0,0,0,0,0,0,0,0,0,0,0,0,0,0,0,0,0
50.773,5.154,True,0.4669788422889004,-0.6505590657130337,1.2792982937392623,-0.5417395163488156,-0.2607225763684911,-0.44039843426075603,0.07149842617967664,-0.29590718331343774,0.13467331587848538,1.1908215572793774,0.6037339317893179,-0.2385364936983605,0.19670453136563046,-0.32443908799432314,-0.391264444222403,0.13057650060964365,-0.4229223802009034,-0.5148028228013378,-0.45666086472332007,-1.2084718855625265,0.5371806716555039,-0.9819421003211934,-0.7149552231343153,-1.0535879090813047,0.4060409458753324,0.19532669391891616,0.5546482286505205,0.12337164754685387,0.6636629831556707,0.7821522892235354,0.35740730710666074,0.7167818328141736,0.7593776612266905,-0.31920141725081325,-0.3046797639723404,0.14780951067691173,-0.23223551411061963,-0.4875467233672091,-1.1705526037298035,-0.13876693258092168,-0.49271207737792744,0.29433031822030997,-0.8268691616138146,1.0173200540644027,0.07069793412574055,-0.5598633028750449,-0.3935529711534063,-0.0729314919414868,-0.34732658136884986,0.23902652443765482,-1.3991732034549385,1.9526490675786217,-0.178847213464439,-0.7659377642424661,2.010926029066782,-0.11218153987250348,0.4944728061073468,-0.9607631576800959,0.16658205349973687,6,6,7,0,0,0,1,0,0,0,0,0,0,1,1,0,0,0,0,0,0,0,0,0,0,0,0,0,0,0,0,0,0,0,0,0,0,0,0,0
50.824,5.143,True,0.4669788422889004,0.12049986072179616,2.0671646844044775,-1.4927147662388949,-0.295390478889307,0.5177601140227494,-0.09034470403529679,-0.40752298230391515,-0.031726044329448366,2.223609897389359,0.39528890338904404,-0.359480585694244,0.5240291053219726,-0.1763099192246487,-0.33314928120471454,0.5687551461162903,-0.5610451272610757,-0.6542616732427083,-0.5630812559532185,-0.7502604143135141,0.7649116060995178,-0.9819421003211934,-0.7149552231343153,0.6907964435491247,0.32158743190769246,0.349881334658922,0.8559935629183708,0.4385456086284339,0.36178989535589834,-0.14826949631392966,1.2084087204963119,1.146649589291213,1.98413407801157,-0.31920141725081325,-0.3046797639723404,-0.5554179105937436,-0.7893398091962072,-0.08941619960014412,0.22172027034436392,-0.13876693258092168,-0.1826387584932527,1.583346173400541,-1.0695196505243456,-0.12019400011669477,-0.22673665167439255,0.33919869376548895,-0.25203071210193295,1.0133677753359511,-0.11175098743796862,-0.16844799632971832,-0.4735018603200816,0.8178236392097914,-0.6734967527015902,-0.473602618532789,2.092274765733607,0.13590391161741755,0.5712404786073422,-0.9794703508760378,0.2354535236968617,7,6,13,0,0,0,0,0,0,0,0,0,0,1,1,0,0,0,0,0,0,0,0,0,0,0,0,0,0,0,0,0,0,0,0,0,0,0,0,0
50.742,2.824,True,0.4669788422889004,-0.37604594007131414,1.3905905574518038,-0.7755632999357586,-0.2607225763684911,-0.06266285272591318,-0.015203250721202002,-0.0989381262714187,-0.09775753647545381,0.985970977422852,0.6428173746143694,-0.359480585694244,1.8413109273413988,0.39537609149581376,-0.30632689827347365,-0.7457807904036511,-0.4192156640337752,-0.5110602504402846,-0.3841014757374164,-0.5313076349693286,1.4682648835301466,-0.9819421003211934,-0.7149552231343153,0.2281390813615703,1.1494706437452658,0.5469352720406886,0.2641817228835769,0.41004927451393763,-0.4310213971637812,-0.5649296570633352,0.6410744449032111,2.006385102245292,1.98413407801157,-0.31920141725081325,-0.3046797639723404,-0.5554179105937436,-0.7893398091962072,-0.3282945138603831,-0.24237068768035852,0.7218180141726734,0.13598083587310364,-2.283701392140152,0.044326359640025625,-0.275853818057266,0.3249051578896483,0.391469740081799,-0.3404837236367719,0.09526968492727778,-1.0446590001726987,-0.731200288043638,-0.8172598263123152,1.6844828816325652,-0.972059646322782,-1.2298409465902465,2.3311673180330024,0.8927080811339964,0.03450775299217685,-0.9485440334934021,0.03848067755933042,6,6,7,0,0,0,1,0,0,0,0,0,0,1,1,0,0,0,0,0,0,0,0,0,0,0,0,0,0,0,0,0,0,0,0,0,0,0,0,0
50.785,2.751,True,0.4669788422889004,-0.6050443462078464,0.9711928331374154,-0.37823867519403565,-0.2644369944957214,0.11238534359511364,-0.015203250721202002,-0.1645944786187584,0.11354323839176372,2.6247756162750533,0.38226108911402684,-0.359480585694244,5.753238762429391,-0.25037450360948593,-0.23480054379016474,0.2793918896496368,-0.42060274724007307,-0.5124607513247086,-0.4393914242251757,-0.5773113578159389,1.114265279374004,-0.9819421003211934,-0.7149552231343153,0.2281390813615703,0.8697376549969907,0.5370823826009532,0.8126567931115606,0.43481834746558307,-1.5073430371800671,0.008289627316546684,-0.4935941062829906,1.5765173457682524,0.7593776612266905,-0.4357460988806527,-0.7984112979996244,-0.5554179105937436,-0.7893398091962072,-0.2486684091069701,-0.24237068768035852,0.2510706928715616,-0.7072115549604159,1.583346173400541,-0.0637241125211523,-0.07229867151959593,0.7792474841335538,-0.41350437318937666,-0.38343052726971744,2.0435999836571344,-0.14224286052871804,-0.3975323888864267,-1.3655259904479158,2.299063889541014,-0.5538357232498641,-0.5215654769623357,1.5773611425244047,0.20619461470098413,0.2981604830319172,-0.9485440334934021,0.7680539784949835,6,6,7,0,0,0,0,0,0,0,0,0,0,0,0,0,0,0,0,0,0,0,0,0,0,0,0,0,0,0,0,0,0,0,0,0,0,0,0,0
50.771,2.803,True,0.4669788422889004,1.8806134310128217,0.36180824651016347,-1.4928097972421814,-0.2607225763684911,0.011041650988203793,-0.03832369789476964,-0.07924122056721675,0.34597409074570284,0.21351358254720532,0.3040942034639242,-0.19822179636639933,0.7276090232704293,-0.4262778915234743,-0.009045487452221387,0.10577393576964454,-0.42143062009373705,-0.5132966324445164,-0.45363122909475,-0.7502604143135141,1.4753102679865062,-0.9819421003211934,-0.7149552231343153,0.2281390813615703,0.561314340301704,0.2368157345221707,0.6684379299775235,0.2046531584955411,0.3210097310651026,0.7850189906833589,0.9247415826997617,0.2869140763371341,0.7593776612266905,-0.4940184396955724,-1.0452770650132663,-0.5554179105937436,-0.7893398091962072,-0.2486684091069701,-0.24237068768035852,0.045118739802325156,-0.745489239512173,1.583346173400541,0.8602617822742921,0.8736340682731062,0.25665142835876614,-0.5494090936117829,-0.39711054308724386,-0.5004428164829301,-1.1512611361218201,-0.17137303313483912,-1.3379265634405109,2.1166412025840926,0.16480628056566324,-0.1972258743821122,1.0054226519090537,-0.6551700178436526,0.04502584981750317,0.02416528893390142,0.2326900335800048,6,6,7,0,0,0,1,0,0,0,0,0,0,0,0,0,0,0,0,0,0,0,0,0,0,0,0,0,0,0,0,0,0,0,0,0,0,0,0,0
51.156,4.49,True,0.4669788422889004,-1.3089789558767657,0.68855190151735,0.2194113044760659,-0.2619607157442345,0.0018285880239403216,-0.01809330661789802,-0.29590718331343774,0.6101000593297247,-0.004140158550352598,0.5255670461392152,-0.6618408156839529,-0.29029056647185436,0.27039210534640096,-0.4046756356880234,0.6266277974096213,-0.5215176896369617,-0.6143518746810677,-0.5666992251607338,-0.30959145735063387,1.563318586974212,-0.9819421003211934,-0.7149552231343153,0.2281390813615703,0.47451359824569134,0.6099159738459671,-0.1949375683234337,0.3832163250468731,-1.2122170337179254,-0.2984481688377436,0.9247415826997617,1.146649589291213,1.0655667654229104,-0.31920141725081325,-0.3046797639723404,-0.027997344640752115,-0.23223551411061963,-0.4079206186137961,-0.24237068768035852,0.4202455114641487,-0.24944415134301764,-0.994685536959921,-2.2494308065244084,-0.6111211182369579,-0.43946077537897527,-0.04760704897520589,-0.26440543174229597,1.567029982528968,0.35287191427903813,-1.1258972591620018,0.4623960144826706,0.010567595668253068,-1.5014667232725554,0.16501967317189728,1.4834239323704435,0.3996884686792324,0.28809131817552674,-0.7327789565363363,0.2969778723689572,7,6,13,0,0,0,0,0,0,0,0,0,0,1,1,0,0,0,0,0,0,0,0,0,0,0,0,0,0,0,0,0,0,0,0,0,0,0,0,0
50.917,4.928,True,0.4669788422889004,-1.3349421350032031,-0.6350667028157512,1.0549714008744393,-0.35667837798860647,0.305859665844668,-0.16259610145269623,-0.19085701955769427,-0.28528697417010923,0.8237976017031031,0.08262136078863312,-0.6618408156839529,0.1767457158804876,-0.43090692804752667,-0.5298467560338137,0.10577393576964454,-0.5286894181711708,-0.6215929775286867,-0.5265510773409282,0.4988301827266931,1.5328596334325433,-0.9819421003211934,0.5609758562232795,0.2281390813615703,0.27873873655901565,0.3229100131357732,0.9369942537782603,0.2284433715240083,0.008699777075614043,0.07382195812314842,0.6410744449032111,1.146649589291213,1.37175586961913,-0.31920141725081325,-0.3046797639723404,-0.20380419995841595,0.32486878097496785,-0.08941619960014412,-0.24237068768035852,0.04695759652615762,-0.42759186560905743,0.29433031822030997,0.4218855809346559,-0.1291743742286508,-0.19427821140859527,-0.3821417453995906,-0.3509132960327345,0.31252953838276537,0.24857856245428167,-0.9764429051417465,-0.5871900664822995,1.49219411841184,-1.401381735123398,-0.8385338770648106,2.625278349607618,0.5843375886870718,0.660129314268605,-0.7720164385260745,0.2510623912487728,6,6,13,0,0,0,0,1,1,1,0,0,0,1,1,0,0,1,1,0,0,1,1,0,0,0,0,0,0,0,0,0,0,0,0,0,0,0,0,0
50.961,4.916,False,0.4669788422889004,-1.0677113644823133,-1.0185686453124485,1.1321365755432458,-0.29477140920143524,0.05710696580952668,-0.16259610145269623,0.34095943445575727,0.13467331587848538,0.39702556033534253,-0.1909627389867264,-0.37963793436022464,0.013083428902316549,-0.5558909141969395,-0.4337332171968676,0.213251716742973,-0.3128298121627556,-0.40364529583693526,-0.4450579256839021,-0.16800054262774922,0.2933861291892788,-0.9819421003211934,-0.7149552231343153,0.8503858730110689,0.5237033995088716,0.6114032828078227,0.4902868880637978,0.025331024354435603,-0.5654638381697491,-0.00226235231288212,-0.20992696848644016,0.2869140763371341,-0.15918965136196916,-0.4940184396955724,-1.0452770650132663,-0.027997344640752115,-0.23223551411061963,-0.08941619960014412,0.22172027034436392,0.06718502048831478,-0.8196372070715519,1.583346173400541,0.9380581222303401,-0.43151363599783726,-0.9427182744533463,-0.8839437900361676,-0.39954197714274436,1.658138953332882,-0.19829058547881617,-1.6198209243991688,0.45401795753278623,0.3311035685890778,-1.772810054467137,0.2442561155462153,1.9839332676885013,0.07921844729880209,0.7391416466132794,-0.5675408138299993,0.6973497563278503,7,6,13,0,0,0,0,0,0,0,0,0,0,0,0,0,0,0,0,0,0,0,0,0,0,0,0,0,0,0,0,0,0,0,0,0,0,0,0,0
51.198,4.94,True,-0.4989190731216809,0.1599591436319453,0.038209307431450755,-0.13762017487209297,-0.2607225763684911,-2.716024986434084,-0.16259610145269623,3.899533731681568,14.846489766008501,-0.5205343286053431,-0.021601153411503808,-0.6618408156839529,-0.5457634046816824,9.604844256097918,4.215479824218207,-1.8122910785236033,6.758323827461164,6.735909765623444,7.460283564472868,-1.2084718855625265,-1.1998396121339083,-0.2321274364982203,-0.7149552231343153,0.2281390813615703,-0.530073316671191,0.06417235789588883,1.2376219508788642,0.8528579647550849,0.94600103607432,-0.9324943628827336,-1.0609283818760915,-1.8624247060480632,-1.6901351723430684,-0.37747375806573297,-0.5515455309859825,-0.5554179105937436,-0.7893398091962072,-0.4079206186137961,-0.24237068768035852,1.1999207623691153,0.6534517977850666,0.29433031822030997,0.2196768401758801,-0.19203699301234303,0.007297803139276678,-1.2184784864605525,-0.35722222755569105,1.46190424698599,0.6995875991621027,-1.046513654357765,0.9215698851168571,-0.7278789406903842,-0.8843089200202252,1.2938336232061505,1.2407335346477495,-0.6212625234322262,0.21863499820503948,-0.099868056761412,-0.5662066202059288,2,6,3,1,1,1,1,0,0,0,0,0,0,0,0,0,0,0,0,0,0,0,0,0,0,0,0,0,0,0,0,0,0,0,0,0,0,0,0,0
51.195,4.942,True,0.4669788422889004,0.1599591436319453,0.038209307431450755,-0.13762017487209297,-0.2607225763684911,-2.6883857975412906,-0.16259610145269623,2.5864066847347744,7.609438226806302,-0.9515740903867813,-0.6339084243373084,-0.6618408156839529,0.3124656611794589,8.378149577224052,1.309721673333785,-1.3989149978569555,5.995241087119945,5.965445493628647,5.271656396077404,-1.2084718855625265,-1.1998396121339083,-0.9819421003211934,0.5609758562232795,0.8690025765830078,-2.9505996727659496,-3.7207302158948217,1.0421836632251193,0.2284433715240083,0.008699777075614043,0.07382195812314842,-1.0609283818760915,-1.8624247060480632,-1.6901351723430684,-0.31920141725081325,-0.3046797639723404,0.4994232213122394,0.32486878097496785,-0.3282945138603831,0.22172027034436392,0.04695759652615762,-0.42759186560905743,0.29433031822030997,0.0020323176797931264,-0.1291743742286508,-0.19427821140859527,0.06738925292067635,-0.21328133147006198,0.060227773079618484,-0.03341155370089962,-0.9799679985244001,0.9671889025229001,-0.8378181845277793,-0.9580641847645812,0.5285012980072658,0.42001653073745115,-0.6384120898450014,0.10402859928789943,1.7575096215909702,-1.087342566885849,2,6,9,1,1,1,1,1,1,1,0,0,0,1,1,0,0,1,1,1,1,1,1,1,1,1,1,0,0,0,0,0,0,0,0,0,0,0,0,0
51.08,4.931,True,0.0806196761246679,0.1599591436319453,0.038209307431450755,-0.13762017487209297,-0.2607225763684911,-2.70681192346982,-0.16259610145269623,-0.7620672849795495,8.903655472868008,-0.5461406510874086,-0.6339084243373084,-0.6618408156839529,0.17275395278345915,7.382906724552801,0.5050501853965609,-1.382379954630289,3.2720539585845487,3.2159161469755757,2.8450745845920533,-1.2084718855625265,-1.1998396121339083,-0.9819421003211934,1.3073476911524553,-1.0535879090813047,0.48431137593536583,0.3080989195612029,0.9638249254834073,-0.4182181435282079,0.7863574551083234,-1.7888497379702561,-1.0609283818760915,-1.8624247060480632,-1.6901351723430684,-0.31920141725081325,-0.3046797639723404,-0.027997344640752115,0.8819730760605554,-0.4875467233672091,-1.1705526037298035,-0.7492673648933011,0.9843491400265149,-0.994685536959921,-1.0435875372056629,-1.3894202079398141,0.06258332405929122,-1.532104764358413,-0.4211305521513198,-0.6265936991345036,-1.043305574996347,-1.3611232617205105,0.8350292233491756,-0.4018706350023851,-1.3049382869748822,-0.16184818237267382,1.0195234138070726,-0.8255369241135546,0.308100901049805,-0.07649353254408911,0.6936754949720749,2,6,3,1,1,1,1,0,0,0,0,0,0,1,1,0,0,0,0,0,0,0,0,0,0,0,0,0,0,0,0,0,0,0,0,0,0,0,0,0
51.08,5.285,True,-0.11255990695744836,0.1599591436319453,0.038209307431450755,-0.13762017487209297,-0.2607225763684911,-2.752877238291142,10.215594623582477,9.349010976510762,-0.4015024003470789,0.19644270089249496,-0.6339084243373084,-0.6618408156839529,-0.15457062117288323,0.8513361891149679,0.907385929365173,-1.4319850843102873,5.5783907180201275,5.544562804006235,5.164975520722175,-1.2084718855625265,-1.1998396121339083,0.7046244343925495,-0.7149552231343153,-1.0535879090813047,0.27606649676615896,0.01739699824703655,-0.030186969875966946,-0.3797739855405928,0.9073753505698975,-2.2048990310061707,-1.0609283818760915,-1.4325569495710238,-1.3839460681468485,0.05956879804616504,0.18905177005494359,-0.5554179105937436,-0.7893398091962072,-0.4875467233672091,-1.1705526037298035,-1.109683282764465,0.9916917147361287,0.29433031822030997,0.19034885487498893,-0.8505977612224521,0.5455163792289107,-0.7480390696137613,-0.32618945079469797,-0.4513841398962071,-1.0582728651818845,-1.9844232304280398,1.69852342594654,-1.3088360150943945,-1.8601169042018528,0.825253555363429,1.2337338984688124,-0.7223807645418565,-0.3237414872784574,-0.17806334925616607,-1.4101069329832372,2,6,9,1,1,1,1,0,0,0,0,0,0,0,0,0,0,0,0,0,0,0,0,0,0,0,0,0,0,0,0,0,0,0,0,0,0,0,0,0
51.091,5.322,True,-0.4989190731216809,0.1599591436319453,0.038209307431450755,-0.13762017487209297,-0.2607225763684911,-2.6975988605055554,7.657895155006556,1.430854883421596,-0.37244854380283643,-0.9942512945235574,-0.6339084243373084,-0.6618408156839529,0.05300105987260224,1.318868878044253,2.4496729479115196,-1.2831696952702933,1.178865968034563,1.102480111761093,0.32365438746266273,-1.2084718855625265,-1.1998396121339083,-0.04067455293688617,-0.7149552231343153,0.2281390813615703,1.100132262539489,-0.3563457857986757,0.36981240481295874,0.07791334010451892,1.1392148503821606,-4.067578982786896,-1.0609283818760915,-1.8624247060480632,-1.6901351723430684,0.32179433171330385,-0.3046797639723404,-0.5554179105937436,-0.7893398091962072,-0.4079206186137961,-0.24237068768035852,-0.38885144702213736,-0.6452209651989224,-0.994685536959921,0.7114608463266128,-1.3894202079398141,0.8143602361033299,-1.2184784864605525,-0.4690937881514032,0.2074038028397875,0.7459225081407349,-1.9649640479763157,1.4828858657101462,-0.9974235889707596,-1.8310822036674645,0.8316959468051074,0.8573208198100404,-1.6846300538562708,0.2701982599313608,1.8835453885937834,-1.0395803219304423,2,6,9,1,1,1,1,0,0,0,0,0,0,0,0,0,0,0,0,0,0,0,0,0,0,0,0,0,0,0,0,0,0,0,0,0,0,0,0,0
51.074,5.273,True,-0.30573949003956463,0.1599591436319453,0.038209307431450755,-0.13762017487209297,-0.2607225763684911,-2.292224090077918,-0.16259610145269623,6.788413234964514,-0.7369423804487866,-0.6656368226703816,-0.6339084243373084,-0.6618408156839529,0.2805315564032303,4.698065540602451,1.7791133746304995,-0.9111312226703105,1.722942994275151,1.6518201607105736,0.8588934579787977,-1.2084718855625265,-1.1998396121339083,-0.27571829659346114,-0.7149552231343153,-1.0535879090813047,0.11329061771753013,0.2149000661658432,-0.21039500224883922,0.3172575220758101,-0.26253028562224917,-1.2281650624498555,-1.0609283818760915,-1.4325569495710238,-1.3839460681468485,0.23438582049092424,-0.3046797639723404,-0.5554179105937436,-0.7893398091962072,-0.4875467233672091,-1.1705526037298035,-0.08727894431361256,-0.5738415094152997,-0.994685536959921,-0.30205258254523615,-0.9942837470137487,0.07661325735175033,-1.3230205790931726,-0.42842485431782124,-0.8438535525899912,-1.39503689435648,-1.824637330581007,0.8376087121409624,-0.11673623413149738,-1.8212013610835256,0.5845292578938078,1.5156369637795573,-0.737798030326443,0.24711006797583118,-0.8858636197590584,-0.9977986913450566,2,6,9,1,1,1,1,0,0,0,0,0,0,0,0,0,0,0,0,0,0,0,0,0,0,0,0,0,0,0,0,0,0,0,0,0,0,0,0,0
51.332,5.004,True,-0.11255990695744836,0.1599591436319453,0.038209307431450755,-0.13762017487209297,-0.2607225763684911,-2.3475024678635052,2.6869990126895145,0.03894021365799462,-0.11360509459049506,-0.5504083715010862,-0.6339084243373084,-0.6618408156839529,-0.6455574821073965,2.1520954523736715,-0.7623074081045675,-1.0682141333236366,0.8773554475960581,0.7980529882691517,0.2111652254325993,-1.2084718855625265,0.12942725021154078,-0.9819421003211934,-0.7149552231343153,-1.0535879090813047,0.13692653871921018,-0.005606888393070429,0.1777192695894063,0.9572140218839406,1.1114295836950854,0.5633981457673332,-1.0609283818760915,-1.4325569495710238,-1.6901351723430684,-0.31920141725081325,-0.3046797639723404,-0.5554179105937436,-0.7893398091962072,-0.4875467233672091,-1.1705526037298035,2.0016622939600714,1.2509688610395406,1.583346173400541,0.638295240891758,1.5202210043339406,0.3603212597684505,-1.6680094847808193,-0.4614795604512832,0.9713174811187599,0.5213335421120036,-1.4585005780930935,1.3494688797215513,-1.1130270394533661,-1.6459969386629072,0.828391559704579,1.6556252884308655,-1.154555852590868,-1.1232286202775394,1.8835453885937834,-1.5946967932377807,2,6,9,1,1,1,1,0,0,0,0,0,0,1,1,0,0,0,0,0,0,0,0,0,0,0,0,0,0,0,0,0,0,0,0,0,0,0,0,0
51.331,5.004,True,-0.30573949003956463,0.1599591436319453,0.038209307431450755,-0.13762017487209297,-0.2607225763684911,-2.7805164271839358,11.16931306949214,1.273279637787981,1.4288905619401921,0.32874203371650085,-0.6339084243373084,-0.6618408156839529,-0.5377798784876252,4.7443559058429745,0.4156422422924248,-1.622138081416945,6.477870541645489,6.452743569795321,5.3769824515018705,-1.2084718855625265,-1.1998396121339083,0.2210232684408301,-0.7149552231343153,0.8690025765830078,-0.8309345354044818,-0.5351368694035452,0.5274529583546925,1.1237056519759159,-0.16294760335893513,-0.40303222286896434,-1.0609283818760915,-1.8624247060480632,-1.6901351723430684,0.17611347967600452,-0.3046797639723404,-0.5554179105937436,-0.7893398091962072,-0.3282945138603831,0.22172027034436392,1.9501743056927623,1.2963483801464981,0.29433031822030997,-0.304522307623206,0.4306022787499419,2.419991304578704,-1.992089971941942,-0.42020916661449853,-1.047096641306415,-1.1630438964806475,-1.4585005780930935,1.3494688797215513,-1.1130270394533661,-1.6459969386629072,0.828391559704579,1.6556252884308655,-1.154555852590868,-1.1232286202775394,1.8835453885937834,-1.5946967932377807,2,6,9,1,1,1,1,0,0,0,0,0,0,0,0,0,0,0,0,0,0,0,0,0,0,0,0,0,0,0,0,0,0,0,0,0,0,0,0,0
51.337,5.005,True,0.4669788422889004,0.1599591436319453,0.038209307431450755,-0.13762017487209297,-0.2607225763684911,-2.7344511123626134,5.409431667377103,-0.17116011385349233,-0.11624635427633531,-0.499195726536955,-0.6339084243373084,-0.6618408156839529,-0.521812826099511,1.7910306034975902,-0.525376358878607,-2.176062029510254,1.7770075901141755,1.7064077398441033,0.548585351488429,-1.2084718855625265,-1.1998396121339083,0.9168572215466314,1.226920133680045,1.396476800505585,-0.9527947888941939,0.3989560657438761,-1.2575557959783672,0.7094562366726864,0.9575033347743146,-0.7651946493754734,-1.0609283818760915,-1.8624247060480632,-1.6901351723430684,-0.4066099284731928,-0.5515455309859825,0.32361636599457555,0.8819730760605554,0.3883404289203338,1.1499021863938088,0.5232214879987669,1.033700871681296,-0.994685536959921,-0.9889448698555815,-0.9463884184166498,-0.46069526901080526,-1.3752916254094827,-0.42047790406273805,0.7400408629242087,0.8212366385424293,-1.8603488514150406,1.809530997891418,-1.5527542799621983,-1.5667849958101314,0.7776084816294766,1.468733085777715,-1.4778722460168083,-0.0448892908081661,-0.026391889032443473,-1.1562045790739544,2,6,9,1,1,1,1,0,0,0,0,0,0,0,0,0,0,0,0,0,0,0,0,0,0,0,0,0,0,0,0,0,0,0,0,0,0,0,0,0
51.282,5.493,True,0.4669788422889004,-1.8054456006359538,-1.1302444109674867,1.6441636212520239,-0.22574513900373938,2.443290273554028,0.7918448584311429,-0.4140886175386492,-0.5282828652674093,-1.028393057832978,-0.151879296161675,-0.6618408156839529,-0.7214009809509392,0.7587554586339214,-1.0685296132362334,-2.357947505003579,0.19009135570572222,0.10414078159327102,-0.37612791193213624,0.2731359337191503,0.12942725021154078,1.3284420541141508,-0.001534206686209112,1.1796294676684806,0.358789751687377,0.2284626510661594,-0.6765209291807112,-1.7246217012064722,-1.0066277118829916,-0.45480108378660833,-1.0609283818760915,-1.4325569495710238,-1.0777569639506288,6.731751821354474,4.385769809286857,-0.20380419995841595,-0.23223551411061963,-0.009790094846731125,0.6858112283690864,-1.1391049903457844,0.21349916559427232,-1.6391934645500366,-0.8741026537299867,-1.778569752791242,-0.813149944560555,-1.025075615090205,-0.42088101023509733,0.7645702012175701,0.7484303253792691,-1.8391845128753046,2.0993932219133984,-2.000863940388434,-1.9919791159652724,1.3918917168090015,0.7484200295622815,-2.0052700183342584,-1.2356544269572838,1.8835453885937834,-1.6323310868680987,2,6,9,0,0,0,0,0,0,0,0,0,0,0,0,0,0,0,0,0,0,0,0,0,0,0,0,0,0,0,0,0,0,0,0,0,0,0,0,0
51.278,5.518,True,0.4669788422889004,-1.9047072671742231,-1.5999575901374417,1.994685476875044,-0.23100723135064893,0.6674723871920486,1.7650711816435054,-0.3615635356607774,-0.38565484223203755,-1.083873423210787,0.0956491750636502,-0.6618408156839529,-0.6734998237865965,1.6382723982038636,-0.9210065071144089,-2.4819603292035737,-0.35647320497266044,-0.44771086447190434,-0.6064040233104685,-0.5211546786880162,-1.1998396121339083,2.1868481393750208,1.2992731068799497,-0.1813957330675363,-0.43223715774792404,0.22432256781970272,0.12696439930546718,0.15034202809540795,-1.5868364988960744,-1.524315035137882,-1.0609283818760915,-1.8624247060480632,-1.6901351723430684,-0.31920141725081325,-0.3046797639723404,-0.3796110552760798,-0.23223551411061963,-0.4875467233672091,-1.1705526037298035,0.2952032542435408,0.9023771174486952,-0.994685536959921,-0.3651849298508387,-1.0302052434615727,1.2079567430647502,-0.6487240816127722,-0.07207259944153475,0.9643090987492281,1.3620892229863097,-1.8906950116324366,2.2521273015415533,-2.1979105586462744,-1.8435024040225008,1.285310491049487,1.115267012091963,-2.0817779812420474,-0.8784313387450721,1.8835453885937834,-1.6038647566473863,1,6,9,0,0,0,0,0,0,0,0,0,0,1,1,0,0,0,0,0,0,0,0,0,0,0,0,0,0,0,0,0,0,0,0,0,0,0,0,0
51.277,5.52,True,0.4669788422889004,-1.8511186322089852,-1.3723108370714021,1.821538988886663,-0.22884048744309793,-0.6592086796620378,-0.07878448044851301,-0.7620672849795495,-0.36716602443115604,-1.0070544557645902,-0.1258236676116408,-0.6618408156839529,-0.5617304570697966,0.9971508396226161,-1.0059440530633383,-2.4654252859769077,-0.18933090672218125,-0.2789517478871039,-0.5173326423615539,0.3477245280213529,-1.1998396121339083,1.09538697270111,2.0338904060076395,0.996558368121297,-0.4078699139924599,0.45882542807139015,0.7653542079106387,0.5928718417547854,1.3334649306059578,-1.365008570368596,-1.0609283818760915,-1.4325569495710238,-1.3839460681468485,-0.20265673562097375,-0.3046797639723404,0.14780951067691173,0.32486878097496785,3.5733846190568532,1.6139931444185314,0.34669124251085,0.31509151075679775,0.29433031822030997,1.2347338472214602,-0.7847416844014412,1.1124394404601434,-1.2446140096187075,-0.4155062612703068,-0.6125769343954398,-1.0634875327731224,-1.8842117574217785,2.2017752017079624,-2.126403876993598,-1.7791231974193322,0.7975097083484591,1.5961671857340718,-1.0031638274852843,0.09973163532637531,1.8835453885937834,-0.9371917695478563,1,6,9,0,0,0,0,0,0,0,0,0,0,0,0,0,0,0,0,0,0,0,0,0,0,0,0,0,0,0,0,0,0,0,0,0,0,0,0,0
51.136,5.041,True,0.4669788422889004,-2.294075798036858,-2.5887789986709255,2.8410791076481012,-0.2607225763684911,0.5776450232904693,0.07438848207637255,-0.5322700517638606,-0.5335653846390898,-0.9686449720414917,0.14776043216371873,-0.6618408156839529,-0.5417716415846537,-0.45636662892981444,-1.4216909884975708,-2.2587372456435832,-0.638846827301798,-0.7328159728131959,-0.7457763447198232,0.5521465803105574,-1.1998396121339083,1.2686763138189154,0.7214972185203595,0.766943889682617,1.5206661654055338,0.6093637871385247,0.4474808785105045,1.0386253878893656,1.58736123519107,-0.7965105903931571,-1.0609283818760915,-1.8624247060480632,-1.6901351723430684,4.080360314275627,2.4108436731777214,-0.3796110552760798,-0.23223551411061963,-0.4079206186137961,-0.24237068768035852,1.795710340890835,0.35890621886006696,0.29433031822030997,0.10097567861595748,-1.592975354477484,-0.5455574060608688,-2.080950750679669,-0.4848085303627432,1.7948024095387534,1.1001218381165683,-1.4026013993736834,1.2754648288789456,-1.0368441333169498,-1.041845052590095,0.26150414286085727,1.2753606345922484,-0.8419227956187877,0.6678253782537815,-0.027946438117702165,0.4838481636871003,7,6,3,0,0,0,1,0,0,0,0,0,0,0,0,0,0,0,0,0,0,0,0,0,0,0,0,0,0,0,0,0,0,0,0,0,0,0,0,0
51.137,5.038,False,0.4669788422889004,-2.242149439783984,-2.363509957648366,2.670308394741889,-0.2607225763684911,-1.211992457517907,0.37567680930692576,-0.3878260765997133,-0.5467716830682908,-0.8918260045952948,-0.021601153411503808,-0.6618408156839529,-0.7293845071449963,-0.25731805839556443,-1.417220591342364,-2.2422022024169177,-0.4171400654023391,-0.5089645739114095,-0.624840108480325,1.1986313448714558,-0.8825531653880263,1.0556093096086425,1.3920972401812248,-0.12574103187261443,0.6799860341603098,0.4126521888980249,-0.15330113640171808,0.3249734623000112,-0.7380429256268078,-0.8333616816073823,-1.0609283818760915,-1.0026891930939843,-0.15918965136196916,0.23438582049092424,-0.057813996958698426,-0.5554179105937436,-0.7893398091962072,-0.4875467233672091,-1.1705526037298035,-0.38517373357447243,1.6193614823309022,0.29433031822030997,0.5850417938980346,-1.269681886447067,-0.7790609985337422,-0.9362148363524777,-0.39263158561658507,0.5052600535448915,-0.008850867412397802,-1.646365245365304,1.519526684177348,-1.2510488767560999,-1.5336102284907314,0.16983999208009548,1.0790201642234878,-0.3301576902136922,-0.6252326379233746,-0.027946438117702165,-1.4872842865826683,2,6,3,0,0,0,1,0,0,0,0,0,0,0,0,0,0,0,0,0,0,0,0,0,0,0,0,0,0,0,0,0,0,0,0,0,0,0,0,0
51.137,5.04,True,0.4669788422889004,-2.3107777211944134,-2.62083976106365,2.8709188426801275,-0.2452458341716983,-0.23771104904693754,-0.16259610145269623,-0.28934154807870377,-0.5362066443249299,-1.028393057832978,-0.008573339136486734,-0.6618408156839529,-0.685475113077682,-0.20408413836896266,-1.2853438752637634,-2.2918073320969152,-0.6339551845752929,-0.7278770117374282,-0.7440666407961898,1.4811278658949363,-0.5217206735092313,2.220881063644849,2.0496463028678362,-0.1279610284780049,-0.07817072141552818,0.616473934608459,1.325830109109399,0.690409709569922,0.06344204486012862,-1.5783231112973062,-0.6354276751812659,-0.5728214366169448,-0.7715678597544089,4.575675211202444,5.866964411368709,1.3784574979005586,0.8819730760605554,-0.4875467233672091,-1.1705526037298035,0.4202455114641487,1.1106775360550343,0.29433031822030997,0.7227289669948499,-0.9703360827151992,-0.12515235088926296,-0.7898559066668095,-0.3490577279377473,-0.18856980103876247,-1.1328306697497352,-1.646365245365304,1.519526684177348,-1.2510488767560999,-1.5336102284907314,0.16983999208009548,1.0790201642234878,-0.3301576902136922,-0.6252326379233746,-0.027946438117702165,-1.4872842865826683,2,6,3,0,0,0,0,0,0,0,0,0,0,0,0,0,0,0,0,0,0,0,0,0,0,0,0,0,0,0,0,0,0,0,0,0,0,0,0,0
51.13,4.855,True,0.4669788422889004,-1.8231765522344967,-1.6113859480238433,1.9528718354288923,-0.2576272279291325,1.7454007540109933,0.08089110784393841,-0.15802884338402443,-0.3381121678869136,-0.7467235105302562,-0.2170183675367606,-0.6618408156839529,0.10888574323100197,-0.21797124794111958,-1.323342251083021,-2.308342375323581,-0.4295925709819853,-0.5215375363684598,-0.6057865716407936,-1.2084718855625265,-1.1998396121339083,1.8290712787029524,1.1824156676741726,0.32726110298031763,-1.5387402264751846,0.2971592633578874,-0.3826596890125168,0.5259642597896602,1.5467006633602511,-2.819767643666278,-1.0609283818760915,-1.8624247060480632,-1.6901351723430684,-0.31920141725081325,-0.3046797639723404,-0.5554179105937436,-0.7893398091962072,-0.4875467233672091,-1.1705526037298035,2.1487708318666687,1.5048293538686475,-0.3501776093698055,0.0821440248964379,-1.9521903189557255,0.11077804085581967,-1.8770936700460596,-0.3921325017841402,-0.2166033305168899,-0.6600872169746177,-1.7266134490283025,1.4202459988727572,-1.0520515407382158,-1.9401329561566147,-0.21190070626291932,-0.16921162995835082,0.13615358110642176,0.44925881245939453,-0.07649353254408911,-0.5937553484034309,2,6,9,0,0,0,0,0,0,0,0,0,0,1,1,0,0,0,0,0,0,0,0,0,0,0,0,0,0,0,0,0,1,1,1,0,0,0,0,0
51.131,4.857,True,0.4669788422889004,-2.0028607492375827,-1.828294646699975,2.1951533783083526,-0.2452458341716983,-1.3501884019818742,0.44937323467267254,-0.1383319376798225,-0.28528697417010923,-0.660985007419473,0.1607882464387358,-0.6618408156839529,-0.28629880337482577,-0.09761629831575919,-1.2428751022892988,-2.118189378216923,-0.4360156947502406,-0.5280227929683253,-0.6238685615597019,1.6874165397152407,-0.3360481329052946,1.1673408758399617,1.05342296957518,1.2627411702307598,0.4610596356352122,0.5209423420140364,-0.41868117639253183,-1.049248167281447,0.5073543496084132,-1.2848221990365973,-1.0609283818760915,-0.14295368013990536,-0.46537875555818903,-0.26092907643589347,-0.057813996958698426,0.32361636599457555,-0.23223551411061963,0.22908821941350785,1.1499021863938088,0.037763312906995285,-0.5807026038160863,-0.994685536959921,-0.3474337808529309,-1.185865061402144,-0.9587199821544754,-0.7532661742453923,-0.35563539690894336,0.06373196426438442,-0.36512014177559265,-1.633521335195068,1.1163144648523464,-0.6540725776749182,-1.8470383981851128,0.791818270510412,2.0148404460671503,-0.6172272490581249,-0.6077882058361765,-0.07649353254408911,-1.0928709483060841,2,6,9,0,0,0,0,0,0,0,0,0,0,0,0,0,0,0,0,0,0,0,0,0,0,0,0,0,0,0,0,0,0,0,0,0,0,0,0,0
51.131,4.858,True,0.4669788422889004,-1.8871346276435248,-2.0321642793312193,2.2519344027721604,-0.25577001886551737,-1.025427932491551,0.22611641665291016,-0.3681291708955114,-0.4596101134355636,-0.8235424779764532,-0.6339084243373084,-0.6618408156839529,-0.4818951951292254,-0.2642616131816429,-1.0595888189258198,-1.5477303868969485,-0.5226459050641147,-0.6154910036795117,-0.6584458569101961,0.3724548608269877,-0.5217292238262198,1.0552801355301191,1.783101859894051,1.1003164437982533,-0.10647721559156671,0.6098059684015154,0.6004215791816913,0.3813320763960046,0.3574274058549644,-0.8073173335377689,-0.8481780285286786,-0.14295368013990536,-0.46537875555818903,-0.14438439480605403,0.18905177005494359,0.14780951067691173,0.8819730760605554,0.7068448479339859,0.22172027034436392,-0.6720353824923375,-0.7503040426004445,-0.994685536959921,-0.06588512196437585,-1.1619173971035945,-0.6323913175196021,-1.2341598003554455,-0.3152927871196523,0.4632097593277003,0.5062070254351305,-1.633521335195068,1.1163144648523464,-0.6540725776749182,-1.8470383981851128,0.791818270510412,2.0148404460671503,-0.6172272490581249,-0.6077882058361765,-0.07649353254408911,-1.0928709483060841,2,6,9,0,0,0,0,0,0,0,0,0,0,0,0,0,0,0,0,0,0,0,0,0,0,0,0,0,0,0,0,0,0,0,0,0,0,0,0,0
47.325,8.417,True,0.4669788422889004,0.6977848161154122,-0.13283255892207654,-0.476358186087561,-0.2607225763684911,-0.01659753790458969,-0.09323475993199272,-0.17772574908822628,-0.2509505982541865,-0.8107393167354202,0.12170480361368446,0.18476782828723187,-0.7214009809509392,-0.27583420449177365,-0.435968415774471,-0.9111312226703105,-0.43982772024677763,-0.5318716933479901,-0.3073002314724437,0.49695826268207655,0.48400425719939644,-0.9819421003211934,0.5609758562232795,-1.0535879090813047,-0.43142336426031025,0.012997198055343712,-0.7410309921823066,0.7814406214104331,-0.6830254081480835,-0.9274755001067576,-0.7772612440795411,0.7167818328141736,-0.15918965136196916,-0.31920141725081325,-0.3046797639723404,-0.20380419995841595,0.32486878097496785,-0.2884814614836766,-0.24237068768035852,0.37611295009216944,-0.684943090677161,0.29433031822030997,-0.3841709413877314,-1.3056033828948912,0.4005151227144144,-0.4344127917159007,-0.3147617107338456,-1.642809142716623,-1.0113010502379103,0.2283055885693743,-0.3759815915164306,0.4241239685579786,0.6595872306288199,-0.21190070626291932,-0.16921162995835082,0.13615358110642176,-0.021544828423502797,-0.9276257336684439,0.0022106141559231373,6,5,2,0,0,0,1,0,0,0,0,0,0,1,1,1,1,0,0,0,0,0,0,0,0,0,0,0,0,0,0,0,1,1,1,1,0,1,0,0
47.641,9.102,True,0.4669788422889004,0.29155605002737756,-0.2823983164957887,-0.13985340344933062,-0.2505079265186078,-0.3759069935109047,-0.0007529712377222856,-0.2827759128439698,-0.22189674170994403,-0.682707704325092,-0.6339084243373084,0.04366638762536775,-0.7174092178539105,-0.294350350587983,-0.5723155290082785,-0.3985448826436666,-0.3664175575090904,-0.4577514117577912,-0.2663128577960303,0.39526826381364466,0.7518834868684547,0.7910212060471412,-0.7149552231343153,-1.0535879090813047,-0.08073967244124065,0.06946526407879722,-0.6462393334468572,0.15719388634605946,-1.369928273496001,-0.28560793304722526,-0.4935941062829906,1.5765173457682524,1.37175586961913,-0.31920141725081325,-0.057813996958698426,-0.5554179105937436,-0.7893398091962072,-0.2884814614836766,-0.24237068768035852,0.037763312906995285,-0.650396878518814,-2.283701392140152,-0.06279796561691363,-0.46743513244566137,-0.2102040816324678,-0.5494090936117829,-0.37435743913629715,-0.26916619828837884,0.7007021846014512,0.16334853612890035,-0.6259805524227178,0.8397267156294008,0.2602827119056684,-0.21190070626291932,-0.16921162995835082,0.13615358110642176,-0.021544828423502797,0.2838312741105452,0.0022106141559231373,6,5,2,0,0,0,0,0,0,0,0,0,0,0,0,1,1,0,0,0,0,0,0,0,0,0,0,0,0,0,0,0,1,1,1,1,0,1,0,0
47.467,8.197,True,0.4669788422889004,0.3069123206082583,-0.3536529774116747,-0.10492950974146573,-0.24834118261105684,0.1768767843449641,-0.24351766656018237,-0.5257044165291267,-0.5388479040107702,-0.6955108655661248,-0.151879296161675,-0.359480585694244,-0.5417716415846537,-0.2318583575132766,-0.8137169753894458,-1.6304056030302783,-0.548961813772209,-0.6420614741839251,-0.5068038258892321,1.3216071941313483,-1.1998396121339083,-0.9819421003211934,-0.7149552231343153,-1.0535879090813047,-0.9676197901660207,0.2839659456681978,0.4411595151310003,0.38224298322247946,-0.3270194586350696,-0.8848389534976704,-1.0609283818760915,-1.4325569495710238,-0.7715678597544089,-0.31920141725081325,-0.3046797639723404,-0.5554179105937436,-0.7893398091962072,-0.2884814614836766,-0.24237068768035852,-0.7933999262652804,-1.5004503637531201,0.29433031822030997,-0.3847883726572238,-1.4133678722383636,-1.1269275067094715,-1.8248226237297496,-0.4257118857927365,0.36158821496948834,-0.17918340651855544,0.5154336169602521,-1.0560778241321325,1.2655223416954942,0.253029251487389,-0.21190070626291932,-0.16921162995835082,0.13615358110642176,-0.021544828423502797,-0.7023026479599924,0.0022106141559231373,6,5,2,0,0,0,0,0,0,0,0,0,0,1,1,1,1,0,0,0,0,0,0,0,0,0,0,0,0,0,0,0,1,1,1,1,0,1,0,0
47.282,8.522,True,0.4669788422889004,0.7578642458622592,-0.2567803867370091,-0.4356374011792069,-0.24957932198680027,-0.3206286157253177,0.04259786721271701,-0.08580685580195069,-0.16378902862145925,-0.7467235105302562,-0.08674022478658941,0.06382373629134834,-0.7373680333390534,-0.34758427061458474,-0.34656047267033496,0.9242585754896083,-0.04638229368731418,0.5433370914406791,0.17740259473539324,0.18852092975283097,0.15929001111379373,-0.13321752444169904,-0.7149552231343153,-1.0535879090813047,-0.7705487150581362,0.29695988745486035,0.29369487784350345,0.9068097798668745,-0.682281417064295,0.24809520596596812,-0.4935941062829906,0.2869140763371341,0.14699945283425073,-0.4066099284731928,-0.5515455309859825,-0.5554179105937436,-0.7893398091962072,-0.2884814614836766,-0.24237068768035852,1.398517288543022,0.11070311965967908,-0.994685536959921,1.388474233325079,0.21507330006299713,-0.32183684815408836,-0.8839437900361676,-0.25478207169105194,-0.9840211999806283,-1.489458203718435,1.765661112901757,-0.9534191433582364,0.33196531793605133,2.067801077661326,-0.21190070626291932,-0.16921162995835082,0.13615358110642176,-0.021544828423502797,-0.9509670671576669,0.0022106141559231373,6,5,2,0,0,0,0,0,0,0,0,0,0,0,0,1,1,0,0,0,0,0,0,0,0,0,0,0,0,0,0,0,1,1,1,1,0,1,0,0
47.552,8.421,True,0.4669788422889004,-0.37889555729250834,0.7473043991078439,-0.3753402295937911,-0.22574513900373938,-0.983969149152361,0.06571831438628478,-0.3287353594871076,-0.5441304233824507,-0.8832905637679397,0.0305101036885646,-0.6618408156839529,-0.3302081974421399,-0.2874067958019045,-0.9232417056920124,-1.6304056030302783,0.2249077547928666,0.1392939703079864,-0.11935403872058255,1.1585131669832625,-1.1998396121339083,0.06152250406099424,-0.7149552231343153,-1.0535879090813047,0.4332551564497882,0.4180129338963844,0.11337553233445179,0.6513748243182313,0.3860580240413117,-0.4914427564378489,-1.0609283818760915,-1.4325569495710238,-1.3839460681468485,1.7494666816788373,1.4233806051231535,-0.3796110552760798,-0.23223551411061963,-0.2884814614836766,-0.24237068768035852,0.45702264594079806,-0.7751002785050419,0.29433031822030997,1.5209132406312085,-0.6230949503862326,-0.5317549852001793,-0.6434969769811412,-0.4305107687970138,0.6419235097507626,0.31792169943089454,0.4799064434046772,-0.16608576356129845,-0.047681554771104515,0.6899047511313572,-0.21190070626291932,-0.16921162995835082,0.13615358110642176,-0.021544828423502797,-0.679740209870265,0.0022106141559231373,6,5,2,0,0,0,0,0,0,0,0,0,0,0,0,1,1,0,0,0,0,0,0,0,0,0,0,0,0,0,0,0,1,1,1,1,0,1,0,0
47.641,9.101,True,0.4669788422889004,0.24263762106354156,-0.2582376941184964,-0.13762017487209297,-0.2319358358824565,-0.6707250083673686,0.06571831438628459,-0.3681291708955114,-0.2509505982541865,-0.8064715963217426,0.3040942034639242,0.1444531309552707,-0.7174092178539105,-0.2897213140639307,-0.4292628200416607,-0.5638953149103253,-0.22668011896524054,-0.3166622504304589,-0.121580018647292,1.743411591244612,0.38635088148104735,-0.13321752444169904,-0.7149552231343153,-1.0535879090813047,-0.7576778995966427,0.10040557957664603,1.3750141837065353,0.4471867336119523,-0.6492135679936752,0.6764382777270251,0.0737401693101102,1.146649589291213,1.37175586961913,-0.4066099284731928,-0.5515455309859825,-0.3796110552760798,-0.23223551411061963,-0.2884814614836766,-0.24237068768035852,0.17751642391826286,-0.8752481827410858,1.583346173400541,1.8922981492309143,2.4781275762759174,2.562641599298248,-1.6366468569910333,-0.3555202237168407,-1.2783732595009663,-0.5634765433567994,0.16334853612890035,-0.6259805524227178,0.8397267156294008,0.2602827119056684,-0.21190070626291932,-0.16921162995835082,0.13615358110642176,-0.021544828423502797,0.2838312741105452,0.0022106141559231373,6,5,2,0,0,0,0,0,0,0,0,0,0,0,0,1,1,0,0,0,0,0,0,0,0,0,0,0,0,0,0,0,1,1,1,1,0,1,0,0
47.272,8.544,True,0.4669788422889004,1.3366531659003948,-0.5184054119082561,-0.6210428885915726,-0.2576272279291325,-0.20085879718987967,-0.0036430271344182097,-0.3287353594871076,-0.23774429982498538,-0.541872930673731,-0.24307399608679486,0.3863413149470378,-0.7214009809509392,-0.1068743713638638,-0.2996213025406635,-0.7540483120169839,-0.3832782430971786,-0.47477519589049316,-0.22795629767707362,1.2944653196417288,0.7177329113806019,-0.9819421003211934,0.5609758562232795,-1.0535879090813047,-0.13158673247121958,0.0003461755413437751,1.6427038539121614,-4.391025881636077,-1.4722097583800204,-0.17239136937906144,-0.7772612440795411,0.2869140763371341,-0.15918965136196916,-0.31920141725081325,-0.3046797639723404,-0.20380419995841595,0.32486878097496785,-0.2884814614836766,-0.24237068768035852,-3.3530884858400762,2.033013252652014,-0.994685536959921,0.807471408732688,0.3228377894064695,-0.5614832762847413,-0.6644053955076652,-0.39438477754081436,-1.2573481123923707,0.16092437897408557,0.624402091832863,-0.0832125115304939,-0.2621196886583933,0.6666337711432937,-0.21190070626291932,-0.16921162995835082,0.13615358110642176,-0.021544828423502797,0.18171301837521397,0.0022106141559231373,6,5,2,0,0,0,0,0,0,0,0,0,0,1,1,1,1,0,0,0,0,0,0,0,0,0,0,0,0,0,0,0,1,1,1,1,0,1,0,0
47.561,8.456,True,0.4669788422889004,-0.3575234281335509,-0.8121678998607261,0.5780107953784559,-0.2297690919749055,-0.8181340157956001,-0.11057509531216846,-0.5388356869985945,-0.5679017605550126,-0.8832905637679397,-0.13885148188665794,-0.359480585694244,-0.7014421654657963,-0.4910844028602069,-1.1020575919002844,-1.0268765252569718,-0.5301728205031353,-0.6230907292630025,-0.5342717561821436,1.108405985207322,0.14458656137245138,1.645947680611622,-0.7149552231343153,0.2281390813615703,-0.2236382931079298,0.4421184202187005,2.2131831681544663,0.13991493784467293,-0.3732941867997486,-0.36490517702777475,-0.7772612440795411,0.2869140763371341,-0.46537875555818903,0.11784113886108477,1.6702463721367955,-0.3796110552760798,-0.23223551411061963,-0.4079206186137961,-0.24237068768035852,-0.19761034774356065,-0.6140451152023654,0.29433031822030997,0.04185663456205585,-0.41953980384856254,-0.13360822960336668,-1.1871158586707662,-0.38152377108935126,0.20039542047025563,-0.7232603274119798,-0.48910495925902986,0.8059703856359149,-0.9019809215503235,0.02756289977162388,-0.21190070626291932,-0.16921162995835082,0.13615358110642176,-0.021544828423502797,-0.027946438117702165,0.0022106141559231373,7,5,2,0,0,0,0,0,0,0,0,0,0,0,0,0,0,0,0,0,0,0,0,0,0,0,0,0,0,0,0,0,1,1,1,1,0,1,0,0
47.399,8.225,True,0.4669788422889004,-0.23538566779180553,-0.07223925200759844,0.04626481648768541,-0.2597939718366835,0.3703511065945185,-0.19438671631635115,-0.5125731460596586,-0.4622513731214039,-0.6955108655661248,0.10867698933866739,-0.41995263169218583,-0.529796352293568,-0.2272293209892243,-0.8695969398295308,-1.5394628652836158,-0.4086039003255916,-0.500345835911199,-0.35466580827245187,0.8156755623398568,-0.5088064287510173,-0.13321752444169904,-0.7149552231343153,-1.0535879090813047,-1.069602490611598,0.07287591613337972,1.4463665098479201,-0.49199001190455144,0.11687411290515641,-0.6594194660681072,-1.0609283818760915,-0.5728214366169448,-1.0777569639506288,-0.4066099284731928,-0.5515455309859825,-0.5554179105937436,-0.7893398091962072,-0.2884814614836766,-0.24237068768035852,-0.5727371194053842,-0.5829896352830152,0.29433031822030997,0.3206268527378949,-0.9224407541181003,0.9033934344025027,-1.6993721125706054,-0.43875205054302596,-1.390507377413476,-0.3562432648836382,0.37438646612666004,-0.5017421866228585,0.5217341936620296,0.14394741929494556,-0.21190070626291932,-0.16921162995835082,0.13615358110642176,-0.021544828423502797,-0.9869779756917482,0.0022106141559231373,6,5,2,0,0,0,0,0,0,0,0,0,0,0,0,1,1,0,0,0,0,0,0,0,0,0,0,0,0,0,0,0,1,1,1,1,0,1,0,0
47.278,8.438,True,0.4669788422889004,0.052109047413132686,-0.5198627192897434,0.15098898210963682,-0.24338862510808318,-0.9010515824739809,0.06860837028298061,-0.1645944786187584,-0.14001769144889725,0.09401741096423238,-0.20399055326174353,-0.19822179636639933,0.06497634916368782,-0.2874067958019045,-0.15656859357404573,0.20498419512964022,-0.10008129284137562,-0.18883879532085474,0.44114168260740394,1.1532518448319669,0.578140122628962,0.5564512140276403,-0.7149552231343153,-1.0535879090813047,0.1581232769050456,0.4983382562288467,1.411676623945576,-2.118012416994463,0.10582084604786623,-0.9246623790007485,0.9247415826997617,1.146649589291213,2.2903231822077896,-0.2900652468433534,-0.057813996958698426,-0.20380419995841595,-0.23223551411061963,-0.2884814614836766,-0.24237068768035852,-1.5289426157982677,-1.314237854314226,0.29433031822030997,1.8126495154663889,-0.9703360827151992,-0.0017268566542510725,-0.7062222325607133,-0.27653700797710895,-0.4163422280485478,-1.0701352387863798,0.2105250179971712,-0.3696817832734755,0.42575798221231487,0.2161428583934773,-0.21190070626291932,-0.16921162995835082,0.13615358110642176,-0.021544828423502797,-0.7023026479599924,0.0022106141559231373,6,5,2,0,0,0,0,0,0,0,0,0,0,0,0,1,1,0,0,0,0,0,0,0,0,0,0,0,0,0,0,0,1,1,1,1,0,1,0,0
47.389,8.768,True,0.4669788422889004,0.20986702301980734,-0.39967321051127846,-0.018166203740702,-0.2619607157442345,-0.12715429347576362,0.016587364142453452,-0.0726755853324828,-0.27736319511258867,-0.1492426526153911,-0.16490711043669212,-0.17806444770041874,-0.5697139832638537,-0.3221245697322969,-0.391264444222403,0.09750641415631175,-0.3025211548353803,-0.3932369197289544,-0.024155266541540543,0.3786215533496789,1.341463115164829,-0.9819421003211934,-0.7149552231343153,-1.0535879090813047,0.49580345831081807,0.1884580087701529,1.147535469449155,-2.903895134978284,-0.04990711992799487,0.6691338192759962,0.6410744449032111,1.146649589291213,1.0655667654229104,-0.31920141725081325,-0.3046797639723404,-0.5554179105937436,-0.7893398091962072,-0.2884814614836766,-0.24237068768035852,-1.580430604065577,-0.6895171536110187,0.29433031822030997,0.8420475598242649,0.7419219146310844,0.2319284107731355,-1.1975700679340282,-0.4189038704373351,0.08125292018821406,0.008942692994345003,-0.020533318877381888,-0.07131474333945703,0.12215095178514428,0.1442244249726207,-0.21190070626291932,-0.16921162995835082,0.13615358110642176,-0.021544828423502797,-0.939166971308528,0.0022106141559231373,6,5,2,0,0,0,0,0,0,0,0,0,0,1,1,1,1,0,0,0,0,0,0,0,0,0,0,0,0,0,0,0,1,1,1,1,0,1,0,0
47.279,8.526,True,0.38970700905605393,0.5443804223744516,-0.561357629467886,-0.11880403622132489,-0.2681514126229516,-0.38512005647516906,0.08305864976646042,0.1571216478832061,-0.07662745898873205,-0.6656368226703816,-0.07371241051157233,0.023509038959387163,0.14880337420128767,-0.04438237828915732,0.6838660716048329,-0.423347447483665,-0.14849199598921245,-0.23771778993797307,0.33607105828313455,-0.08804584990826184,1.0174439742166201,-0.9819421003211934,-0.7149552231343153,-1.0535879090813047,0.37099868456829405,0.23831911815947351,-0.3432557241156414,-0.059807029390132195,0.8781214157688535,1.4479593302127827,0.9247415826997617,1.5765173457682524,2.5965122864040096,-0.31920141725081325,-0.3046797639723404,-0.3796110552760798,-0.23223551411061963,-0.2884814614836766,-0.24237068768035852,-0.9184421834858882,-1.3521544286343627,1.583346173400541,2.1568674482084274,1.4004826828411934,0.20993554236874012,-0.13124072308130205,-0.28921885612974574,0.2214205675788512,0.033782025642683955,1.3869701870278108,-1.0972804695558902,0.7839334947254447,1.4976024116105373,-0.21190070626291932,-0.16921162995835082,0.13615358110642176,-0.021544828423502797,-0.9509670671576669,0.0022106141559231373,6,5,2,0,0,0,0,0,0,0,0,0,0,1,1,1,1,0,0,0,0,0,0,0,0,0,0,0,0,0,0,0,1,1,1,1,0,1,0,0
47.603,8.695,True,0.27379925920678416,0.32282268342659326,-0.11611187422922027,-0.26163563416124586,-0.2706276913744385,-0.08108897865444013,-0.07878448044851301,-0.08580685580195069,0.029022928444876667,-0.5802824143968295,-0.021601153411503808,-0.0571203557045352,-0.430002274867854,-0.2318583575132766,-0.07163104762511655,0.8498508809696117,-0.4887585864620709,-0.49972176958110504,-0.3299399944969898,1.1898991021159813,0.11891116337294926,-0.9819421003211934,-0.7149552231343153,-1.0535879090813047,0.3265105867612215,0.22662203745360918,0.25495729947062495,-0.04876674572741,1.1902874085706312,-0.8691600071560528,0.6410744449032111,0.7167818328141736,1.98413407801157,-0.37747375806573297,-0.7984112979996244,-0.5554179105937436,-0.7893398091962072,-0.2884814614836766,-0.24237068768035852,0.3834683769874993,0.025721845151689814,0.29433031822030997,1.8055490558672258,0.4306022787499419,0.9203810293079668,-1.7516431588869155,-0.4558744651022873,-0.10797340378914609,0.020168160633498182,0.16036366237921584,-0.8372103408424001,1.1585198341580554,0.12691490753572834,-0.21190070626291932,-0.16921162995835082,0.13615358110642176,-0.021544828423502797,-0.7248297218999131,0.0022106141559231373,6,5,4,0,0,0,0,0,0,0,0,0,0,0,0,1,1,0,0,0,0,0,0,0,0,0,0,0,0,0,0,0,1,1,1,1,0,1,0,0
47.318,8.637,True,-0.11255990695744836,1.188235602296524,-0.2679786434579127,-0.687041920374191,-0.26505606418359307,0.1676637213807006,0.051268034902804877,-0.19742265479242824,0.16108591273688758,-0.055352803514483885,-0.08674022478658941,0.22508252561919306,0.6717243399120294,-0.07910015221954977,0.7285700431569009,0.8663859241962774,-0.2248693922333353,-0.009117693459394898,0.04791528590132083,0.5731232858950206,0.9773862299240145,-0.9819421003211934,-0.7149552231343153,-1.0535879090813047,0.6542197123988809,0.04883180082870531,0.2774032428197761,-0.34003519549369376,1.0621454351619348,-0.538534326163232,0.35740730710666074,1.146649589291213,1.67794497381535,-0.4066099284731928,-0.5515455309859825,-0.5554179105937436,-0.7893398091962072,-0.2884814614836766,-0.24237068768035852,-0.5065382773474153,-0.7184059721406468,-0.994685536959921,0.7130044245003438,-0.31177531450509016,0.405975421076885,-0.26714544350370834,-0.39940120990795225,0.3335546854913609,0.9575345151256225,-0.00784023829861196,-0.20644129267603337,0.3169823244072264,0.10906305970579734,-0.21190070626291932,-0.16921162995835082,0.13615358110642176,-0.021544828423502797,-0.9057082492608186,0.0022106141559231373,7,5,2,0,0,0,0,0,0,0,0,0,0,0,0,1,1,0,0,0,0,0,0,0,0,0,0,0,0,0,0,0,1,1,1,1,0,1,0,0
47.333,8.427,True,0.4669788422889004,0.8326666979186101,0.15226278512996813,-0.7338922049945376,-0.2505079265186078,-0.3759069935109047,0.1321896000102917,0.07176838983166446,0.1082607190200832,-0.38823499578133724,-0.021601153411503808,0.8096456369326301,-0.6335821928163108,-0.2272293209892243,0.23682635608415273,0.8002457512896135,-0.2672447410441217,-0.03213045217950366,0.01769161963088079,-0.02081054628052469,0.8992406485762043,-0.9819421003211934,-0.7149552231343153,-1.0535879090813047,0.19981959450319342,-0.13358823865972105,0.7797516660135901,-0.9746164844035857,1.3929648012241818,-0.7178296700137724,0.35740730710666074,1.146649589291213,0.7593776612266905,-0.31920141725081325,-0.3046797639723404,-0.5554179105937436,-0.7893398091962072,-0.2884814614836766,-0.24237068768035852,-0.8890204759045688,-0.8563500806196208,-0.994685536959921,0.8229071904699992,-0.6709902789833314,-0.572631385441452,-0.5389548843485209,-0.3844286949346071,0.3265463031218291,2.1887533593774235,0.10215558742295582,-0.187303680752797,0.21968459564839965,0.108750593963962,-0.21190070626291932,-0.16921162995835082,0.13615358110642176,-0.021544828423502797,0.12937422401172569,0.0022106141559231373,7,5,2,0,0,0,0,0,0,0,0,0,0,1,1,1,1,0,0,0,0,0,0,0,0,0,0,0,0,0,0,0,1,1,1,1,0,1,0,0
47.774,8.568,True,0.38970700905605393,1.6870769280733742,-0.7465890676937909,-0.7564620682751305,-0.27310397012592535,-1.232721849187502,0.3171531773988326,0.7348975485397954,-0.18491910610818102,0.19217498047881737,-0.13885148188665794,0.7491735909346884,-0.621606903525225,0.03199672435770601,0.6838660716048329,0.6845004487029522,0.5322070142292791,0.7769343903151802,1.1981224006090374,1.594465470960197,0.8908309271280467,0.3962039957055126,-0.7149552231343153,-1.0535879090813047,-0.418507473579027,-0.1777528000496609,0.5325058067518854,-2.9910988786431543,-0.2790705345689133,-0.5939840893597339,0.0737401693101102,0.2869140763371341,-0.15918965136196916,-0.1735205652135139,-0.057813996958698426,-0.3796110552760798,-0.23223551411061963,-0.2884814614836766,-0.24237068768035852,-1.9923345102040497,-0.9372387725025795,0.29433031822030997,0.49350760819577955,-0.5991472860876832,-0.49702142061668586,-1.2289326957238145,-0.4183152074554771,-1.6217839956080273,-1.0119379562032522,0.341523161358768,-0.06538997709956956,-0.11248387138710553,0.7447272618547336,-0.21190070626291932,-0.16921162995835082,0.13615358110642176,-0.021544828423502797,0.5705355094244998,0.0022106141559231373,7,5,6,0,0,0,0,0,0,0,0,0,0,0,0,1,1,0,0,0,0,0,0,0,0,0,0,0,0,0,0,0,1,1,1,1,0,1,0,0
47.74,8.589,True,0.27379925920678416,1.8289245408617132,-0.2612290092699708,-1.07581375482011,-0.2514365310504154,-0.9102646454382449,0.14663987949377144,-0.020150503454611005,-0.15586524956393857,0.42263188281740827,-0.6339084243373084,0.8096456369326301,-0.6934586392717392,-0.07910015221954977,1.019145858245343,0.51088249482296,0.23491128578059373,0.18317308169550772,0.4005838794046209,1.2789358786624847,-0.7203307265829347,2.221819389082661,1.7165088824019024,0.8166413592208649,0.13708454667601846,0.22063113529751555,0.7529326897654782,0.16285660140586689,0.22531502922609267,-1.7012271817968716,-0.7772612440795411,-0.5728214366169448,-1.3839460681468485,2.448734771457874,4.385769809286857,0.851036931947567,1.4390773711461429,0.9457231621942249,0.22172027034436392,-0.5948034000913738,-1.4075246641494832,-0.994685536959921,0.2804938202208859,-0.000455678623947671,0.2656760881522939,-1.971181553415418,-0.47897308862954197,0.5718396860554441,0.09150162875180491,0.34623228390574934,0.21361360308483876,-0.534040319024988,0.529206832370072,-0.21190070626291932,-0.16921162995835082,0.13615358110642176,-0.021544828423502797,0.4660074815810813,0.0022106141559231373,6,5,6,0,0,0,0,0,0,0,0,0,0,0,0,0,0,0,0,0,0,0,0,0,0,0,0,0,0,0,0,0,1,1,1,1,0,1,0,0
47.334,8.508,True,0.27379925920678416,1.4090017809051614,-0.35342287624617663,-0.7666303856268083,-0.2619607157442345,-0.495676812046343,0.04259786721271701,-0.11863503197562053,-0.1109638349046549,-0.281541985439397,-0.6339084243373084,0.40649866361301834,-0.7214009809509392,-0.34064071582850625,-0.11857021775478815,0.8498508809696117,-0.10623375450371263,0.38929056021609587,-0.0017185858248141676,1.0004195189082472,0.14947731711149018,-0.13321752444169904,-0.7149552231343153,-1.0535879090813047,0.45012626706497366,0.02932435550796214,-1.2442497658173133,0.43453772925590123,-0.8444645948722542,-1.0092671472372043,-0.7772612440795411,0.7167818328141736,0.45318855703047056,-0.4066099284731928,-0.5515455309859825,-0.5554179105937436,-0.7893398091962072,-0.2884814614836766,-0.24237068768035852,0.3099141080342006,-0.6601468547725635,-0.994685536959921,-0.20480715760017604,-0.4075659716992878,0.23465855995437077,-0.7689474881402854,-0.4208362206603908,-0.5705266401782487,-0.29908095449419153,0.5977008676004377,0.044050495109658735,-0.43641859270894956,1.231625648243686,-0.21190070626291932,-0.16921162995835082,0.13615358110642176,-0.021544828423502797,0.0767284982980389,0.0022106141559231373,6,5,2,0,0,0,0,0,0,0,0,0,0,0,0,1,1,0,0,0,0,0,0,0,0,0,0,0,0,0,0,0,1,1,1,1,0,1,0,0
47.433,8.411,True,0.27379925920678416,0.8215056971355992,0.09312678559697735,-0.6906055829974425,-0.24834118261105684,-0.12715429347576362,0.010807252349061602,0.5051003153241065,0.002610331586474489,-0.4778571244685669,-0.034628967686520996,0.5072854069429213,-0.7253927440479677,-0.09067274352968059,0.14741841298001668,-0.34067223135033564,-0.3020168647062322,-0.39272775144786537,-0.26521690756846117,0.9748118265039738,0.5067613422107415,-0.05770336983235298,-0.7149552231343153,-1.0535879090813047,-0.014222099001074146,0.23768893508857314,0.04427119506043627,0.3919512829892182,1.0906699330955953,-0.06199987101676457,-0.4935941062829906,1.146649589291213,1.98413407801157,-0.37747375806573297,-0.5515455309859825,0.14780951067691173,-0.23223551411061963,-0.2884814614836766,-0.24237068768035852,0.34669124251085,-0.6205450993715317,0.29433031822030997,-0.7324021773814705,-0.275853818057266,0.21842933982147214,-1.3962000439360067,-0.4048783350435007,-0.4303589927876115,-0.6348896247207739,0.1774918752851227,-0.29302028126855484,0.33133050713780876,0.34970339864155875,-0.21190070626291932,-0.16921162995835082,0.13615358110642176,-0.021544828423502797,0.18171301837521397,0.0022106141559231373,6,5,2,0,0,0,0,0,0,0,0,0,0,0,0,1,1,0,0,0,0,0,0,0,0,0,0,0,0,0,0,0,1,1,1,1,0,1,0,0
46.949,7.265,True,-3.010253653189192,-0.2808212312630704,-0.4404011168044276,0.30161312231906784,-0.2464839735474417,0.5822515547726028,-0.06433420096503324,-0.5716638631722644,-0.24830933856834622,0.6018761401918676,-0.07371241051157233,-0.2385364936983605,0.42024326479923,-0.4933989211222331,-0.4069108342656267,0.3041944544896359,-0.4594697857376361,-0.5517037625180009,-0.4077697074532152,0.8332786095415617,-0.25232524331699213,-0.9819421003211934,-0.7149552231343153,-1.0535879090813047,0.8781420992769279,0.4012804807449443,0.5368538005198104,-0.524839142472159,-0.09796864486347608,1.054425279412766,-0.20992696848644016,-0.14295368013990536,0.14699945283425073,-0.31920141725081325,-0.3046797639723404,-0.3796110552760798,-0.23223551411061963,-0.2884814614836766,-0.24237068768035852,0.21429355839491224,-0.24643489941284805,-0.994685536959921,1.3727297359530217,0.634157425287612,-0.06201765107319697,-0.1521491416078261,-0.4085382831480962,-0.899920611546246,-1.3180508857957627,0.424255835451218,-0.2761830266761981,0.15220838750396384,0.5796043442634784,-0.21190070626291932,-0.16921162995835082,0.13615358110642176,-0.021544828423502797,-0.939166971308528,0.0022106141559231373,6,5,2,0,0,0,0,0,0,0,0,0,0,1,1,1,1,0,0,0,0,0,0,0,0,0,0,0,0,0,0,0,1,1,1,1,0,1,0,0
47.03,7.286,True,0.27379925920678416,-0.3694759892557827,-0.5722490846347923,0.4365096314845487,-0.25669862339732497,0.8770695696290647,-0.1163552071055604,-0.35499790042604346,-0.20604918359490268,0.059875647654811466,-0.11279585333662366,-0.15790709903443814,1.2066205949138569,-0.44016500109563134,-0.6483122806467941,0.9573286619429402,-0.5098354288564818,-0.6025566078356126,-0.47144509846177773,1.5518244964105727,0.9418256678294071,-0.2321274364982203,1.5721273133657439,-1.0535879090813047,0.3111383570097887,0.187629812061294,-0.17854729174306266,0.27515274487145225,-0.6526301030474015,0.3656969583896259,0.6410744449032111,0.7167818328141736,0.7593776612266905,-0.37747375806573297,-0.5515455309859825,0.4994232213122394,1.4390773711461429,-0.2884814614836766,-0.24237068768035852,0.5085106342081072,-0.5448323208084648,-0.994685536959921,0.2767892326039313,0.05941348212242588,0.6058071736478566,0.9037259939816381,-0.06262199917844469,-1.2643564947619026,-0.9450628298423397,-0.2521061185046314,0.3424672664359085,-0.3543055494647791,-0.35678748412932476,-0.21190070626291932,-0.16921162995835082,0.13615358110642176,-0.021544828423502797,-0.679740209870265,0.0022106141559231373,6,5,2,0,0,0,0,0,0,0,0,0,0,0,0,1,1,0,0,0,0,0,0,0,0,0,0,0,0,0,0,0,1,1,1,1,0,1,0,0
47.634,8.612,True,-0.8852782392859134,-0.016281765895531347,-0.8818885530066256,0.4163155432861236,-0.26598466871540066,0.9323479474146517,-0.22906738707670254,-0.34186662995657546,-0.14001769144889725,0.6061438606055453,-0.6339084243373084,-0.03696300703855461,0.01707519199934502,-0.3776730080209249,-0.491848380214556,0.40340471384963156,-0.5660554905997344,-0.6593205033512531,-0.576448153684029,0.16713410144332663,-0.7431752804482575,-0.9819421003211934,-0.7149552231343153,-1.0535879090813047,0.7301390282586343,0.3162152593373945,-1.0160556980371387,0.06721687768526619,0.015489692884817104,0.031932937655836754,-0.7772612440795411,-0.5728214366169448,-0.15918965136196916,-0.31920141725081325,-0.3046797639723404,-0.5554179105937436,-0.7893398091962072,-0.2884814614836766,-0.24237068768035852,-0.09463437120894244,-0.43794369224884083,0.29433031822030997,-0.62620399902877,-0.02440334292249709,-0.29226023202403945,0.7260044365061837,-0.24486438014887887,0.060227773079618484,0.033145119677341926,-0.26315233340238237,-0.26854981884905627,0.5693598709505946,-0.10675106254555587,-0.37166576669454393,0.5042465648752484,-0.9568518856607843,-0.021544828423502797,0.02416528893390142,0.0022106141559231373,6,5,2,0,0,0,0,0,0,0,0,0,0,1,1,1,1,0,0,0,0,0,0,0,0,0,0,0,0,0,0,0,0,0,0,1,0,1,0,0
47.418,8.638,True,0.4669788422889004,-0.17079434411140104,-0.07914228697253871,0.011768562294610733,-0.2774374579410273,0.324285791773195,-0.12502537479564826,-0.1645944786187584,-0.24038555951082555,0.09401741096423238,0.04353791796358179,-0.19822179636639933,0.44419384338140133,-0.21334221141706727,-0.3219732883166975,1.0896090077562677,-0.5175142269055878,-0.6103096852359139,-0.47715307929693457,1.2674812838340992,0.7663879803287564,-0.9819421003211934,-0.7149552231343153,0.2281390813615703,0.5078317844074527,0.21947755727868473,1.029283976050914,0.28525802471057665,1.0968100512703285,1.1660059219925287,0.35740730710666074,1.5765173457682524,2.5965122864040096,-0.4066099284731928,-0.7984112979996244,-0.5554179105937436,-0.7893398091962072,-0.4079206186137961,-0.24237068768035852,0.5673540493707462,-0.5692674464814418,1.583346173400541,1.3270398220105808,0.15520413931662355,-0.6417193272221561,0.6737333901898737,-0.11796911649444271,-0.05891472720242309,0.006713522115647918,0.4799026192390472,-0.6831357571454542,0.728109416911278,-0.2854814668753764,-0.21190070626291932,-0.16921162995835082,0.13615358110642176,-0.021544828423502797,-0.9629302433101338,0.0022106141559231373,6,5,2,0,0,0,0,0,0,0,0,0,0,0,0,0,0,0,0,0,0,0,0,0,0,0,0,0,0,0,0,0,1,1,1,1,0,1,0,0
47.431,8.87,True,0.27379925920678416,0.9262291300144905,-0.4522896770218253,-0.4351622461627733,-0.26505606418359307,-0.3759069935109047,0.06860837028298061,-0.15146320814929037,0.08184812216168103,0.8109944404620704,-0.24307399608679486,0.6887015449367466,-0.3142411450540257,-0.25963257665759054,0.2815303276362207,0.43647480030296343,-0.14337940705424948,-0.2325557453738102,0.20033153848401183,1.1047815341561156,0.8353525570494108,-0.9819421003211934,-0.7149552231343153,-1.0535879090813047,-0.23343259155270113,0.27538830039189677,0.1123169834184979,0.4885952319933716,0.6124212969894154,0.21973093139078345,1.4920758582928624,1.146649589291213,1.98413407801157,-0.31920141725081325,-0.3046797639723404,-0.20380419995841595,-0.23223551411061963,-0.2884814614836766,-0.24237068768035852,1.2366978968457647,0.30486005419422113,0.29433031822030997,-0.18041862245522444,-0.08427250366887064,-0.25957427932647253,-1.10348218456467,-0.3774799123444136,-0.654627228612631,-0.9984037044397343,0.8929343275195869,-0.23134026769325433,-0.20729902146080345,1.082540274729035,-0.21190070626291932,-0.16921162995835082,0.13615358110642176,-0.021544828423502797,0.3327675952107436,0.0022106141559231373,6,5,2,0,0,0,0,0,0,0,0,0,0,1,1,1,1,0,0,0,0,0,0,0,0,0,0,0,0,0,0,0,1,1,1,1,0,1,0,0
47.593,8.536,True,-2.62389448702496,0.11369244180449874,-1.0582994465551063,0.4475807433674503,-0.34336837969936457,0.20451597323775755,-0.17993643683287133,-0.3090384537829056,-0.09511627678961355,0.14949777634204126,0.05656573223859886,-0.17806444770041874,0.7994607590169435,-0.28046324101582604,-0.4516148058176947,0.7341055783829498,-0.5397347663782609,-0.6327451707515335,-0.49315662985663056,-0.5211546786880162,0.25392057544654545,-0.9819421003211934,-0.7149552231343153,-1.0535879090813047,0.5886476711726284,0.12016175472216602,0.754019346846118,-0.7589285211774607,1.6324031506700065,0.6518575077855369,-0.20992696848644016,0.2869140763371341,0.7593776612266905,-0.31920141725081325,-0.3046797639723404,-0.5554179105937436,-0.7893398091962072,-0.2884814614836766,-0.24237068768035852,-0.47711656976609584,-0.5687859661726147,0.29433031822030997,1.8333334629943858,0.5263929359441396,0.9779416745456774,-0.09987809529151599,-0.34396451344254103,-2.028270173040875,-1.5477350995472303,0.23547050030358196,-1.0483238400667145,1.4284473886424083,-0.22763775868554925,-0.21190070626291932,-0.16921162995835082,0.13615358110642176,-0.021544828423502797,-0.9869779756917482,0.0022106141559231373,6,5,2,0,0,0,0,0,0,0,0,0,0,1,1,1,1,0,0,0,0,0,0,0,0,0,0,0,0,0,0,0,1,1,1,1,0,1,0,0
47.499,8.873,True,-0.30573949003956463,0.5374938474232318,0.08959856772600779,-0.5179342500254953,-0.2929142001378201,0.5361862399512793,-0.09901487172538466,-0.23681646620083202,0.026381668759036414,0.41409644199005285,-0.17793492471170927,0.4871280582769407,-0.026834202067968976,-0.04438237828915732,0.08036245565191465,0.9490611403296066,-0.3639265175852838,-0.3259240153590748,-0.2115582520099316,0.5721545170737377,0.4725996702156193,-0.9819421003211934,-0.7149552231343153,-1.0535879090813047,0.8332686221888913,0.13548478300698885,-0.5561793392998853,-0.6576364020697212,-0.09430176684550214,-1.1835898115367787,-0.20992696848644016,1.146649589291213,0.7593776612266905,-0.31920141725081325,-0.3046797639723404,-0.3796110552760798,-0.23223551411061963,-0.2884814614836766,-0.24237068768035852,-0.7272010842073116,-0.7224985547656774,0.29433031822030997,1.094576949046675,-0.38361830740073843,0.5282254344144206,-1.2812037420401245,-0.4197100827820537,0.6839738039679538,0.03553351704737452,0.18126700161470333,-0.7634441032739231,1.0348066266373614,-0.0020550145238935422,-0.21190070626291932,-0.16921162995835082,0.13615358110642176,-0.021544828423502797,-0.939166971308528,0.0022106141559231373,6,5,2,0,0,0,0,0,0,0,0,0,0,1,1,1,1,0,0,0,0,0,0,0,0,0,0,0,0,0,0,0,1,1,1,1,0,1,0,0
47.278,8.681,True,-3.010253653189192,0.8922711914619247,-0.5062100501368612,-0.36184582712707875,-0.29384280466962764,0.11238534359511364,-0.1163552071055604,0.08489966030113247,-0.055497381502010286,-0.12363633013332553,-0.060684596236555144,0.22508252561919306,-0.3102493819569971,-0.07910015221954977,-0.1833909765052866,0.3703346273962997,-0.4217025216839972,-0.5135711642216345,-0.26420997348246134,-1.2084718855625265,0.32133155672791547,-0.9819421003211934,-0.7149552231343153,-1.0535879090813047,0.3851337941101081,0.01997998018484198,-0.20107338743219844,-0.29142200787178096,1.1806882533565715,-0.02425865411556199,-0.4935941062829906,1.146649589291213,1.98413407801157,-0.46488226928811255,-0.7984112979996244,-0.5554179105937436,-0.7893398091962072,-0.2884814614836766,-0.24237068768035852,0.9130591134512502,-0.14941661718418042,0.29433031822030997,0.5728475263255588,0.2030994679137224,0.06546514819503958,-1.3648374161462207,-0.42447057472229677,-1.0541050236759468,-0.756379437609765,0.35030412049803505,-0.11595745499274855,-0.04208663591518425,0.7650592282897529,-0.21190070626291932,-0.16921162995835082,0.13615358110642176,-0.021544828423502797,0.3327675952107436,0.0022106141559231373,6,5,2,0,0,0,0,0,0,0,0,0,0,0,0,1,1,0,0,0,0,0,0,0,0,0,0,0,0,0,0,0,1,1,1,1,0,1,0,0
47.571,8.734,True,-2.817074070107076,0.6375470743007216,-0.22924494726574607,-0.3804719037712733,-0.3093195468664205,0.020254713952467265,-0.06433420096503324,-0.06610995009774885,-0.018519745900247273,0.14096233551468607,-0.1909627389867264,0.023509038959387163,-0.5018540106143681,-0.29203583232595687,-0.2191541537469412,0.8002457512896135,-0.3234974673279876,-0.41441614247814845,-0.07839494992187096,0.5098211316262284,0.5739282913548485,-0.9819421003211934,-0.7149552231343153,-1.0535879090813047,0.33215268307344087,0.12940872127466613,0.08228900713606593,-1.3283633158647619,1.466883937533368,0.5887376466946014,-0.20992696848644016,0.7167818328141736,1.67794497381535,-0.31920141725081325,-0.3046797639723404,-0.5554179105937436,-0.7893398091962072,-0.2884814614836766,-0.24237068768035852,-0.17554406705757103,-0.30096254438752107,0.29433031822030997,1.1010599773763456,0.11928264286879943,0.5377051190714875,-0.8943979992994296,-0.401819846942108,-0.0028476682461682327,-0.13300772403125868,0.3084007131317127,-0.5021594816133107,0.5635029488752494,0.48303949754236725,-0.21190070626291932,-0.16921162995835082,0.13615358110642176,-0.021544828423502797,-0.9749635215220614,0.0022106141559231373,6,5,2,0,0,0,0,0,0,0,0,0,0,1,1,1,1,0,0,0,0,0,0,0,0,0,0,0,0,0,0,0,1,1,1,1,0,1,0,0
47.452,8.39,True,0.4669788422889004,0.9248834774378152,-0.44385263428689803,-0.42000480113854355,-0.2712467610623102,-0.21928492311840847,-0.02387341841128987,0.12429347170953625,0.13467331587848538,-0.5333374898463759,-0.6339084243373084,0.325869268949096,-0.19448825214316875,-0.15547925486641317,0.14741841298001668,0.7506406216096161,-0.35273461845019044,-0.4439361134638598,-0.128879941037577,0.29869855974928483,-0.674601100969255,1.5048887947614862,2.2514096797344023,0.2281390813615703,0.08041472242438175,-0.025744548169375873,0.22317576413284676,-0.267095322009317,-1.0601164772986582,0.47134679590238454,-0.7772612440795411,-0.5728214366169448,-0.7715678597544089,1.5746496592340782,2.6577094401913635,1.90587806385355,2.553285961317318,-0.3282945138603831,-0.24237068768035852,0.023052459116335536,-0.6293321150076269,-0.994685536959921,-0.18998880713235736,0.8496864039745567,0.2255580626835865,0.03602662513089029,0.27062523365991475,-1.5587085542822405,-0.7687991039339345,0.20642056352157065,-1.102804019375746,1.528303155257697,-0.17176270982245245,-0.21190070626291932,-0.16921162995835082,0.13615358110642176,-0.021544828423502797,-0.9629302433101338,0.0022106141559231373,6,5,2,0,0,0,0,0,0,0,0,0,0,0,0,0,0,0,0,0,0,0,0,0,0,0,0,0,0,0,0,0,1,1,1,1,0,1,0,0
47.48,8.175,True,-1.0784578223680297,0.6862280351627907,0.06781565739219546,-0.5937689906482877,-0.2774374579410273,-0.07187591569017665,-0.07589442455181704,0.3278281639862894,-0.41470869877627997,-0.4479830815728236,-0.08674022478658941,-0.13774975036845755,-0.6415657190103679,-0.31518101494621853,0.16977039875605068,1.0648064429162687,-0.3319226741381323,0.05745155970590723,-0.13142542583601735,0.1363492632651146,-0.6817720575927949,1.6721513056575996,-0.7149552231343153,-1.0535879090813047,-0.6480762262119274,0.05726951776815932,-0.6971586779204906,-0.24581133202426958,-0.71758877539058,0.6383307078138567,-0.4935941062829906,0.2869140763371341,0.45318855703047056,0.20524965008346438,1.1765148381095116,-0.3796110552760798,-0.23223551411061963,-0.2884814614836766,-0.24237068768035852,-0.42562858149878674,-0.647026516357024,1.583346173400541,1.6971898680713016,0.9454770611687544,-0.15962048430235845,-0.13124072308130205,0.671261580899672,-0.9700044352415645,-0.1076907119089132,0.14594903241418203,-0.4329902195041695,0.5610102715649607,0.4917201212487891,-0.21190070626291932,-0.16921162995835082,0.13615358110642176,-0.021544828423502797,-0.7023026479599924,0.0022106141559231373,6,5,2,0,0,0,0,0,0,0,0,0,0,0,0,1,1,0,0,0,0,0,0,0,0,0,0,0,0,0,0,0,1,1,1,1,0,1,0,0
47.473,8.622,True,-0.30573949003956463,0.6067553771050382,0.21400659787193638,-0.6365804576289493,-0.2761993185652839,1.2179528993068525,-0.18571654862626327,-0.17772574908822628,-0.3169820904001919,-0.6741722634977368,0.004454475138530455,0.4669707096109601,-0.7693021381152818,-0.6785603820843261,-0.8584209469415137,1.1392141374362652,-0.45757829230582875,0.1286641168383821,-0.7904727414122192,-1.2084718855625265,-0.8672554324125695,-0.9819421003211934,-0.7149552231343153,-1.0535879090813047,0.5161767266839635,0.058321041201106545,-0.47198268533336385,-2.3941552150415055,-0.8173046206649186,-0.3363711122515389,-0.7772612440795411,-0.5728214366169448,-0.7715678597544089,-0.4357460988806527,-0.7984112979996244,-0.5554179105937436,-0.7893398091962072,-0.2884814614836766,-0.24237068768035852,-2.1982864632732864,-0.7931557900860594,1.583346173400541,0.7083736899791505,0.4066546144513925,0.3682841948803867,-0.6644053955076652,-0.42122013130073294,-0.556509875439185,-0.4444547410835086,0.15601941022352156,-0.4786327938854799,0.6232141558238603,0.40180758256413523,-0.21190070626291932,-0.16921162995835082,0.13615358110642176,-0.021544828423502797,0.12937422401172569,0.0022106141559231373,7,5,2,0,0,0,0,0,0,0,0,0,0,0,0,1,1,0,0,0,0,0,0,0,0,0,0,0,0,0,0,0,1,1,1,1,0,1,0,0
47.197,8.627,True,0.0806196761246679,-0.8478950582807403,0.1926838898691201,0.24982122552781225,-0.2526746704261588,-2.365928593792034,2.6436481742390745,0.11772783647480231,-0.15850650924977885,-0.640030500188316,-0.13885148188665794,-0.6618408156839529,-0.6375739559133393,0.7541264221098689,-0.42479242288645397,-0.12571666940367868,4.571355171423441,4.527785895994194,4.725756473409768,1.6866505692635378,-0.04597590834331455,-0.9819421003211934,-0.7149552231343153,-1.0535879090813047,-0.806402908407547,0.5996982112663175,-0.2376140118281372,0.2284433715240083,0.008699777075614043,0.07382195812314842,-0.4935941062829906,0.7167818328141736,0.14699945283425073,-0.31920141725081325,-0.3046797639723404,-0.3796110552760798,-0.23223551411061963,-0.2884814614836766,-0.24237068768035852,0.04695759652615762,-0.42759186560905743,0.29433031822030997,0.1965231675699134,-0.1291743742286508,-0.19427821140859527,0.7678212735592318,0.005803673951877039,-1.1662391415884565,-1.9790000513294486,0.6099386475183167,-0.5560230664427225,0.4563094090118702,0.720005339476679,-0.21190070626291932,-0.16921162995835082,0.13615358110642176,-0.021544828423502797,-0.9276257336684439,0.0022106141559231373,6,5,2,0,0,0,0,1,1,1,0,0,0,1,1,1,1,1,1,0,0,1,1,0,0,0,0,0,0,0,0,0,1,1,1,1,0,1,0,0
47.181,8.665,True,-0.11255990695744836,0.6679429913267942,0.280275733535366,-0.7144108493207625,-0.24834118261105684,-2.0158322011499834,1.166829611027443,0.2818687173431515,0.039587967188237504,-0.7552589513576113,-0.0997680390616066,-0.09743505303649637,-0.6495492452044249,0.3236260253730026,-0.2750341181870262,-0.21665940715034085,2.7777436826299335,2.716824257238139,3.5400650171695722,1.710948175155001,0.6913290708816149,1.7399767267297637,1.198941395902077,-1.0535879090813047,-0.3715745741405345,-0.38911300137114385,-0.8410887594085911,-0.9353661692592837,1.0728130033972247,-0.9785613123600698,0.0737401693101102,1.146649589291213,0.45318855703047056,0.05956879804616504,1.1765148381095116,0.14780951067691173,0.8819730760605554,-0.2884814614836766,-0.24237068768035852,-1.043484440706496,-0.6949338070853239,0.29433031822030997,0.6558920320722926,-0.8386239290731774,-0.2917293696832437,0.44374078639810915,-0.14737667154465392,-0.5635182578087169,0.24284640876620345,0.16019787355160883,-0.4676339299570299,0.6041061544346038,0.15997453394091418,-0.21190070626291932,-0.16921162995835082,0.13615358110642176,-0.021544828423502797,0.3327675952107436,0.0022106141559231373,7,5,4,0,0,0,0,0,0,0,0,0,0,0,0,1,1,0,0,0,0,0,0,0,0,0,0,0,0,0,0,0,1,1,1,1,0,1,0,0
47.338,8.799,True,0.38970700905605393,-0.05158535702477193,-0.13221895581408163,-0.026909056043079114,-0.2607225763684911,-2.329076341934976,2.6378680624456834,2.5798410495000406,-0.23510304013914513,0.1708363784104294,-0.0997680390616066,-0.6618408156839529,-0.7214009809509392,-0.31749553320824464,-0.45608520297290156,0.8911884890362765,1.4654216217570954,2.2580726815916297,1.6486747678835787,-0.3785234713114712,0.39486739588299086,-0.05770336983235298,-0.7149552231343153,-1.0535879090813047,-0.33225673946051765,-0.07665458365972322,-0.31551007423348615,-2.3523725667032918,-0.7878504338485391,0.23495931639103457,-0.4935941062829906,-0.14295368013990536,-0.15918965136196916,-0.37747375806573297,-0.5515455309859825,-0.5554179105937436,-0.7893398091962072,-0.2884814614836766,-0.24237068768035852,-2.029111644680699,-0.4293974167671592,-0.994685536959921,0.16318187901732134,0.5024452716455902,-0.2336378621047373,-1.4589252995155788,-0.43328772242882224,0.060227773079618484,0.5374950309825575,0.21480223477888055,-0.8921997995214995,1.2070838420343897,0.29587043229686516,-0.21190070626291932,-0.16921162995835082,0.13615358110642176,-0.021544828423502797,0.18171301837521397,0.0022106141559231373,7,5,4,0,0,0,1,0,0,0,0,0,0,0,0,1,1,0,0,0,0,0,0,0,0,0,0,0,0,0,0,0,1,1,1,1,0,1,0,0
47.266,8.77,True,-0.11255990695744836,0.1599591436319453,0.038209307431450755,-0.13762017487209297,-0.2607225763684911,-2.6975988605055554,8.17521516051513,-0.11206939674088659,-0.23510304013914513,0.10255285179158756,-0.3212408817368976,-0.46026732902414697,-0.5018540106143681,0.3560292810413689,0.1317720229367928,0.49434745159629373,5.341711341778327,5.305593956105441,5.46140694775883,-0.5211546786883468,-0.508806428751682,1.0510993329185918,-0.7149552231343153,-1.0535879090813047,-0.49034464453973853,-0.18662118167145464,-0.18666934054535642,-3.286423786395978,-1.0954281839807458,0.15872356307765717,-0.7772612440795411,-0.5728214366169448,-1.0777569639506288,0.729700717417742,1.1765148381095116,-0.3796110552760798,-0.23223551411061963,-0.2884814614836766,-0.24237068768035852,-2.5734132349351095,-1.01656265338185,-0.994685536959921,-1.415281161440115,-0.38361830740073843,-1.0797565958559063,0.2660192289226548,-0.11755961181141106,-1.5096498776955176,-1.0156797787496368,-0.2600297896900174,-0.3000107201991131,0.6146171401218102,-0.17763114185235615,-0.21190070626291932,-0.16921162995835082,0.13615358110642176,-0.021544828423502797,0.12937422401172569,0.0022106141559231373,7,5,4,1,1,1,1,0,0,0,0,0,0,0,0,1,1,0,0,0,0,0,0,0,0,0,0,0,0,0,0,0,1,1,1,1,0,1,0,0
47.417,8.555,True,0.4669788422889004,-0.010899155588830572,-0.09739697943538146,-0.07285654613220201,-0.26381792480784966,0.49012092512995586,-0.10768503941547253,-0.19085701955769427,-0.34075342757275384,-0.4181090386770804,-0.6339084243373084,-0.25869384236434106,-0.2623482247926544,-0.41470530021334345,-0.6505474792243975,0.9573286619429402,-0.4878714122032058,-0.4688512001020104,-0.2967826056944466,-1.2084718855625265,0.6637951230572252,-0.9819421003211934,-0.7149552231343153,-1.0535879090813047,0.2528715575873253,-0.07225347140038126,0.6660382413248969,-1.3819344493253667,-0.7833643956098139,-0.04404290618574816,-0.20992696848644016,-0.14295368013990536,0.14699945283425073,-0.31920141725081325,-0.3046797639723404,-0.5554179105937436,-0.7893398091962072,-0.2884814614836766,-0.24237068768035852,-1.9482019488320705,-0.9208684420024569,-0.994685536959921,-1.2272733398796654,0.29889012510792007,-0.8238051101150983,-0.6016801399280931,-0.3822148102419672,-1.5517001719127088,-1.0085941998852066,-0.28995681010681806,-0.5141585821900219,0.9545873561280276,-0.9298037651605622,-0.21190070626291932,-0.16921162995835082,0.13615358110642176,-0.021544828423502797,-0.7248297218999131,0.0022106141559231373,6,5,12,0,0,0,0,0,0,0,0,0,0,1,1,1,1,0,0,0,0,0,0,0,0,0,0,0,0,0,0,0,1,1,1,1,0,1,0,0
47.366,8.523,True,0.4669788422889004,0.3191815058661784,0.07855371178210302,-0.38004426425648313,-0.2619607157442345,-0.1547934823685571,0.04548792310941293,-0.026716138689345068,0.9534638184889529,-0.5034634469506326,-0.1909627389867264,0.08398108495732894,-0.27033175098671147,2.753870200500474,2.494376919463588,0.907723532262942,-0.24617542643193582,0.2112025712936418,0.2545658915796702,-0.5196616723169676,-0.22008191793645013,-0.05770336983235298,-0.7149552231343153,-1.0535879090813047,0.5097475457312601,0.430958378940996,1.1158003636220202,-4.317778497129122,1.221230442383199,0.26341273301898754,-0.4935941062829906,0.7167818328141736,1.0655667654229104,-0.4357460988806527,-0.5515455309859825,-0.5554179105937436,-0.7893398091962072,-0.2884814614836766,-0.24237068768035852,-2.727877199737037,-0.86573894664175,0.29433031822030997,2.029676606692983,0.26296862866009596,-0.33541175658300826,-0.8212185344565955,-0.436243834359457,1.560021600159436,0.8190870809094,0.47241197857353023,-0.7263074665653776,0.7975551374792492,-0.06065131042836819,-0.21190070626291932,-0.16921162995835082,0.13615358110642176,-0.021544828423502797,-1.2865759800252738,0.0022106141559231373,6,5,12,0,0,0,0,0,0,0,0,0,0,0,0,1,1,0,0,0,0,0,0,0,0,0,0,0,0,0,0,0,1,1,1,1,0,1,0,0
47.412,8.533,True,0.4669788422889004,-1.583096301348875,-0.5911173802056297,1.1767061160847114,-0.2319358358824565,-0.1087281675472336,0.005027140555669563,-0.47974496988598886,-0.38301358254619733,-0.5760146939831519,-0.6339084243373084,-0.33932323702826345,0.3364162397616302,-0.4262778915234743,-0.4784371887489356,0.5026149732096266,-0.18724027934812798,-0.27684089723800903,0.12471764046878044,-0.24855811358072402,-0.20780263293388326,-0.14496327922391333,0.26011705770429855,-1.0535879090813047,0.4692557533510502,0.1326597807118647,0.11993492672504877,-1.8301581800393125,-0.7136877338205306,0.5830387319186503,-0.4935941062829906,-0.14295368013990536,-0.46537875555818903,-0.056975883583674426,-0.3046797639723404,1.026843787265231,0.32486878097496785,-0.2884814614836766,-0.24237068768035852,-2.0879550598433383,-1.4530245533336474,0.29433031822030997,-0.4956172855311178,2.071017283200577,2.724630450718208,0.7364586457694458,-0.13953209746032866,-0.06592310957195495,0.18409183346340172,0.09310828639510434,-1.0248352922036026,1.4819689799201303,-0.8283066321033771,-0.21190070626291932,-0.16921162995835082,0.13615358110642176,-0.021544828423502797,-0.7023026479599924,0.0022106141559231373,6,5,12,0,0,0,0,0,0,0,0,0,0,0,0,1,1,0,0,0,0,0,0,0,0,0,0,0,0,0,0,0,1,1,1,1,0,1,0,0
47.445,8.68,True,0.4669788422889004,0.28743993626343023,-0.268975748508404,-0.14569781015146316,-0.3114862907739715,0.22294209916628757,-0.06433420096503334,-0.15146320814929037,0.2403237033120941,-0.38823499578133724,-0.6339084243373084,-0.03696300703855461,-0.01885067587391187,-0.3059229418981138,0.1921223845320847,0.3207294977163015,-0.41345713589043925,-0.5052460183011421,-0.20882696449975605,0.32285125544357746,0.7448511771172537,-0.05770336983235298,-0.7149552231343153,-1.0535879090813047,0.9743623063648169,0.4420387861904462,0.2680964534758835,-2.474932716191819,-0.045708306761837375,-0.23485089943958726,0.6410744449032111,1.5765173457682524,2.2903231822077896,-0.4357460988806527,-0.5515455309859825,-0.20380419995841595,-0.23223551411061963,-0.2884814614836766,-0.24237068768035852,-2.1320876212153173,-0.9194240010759754,0.29433031822030997,-1.646817887499782,-0.10822016796742007,-0.23788476083110333,1.269623318195809,-0.14027432469832354,-0.09395663905008238,-0.8354353905578438,-0.3484537220436037,-0.33243708361489355,0.7184032355458381,-0.5553471563375403,-0.21190070626291932,-0.16921162995835082,0.13615358110642176,-0.021544828423502797,-0.6351841071002033,0.0022106141559231373,6,5,2,0,0,0,0,0,0,0,0,0,0,0,0,1,1,0,0,0,0,0,0,0,0,0,0,0,0,0,0,0,1,1,1,1,0,1,0,0
47.22,8.666,True,0.4669788422889004,0.11290088146527825,-0.43925061097693746,0.0645582846203768,-0.2452458341716983,-0.19164573422561498,0.08305864976646032,0.019243307953792782,-0.021161005586087436,-0.24740022212997606,-0.23004618181177774,0.04366638762536775,-0.1745294366580259,-0.13233407224615162,-0.0001046931418076554,0.18018163028964113,-0.022302065392580984,-0.11030718572651786,0.4325560059201187,-0.10038099352263291,0.6014507286373519,-0.9819421003211934,-0.7149552231343153,-1.0535879090813047,1.0714327717692274,0.35418708299307317,0.7389964092632055,-1.3722494197951787,-1.9193297560189788,2.0883409693366817,0.6410744449032111,0.7167818328141736,1.98413407801157,-0.31920141725081325,-0.3046797639723404,-0.5554179105937436,-0.7893398091962072,-0.2884814614836766,-0.24237068768035852,-1.8305151185067925,-0.5938229422316257,-0.994685536959921,-0.49129526664467066,2.813394876455609,0.09215994018934015,1.0605391329305685,-0.1651261401498075,0.873200127945314,0.32930639356138325,-0.005953125035660466,0.013184874785408144,-0.01372436663639106,-0.05222015870274411,-0.21190070626291932,-0.16921162995835082,0.13615358110642176,-0.021544828423502797,-0.7023026479599924,0.0022106141559231373,6,5,2,0,0,0,0,0,0,0,0,0,0,1,1,1,1,0,0,0,0,0,0,0,0,0,0,0,0,0,0,0,1,1,1,1,0,1,0,0
47.22,8.676,True,0.4669788422889004,0.27255860188608194,-0.4394807121424355,-0.031185451190980932,-0.2576272279291325,-0.11794123051150016,0.04548792310941293,0.1439903774137382,0.45162447817931156,0.3543483561985664,-0.20399055326174353,-0.07727770437051579,0.923205415024829,-0.0883582252676544,0.035658484099846635,0.03136624124964797,-0.4291761919841794,-0.5211171296098493,-0.24367246247516752,-0.36692451523308195,0.1569325752904197,-0.9819421003211934,-0.7149552231343153,-1.0535879090813047,1.1863853559338895,0.5924637344783158,0.026643985967687526,-2.754405187275847,-2.94116854875,-0.8328192810410046,-0.20992696848644016,1.146649589291213,1.37175586961913,-0.31920141725081325,-0.3046797639723404,-0.027997344640752115,-0.23223551411061963,-0.2884814614836766,-0.24237068768035852,-2.154153901901307,-0.8297482935569217,-0.994685536959921,2.0904935867379892,-0.5033566288934855,-0.24956373232860982,0.9769054588244722,-0.25484605679777567,0.9432839516406325,-0.5201669377135417,0.23130755858893418,-0.22685845966855941,0.19850609558400917,0.32192982485959815,-0.21190070626291932,-0.16921162995835082,0.13615358110642176,-0.021544828423502797,0.02416528893390142,0.0022106141559231373,6,5,2,0,0,0,0,0,0,0,0,0,0,1,1,1,1,0,0,0,0,0,0,0,0,0,0,0,0,0,0,0,1,1,1,1,0,1,0,0
46.989,7.461,True,0.4669788422889004,-0.03567499420643694,-1.2178362546337327,0.6360747383866341,-0.2712467610623102,0.324285791773195,-0.10190492762208059,-0.5257044165291267,-0.15850650924977885,-0.2388647813026209,-0.6339084243373084,-0.25869384236434106,0.3923009231200301,-0.31055197842216614,-0.2795045153422329,-0.0678440181103477,-0.4773872002800174,-0.5697944976658722,-0.3530561033725661,-0.06294320743735096,0.8403530660067542,-0.9819421003211934,-0.7149552231343153,-1.0535879090813047,0.4394233404189032,0.19125294710324794,-0.2389445343305547,0.13247327790656405,-2.8748310730846387,0.002379717009272219,0.0737401693101102,-0.14295368013990536,-0.46537875555818903,-0.4357460988806527,-0.7984112979996244,-0.5554179105937436,-0.7893398091962072,-0.2884814614836766,-0.24237068768035852,0.751239721753993,0.2062769609618653,-2.283701392140152,-0.4239952582699941,-0.6111211182369579,-0.3482282902393628,-0.6539511862444032,-0.35111804837425037,-0.33224163961416553,-0.4528937451242904,0.19446937107502316,-0.38264634591591024,0.45522100163353124,0.6541693500023636,-0.21190070626291932,-0.16921162995835082,0.13615358110642176,-0.021544828423502797,-0.939166971308528,0.0022106141559231373,7,5,2,0,0,0,0,0,0,0,0,0,0,0,0,1,1,0,0,0,0,0,0,0,0,0,0,0,0,0,0,0,1,1,1,1,0,1,0,0
46.301,7.611,True,0.4669788422889004,-0.8952303665661347,1.1183041782791485,-0.29513406281981025,-0.2526746704261588,-1.6818586686953958,0.12424194629437775,-0.3090384537829056,-0.3882961019178778,-0.8235424779764532,-0.6339084243373084,-0.6618408156839529,-0.7413597964360819,-0.3221245697322969,-0.8628913440967206,0.8415833593562781,0.02056556794660513,0.11562211329422549,-0.4119353476801682,-0.5211546786880162,-0.9954068502819423,-0.05770336983235298,-0.7149552231343153,-1.0535879090813047,-1.0059877071175558,0.3250910153285328,0.2342104916236288,0.2284433715240083,0.008699777075614043,0.07382195812314842,-1.0609283818760915,-1.0026891930939843,-1.0777569639506288,-0.31920141725081325,-0.3046797639723404,-0.5554179105937436,-0.7893398091962072,-0.2884814614836766,-0.24237068768035852,-2.323328720493894,-0.952525772307841,0.29433031822030997,-1.5875444856285073,-0.8027024326253532,0.1693624920364935,1.1232643885101405,2.1044895804464536,0.03920262597102291,0.38861826158385926,-0.28091670750838776,0.38101133893662414,-0.3941737995263891,0.7708333782667129,-0.21190070626291932,-0.16921162995835082,0.13615358110642176,-0.021544828423502797,-0.6573092453749757,0.0022106141559231373,7,4,13,0,0,0,0,1,1,1,0,0,0,1,1,1,1,0,0,0,0,0,0,0,0,0,0,0,0,0,0,0,1,1,1,1,0,1,0,0
46.302,7.611,True,0.4669788422889004,-0.7970768845027749,1.1674691273072255,-0.38455823691260166,-0.2402932766687246,-1.8822427881681483,0.1805980362799489,-0.29590718331343774,-0.44904507469220284,-0.9302354883183933,-0.060684596236555144,-0.2385364936983605,-0.7453515595331105,-0.2295438392512504,-0.6393714863363805,0.8250483161296126,-0.0648695713698886,0.11777167182997852,-0.487477039644497,0.16616252818847735,-0.6522087709258995,0.4829416292179727,-0.7149552231343153,-1.0535879090813047,0.22345622288173778,0.45211415462734644,-0.6963491791445782,0.2284433715240083,0.008699777075614043,0.07382195812314842,-1.0609283818760915,-0.5728214366169448,-0.7715678597544089,-0.31920141725081325,-0.3046797639723404,-0.5554179105937436,-0.7893398091962072,-0.2884814614836766,-0.24237068768035852,-0.9405084641718778,-0.5881655486029068,-0.994685536959921,1.2103453120765086,-0.9463884184166498,0.13925501356564884,0.9141802032449001,-0.04328569992654341,0.8942252750539096,0.12278963429923186,-0.28091670750838776,0.38101133893662414,-0.3941737995263891,0.7708333782667129,-0.21190070626291932,-0.16921162995835082,0.13615358110642176,-0.021544828423502797,-0.6573092453749757,0.0022106141559231373,7,4,13,0,0,0,0,1,1,1,0,0,0,1,1,1,1,0,0,0,0,0,0,0,0,0,0,0,0,0,0,0,1,1,1,1,0,1,0,0
46.211,7.304,True,0.4669788422889004,0.7489987700629883,0.012591377672671133,-0.5971901067666091,-0.282390015444001,-0.0350236638331197,-0.029653530204681765,-0.039847409158812956,-0.10304005584713423,0.12389145385997552,-0.6339084243373084,0.10413843362330952,-0.33819172363619704,-0.4378504828336051,0.4379942280684588,1.0978765293696005,-0.34868056618851656,0.2054322235107888,-0.11809925227425334,0.5090851640327901,1.1349135479668837,-0.9819421003211934,-0.7149552231343153,-1.0535879090813047,0.6964843682934858,-0.16495941643761275,1.2309012980110718,-1.7713532760346875,-0.22008180754772094,0.012646660856140636,0.9247415826997617,1.146649589291213,2.5965122864040096,-0.46488226928811255,-0.7984112979996244,-0.3796110552760798,-0.23223551411061963,-0.2884814614836766,-0.24237068768035852,-1.9996899370993797,-0.5856377769815644,0.29433031822030997,-0.26438927510619703,-0.2638799859079913,0.36775333253959097,1.4368906664080012,-0.08961091719450014,-1.341448700826753,-0.037232989492951764,0.6327882621085612,-0.5340230950643685,0.40905345361110174,1.1588403205484183,-0.21190070626291932,-0.16921162995835082,0.13615358110642176,-0.021544828423502797,-0.7023026479599924,0.0022106141559231373,7,4,8,0,0,0,0,0,0,0,0,0,0,0,0,1,1,0,0,0,0,0,0,0,0,0,0,0,0,0,0,0,1,1,1,1,0,1,0,0
46.21,7.304,True,0.4669788422889004,0.1622942466326461,-0.094789166226404,-0.17848350628537704,-0.29600954857717865,-0.025810600868853163,-0.029653530204681717,-0.08580685580195069,0.055435525303278846,-0.6357627797746384,-0.24307399608679486,-0.19822179636639933,-0.3421834867332257,-0.4957134393842592,0.39329025651639077,1.0152013132362705,-0.33050378181315826,0.2622661853524799,-0.16967747441138117,1.262274747647666,0.3696766329478791,-0.05770336983235298,0.5609758562232795,-1.0535879090813047,1.0558747433048252,0.01737913382898905,0.7654351380983802,-1.0710294510494125,-1.0192883220738667,-0.3910414081826576,0.35740730710666074,1.5765173457682524,1.98413407801157,-0.4357460988806527,-0.5515455309859825,-0.20380419995841595,0.32486878097496785,-0.2884814614836766,-0.24237068768035852,-1.3597677972056805,-0.7206930036075757,0.29433031822030997,0.5027690772381662,-0.7428332718789797,0.04241055510905272,2.0745974314669846,-0.022042644494275957,-0.9419709057634371,-0.27503775430253014,0.4289969010287559,-0.5439521731794819,0.5510165598998309,0.7581169820816327,-0.21190070626291932,-0.16921162995835082,0.13615358110642176,-0.021544828423502797,-0.7023026479599924,0.0022106141559231373,7,4,8,0,0,0,0,0,0,0,0,0,0,0,0,1,1,0,0,0,0,0,0,0,0,0,0,0,0,0,0,0,1,1,1,1,0,1,0,0
46.214,7.309,True,0.4669788422889004,-0.09219240242679086,0.1648416488438599,-0.18651362606310382,-0.32479628906321323,0.09395921766658424,-0.11924526300225642,-0.2827759128439698,0.45162447817931156,-0.33275463040352826,-0.6339084243373084,-0.07727770437051579,-0.14922964214905893,-0.15316473660438706,0.952089900917241,0.8167807945162798,-0.30982507992897573,0.4648371304662367,-0.14256729431766357,0.34333602525366896,1.1933047797546186,-0.9819421003211934,0.45672697158011144,-1.0535879090813047,-0.7331422466334196,0.0011627845750006008,0.5073156863376359,-3.6134438393947295,1.7939967059845678,0.5163082230726505,-0.4935941062829906,0.7167818328141736,1.0655667654229104,-0.31920141725081325,-0.3046797639723404,-0.027997344640752115,0.32486878097496785,-0.2884814614836766,-0.24237068768035852,-2.0732442060526783,-0.6216284300663927,1.583346173400541,-0.052610349670288284,0.02349198567460175,-0.12761706890010038,-1.05121113824836,0.6202270597768512,-2.2525384088658944,-1.2752985728721793,0.6327882621085612,-0.5340230950643685,0.40905345361110174,1.1588403205484183,-0.21190070626291932,-0.16921162995835082,0.13615358110642176,-0.021544828423502797,0.0767284982980389,0.0022106141559231373,7,4,8,0,0,0,0,0,0,0,0,0,0,1,1,1,1,0,0,0,0,0,0,0,0,0,0,0,0,0,0,0,1,1,1,1,0,1,0,0
46.297,7.857,True,0.4669788422889004,-1.2007726575053035,1.27722738324978,-0.2102238613831374,-0.25577001886551737,-1.9651603548465288,0.35400139008170606,0.34095943445575727,-0.05021486213032987,-0.8918260045952948,-0.6339084243373084,0.4669707096109601,-0.7453515595331105,-0.14159214529425626,-0.09845343055635743,0.17191410867630832,-0.12389218953244091,-0.21288002206439455,-0.23888450891398,1.3723817515893588,-0.8825531653870293,0.8665353606551546,-0.7149552231343153,0.5223902209732758,-0.43401053719586785,0.35067481444203785,-0.39868845802057484,-1.2745694508305419,0.16573393567916925,-0.9321422965386353,-1.0609283818760915,-1.0026891930939843,-1.3839460681468485,-0.31920141725081325,-0.3046797639723404,-0.3796110552760798,-0.23223551411061963,0.46796653367374685,0.22172027034436392,-0.9772855986485273,-0.8304705140201624,-0.994685536959921,-0.6206471176033379,-0.3955921395500131,-0.030090073148195434,-0.591225930664831,-0.3353649150988761,-0.7877864936337363,-0.7928423041255959,-0.6176683463443654,0.3940615293145549,-0.203787224561467,0.6877713068005882,-0.21190070626291932,-0.16921162995835082,0.13615358110642176,-0.021544828423502797,0.2333384883669736,0.0022106141559231373,6,4,8,0,0,0,0,0,0,0,0,0,0,1,1,0,0,0,0,0,0,0,0,0,0,0,0,0,0,0,0,0,1,1,1,1,0,1,0,0
46.302,7.809,True,0.4669788422889004,-1.5113017785815626,1.4114530631236242,-0.1069726763121299,-0.2452458341716983,-0.5233160009391368,0.14085976770037947,0.12429347170953625,0.29314889702889846,-0.6229596185336056,-0.16490711043669212,1.0313764722584167,0.6836996292031151,-0.2966648688500092,0.3709382707403568,1.1970867887295962,-0.24603401395726904,-0.19026398536109726,-0.16488191659164267,-0.028015231013883417,-0.5088064287510173,-0.9819421003211934,1.271231449808172,0.6783242506971285,0.8021281410983059,0.1870769851316696,-0.5107750047307781,-0.003737939719702707,1.6733538303929714,-0.003727500705980266,-0.7772612440795411,-0.5728214366169448,-1.0777569639506288,-0.46488226928811255,-0.7984112979996244,0.6752300766299032,0.8819730760605554,2.8567496762761366,0.22172027034436392,-0.35942973944081785,-0.7885817271522017,0.29433031822030997,0.9207700466845518,-0.7069117754311556,-0.1739537675038437,-1.05121113824836,-0.41541028361022125,-1.4185409068916035,-0.7824129689431203,-0.39600722165280994,0.23349008140694025,-0.10107130288701728,-1.177282890352541,-0.21190070626291932,-0.16921162995835082,0.13615358110642176,-0.021544828423502797,-0.5925715590632755,0.0022106141559231373,7,4,3,0,0,0,0,0,0,0,0,0,0,0,0,0,0,0,0,0,0,0,0,0,0,0,0,0,0,0,0,0,1,1,1,1,0,1,0,0
46.303,7.809,True,0.38970700905605393,-1.7820154145950229,0.8167949510882453,0.42391802354906,-0.23286444041426407,-1.0576736528664765,0.06282825848958877,0.2556061764042156,-0.02380226527192769,-0.6314950593609608,-0.6339084243373084,0.7491735909346884,0.5016193472952543,-0.5304312133146517,-0.14315740210842545,1.147481659049598,-0.3804065023374441,-0.2468581738549772,-0.2640226996015949,-0.28255341044000215,-1.044453859829601,-0.9819421003211934,-0.7149552231343153,0.2281390813615703,1.4577604440294214,0.2764243333089678,-2.6320680294871166,0.3436418989757934,2.857605566292695,-0.07333979681303643,-1.0609283818760915,-1.0026891930939843,-1.3839460681468485,-0.31920141725081325,-0.3046797639723404,-0.5554179105937436,-0.7893398091962072,-0.3282945138603831,-0.24237068768035852,0.2952032542435408,-0.17794432548218814,0.29433031822030997,0.5861222986196464,-0.3955921395500131,0.7798541839516061,1.4264364571447392,-0.32650937632831645,-0.1430153156368054,-0.5804341646840308,-0.39600722165280994,0.23349008140694025,-0.10107130288701728,-1.177282890352541,-0.21190070626291932,-0.16921162995835082,0.13615358110642176,-0.021544828423502797,-0.5925715590632755,0.0022106141559231373,7,4,3,0,0,0,0,0,0,0,0,0,0,1,1,0,0,0,0,0,0,0,0,0,0,0,0,0,0,0,0,0,1,1,1,1,0,1,0,0
51.111,10.425,True,0.4669788422889004,0.8276798677815204,0.4742510160501952,-0.9304638352930914,-0.2607225763684911,-0.07187591569017665,-0.19438671631635115,-0.052978679628280845,0.13467331587848538,0.18754450382997725,0.0305101036885646,0.16461047962125128,-0.1346118056877404,-0.15316473660438706,0.08036245565191465,0.07270384931631266,-0.1705996233580647,-0.2600392711166176,-0.13065970932540552,0.8521480962870455,0.914833503029304,-0.9819421003211934,1.3073476911524553,0.7480576157987934,0.3301509180059569,0.26314585557176395,-0.6926591015185517,-0.8390456126185316,0.1721792159061685,-0.2816196267378215,-0.20992696848644016,0.7167818328141736,0.45318855703047056,-0.46488226928811255,-0.7984112979996244,-0.027997344640752115,0.8819730760605554,-0.1690423043535571,0.22172027034436392,-1.3597677972056805,-1.086136558007371,0.29433031822030997,0.2104153711334934,-0.6230949503862326,0.0911740529850052,0.4646492049246332,-0.11507698967053161,0.7049989510765494,0.2505688935959755,1.2446369917879374,-0.7130232021157417,0.29613483483418646,1.0315624693150771,-0.6206317480899259,-0.3144365635138281,0.300990692839752,-0.6732685115054926,-0.3820151793208836,0.3332237653048701,7,3,2,0,0,0,1,0,0,0,0,0,0,0,0,0,0,0,0,0,0,0,0,0,0,0,0,0,0,0,0,0,0,0,0,0,0,0,0,0
51.031,10.51,True,0.4669788422889004,1.4325902790139367,-0.511579077331815,-0.6828130407279324,-0.2607225763684911,0.1768767843449641,-0.17704638093617542,-0.31560408901763964,0.31956149388730065,1.1737506756246667,-0.16490711043669212,0.6483868476047854,0.2086798206567162,-0.26194709491961676,0.30388231341225475,0.7506406216096161,1.302508383502401,1.2273185579543706,1.8399809881315778,0.08075231018033915,0.3766042976775643,1.0845876314500258,1.7372925654227147,1.060489346630247,-0.5817485388406481,0.21816406631308172,-0.3728110079680477,0.5422420978932917,0.2998219400260301,0.28020617459566993,-0.20992696848644016,0.2869140763371341,-0.46537875555818903,-0.2900652468433534,0.18905177005494359,0.32361636599457555,1.4390773711461429,0.14946211466009487,0.6858112283690864,0.3172695349295305,-0.6048969893346497,1.583346173400541,-0.4749333380031209,0.21507330006299713,-0.09303517927112008,0.7573670642959698,2.3368962850882666,0.3055211560132335,-0.2684298549121066,2.1938178461508353,-1.3884985283765978,0.7178048920051172,2.0453644521240912,-0.6283363535682681,-0.461044017120808,0.14645926623237626,-0.4196850992281267,-0.3602104549784236,0.16061404980840832,6,3,2,0,0,0,1,0,0,0,0,0,0,0,0,0,0,0,0,0,0,0,0,0,0,0,0,0,0,0,0,0,0,0,0,0,0,0,0,0
51.032,10.514,True,0.4669788422889004,0.8365453435807912,-0.4203823154061003,-0.38156476030907044,-0.2607225763684911,0.09395921766658424,-0.21172705169652686,-0.3024728185481717,0.5044496718961159,1.365798094240159,-0.08674022478658941,0.5274427556089019,0.9790900983832288,-0.28046324101582604,0.39329025651639077,0.7341055783829498,0.7345419925441741,0.6538580551896674,1.1573740493937041,0.31378880010390375,-1.1998396121339083,0.6165971393812738,0.45672697158011144,1.7367356754751107,0.7641057671135684,0.3565523964830968,-0.14900410183464927,-1.0119660617711599,1.154825448210203,0.3356816523374895,-1.0609283818760915,-1.4325569495710238,-1.3839460681468485,-0.14438439480605403,-0.057813996958698426,-0.027997344640752115,0.32486878097496785,2.1401147334954196,2.542175060467976,-1.2494363937757325,-0.5732396590292657,0.29433031822030997,1.047343456930503,0.23902096436154655,-0.412386795998392,1.1650812255631886,0.0699551419530558,0.5227810094687211,-0.67612928597667,2.1938178461508353,-1.3884985283765978,0.7178048920051172,2.0453644521240912,-0.6283363535682681,-0.461044017120808,0.14645926623237626,-0.4486733214811216,-0.38227171675760735,-0.1722640806005394,6,3,8,0,0,0,1,0,0,0,0,0,0,0,0,0,0,0,0,0,0,0,0,0,0,0,0,0,0,0,0,0,0,0,0,0,0,0,0,0
51.086,10.596,True,0.4669788422889004,-0.40438380021541304,1.919746537708747,-1.0863146806832913,-0.2607225763684911,-0.3759069935109047,-0.22039721938661472,-0.3287353594871076,-0.15850650924977885,1.1737506756246667,0.14776043216371873,-0.17806444770041874,-0.30625761885996855,-0.20639865663098877,-0.47173159301612544,0.8498508809696117,-0.19815477348348406,-0.10789043846008092,-0.07028165607766695,0.6623109827779423,-0.623228086831647,-0.9819421003211934,0.5609758562232795,1.1894343241928014,-0.29920445622067376,0.13207931766574352,-0.6958400770710566,0.20275558168184538,-0.5226701560481335,-0.8755857842412704,-1.0609283818760915,-0.5728214366169448,-0.46537875555818903,-0.31920141725081325,-0.3046797639723404,-0.20380419995841595,0.32486878097496785,-0.1690423043535571,0.6858112283690864,-0.006369248464983957,-0.5160638723560435,-0.994685536959921,-0.99234074183779,-0.2878276502065407,0.3903529007620386,0.841000738402066,0.2055651771432595,0.18637865573119192,0.26696922220353264,1.3129091459277935,-1.5233640813840204,1.469412461603324,1.375441239046903,-1.261875365107118,1.0141576649617292,2.0040478205167034,-0.20496625961436005,-0.4306372015396738,0.619294559372754,6,5,8,0,0,0,1,0,0,0,0,0,0,1,1,0,0,0,0,0,0,0,0,0,0,0,0,0,0,0,0,0,0,0,0,0,0,0,0,0
51.116,10.341,True,0.4669788422889004,0.1576240406312445,1.445047833286335,-1.1296013026803864,-0.2607225763684911,0.14923759545217122,-0.15970604555599968,-0.026716138689345068,-0.17963658673650051,0.41836416240373064,-0.060684596236555144,-0.15790709903443814,-0.5098375368084253,0.08291612612228166,0.25917834186018673,0.965596183556273,-0.20945673370287768,0.06460905429615525,-0.05238996937395129,1.6572866589636055,0.19318136354551013,0.9037118736744185,1.6979084227233168,1.721743956658433,0.12239174111944397,0.403697262975358,-1.6482412937790996,-0.11029735419059829,0.659722059257861,-1.032903771867365,-0.20992696848644016,-0.14295368013990536,-0.15918965136196916,-0.056975883583674426,0.43591753706858555,1.026843787265231,1.4390773711461429,1.5827320002215288,3.0062660184926986,-0.5506708387193946,-0.847924175215146,1.583346173400541,-0.07144200338980786,-0.33572297880363955,-0.30272580388544135,0.6319165531368255,-0.08163837289672747,0.9432839516406325,-0.21485014057770882,-0.4708330958788298,-0.19097782105403613,0.5824603124392049,0.20799121540888083,0.32617157533926017,-0.7563909902005567,-0.9969885289197186,-0.7443925770431403,-0.3820151793208836,-0.46657735438063563,6,3,2,0,0,0,1,0,0,0,0,0,0,0,0,0,0,0,0,0,0,0,0,0,0,0,0,0,0,0,0,0,0,0,0,0,0,0,0,0
51.12,10.346,False,0.4669788422889004,0.8315585134437016,0.7122523215636457,-1.0801851809712986,-0.2607225763684911,-0.07187591569017665,-0.1163552071055604,-0.20398829002716218,0.16108591273688758,0.025733884345390545,-0.6339084243373084,0.325869268949096,-0.3341999605391685,0.008851541737444372,0.013306498323812622,0.6679654054762859,-0.07913132712901075,-0.05442535536699923,0.0852417114718119,1.0857428206407254,-0.11980631713416261,-0.13321752444169904,0.5609758562232795,1.3768748805843092,0.5899667506247752,0.2344764440437985,-2.070541100629768,-0.6867732392804314,-0.04080996028284903,0.04427491038326252,-0.7772612440795411,-0.14295368013990536,-0.15918965136196916,-0.4066099284731928,-0.5515455309859825,-0.20380419995841595,0.32486878097496785,-0.009790094846731125,1.1499021863938088,-1.3818340778916702,-0.7191281926038875,0.29433031822030997,0.07458049184515544,0.1911256357644477,-0.056178165324443724,1.0187222958775204,0.19142446855732245,-0.1570320803758691,-0.30314123002324694,0.595752567687406,-0.9397785329176498,1.0409460296998168,0.20799121540888083,0.2215420002227992,-1.4233897528548882,-0.9699626809279035,-0.5728996474737484,0.4242699752259363,-0.34765550163863645,7,3,7,0,0,0,1,0,0,0,0,0,0,0,0,0,0,0,0,0,0,0,0,0,0,0,0,0,0,0,0,0,0,0,0,0,0,0,0,0
51.069,10.464,True,0.4669788422889004,1.4942528294392252,0.2264320608088293,-1.1770217733204533,-0.2607225763684911,-0.7352164491172194,-0.15103587786591183,-0.17116011385349233,0.08184812216168103,0.8536716445988463,-0.060684596236555144,0.325869268949096,-0.6255986666222536,0.3537147627793427,0.16977039875605068,0.8746534458096101,0.002944935179336666,0.17402473558825282,-0.03132966409748921,-0.052895502817266994,0.6055170059654016,0.4829416292179727,3.008589130287939,1.347153018136823,0.5455418984140253,0.23421131687520402,0.30896619410694065,-0.28676376134305664,-0.637184293473427,-1.365196479118154,0.35740730710666074,0.2869140763371341,-0.15918965136196916,-0.4066099284731928,-0.3046797639723404,3.663946617030188,4.781703141659667,1.5827320002215288,1.6139931444185314,-0.39620687391746723,-0.5404989980290206,1.583346173400541,-1.5563642065191388,0.5623144323919638,2.475049313066949,-1.009394301195312,-0.41843038064757976,-0.5004428164829301,-1.2089011259852733,0.8414318145200942,-1.3741250342610236,1.539462136059327,1.1381328946105262,-0.4971913589361559,-0.23818665505967582,0.0973638942503504,0.43142966891652806,-0.2952803287515246,0.5329362813883942,6,3,2,0,0,0,1,0,0,0,0,0,0,0,0,0,0,0,0,0,0,0,0,0,0,0,0,0,0,0,0,0,0,0,0,0,0,0,0,0
51.055,10.479,True,0.4669788422889004,0.9604245366688224,0.6643912791400577,-1.1278432291195823,-0.2607225763684911,-0.7904948269028069,-0.15103587786591183,0.47883777438517044,-0.20076666422322229,0.29033254999340236,0.08262136078863312,0.023509038959387163,-0.6535410083014536,0.45786808457052003,0.7285700431569009,0.8829209674229436,0.2271791305430285,0.22443883651995936,0.47267615036336935,0.3156518480286916,0.197107599983403,1.3316662050961328,1.3073476911524553,2.3636182915746575,0.3045495987427092,0.42072163665498163,-0.26421592228027857,0.30657199023033965,-0.21446552215971962,0.650179801609122,-0.7772612440795411,0.7167818328141736,0.45318855703047056,-0.20265673562097375,0.6827833040822275,-0.027997344640752115,0.8819730760605554,3.1752540952897883,5.790811766641033,0.5967757569520656,0.21253620497661804,-2.283701392140152,-2.3908225672381787,2.0590434510513025,3.0917596781170977,-0.7794016974035475,-0.41785451468706647,-0.2060907569625921,-1.1355773267252727,1.0856232359717881,-1.5345532707158218,1.6279154327996876,1.1591110685677124,0.0012933006070261343,-1.0702935818351889,-0.7131080257331546,0.5955470254431445,0.5045384910031159,0.6532722816271296,6,3,7,0,0,0,1,0,0,0,0,0,0,0,0,0,0,0,0,0,0,0,0,0,0,0,0,0,0,0,0,0,0,0,0,0,0,0,0,0
51.276,10.418,True,0.4669788422889004,1.1889480066018225,0.37507741372054937,-1.0877401457325917,-0.2607225763684911,0.287433539916138,-0.20305688400643898,-0.29590718331343774,0.21391110645369193,2.7272009062033162,-0.6339084243373084,0.5476001042748825,-0.36214230221836846,-0.21102769315504116,0.12506642720398267,0.9407936187162739,0.19930479594338896,0.4118785928320837,0.5774455243761651,-1.2084718855625265,-1.1998396121339083,-0.9819421003211934,1.836906935580875,0.8858767713697265,0.2435045856918936,0.36375140040879167,-0.4634644426869066,-0.05980427760064448,0.29422374705293114,-0.7127997731847046,-1.0609283818760915,-1.4325569495710238,-1.3839460681468485,-0.31920141725081325,-0.3046797639723404,0.14780951067691173,1.4390773711461429,2.7771235715227234,1.1499021863938088,-0.6021588269867036,-0.8656185765645432,-0.994685536959921,-0.7935278730612226,-0.3237491466543648,0.18202735073833498,0.2869276474491788,0.0316920481322849,-0.9139373762853097,-1.533006649098696,0.0647431002117847,-0.7755766933771499,1.1256642377178618,0.33625277053974917,-0.6011248038869417,0.5953411252778588,0.4228804563384957,-0.9548142997893989,0.7419984424123043,-0.028553486811591547,6,3,2,0,0,0,1,0,0,0,0,0,0,1,1,0,0,0,0,0,0,0,0,0,0,0,0,0,0,0,0,0,0,0,0,0,0,0,0,0
51.205,10.39,True,0.4669788422889004,-0.3385259799922556,1.5279609532541207,-0.8830908801546679,-0.2607225763684911,-0.514102937974872,-0.23773755476679043,-0.28934154807870377,-0.38301358254619733,-0.6656368226703816,0.39528890338904404,-0.2385364936983605,-0.621606903525225,0.27733566013247934,-0.7064274436644825,-0.99380643880364,-0.2020892922006253,-0.2918335491123326,-0.45932335398486746,-1.2084718855625265,-1.1998396121339083,1.706277166948921,1.9407131656936845,1.3047814844797796,1.0031116979285997,0.4944318796013164,0.0975595514810448,-0.11924788956310538,-2.1162255705792465,-0.5706647995864861,-1.0609283818760915,-1.8624247060480632,-1.6901351723430684,0.292658161305844,1.1765148381095116,2.9607191957595327,2.553285961317318,1.5031058954681158,3.470356976517421,-0.12405607879026193,-0.5134157306574942,0.29433031822030997,-0.5919365635719392,-1.521132361581836,-1.3067381652847179,0.9559970402979482,-0.24505633546904998,1.363786893812544,0.3596390401607972,1.7677806004644616,-1.5743316539365038,1.2622689012898305,0.8578390260446797,0.20266010696069817,-1.1176676737590931,-0.7467854325762829,-0.7526657082118196,1.1890639199859534,-0.39448840963371606,6,3,2,0,0,0,1,0,0,0,0,0,0,0,0,0,0,0,0,0,0,0,0,0,0,0,0,0,0,0,0,0,0,0,0,0,0,0,0,0
51.282,10.229,True,0.4669788422889004,-0.2038815662908239,1.3322215618038065,-0.8427027037578174,-0.2607225763684911,-0.32062861572531803,-0.16837621324608756,-0.13176630244508855,-0.49922900872316694,-0.9345032087320709,0.6428173746143694,-0.41995263169218583,-0.6335821928163108,1.2054574832049707,-0.5969027133619158,-1.696545775936942,-0.3178780178507955,-0.4087423343554273,-0.5959446022306267,-1.2084718855625265,-1.1998396121339083,1.7782151022532695,0.6928688319250685,1.5738663916167774,1.0663277084583849,0.22473038431612039,0.4132694897203979,0.31776864261319765,-0.945696872301388,-1.4771347914805995,-1.0609283818760915,-1.8624247060480632,-1.6901351723430684,-0.31920141725081325,-0.057813996958698426,0.14780951067691173,0.32486878097496785,1.1049753717010509,3.0062660184926986,0.023052459116335536,-0.5677026354777537,-0.994685536959921,-0.6181773925253682,-1.8563996617615277,-1.4185226067608514,1.1546270162999266,-0.23637995499731665,-0.8578703173290548,-1.0303286159525034,0.766965186912376,-1.6145060186938247,1.9465635238503523,1.0291586941422397,0.8165605342972854,-1.7094738415895694,-0.9413290173752463,-0.06111506220312347,1.4725612163149249,0.9365596186702264,6,3,2,0,0,0,1,0,0,0,0,0,0,0,0,0,0,0,0,0,0,0,0,0,0,0,0,0,0,0,0,0,0,0,0,0,0,0,0,0
51.285,10.222,True,0.4669788422889004,0.14250523815212998,1.058017672918668,-0.8807626205741436,-0.2607225763684911,-0.3759069935109047,-0.14236571017582395,-0.033281773924079015,-0.3803723228603571,-0.7424557901165786,0.19987168926378726,-0.6618408156839529,-0.6615245344955107,1.0017798761466685,-0.015751083185031524,-0.6300354878169891,-0.09050980896798438,-0.17917472357009706,-0.31054615537900176,-1.2084718855625265,-1.1998396121339083,1.4035483562045687,2.3093852113733746,0.9991419363921069,0.0775283428132067,0.2559384312228247,-0.18497803863772283,0.3306968298499275,-0.1386639253299876,0.3098935267143195,-1.0609283818760915,-1.8624247060480632,-1.6901351723430684,-0.3483375876582731,-0.3046797639723404,0.851036931947567,1.9961816662317304,-0.1690423043535571,0.22172027034436392,-0.293230897382849,-0.5577119190695906,-0.994685536959921,-1.9141656271900107,0.8496864039745567,1.1336360153533451,0.5378286697674673,-0.2705224079450814,-0.703685905199354,-0.7926034643885926,0.8828254831030278,-1.5153419965048442,1.725536598080995,1.682819921795551,0.9412118201998649,-2.0348017046134603,-1.1051136008706177,-0.11594928873853039,1.4725612163149249,0.7359170650331144,6,3,2,0,0,0,1,0,0,0,0,0,0,0,0,0,0,0,0,0,0,0,0,0,0,0,0,0,0,0,0,0,0,0,0,0,0,0,0,0
51.102,10.4,True,0.4669788422889004,0.4190764206758232,0.8801494719886997,-0.9365933350050841,-0.2607225763684911,-0.873412393581187,-0.22039721938661472,-0.17772574908822628,-0.3539597260019549,-0.40103815702237,0.39528890338904404,-0.17806444770041874,-0.27033175098671147,0.568964961147776,-0.3420900755151281,-0.4316149690969985,-0.31611259286838217,-0.40695983187970847,-0.4935738548340386,-1.2084718855625265,-0.8543230204424629,0.6279998107113315,0.4084791557476117,0.34195353368259185,0.14780658686775014,0.026650868737799354,-0.4898665862293931,-0.05259783358488524,0.7242516132825622,-1.5391188541517062,-1.0609283818760915,-1.0026891930939843,-1.0777569639506288,6.0907560723903575,2.6577094401913635,1.2026506425828947,1.4390773711461429,6.12141997116607,3.0062660184926986,-0.5874479731960439,-0.4682769517049503,1.583346173400541,0.6105108337645979,-0.9463884184166498,0.2885790062837677,0.09875188071046243,-0.20011319650632511,-0.13600693326727353,-0.6899819907228589,0.6154728900377031,-1.7165395048225272,2.1941122444631205,0.8173169334312819,0.6386878022942305,-1.3446603418197314,-0.95707288162304,-0.12210589527709728,1.3172622047494544,-0.0501324598346133,6,3,2,0,0,0,1,0,0,0,0,0,0,0,0,0,0,0,0,0,0,0,0,0,0,0,0,0,0,0,0,0,0,0,0,0,0,0,0,0
51.104,10.405,True,0.4669788422889004,-0.08190211801692256,1.3407353049272335,-0.9211983124726376,-0.2607225763684911,-0.5970205046532525,-0.19438671631635115,-0.21055392526189612,-0.4173499584621202,-0.7296526288755458,0.3562054605639926,-0.33932323702826345,-0.6255986666222536,0.3467712079932643,-0.7019570465092757,-1.5890679949636133,-0.48144780317503827,-0.5738943800088712,-0.6684826478217092,-1.2084718855625265,-0.8825531653870293,2.584563232195017,2.5245324720840325,0.888329917213402,0.4863861529843388,0.5342290040498475,0.7773614825274047,-0.4299486507551809,-1.6119363228738002,-1.2451202552628124,-1.0609283818760915,-1.0026891930939843,-1.3839460681468485,1.5455134888266182,4.385769809286857,1.2026506425828947,2.553285961317318,-0.2884814614836766,-0.24237068768035852,-0.8595987683232492,-0.39846230692501583,-2.283701392140152,0.3496461224040398,-1.2457342221485175,-0.2429658718072912,0.4228323678715851,-0.131853884653485,1.1395186579875245,-0.1713016951974479,0.7099396789394675,-1.6771829036352053,2.0761603025961186,1.248077866482352,0.7457669013682067,-1.3696597606510275,-1.1681960590713658,-0.06297501059213419,1.3172622047494544,-0.07951709267179684,6,3,2,0,0,0,1,0,0,0,0,0,0,0,0,1,1,0,0,0,0,0,0,0,0,0,0,0,0,0,0,0,0,0,0,0,0,0,0,0
51.106,10.409,True,0.4669788422889004,-0.1094484178218009,1.3790087987884034,-0.9283731532207838,-0.2607225763684911,0.20451597323775755,-0.25507789014696614,-0.0989381262714187,-0.42791499720548104,-0.8406133596311636,0.4864836033141638,-0.2385364936983605,-0.5816892725549394,0.5018439315490173,-0.6863106564660518,-1.713080819163608,-0.4594454099185549,-0.5516791509042009,-0.6385518985314373,-1.2084718855625265,-1.1998396121339083,2.1497088113076708,0.8460389784304889,1.050549509345949,-0.6940730751549115,-0.5551494067608029,0.4604307900701669,-0.0313515368302883,1.7092665735417405,-0.8260829208845364,-1.0609283818760915,-1.8624247060480632,-1.6901351723430684,0.08870496845362491,1.6702463721367955,0.32361636599457555,0.32486878097496785,-0.2884814614836766,-0.24237068768035852,-1.0140627331251766,-1.18122891900073,0.29433031822030997,-0.06248924998216741,-1.018231411312298,-0.3990394000012417,-1.563467392148199,-0.42362597131354396,-2.1474126733229166,-0.6663368567595364,0.7099396789394675,-1.6771829036352053,2.0761603025961186,1.248077866482352,0.7457669013682067,-1.3696597606510275,-1.1681960590713658,-0.08740969264250338,1.3172622047494544,0.07658489411926739,6,3,2,0,0,0,1,0,0,0,0,0,0,0,0,1,1,0,0,0,0,0,0,0,0,0,0,0,0,0,0,0,0,0,0,0,0,0,0,0
51.271,10.31,True,0.4669788422889004,1.3467059822084966,-0.013179952863106812,-0.9400144511234055,-0.2607225763684911,0.3150727288089315,-0.10768503941547253,-0.10550376150615265,0.16108591273688758,-0.12363633013332553,-0.6339084243373084,0.6483868476047854,-0.5617304570697966,0.11069034526659553,0.3262342991882888,-0.3158696665103365,-0.31798075586160385,-0.4088460661822908,-0.5671176040743191,-1.2084718855625265,-0.8543230204429615,-0.9819421003211934,0.24199308638388084,1.3496501979967734,0.33041586206973617,0.15891325841199286,0.1421914208208687,0.6211170708839013,2.12765042637499,-0.564636183867403,-1.0609283818760915,-1.0026891930939843,-0.46537875555818903,-0.31920141725081325,-0.3046797639723404,0.14780951067691173,0.8819730760605554,0.14946211466009487,1.1499021863938088,0.5085106342081072,-0.7306837200157387,0.29433031822030997,-0.9182489894986966,-0.9583622505659245,-0.8050732532327339,-0.9257606270892157,-0.3908400026283215,-0.6896691404602903,0.01618749835011053,1.1565318148871586,-1.6207396430538856,1.7130185106432692,1.416097245549659,-0.5336887877917558,-0.6285449621106726,0.18420551645653094,-0.492797095463368,1.3745082169505134,-0.06482495140152024,3,3,2,0,0,0,1,0,0,0,0,0,0,1,1,0,0,0,0,0,0,0,0,0,0,0,0,0,0,0,0,0,0,0,0,0,0,0,0,0
51.243,10.313,True,0.4669788422889004,0.7413997908064699,-0.15062704905392324,-0.4915156311117907,-0.2607225763684911,-1.2603610380802954,0.031037643625933215,-0.19085701955769427,0.08184812216168103,0.4610413665405066,-0.1258236676116408,0.3661839662810572,-0.5417716415846537,0.49027134023888647,0.4379942280684588,0.5026149732096266,1.471938776142533,1.3983879023624228,0.3109962688841702,0.6616842770637391,-0.8825531653880263,1.4595307822414159,0.5007768296337936,1.5855380857543093,-0.5371878712690685,-0.09923446612183631,-0.9251015044868962,0.4155317386171489,-0.6209606445002082,0.6981202699953512,-1.0609283818760915,-1.0026891930939843,-0.46537875555818903,-0.23179290602843364,0.6827833040822275,0.851036931947567,1.4390773711461429,0.3883404289203338,1.6139931444185314,0.5599986224754163,-0.19491650636834465,-0.994685536959921,-1.0926733231303123,1.8794359688121818,0.9288748267606988,-1.3334747883564346,-0.41222382529538115,-0.36027516909229296,0.5476059131823621,0.31276273641004054,-1.0339854944539204,1.358741628476571,0.9763607444937991,1.263078949476452,-1.4324107747432184,-2.024943554455202,-0.5394221055313951,1.3745082169505134,-0.09558905236903492,6,3,2,0,0,0,1,0,0,0,0,0,0,0,0,0,0,0,0,0,0,0,0,0,0,0,0,0,0,0,0,0,0,0,0,0,0,0,0,0
51.194,10.354,True,0.4669788422889004,1.011401022514632,-0.0056633147901716235,-0.7433477898215649,-0.2607225763684911,-0.7628556380100131,0.06571831438628468,-0.09237249103668475,0.16108591273688758,0.008663002690680177,-0.1258236676116408,0.22508252561919306,-0.5697139832638537,0.7494973855858168,1.197961744453615,0.35379958416963336,0.9776674315266539,0.8993353205584143,0.17507308187867604,0.8967169991864734,-0.8543230204429615,-0.04548742100325583,0.19833090621109678,1.9034484061163115,-0.3226430412440043,0.05740984048536633,0.594465301645543,-0.0842907611189228,-0.2466262222084111,-0.24040309327835283,-1.0609283818760915,-1.0026891930939843,-1.0777569639506288,1.8660113633086766,0.9296490710958696,1.90587806385355,0.8819730760605554,2.219740838248833,3.9344479345421433,-0.07256809052295282,-0.7758224989682826,0.29433031822030997,1.227633387622297,0.035465817823876464,-0.2652620901207127,-1.9084562978358457,-0.4654722311108419,-1.4535828187392628,-0.9332800694835123,0.5565820890410261,-1.190975160360154,1.4422679182083888,1.2475893519513916,0.3876165371331505,-1.2132109637410673,-1.5833670464042766,-0.3891574195285221,1.3745082169505134,-0.07951709267179684,6,3,2,0,0,0,1,0,0,0,0,0,0,0,0,0,0,0,0,0,0,0,0,0,0,0,0,0,0,0,0,0,0,0,0,0,0,0,0,0
51.134,10.426,True,0.4669788422889004,-0.30243082852379427,1.6074225557394364,-0.9540315241081947,-0.2607225763684911,0.6191038066296598,-0.23773755476679043,-0.11206939674088659,-0.23510304013914513,-0.21325845882055533,0.291066389188907,-0.2183791450323799,0.0410257705815165,-0.24805998534745974,-0.5656099332754682,0.8333158377429454,-0.5850014700751967,-0.6784497530539305,-0.6524931094893129,0.05384916993263171,-1.1998396121339083,-0.9819421003211934,-0.7149552231343153,0.2281390813615703,0.6978235343751433,-0.018368141636767366,0.5623869998961462,0.7286022288134788,0.013138962256595738,1.1207848310432778,-1.0609283818760915,-1.0026891930939843,-0.7715678597544089,-0.31920141725081325,-0.3046797639723404,-0.5554179105937436,-0.7893398091962072,-0.4079206186137961,-0.24237068768035852,1.3396738733803828,-0.4167585586604469,0.29433031822030997,-0.6740549224144344,0.34678545370501895,-0.2839181095258205,-0.3298706990832805,-0.38405758131560963,-0.15002369800633725,0.5953738605830139,1.1015063455387466,-1.7671170785622494,1.9669537701175437,1.2031687381664968,-0.9116151135648831,1.109199948529585,0.9394592174657644,-0.36927627768077864,-0.541677905946581,0.38053517849701224,3,3,7,0,0,0,1,0,0,0,0,0,0,1,1,0,0,0,0,0,0,0,0,0,0,0,0,0,0,0,0,0,0,0,0,0,0,0,0,0
51.241,10.376,True,0.4669788422889004,-0.17926403974106186,1.3770145886874208,-0.8852290777286187,-0.2607225763684911,0.7849389399864207,-0.22039721938661472,-0.20398829002716218,-0.21397296265242335,0.3586160766122442,0.2780385749138899,-0.17806444770041874,0.1767457158804876,-0.29203583232595687,-0.4650259972833151,0.19671667351630742,-0.5315594914158511,-0.6244908138656029,-0.6049739911411672,-1.2084718855625265,0.656002606849255,-0.05770336983235298,-0.7149552231343153,1.3178888225385754,0.1874440915854673,0.30154913071333395,-0.6380253821790802,0.5262900792444729,0.9448734914385711,0.2393983936670287,-0.4935941062829906,0.2869140763371341,0.14699945283425073,-0.4357460988806527,-0.5515455309859825,-0.5554179105937436,-0.7893398091962072,0.5475926384271599,1.6139931444185314,0.5452877686847566,1.117237705262804,0.29433031822030997,-0.2764291848612997,-0.6709902789833314,-0.4301327656764214,-0.8943979992994296,-0.39352737711071684,-0.18506560985399653,-0.13022126043288731,0.6449992728670301,-1.1867842622840001,1.3808508851598607,0.6053863139713108,-0.7969859983579642,0.901177183725627,1.3802944099470977,-0.4766997650949454,-0.3820151793208836,-0.08594468554214887,6,3,2,0,0,0,1,0,0,0,0,0,0,0,0,0,0,0,0,0,0,0,0,0,0,0,0,0,0,0,0,0,0,0,0,0,0,0,0,0
51.224,10.405,True,0.4669788422889004,-0.5328540432709234,1.8523268962178272,-0.9674784110732638,-0.2607225763684911,0.20451597323775755,-0.22039721938661472,-0.2762102776092358,-0.13209391239137666,0.23058446420191586,0.3301498320139584,-0.09743505303649637,1.078884175808943,-0.2827777592778522,-0.4963187773697627,0.783710708062948,-0.5930904475717934,-0.6713216887861503,-0.6426279630449593,-1.2084718855625265,0.6019953743274201,-0.9819421003211934,-0.7149552231343153,0.2281390813615703,-0.3387859136596284,0.31670287509427497,0.09634658332336793,0.692125897370774,-0.5541502049288898,0.7664236628677036,-0.20992696848644016,0.2869140763371341,0.7593776612266905,-0.31920141725081325,-0.3046797639723404,-0.5554179105937436,-0.7893398091962072,-0.4079206186137961,-0.24237068768035852,0.42760093835947854,-0.5847951864411169,0.29433031822030997,0.038769478214593624,0.05941348212242588,-0.45811679478408307,-0.4448670009791627,0.2103000750408131,-0.19908237459306025,-0.6785176833467026,1.1379312982136969,-1.1371852378184835,0.9990847037559648,1.7479429553916332,-0.5905008503374374,0.7742125121685759,0.79383406800816,-0.4277658746689717,-0.4075037429435341,0.4503314317982697,6,3,2,0,0,0,1,0,0,0,0,0,0,1,1,0,0,0,0,0,0,0,0,0,0,0,0,0,0,0,0,0,0,0,0,0,0,0,0,0
51.224,10.404,True,0.4669788422889004,-0.35546537125157757,1.9778087318027466,-1.1516484954429025,-0.2607225763684911,-0.04423672679738317,-0.21172705169652686,-0.23025083096609808,0.002610331586474489,0.7512463546705838,0.06959354651361606,0.4871280582769407,0.6916831553971724,0.03199672435770601,-0.07610144478032341,0.5770226677296239,-0.576955729185883,-0.662453832604938,-0.6204300931370392,-1.2084718855625265,-1.1998396121339083,-0.9819421003211934,-0.7149552231343153,0.2281390813615703,1.17854032481421,0.17270125673441886,-0.21620887330763913,0.5106334392237578,1.528649936006245,0.5074625090843954,-1.0609283818760915,-1.0026891930939843,-1.0777569639506288,-0.31920141725081325,-0.3046797639723404,-0.5554179105937436,-0.7893398091962072,-0.4079206186137961,-0.24237068768035852,0.7071071603820137,-0.33755504785838325,0.29433031822030997,0.5484589911806071,-0.4913827967442108,-0.2526730688961278,2.1373226870465567,0.0007744445633944429,0.4386804210343388,0.12239156807089309,1.1379312982136969,-1.1371852378184835,0.9990847037559648,1.7180038146325467,-0.5905008503374374,0.7742125121685759,0.79383406800816,-0.4277658746689717,-0.4075037429435341,0.4503314317982697,6,3,2,0,0,0,1,0,0,0,0,0,0,1,1,0,0,0,0,0,0,0,0,0,0,0,0,0,0,0,0,0,0,0,0,0,0,0,0,0
51.224,10.406,True,0.5056147589053237,0.15129155791747947,1.398874199409733,-1.0971957305596192,-0.27341350496986117,0.5085470510584859,-0.16837621324608756,-0.17116011385349233,0.1082607190200832,0.8109944404620704,0.3562054605639926,0.44681336094497953,0.5160455791279156,-0.13233407224615162,-0.34656047267033496,0.9325260971029411,-0.5436197429053934,-0.6181653112421914,-0.5473152137218474,-1.2084718855625265,-0.0481176398290902,-0.9819421003211934,-0.7149552231343153,0.6907964435491247,1.158711212381831,0.22805110640676532,-0.25504449385128464,0.44587146464399885,-0.12181704963601075,0.5655185669360532,-0.7772612440795411,-0.14295368013990536,-0.7715678597544089,-0.31920141725081325,-0.3046797639723404,-0.5554179105937436,-0.7893398091962072,-0.08941619960014412,0.22172027034436392,0.13338386254628362,-0.4726102744843945,-0.994685536959921,-0.8975650419706996,-0.5392781253413096,-0.8587661871303612,1.7400627350426,-0.06931484134174341,0.4526971857734025,-0.6121998497054643,1.1379312982136969,-1.1371852378184835,0.9990847037559648,1.7479429553916332,-0.5905008503374374,0.7742125121685759,0.79383406800816,-0.4277658746689717,-0.4075037429435341,0.4503314317982697,6,3,2,0,0,0,0,0,0,0,0,0,0,1,1,0,0,0,0,0,0,0,0,0,0,0,0,0,0,0,0,0,0,0,0,0,0,0,0,0
43.0629,-8.1223,True,0.4669788422889004,-0.7915359621282304,0.020644918465101535,0.32256745854378693,-0.27341350496986117,2.553847029125202,-0.16548615734939187,0.7742913599481991,0.45162447817931156,0.10255285179158756,-0.08674022478658941,0.003351690293406572,-0.20247177833722593,-0.2897213140639307,-0.009045487452221387,-0.539092750070327,0.4167505264040426,0.3329924954518985,0.4908051803343745,0.46236845138249605,-0.5668280382995127,-0.9819421003211934,-0.7149552231343153,-1.0535879090813047,0.28512261923668736,0.024065314849638385,-1.5786279221246047,0.5882082281182182,-2.1853037201929677,-0.10654174408495812,-0.4935941062829906,-0.14295368013990536,-0.15918965136196916,-0.46488226928811255,-0.7984112979996244,-0.5554179105937436,-0.7893398091962072,-0.2884814614836766,-0.24237068768035852,0.4790889266267877,-0.3857030787410967,-0.994685536959921,-2.11853537739201,-0.7428332718789797,-0.1433912641694598,0.29738185671244083,-0.07264206689137566,-0.2761745806579107,-0.0447962478313883,-0.6110809960957493,0.12471556114932063,0.19623558802723712,0.15178200758822713,0.40910094999357455,-1.134697492911682,-1.791100453507495,1.8777022333393059,-0.1552755015490761,-0.361889454916411,2,8,2,0,0,0,0,0,0,0,0,0,1,0,0,1,1,0,0,0,0,0,0,0,0,0,0,0,0,0,0,0,0,0,0,0,0,0,0,0
43.0638,-8.1265,True,-1.4648169885322622,-0.9412200222748541,0.18171573431371452,0.3125892031986826,-0.3155102437451376,2.756534414339011,-0.1481458219692162,1.0697449455112278,0.16108591273688758,0.19644270089249496,0.017482289413547528,-0.07727770437051579,-0.37810935460648265,-0.1763099192246487,-0.21021335943652747,-0.24972949360367272,-0.16738859810395804,-0.25679718463769147,-0.31104157658936377,1.2071860431188377,-0.5923261306153145,-0.9819421003211934,-0.7149552231343153,-1.0535879090813047,0.7623248195052675,0.3131446956614739,-1.6779902245152922,0.5119887690321203,0.008699777075614043,1.6214409123266993,-0.20992696848644016,-0.5728214366169448,-0.15918965136196916,-0.31920141725081325,-0.3046797639723404,-0.5554179105937436,-0.7893398091962072,-0.2884814614836766,-0.24237068768035852,0.34669124251085,-0.39280491329629696,0.29433031822030997,0.0020323176797931264,0.8496864039745567,-0.5117338912044538,-0.21487439718739823,-0.3435038206741304,0.4737223328819981,-0.33196122495497354,-1.0198631565576675,0.6126059455149049,-0.2809222066365645,0.05066033403391496,-0.0526128009860638,0.49733019410850393,-1.3395161852670738,1.5862799417388112,-0.1552755015490761,-0.46427695640910577,2,8,2,0,0,0,0,0,1,0,0,0,1,1,1,1,1,0,0,1,1,0,0,0,0,0,0,0,0,0,0,0,0,0,0,0,0,0,0,0
43.0611,-8.126,True,0.4669788422889004,-0.16169140021036346,0.057921307275780834,-0.07860592183104773,-0.23410257979000748,2.166898384626066,-0.18571654862626413,0.30156562304735335,0.029022928444876667,0.37995467868063215,0.2259273178138214,-0.25869384236434106,-0.5058457737113967,-0.28509227753987837,-0.5723155290082785,-0.3489397529636684,0.6465591621125368,0.5650241400545389,0.6783363335733673,0.755053396322778,-0.11624258996010643,0.6027850727810952,1.5581113114701561,1.1760339576805503,-0.03124662320615527,0.31621682711745,-0.8058693236465528,0.2080209550990329,-1.9896273692403608,-0.04297538124578007,0.0737401693101102,0.7167818328141736,-0.15918965136196916,0.8462453990475814,0.43591753706858555,2.9607191957595327,1.9961816662317304,2.538245257262485,1.6139931444185314,-0.2711646166968594,-0.7409151765783153,-0.994685536959921,-0.9988237701674607,-0.527304293192035,-0.6182855467498864,0.8932717847183761,2.08109662542827,-1.0611134060454788,-1.3358842528253394,-0.7924664582738513,0.3064976348037082,0.036582776149478705,0.14397286710569585,0.37522038407762337,-0.7528806461061505,-1.9289508810904228,1.5155407405628158,-0.1552755015490761,-0.6295717776705306,2,8,2,0,0,0,0,0,0,0,0,0,1,0,0,0,0,0,0,0,0,0,0,0,0,0,0,0,0,0,0,0,0,0,0,0,0,0,0,0
43.0791,-8.1212,True,-2.237535320860727,-0.7631189459502091,-0.011109042373624568,0.32518081113417135,-0.23812653276117363,1.4943447882347676,-0.1163552071055604,-0.020150503454611005,-0.05021486213032987,-0.2559356629573313,-0.16490711043669212,0.06382373629134834,-0.7054339285628248,-0.37535848975889874,0.4826981996205268,-0.9193987442836433,0.5114783893867445,0.42863668989135695,0.70057947504265,1.459023160750128,-1.0193332026613682,-0.9819421003211934,-0.7149552231343153,-1.0535879090813047,-0.10489830415971618,0.3912013008495272,0.32408845024975014,-8.428757237066664,-1.9519566195965645,1.4446290350508808,-0.4935941062829906,-0.5728214366169448,-0.15918965136196916,-0.31920141725081325,-0.3046797639723404,-0.5554179105937436,-0.7893398091962072,-0.2884814614836766,-0.24237068768035852,-3.500197023746674,-2.415744430833503,0.29433031822030997,0.37557823572272253,1.4004826828411934,2.108375110531599,-0.28805386203023237,-0.10149935002376306,1.1745605698351838,2.1807124215649805,-0.6276478439822623,-0.04480061983544566,0.46090961328954566,0.38041473444488716,0.6968541950019786,-1.0565057722033737,-1.9827515088764267,1.6942808021484486,-0.05415488321485802,-0.2324107126254555,2,8,2,0,0,0,0,0,0,0,0,0,1,1,1,1,1,0,0,0,0,0,0,0,0,0,0,0,0,0,0,0,0,0,0,0,0,0,0,0
43.0798,-8.1212,True,-3.010253653189192,-0.41665298547333307,0.2024248392085364,-0.01503018063224071,-0.26598466871540066,2.093193880911968,-0.16548615734939187,0.4394439629767668,0.1082607190200832,-0.22606162006158811,-0.6339084243373084,0.04366638762536775,-0.713417454756882,-0.40776174542726507,-0.07610144478032341,-0.8119209633103148,0.7475531260844092,0.6669950493856333,0.9981169415931658,0.9626024914032215,-0.5846469100598882,0.5338772042746556,-0.7149552231343153,-1.0535879090813047,0.5445024352765583,0.22612049807880355,-0.6857493963555833,0.7003364137548831,-1.0312202091756382,0.9356241228601471,-0.20992696848644016,0.2869140763371341,-0.15918965136196916,1.7494666816788373,0.6827833040822275,-0.3796110552760798,-0.23223551411061963,-0.2884814614836766,-0.24237068768035852,0.4496672190454682,-0.5380915964848848,1.583346173400541,-0.26068468748924234,0.07138731427170059,-0.35429528841988567,-0.3403249083465425,-0.30375627237736974,-0.3042081101360381,0.09325312015649548,-0.6276478439822623,-0.04480061983544566,0.46090961328954566,0.38041473444488716,0.6968541950019786,-1.0565057722033737,-1.9827515088764267,0.9766278814282068,-0.05415488321485802,-0.5427938443230077,2,8,2,0,0,0,0,0,0,0,0,0,1,0,0,1,1,0,0,0,0,0,0,0,0,0,0,0,0,0,0,0,0,0,0,0,0,0,0,0
43.0799,-8.1219,True,0.27379925920678416,-0.3617186979314204,-0.0186256804465603,0.08888622146177354,-0.2536032749579664,1.9549979364480012,-0.1712662691427841,0.1439903774137382,0.029022928444876667,1.0329159019733058,-0.6339084243373084,0.003351690293406572,0.19813358255436664,-0.41239078195131734,0.2815303276362207,-0.001703845203683916,0.541023935327887,0.45846803889297655,0.7369269196583706,1.6004373025992993,-1.0511490996242419,-0.9819421003211934,-0.7149552231343153,-1.0535879090813047,0.7624003869679775,0.3453556350844005,-1.0135029404609472,0.631528285111569,-0.32416278093288586,0.3029804798721143,-0.7772612440795411,-1.0026891930939843,-0.15918965136196916,-0.31920141725081325,-0.3046797639723404,-0.5554179105937436,-0.7893398091962072,-0.2884814614836766,-0.24237068768035852,0.229004412185572,-0.7001097204052157,0.29433031822030997,-1.1099613986761008,-0.1561154965645189,-0.6175271719773211,0.30783606597570284,-0.10440427386901892,0.5017558623601255,0.29172894160620383,-0.6276478439822623,-0.04480061983544566,0.46090961328954566,0.38041473444488716,0.6968541950019786,-1.0565057722033737,-1.9827515088764267,0.9766278814282068,-0.05415488321485802,-0.5427938443230077,2,8,2,0,0,0,0,0,0,0,0,0,1,1,1,1,1,0,0,0,0,0,0,0,0,0,0,0,0,0,0,0,0,0,0,0,0,0,0,0
43.0614,-8.1247,True,0.27379925920678416,-0.6308492132664395,0.24169543812019825,0.08917131447163366,-0.2452458341716983,1.7799497401269848,-0.13080548658904045,0.5313628562630422,-0.20604918359490268,1.8949954255361827,-0.1909627389867264,-0.19822179636639933,0.5519714470011727,-0.3267536062563493,-0.09398303340115056,-0.29933462328367094,0.805023627756399,0.7250214807161148,1.0013428529575845,0.7251227167269592,0.7115942462938217,1.5747657774630555,2.767531217242848,1.6854681080220997,1.0048176931489354,0.4171121187480073,-0.8672913060701685,0.3639819059769427,-0.1493600910873138,-1.692719396598701,0.9247415826997617,1.146649589291213,-0.15918965136196916,3.7015900989786483,2.6577094401913635,6.125242591477482,4.2245988465740805,12.889638875206174,3.0062660184926986,0.5011552073127773,-0.5231657069112436,-0.994685536959921,-0.4471489308759608,-1.137969732805045,0.41636515546103037,-0.3507791176098045,-0.368521997403096,0.7330324805546768,0.21752939664385798,-0.7924664582738513,0.3064976348037082,0.036582776149478705,0.14397286710569585,0.37522038407762337,-0.7528806461061505,-1.9289508810904228,1.5155407405628158,-0.1552755015490761,-0.6295717776705306,2,8,2,0,0,0,0,0,0,0,0,0,1,0,0,0,0,0,0,0,0,0,0,0,0,0,0,0,0,0,0,0,0,0,0,0,0,0,0,0
43.0612,-8.1256,True,0.4669788422889004,-0.8005597499953458,0.21040167961246764,0.21043087466547208,-0.22574513900373938,1.2087398363425779,-0.10190492762208121,0.31469689351682123,-0.19020162547986144,1.2761759655529297,-0.13885148188665794,-0.2385364936983605,1.1068265174881429,-0.4285924097855005,0.2815303276362207,-0.4150799258703322,1.1368152451259506,1.06002261940823,1.2663621773062879,-0.5357910999655443,1.3767639860178862,0.046454551846205866,0.039978463867237725,1.0692189127366316,1.2783936767694404,0.42649977092997504,-0.2652571748922368,0.1405244844241757,-1.0143829767465948,-0.8989574934289317,2.9104115472756145,2.866120615199371,-0.15918965136196916,0.7005645470102821,-0.3046797639723404,0.6752300766299032,0.32486878097496785,3.0956279905363755,1.6139931444185314,0.8321494176026216,-0.7280355783171895,-0.994685536959921,-0.05384521220927317,-1.7606090045673302,-1.2788299736543127,1.1023559699836165,-0.19852636585957742,1.1395186579875245,0.7385980895393016,-0.7924664582738513,0.3064976348037082,0.036582776149478705,0.14397286710569585,0.37522038407762337,-0.7528806461061505,-1.9289508810904228,1.5155407405628158,-0.1552755015490761,-0.6295717776705306,2,8,2,0,0,0,0,0,0,0,0,0,1,0,0,0,0,0,0,0,0,0,0,0,0,0,0,0,0,0,0,0,0,0,0,0,0,0,0,0
43.009,-8.0728,True,0.4669788422889004,-0.12179675911364314,0.2498256793011278,-0.2214375197709687,-0.22574513900373938,2.7473213513747563,-0.05566403327494624,1.1222700273890993,0.9534638184889529,0.8707425262535571,-0.13885148188665794,0.1444531309552707,0.021066955096373654,-0.33832619756648014,1.130905787125513,-0.6217679662036564,0.4490536078283159,0.3656080544168573,0.5055633725895957,0.5535804261240135,1.4784127074019422,1.5987067695023223,2.6430817971292084,1.5964820421994874,0.8639280711819735,0.26075583736836794,-0.3911436040459422,0.34104633650166966,-0.37168119992401466,0.45087830810216617,2.3430772716825135,2.4362528587223315,-0.15918965136196916,0.9627900806774209,1.6702463721367955,3.4881397617125245,3.6674945514884927,3.0956279905363755,2.0780841024432535,0.4423117921501383,0.039203293798849584,1.583346173400541,-1.2025760890999677,-0.7188856075804303,-0.05215877902984733,0.830546529138804,-0.04770067229047851,1.1535354227265884,1.5813042949324676,-1.037155358683826,0.8016775942937232,-0.553826330886782,0.15316661879937735,0.10729505537698132,-0.7473020205937861,-1.4822194324135871,1.5850615868585385,-0.05415488321485802,-0.70578546523986,2,8,2,0,0,0,0,0,0,0,0,0,1,0,0,0,0,0,0,0,0,0,0,0,0,0,0,0,0,0,0,0,0,0,0,0,0,0,0,0
43.0886,-8.1294,True,0.4669788422889004,-0.810770878371292,0.19575190540909362,0.22563583519134525,-0.23410257979000748,1.6693929845558109,-0.15103587786591183,0.583887938140914,0.2403237033120941,0.14096233551468607,0.08262136078863312,0.04366638762536775,0.9112301257337432,-0.19482606532085794,0.6391621000527649,0.8911884890362765,0.41218046319211415,0.32837822462725086,0.48545165522109085,-0.681326010519407,0.2050234571662562,1.527036926598473,1.7045171244714674,0.45720220918707255,0.524345026610961,-0.09763292468858585,-1.8417425487792276,0.15939793736101393,0.008699777075614043,1.2676584261843082,0.35740730710666074,0.7167818328141736,-0.15918965136196916,1.2250156143445596,1.4233806051231535,1.554264353218222,1.9961816662317304,2.4586191525090717,0.6858112283690864,0.5452877686847566,-0.13737960946350206,0.29433031822030997,0.0020323176797931264,0.5144191037948649,-0.2342445619227896,0.06738925292067635,-0.3543812888171589,-0.9139373762853097,-0.2564082548162759,-0.9107416025843963,0.24659579894085856,0.20020575030188437,0.29160312645810177,0.7323727704973275,-1.3042172313858431,-1.5157884393385204,1.7083258284000262,-0.10617657903507838,0.031131454254518947,7,8,2,0,0,0,0,0,1,0,0,0,1,0,0,0,0,0,0,1,1,0,0,0,0,0,0,0,0,0,0,0,0,0,0,0,0,0,0,0
43.0817,-8.1325,True,0.27379925920678416,-0.6955988490146883,0.09688510463344494,0.2177482619185487,-0.2402932766687246,1.6049015438059415,-0.11346515120886472,0.19651545929160988,-0.13209391239137666,1.4596879433410666,-0.034628967686520996,-0.2788511910303217,0.40427621241111567,-0.26657613144366904,0.05801046987588064,-0.9690038739636408,0.40432198876410136,0.32044373278373045,0.7674550611238943,0.751178078728752,-0.010026992951919361,-0.9819421003211934,-0.7149552231343153,-1.0535879090813047,0.6807072456129746,0.45190253573507,-0.2759956291715905,0.294864164672003,-0.5361165498297047,0.9193275581948325,0.35740730710666074,0.2869140763371341,-0.15918965136196916,-0.46488226928811255,-0.7984112979996244,-0.5554179105937436,-0.7893398091962072,-0.2884814614836766,-0.24237068768035852,0.00834160532567579,-0.7166004209825451,0.29433031822030997,0.28975528926327265,0.46652377519776606,-0.8765121568083907,0.09875188071046243,-0.14108053704304213,0.5297893918382529,-0.2864224484330188,-0.754910452376095,0.05361874019091341,0.3925890478748005,0.3506654093233642,0.39833579421724136,-0.4467077555003797,-1.0730335192736675,1.7963171059353853,-0.10617657903507838,0.042614528094129286,2,8,2,0,0,0,0,0,0,0,0,0,1,0,0,1,1,0,0,0,0,0,0,0,0,0,0,0,0,0,0,0,0,0,0,0,0,0,0,0
43.0819,-8.1265,True,0.4669788422889004,-1.0012202959877792,-0.09057064485894036,0.5141024456681453,-0.22574513900373938,0.5822515547725832,-0.012313194824506078,0.41318142203783076,-0.32490586945771255,-0.836345639217486,-0.6339084243373084,-0.3191658883622829,-0.6655162975925393,-0.3707294532348464,-0.8271281668550662,-1.109551741390301,0.3957412321093696,0.31177997185762674,0.393622931412874,1.335767197888173,-0.24427333051524908,0.8968159503969663,1.7733809618283782,0.2281390813615703,-0.6358243641520145,0.23938727162901358,-0.040762379305077465,0.8830533955531015,-1.0617286067837268,-0.2948570615711766,0.0737401693101102,0.2869140763371341,-0.15918965136196916,3.4102283949040495,0.9296490710958696,0.6752300766299032,1.4390773711461429,-0.4079206186137961,-0.24237068768035852,1.4352944230196711,-0.029528020286223887,-2.283701392140152,-0.013712179692264228,-0.3237491466543648,0.007828665480072428,-0.005790211922157799,0.01714183486331617,-0.49343443411339827,-0.2028285404818781,-0.9140346590936759,0.26957020647075225,0.16778804146931633,0.25848968419083745,0.6303976697488805,-0.6924979831249143,-1.990947242046287,1.6720904741307905,-0.10617657903507838,-0.3527074796415912,2,8,2,0,0,0,0,0,0,0,0,0,1,0,0,0,0,0,0,0,0,0,0,0,0,0,0,0,0,0,0,0,0,0,0,0,0,0,0,0
42.9415,-8.0374,True,0.27379925920678416,-0.17522708201103643,-0.17908289318717835,0.06493840863352342,-0.25669862339732497,2.07476775498343,-0.15681598965930402,-0.3681291708955114,0.2403237033120941,0.8536716445988463,0.3301498320139584,0.023509038959387163,0.9830818614802573,-0.1786244374866748,0.39329025651639077,-0.0430414532703486,0.06263590689317317,-0.02454758257706769,0.20605271521218385,0.6432825472641925,0.6760793658577414,-0.9819421003211934,-0.7149552231343153,-1.0535879090813047,-2.9505996727659496,-3.7207302158948217,-0.5243751504939359,0.24068956501820318,-0.3332559457464537,1.812498253042938,1.775742996089413,1.146649589291213,-0.15918965136196916,-0.31920141725081325,-0.3046797639723404,-0.5554179105937436,-0.7893398091962072,-0.2884814614836766,-0.24237068768035852,-0.36678516633614777,-1.1872474228610692,0.29433031822030997,-0.6870209790737758,2.5499705691715655,2.5633241365935566,0.06738925292067635,-0.21328133147006198,0.060227773079618484,-0.03341155370089962,-0.9869501376365851,0.49492875820739696,-0.12487937273608546,0.0019515555489859062,-0.0015495496437323074,-0.30472357462926564,-1.28647016078257,2.448361738677728,-0.10617657903507838,0.1798961278262037,2,8,2,0,0,0,0,0,0,0,0,0,1,1,1,1,1,0,0,0,0,0,0,1,1,1,1,0,0,0,0,0,0,0,0,0,0,0,0,0
42.9444,-8.0403,True,0.0806196761246679,-0.015331893488466537,0.017346801759629996,-0.1413263840002745,-0.25886536730487597,2.664403784696375,-0.17415632503947975,-0.3024728185481717,0.055435525303278846,-0.6656368226703816,0.43437234621409526,-0.2385364936983605,0.2565809778210588,-0.26889064970569526,0.25917834186018673,-0.4646850555503304,0.10201180088515277,0.015209206424750276,0.17012974113594073,0.18637442760183665,0.7119871074646034,0.8874044510752594,-0.38574118473313923,0.8690025765830078,-0.2806826920041837,0.39851194635515524,0.11111393294423222,0.276995596669612,0.6736163261684407,-0.5423455086227131,1.4920758582928624,0.7167818328141736,-0.15918965136196916,-0.056975883583674426,0.18905177005494359,3.4881397617125245,0.32486878097496785,-0.3282945138603831,0.22172027034436392,0.16280557012760313,-0.6453413352761291,0.29433031822030997,-0.5746484880261508,0.09533497857025001,-0.002409393949559894,-0.4448670009791627,-0.2813102969386968,1.3357533643344166,0.6243530820060761,-0.9409498116504625,1.0072421171217025,-0.9222426908640924,0.24149388402745672,-0.026986668632607454,-0.5645204585255862,-1.4591281517750987,1.7071074735197533,-0.10617657903507838,-0.39265320558729533,2,8,2,0,0,0,0,0,0,0,0,0,1,0,0,0,0,0,0,0,0,0,0,0,0,0,0,0,0,0,0,0,0,0,0,0,0,0,0,0
43.0611,-8.1274,False,0.0806196761246679,-0.7056516653227904,0.19061297937963786,0.16571878761907655,-0.22574513900373938,0.8494303807362625,-0.08456459224190548,-0.17772574908822628,-0.35660098568779514,-0.4607862428138565,-0.6339084243373084,-0.3997952830262052,-0.7174092178539105,-0.4031327089032127,-0.7757185995701879,-1.1260867846169675,0.4983386867359014,0.41536988289663573,0.4845260281388879,1.571821797370993,-0.7681159836492135,1.1965050601032825,-0.7149552231343153,0.8166413592208649,0.42982763086844566,-0.12089363478342502,1.0123926285515823,0.8744707952124993,1.1284269000273663,0.9172533194981531,-0.4935941062829906,-0.5728214366169448,-0.15918965136196916,0.8171092286401216,1.4233806051231535,0.4994232213122394,-0.23223551411061963,-0.2486684091069701,0.22172027034436392,1.5382703995542895,-0.41748077912368764,0.29433031822030997,0.3073520804438073,0.4784976073470407,-0.23644384876322913,-0.16260335087108813,-0.16767274739741064,-1.089146935523606,0.6695734055453598,-0.7924664582738513,0.3064976348037082,0.036582776149478705,0.14397286710569585,0.37522038407762337,-0.7528806461061505,-1.9289508810904228,1.5424127439976665,-0.1552755015490761,-0.37659735953505347,2,8,2,0,0,0,0,0,0,0,0,0,1,0,0,0,0,0,0,0,0,0,0,0,0,0,0,0,0,0,0,0,0,0,0,0,0,0,0,0
43.0623,-8.1264,True,0.4669788422889004,-0.5881841109824469,0.31195299398559295,0.020036259580554237,-0.22884048744309793,1.4574925363777187,-0.15392593376260838,0.5313628562630422,-0.13209391239137666,-0.5674792531557966,-0.6339084243373084,-0.25869384236434106,-0.7253927440479677,-0.2989793871120353,-0.6550178763796042,-1.2666346520436278,0.8352643455482549,0.7555547261773919,0.8979302946833196,1.4920032768278524,-0.9689340395909982,2.0235970193406105,2.208103450736727,1.0923998340122112,-2.23813813486391,0.18532406334293489,0.2492599928677956,1.245402420478261,-1.4516193585595871,0.4381025169714166,-0.4935941062829906,-0.14295368013990536,-0.15918965136196916,3.089730520421991,3.398306741232289,4.367174038300844,3.1103902564029053,0.3883404289203338,0.6858112283690864,2.1634816856573287,-0.09272231081978531,1.583346173400541,0.9525677570634127,-0.3955921395500131,0.022237786158814214,-0.13124072308130205,1.7517780781427457,-0.8929122291767142,0.19515807461121937,-0.7924664582738513,0.3064976348037082,0.036582776149478705,0.05066033403391496,0.37522038407762337,-0.7528806461061505,-1.9289508810904228,1.5155407405628158,-0.1552755015490761,-0.6295717776705306,2,8,2,0,0,0,0,0,0,0,0,0,1,0,0,0,0,0,0,0,0,0,0,0,0,0,0,0,0,0,0,0,0,0,0,0,0,0,0,0
43.0646,-8.1224,False,0.4669788422889004,-1.4383199153054191,-0.0066604198406628925,0.7276846255550197,-0.2607225763684911,0.7020213733080403,-0.09612481582868904,-0.01358486821987706,0.055435525303278846,-0.5119988877779877,0.0305101036885646,-0.6618408156839529,-0.37810935460648265,-0.3036084236360877,-0.0537494590042894,-1.4567876491502856,0.35867807435905746,0.2743582908992111,0.5039834265394685,1.2556224734755648,-1.0511490996242419,1.4044710609090985,-0.7149552231343153,1.2438836893678729,0.28324941422546207,0.3060108119279871,0.7453922781122736,1.0725944396675895,-1.0851112333860602,1.1598908125573737,-0.7772612440795411,-1.0026891930939843,-0.15918965136196916,0.11784113886108477,0.9296490710958696,-0.5554179105937436,-0.7893398091962072,-0.2486684091069701,0.6858112283690864,1.9354634519021026,0.08024949012636282,0.29433031822030997,-0.2585236780460188,-0.1561154965645189,-1.195939611012919,-0.05806125823846791,-0.2681421619749599,-0.4513841398962071,-0.5604512400214248,-0.9589271018016919,0.5550697160652234,-0.23258850351734794,0.15178200758822713,-0.03443532515351496,-0.2260415306163279,-1.4181096227300738,2.1090957763169658,-0.1552755015490761,-0.25490886400652424,2,8,2,0,0,0,1,0,0,0,0,0,1,0,0,0,0,0,0,0,0,0,0,0,0,0,0,0,0,0,0,0,0,0,0,0,0,0,0,0
43.0104,-8.0721,True,-0.30573949003956463,-0.4333549086308889,0.254044200668592,-0.03702985789311331,-0.22574513900373938,1.2087398363425779,-0.13947565427912834,0.5182315857935743,0.530862268754518,-0.1492426526153911,0.14776043216371873,0.04366638762536775,-0.7214009809509392,-0.393874635855108,0.1921223845320847,-1.1343543062303003,0.5032459108039351,0.4203245760369921,0.6194783462205927,0.7365636561371244,-0.5141673722963879,-0.05770336983235298,-0.7149552231343153,-1.0535879090813047,-0.07629434009921217,0.28024874484070467,0.6237385814142314,0.8684509369990967,-0.3130927579897404,0.966428552728117,-0.20992696848644016,-0.14295368013990536,-0.15918965136196916,-0.4357460988806527,-0.5515455309859825,-0.5554179105937436,-0.7893398091962072,-0.2884814614836766,-0.24237068768035852,1.2366978968457647,-0.17469433339760498,0.29433031822030997,-1.61347659894719,0.8616602361238315,-0.02698073658067747,-0.5598633028750449,-0.40404652865609264,-0.5775350225477806,-0.6250175822579725,-1.037155358683826,0.8016775942937232,-0.553826330886782,0.15316661879937735,0.10729505537698132,-0.7473020205937861,-1.4822194324135871,1.8440962503704177,-0.05415488321485802,-0.3793363288877856,2,8,2,0,0,0,0,0,0,0,0,0,1,0,0,1,1,0,0,0,0,0,0,0,0,0,0,0,0,0,0,0,0,0,0,0,0,0,0,0
43.0626,-8.1228,True,0.4669788422889004,-0.6760473086359384,0.06674185195320502,0.22468552515847837,-0.2390551372929812,1.9181456845909517,-0.1539259337626078,0.8530789827650068,0.002610331586474489,-0.5760146939831519,-0.04765678196153807,0.18476782828723187,-0.4619363796440826,-0.2966648688500092,-0.14092220353082216,-1.3741124330169563,0.16161742946797847,0.07539141839867568,0.20935371492356522,1.186812064819571,-0.5902504190067236,-0.05770336983235298,-0.7149552231343153,-1.0535879090813047,0.5506850761721339,0.5546049831944039,0.18488934728520143,0.6686510555870543,-1.5458535338643962,0.26584627541250067,-0.20992696848644016,-0.14295368013990536,-0.15918965136196916,-0.4357460988806527,-0.5515455309859825,-0.5554179105937436,-0.7893398091962072,-0.2884814614836766,-0.24237068768035852,0.9130591134512502,-0.5703507771763029,0.29433031822030997,-0.20480715760017604,-0.06631175544495858,-0.26814391425646106,-0.36123332687306653,-0.2782198162839422,0.3055211560132335,-0.014821860837479281,-0.6110809960957493,0.12471556114932063,0.19623558802723712,0.4977616818272398,0.40910094999357455,-1.134697492911682,-1.791100453507495,1.8777022333393059,-0.1552755015490761,-0.361889454916411,2,8,2,0,0,0,0,0,0,0,0,0,1,0,0,1,1,0,0,0,0,0,0,0,0,0,0,0,0,0,0,0,0,0,0,0,0,0,0,0
43.0753,-8.1219,True,0.4669788422889004,-1.0810095781812201,0.0022368252252604583,0.5077353684479359,-0.22574513900373938,1.144248395592736,-0.09901487172538466,0.2556061764042156,0.055435525303278846,-0.5290697694326982,-0.6339084243373084,-0.016805658372574018,-0.44197756415893974,-0.34295523409053247,0.10271444142794867,-1.4237175626969538,-0.07831259976794498,-0.16685952705225363,-0.012318705913989918,2.189828038138873,-0.9024585871145754,2.7254026572559664,0.45672697158011144,1.449393591410488,0.36506022634425456,0.4460109188747261,-0.2068492930297338,0.3492291972546091,-0.8011871695194742,0.5877125952774507,-0.4935941062829906,-0.5728214366169448,-0.15918965136196916,7.576700763170811,6.360695945395993,-0.027997344640752115,0.32486878097496785,0.7864709526873989,1.1499021863938088,0.8505379848409462,-0.48446672708926275,1.583346173400541,0.4062954413799717,0.3946807823021178,-0.6605270215817769,-1.040756928985098,-0.25697676085167476,-1.3064067889790938,-1.3117614393880102,-0.6038575971224944,0.12573449380969887,0.19020306208105686,0.18369064202849475,0.24658005558190088,-0.6411202388154994,-1.5850329083729264,2.3010472207295716,-0.05415488321485802,0.17668355742923392,2,8,2,0,0,0,0,0,0,0,0,0,1,0,0,0,0,0,0,0,0,0,0,0,0,0,0,0,0,0,0,0,0,0,0,0,0,0,0,0
43.0101,-8.0711,True,0.4669788422889004,-0.4193442906266832,0.3703219896335905,-0.12065714078541574,-0.22574513900373938,0.9139218214861234,-0.09323475993199278,0.13742474217900413,1.1647645933561703,-0.0894945668239048,-0.0997680390616066,0.8298029855986108,-0.6255986666222536,-0.3776730080209249,0.8403299720370709,-0.8119209633103148,0.49111141396653096,0.40807269851755923,0.5401960908364404,1.8795250462221782,-0.7603402562579873,-0.9819421003211934,-0.7149552231343153,-1.0535879090813047,0.866494675595506,0.4748568761535479,1.2974738617776256,0.3831731394852533,0.18428797926313548,1.065618510759753,-0.20992696848644016,0.2869140763371341,-0.15918965136196916,-0.31920141725081325,-0.3046797639723404,-0.20380419995841595,-0.23223551411061963,-0.2884814614836766,-0.24237068768035852,-0.09463437120894244,-0.6174154773641553,0.29433031822030997,-0.4923757713662824,1.0352808022883149,-0.36256157344084805,-0.5859988260332,-0.30261733747768793,-1.4675995834783264,-1.2803938205949155,-1.037155358683826,0.8016775942937232,-0.553826330886782,0.15316661879937735,0.10729505537698132,-0.7473020205937861,-1.4822194324135871,1.8440962503704177,-0.05415488321485802,-0.3793363288877856,2,8,2,0,0,0,0,0,0,0,0,0,1,1,1,1,1,0,0,0,0,0,0,0,0,0,0,0,0,0,0,0,0,0,0,0,0,0,0,0
43.0916,-8.1273,True,0.3124351758232074,-0.35728596003178476,0.20043062910755333,-0.04947891932367198,-0.23812653276117363,0.7388736251650978,0.00791719645236563,0.09803093077060036,-0.23246178045330487,-0.6357627797746384,-0.20399055326174353,-0.2788511910303217,-0.7054339285628248,-0.47719729328804994,-0.44490921008488454,-1.3162397817236253,0.33456525373629964,0.2500122196218724,0.33275010416920964,1.8706732181799652,-0.5697815146404448,2.6177374264273583,1.2967047919758068,0.2281390813615703,1.05393707040411,0.13253963544061642,-0.022263012701122395,0.49389094057435684,-1.0553316128689134,0.5839401081879311,-0.4935941062829906,-0.14295368013990536,-0.15918965136196916,2.390462430642954,5.1263671103277835,1.730071208535886,0.8819730760605554,0.06983600990668187,-0.24237068768035852,-0.07992351741828269,-0.7280957633557928,-0.3501776093698055,-0.2586780358633919,-0.3177622305797275,-0.5753615346226872,-0.8368998483514886,-0.38581717175051133,-1.646313333901389,0.06901088685066467,-0.9963202432337935,0.6143693533777834,-0.2982475201677426,0.2644557356914881,0.44501667667318673,-0.7504821309213447,-1.22207151776864,1.5614605482327735,-0.05415488321485802,-0.2324107126254555,7,8,2,0,0,0,0,0,0,0,0,0,1,0,0,0,0,0,0,0,0,0,0,0,0,0,0,0,0,0,0,0,0,0,0,0,0,0,0,0
43.0616,-8.1337,True,0.4669788422889004,-1.3654172080631977,-0.08397441144799728,0.7318659896996348,-0.24122188120053217,2.176111447590358,-0.15103587786591183,0.1439903774137382,-0.34339468725859407,-0.5546760919147637,-0.16490711043669212,-0.2788511910303217,0.06497634916368782,-0.33138264278040164,-0.23927094094537163,-1.349309868176957,-0.30410994726475143,-0.394841081031173,-0.3982254133779111,1.2575252023475691,0.8286107595853597,1.1325162206282784,-0.7149552231343153,0.8166413592208649,-0.19315283350406717,0.4507220803241789,0.05268268846662048,-0.09611203433411065,0.5832381344968631,0.46436712506871364,1.2084087204963119,1.5765173457682524,-0.15918965136196916,-0.11524822439859415,0.43591753706858555,-0.5554179105937436,-0.7893398091962072,-0.2486684091069701,0.22172027034436392,-0.2638091898015295,-0.4257863144509557,0.9388382458104254,0.6870723111816611,0.43658919482457925,-0.3894080403896617,-1.1923429633023972,1.1589048762623126,-1.1697433327732225,-0.9833966076313628,-0.8096844265966038,0.04011180623696359,0.44700717265282425,0.035598567487555154,0.00718490774179674,0.02997808855291563,-1.4085914105582333,1.5308047333186021,-0.10617657903507838,-0.12268834998979376,2,8,2,0,0,0,0,0,0,0,0,0,1,0,0,0,0,0,0,0,0,0,0,0,0,0,0,0,0,0,0,0,0,0,0,0,0,0,0,0
43.0307,-8.1075,True,0.4669788422889004,-0.23174449023139063,0.03836270820844908,-0.024438249957624746,-0.23100723135064893,1.3285096548780257,-0.12213531889895225,0.3212625287515553,-0.22189674170994403,-0.716849467634513,0.21289950353880432,-0.0571203557045352,-0.7014421654657963,-0.39156011759308185,-0.4314980186192641,-1.3327748249502915,0.4327690680108966,0.3491659892882608,0.49474677309825776,1.2176239950712937,-0.960895894887972,2.4105512861539817,0.4095112251486907,1.0151197929405964,-1.0942284367869022,0.1746441779652658,0.579154738432157,0.26796741383533385,0.5402563250118125,0.7197104792012055,-0.4935941062829906,-0.5728214366169448,-0.15918965136196916,4.663083722424823,5.620098644355068,1.2026506425828947,0.32486878097496785,2.6178713620158973,0.6858112283690864,0.06718502048831478,0.04654586850846339,-0.994685536959921,0.44133466592366793,0.07737423034633795,-0.21600564864259275,-1.3021121605666486,-0.28493825248993043,-2.3892018650717657,-0.7552250455475826,-0.6491548390099933,0.16585164876994163,0.158254097766325,0.28247445441158486,0.7114375482392196,-1.4949306880404367,-1.9193746225107746,1.3679057316722585,-0.10617657903507838,-0.31599674307719955,7,8,2,0,0,0,0,0,0,0,0,0,1,0,0,0,0,0,0,0,0,0,0,0,0,0,0,0,0,0,0,0,0,0,0,0,0,0,0,0
43.0617,-8.1234,False,0.4669788422889004,-1.4388740075428734,0.18094873042872126,0.6118418325485234,-0.2607225763684911,1.153461458557,-0.1828264927295673,0.21621236499581184,-0.2747219354267484,-0.7253849084618681,-0.6339084243373084,-0.33932323702826345,-0.7174092178539105,-0.32906812451837547,-0.8561857483639103,-1.4815902139902848,0.8639813643649074,0.7845495334594167,0.9778358336934234,2.459490810055004,-0.960895894887972,1.3339706290195246,0.5609758562232795,0.2281390813615703,0.7593846922084797,0.2387798827858364,0.49627848868347507,-0.0016073062003912784,0.955398565122882,0.2731958923645117,-0.4935941062829906,-1.0026891930939843,-0.15918965136196916,0.7005645470102821,1.4233806051231535,-0.20380419995841595,0.32486878097496785,-0.08941619960014412,-0.24237068768035852,-0.8301770607419298,-0.6086886467666635,0.29433031822030997,-0.0487514042359605,0.19711255183908505,0.33707707298932227,-0.8264456390882265,-0.4115519816747823,-0.5495014930696531,0.045923045607016294,-0.6110809960957493,0.12471556114932063,0.19623558802723712,0.14397286710569585,0.40910094999357455,-1.134697492911682,-1.791100453507495,1.8777022333393059,-0.1552755015490761,-0.361889454916411,2,8,2,0,0,0,1,0,0,0,0,0,1,0,0,0,0,0,0,0,0,0,0,0,0,0,0,0,0,0,0,0,0,0,0,0,0,0,0,0
43.0623,-8.1204,True,0.4669788422889004,-0.7883697207713479,0.2364031113137436,0.187005732355299,-0.25886536730487597,1.042904702985826,-0.16259610145269565,0.8924727941734105,-0.02380226527192769,-0.541872930673731,-0.6339084243373084,-0.07727770437051579,-0.6295904297192821,-0.05595496959928814,-0.38455884848959265,-1.4485201275369528,1.045834066818612,0.9681613524656076,1.2163287159444343,1.685131261526859,-0.4688691387168811,1.2462564112291443,-0.7149552231343153,0.2281390813615703,-1.4185058129386459,0.27004288113996855,1.1458740029990049,-0.8952514494526982,0.45871163023638556,0.6838505812399007,-0.20992696848644016,-0.14295368013990536,-0.15918965136196916,0.9919262510848808,1.1765148381095116,-0.3796110552760798,-0.23223551411061963,-0.4079206186137961,-0.24237068768035852,-1.1905929786130935,-0.9091925445133989,0.9388382458104254,-0.2779727630350308,0.8077779914520953,-0.02910418594386047,-0.6800867094025582,0.0070001954476101745,-1.1101720826322017,-0.3296126342077748,-0.6110809960957493,0.12471556114932063,0.19623558802723712,0.4977616818272398,0.40910094999357455,-1.134697492911682,-1.791100453507495,1.478792539623345,-0.1552755015490761,-0.09972745676002838,2,8,2,0,0,0,0,0,0,0,0,0,1,0,0,0,0,0,0,0,0,0,0,0,0,0,0,0,0,0,0,0,0,0,0,0,0,0,0,0
43.0322,-8.1205,True,0.4669788422889004,-1.3153905946244528,-0.25747069023350316,0.8092687418766578,-0.2297690919749055,1.4574925363777285,-0.20594693990313492,-0.3221697242523736,-0.24038555951082555,-0.7680621125986441,-0.6339084243373084,-0.09743505303649637,-0.6974504023687678,-0.46331018371589294,-0.8651265426743239,-1.4319850843102873,1.0629580461660064,0.9854509772783044,1.2081210317560058,2.073737405586612,-1.1998396121352377,2.000173468694692,1.034283248593691,0.8166413592208649,-0.2911640993962161,0.13390732417877552,1.2587095763317193,0.8848511702860935,-0.4056384576786322,-0.10201454059414936,-1.0609283818760915,-1.4325569495710238,-0.15918965136196916,3.526773076533889,4.385769809286857,0.32361636599457555,0.8819730760605554,-0.2486684091069701,0.22172027034436392,0.3724352366445045,-0.6199432489854978,1.583346173400541,0.5260771076615061,-0.34769681095291427,-0.4087465970900783,-0.8734895807729056,-0.3864122332430417,-1.2573481123923707,0.3433979380445755,-0.5017184072123277,-0.06477973926406964,0.41236860783718676,-0.05760591668284341,0.12022573695258044,-0.40809051416178277,-1.503236428165839,1.1055358828380262,-0.05415488321485802,-0.41652592094587026,2,8,2,0,0,0,0,0,0,0,0,0,1,0,0,0,0,0,0,0,0,0,0,0,0,0,0,0,0,0,0,0,0,0,0,0,0,0,0,0
42.1673,-8.6847,False,0.4669788422889004,-1.40230391987088,0.3525274995017438,0.4835974936131121,-0.2607225763684911,1.650966858627273,-0.08745464813860117,0.6955037371313915,0.21391110645369193,-0.21325845882055533,0.6819008174394205,0.04366638762536775,-0.6136233773311679,-0.2318583575132766,0.6391621000527649,-0.6465705310436555,0.21077358154495562,0.12502307289936387,0.14471072559070158,0.6286888744325559,-0.12246685027594585,1.665994522171359,-0.7149552231343153,0.8690025765830078,-0.4304092373185663,0.34104828820495836,0.9221707792727079,0.8004490645236875,0.39846715180357123,0.9052697425859927,0.35740730710666074,0.7167818328141736,-0.15918965136196916,0.5840198653804426,1.4233806051231535,1.554264353218222,-0.23223551411061963,-0.3282945138603831,0.22172027034436392,0.979257955509219,-0.24727748995329554,1.583346173400541,1.4841760800964081,0.5263929359441396,-0.6411126274041038,-1.6784636940440814,-0.44196410290055554,-0.17104884511493282,0.6147994925259457,-1.205508851723063,0.8684580669346713,-0.5490547304987548,-0.33834366181653075,-0.21190070626291932,-0.16921162995835082,0.13615358110642176,0.23165402530417864,-0.2443464489144248,-0.41652592094587026,2,8,2,0,0,0,0,0,0,0,0,0,1,0,0,0,0,0,0,0,0,0,0,0,0,0,0,0,0,0,0,0,1,1,1,0,0,0,0,0
42.3444,-7.8515,True,0.4669788422889004,-1.2230946590713256,-0.08098309629652292,0.644580013180794,-0.334082334381289,3.3553835070162115,-0.23195744297339915,1.1288356626238334,-0.12681139301969616,-0.6229596185336056,0.12170480361368446,-0.25869384236434106,-0.41802698557676826,-0.060584006123340535,0.013306498323812622,-0.8532585713769796,-0.5707344835453015,-0.6640447576200147,-0.7542601931922618,0.9118759237489709,-0.7092991420488721,-0.9819421003211934,-0.7149552231343153,-1.0535879090813047,-0.7589259335992287,0.4047111777312363,0.5700189434474784,0.7893590190700152,-0.6347698445368598,0.20514700793344703,-0.20992696848644016,-0.14295368013990536,-0.15918965136196916,-0.31920141725081325,-0.3046797639723404,-0.3796110552760798,-0.23223551411061963,-0.2884814614836766,-0.24237068768035852,0.8689265520792709,-0.21862941157808102,0.29433031822030997,0.31198281496500063,-0.07229867151959593,-0.3576321374191732,-0.5389548843485209,-0.07040258815604626,-0.8298367878509274,-0.7210311565332826,-0.8501613077074717,-0.01365568109016661,0.552918187120903,-0.837420285769779,-0.21190070626291932,-0.16921162995835082,0.13615358110642176,0.9438555418839231,0.45090227439358943,-0.2154258799095168,7,8,6,0,0,0,0,0,0,0,0,0,1,1,1,1,1,0,0,0,0,0,0,0,0,0,0,0,0,0,0,0,1,1,1,0,0,0,0,0
42.441,-8.6361,True,0.4669788422889004,-1.3209315169989975,-0.4689336613261819,0.9043472606650086,-0.22791188291129036,2.774960540267549,-0.22039721938661472,-0.19742265479242824,0.12674953682096482,-0.06815596475551666,-0.034628967686520996,-0.3997952830262052,-0.366134065315397,0.40231964628189215,0.08036245565191465,-0.7127107039503192,-0.18514857211083446,-0.2747289562798281,-0.27765445206176725,1.5853410383946385,0.7644790721630247,1.4268448584456266,1.5319135346295385,-1.0535879090813047,0.1624913963108648,0.23411572812749593,0.23476586675544545,0.4029070884081096,1.0570503624919318,0.3134454253564298,1.775742996089413,1.146649589291213,-0.15918965136196916,-0.056975883583674426,0.6827833040822275,1.2026506425828947,1.4390773711461429,-0.2884814614836766,-0.24237068768035852,0.045118739802325156,-0.708294885655277,0.29433031822030997,-1.3603297784552875,0.634157425287612,-0.4305877905399606,-0.9153064178259537,-0.41311961678951287,-0.10797340378914609,-0.4883216394464405,-0.7700514488599118,1.0658193405260605,-1.1166889131432727,-0.34356964091929637,-0.21190070626291932,-0.16921162995835082,0.13615358110642176,-0.3933262482754794,-0.5148645865371041,-0.3398498418244747,7,8,2,0,0,0,0,0,0,0,0,0,1,0,0,1,1,0,0,0,0,0,0,0,0,0,0,0,0,0,0,0,1,1,1,0,0,0,0,0
43.4283,-7.4739,True,0.4669788422889004,0.1599591436319453,0.038209307431450755,-0.13762017487209297,-0.2607225763684911,0.26900741398760003,0.28536256253517683,-0.7620672849795495,-0.7369423804487866,-0.37969955495398205,-0.6339084243373084,-0.6618408156839529,-0.7054339285628248,0.018109614785548993,-1.077470407546647,-1.7957560352969373,3.229677821268919,3.1731300923830696,2.3332219425617864,-0.7122782838211353,-1.024049759100009,0.09345935594268422,-0.7149552231343153,-1.0535879090813047,-1.288490900250863,-1.402611532323014,0.887794842376452,0.16675239914841142,0.7739355705942367,-1.0189792209994903,-0.7772612440795411,-0.5728214366169448,-0.15918965136196916,0.6714283766028223,0.18905177005494359,-0.5554179105937436,-0.7893398091962072,-0.2884814614836766,-0.24237068768035852,-0.1534777863715814,-0.5739618794925064,1.583346173400541,0.34594153478708517,-0.4913827967442108,0.6199887818948288,-1.4693795087788408,-0.3699552637937068,-3.1285862050573767,-0.363726909976407,-0.8054382530417733,0.30607921805252897,0.045298731214522506,-0.00806528681043813,0.5039171297158936,-0.1562027446919164,-1.3104545168761237,1.4753292190864251,0.11780145333806384,-0.17961085182893843,7,8,2,1,1,1,1,0,0,0,0,0,1,0,0,1,1,0,0,0,0,0,0,0,0,0,0,0,0,0,0,0,0,0,0,0,0,0,0,0
43.4286,-7.4855,True,0.4669788422889004,0.1599591436319453,0.038209307431450755,-0.13762017487209297,-0.2607225763684911,0.7480866881293441,0.1177393205268118,-0.7620672849795495,-0.7369423804487866,-0.3754318345403044,-0.6339084243373084,-0.6618408156839529,-0.6615245344955107,0.12457745483875254,-1.1512319606075594,-1.7874885136836045,1.7047009948839418,1.633401700905818,1.5119144519288215,0.14334912520182036,-1.0511490996249067,0.8359149734225632,0.32017974986533637,0.49333919442759927,-1.3438992671281103,-0.44690322311146463,0.19647635134785052,-0.13735361557497044,-0.22113418521639072,-0.621458600078146,-0.7772612440795411,-0.5728214366169448,-0.15918965136196916,1.2541517847520196,1.6702463721367955,0.14780951067691173,0.32486878097496785,0.46796653367374685,0.22172027034436392,-0.6536468152540128,-0.6218691702208062,-0.994685536959921,1.3931049678462724,-0.9463884184166498,0.24474494442949002,-2.2011741572071823,-0.47176836561245367,-0.752744581786077,0.8094538781836019,-1.0296473967975142,0.9986842045352523,-0.8540988513896445,-0.08242420699996869,0.7181247327061903,-0.25259612740101317,-1.6718899163739476,1.2319429539740325,0.11780145333806384,-0.7847577387732211,7,8,2,1,1,1,1,0,0,0,0,0,1,0,0,0,0,0,0,0,0,0,0,0,0,0,0,0,0,0,0,0,0,0,0,0,0,0,0,0
43.427,-7.462,True,0.4669788422889004,0.1599591436319453,0.038209307431450755,-0.13762017487209297,-0.2607225763684911,0.24136822509480654,0.2824725066384812,-0.7620672849795495,-0.7369423804487866,-0.3966552081575231,0.18684387498877006,-0.6618408156839529,-0.5497551677787109,0.25419047751221774,-0.9433584928904429,-1.5642654301236147,4.1606824417266495,4.113140603961419,3.788347603543221,0.16616252818847735,-1.1998396121339083,0.7793233273222201,-0.7149552231343153,-1.0535879090813047,-1.3107806161239666,0.7022286197471962,0.4243703477054713,0.2284433715240083,0.008699777075614043,0.07382195812314842,-1.0609283818760915,-1.8624247060480632,-0.15918965136196916,0.030432627638705176,0.6827833040822275,-0.5554179105937436,-0.7893398091962072,-0.2884814614836766,-0.24237068768035852,0.04695759652615762,-0.42759186560905743,-0.994685536959921,-0.16096953746621243,-0.1291743742286508,-0.19427821140859527,-1.7934599959399635,-0.4372675960670362,-2.7851754689503156,-2.2038278570951833,-0.9359458909235912,0.6180137670197564,-0.34135911200985647,0.0034454671931947053,0.8607074264523529,-0.6997793077643453,-1.4847727750028148,1.6584943798481486,0.11780145333806384,-0.5657484322134267,7,8,2,1,1,1,1,1,1,1,0,0,1,0,0,1,1,1,1,0,0,1,1,0,0,0,0,0,0,0,0,0,0,0,0,0,0,0,0,0
38.0636,-3.9877,True,0.27379925920678416,0.44503959980226054,-0.7285644763964461,0.044411711923594555,-0.38453651394283345,0.6006776807011218,-0.2897585609073176,-0.20070547240979514,-0.10304005584713423,-0.2559356629573313,-0.060684596236555144,-0.016805658372574018,-0.3282123158936257,-0.2318583575132766,-0.07610144478032341,0.08923889254297823,-0.6421366764568625,-0.497299509869898,-0.7978511956117288,-1.2084718855625265,-1.1998396121339083,-0.9819421003211934,-0.7149552231343153,-1.0535879090813047,-0.568423576649218,0.737642955493042,-2.6320680294871166,0.2284433715240083,0.008699777075614043,0.07382195812314842,-0.20992696848644016,-0.14295368013990536,-0.15918965136196916,-0.31920141725081325,-0.3046797639723404,-0.5554179105937436,-0.7893398091962072,-0.2884814614836766,-0.24237068768035852,0.04695759652615762,-0.42759186560905743,0.29433031822030997,0.0020323176797931264,-0.1291743742286508,-0.19427821140859527,0.06738925292067635,-0.21328133147006198,0.060227773079618484,-0.03341155370089962,1.9592673712033224,-0.48815691637813835,-0.48683541778474987,0.6248639014486816,-0.747570318822581,-1.1453143042799143,2.9318741912925317,0.12916878954830605,-1.1568001871073819,-0.6075286616122908,5,1,2,0,0,0,0,1,1,1,1,1,1,1,1,1,1,1,1,1,1,1,1,1,1,1,1,0,0,0,0,0,0,0,0,0,0,0,0,0
38.0652,-3.9887,True,-0.30573949003956463,-0.2181296523967955,-1.265850697834319,0.7752951582016601,-0.3733932595611426,0.8862826325933115,-0.2897585609073176,-0.20070547240979514,-0.10304005584713423,-0.2559356629573313,-0.060684596236555144,-0.016805658372574018,-0.3282123158936257,-0.2318583575132766,-0.07610144478032341,0.08923889254297823,-0.6861430987047081,-0.5509991750428718,-0.7952079607949701,-1.2084718855625265,-1.1998396121339083,-0.9819421003211934,-0.7149552231343153,-1.0535879090813047,-0.8535803425478538,0.6529220035150369,-2.6320680294871166,0.2284433715240083,0.008699777075614043,0.07382195812314842,-0.20992696848644016,-0.14295368013990536,-0.15918965136196916,-0.31920141725081325,-0.3046797639723404,-0.5554179105937436,-0.7893398091962072,-0.2884814614836766,-0.24237068768035852,0.04695759652615762,-0.42759186560905743,0.29433031822030997,0.0020323176797931264,-0.1291743742286508,-0.19427821140859527,0.06738925292067635,-0.21328133147006198,0.060227773079618484,-0.03341155370089962,2.2525529811112786,-0.9128420664999146,-0.03249799132591042,1.094733947850671,-0.8604469964604147,-1.442861997914373,2.833558262906822,0.48953455444905264,-1.1568001871073819,-0.933519609971863,5,1,2,0,0,0,0,1,1,1,1,1,1,1,1,1,1,1,1,1,1,1,1,1,1,1,1,0,0,0,0,0,0,0,0,0,0,0,0,0
38.0972,-3.9076,True,-0.30573949003956463,-0.552722207785362,-1.131855119125973,0.893133602277177,-0.4486102266375556,0.3334988547374425,-0.2897585609073176,-0.20070547240979514,-0.10304005584713423,-0.2559356629573313,-0.060684596236555144,-0.016805658372574018,-0.3282123158936257,-0.2318583575132766,-0.07610144478032341,0.08923889254297823,-0.7693080913743998,-0.8537801233851937,-0.9093249910324867,-1.2084718855625265,-1.1998396121339083,-0.9819421003211934,-0.7149552231343153,-1.0535879090813047,1.6252091295611044,0.725300304416195,-2.6320680294871166,0.2284433715240083,0.008699777075614043,0.07382195812314842,-0.20992696848644016,-0.14295368013990536,-0.15918965136196916,-0.31920141725081325,-0.3046797639723404,-0.5554179105937436,-0.7893398091962072,-0.2884814614836766,-0.24237068768035852,0.04695759652615762,-0.42759186560905743,0.29433031822030997,0.0020323176797931264,-0.1291743742286508,-0.19427821140859527,0.06738925292067635,-0.21328133147006198,0.060227773079618484,-0.03341155370089962,2.0030576668816766,-1.10972827442341,0.418474909850507,0.6977660387670652,-0.8821315786175622,-1.0195156627026645,2.793979005033704,0.2902720633189064,-1.113204469658754,-1.0547324026763725,5,1,2,0,0,0,0,1,1,1,1,1,1,1,1,1,1,1,1,1,1,1,1,1,1,1,1,0,0,0,0,0,0,0,0,0,0,0,0,0
47.237,5.098,True,0.4669788422889004,0.1599591436319453,0.038209307431450755,-0.13762017487209297,-0.2607225763684911,0.03868083988099728,-0.16259610145269623,0.30813125828208743,0.029022928444876667,1.0841285469374373,-0.16490711043669212,0.003351690293406572,1.561887510549399,0.37917446366163055,1.2650177017817172,0.9242585754896083,-0.42592319659073197,0.49226211128867126,0.6395055471565225,1.0605072888831355,1.5808785307576292,0.7910212060471412,0.32017974986533637,1.1632537155117297,0.19395137318513206,0.14471475451765753,-2.6320680294871166,0.2439743270829259,0.8605900584180569,0.18170949016118698,2.3430772716825135,1.146649589291213,1.98413407801157,-0.31920141725081325,-0.057813996958698426,0.14780951067691173,0.32486878097496785,-0.009790094846731125,0.6858112283690864,0.2510706928715616,-0.1797498766402899,2.872362028580772,0.2869768485505566,-0.012429510773222381,-0.26442787787089084,0.4228323678715851,-0.23637995499731665,-0.24814105117978325,-0.5782846070510015,0.5325789261360343,-1.1029674225216488,1.3251861412093269,0.09939539468404512,-1.1982167476352907,1.0184390781939507,1.9930539707487878,1.1545979084785667,-0.9988892107491862,-0.023502559698527836,3,6,7,1,1,1,1,0,0,0,0,0,0,0,0,0,0,0,0,0,0,0,0,0,0,0,0,0,0,0,0,0,0,0,0,0,0,0,0,0
47.236,5.1,True,0.4669788422889004,0.1599591436319453,0.038209307431450755,-0.13762017487209297,-0.2607225763684911,0.03868083988099728,-0.16259610145269623,0.1439903774137382,-0.10304005584713423,0.3953056690086305,-0.256101810361812,-0.0571203557045352,0.35901760241700587,-0.04438237828915732,0.3262342991882888,1.023468834849604,-0.2221933286006351,1.7792762540491471,1.7752039753172961,1.3705245366967116,0.18974204723830518,0.43483691023773335,1.400210243191009,1.4088473955415028,0.7195422650518146,0.1432866476647099,1.030107382766712,-0.6897666109200685,-0.023505873101504482,-0.8352368157281826,0.9247415826997617,0.2869140763371341,0.45318855703047056,-0.056975883583674426,-0.057813996958698426,1.026843787265231,1.4390773711461429,0.06983600990668187,1.1499021863938088,-1.0287735869158363,-0.7122670982031009,0.29433031822030997,-0.38911039154367094,-1.0302052434615727,-1.059887176814694,0.7887296920857558,-0.23979675969636208,-0.05891472720242309,-0.05132453397614405,0.5325789261360343,-1.1029674225216488,1.3251861412093269,0.09939539468404512,-1.1982167476352907,1.0184390781939507,1.9930539707487878,1.3396869323306004,-0.9988892107491862,-0.43305711952550147,3,6,7,1,1,1,1,0,0,0,0,0,0,0,0,0,0,0,0,0,0,0,0,0,0,0,0,0,0,0,0,0,0,0,0,0,0,0,0,0
47.237,5.1,True,0.4669788422889004,0.1599591436319453,0.038209307431450755,-0.13762017487209297,-0.2607225763684911,0.03868083988099728,-0.16259610145269623,0.3278281639862894,0.1082607190200832,0.7768526771526496,0.004454475138530455,0.04366638762536775,1.3223817247276852,-0.023551713930921883,0.7285700431569009,1.0400038780762695,0.04004854415864587,0.6946925959192369,1.224390559913893,1.3521283464185332,1.1160291072902746,0.7725208011066944,1.400210243191009,1.7205633643556164,0.5434271265600965,0.31515140944630154,1.0814670479940245,-0.21746556570789058,0.8479274842027942,-0.28842598648671547,1.775742996089413,0.2869140763371341,1.37175586961913,0.20524965008346438,0.18905177005494359,1.026843787265231,1.4390773711461429,1.5827320002215288,2.542175060467976,-0.6168696807773635,-0.38341604727416784,-0.994685536959921,0.2706149199090068,-0.563225789639859,-0.6640155455355775,1.1755354348264506,-0.02553623132138982,-1.0400882589368832,-1.3006951982401926,0.5325789261360343,-1.1029674225216488,1.3251861412093269,0.09939539468404512,-1.1982167476352907,1.0184390781939507,1.9930539707487878,1.3396869323306004,-0.9988892107491862,-0.43305711952550147,3,6,7,1,1,1,1,0,0,0,0,0,0,0,0,0,0,0,0,0,0,0,0,0,0,0,0,0,0,0,0,0,0,0,0,0,0,0,0,0
47.236,5.102,True,-0.6920986562037972,0.1599591436319453,0.038209307431450755,-0.13762017487209297,-0.2607225763684911,0.03868083988099728,-0.16259610145269623,0.4394439629767668,0.055435525303278846,0.5378603339867034,0.1607882464387358,0.26539722295115425,2.1927297833514054,0.12920649136280493,0.7285700431569009,1.0152013132362705,-0.5127267658195636,-0.23926539768621238,0.1911296657509527,0.5665662293996989,-1.1998396121339083,-0.9819421003211934,-0.7149552231343153,0.8690025765830078,0.6831151555188226,0.40678927582817204,0.3115567201777404,-0.6036930978310784,0.040980006355615314,-0.5022783231481908,0.0737401693101102,-1.4325569495710238,-0.46537875555818903,-0.4357460988806527,-0.7984112979996244,-0.3796110552760798,-0.23223551411061963,-0.1690423043535571,0.22172027034436392,0.11131758186029402,-0.5501286042055632,-2.283701392140152,4.416048463281284,0.05941348212242588,-0.7018584466865889,1.2068980626162367,-0.03940820245908736,-0.12899855089774168,-1.378556952503255,0.5325789261360343,-1.1029674225216488,1.3251861412093269,0.09939539468404512,-1.1982167476352907,1.0184390781939507,1.9930539707487878,1.3396869323306004,-0.8302328282627705,-0.43305711952550147,3,6,2,1,1,1,1,0,0,0,0,0,0,0,0,0,0,0,0,0,0,0,0,0,0,0,0,0,0,0,0,0,0,0,0,0,0,0,0,0
47.242,5.1,True,-1.0784578223680297,0.1599591436319453,0.038209307431450755,-0.13762017487209297,-0.2607225763684911,0.03868083988099728,-0.16259610145269623,0.5379284914977763,0.08184812216168103,0.5634666564687694,0.13473261788870164,0.325869268949096,0.9072383626367148,-0.032809786979026506,1.2203137302296492,1.0482713996896023,-0.5328249074203106,-0.4024628880399806,0.07758903863204375,0.44654427138521013,-0.7391508232133105,-0.9819421003211934,-0.7149552231343153,1.5098660718025967,0.4163684354368656,0.35886318890842206,0.6759750820213313,0.17927792584999752,0.008699777075614043,-2.71380300937523,-0.20992696848644016,-1.0026891930939843,-1.0777569639506288,-0.4357460988806527,-0.7984112979996244,-0.5554179105937436,-0.7893398091962072,-0.1690423043535571,1.1499021863938088,-0.03579095604630345,-0.9694979531939975,0.29433031822030997,-1.3316192244238887,-1.8324519974629783,-0.007414667448491252,0.4646492049246332,-0.2324128783804474,1.7352311593977325,0.22365961656027497,1.3688913315364668,-1.4145144031576904,1.271187670410168,0.7985694060983862,-1.2752962702151385,0.988246097105544,1.8708907597144682,1.1946173800390911,-0.8302328282627705,0.13903367559886515,3,6,2,1,1,1,1,0,0,0,0,0,0,0,0,0,0,0,0,0,0,0,0,0,0,0,0,0,0,0,0,0,0,0,0,0,0,0,0,0
47.239,5.102,True,-0.11255990695744836,0.1599591436319453,0.038209307431450755,-0.13762017487209297,-0.2607225763684911,0.03868083988099728,-0.16259610145269623,0.6758068314271896,0.002610331586474489,1.041451342800661,0.14776043216371873,0.22508252561919306,0.7834937066288292,0.11069034526659553,0.706218057380867,0.9573286619429402,-0.518181051451425,-0.17954325394082657,0.3179924641764968,0.9902709567729583,0.6313764602398059,-0.9819421003211934,-0.7149552231343153,1.0302625242934442,0.47194395021225094,0.19121034993481645,0.9834526784128589,-1.835297790123145,1.7479234991719976,-2.1796078214374703,0.6410744449032111,-0.5728214366169448,0.14699945283425073,-0.31920141725081325,-0.3046797639723404,-0.5554179105937436,-0.7893398091962072,-0.009790094846731125,0.6858112283690864,-0.9846410255438571,-0.678202366353581,0.29433031822030997,0.7006557991104949,-1.5690276901789348,-0.0385080331236709,0.7573670642959698,-0.0917736138017611,0.40363850918667954,-0.19821097223314843,1.2984155581900458,-1.4142092842399403,1.3146720698310994,0.8514870856105208,-1.1513605576742534,0.9651602117091684,2.031002334368803,1.4948898699917677,-0.8302328282627705,-0.3747481436234186,3,6,2,1,1,1,1,0,0,0,0,0,0,1,1,0,0,0,0,0,0,0,0,0,0,0,0,0,0,0,0,0,0,0,0,0,0,0,0,0
47.236,5.097,True,0.4669788422889004,0.1599591436319453,0.038209307431450755,-0.13762017487209297,-0.2607225763684911,0.03868083988099728,-0.16259610145269623,0.3934845163336291,-0.28000445479842884,0.8664748058398795,0.13473261788870164,0.16461047962125128,0.24460568852997308,-0.028180750454974278,0.5274021711725948,0.5852901893429566,-0.3946983853105992,-0.5317018972468898,-0.2861395010521673,1.9849459764792359,1.6770339978206446,0.8665353606551546,2.583278770508207,1.405143637078309,-0.14151597839357022,0.4166946749956525,0.33076850036269334,-0.5468743558499735,0.017972814842513653,-2.1580102119095095,2.6267444094790635,1.5765173457682524,2.2903231822077896,-0.26092907643589347,0.18905177005494359,0.4994232213122394,2.553285961317318,0.22908821941350785,1.1499021863938088,-0.44033943528944647,-0.6095914223457144,1.583346173400541,0.06192315082056032,-0.2638799859079913,5.352702387566198,0.1823855548165586,-0.00721089675572296,1.0343929224445467,-0.1990867179354937,0.5325789261360343,-1.1029674225216488,1.3251861412093269,0.09939539468404512,-1.1982167476352907,1.0184390781939507,1.9930539707487878,1.1545979084785667,-0.9988892107491862,-0.023502559698527836,3,6,7,1,1,1,1,0,0,0,0,0,0,0,0,0,0,0,0,0,0,0,0,0,0,0,0,0,0,0,0,0,0,0,0,0,0,0,0,0
47.237,5.098,True,0.4669788422889004,0.1599591436319453,0.038209307431450755,-0.13762017487209297,-0.2607225763684911,0.03868083988099728,-0.16259610145269623,0.3737876106294271,-0.07662745898873205,1.2932468472076402,0.2389551320888386,0.1444531309552707,1.83731916424437,-0.037438823503078894,0.4379942280684588,0.6762329270896195,-0.13802466977996347,-0.19481461273489437,0.03690106236404955,1.1241770850087156,0.8381814410416492,0.8674937336998658,1.9065538496093288,1.3698350458233772,0.09658941078850092,0.4766663821500853,0.5929596424033715,-0.2932990271278419,0.17224523856762664,-1.4493801009501146,1.2084087204963119,-0.14295368013990536,0.7593776612266905,4.954445426499422,0.6827833040822275,1.554264353218222,1.9961816662317304,1.1049753717010509,1.6139931444185314,0.23635983908090186,-0.637637650334895,0.29433031822030997,1.2350425628562063,-0.8027024326253532,0.7354134222792762,-0.31941648982001847,-0.2854949229184266,1.3287449819648847,0.01905357519414964,0.5325789261360343,-1.1029674225216488,1.3251861412093269,0.09939539468404512,-1.1982167476352907,1.0184390781939507,1.9930539707487878,1.1545979084785667,-0.9988892107491862,-0.023502559698527836,3,6,7,1,1,1,1,0,0,0,0,0,0,0,0,0,0,0,0,0,0,0,0,0,0,0,0,0,0,0,0,0,0,0,0,0,0,0,0,0
47.237,5.098,True,0.4669788422889004,0.1599591436319453,0.038209307431450755,-0.13762017487209297,-0.2607225763684911,0.03868083988099728,-0.16259610145269623,0.4394439629767668,-0.02380226527192769,1.3999398575495803,0.017482289413547528,0.08398108495732894,0.6517655244268867,0.07365805307417705,1.1085538013494791,1.0482713996896023,-0.02716950159553518,-0.053354924341666776,0.14017660635781656,0.8182800658125854,0.7687019781020937,1.3687850672700694,0.8657973944191986,1.5719380061945505,-0.07266614610635933,0.22679015744407438,-0.21821204512487213,-0.04722798790973921,0.7139818830785454,-2.188307970108848,2.3430772716825135,1.146649589291213,1.98413407801157,1.0501985918998005,1.1765148381095116,1.730071208535886,0.8819730760605554,1.9808625239885937,2.0780841024432535,-0.19761034774356065,1.8759303018971614,-2.283701392140152,-0.3471250652181847,-0.29980148235581544,0.34909731313448317,0.5378286697674673,-0.021453981512417945,1.7562563065063281,5.733294282997125,0.5325789261360343,-1.1029674225216488,1.3251861412093269,0.09939539468404512,-1.1982167476352907,1.0184390781939507,1.9930539707487878,1.1545979084785667,-0.9988892107491862,-0.023502559698527836,3,6,7,1,1,1,1,0,0,0,0,0,0,0,0,0,0,0,0,0,0,0,0,0,0,0,0,0,0,0,0,0,0,0,0,0,0,0,0,0
47.232,5.106,True,0.4669788422889004,0.8693950976584479,0.8282233089746469,-1.1747410292415723,-0.3969179077002677,0.42562948438010545,-0.13947565427912834,0.3934845163336291,-0.16907154799313967,0.17937181923778459,-0.6339084243373084,0.12429578228929011,0.2805315564032303,-0.053640451337261946,0.1921223845320847,0.5191500164362928,-0.5366669589458677,-0.6296476874839102,-0.44751823724481005,1.2050862253289112,0.2656464432632025,-0.9819421003211934,-0.7149552231343153,1.2438836893678729,0.721945476825596,0.4006584375801978,0.6633915063493189,-0.8308813965267424,0.6835010569067224,-2.201454560258193,0.0737401693101102,-0.5728214366169448,-0.46537875555818903,-0.46488226928811255,-0.7984112979996244,-0.5554179105937436,-0.7893398091962072,-0.2486684091069701,0.6858112283690864,-0.06521266362762294,0.31051744782293994,0.29433031822030997,-0.8068026453553102,-1.55705385802966,-0.6050139882299927,1.0919017607203545,0.02144163403514862,1.7912982183539874,0.6805600334475097,1.1678164777594868,-1.3398451482039606,1.284524588037938,0.5711556710943869,-1.2559063039291885,1.2986560974600676,2.0776492669082414,1.2475913523735194,-0.8302328282627705,-0.577225551010321,3,6,2,0,0,0,0,0,0,0,0,0,0,0,0,0,0,0,0,0,0,0,0,0,0,0,0,0,0,0,0,0,0,0,0,0,0,0,0,0
47.23,5.102,True,0.4669788422889004,1.1042510503052136,0.6584853492256086,-1.2106152329823043,-0.2607225763684911,0.047893902845252155,-0.09323475993199334,0.3343937992210232,-0.15586524956393857,0.2220490233745607,0.1607882464387358,0.1444531309552707,0.0889269277458593,0.13846456441090957,0.4379942280684588,0.49434745159629373,-0.5035250756204629,-0.5961852126316727,-0.40895137099606343,1.3697819859660831,0.4917868243097401,-0.9819421003211934,-0.7149552231343153,-1.0535879090813047,0.9245135311364511,0.1485881662086347,0.39922480670911054,-0.211873293688921,-2.0052980122386566,0.28980449926631247,0.35740730710666074,-0.5728214366169448,-0.15918965136196916,-0.46488226928811255,-0.7984112979996244,-0.3796110552760798,-0.23223551411061963,-0.2884814614836766,-0.24237068768035852,-0.5506708387193946,1.0351453126077776,-0.994685536959921,1.5113430559540757,-0.8027024326253532,-0.6295853308611103,0.7678212735592318,-0.2608478598084584,0.9573007163796963,-0.16899291107308306,1.2324091097105125,-1.4250140835626155,1.372039273673164,0.5044356830794186,-1.2040293070223107,1.0232920377838275,1.3893188779754173,1.1965412431294011,-0.8302328282627705,-0.3366365708342442,3,6,2,0,0,0,1,0,0,0,0,0,0,0,0,1,1,0,0,0,0,0,0,0,0,0,0,0,0,0,0,0,0,0,0,0,0,0,0,0
47.231,5.102,True,0.4669788422889004,1.0763089703307247,0.6556474348511332,-1.1919891563381098,-0.2607225763684911,0.07553309173804564,-0.12213531889895259,0.2096467297610779,-0.15586524956393857,-0.0894945668239048,0.0305101036885646,0.10413843362330952,-0.3741175915094541,0.18244041138940664,0.4603462138444928,-0.1174491477903459,-0.5444436758209887,-0.6374996309088402,-0.39508065555117516,0.8902669858118237,0.16884401917225436,0.7059444988656345,-0.7149552231343153,0.2281390813615703,0.7802356105917402,0.10090145523087966,-0.6841055396601246,-1.1197113871447453,-0.31733334775166194,-0.4220867152322884,0.35740730710666074,-1.0026891930939843,-0.15918965136196916,-0.11524822439859415,-0.057813996958698426,-0.5554179105937436,-0.7893398091962072,-0.4079206186137961,-0.24237068768035852,-1.617207738542226,0.843516149694578,-0.994685536959921,-0.5474815121684832,-0.34769681095291427,-0.10365242608703508,0.7782754828224938,-0.024730018976671236,0.01817747886242734,0.018177829491804357,1.2324091097105125,-1.4250140835626155,1.372039273673164,0.5044356830794186,-1.2040293070223107,1.0232920377838275,1.3893188779754173,1.1480562846723634,-0.8302328282627705,-0.4064254679062642,3,6,2,0,0,0,1,0,0,0,0,0,0,0,0,0,0,0,0,0,0,0,0,0,0,0,0,0,0,0,0,0,0,0,0,0,0,0,0,0
47.235,5.103,True,0.4669788422889004,0.4656993246559196,1.2779176867462743,-1.2109953569954512,-0.41146604536525294,0.8033650659149311,-0.13658559838243264,0.2556061764042156,0.1082607190200832,0.18363953965146218,-0.0997680390616066,0.10413843362330952,2.015391716002814,-0.11150340788791603,0.6615140858287989,0.6679654054762859,-0.5553072435634245,-0.6484682852492585,-0.44427257122311065,1.8093894852402064,0.31847066594428214,-0.9819421003211934,-0.7149552231343153,-1.0535879090813047,0.4814911012401652,0.2614517148660399,0.20330130478422556,-0.1805967560166998,1.1645488868045923,-0.036447069261402634,0.35740730710666074,-0.5728214366169448,-0.15918965136196916,-0.46488226928811255,-0.7984112979996244,-0.5554179105937436,-0.7893398091962072,-0.2884814614836766,-0.24237068768035852,-0.7345565111026414,0.7755070560727453,0.29433031822030997,-0.037791999202469596,-0.8865192576702763,0.34136189045431653,1.0187222958775204,0.06371019553682296,0.10928644966634149,-0.4788476632119779,0.8818451469962281,-1.2623415778132887,1.3465427698008425,0.09939539468404512,-1.1605619705051642,0.9548780330352203,2.155420263701581,1.2712566115125516,-0.8302328282627705,-0.4064254679062642,6,6,2,0,0,0,0,0,0,0,0,0,0,0,0,1,1,0,0,0,0,0,0,0,0,0,0,0,0,0,0,0,0,0,0,0,0,0,0,0
47.237,5.099,True,0.4669788422889004,0.547625819765256,1.1212187930421238,-1.1737907192087051,-0.2607225763684911,0.6006776807011218,-0.16837621324608756,0.41318142203783076,0.055435525303278846,0.41409644199005285,-0.060684596236555144,0.06382373629134834,1.801393296371113,-0.06521304264739276,0.39329025651639077,1.1144115725962662,-0.564196387718388,-0.4555235163510014,-0.44871023786170094,0.8232204892174706,-0.2784620342900537,-0.9819421003211934,-0.7149552231343153,0.5764896903077141,0.8246279853434063,0.10845905338678302,0.20583849486250883,-0.3005548693096889,0.05360629530365976,0.6100700278607196,-0.4935941062829906,-0.5728214366169448,-1.0777569639506288,-0.46488226928811255,-0.7984112979996244,-0.5554179105937436,-0.7893398091962072,0.14946211466009487,0.22172027034436392,-0.1608332132669113,0.8077662367641633,-0.994685536959921,-0.2847645069994477,-0.3955921395500131,-0.3263870967894805,1.332348573775381,-0.014121288281882251,-0.22711590407118767,0.09556190428086031,0.5325789261360343,-1.1029674225216488,1.3251861412093269,0.09939539468404512,-1.1982167476352907,1.0184390781939507,1.9930539707487878,1.1545979084785667,-0.9988892107491862,-0.023502559698527836,3,6,7,0,0,0,1,0,0,0,0,0,0,0,0,0,0,0,0,0,0,0,0,0,0,0,0,0,0,0,0,0,0,0,0,0,0,0,0,0
47.243,5.092,True,0.4669788422889004,0.5793673893680041,0.9934359458022238,-1.1029926217601085,-0.441490925227031,0.9415610103788985,-0.1712662691427841,0.6364130200187859,-0.15586524956393857,-0.43517992033179076,-0.6339084243373084,0.06382373629134834,-0.2463811724045401,-0.058269487861314334,0.3262342991882888,0.35379958416963336,-0.6293257094267195,-0.7232027542663858,-0.5702357373128151,0.39147436884952946,-0.10457792971888766,-0.9819421003211934,-0.7149552231343153,1.1067312710985342,0.707139871187583,0.4160101348755367,-0.4868467379940349,-0.729576361779011,-0.5145844178448492,-0.013488568890034613,0.9247415826997617,-0.5728214366169448,0.45318855703047056,-0.4357460988806527,-0.7984112979996244,-0.5554179105937436,-0.7893398091962072,-0.08941619960014412,0.6858112283690864,-1.0214181600205066,0.21542508682958086,0.29433031822030997,-0.8348957681172164,-0.4075659716992878,0.27197059876458635,0.9037259939816381,-0.23663589542421143,-0.1570320803758691,-0.9822422155691805,1.377396500848534,-1.3989252943342667,1.2424946711573897,0.7977400577742625,-1.2353280714996318,0.9713196527477153,1.8384945699689748,0.8815821334164091,-0.8302328282627705,-0.4431565216752164,3,6,2,0,0,0,0,0,0,0,0,0,0,0,0,0,0,0,0,0,0,0,0,0,0,0,0,0,0,0,0,0,0,0,0,0,0,0,0,0
47.237,5.101,True,0.4669788422889004,0.9773639279281442,0.9088354172874529,-1.2894909657102713,-0.44953883116936316,0.287433539916138,-0.12791543069234476,0.40661578680309696,-0.05021486213032987,0.004395282277002586,-0.1258236676116408,0.40649866361301834,0.8713124947634578,0.057456425239993836,0.5050501853965609,0.9821312267829385,-0.5685144705867334,-0.6618032698002569,-0.4445322218321776,1.1390077654242976,-0.7391508232133105,-0.9819421003211934,-0.7149552231343153,0.2281390813615703,0.478201388737446,0.008571420403556386,-2.6320680294871166,0.41332501882241274,0.3880840632382815,-0.19809886942009503,-0.20992696848644016,-1.0026891930939843,-0.7715678597544089,-0.31920141725081325,-0.3046797639723404,-0.5554179105937436,-0.7893398091962072,-0.4079206186137961,-0.24237068768035852,0.3614020963015097,1.3282464506062959,1.583346173400541,-0.09336081345678968,-0.8386239290731774,-0.11851657162931609,0.6005539253470394,-0.1287442084667133,-0.19908237459306025,0.5526215476594305,0.5325789261360343,-1.1029674225216488,1.3251861412093269,0.09939539468404512,-1.1982167476352907,1.0184390781939507,1.9930539707487878,1.3396869323306004,-0.8302328282627705,-0.43305711952550147,3,6,2,0,0,0,0,0,0,0,0,0,0,1,1,0,0,0,0,0,0,0,0,0,0,0,0,0,0,0,0,0,0,0,0,0,0,0,0,0
47.231,5.099,True,0.4669788422889004,0.5335360457271288,1.1454561158079153,-1.1696568705657335,-0.2607225763684911,-0.11794123051150814,-0.10479498351877685,0.28843435257788547,-0.24566807888250597,-0.37969955495398205,-0.034628967686520996,0.06382373629134834,-0.4379858010619111,-0.1739954009626225,0.2144743703081187,0.16364658706297555,-0.581553806435372,-0.6749687391141411,-0.48870113060943804,-0.11368412984205696,-0.40304427983638813,-0.9819421003211934,-0.7149552231343153,0.2281390813615703,-0.8691787720100768,0.3469878042352497,0.1977093780421035,-0.7813590966023665,-0.609551071712242,-0.2545927482484664,-0.20992696848644016,-1.0026891930939843,-0.7715678597544089,-0.31920141725081325,-0.3046797639723404,-0.5554179105937436,-0.7893398091962072,-0.4079206186137961,-0.24237068768035852,-1.043484440706496,-0.28844405635801557,-0.994685536959921,-0.8268691616138146,-0.8745454255210016,0.042334717631796186,1.2382606904060227,6.493164065518117,0.726024098185145,0.7446486962100509,1.2324091097105125,-1.4250140835626155,1.372039273673164,0.5044356830794186,-1.2040293070223107,1.0232920377838275,1.3893188779754173,1.2899193984800224,-0.9988892107491862,0.4411480553369285,3,6,7,0,0,0,1,0,0,0,0,0,0,1,1,0,0,0,0,0,0,0,0,0,0,0,0,0,0,0,0,0,0,0,0,0,0,0,0,0
47.235,5.096,True,0.4669788422889004,0.5714517859757976,1.00087588348666,-1.1028500752551784,-0.43313348444076283,0.27822047695185553,-0.10479498351877685,0.5707566676714462,-0.1294526527055364,0.0812142497231996,0.0305101036885646,0.10413843362330952,0.3364162397616302,0.08291612612228166,0.2144743703081187,0.6100927541829557,-0.5436625878025941,-0.6367109871882561,-0.4649199777738146,1.1720543917382051,-0.15863975490557358,-0.9819421003211934,-0.7149552231343153,1.203487239725904,0.6926886446535868,0.17572807288221773,0.9300934699526212,0.7471539741727302,0.4229739494864282,-0.24714380886324244,0.35740730710666074,-0.5728214366169448,-0.15918965136196916,-0.31920141725081325,-0.3046797639723404,-0.5554179105937436,-0.7893398091962072,-0.08941619960014412,0.6858112283690864,1.5235595457636297,1.572958817567687,-2.283701392140152,0.33359290939723624,-1.185865061402144,-0.1245077323325824,0.370561321555275,-0.21328133147006198,0.7610660100328043,-0.07584541364181199,0.6460012042620934,-1.1661042293611086,1.3491975861484198,0.200537927099628,-1.2198474625772373,1.1410129917510707,1.4974096815650806,1.0583338055864964,-0.9988892107491862,-0.04186791143468875,3,6,7,0,0,0,0,0,0,0,0,0,0,1,1,0,0,0,0,0,0,0,0,0,0,0,0,0,0,0,0,0,0,0,0,0,0,0,0,0
47.317,5.071,True,0.4669788422889004,0.3501315151297054,0.4168024250641903,-0.6081661876462239,-0.28548536388335954,-0.4772506861178151,0.051268034902804634,0.2687374468736835,-0.12152887364801573,0.815262160875748,-0.1258236676116408,0.023509038959387163,0.025058718193402125,-0.039753341765105095,0.08036245565191465,0.4860799299829609,-0.21781308459571072,-0.30770944253807,-0.12126807295808842,0.6040360603051991,0.020004315826781856,0.4044159954120673,2.157968410722956,1.4598326378133692,0.714039946814147,0.26141931998046924,0.9680632366141332,0.812365495063814,-0.5131049407353625,-1.3881441395802459,0.6410744449032111,-0.5728214366169448,0.14699945283425073,-0.37747375806573297,-0.3046797639723404,0.4994232213122394,1.9961816662317304,-0.08941619960014412,1.1499021863938088,0.802727710021302,1.203543050620068,1.583346173400541,0.5036952241424049,-1.1978388935514188,0.19984915789362087,0.9769054588244722,-0.1877512738873068,1.076443216661738,0.466400402601254,0.5500301685622175,-0.7840063513204772,0.8357315873092195,0.5238778104926292,-0.21190070626291932,-0.16921162995835082,0.13615358110642176,1.4444810484444195,0.02416528893390142,-0.11165645821007843,6,6,0,0,0,0,0,0,0,0,0,0,0,0,0,0,0,0,0,0,0,0,0,0,0,0,0,0,0,0,0,0,1,1,1,0,0,0,0,0
47.317,5.073,True,0.4669788422889004,0.21532878936042943,0.587153987921223,-0.6327317019958377,-0.284556759351552,0.10317228063083912,-0.0036430271344182097,0.2096467297610779,0.013175370329835323,0.5677343768824469,0.14776043216371873,0.08398108495732894,0.22065510994780194,0.15235167398306657,0.1921223845320847,0.7754431864496144,-0.3657130421304413,-0.4919650208130659,-0.32689395302585555,0.8684608894079149,0.40650992022688015,1.8482373082853265,-0.7149552231343153,0.6073205662704652,0.21252239635937592,0.24108258000334928,1.1393340757013886,1.2572038174913516,1.769783569103185,-0.3580436005571376,0.6410744449032111,-0.14295368013990536,0.14699945283425073,0.6131560357879025,1.9171121391504375,-0.5554179105937436,-0.7893398091962072,0.6272187431805728,0.22172027034436392,1.9795960132740817,1.7968471611723047,0.29433031822030997,0.07365434494091679,-0.18006316086306834,-0.1391443654430938,0.5378286697674673,-0.10805142495226966,-0.7457361994165451,-1.0886055117812985,0.5500301685622175,-0.7840063513204772,0.8357315873092195,0.23145868587011445,-0.21190070626291932,-0.16921162995835082,0.13615358110642176,1.5960925303541,0.02416528893390142,0.24597188061647915,6,6,0,0,0,0,0,0,0,0,0,0,0,0,0,0,0,0,0,0,0,0,0,0,0,0,0,0,0,0,0,0,1,1,1,0,0,0,0,0
47.232,5.113,True,0.4669788422889004,0.674908722311936,0.787342001904499,-1.0326221638263018,-0.24741257807924927,-0.01659753790458969,0.002137084658973109,0.5051003153241065,0.029022928444876667,0.16656865799675163,-0.04765678196153807,0.04366638762536775,-0.4739116689351682,-0.25037450360948593,0.23682635608415273,0.22978675996963932,-0.33050029143224136,-0.4214867070318414,-0.2814537004781345,2.009226974941981,0.9933335154916555,-0.9819421003211934,-0.7149552231343153,-1.0535879090813047,0.6394116589631967,0.2572749646467343,1.6252959489233407,-0.18922985595473132,1.6365624173545394,-1.1767335457935808,1.2084087204963119,-0.14295368013990536,0.7593776612266905,-0.46488226928811255,-0.7984112979996244,-0.5554179105937436,-0.7893398091962072,-0.2884814614836766,-0.24237068768035852,-0.6830685228353323,1.4401906224086045,0.29433031822030997,-0.4017677325682661,-1.221786557849968,-0.2172569670173256,0.9873596680877342,-0.0011579056596612107,-1.3274319360876894,-1.5388184160324418,0.5490235131978466,-1.0709321796793567,1.266866580911216,0.34137153509558327,-0.4892049864859929,0.3855971230097803,1.5377302550077911,1.0258822627965816,-0.8302328282627705,-0.3747481436234186,6,6,2,0,0,0,0,0,0,0,0,0,0,0,0,1,1,0,0,0,0,0,0,0,0,0,0,0,0,0,0,0,0,0,0,0,0,0,0,0
47.234,5.116,True,0.4669788422889004,0.63596395362228,0.6985996524107635,-0.9543166171180548,-0.3000335015483448,0.3887772325230288,0.06282825848958819,0.2687374468736835,0.16108591273688758,0.8750102466672343,-0.6339084243373084,0.18476782828723187,0.21267158375374481,-0.20408413836896266,0.2815303276362207,0.41993975707629716,-0.2180975322326406,-0.30799664172358665,-0.0734985055234816,1.5933356723995258,1.0000302384286273,-0.9819421003211934,0.5609758562232795,1.1566321336028609,0.7909473361966545,0.16062876207230423,0.013212645566540558,0.20245469255653928,1.0602812208655996,0.5206367452159906,0.9247415826997617,0.7167818328141736,0.45318855703047056,-0.4940184396955724,-1.0452770650132663,-0.20380419995841595,0.32486878097496785,0.06983600990668187,0.6858112283690864,0.6997517334866838,2.9759924374899573,0.29433031822030997,-0.029765392699067805,0.5024452716455902,0.03437178251985993,1.5832495960936694,0.2822449290409382,0.5998732155335715,0.5607420987175413,0.45468224690911435,-1.5367414519739993,2.0245950394257517,-0.1318321745146922,-1.0641705731643623,1.5659635215361762,2.253772558511459,1.0098488471294584,-0.2652879933003497,-0.3793363288877856,6,6,2,0,0,0,0,0,0,0,0,0,0,0,0,0,0,0,0,0,0,0,0,0,0,0,0,0,0,0,0,0,0,0,0,0,0,0,0,0
47.218,5.086,True,0.4669788422889004,-0.06535850692721111,1.2852042236537113,-0.9008141622676388,-0.2607225763684911,0.6559560584867081,-0.15681598965930402,0.2753030821084176,-0.18227784642234077,0.37995467868063215,-0.07371241051157233,0.1444531309552707,-0.27432351408374006,-0.2989793871120353,-0.07610144478032341,1.205354310342929,-0.47416753121749267,-0.2217766541162127,-0.5492956798610039,0.8862142897301861,0.037429960919036755,0.8665353606564881,0.5609758562232795,1.2349039701413416,-0.5821917852848489,0.6035780769865989,-0.0034707569136285827,0.2284433715240083,0.008699777075614043,0.07382195812314842,0.0737401693101102,-0.5728214366169448,-0.46537875555818903,-0.37747375806573297,-0.057813996958698426,-0.20380419995841595,0.32486878097496785,0.30871432416692085,1.1499021863938088,0.04695759652615762,-0.42759186560905743,-2.283701392140152,0.17306077932920047,-0.1291743742286508,-0.19427821140859527,0.29738185671244083,-0.3431710981191672,-2.280571938344022,-2.1562191361858667,0.6103089167316696,-1.137658994765529,1.3287722752105344,0.2739677936081608,-1.3465938325361275,1.1798790866989382,1.5424760733618035,1.2866487394829047,-0.9988892107491862,-0.1943015919126936,6,6,7,0,0,0,1,1,1,1,0,0,0,0,0,0,0,1,1,0,0,1,1,0,0,0,0,0,0,0,0,0,0,0,0,0,0,0,0,0
47.226,5.042,True,0.4669788422889004,0.4354617196976906,0.8910409271556062,-0.9531762450786145,-0.41363278927280395,0.24136822509480654,-0.16548615734939187,0.3278281639862894,-0.21925548202410378,-0.02974648103241815,0.08262136078863312,0.20492517695321247,-0.3302081974421399,-0.167051846176544,-0.09845343055635743,1.238424396796261,-0.5881145020474204,-0.6920155038548255,-0.5196880237801174,0.3131915524554957,0.7949882270331097,0.4829416292179727,-0.7149552231343153,0.2281390813615703,0.8229172175647153,-0.0018422873250275446,0.4941479027819794,0.19571183631845926,-0.09743229612862789,0.7616142525943044,0.6410744449032111,-0.5728214366169448,0.14699945283425073,-0.4066099284731928,-0.3046797639723404,-0.5554179105937436,-0.7893398091962072,-0.4079206186137961,-0.24237068768035852,0.6482637452193748,1.1904227122045286,1.583346173400541,-0.7475292434840355,0.2030994679137224,-0.19291313681797764,0.7260044365061837,-0.09584306658938824,-0.9209457586548416,-1.0620943009739368,0.5766987749113281,-1.0912663363780832,1.2801204653987828,-0.10792541643509729,-1.3239648210379107,1.5325178478175068,2.0133317489943803,1.2309808695228934,-0.8302328282627705,-0.40688400619539666,3,6,2,0,0,0,0,0,0,0,0,0,0,0,0,0,0,0,0,0,0,0,0,0,0,0,0,0,0,0,0,0,0,0,0,0,0,0,0,0
47.23,5.05,True,0.4669788422889004,0.7742495448841266,0.5908356065691914,-0.9705669186800819,-0.41146604536525294,-0.2192849231184103,-0.061444145068337556,-0.18429138432296022,-0.36716602443115604,-0.7894007146670322,-0.6339084243373084,-0.2788511910303217,-0.557738693972768,-0.6114393524855674,-0.999238457330528,1.3789722642229212,-0.04413952937916033,1.026059770307516,-0.3224508513227867,0.6649500713630371,0.25602905075451055,-0.9819421003211934,0.8820373313653624,1.5384210256280815,0.03973423239026938,0.57328532966961,0.25557583508390647,-0.3924608580063803,-0.015706666794822424,-0.6478147427474702,0.35740730710666074,-0.5728214366169448,-0.15918965136196916,-0.31920141725081325,-0.3046797639723404,0.4994232213122394,0.8819730760605554,1.184601476454464,1.6139931444185314,-0.528604558033405,1.8169489640658374,0.29433031822030997,-1.1139747019278017,-0.5392781253413096,0.19886327068928591,0.44374078639810915,-0.35042700922163444,-1.3834989950439442,-1.9872002156332271,0.5923317390559001,-1.1305937717865024,1.3293804368590496,0.12640052801679244,-1.2472384633955944,1.6247058558972147,2.145696441362325,1.3914428555967238,-0.8302328282627705,-0.4174450993039172,6,6,7,0,0,0,0,0,0,0,0,0,0,1,1,0,0,0,0,0,0,0,0,0,0,0,0,0,0,0,0,0,0,0,0,0,0,0,0,0
47.229,5.094,True,0.4669788422889004,0.5710560058061871,0.9541653468905621,-1.0736755572461592,-0.43530022834831383,0.3887772325230288,-0.07011431275842543,0.4000501515683629,-0.15586524956393857,-0.4565185224001788,0.04353791796358179,0.08398108495732894,-0.3541587760243113,-0.023551713930921883,-0.09845343055635743,1.0152013132362705,-0.574298536457005,-0.655251670748444,-0.5239945638727921,1.3806303194189682,1.147922541655927,-0.05770336983235298,1.034283248593691,1.7152137158210976,0.46660315289364385,0.24759902434395992,0.6434972964245378,-1.0176733548780514,-0.9767652021646173,-0.4465074035952676,1.2084087204963119,0.2869140763371341,0.7593776612266905,-0.4357460988806527,-0.5515455309859825,0.32361636599457555,0.8819730760605554,1.184601476454464,2.542175060467976,-1.2788581013570521,1.4153943865040073,0.29433031822030997,0.67163652944435,-0.527304293192035,0.5638690487249923,-0.01624442118541982,-0.34382374620774886,0.23543733231791492,-0.2654841648223997,1.1457352955099556,-1.2565136569161677,1.1732607412004097,0.3976070250814381,-1.132515000876844,0.6069854004116396,1.0629889668236534,1.3194849937284878,-0.9988892107491862,-0.21175021736722002,3,6,7,0,0,0,0,0,0,0,0,0,0,0,0,0,0,0,0,0,0,0,0,0,0,0,0,0,0,0,0,0,0,0,0,0,0,0,0,0
47.22,5.081,True,0.4669788422889004,1.0532745644594037,0.580174252567783,-1.131406891742834,-0.4476816221057481,0.1308114695236326,-0.029653530204682633,0.183384188822142,-0.18227784642234077,0.3714192378532768,0.1607882464387358,0.16461047962125128,-0.46592814274111105,-0.30823746016014003,-0.07610144478032341,1.26322696163626,-0.49745062226576764,-0.23309809235816545,-0.40827562252373445,1.8261341881581319,0.5102324331612446,-0.9819421003211934,0.45672697158011144,1.1632537155117297,1.2123122127431134,0.6447450449829548,-0.19731473053627635,-0.6048525914092722,-0.5144430262105764,1.1675086055382289,0.35740730710666074,-0.14295368013990536,-0.15918965136196916,-0.31920141725081325,-0.3046797639723404,-0.027997344640752115,0.32486878097496785,-0.009790094846731125,0.6858112283690864,-1.0876170020784752,1.350394544812344,0.29433031822030997,0.038460762579847395,0.3587592858542936,-0.1718303181406607,1.1337185977734026,-0.3273027916516903,-0.009856050615700091,-1.624880334599283,0.9377692952676929,-1.2932632861738904,1.358068947833979,0.4529393263742708,-1.1861160674110736,1.2605569869316815,1.7595549521220613,1.0852055032093788,-0.9988892107491862,-0.47942833656177547,3,6,7,0,0,0,0,0,0,0,0,0,0,1,1,0,0,0,0,0,0,0,0,0,0,0,0,0,0,0,0,0,0,0,0,0,0,0,0,0
47.227,5.074,True,0.4669788422889004,0.7239854633436158,0.8683376121598012,-1.1123056600822057,-0.3402730312600061,0.7388736251650886,-0.08745464813860117,0.03237457842326067,-0.35131846631611474,0.39702556033534253,-0.0997680390616066,0.023509038959387163,-0.6615245344955107,-0.3267536062563493,-0.3443252740927315,1.205354310342929,-0.6087058225070024,-0.052385339351639776,-0.5612322240604115,1.402020873698341,1.0454291828414077,0.1862341279683853,0.5609758562232795,0.8166413592208649,1.317247728486851,0.7780981184079472,0.5029305409853358,0.2284433715240083,0.008699777075614043,0.07382195812314842,2.0594101338859634,-0.14295368013990536,1.67794497381535,0.0012964572312453076,-0.3046797639723404,-0.20380419995841595,0.32486878097496785,-0.2486684091069701,0.22172027034436392,0.04695759652615762,-0.42759186560905743,0.29433031822030997,1.1723732890027232,-0.1291743742286508,-0.19427821140859527,0.21374818260634465,-0.40591489377242457,0.5858564507945078,-1.60975381792241,0.3474380208338003,-1.2089569848143153,1.5996510640814718,0.9259949380695243,-1.1591171179222863,1.6465518721746744,1.8502779907539373,1.0963648877314751,-0.9988892107491862,-0.4064254679062642,6,6,7,0,0,0,0,1,1,1,0,0,0,0,0,0,0,1,1,0,0,1,1,0,0,0,0,0,0,0,0,0,0,0,0,0,0,0,0,0
47.316,5.071,True,0.4669788422889004,0.34862755048518634,0.49572712483001036,-0.656156844306011,-0.2576272279291325,0.07553309173804564,-0.032543586101378315,0.183384188822142,0.029022928444876667,0.30740343164811273,-0.1258236676116408,0.003351690293406572,-0.03481772826202625,-0.08141467048157597,-0.009045487452221387,0.9407936187162739,-0.3931456846800053,-0.48473808823970843,-0.3923375434499848,0.7054432883685297,1.132447211077955,0.497248642868505,0.32017974986533637,1.8796450066960253,0.09808517525286314,0.2689923978524364,-0.17789775706730543,-1.3717981768128216,1.2965196756361532,-0.42674185936314013,2.3430772716825135,0.7167818328141736,1.98413407801157,0.38006667252822357,0.43591753706858555,0.14780951067691173,0.32486878097496785,1.34385368596129,2.542175060467976,-1.4333220661589794,0.491313303787529,0.29433031822030997,1.277645320451185,-1.185865061402144,-0.2949903812052747,0.9978138773509964,0.16549770331288036,-0.26916619828837884,-1.234138524861951,0.5500301685622175,-0.7840063513204772,0.8357315873092195,0.23145868587011445,-0.21190070626291932,-0.16921162995835082,0.13615358110642176,1.4444810484444195,0.02416528893390142,-0.11165645821007843,6,6,0,0,0,0,0,0,0,0,0,0,0,0,0,0,0,0,0,0,0,0,0,0,0,0,0,0,0,0,0,0,1,1,1,0,0,0,0,0
53.299,-6.536,True,0.4669788422889004,0.5387603439659847,-0.48902916311300887,-0.16023755365432923,-0.23503118432181502,0.029467776916714167,-0.18571654862626327,-0.08580685580195069,0.26673630017049627,-0.6784399839114144,-0.021601153411503808,0.10413843362330952,-0.41004345938271125,0.314367952324898,0.8179779862610369,-0.0678440181103477,-0.31826210367446917,-0.40913013555820105,-0.3380592012110901,-0.48222388623102447,1.2040059081595462,-0.9819421003211934,-0.7149552231343153,0.2281390813615703,0.6142660331334813,0.41145094331144594,1.2821670756296986,-0.8997012092157086,1.1430211519800124,-0.24314717060102548,0.9247415826997617,1.5765173457682524,1.98413407801157,-0.31920141725081325,-0.3046797639723404,-0.3796110552760798,-0.23223551411061963,-0.4079206186137961,-0.24237068768035852,-1.2347255399850727,1.249163309881439,0.29433031822030997,-0.984005419699642,0.6700789217354362,0.16397803115127949,-0.09987809529151599,-0.20532158419363405,0.7610660100328043,-0.6240622233099594,-0.19654144180238767,0.28896825384277885,-0.30867996099259465,-0.12303432400792891,-0.9463932539069062,1.4690221581521201,0.5438722489019975,0.11512345748476047,-0.14724297697232663,1.746025772683809,7,6,4,0,0,0,0,0,0,0,0,0,0,1,1,0,0,0,0,0,0,0,0,0,0,0,0,0,0,0,0,0,0,0,0,0,0,0,0,0
53.299,-6.536,True,0.4669788422889004,0.6784707438384285,-0.5760841040597593,-0.19012480418799874,-0.2619607157442345,-0.04423672679738317,-0.1886066045229598,0.15055601264847215,0.010534110643995162,-0.6656368226703816,-0.008573339136486734,0.24523987428517363,-0.4220187486737969,0.2611340322982962,1.063849829797411,-0.20839188553700805,-0.3547623224419235,-0.4459834320536014,-0.4135581658923735,0.1287247421031954,0.9809677583427999,-0.9819421003211934,-0.7149552231343153,1.6516582967452889,0.4091378759476005,0.15446786775171745,-0.3810273095470639,-0.3023434540297539,1.2227380090547955,0.5717091803471681,0.0737401693101102,0.7167818328141736,0.7593776612266905,-0.4066099284731928,-0.7984112979996244,-0.3796110552760798,-0.23223551411061963,0.46796653367374685,2.0780841024432535,-0.7272010842073116,0.5378965236665543,-2.283701392140152,0.44534796917536884,0.05941348212242588,0.07024290926220132,0.360107112292013,0.7268390445998754,0.6068815979031034,0.5617770709112222,-0.19654144180238767,0.28896825384277885,-0.30867996099259465,-0.12303432400792891,-0.9463932539069062,1.4690221581521201,0.5438722489019975,0.11512345748476047,-0.14724297697232663,1.746025772683809,7,6,4,0,0,0,0,0,0,0,0,0,0,0,0,0,0,0,0,0,0,0,0,0,0,0,0,0,0,0,0,0,0,0,0,0,0,0,0,0
53.299,-6.536,True,0.4669788422889004,0.6487080750837324,-0.543256337782042,-0.1926906412767399,-0.3495590765780817,0.1768767843449641,-0.2088369957998312,0.07176838983166446,0.34597409074570284,-0.3668963937129492,-0.2170183675367606,0.2855545716171348,-0.20247177833722593,0.2518759592501915,1.019145858245343,0.7919782296762807,-0.07406305535151449,-0.16256887549898874,-0.12083157489437288,0.3967612701850238,1.6537043790386696,-0.9819421003211934,-0.7149552231343153,-1.0535879090813047,0.3332221944857917,0.32543410411350127,0.08623557604633868,-0.7954396192040466,-0.9529067868787864,0.3005791048148888,2.3430772716825135,1.5765173457682524,3.5150795989926693,-0.31920141725081325,-0.3046797639723404,-0.5554179105937436,-0.7893398091962072,-0.2884814614836766,-0.24237068768035852,-0.8816650490092389,1.4476535671954252,-0.994685536959921,-0.9877100073165966,-0.33572297880363955,0.28387708269386247,1.4055280386182152,0.36143289712218574,-0.06592310957195495,-0.5750204639786236,-0.19654144180238767,0.28896825384277885,-0.30867996099259465,-0.12303432400792891,-0.9463932539069062,1.4690221581521201,0.5438722489019975,0.11512345748476047,-0.14724297697232663,1.746025772683809,7,6,4,0,0,0,0,0,0,0,0,0,0,1,1,1,1,0,0,0,0,0,0,0,0,0,0,0,0,0,0,0,0,0,0,0,0,0,0,0
52.292,-6.5,True,0.4669788422889004,0.027570676897292527,-0.21160385791089825,-0.02524601348556173,-0.24122188120053223,-0.5233160009391383,-0.16837621324608756,-0.046413044393546904,-0.306417051656831,0.29033254999340236,0.4474001604891126,-0.17806444770041874,-0.11465299020259753,-0.3869310810690295,-0.480672387326539,-0.084379061337014,-0.21890858271221988,-0.30881553774136405,-0.3041922818389211,-0.5111069740669405,1.9371414379428542,-0.9819421003211934,-0.7149552231343153,-1.0535879090813047,0.9254230598317191,0.41384025026886995,0.15514098115409472,1.4470894479485745,0.570739751322733,1.1073465642268185,1.775742996089413,2.866120615199371,3.5150795989926693,-0.31920141725081325,-0.3046797639723404,-0.5554179105937436,-0.7893398091962072,-0.2884814614836766,-0.24237068768035852,3.141753462736202,3.347815605981712,0.29433031822030997,-0.044892458801632715,2.1548341082455003,3.6768458151512706,0.5482828790307294,-0.12293436077620161,1.4969461588336492,0.3176828596938913,0.3705290077605744,-0.1552860121618949,0.004312058416459542,0.2740174376979851,-0.699908351819956,1.6534248820852582,0.16983308601248295,0.4400875115408757,-0.13761766582333984,0.9939515179940445,7,6,4,0,0,0,0,0,0,0,0,0,0,1,1,1,1,0,0,0,0,0,0,0,0,0,0,0,0,0,0,0,0,0,0,0,0,0,0,0
52.292,-6.5,True,0.4669788422889004,-0.3105047439838446,-0.34782374788572484,0.2620802249517976,-0.22884048744309796,-0.2745633009039973,-0.15970604555599968,-0.1383319376798225,-0.34603594694443424,-0.0894945668239048,-0.0997680390616066,-0.37963793436022464,0.14880337420128767,-0.3128664966841923,-0.8159521739670491,-0.14225171263034428,-0.09634168854987256,-0.18506301669858743,-0.25346794270257644,-1.2084718855638485,1.5605255308198565,-0.9819421003211934,-0.7149552231343153,0.8690025765830078,0.3551750762960837,0.2580511363513506,0.2434627961618035,0.7671439812687072,1.413603295513591,1.3641410530752403,0.6410744449032111,1.146649589291213,2.2903231822077896,-0.31920141725081325,-0.3046797639723404,-0.5554179105937436,-0.7893398091962072,-0.3282945138603831,0.22172027034436392,0.6335528914287151,1.4748572046441584,2.872362028580772,0.718870021560522,2.78944721215706,2.7977377787935085,0.21374818260634465,-0.19563423903566632,1.321736599595353,1.2016287263429535,0.3705290077605744,-0.1552860121618949,0.004312058416459542,0.2740174376979851,-0.699908351819956,1.6534248820852582,0.16983308601248295,0.4400875115408757,-0.13761766582333984,0.9939515179940445,7,6,4,0,0,0,0,0,0,0,0,0,0,1,1,0,0,0,0,0,0,0,0,0,0,0,0,0,0,0,0,0,0,0,0,0,0,0,0,0
52.292,-6.5,True,0.4669788422889004,-0.2550955202383995,-0.3920031716613444,0.15146413712607026,-0.34336837969936457,-0.6615119454031058,-0.16259610145269623,0.11772783647480231,-0.27736319511258867,-0.02547876061874056,0.36923327483900975,-0.17806444770041874,-0.01885067587391187,-0.3522133071386371,-0.491848380214556,0.039633762862980766,-0.25958486232252287,-0.3498852913874695,-0.30775289017923413,-0.7502604143121918,1.6915695170520841,-0.9819421003211934,-0.7149552231343153,1.1894343241928014,0.5667043998075575,0.37647530505928994,0.12999890027652522,1.1965847287822646,1.5709595699285268,1.309721986262741,1.2084087204963119,1.5765173457682524,3.2088904947964494,-0.31920141725081325,-0.3046797639723404,-0.3796110552760798,-0.23223551411061963,-0.1690423043535571,0.6858112283690864,1.9869514401694117,2.541095348541848,-0.994685536959921,0.5484589911806071,1.256796697049897,0.016019113023778286,-0.4553212102424247,-0.32072512268049425,-0.10096502141961423,-0.7535929740113937,0.3705290077605744,-0.1552860121618949,0.004312058416459542,0.2740174376979851,-0.699908351819956,1.6534248820852582,0.16983308601248295,0.4400875115408757,-0.13761766582333984,0.9939515179940445,7,6,4,0,0,0,0,0,0,0,0,0,0,1,1,0,0,0,0,0,0,0,0,0,0,0,0,0,0,0,0,0,0,0,0,0,0,0,0,0
53.519,-6.658,True,0.4669788422889004,0.781136119835347,-0.6432736443851808,-0.21017634588149398,-0.24431722963989075,-0.26535023793973106,-0.1712662691427841,-0.05954431486301491,0.11090197870592346,-0.016943319791385372,0.3431776462889755,0.24523987428517363,-0.3302081974421399,-0.38924559933105574,0.862681957813105,0.08923889254297823,-0.0818311266176112,-0.1704120896832863,0.18228872534156934,0.2050933206444774,1.5506599820270688,-0.9819421003211934,-0.11654916919394286,0.2281390813615703,-0.8610542399691897,0.09330631557155561,-0.4156229156307599,-4.279247589662175,0.008699777075614043,0.956588548792598,0.0737401693101102,0.7167818328141736,1.98413407801157,-0.31920141725081325,-0.3046797639723404,1.2026506425828947,0.32486878097496785,-0.1690423043535571,-0.24237068768035852,-1.8305151185067925,1.8354859559556822,0.29433031822030997,0.0020323176797931264,0.9095555647209304,-0.3977501628878806,0.004663997341104223,4.532314875927729,0.7820911571413999,0.7963973058940904,0.5835152376713658,-0.15777968625806463,-0.12474500491798639,0.6824714873289243,-1.0469592010553306,1.0031757426162593,0.15138901477016492,0.19535445052167563,-0.6392845065949935,2.041713260144781,7,6,7,0,0,0,0,0,1,0,0,0,0,1,1,0,0,0,0,1,1,0,0,0,0,0,0,0,0,0,0,0,0,0,0,0,0,0,0,0
53.519,-6.658,True,0.4669788422889004,0.5539583024790211,-0.7432142505998198,-0.011894157523779252,-0.24338862510808318,-0.5509551898319318,-0.16548615734939187,-0.0989381262714187,-0.04757360244448961,0.1708363784104294,0.2780385749138899,0.2855545716171348,-0.30226585576294,-0.3452697523525586,1.2203137302296492,0.2463218031963049,-0.10853509635498045,-0.1973743750494489,0.2060056885198402,0.8899742461304498,1.3188538274055144,-0.9819421003211934,1.198941395902077,0.8690025765830078,0.5800081138547422,0.30902309840434783,-0.2749531144400896,-0.014720260851623994,0.3291168538992318,1.5771593237242334,0.35740730710666074,0.7167818328141736,1.67794497381535,-0.31920141725081325,-0.3046797639723404,0.14780951067691173,0.8819730760605554,-0.3282945138603831,0.22172027034436392,-0.410917727708127,-0.9694979531939975,1.583346173400541,0.6373690939875193,1.4004826828411934,-0.2601809791445248,-0.8630353715096436,-0.43413232583757505,1.5389964530508404,1.2954131297395663,0.5835152376713658,-0.15777968625806463,-0.12474500491798639,0.6824714873289243,-1.0469592010553306,1.0031757426162593,0.15138901477016492,0.19535445052167563,-0.6392845065949935,2.041713260144781,7,6,7,0,0,0,0,0,0,0,0,0,0,1,1,0,0,0,0,0,0,0,0,0,0,0,0,0,0,0,0,0,0,0,0,0,0,0,0,0
53.519,-6.658,True,0.4669788422889004,0.5106599519236521,-0.32435342900492714,-0.245385332599219,-0.23100723135064893,-0.49567681204634484,-0.16837621324608756,-0.35499790042604346,0.042229226874077756,-0.33275463040352826,0.017482289413547528,-0.0571203557045352,-0.30226585576294,-0.21102769315504116,0.7509220289329349,0.04790128447631355,-0.13484891898332177,-0.22394273929482497,0.15930634615419118,-0.17674957206457567,1.143238413703824,-0.9819421003211934,-0.7149552231343153,1.6610626574801428,-0.40910019133036757,0.28783133498673713,0.4940352796744228,-0.35850265789332997,-0.8293207772344654,1.4671681859504322,0.9247415826997617,0.7167818328141736,1.0655667654229104,-0.31920141725081325,-0.3046797639723404,-0.3796110552760798,-0.23223551411061963,0.06983600990668187,1.6139931444185314,-1.0949724289738052,-1.3327748462040705,0.29433031822030997,2.4016789465621815,0.8975817325716556,-0.5319824976319488,0.9769054588244722,7.796617471607896,0.29150439127416977,-0.512364839638102,0.5835152376713658,-0.15777968625806463,-0.12474500491798639,0.6824714873289243,-1.0469592010553306,1.0031757426162593,0.15138901477016492,0.19535445052167563,-0.6392845065949935,2.041713260144781,7,6,7,0,0,0,0,0,0,0,0,0,0,1,1,0,0,0,0,0,0,0,0,0,0,0,0,0,0,0,0,0,0,0,0,0,0,0,0,0
52.623,-6.563,True,0.4669788422889004,1.0085514052934375,-0.13260245775657853,-0.662999076542654,-0.23719792822936606,-0.8089209528313366,-0.13080548658904045,1.0631793102764937,0.029022928444876667,0.6872305484654199,-0.6339084243373084,-0.2788511910303217,-0.2463811724045401,0.3814889819236567,1.019145858245343,-0.6217679662036564,0.0839848110043611,-0.002992164017137948,0.4417867543348004,-0.19265499981078027,1.117157020884253,-0.9819421003211934,-0.7149552231343153,1.4598326378133692,0.0006308499594254523,0.4067585460997231,1.2382176834387528,-0.10216856209569959,-0.07872860314946223,0.7623410036983851,2.0594101338859634,2.006385102245292,2.2903231822077896,-0.31920141725081325,-0.3046797639723404,-0.5554179105937436,-0.7893398091962072,-0.08941619960014412,1.1499021863938088,-0.6610022421493427,-1.0586921804042242,-0.994685536959921,-1.343350418544245,0.1911256357644477,-1.3819689427232011,1.3846196200916912,0.062456087445038486,-0.31121649250557,-1.1376472711126344,-0.02079943581504688,0.06298357266033477,-0.07918589906143758,0.02206575547233895,-0.6205750122064598,0.7967579579084549,0.19628896024088505,0.35677821523467707,0.0767284982980389,0.17392812413487516,7,6,2,0,0,0,0,0,0,0,0,0,0,1,1,0,0,0,0,0,0,0,0,0,0,0,0,0,0,0,0,0,0,0,0,0,0,0,0,0
52.628,-6.559,True,0.4669788422889004,1.3661783665533247,-0.10230580429933919,-0.896537767119737,-0.24957932198680027,-0.9563299602595675,-0.1336955424857361,1.2995421787269166,0.13467331587848538,-0.5674792531557966,-0.16490711043669212,-0.11759240170247696,-0.39407640699459695,0.32825506189705506,0.9967938724693091,-0.084379061337014,0.23523378977529644,0.14971989217036938,0.6480070393443264,0.2853877888953724,1.7267263884123187,-0.05770336983235298,-0.7149552231343153,1.1894343241928014,0.664232308837416,0.4518622595787431,0.6590141582984589,0.4739242895198706,1.0627071049829895,1.426731916148022,1.4920758582928624,1.146649589291213,2.2903231822077896,-0.4357460988806527,-0.5515455309859825,-0.5554179105937436,-0.7893398091962072,-0.1690423043535571,0.6858112283690864,0.03040788601166541,-0.6997486101735954,0.29433031822030997,0.6781195577740207,1.627985493677413,0.035433507201451435,1.1755354348264506,-0.1656764120676313,0.5297893918382529,-0.3332350368856576,0.8266732345992787,-0.22353767399633218,-0.1776918161136937,0.7126930570696163,-0.9869386924255438,1.5530548689734756,0.25673555204371495,0.1029380738102256,0.12937422401172569,0.3493209463594936,7,6,2,0,0,0,0,0,0,0,0,0,0,0,0,0,0,0,0,0,0,0,0,0,0,0,0,0,0,0,0,0,0,0,0,0,0,0,0,0
52.623,-6.563,True,0.4669788422889004,1.0350686766573285,-0.09593967205389414,-0.7140782408092591,-0.2505079265186078,-0.42197230833222815,-0.16837621324608756,1.2667140025532468,0.1082607190200832,-0.1919198567521672,0.21289950353880432,0.04366638762536775,-0.366134065315397,0.2958518062286886,0.5944581285006969,0.2463218031963049,-0.13600644945987928,-0.2251114669160707,0.05362681188747524,0.7211365884945377,2.176293237192551,-0.9819421003211934,0.5609758562232795,1.5026572510255434,0.6598700800271537,0.3507235244176531,1.1192085918080668,0.4273413814165067,-0.22184813020949623,1.6373509861891753,1.775742996089413,2.4362528587223315,3.2088904947964494,-0.31920141725081325,-0.3046797639723404,-0.20380419995841595,0.32486878097496785,0.9457231621942249,1.6139931444185314,-0.006369248464983957,-0.5572304387607635,0.29433031822030997,0.44596540044486127,1.2208752006020729,0.15540839622129093,1.1859896440897126,-0.13946811235360496,0.9783258634882919,-0.0802241421535384,-0.02079943581504688,0.06298357266033477,-0.07918589906143758,0.02206575547233895,-0.6205750122064598,0.7967579579084549,0.19628896024088505,0.35677821523467707,0.0767284982980389,0.17392812413487516,7,6,2,0,0,0,0,0,0,0,0,0,0,1,1,0,0,0,0,0,0,0,0,0,0,0,0,0,0,0,0,0,0,0,0,0,0,0,0,0
52.137,-7.946,True,0.4669788422889004,0.12224129346808146,-0.6997251303206944,0.2203140990072899,-0.24122188120053223,-0.35748086758237774,-0.1712662691427841,0.07176838983166446,-0.3037757919709908,-0.7509912309439337,0.14776043216371873,-0.2183791450323799,-0.6096316142341395,0.09217419917038629,0.773274014708969,0.04790128447631355,-0.26895324616482896,-0.3593442984587113,-0.12736467578651925,-0.3785234713114712,0.43193685376170843,-0.9819421003211934,-0.7149552231343153,-1.0535879090813047,-0.23934725408235044,0.24646202675684126,1.230362157464512,0.02364319449411851,-1.0672463103367134,1.404541525502975,0.9247415826997617,0.7167818328141736,2.2903231822077896,-0.31920141725081325,-0.3046797639723404,-0.5554179105937436,-0.7893398091962072,-0.2884814614836766,-0.24237068768035852,-0.5727371194053842,-0.887405560538971,0.29433031822030997,-0.15016449025009462,1.4483780114382923,-0.1705410810272996,-0.41350437318937666,0.14650692363728707,-0.22711590407118767,-0.7662514800725664,0.28314097439088265,-0.16019838934564506,0.06616978424626878,-0.002202278084464809,-0.6756209313235673,0.3108467774978544,0.07631472819979536,0.43752236075379547,-0.7112024414730984,0.09449415964270835,7,6,2,0,0,0,0,0,0,0,0,0,0,1,1,1,1,0,0,0,0,0,0,0,0,0,0,0,0,0,0,0,0,0,0,0,0,0,0,0
52.144,-7.948,True,0.4669788422889004,0.03619868459479769,-0.7609320403431674,0.30988081960501135,-0.2402932766687246,-0.4864637490820786,-0.16259610145269623,-0.24994773667029996,-0.4939464893514865,-0.7723298330123219,-0.034628967686520996,-0.2183791450323799,-0.4220187486737969,-0.39618915411713423,0.23682635608415273,-0.663105574270321,-0.29602209112557987,-0.38667498859737076,-0.1612281097417373,-1.2084718855638485,2.040654125823723,-0.9819421003211934,0.45672697158011144,0.2281390813615703,-0.2690718277467587,0.06010282998684615,1.6112600050981232,0.3713594468919532,-0.5803870442517324,0.6563617933246161,2.0594101338859634,2.4362528587223315,2.5965122864040096,-0.31920141725081325,-0.3046797639723404,-0.027997344640752115,0.32486878097496785,-0.2486684091069701,-0.24237068768035852,0.3834683769874993,-0.4213326215943047,-0.994685536959921,-1.8802069073679264,1.005346221915128,-0.9331627523190228,0.14056871776351051,-0.019048141499606933,-0.47941766937433455,-0.3942187830671564,-0.22431298250937773,0.7638679011489646,-1.0039097114970363,-0.2851335410693808,-0.23666305072764876,0.03401221922137976,-0.2779942508695896,0.2704548361724624,-0.7112024414730984,-0.10431073787157048,7,6,2,0,0,0,0,0,0,0,0,0,0,1,1,0,0,0,0,0,0,0,0,0,0,0,0,0,0,0,0,0,0,0,0,0,0,0,0,0
52.138,-7.946,True,0.4669788422889004,0.26757177174899227,-0.4245241363850643,-0.03740998190626026,-0.23719792822936606,-0.8273470787598664,-0.12502537479564826,-0.21055392526189612,-0.2298205207674647,-0.499195726536955,0.06959354651361606,-0.07727770437051579,-0.28629880337482577,-0.25037450360948593,0.6838660716048329,-0.6961756607236529,-0.1904040206489111,-0.2800352423715365,0.05355388221021085,-0.29204894306185697,1.5730571486971996,-0.9819421003211934,0.5609758562232795,0.2281390813615703,0.9213656761709184,0.3575029237760847,0.49044761616761856,0.21401620664134363,1.3063310188975041,1.469277090666683,0.6410744449032111,1.146649589291213,1.67794497381535,-0.31920141725081325,-0.7984112979996244,-0.20380419995841595,0.32486878097496785,-0.4079206186137961,-0.24237068768035852,-0.12405607879026193,-0.5420638090327087,0.29433031822030997,-2.1157569366792943,2.322467758335346,-0.40904994699910446,0.43328657713484714,-0.24348230184364703,-1.1872642886970521,-1.587462109135439,0.28314097439088265,-0.16019838934564506,0.06616978424626878,-0.002202278084464809,-0.6756209313235673,0.3108467774978544,0.07631472819979536,0.43752236075379547,-0.7112024414730984,0.09449415964270835,7,6,2,0,0,0,0,0,0,0,0,0,0,0,0,0,0,0,0,0,0,0,0,0,0,0,0,0,0,0,0,0,0,0,0,0,0,0,0,0
53.299,-6.536,True,-0.6920986562037972,1.0298443784184725,-0.390085661948861,-0.5163187229696214,-0.2916760607620767,0.6928083103437571,-0.23195744297339915,-0.046413044393546904,0.31956149388730065,-0.42237675909075806,0.3301498320139584,0.42665601227899896,0.009091665805287915,0.18012589312738045,1.175609758677581,0.965596183556273,-0.3948325611118009,-0.4421198409952339,-0.19223821589308518,0.212224031500332,1.1341749105219625,-0.9819421003211934,-0.7149552231343153,-1.0535879090813047,0.9912634830694736,0.07716066259268194,1.207151139762448,0.07281711651747867,-0.7063220080573881,1.0148529932559993,0.35740730710666074,1.5765173457682524,1.37175586961913,-0.31920141725081325,-0.3046797639723404,-0.3796110552760798,-0.23223551411061963,-0.2884814614836766,-0.24237068768035852,-0.5874479731960439,-0.9676924020358958,-0.994685536959921,2.8008482622890476,0.8137649075267327,-0.40571309799981686,1.300985945985595,-0.1048521696160848,-0.7737697288946725,-0.9824810553061837,-0.19654144180238767,0.28896825384277885,-0.30867996099259465,-0.12303432400792891,-0.9463932539069062,1.4690221581521201,0.5438722489019975,0.11512345748476047,-0.14724297697232663,1.746025772683809,7,6,4,0,0,0,0,0,0,0,0,0,0,1,1,1,1,0,0,0,0,0,0,0,0,0,0,0,0,0,0,0,0,0,0,0,0,0,0,0
53.299,-6.536,True,0.4669788422889004,0.9795802968779619,-0.4391739105884383,-0.45573645837434545,-0.2650560641835931,0.42562948438010545,-0.22039721938661472,-0.11206939674088659,0.45162447817931156,0.13669461510100847,0.06959354651361606,0.325869268949096,0.12485279561911618,0.18475492965143284,1.197961744453615,0.9407936187162739,-0.3982777883016788,-0.3600898013603059,-0.12795491644243664,1.107282281660326,2.00533874723687,-0.9819421003211934,0.5609758562232795,1.203487239725904,0.48347071500101974,0.419685547384207,1.4232322254450065,-4.347567995330601,-0.19250505592215034,0.8197426529768943,1.775742996089413,1.5765173457682524,3.5150795989926693,-0.46488226928811255,-0.7984112979996244,-0.20380419995841595,0.32486878097496785,-0.08941619960014412,0.6858112283690864,-2.190931036377956,0.3574617779335856,1.583346173400541,0.6815154297562291,0.634157425287612,-0.5041501434788003,0.5482828790307294,-0.026329646644763668,1.0904599814008016,-0.2189104161067642,-0.19654144180238767,0.28896825384277885,-0.30867996099259465,-0.12303432400792891,-0.9463932539069062,1.4690221581521201,0.5438722489019975,0.11512345748476047,-0.14724297697232663,1.746025772683809,7,6,4,0,0,0,0,0,0,0,0,0,0,0,0,0,0,0,0,0,0,0,0,0,0,0,0,0,0,0,0,0,0,0,0,0,0,0,0,0
53.299,-6.536,True,-0.30573949003956463,0.9121393559763632,-0.5299104701831568,-0.3590424125301208,-0.2669132732472082,0.287433539916138,-0.2146171075932234,0.05863711936219657,0.16108591273688758,0.25192306627030403,0.173816060713753,0.4871280582769407,0.236622162335916,0.2750211418704532,1.1532577729015472,0.9159910538762748,-0.30564941779133625,-0.3849965757618541,-0.07776686788783227,0.5168719326416985,2.491437497766097,-0.5994765399432357,0.5609758562232795,0.7480576157987934,0.8031546025230275,0.24455116687927675,-0.7735643736120681,0.3356888015419534,0.9627480700117649,0.28534656471928865,2.9104115472756145,2.006385102245292,4.433646911581329,-0.14438439480605403,-0.5515455309859825,-0.20380419995841595,0.32486878097496785,-0.1690423043535571,0.22172027034436392,-0.4035623008127971,-0.821803868461274,0.29433031822030997,0.8685971044124401,0.5383667680934143,0.11908224461541034,0.33919869376548895,-0.20312049652233888,-0.2901913453969744,-0.7787507596424036,-0.19654144180238767,0.28896825384277885,-0.30867996099259465,-0.12303432400792891,-0.9463932539069062,1.4690221581521201,0.5438722489019975,0.11512345748476047,-0.14724297697232663,1.746025772683809,7,6,4,0,0,0,0,0,0,0,0,0,0,0,0,0,0,0,0,0,0,0,0,0,0,0,0,0,0,0,0,0,0,0,0,0,0,0,0,0
52.865,-6.908,True,-0.30573949003956463,0.6012144547304936,-0.9035947629519387,0.05909400193139104,-0.4238474391226872,0.913921821486105,-0.2608580019403584,-0.09237249103668475,-0.11624635427633531,-0.640030500188316,0.2259273178138214,0.18476782828723187,-0.44197756415893974,-0.09761629831575919,0.862681957813105,-0.22492692876367437,-0.6016403762067448,-0.6952496123898927,-0.5846427807111193,-0.7876982003987959,0.2162984666740226,-0.05770336983235298,-0.7149552231343153,-1.0535879090813047,0.8141285596070512,0.35064556515728523,0.8944396761032779,0.42584227888984216,0.6157324530733381,1.367790269303381,-0.4935941062829906,-0.14295368013990536,-0.15918965136196916,-0.4357460988806527,-0.5515455309859825,-0.5554179105937436,-0.7893398091962072,-0.2884814614836766,-0.24237068768035852,0.2584261197668915,-0.7608966093946414,0.29433031822030997,-0.20480715760017604,1.172979872004974,-0.16068220898394994,0.6110081346103015,-0.18581892366425115,0.3545798325999565,-0.9464162550186915,-0.11282550724118563,0.29924395602254206,-0.37629530575034387,-0.6005875233703745,-0.053272275946128746,1.0617333220249605,0.21166286605819357,-0.023340556299246126,-0.9223789463174156,0.24004416103764123,7,6,7,0,0,0,0,0,0,0,0,0,0,0,0,1,1,0,0,0,0,0,0,0,0,0,0,0,0,0,0,0,0,0,0,0,0,0,0,0
52.865,-6.908,False,0.4669788422889004,0.5370189112196994,-0.9174775332703192,0.10618186405995446,-0.4083706969258944,0.877069569629056,-0.24640772245687828,-0.0726755853324828,-0.08983375741793313,-0.1407072117880359,-0.16490711043669212,0.24523987428517363,-0.03880949135905472,-0.10224533483981141,0.7285700431569009,0.06443632770297987,-0.5060519066010224,-0.5987364864175535,-0.4492747221820638,0.02303544766842062,-0.2954181089260532,-0.9819421003211934,-0.7149552231343153,0.6447147224707904,0.12089879252348158,0.3614429487240357,0.8176501750319869,0.34155089616295364,-0.713839604688052,1.2999881628476937,-0.20992696848644016,-0.5728214366169448,-0.15918965136196916,-0.31920141725081325,-0.3046797639723404,-0.5554179105937436,-0.7893398091962072,-0.009790094846731125,0.22172027034436392,-0.021080102255643704,-0.6755542246550318,0.29433031822030997,0.2554878538064419,1.005346221915128,-0.3649883727130572,-0.01624442118541982,0.19972973541005834,0.726024098185145,-0.3075199585349733,-0.11282550724118563,0.29924395602254206,-0.37629530575034387,-0.6005875233703745,-0.053272275946128746,1.0617333220249605,0.21166286605819357,-0.023340556299246126,-0.9223789463174156,0.24004416103764123,7,6,7,0,0,0,0,0,0,0,0,0,0,1,1,0,0,0,0,0,0,0,0,0,0,0,0,0,0,0,0,0,0,0,0,0,0,0,0,0
52.865,-6.908,True,-1.4648169885322622,0.41424790260657723,-0.8739884129911938,0.15298463317865774,-0.3393444267281985,0.8033650659149311,-0.24929777835357483,-0.0989381262714187,-0.16378902862145925,-0.42237675909075806,0.017482289413547528,0.20492517695321247,-0.2783152771807686,-0.04669689655118352,0.6391621000527649,-0.6383030094303226,-0.5025221974372402,-0.5951726333024763,-0.49421169599072795,0.06056585838110154,0.37643203413444903,-0.9819421003211934,1.3073476911524553,0.2281390813615703,0.6366433591387987,0.33514481569178173,1.1194554616836412,-0.22646845609856314,-2.236019106157795,0.9307484835748767,-0.20992696848644016,-0.14295368013990536,0.14699945283425073,-0.31920141725081325,-0.3046797639723404,-0.027997344640752115,0.8819730760605554,0.06983600990668187,-0.24237068768035852,-0.7639782186839609,-0.7660725227145331,-2.283701392140152,-1.4853596105275075,0.21507330006299713,-0.4307394654944737,1.4368906664080012,-0.003883671206090709,0.7470492452937405,-0.10538192778454837,-0.11282550724118563,0.29924395602254206,-0.37629530575034387,-0.6005875233703745,-0.053272275946128746,1.0617333220249605,0.21166286605819357,-0.023340556299246126,-0.9223789463174156,0.24004416103764123,7,6,7,0,0,0,0,0,0,0,0,0,0,1,1,0,0,0,0,0,0,0,0,0,0,0,0,0,0,0,0,0,0,0,0,0,0,0,0,0
53.289,-6.248,True,-1.4648169885322622,0.5699478213312785,-0.2805575071718045,-0.3081057947684458,-0.24741257807924927,-0.9655430232238338,-0.1886066045229598,0.025808943188526726,0.5836874624713224,-0.6912431451524472,0.19987168926378726,0.3057119202831154,0.17275395278345915,1.4160786450493519,1.6450014599742953,0.7423730999962825,0.3056205221248158,0.23920734202335409,0.651577144223425,1.217684525381294,0.9867917812536303,1.329923349955343,2.435625833252764,1.1624813290224787,0.49704751153966087,0.3124018511177774,0.7830902349737432,0.17699693149171447,-0.9981014201360137,0.6437320004390975,-0.20992696848644016,0.7167818328141736,1.0655667654229104,2.0408283857534357,1.6702463721367955,2.4332986298065413,3.1103902564029053,3.0956279905363755,1.6139931444185314,-0.23438748222021002,-0.6330635874010372,-2.283701392140152,-3.159524497756273,1.3885088506919188,0.1572284956754478,1.3846196200916912,-0.015541757651148328,0.676965421598422,-0.4034539195646158,0.38333028973158173,-0.028096293889241012,-0.19450658803956847,-0.2517017925791254,0.7653905047473069,0.6863769285782804,0.7445358832759628,0.03367410956757257,-0.5075448706048986,1.054100602095373,7,6,7,0,0,0,0,0,0,0,0,0,0,0,0,0,0,0,0,0,0,0,0,0,0,0,0,0,0,0,0,0,0,0,0,0,0,0,0,0
53.289,-6.248,True,-3.396612819353425,0.24675373482748889,-0.40412183304424015,-0.03755252841119033,-0.24741257807924927,-0.32062861572532075,-0.19727677221304768,-0.0004535977504091697,0.12939079650680488,-0.3028805875077851,-0.04765678196153807,-0.03696300703855461,0.2086798206567162,0.46481163935659864,0.773274014708969,0.783710708062948,-0.016796640860572327,-0.07327399252701039,0.2765513313512484,0.6814385493448863,1.994319579438894,-0.05770336983235298,1.3073476911524553,0.7266269582040706,0.37625565941499756,0.2699039065283659,1.1879594092390215,0.42760102376405623,-0.416273422454084,0.37756815460152104,0.9247415826997617,2.006385102245292,1.98413407801157,-0.4357460988806527,-0.5515455309859825,-0.027997344640752115,0.8819730760605554,3.0956279905363755,1.1499021863938088,0.6409083183240449,-0.1899813332028665,1.583346173400541,0.6991122209367638,0.7538957467803591,-0.11783403433400727,0.360107112292013,-0.302809292797859,-0.7177026699384177,-1.0579544121992135,0.38333028973158173,-0.028096293889241012,-0.19450658803956847,-0.2517017925791254,0.7653905047473069,0.6863769285782804,0.7445358832759628,0.03367410956757257,-0.5075448706048986,1.054100602095373,7,6,7,0,0,0,0,0,0,0,0,0,0,0,0,0,0,0,0,0,0,0,0,0,0,0,0,0,0,0,0,0,0,0,0,0,0,0,0,0
53.289,-6.248,True,0.4669788422889004,0.6430879966752661,-0.6195732243388847,-0.1419916010232816,-0.24122188120053223,-0.8826254565454533,-0.15103587786591183,0.45914086868096876,0.5836874624713224,-0.8832905637679397,0.43437234621409526,0.7088588936027272,-0.6814833499806535,1.9206436261710553,1.6897054315263633,-0.20839188553700805,0.0391487700453418,-0.04826191764984735,0.2901949185943682,0.24836821864209702,1.180901528180421,0.755594317252216,-0.11654916919394286,1.2792987214065685,-0.38084109795003246,0.4392497470011809,0.05959114693905874,0.41325004718618835,0.5256419816021042,0.5490394299303593,0.6410744449032111,1.146649589291213,1.98413407801157,-0.23179290602843364,0.18905177005494359,1.2026506425828947,0.32486878097496785,0.7068448479339859,1.1499021863938088,0.40553465767348895,-0.29891625307500574,0.29433031822030997,0.4079933773710759,0.22704713221227182,-0.07293824779813812,-0.16260335087108813,-0.1102397156022201,0.08826130255774592,-0.7972210326373224,0.38333028973158173,-0.028096293889241012,-0.19450658803956847,-0.2517017925791254,0.7653905047473069,0.6863769285782804,0.7445358832759628,0.03367410956757257,-0.5075448706048986,1.054100602095373,7,6,7,0,0,0,0,0,0,0,0,0,0,0,0,0,0,0,0,0,0,0,0,0,0,0,0,0,0,0,0,0,0,0,0,0,0,0,0,0
53.307,-6.234,True,0.0806196761246679,0.510343327787964,-0.7790333320290115,0.03642910764751118,-0.2390551372929812,-1.3801308566157358,-0.1712662691427841,0.7874226304176671,0.9006386247721486,-0.6528336614293487,0.173816060713753,0.5677574529408631,-0.5457634046816824,2.7307250178802125,1.9132252892867034,0.5604876245029575,0.8055082623206319,0.7255108032980254,0.9522294429255834,-1.2084718855625265,1.0806675889583144,1.9033481100979792,-0.7149552231343153,0.8166413592208649,-0.5511272740127544,0.2488405940701818,0.6218110339175338,-0.409754720428006,-0.22309921793667234,-0.051185009196234955,-0.4935941062829906,1.146649589291213,1.67794497381535,1.2541517847520196,1.9171121391504375,0.32361636599457555,-0.23223551411061963,-0.2486684091069701,0.22172027034436392,-0.81546620695127,-0.8098872308178023,1.583346173400541,-0.1702310065085991,1.0412677183629522,0.2177468025261633,0.24511081039613072,-0.13575697616363053,0.5998732155335715,0.011012637381706582,0.435471663342206,0.34373298645623157,-0.7849148535237325,-0.40828175494834545,0.8333773051494006,0.054159306881004336,-0.19463541313187088,-0.1256334363272845,-0.5375809691914595,1.2754064533637635,7,6,0,0,0,0,0,0,0,0,0,0,0,0,0,0,0,0,0,0,0,0,0,0,0,0,0,0,0,0,0,0,0,0,0,0,0,0,0,0
53.307,-6.234,True,-2.62389448702496,0.5936154754739758,-0.6322287884412757,-0.10511957174803921,-0.23812653276117363,-0.8365601417241301,-0.15681598965930402,0.2621718116389496,0.6893378499049312,-0.5205343286053431,0.3301498320139584,0.3863413149470378,-0.529796352293568,2.082659904512887,1.8685213177346354,-0.05130897488368212,0.26893307362958635,0.18374515945649808,0.5729018172838483,-0.750260414312853,1.880089559465123,1.6264619028085723,1.3073476911524553,0.7480576157987934,-0.47588804334107326,-0.14217382014303967,0.30149927414790584,-0.04437243904187527,-0.3172738959687521,0.7480168118895172,0.9247415826997617,1.5765173457682524,3.5150795989926693,0.32179433171330385,1.4233806051231535,0.4994232213122394,0.8819730760605554,1.1049753717010509,0.22172027034436392,-0.2123212015342204,-0.8557482302335869,0.29433031822030997,-0.5900842697634618,1.4124565149904682,0.26150502690318445,-0.6748596047709272,0.2011502047793244,0.13031159677493706,2.2877922369881083,0.435471663342206,0.34373298645623157,-0.7849148535237325,-0.40828175494834545,0.8333773051494006,0.054159306881004336,-0.19463541313187088,-0.1256334363272845,-0.5375809691914595,1.2754064533637635,7,6,0,0,0,0,0,0,0,0,0,0,0,0,0,0,0,0,0,0,0,0,0,0,0,0,0,0,0,0,0,0,0,0,0,0,0,0,0,0
53.307,-6.234,True,0.4669788422889004,0.23519695387486797,-0.9161736266658305,0.16286785752047522,-0.23812653276117363,-0.983969149152361,-0.15392593376260838,0.5313628562630422,1.4553031587985943,-0.738188069702901,0.3040942034639242,0.5677574529408631,-0.6455574821073965,2.568708739538381,1.5332415310941252,0.8581184025829445,0.3323422740964664,0.31069692392992804,0.6960142535841929,0.35783047772836274,2.2583963198659105,0.9527973547292642,1.1187891958924332,1.4400511153197377,-0.38527757372460764,0.2593516329988027,0.5269859896140721,0.1247899310212909,-0.9451992476865684,0.8627988505183974,0.9247415826997617,2.866120615199371,3.2088904947964494,0.8462453990475814,0.6827833040822275,3.1365260510771966,1.4390773711461429,0.22908821941350785,1.1499021863938088,-0.24909833601086978,-0.837331608420949,-0.994685536959921,-0.8892297198325516,0.9694247254673038,-0.044271681395167614,0.7469128550327078,0.05798992699572443,-0.030881197724295664,-0.7870305371918499,0.435471663342206,0.34373298645623157,-0.7849148535237325,-0.40828175494834545,0.8333773051494006,0.054159306881004336,-0.19463541313187088,-0.1256334363272845,-0.5375809691914595,1.2754064533637635,7,6,0,0,0,0,0,0,0,0,0,0,0,0,0,0,0,0,0,0,0,0,0,0,0,0,0,0,0,0,0,0,0,0,0,0,0,0,0,0
51.896,-8.495,True,0.0806196761246679,-0.3410589730777617,-0.7191303286110272,0.5104437520416069,-0.2505079265186078,-1.2511479751160322,-0.1886066045229598,-0.23681646620083202,-0.27736319511258867,0.2988679908207573,-0.1258236676116408,-0.359480585694244,-0.46592814274111105,6.619115698084167,12.351602646694586,0.3455320625563006,0.18287125329889606,0.09685083693783858,0.35484375185393147,0.3569230506114307,-0.7767910164720678,1.0103830099450966,0.6946818699879717,0.6073205662704652,0.07925306234794982,0.22144456527334808,0.3734955789549642,0.3157017088812055,-0.7481009964054731,1.1677875386414884,-1.0609283818760915,-1.0026891930939843,-0.7715678597544089,-0.26092907643589347,0.18905177005494359,4.015560327665516,0.8819730760605554,0.06983600990668187,0.22172027034436392,0.6556191721147047,0.3162952115288656,-0.994685536959921,-0.3190319424562784,1.0412677183629522,-0.30886863954322075,0.6841875994531357,0.23281003558620975,1.223619246421907,1.2347478365407387,-0.1957880811732752,0.4429392616325965,-0.5401696234622835,-0.36216448138769036,0.3832991913941077,-0.4848464563756953,0.30824439575278134,0.20696276701270783,-0.7346608818709005,0.6734738882996023,7,6,0,0,0,0,0,0,0,0,0,0,0,0,0,0,0,0,0,0,0,0,0,0,0,0,0,0,0,0,0,0,0,0,0,0,0,0,0,0
52.673,-8.572,True,0.4669788422889004,-1.269955031153188,-0.9934876182731646,1.237953597702994,-0.25453187948977396,-0.05344978976166628,-0.23195744297339915,-0.29590718331343774,-0.4067849197187593,-0.358360952885594,-0.6339084243373084,-0.6618408156839529,-0.25835646169562576,-0.19945510184491033,-1.0059440530633383,-0.3572072745770012,-0.04078398148944028,-0.12896788302425552,0.11519650917233284,0.7058285776175246,-0.07599069965109068,0.7943782821881294,1.3073476911524553,0.2281390813615703,0.6849555175565569,0.5905178811767215,0.5215238869000479,0.25435650968735823,0.8447852558936476,-0.19762612821828576,-1.0609283818760915,-0.14295368013990536,-0.7715678597544089,-0.3483375876582731,-0.057813996958698426,-0.027997344640752115,0.8819730760605554,-0.4079206186137961,-0.24237068768035852,0.07454044738364465,-0.629813595316454,-0.994685536959921,0.06037957264682921,1.1370583755571497,0.033992595133577254,0.44374078639810915,-0.20420824333664173,2.0225748365485385,0.8373981274129831,-1.2199262935745896,1.12297024516601,-0.9219386100398348,-1.4679828276291231,0.2822127403260188,-0.14654945553685061,0.5262778931474668,-0.1392937511231937,-0.23472121144075012,0.32452695086308964,7,6,7,0,0,0,0,0,0,0,0,0,0,0,0,0,0,0,0,0,0,0,0,0,0,0,0,0,0,0,0,0,0,0,0,0,0,0,0,0
52.673,-8.572,True,0.4669788422889004,-0.10794445317728181,-0.8893284906910616,0.40139567577011054,-0.27743745794102737,-1.610457430722347,-0.12791543069234476,-0.19742265479242824,-0.1294526527055364,-0.8790228433542618,0.05656573223859886,0.003351690293406572,-0.7293845071449963,0.26576306882234857,0.2815303276362207,-0.423347447483665,-0.11321294509515932,-0.20209747404457504,0.12348633169766261,-0.6349610433149103,1.671131722740109,1.1169508405683168,-0.7149552231343153,1.2438836893678729,0.3548663205025524,0.23118190865405755,-0.5745846108254021,0.059071499209950265,0.3624467581648146,-0.1284343724501539,0.6410744449032111,1.5765173457682524,2.2903231822077896,-0.0861120539911343,0.18905177005494359,0.14780951067691173,-0.23223551411061963,-0.2486684091069701,0.6858112283690864,-0.37414059323147764,-0.9078684736641243,-0.994685536959921,-2.223807408840472,0.41862844660066717,0.16246128160614876,-0.13124072308130205,-0.3545092590306063,-0.9419709057634371,-1.1897143337793448,-1.2199262935745896,1.12297024516601,-0.9219386100398348,-1.4679828276291231,0.2822127403260188,-0.14654945553685061,0.5262778931474668,-0.1392937511231937,-0.23472121144075012,0.32452695086308964,7,6,7,0,0,0,0,0,0,0,0,0,0,0,0,0,0,0,0,0,0,0,0,0,0,0,0,0,0,0,0,0,0,0,0,0,0,0,0,0
52.396,-7.837,True,-3.396612819353425,0.23535526594271172,-0.544176742444034,0.05605300982621641,-0.2978667576407938,0.15845065841642608,-0.20305688400643984,-0.0989381262714187,0.16108591273688758,-0.9046291658363276,0.0956491750636502,0.08398108495732894,-0.5058457737113967,-0.3012939053740615,0.08036245565191465,0.039633762862980766,-0.33844829786098474,-0.4295115969463918,-0.10292207939371503,-0.06294320743668977,0.7102869600594878,0.9783239122613663,1.034283248593691,0.2281390813615703,0.662732133131774,0.30176345771938157,-1.0293157992140844,0.33220635183379965,1.5228064386066682,-0.023903648722166822,-0.4935941062829906,-0.14295368013990536,1.0655667654229104,-0.056975883583674426,0.43591753706858555,0.32361636599457555,0.8819730760605554,-0.4079206186137961,-0.24237068768035852,0.6556191721147047,-0.19034244343448686,1.583346173400541,0.9278705062837148,0.634157425287612,-0.14468050128282092,0.9664512495612102,-0.19754099521603247,0.11629483203587335,0.34188528637688825,-0.2678560571272978,0.5145212441054408,-0.6026374745621668,-0.21585375359927003,-0.9869029934426886,0.23341748517703959,-0.19957984811018917,0.27564935825989023,-0.14724297697232663,0.6661215123251176,7,6,7,0,0,0,0,0,0,0,0,0,0,0,0,0,0,0,0,0,0,0,0,0,0,0,0,0,0,0,0,0,0,0,0,0,0,0,0,0
52.396,-7.837,True,-3.396612819353425,0.18145000684178605,-0.45696840072028505,0.03438594107684701,-0.2681514126229516,-0.09030204161871465,-0.19438671631635115,-0.07924122056721675,0.07392434310416035,-0.759526671771289,0.3562054605639926,0.003351690293406572,-0.493870484420311,-0.38230204454497724,0.12506642720398267,-0.24146197199033995,-0.26928924988150665,-0.35968355244163047,-0.017314559440351734,-0.7978968887371161,1.268878382232134,-0.05770336983235298,0.11442858692481829,1.1067312710985342,-0.20420140052837904,0.37343466523400104,0.8793468043153122,0.3270302785983246,0.24976631663901794,0.3322654006032159,-0.20992696848644016,1.146649589291213,1.0655667654229104,-0.4357460988806527,-0.5515455309859825,0.4994232213122394,0.32486878097496785,-0.08941619960014412,0.6858112283690864,0.17751642391826286,-0.1560369714305535,-0.994685536959921,-0.6153989518126521,0.22704713221227182,0.008587040252637786,2.0327805944139365,2.1286631537666665,1.5740383648984997,1.2312448537313576,-0.2678560571272978,0.5145212441054408,-0.6026374745621668,-0.21585375359927003,-0.9869029934426886,0.23341748517703959,-0.19957984811018917,0.27564935825989023,-0.14724297697232663,0.6661215123251176,7,6,7,0,0,0,0,0,0,0,0,0,0,0,0,0,0,0,0,0,0,0,0,0,0,0,0,0,0,0,0,0,0,0,0,0,0,0,0,0
52.396,-7.837,True,-3.396612819353425,0.17163465863544985,-0.5365067035941,0.08955143848478063,-0.24524583417169832,0.05710696580950765,-0.20016682810974332,-0.19085701955769427,-0.20076666422322229,-0.17058125468377924,-0.060684596236555144,-0.03696300703855461,-0.27033175098671147,-0.3059229418981138,-0.1610389907292526,-0.001703845203683916,-0.451893951339299,-0.5440546447672077,-0.2748367988323353,-0.055762645201862214,0.9891826743957634,0.9018040163755697,0.5609758562232795,0.2281390813615703,-0.17089288483163925,0.17943191249653437,-0.10650704335381145,-0.021218478892208306,1.553191397302694,0.908608042642559,-0.20992696848644016,0.2869140763371341,1.0655667654229104,-0.11524822439859415,0.18905177005494359,-0.20380419995841595,0.32486878097496785,-0.4079206186137961,-0.24237068768035852,-0.5727371194053842,-0.7633040109387771,1.583346173400541,1.1306966783119832,0.7419219146310844,-0.22863258860580596,0.046480834394152314,-0.33468667296760496,0.5648313036859123,0.6595421365912228,-0.2678560571272978,0.5145212441054408,-0.6026374745621668,-0.21585375359927003,-0.9869029934426886,0.23341748517703959,-0.19957984811018917,0.27564935825989023,-0.14724297697232663,0.6661215123251176,7,6,7,0,0,0,0,0,0,0,0,0,0,0,0,0,0,0,0,0,0,0,0,0,0,0,0,0,0,0,0,0,0,0,0,0,0,0,0,0
52.939,-7.287,True,0.4669788422889004,0.48438014866152657,-0.24627243351259953,-0.27793345122491614,-0.23719792822936606,-1.5459659899724962,-0.12213531889895259,-0.4140886175386492,-0.49922900872316694,-0.9174323270773603,0.004454475138530455,-0.2788511910303217,-0.7054339285628248,-0.32906812451837547,-0.8070113796566356,-1.5890679949636133,-0.03894754792091312,-0.12711368507475218,-0.017608928405269907,0.7607696745439987,-0.31442888570665584,0.6930876231748708,0.24199308638388084,0.2281390813615703,-0.23825515977731526,0.4766615525148727,-0.7467992633882707,-1.0200624180957816,0.5633669672923093,-0.4802911870330637,-0.7772612440795411,0.2869140763371341,0.45318855703047056,0.08870496845362491,0.18905177005494359,-0.5554179105937436,-0.7893398091962072,-0.009790094846731125,-0.24237068768035852,0.14809471633694338,-0.652864465101553,-0.3501776093698055,-1.1931602622402078,-0.814676264774628,-0.7087217383783053,0.07784346218393838,-0.06856621559307614,-0.4268548016028456,-0.9175166468412972,-0.005785761551617564,0.07530312288473189,-0.10703173587025086,0.2564959942305823,-0.7730788357771663,1.649375355170766,0.4262758215180905,0.536993207941684,0.5697608871931059,1.4283011242073131,7,6,4,0,0,0,0,0,0,0,0,0,0,0,0,0,0,0,0,0,0,0,0,0,0,0,0,0,0,0,0,0,0,0,0,0,0,0,0,0
52.939,-7.287,True,0.4669788422889004,0.4573879410941025,-0.04516401486733149,-0.3863638259750491,-0.25577001886551737,-1.6565227455436702,-0.10768503941547253,-0.4666136994165209,-0.5230003458957289,-0.43944764074546844,-0.151879296161675,-0.359480585694244,-0.4619363796440826,-0.40081819064118657,-0.8785377341399443,-1.3079722601102926,0.258575610464664,0.17328750539724563,0.505643404141212,-0.5357712680914224,-0.5682580431029624,-0.2850299362861041,-0.09552220314164693,-1.0535879090813047,0.14521892555270277,0.40933725553440425,-0.5205184180163729,0.8866400262932039,-0.8016244163752281,-1.4518303825735668,-0.7772612440795411,-0.5728214366169448,-0.7715678597544089,-0.46488226928811255,-0.7984112979996244,-0.5554179105937436,-0.7893398091962072,-0.2884814614836766,-0.24237068768035852,1.6007915281645932,1.8442127865531739,-0.994685536959921,-1.225112330436442,-0.748820187953617,-0.5746031598501219,-0.8212185344565955,-0.3085423583603023,0.40363850918667954,1.0459450244396622,-0.005785761551617564,0.07530312288473189,-0.10703173587025086,0.2564959942305823,-0.7730788357771663,1.649375355170766,0.4262758215180905,0.536993207941684,0.5697608871931059,1.4283011242073131,7,6,4,0,0,0,0,0,0,0,0,0,0,0,0,1,1,0,0,0,0,0,0,0,0,0,0,0,0,0,0,0,0,0,0,0,0,0,0,0
52.939,-7.287,True,0.4669788422889004,0.6411882518611364,-0.2982752969151515,-0.3398936653678494,-0.2390551372929812,-1.1405912195448582,-0.1163552071055604,-0.23025083096609808,-0.20340792390906254,0.695765989292775,0.13473261788870164,-0.41995263169218583,-0.6016480880400823,-0.4193343367373959,0.4826981996205268,-0.9359337875103089,0.2831585614709506,0.19810825477243532,0.8073920929743853,-0.7876982003987959,1.448973551911702,0.8665353606564881,0.5609758562232795,0.8166413592208649,0.12184659609985915,0.7142493001020799,-0.13658588989037768,0.5398181557137278,1.044647668405118,0.06369046244479296,0.35740730710666074,0.7167818328141736,1.67794497381535,-0.37747375806573297,-0.057813996958698426,0.14780951067691173,0.32486878097496785,0.22908821941350785,0.22172027034436392,1.221987043055105,1.4576442836035883,0.29433031822030997,-1.4600449284783172,0.9454770611687544,-0.08575478145449265,-0.8525811622463816,-0.29840711745526866,-1.5727253190213044,-2.0980218536027393,-0.005785761551617564,0.07530312288473189,-0.10703173587025086,0.2564959942305823,-0.7730788357771663,1.649375355170766,0.4262758215180905,0.536993207941684,0.5697608871931059,1.4283011242073131,7,6,4,0,0,0,0,0,0,0,0,0,0,0,0,0,0,0,0,0,0,0,0,0,0,0,0,0,0,0,0,0,0,0,0,0,0,0,0,0
52.937,-7.175,True,0.4669788422889004,0.40087053287374863,-0.5696412714258148,-0.027574273066086032,-0.24524583417169832,-1.0853128417592712,-0.16548615734939187,-0.23681646620083202,-0.47809893123644515,-1.0027867353509126,0.017482289413547528,-0.41995263169218583,-0.6695080606895678,-0.4170198184753697,-0.9813568687097007,-1.638673124643611,-0.15021794028112914,-0.23946042981445692,-0.03345375375832615,-0.7876982003981349,-1.1998396121339083,0.5436667103101616,1.1306016911368675,0.2281390813615703,-0.7081060877377714,0.2538074742650248,-0.09859725555894039,-0.5499882571283952,1.3016862790455235,-0.48478743000335967,-1.0609283818760915,-1.8624247060480632,-1.6901351723430684,-0.14438439480605403,-0.057813996958698426,0.32361636599457555,0.32486878097496785,-0.009790094846731125,-0.24237068768035852,0.24371526597623172,0.3271887035160795,-0.3501776093698055,-0.40392874201148965,-0.9344145862673751,-0.27125325082397905,-0.3246435944516495,0.5852911915057126,-0.5039470076676961,-0.6555492619715558,0.0021840245722480273,0.3699638653766699,-0.5541135806691064,0.04028889103288873,0.6140351047054132,-0.8032031191444355,-0.9156480277233615,-0.6080447820772781,4.600894832015987,-0.5097317974603756,7,6,4,0,0,0,0,0,0,0,0,0,0,0,0,0,0,0,0,0,0,0,0,0,0,0,0,0,0,0,0,0,0,0,0,0,0,0,0,0
52.937,-7.175,True,0.4669788422889004,0.529340775929259,-0.49171367671048605,-0.1569589840409379,-0.24122188120053223,-1.177443471401915,-0.15681598965930402,-0.15146320814929037,-0.38301358254619733,-0.9729126924551692,-0.008573339136486734,-0.25869384236434106,-0.6415657190103679,-0.3522133071386371,-0.8204225711222558,-1.74615090561694,0.08322347682143998,-0.0037608628173844143,0.09000069520272987,-0.9594044223265961,-1.1998396121339083,1.2294156022970888,0.29619623400907,-1.0535879090813047,-0.3601979997534521,0.5355701262687738,0.38547789911868763,0.16363806050588878,1.2203974828704927,-0.18703236494624376,-1.0609283818760915,-1.8624247060480632,-1.6901351723430684,-0.31920141725081325,-0.3046797639723404,-0.5554179105937436,-0.7893398091962072,-0.2884814614836766,-0.24237068768035852,0.9719025286138891,1.069149859418694,-0.3501776093698055,0.12891444356049064,-1.084087488133309,-0.9635735806988937,-0.16783045550271913,1.2715058670746748,0.6559402744898264,0.03366260577418232,0.0021840245722480273,0.3699638653766699,-0.5541135806691064,0.04028889103288873,0.6140351047054132,-0.8032031191444355,-0.9156480277233615,-0.6080447820772781,4.600894832015987,-0.5097317974603756,7,6,4,0,0,0,0,0,0,0,0,0,0,1,1,1,1,0,0,0,0,0,0,0,0,0,0,0,0,0,0,0,0,0,0,0,0,0,0,0
52.937,-7.175,True,0.4669788422889004,0.9688942322984834,-0.30241711789411596,-0.5340420050825921,-0.2319358358824565,-1.3524916677229402,-0.13658559838243206,-0.35499790042604346,-0.49922900872316694,-0.9558418108004589,-0.04765678196153807,-0.41995263169218583,-0.6255986666222536,-0.1601082913904655,-1.0573536203482163,-1.655208167870277,0.31048737443363644,0.22570142766265486,0.49840705652202427,-0.6061362005659204,-1.1998396121339083,1.3063288210467106,-0.1291141257771019,0.2281390813615703,0.014792823937145061,0.559681542592422,0.8590286543128864,0.8150427130102634,-2.3080486125314725,-1.0201997300028747,-1.0609283818760915,-1.8624247060480632,-1.6901351723430684,-0.31920141725081325,-0.3046797639723404,-0.5554179105937436,-0.7893398091962072,-0.4079206186137961,-0.24237068768035852,1.8692646098441337,1.7694629686077614,-0.3501776093698055,-0.3897278228131634,-1.658831431298495,-0.3188791865410835,0.6162352392419325,0.1276697082178306,0.820637260173825,0.5762666816227532,0.0021840245722480273,0.3699638653766699,-0.5541135806691064,0.04028889103288873,0.6140351047054132,-0.8032031191444355,-0.9156480277233615,-0.6080447820772781,4.600894832015987,-0.5097317974603756,7,6,4,0,0,0,0,0,0,0,0,0,0,1,1,0,0,0,0,0,0,0,0,0,0,0,0,0,0,0,0,0,0,0,0,0,0,0,0,0
53.0,-6.176,True,0.4669788422889004,0.7777324103766977,-1.0810027615509108,-0.05290003544199357,-0.22574513900373938,-1.4077700455085274,-0.1568159896593037,0.8924727941734105,-0.15586524956393857,-0.6955108655661248,-0.6339084243373084,-0.33932323702826345,-0.6455574821073965,0.07134353481215085,-0.09845343055635743,-1.382379954630289,0.4744916281018588,0.3912921444046354,0.7650980906998577,0.42704829728421456,-1.1998396121339083,1.0583655607755715,-0.7149552231343153,0.2281390813615703,0.0992575068354186,0.6092877438122871,0.656341515149891,0.2517382024631899,0.5599524380156733,0.5206134493212904,-1.0609283818760915,-1.4325569495710238,-1.0777569639506288,-0.26092907643589347,0.18905177005494359,-0.5554179105937436,-0.7893398091962072,-0.2486684091069701,-0.24237068768035852,0.20326041805191744,0.9557010616513004,-2.283701392140152,-1.4952385108393866,-0.6650033629086941,-0.3531956449996659,-0.49191094266384183,-0.10558159983273495,0.0251858612319592,-0.9022309036730886,-0.6146453434138405,0.7480142437540849,-0.7367472166849224,0.12415611454406324,0.23822904352114618,-0.16921162995835082,-1.2021420179698936,0.32400618150236127,0.2838312741105452,-0.03635809573586227,7,6,9,0,0,0,0,0,0,0,0,0,0,0,0,0,0,0,0,0,0,0,0,0,0,0,0,0,0,0,0,0,0,0,0,0,0,0,0,0
53.0,-6.176,True,0.4669788422889004,1.1002140925751882,-0.956287929850985,-0.2772682342019092,-0.23595978885362262,-1.122165093616328,-0.15392593376260838,0.7480288190092632,-0.10304005584713423,-0.8534165208721963,-0.6339084243373084,-0.33932323702826345,-0.6655162975925393,0.1083758270045695,0.2144743703081187,-1.3410423465636243,0.1408305180124821,0.05440342882048414,0.4628185004841055,0.4912806881770097,-1.1998396121339083,1.0162019782355127,0.24199308638296038,0.8690025765830078,-1.088718696211669,0.4029226139694036,0.27419143376199795,0.9010567258342507,0.7881411270830707,-0.37263079025581797,-1.0609283818760915,-1.8624247060480632,-1.0777569639506288,-0.14438439480605403,0.43591753706858555,0.14780951067691173,0.8819730760605554,-0.1690423043535571,0.22172027034436392,1.3176075926943933,1.0087842656994919,-1.6391934645500366,0.2937685925149735,0.3946807823021178,-0.5877609621541309,-0.9362148363524777,0.15561840283474151,0.29500858245893574,0.6013846606309293,-0.6146453434138405,0.7480142437540849,-0.7367472166849224,0.12415611454406324,0.23822904352114618,-0.16921162995835082,-1.2021420179698936,0.32400618150236127,0.2838312741105452,-0.03635809573586227,7,6,9,0,0,0,0,0,0,0,0,0,0,0,0,0,0,0,0,0,0,0,0,0,0,0,0,0,0,0,0,0,0,0,0,0,0,0,0,0
53.0,-6.176,True,0.4669788422889004,1.0668102462600766,-0.865474669867767,-0.297509837901978,-0.24648397354744167,-1.3985569825442628,-0.16548615734939162,0.7086350076008594,-0.20869044328074296,-0.7680621125986441,-0.6339084243373084,-0.6618408156839529,-0.6894668761747107,-0.011979122620791066,-0.09845343055635743,-1.3906474762436218,0.42939630493793607,0.34576060045132095,0.7245397868295288,0.22281840456958765,-1.1998396121339083,0.17132433869323765,1.2982337542318303,0.2281390813615703,-0.050431875621130696,0.4896182544887285,-0.37693025858848006,0.9649815606637396,-1.5350564239729987,-1.0429289755241795,-1.0609283818760915,-1.8624247060480632,-1.3839460681468485,-0.4066099284731928,-0.7984112979996244,-0.20380419995841595,0.32486878097496785,-0.4079206186137961,-0.24237068768035852,1.5860806743739335,1.051636013185107,-0.3501776093698055,-1.0472921248226177,-0.5392781253413096,-0.6348181167918113,0.025572415867628265,-0.05201966699432807,0.8311498337281228,1.1619813300004123,-0.6146453434138405,0.7480142437540849,-0.7367472166849224,0.12415611454406324,0.23822904352114618,-0.16921162995835082,-1.2021420179698936,0.32400618150236127,0.2838312741105452,-0.03635809573586227,7,6,9,0,0,0,0,0,0,0,0,0,0,0,0,0,0,0,0,0,0,0,0,0,0,0,0,0,0,0,0,0,0,0,0,0,0,0,0,0
53.343,-6.739,True,0.4669788422889004,0.3531394444187436,-0.4657889453977092,-0.06321089929860124,-0.24215048573233974,-0.5970205046532525,-0.203056884006439,-0.3878260765997133,-0.11360509459049506,-0.9345032087320709,-0.0997680390616066,-0.15790709903443814,-0.6575327713984821,-0.14622118181830857,0.17200559733365398,-1.6304056030302783,-0.2752899644065026,-0.36574231370503196,-0.20521190504447376,1.6719547552724205,-1.1998396121339083,1.0277127298529498,2.2655739052595103,0.2281390813615703,0.46907672262388656,0.41450694965110724,0.9009859525504491,1.1404967556405257,0.5341824097370098,0.9693120017290119,-1.0609283818760915,-1.8624247060480632,-1.6901351723430684,0.46747518375060315,0.43591753706858555,0.32361636599457555,1.4390773711461429,-0.08941619960014412,-0.24237068768035852,1.380128721304697,1.28112156537984,-0.3501776093698055,-0.64704230437414,0.13125647501807414,-0.4655867862938518,-0.16260335087108813,-0.2620635768362087,0.08826130255774592,0.25642046715255534,-0.6082788949680875,0.8718635455417887,-0.9265419000085313,-0.14143434271205438,0.0430649354385538,0.6210569408631155,-0.7217387572844172,0.25422906477750506,-0.31563873304219725,1.746025772683809,7,6,7,0,0,0,0,0,0,0,0,0,0,0,0,0,0,0,0,0,0,0,0,0,0,0,0,0,0,0,0,0,0,0,0,0,0,0,0,0
52.764,-6.483,True,0.4669788422889004,0.00564445550088059,1.0745082564460258,-0.8088241510861062,-0.25453187948977396,-0.44961149722502075,-0.21750716348991875,0.57732230290618,-0.4173499584621202,-0.738188069702901,-0.008573339136486734,-0.41995263169218583,-0.5976563249430537,0.4162067558540492,-1.0260608402617688,-1.936303902723598,0.45453178820108475,0.3711392268961015,0.058938216149764515,1.565533259165541,-1.1998396121339083,1.1590011578259882,0.24199308638296038,0.8166413592208649,0.14396923352591182,0.31168582667016254,0.20881273073688736,0.07832755393696052,1.6955232589700184,-0.5302917767813341,-1.0609283818760915,-1.8624247060480632,-1.6901351723430684,0.6422922061953624,0.18905177005494359,-0.3796110552760798,-0.23223551411061963,0.22908821941350785,0.22172027034436392,0.4128900845688188,0.8255208231521638,0.29433031822030997,-0.26516106419306257,-0.8386239290731774,-0.49281244062894813,-0.9100793131943227,-0.3617971626864354,-0.13951112445203945,0.04178315683229313,0.1685125094349338,-0.09242104533861688,0.03594740431650506,-0.09621692042661804,0.09075272045556498,0.010125100613337974,-0.40981974106380264,0.36094704398163435,0.12937422401172569,0.06235584499431782,7,6,2,0,0,0,0,0,0,0,0,0,0,0,0,0,0,0,0,0,0,0,0,0,0,0,0,0,0,0,0,0,0,0,0,0,0,0,0,0
53.017,-7.114,True,0.4669788422889004,-0.6155720987194813,-0.7179798227835366,0.6745622947177502,-0.24524583417169832,-0.6522988824388395,-0.23484749887009448,-0.4337855232428511,-0.5441304233824507,-0.8960937250089724,0.1607882464387358,-0.46026732902414697,-0.6934586392717392,-0.28509227753987837,-0.22585974947975135,-0.39027736103033306,-0.14082537225012307,-0.22997700461349538,-0.02341348423474306,1.573148548388796,1.1345001796543184,0.9277642331652045,2.157968410722956,0.2281390813615703,-0.4481757135626896,0.27539309951317326,0.27076584015368527,0.7856941707214667,0.2671011578246958,0.14771263826866293,0.0737401693101102,1.146649589291213,1.37175586961913,-0.056975883583674426,0.18905177005494359,0.4994232213122394,1.9961816662317304,-0.3282945138603831,-0.24237068768035852,0.7144625872773436,1.1581635315131105,0.29433031822030997,-0.35484295608684024,0.08336114642097531,0.11309108391214401,0.31829027523896486,-0.1437039264187137,0.16535350862259635,-0.4188192759784921,0.2307955702963513,0.06979153851263083,-0.24627214060893934,-0.28182073672236546,0.0919712669864148,0.590024707261626,0.42639261368801684,-0.13557385434517225,-0.6392845065949935,0.22076103212995477,7,6,7,0,0,0,0,0,0,0,0,0,0,0,0,0,0,0,0,0,0,0,0,0,0,0,0,0,0,0,0,0,0,0,0,0,0,0,0,0
32.716,35.188,True,0.4669788422889004,-0.0027460840948578106,1.2402577959930985,-0.9064209914615546,-0.2607225763684911,-0.7628556380100131,-0.03543364199807361,-0.31560408901763964,0.21391110645369193,1.0627899448690494,0.004454475138530455,0.7290162422687078,0.2565809778210588,-0.5744070602931488,0.035658484099846635,1.3707047426095884,-0.6669440041547013,-0.6614860740636365,-0.5344157790395684,3.036406795601364,-1.109326950666683,-0.9819421003211934,-0.7149552231343153,1.509866071804446,1.0412442010540537,-0.20197491051829514,0.3753575896690642,0.8973846409773378,-0.6294399044320219,-1.1390175502585065,-1.0609283818760915,-1.0026891930939843,-0.15918965136196916,-0.31920141725081325,-0.3046797639723404,-0.5554179105937436,-0.7893398091962072,-0.3282945138603831,0.6858112283690864,1.1852099085784555,1.7937175391649283,0.29433031822030997,1.1927485208959738,-1.521132361581836,-0.37242044548419767,-1.072119556774884,-0.4616331247074201,-1.341448700826753,-0.8941103526149777,0.16019787355160883,-0.10804137650227601,0.045298731214522506,0.12415611454406324,-0.21190070626291932,-0.16921162995835082,0.13615358110642176,-0.021544828423502797,-0.1552755015490761,0.0022106141559231373,7,6,4,0,0,0,1,0,0,0,0,0,1,1,1,0,0,0,0,0,0,0,0,0,0,0,0,1,1,1,1,1,1,1,1,1,1,1,1,1
32.715,35.187,True,0.4669788422889004,0.2514239408288911,1.1874879287055522,-1.029296078711267,-0.38267930487921836,-0.624659693546046,-0.03254358610137769,-0.28934154807870377,0.13467331587848538,1.5151683087188752,-0.1258236676116408,0.6282294989388049,0.915221888830772,-0.5697780237690965,0.05801046987588064,1.3459021777695894,-0.625078426813416,-0.6278766054369224,-0.4631856131306785,1.8348036640321164,-1.1196303067532183,0.9208934359901294,0.5609758562232795,-1.0535879090813047,0.4880723663567986,-0.008533764079196286,1.4253921601907202,0.9361448655845964,-0.7535400638933462,0.22813112134274302,-1.0609283818760915,-1.0026891930939843,-0.15918965136196916,-0.20265673562097375,0.43591753706858555,0.4994232213122394,0.32486878097496785,-0.4875467233672091,-1.1705526037298035,1.4058727154383517,1.613042053277546,0.29433031822030997,-1.2921036231763723,-0.4075659716992878,-0.40290711134132506,-0.9466690456157397,-0.4337868062612671,-0.8648786996985868,-0.8906869830512644,0.16019787355160883,-0.10804137650227601,0.045298731214522506,0.12415611454406324,-0.21190070626291932,-0.16921162995835082,0.13615358110642176,-0.021544828423502797,-0.1552755015490761,0.0022106141559231373,7,6,4,0,0,0,0,0,0,0,0,0,1,0,0,0,0,0,0,0,0,0,0,0,0,0,0,1,1,1,1,1,1,1,1,1,1,1,1,1
32.715,35.186,True,0.4669788422889004,-0.18836698364209917,0.044882241230892995,-0.22281546931862595,-0.2607225763684911,-0.679938071331633,-0.029653530204681717,-0.21055392526189612,0.055435525303278846,1.5279714699599083,0.05656573223859886,0.6282294989388049,2.1486766858125974,-0.6461571264159598,0.08036245565191465,1.3376346561562567,-0.6423132103300131,-0.6853956804029969,-0.4870817076131362,0.4341990562703057,-1.1998396121339083,-0.9819421003211934,-0.7149552231343153,-1.0535879090813047,-0.27770618680304615,0.8242805254327655,0.9882217446294386,0.9148225962960289,-0.290749561905015,-0.3623822206249011,-1.0609283818760915,-1.4325569495710238,-0.15918965136196916,-0.4357460988806527,-0.7984112979996244,-0.3796110552760798,-0.23223551411061963,-0.4875467233672091,-1.1705526037298035,1.9575297325880923,1.4749775747213651,0.29433031822030997,0.06223186645530654,-2.7783847372556805,-2.657555310178132,-0.7480390696137613,-0.3659625931341481,-0.7457361994165451,-1.8900720559185684,0.16019787355160883,-0.10804137650227601,0.045298731214522506,0.12415611454406324,-0.21190070626291932,-0.16921162995835082,0.13615358110642176,-0.021544828423502797,-0.1552755015490761,0.0022106141559231373,7,6,4,0,0,0,1,0,0,0,0,0,1,0,0,0,0,0,0,0,0,0,0,0,0,0,0,1,1,1,1,1,1,1,1,1,1,1,1,1
31.378,34.71,True,0.4669788422889004,-0.2736180321761627,-0.09325515845641752,0.08223405123170434,-0.3164388482769452,-0.6522988824388392,-0.26952816963044596,-0.4928762403554568,-0.3116995710285114,8.279505164397882,0.5907061175143008,-0.13774975036845755,0.1767457158804876,-0.6461571264159598,-0.7086626422420859,1.4947175668095825,-0.6709190375548921,-0.36309114910989065,-0.5023636035627177,1.3849156568255632,-1.1998396121339083,-0.2321274364982203,-0.7149552231343153,-1.0535879090813047,1.0181480029325571,0.05687414470156714,0.9388191558845457,1.2858497674202867,0.844700373673255,0.6682426389299893,-0.20992696848644016,-0.14295368013990536,-0.15918965136196916,-0.37747375806573297,-0.5515455309859825,-0.5554179105937436,-0.7893398091962072,-0.4875467233672091,-1.1705526037298035,2.4576987614705237,2.3655957759743576,1.583346173400541,-0.9293627523495606,-0.34769681095291427,-0.7233204527501885,0.06738925292067635,-0.3875127770786893,0.6979905687070176,1.106650124261324,0.16019787355160883,-0.10804137650227601,0.045298731214522506,0.12415611454406324,-0.21190070626291932,-0.16921162995835082,0.13615358110642176,-0.021544828423502797,-0.1552755015490761,0.0022106141559231373,7,6,4,0,0,0,0,0,0,0,1,1,1,0,0,0,0,0,0,0,0,0,0,0,0,0,0,1,1,1,1,1,1,1,1,1,1,1,1,1
31.376,34.714,True,0.4669788422889004,-0.5216138864539906,0.4171092266181875,-0.08506803005454396,-0.40527534848653585,0.12159840655937773,-0.3070988962874933,-0.5388356869985945,-0.2932107532276299,0.18363953965146218,0.2259273178138214,-0.17806444770041874,0.4681444219635728,-0.6600442359881168,-0.7220738337077063,1.4864500451962497,-0.7395603595133373,-0.3943961623491416,-0.6308901929035521,1.9506161135975024,-0.8496288674434328,-0.9819421003211934,1.7733809618283782,-1.0535879090813047,-0.2318612200300784,-0.03712281465870574,0.8924242620131482,0.7595417827145724,1.0472564586604274,0.5491219784072151,-1.0609283818760915,-0.5728214366169448,-0.15918965136196916,-0.46488226928811255,-0.7984112979996244,0.6752300766299032,1.4390773711461429,-0.4875467233672091,-1.1705526037298035,1.0748785051485075,1.6296531239320822,0.29433031822030997,0.18664426725803426,0.10730881071952472,-0.18290258982011492,-2.1802657386806583,-0.4769639562784179,-1.8740857609111743,-0.2751173675481979,0.16019787355160883,-0.10804137650227601,0.045298731214522506,0.12415611454406324,-0.21190070626291932,-0.16921162995835082,0.13615358110642176,-0.021544828423502797,-0.1552755015490761,0.0022106141559231373,7,6,4,0,0,0,0,0,0,0,0,0,1,0,0,0,0,0,0,0,0,0,0,0,0,0,0,1,1,1,1,1,1,1,1,1,1,1,1,1
31.37,34.711,True,0.4669788422889004,-0.42773483022242215,0.06513114379471883,0.07657970653614526,-0.2607225763684911,0.0018285880239403216,-0.3128790080808852,-0.49944187559019076,-0.3011345322851506,1.8864599847088273,0.707956445989455,-0.11759240170247696,1.5459204581612849,-0.6531006812020383,-0.6661938692676213,1.453379958742918,-0.7353779589610222,-0.40241720414506904,-0.5857996341452344,0.18164005778503384,-0.753768074604909,-0.9819421003211934,-0.7149552231343153,-1.0535879090813047,-0.32439291696930295,-0.14299934547164173,1.3766603779199726,1.1912612348849614,0.28121499020431484,0.8357814814357346,-1.0609283818760915,-1.0026891930939843,-0.15918965136196916,-0.31920141725081325,-0.3046797639723404,-0.5554179105937436,-0.7893398091962072,-0.4875467233672091,-1.1705526037298035,1.4426498499150011,1.2993576320766678,0.29433031822030997,-0.41102920161065276,-0.8027024326253532,-1.2492533575242637,-2.3370788776295885,-0.47555628393049654,-1.5166582600650496,0.08871516515343356,0.16019787355160883,-0.10804137650227601,0.045298731214522506,0.12415611454406324,-0.21190070626291932,-0.16921162995835082,0.13615358110642176,-0.021544828423502797,-0.1552755015490761,0.0022106141559231373,7,6,4,0,0,0,1,0,0,0,0,0,1,1,1,0,0,0,0,0,0,0,0,0,0,0,0,1,1,1,1,1,1,1,1,1,1,1,1,1
31.815,35.0,True,0.4669788422889004,0.4510554583803375,0.4491699890109113,-0.6888475094366382,-0.2607225763684911,-0.16400654533282058,-0.09323475993199272,-0.7620672849795495,0.08184812216168103,-0.07669140558287184,-0.6339084243373084,1.6360969322378343,-0.7253927440479677,-0.6716168272982477,0.12506642720398267,1.2218893535695945,-0.48074834487335444,0.565945344961742,-0.4535285094895663,-0.2499314337192204,-0.503724533474973,-0.9819421003211934,-0.7149552231343153,-1.0535879090813047,-0.051201638802520696,0.6253766919483037,0.7503574620021828,0.2284433715240083,0.008699777075614043,0.07382195812314842,-1.0609283818760915,-0.5728214366169448,-0.15918965136196916,-0.31920141725081325,-0.3046797639723404,-0.5554179105937436,-0.7893398091962072,-0.4875467233672091,-1.1705526037298035,0.04695759652615762,-0.42759186560905743,0.29433031822030997,-1.0886600198786114,-0.1291743742286508,-0.19427821140859527,-1.8143684144664876,-0.46586893877252883,-2.1404042909533847,-2.0535976625201333,0.16019787355160883,-0.10804137650227601,0.045298731214522506,0.12415611454406324,-0.21190070626291932,-0.16921162995835082,0.13615358110642176,-0.021544828423502797,-0.1552755015490761,0.0022106141559231373,7,6,4,0,0,0,1,1,1,1,0,0,1,1,1,0,0,1,1,0,0,1,1,0,0,0,0,1,1,1,1,1,1,1,1,1,1,1,1,1
31.815,34.998,True,0.4669788422889004,-0.15243014424148185,1.2623475078809074,-0.8303011578289019,-0.2607225763684911,-0.1087281675472336,-0.06433420096503324,-0.34186662995657546,0.13467331587848538,1.6688062436112696,-0.6339084243373084,0.44681336094497953,0.19271276826860198,-0.6114393524855674,0.08036245565191465,1.420309872289586,-0.6083518782109981,-0.4753424496492579,-0.5055819469458382,0.9947042097919764,-1.034519689520034,-0.9819421003211934,-0.7149552231343153,-1.0535879090813047,-0.5964319957325959,-0.9989711932154866,0.11332186223304534,0.5237661099210598,-0.9483289636654986,-0.6135120376647597,-1.0609283818760915,-0.5728214366169448,-0.15918965136196916,-0.46488226928811255,-0.7984112979996244,-0.5554179105937436,-0.7893398091962072,-0.4875467233672091,-1.1705526037298035,0.5599986224754163,-0.38630492912713066,0.29433031822030997,0.11471352436216439,-0.12019400011669477,-0.09045670504439787,-2.1175404831010862,-0.44339736929116635,-3.0374772342534624,-0.9350315608882028,0.16019787355160883,-0.10804137650227601,0.045298731214522506,0.12415611454406324,-0.21190070626291932,-0.16921162995835082,0.13615358110642176,-0.021544828423502797,-0.1552755015490761,0.0022106141559231373,7,6,4,0,0,0,1,0,0,0,0,0,1,0,0,0,0,0,0,0,0,0,0,0,0,0,0,1,1,1,1,1,1,1,1,1,1,1,1,1
31.815,34.999,True,0.4669788422889004,-0.0805564654402475,1.4143676778865988,-0.9676209575781939,-0.2607225763684911,0.10317228063084771,-0.10190492762208059,-0.3746948061302453,0.13467331587848538,1.2463019226571863,0.12170480361368446,1.1724779129202807,-0.5697139832638537,-0.6669877907741953,0.035658484099846635,1.3789722642229212,-0.5989665342753375,-0.0002166011197726104,-0.4580668348553732,0.3136736741827362,-0.8984456902684678,-0.05770336983235298,-0.7149552231343153,-1.0535879090813047,-0.2646297947329637,0.7634541964515945,0.5740965706343657,0.2284433715240083,0.008699777075614043,0.07382195812314842,-1.0609283818760915,0.7167818328141736,-0.15918965136196916,-0.4357460988806527,-0.5515455309859825,-0.5554179105937436,-0.7893398091962072,-0.4875467233672091,-1.1705526037298035,0.04695759652615762,-0.42759186560905743,0.29433031822030997,0.28481583910733305,-0.1291743742286508,-0.19427821140859527,-2.6297967370009254,-0.4772582877693469,-1.3554654655658167,-1.9902255189686018,0.16019787355160883,-0.10804137650227601,0.045298731214522506,0.12415611454406324,-0.21190070626291932,-0.16921162995835082,0.13615358110642176,-0.021544828423502797,-0.1552755015490761,0.0022106141559231373,7,6,4,0,0,0,1,1,1,1,0,0,1,0,0,0,0,1,1,0,0,1,1,0,0,0,0,1,1,1,1,1,1,1,1,1,1,1,1,1
31.865,34.761,True,0.4669788422889004,-1.1601656121032846,-1.2984483629465382,1.36101874695928,-0.30622419842706194,-0.053449789761646646,-0.22617733118000663,-0.5847951336417323,-0.49658774903732666,-0.8022038759080651,-0.6339084243373084,-0.2183791450323799,-0.40205993318865413,-0.7202217108007971,-1.233934307978885,1.2136218319562617,-0.5755442194794418,0.04222466942688365,-0.5797174207223597,-0.3156686318559548,-1.1998396121339083,-0.9819421003211934,-0.7149552231343153,-1.0535879090813047,-0.4973156624729201,0.02160964258106482,0.2377291487071726,1.004032410201886,-0.1612576655708368,0.46369474001143407,-0.20992696848644016,-0.14295368013990536,-0.15918965136196916,-0.31920141725081325,-0.3046797639723404,-0.3796110552760798,-0.23223551411061963,-0.4875467233672091,-1.1705526037298035,2.1340599780760092,1.3184964743525462,-0.994685536959921,-0.5005567356870574,-0.02440334292249709,-0.7929392568716883,-2.2429909942602304,-0.46296401492727296,-2.2595467912354263,-0.9964929865437082,0.16019787355160883,-0.10804137650227601,0.045298731214522506,0.12415611454406324,-0.21190070626291932,-0.16921162995835082,0.13615358110642176,-0.021544828423502797,-0.1552755015490761,0.0022106141559231373,7,6,4,0,0,0,0,0,0,0,1,1,1,1,1,0,0,0,0,0,0,0,0,0,0,0,0,1,1,1,1,1,1,1,1,1,1,1,1,1
31.862,34.76,True,0.4669788422889004,0.04166045093542035,0.7248311852775374,-0.6138680478434262,-0.44644348273000467,-0.09951510458297014,-0.16837621324608756,-0.49944187559019076,0.2403237033120941,4.28918657760932,-0.2170183675367606,0.22508252561919306,7.022619427284473,-0.4586811471918406,0.7285700431569009,1.18055174550293,-0.4420030263300983,-0.3230748168429378,-0.29056268044760997,0.35949482130790217,-1.029130323594437,0.4044159954120673,0.5609758562232795,-1.0535879090813047,0.46366537500211363,0.1598580213412277,0.47093977161754946,0.3694030916857084,1.1959894519629806,-1.0733440829413858,-1.0609283818760915,0.2869140763371341,-0.15918965136196916,-0.31920141725081325,0.18905177005494359,-0.20380419995841595,0.32486878097496785,-0.4875467233672091,-1.1705526037298035,0.21429355839491224,1.5463570305049879,-3.5727172473203828,-2.7313359123632623,0.21507330006299713,0.17414025310365527,-1.8980020885725837,-0.4638854004640942,-1.348457083196285,-1.0825549051105492,0.16019787355160883,-0.10804137650227601,0.045298731214522506,0.12415611454406324,-0.21190070626291932,-0.16921162995835082,0.13615358110642176,-0.021544828423502797,-0.1552755015490761,0.0022106141559231373,7,6,4,0,0,0,0,0,0,0,0,0,1,0,0,0,0,0,0,0,0,0,0,0,0,0,0,1,1,1,1,1,1,1,1,1,1,1,1,1
31.862,34.762,True,0.4669788422889004,-1.5441515326592192,-1.3453890007081342,1.6205959324369208,-0.3743218640929502,0.09395921766658424,-0.17704638093617542,-0.5979264041112002,0.07392434310416035,-0.4053058774360476,-0.6339084243373084,-0.6618408156839529,0.4002844493140872,-0.7387378568970063,-1.0908815990122673,1.2466919184095937,-0.6950692244258033,-0.4757225940685107,-0.6060491679487603,1.2720770628376277,-0.3074271947272864,0.29238300531711464,-0.7149552231343153,-1.0535879090813047,-0.6808267298895337,-0.06392467744729463,1.0660911305331744,0.2727036883734523,3.612887880795433,-0.2082953102430211,-1.0609283818760915,-0.5728214366169448,-0.15918965136196916,-0.2900652468433534,-0.3046797639723404,-0.5554179105937436,-0.7893398091962072,-0.4875467233672091,-1.1705526037298035,0.6114866107427254,1.5250515268393872,1.583346173400541,-0.6329957429931868,0.5144191037948649,0.8101133373769639,-1.8039142052032255,-0.4621322085398649,-1.4325576716306672,0.5968865122507012,0.16019787355160883,-0.10804137650227601,0.045298731214522506,0.12415611454406324,-0.21190070626291932,-0.16921162995835082,0.13615358110642176,-0.021544828423502797,-0.1552755015490761,0.0022106141559231373,7,6,4,0,0,0,0,0,0,0,0,0,1,0,0,0,0,0,0,0,0,0,0,0,0,0,0,1,1,1,1,1,1,1,1,1,1,1,1,1
31.986,34.829,True,0.4669788422889004,-0.684121224095989,-0.2863100363092546,0.44824596039045705,-0.2607225763684911,0.5361862399512793,-0.2753082814238378,-0.446916793712319,-0.0607799008736907,-0.6571013818430264,-0.6339084243373084,-0.09743505303649637,-0.39407640699459695,-0.46562470197791916,-0.9187713085368057,1.2549594400229265,-0.714879188728963,-0.8095838184190753,-0.6689080857346407,0.7133863390023074,-0.9233739558209318,-0.9819421003211934,-0.7149552231343153,1.8323859672271658,-1.4687453482167354,0.08250175715530703,1.2834166013486665,0.21597637431466182,-3.3307862502732926,0.7657757004838653,-1.0609283818760915,-0.5728214366169448,-0.15918965136196916,-0.46488226928811255,-0.7984112979996244,-0.3796110552760798,-0.23223551411061963,-0.2486684091069701,1.1499021863938088,0.574709476266076,2.1714388414398154,0.29433031822030997,0.0020323176797931264,1.6519331579759624,2.1135320589850433,0.6110081346103015,1.1014334534030878,-0.37429193383135667,0.1830568612697209,0.16019787355160883,-0.10804137650227601,0.045298731214522506,0.12415611454406324,-0.21190070626291932,-0.16921162995835082,0.13615358110642176,-0.021544828423502797,-0.1552755015490761,0.0022106141559231373,7,6,4,0,0,0,1,0,0,0,0,0,1,0,0,0,0,0,0,1,1,0,0,0,0,0,0,1,1,1,1,1,1,1,1,1,1,1,1,1
31.984,34.83,True,0.4669788422889004,-0.9209560775908059,-0.5391145168030776,0.7470234347238648,-0.2607225763684911,0.6098907436653963,-0.2810883932172298,-0.5585325927027965,-0.25887437731170704,-0.3284869099898507,-0.16490711043669212,-0.2385364936983605,-0.03481772826202625,-0.6368990533678552,-0.9165361099592022,1.1144115725962662,-0.691383059898511,-0.7858604043814897,-0.6987567352297174,1.2092436653190437,-1.024923440445118,-0.3811662025485702,-0.7149552231343153,-1.0535879090813047,0.10771211229263151,0.34789831735632387,0.8477749692083738,-0.2522481436697776,-0.7756784624850865,0.707568719825257,-1.0609283818760915,-0.5728214366169448,-0.15918965136196916,-0.2900652468433534,-0.3046797639723404,-0.5554179105937436,-0.7893398091962072,-0.4875467233672091,-1.1705526037298035,-0.12405607879026193,0.5800260506889285,-0.994685536959921,-0.9469595435300953,1.2328490327513475,0.4221288037325271,0.5064660419776813,0.38703973683300935,-0.009856050615700091,-0.38673513797438763,0.16019787355160883,-0.10804137650227601,0.045298731214522506,0.12415611454406324,-0.21190070626291932,-0.16921162995835082,0.13615358110642176,-0.021544828423502797,-0.1552755015490761,0.0022106141559231373,7,6,4,0,0,0,1,0,0,0,0,0,1,0,0,0,0,0,0,0,0,0,0,0,0,0,0,1,1,1,1,1,1,1,1,1,1,1,1,1
31.987,34.825,True,0.4669788422889004,-0.9283967447794799,-1.0045324742170694,1.0393863163354196,-0.4269427875620458,0.4993339880942224,-0.29842872859740543,-0.5454013222333286,-0.23774429982498538,-0.4053058774360476,-0.6339084243373084,-0.2385364936983605,-0.44996109035299686,-0.7688265943033465,-1.1646431520731797,1.2136218319562617,-0.7649833455659338,-0.8458032921913132,-0.7393140439126679,-0.17749607525026523,-1.042183547303987,-0.9819421003211934,-0.7149552231343153,-1.0535879090813047,-0.256964622754035,-0.6014575738264961,0.42157008168739135,-0.041559925024795275,-1.338999486133646,0.20279049103360172,-1.0609283818760915,-0.5728214366169448,-0.15918965136196916,-0.31920141725081325,-0.3046797639723404,-0.5554179105937436,-0.7893398091962072,-0.4875467233672091,-1.1705526037298035,0.00834160532567579,1.9934114972509822,0.29433031822030997,-1.6264426556065312,0.6102097609890625,1.054613364052035,-2.1698115294173963,-0.45592565318766626,-2.6940664981464018,1.0416857157964374,0.16019787355160883,-0.10804137650227601,0.045298731214522506,0.12415611454406324,-0.21190070626291932,-0.16921162995835082,0.13615358110642176,-0.021544828423502797,-0.1552755015490761,0.0022106141559231373,7,6,4,0,0,0,0,0,0,0,0,0,1,1,1,0,0,0,0,0,0,0,0,0,0,0,0,1,1,1,1,1,1,1,1,1,1,1,1,1
31.982,34.827,True,0.4669788422889004,-1.5186632897363146,-1.8213916117350348,1.9001296286047697,-0.3133434998375866,0.6006776807011298,-0.3215491757709731,-0.5454013222333286,-0.4252737375196408,-0.6485659410156712,-0.6339084243373084,-0.6618408156839529,-0.0148589127768834,-0.7086491194906663,2.1590971328230775,1.1557491806629308,-0.7275122625593832,-0.82233909581856,-0.7283203744453264,-1.2084718855625265,-1.1998396121339083,-0.9819421003211934,-0.7149552231343153,-1.053587909083154,-2.5180818427847207,0.06237216323388045,0.7640463040434065,-0.800765754177011,-0.6628068810486604,0.3775924091303231,-0.20992696848644016,-0.14295368013990536,-0.15918965136196916,-0.31920141725081325,-0.3046797639723404,-0.5554179105937436,-0.7893398091962072,-0.4477336709905026,-0.706461645705081,-0.7639782186839609,2.0946427321818875,-0.994685536959921,-0.12268879875768082,1.7596976473194348,0.9182575799447837,-1.992089971941942,-0.2739520096654716,-1.5937504661299,-0.49930826734859046,0.16019787355160883,-0.10804137650227601,0.045298731214522506,0.12415611454406324,-0.21190070626291932,-0.16921162995835082,0.13615358110642176,-0.021544828423502797,-0.1552755015490761,0.0022106141559231373,7,6,4,0,0,0,0,0,0,0,1,1,1,1,1,0,0,0,0,0,0,0,0,0,0,0,0,1,1,1,1,1,1,1,1,1,1,1,1,1
31.987,34.824,True,0.4669788422889004,-0.4352546534450182,0.24008472996171204,-0.02724166455458249,-0.2607225763684911,0.1768767843449641,-0.08456459224190485,-0.49944187559019076,-0.34339468725859407,1.9120663071908928,0.2259273178138214,-0.29900853969630226,2.7115152824936253,-0.7017055647045878,-0.5790211247410886,1.2549594400229265,-0.6251639673981757,-0.6587398935274602,-0.5265079451042463,0.41848455820914016,-0.9531201674967457,-0.9819421003211934,-0.7149552231343153,-1.0535879090813047,-1.9959313807135821,-0.4019170611380236,0.7050324951080419,-0.18918590605772334,-0.2854797616963217,0.4587462505592806,-1.0609283818760915,-0.5728214366169448,-0.15918965136196916,-0.46488226928811255,-0.7984112979996244,-0.5554179105937436,-0.7893398091962072,-0.4875467233672091,-1.1705526037298035,-0.3814960201268075,1.2639688293778732,0.29433031822030997,-1.7440633124448421,-1.0421790756108475,-1.3287310336891132,-1.7516431588869155,0.17483952889454016,-3.2617454700784823,-1.388588221457392,0.16019787355160883,-0.10804137650227601,0.045298731214522506,0.12415611454406324,-0.21190070626291932,-0.16921162995835082,0.13615358110642176,-0.021544828423502797,-0.1552755015490761,0.0022106141559231373,7,6,4,0,0,0,1,0,0,0,0,0,1,0,0,0,0,0,0,0,0,0,0,0,0,0,0,1,1,1,1,1,1,1,1,1,1,1,1,1
31.983,34.83,True,0.4669788422889004,-1.4529637815810013,-1.612076251520337,1.7310694737577181,-0.3650358187748745,0.22294209916628757,-0.3215491757709731,-0.7620672849795495,-0.0607799008736907,-0.21752617923423292,-0.6339084243373084,-0.46026732902414697,-0.04679301755311182,-0.6160683890096198,-0.7198386351301028,0.9738637051696057,-0.6834955239090255,-0.7778965698551651,-0.6804910136556951,0.56821732031122,-1.1998396121339083,-0.9819421003211934,-0.7149552231343153,-1.0535879090813047,-1.3820668425652791,0.31780803654765916,-1.1735242083268027,0.17867497589464218,-1.2650378783501537,1.163835747284904,-1.0609283818760915,-1.8624247060480632,-0.15918965136196916,-0.4357460988806527,-0.5515455309859825,-0.5554179105937436,-0.7893398091962072,-0.4875467233672091,-1.1705526037298035,0.1407392894416135,2.2751978479920627,0.29433031822030997,-0.4675241627692115,0.634157425287612,-0.1754705170489744,-2.1384489016276103,-0.3043705294019172,-0.9489792881329691,-0.2130190359273505,0.16019787355160883,-0.10804137650227601,0.045298731214522506,0.12415611454406324,-0.21190070626291932,-0.16921162995835082,0.13615358110642176,-0.021544828423502797,-0.1552755015490761,0.0022106141559231373,7,6,4,0,0,0,0,0,0,0,0,0,1,0,0,0,0,0,0,0,0,0,0,0,0,0,0,1,1,1,1,1,1,1,1,1,1,1,1,1
32.627,35.262,True,0.4669788422889004,-0.048814895837499386,1.8508695888363393,-1.257085393589504,-0.4300381360014043,-0.7260033861529552,-0.08745464813860088,-0.35499790042604346,0.13467331587848538,2.074239682910642,-0.060684596236555144,0.7894882882666495,-0.24238940930751154,-0.5998667611754366,-0.07610144478032341,1.238424396796261,-0.6765801988952522,-0.4425919393310823,-0.6732117311442406,-1.2084718855625265,-0.9290799979250983,0.16100916907925303,-0.7149552231343153,1.47130533580041,-2.9505996727659496,-3.7207302158948217,-2.6320680294871166,0.2284433715240083,0.008699777075614043,0.07382195812314842,-1.0609283818760915,-1.0026891930939843,-0.15918965136196916,-0.056975883583674426,-0.057813996958698426,-0.5554179105937436,-0.7893398091962072,0.9457231621942249,0.6858112283690864,0.04695759652615762,-0.42759186560905743,0.29433031822030997,0.0020323176797931264,-0.1291743742286508,-0.19427821140859527,0.06738925292067635,-0.21328133147006198,0.060227773079618484,-0.03341155370089962,0.16019787355160883,-0.10804137650227601,0.045298731214522506,0.12415611454406324,-0.21190070626291932,-0.16921162995835082,0.13615358110642176,-0.021544828423502797,-0.1552755015490761,0.0022106141559231373,7,6,4,0,0,0,0,1,1,1,0,0,1,0,0,0,0,1,1,1,1,1,1,1,1,1,1,1,1,1,1,1,1,1,1,1,1,1,1,1
32.634,35.265,True,-1.0784578223680297,-0.2538290236956466,2.1116509097340943,-1.2955729499206206,-0.46501557336615595,-0.799707889867071,-0.15970604555599968,-0.29590718331343774,0.1082607190200832,1.3828689758948698,0.0956491750636502,0.5879148016068436,0.14481161110425902,-0.6739313455602739,-0.21021335943652747,1.329367134542923,-0.7126120614921824,-0.6167287507156385,-0.6848883140119926,-1.2084718855625265,-0.753768074604909,-0.31470819439901204,-0.7149552231343153,-1.0535879090813047,-2.9505996727659496,-3.7207302158948217,-2.6320680294871166,0.2284433715240083,0.008699777075614043,0.07382195812314842,-1.0609283818760915,-1.0026891930939843,-0.15918965136196916,-0.3483375876582731,-0.5515455309859825,-0.3796110552760798,-0.23223551411061963,-0.4875467233672091,-1.1705526037298035,0.04695759652615762,-0.42759186560905743,0.29433031822030997,0.0020323176797931264,-0.1291743742286508,-0.19427821140859527,0.06738925292067635,-0.21328133147006198,0.060227773079618484,-0.03341155370089962,0.16019787355160883,-0.10804137650227601,0.045298731214522506,0.12415611454406324,-0.21190070626291932,-0.16921162995835082,0.13615358110642176,-0.021544828423502797,-0.1552755015490761,0.0022106141559231373,7,6,4,0,0,0,0,1,1,1,0,0,1,0,0,0,0,1,1,1,1,1,1,1,1,1,1,1,1,1,1,1,1,1,1,1,1,1,1,1
32.631,35.267,True,-3.396612819353425,0.06691122575655856,1.805462958844731,-1.298471395520865,-0.4662537127418994,-0.8181340157956001,-0.10190492762208059,-0.1383319376798225,-0.02380226527192769,1.4383493412726787,-0.07371241051157233,0.3057119202831154,0.22065510994780194,-0.6507861629400122,-0.23256534521256148,1.3376346561562567,-0.7011755486851493,-0.5852704089135474,-0.6582093552846459,-1.2084718855625265,-1.0413504531204805,1.4449374370088188,-0.7149552231343153,-1.053587909083154,-2.9505996727659496,-3.7207302158948217,-2.6320680294871166,0.2284433715240083,0.008699777075614043,0.07382195812314842,-1.0609283818760915,-1.0026891930939843,-0.15918965136196916,-0.14438439480605403,0.6827833040822275,-0.3796110552760798,-0.23223551411061963,-0.4079206186137961,-0.706461645705081,0.04695759652615762,-0.42759186560905743,0.29433031822030997,0.0020323176797931264,-0.1291743742286508,-0.19427821140859527,0.06738925292067635,-0.21328133147006198,0.060227773079618484,-0.03341155370089962,0.16019787355160883,-0.10804137650227601,0.045298731214522506,0.12415611454406324,-0.21190070626291932,-0.16921162995835082,0.13615358110642176,-0.021544828423502797,-0.1552755015490761,0.0022106141559231373,7,6,4,0,0,0,0,1,1,1,0,0,1,0,0,0,0,1,1,1,1,1,1,1,1,1,1,1,1,1,1,1,1,1,1,1,1,1,1,1
32.606,35.163,True,0.4669788422889004,0.019021825233709804,1.8784050283076028,-1.3148642435878222,-0.2607225763684911,-0.6430858194745748,-0.1452557660725199,-0.3484322651913095,0.26673630017049627,0.9689000957681416,0.291066389188907,0.9305897289285137,0.19271276826860198,-0.6762458638223,-0.009045487452221387,1.2714944832495927,-0.6635391375581294,-0.542073346737905,-0.6356199704362646,-1.2084718855625265,-1.1998396121359023,-0.9819421003211934,-0.7149552231343153,1.1715429120255576,-2.9505996727659496,-3.7207302158948217,-2.6320680294871166,0.2284433715240083,0.008699777075614043,0.07382195812314842,-1.0609283818760915,-1.4325569495710238,-0.15918965136196916,-0.46488226928811255,-0.7984112979996244,-0.3796110552760798,-0.23223551411061963,0.18927516703680136,1.1499021863938088,0.04695759652615762,-0.42759186560905743,0.29433031822030997,0.0020323176797931264,-0.1291743742286508,-0.19427821140859527,0.06738925292067635,-0.21328133147006198,0.060227773079618484,-0.03341155370089962,0.16019787355160883,-0.10804137650227601,0.045298731214522506,0.12415611454406324,-0.21190070626291932,-0.16921162995835082,0.13615358110642176,-0.021544828423502797,-0.1552755015490761,0.0022106141559231373,7,6,4,0,0,0,1,1,1,1,0,0,1,0,0,0,0,1,1,1,1,1,1,1,1,1,1,1,1,1,1,1,1,1,1,1,1,1,1,1
32.609,35.166,True,0.4669788422889004,-0.08736388435754493,1.8038522506862442,-1.2048183417818152,-0.4517055750769142,-0.6522988824388392,-0.19438671631635115,-0.3746948061302453,0.13467331587848538,1.3914044167222248,-0.16490711043669212,1.0313764722584167,0.32044918737351596,-0.7503104482071372,0.23682635608415273,1.26322696163626,-0.6240631428415584,-0.29516631939009896,-0.56023493601068,-1.2084718855625265,-1.1998396121339083,0.32201814840114723,1.226920133680045,0.7136361084965963,-2.9505996727659496,-3.7207302158948217,-2.6320680294871166,0.2284433715240083,0.008699777075614043,0.07382195812314842,-0.20992696848644016,-0.14295368013990536,-0.15918965136196916,0.030432627638705176,-0.057813996958698426,0.32361636599457555,0.8819730760605554,-0.20885535673026362,0.22172027034436392,0.04695759652615762,-0.42759186560905743,0.29433031822030997,0.0020323176797931264,-0.1291743742286508,-0.19427821140859527,0.06738925292067635,-0.21328133147006198,0.060227773079618484,-0.03341155370089962,0.16019787355160883,-0.10804137650227601,0.045298731214522506,0.12415611454406324,-0.21190070626291932,-0.16921162995835082,0.13615358110642176,-0.021544828423502797,-0.1552755015490761,0.0022106141559231373,7,6,4,0,0,0,0,1,1,1,1,1,1,0,0,0,0,1,1,1,1,1,1,1,1,1,1,1,1,1,1,1,1,1,1,1,1,1,1,1
32.612,35.163,True,-3.396612819353425,0.37071208394944205,1.565927645561294,-1.3323974636942195,-0.4578962719556313,-0.5417421268676655,-0.136585598382432,-0.2762102776092358,0.055435525303278846,1.327388610517061,-0.6339084243373084,0.5879148016068436,0.5240291053219726,-0.6415280898919076,-0.09845343055635743,1.3955073074495867,-0.6502535819353213,-0.4231437282772792,-0.6136663514299101,-1.2084718855625265,-1.0433733722336802,-0.5168112558815474,-0.7149552231343153,0.7035964703944707,-2.9505996727659496,-3.7207302158948217,-2.6320680294871166,0.2284433715240083,0.008699777075614043,0.07382195812314842,-1.0609283818760915,-1.0026891930939843,-0.15918965136196916,-0.23179290602843364,-0.5515455309859825,-0.5554179105937436,-0.7893398091962072,-0.2884814614836766,0.22172027034436392,0.04695759652615762,-0.42759186560905743,0.29433031822030997,0.0020323176797931264,-0.1291743742286508,-0.19427821140859527,0.06738925292067635,-0.21328133147006198,0.060227773079618484,-0.03341155370089962,0.16019787355160883,-0.10804137650227601,0.045298731214522506,0.12415611454406324,-0.21190070626291932,-0.16921162995835082,0.13615358110642176,-0.021544828423502797,-0.1552755015490761,0.0022106141559231373,7,6,4,0,0,0,0,1,1,1,0,0,1,0,0,0,0,1,1,1,1,1,1,1,1,1,1,1,1,1,1,1,1,1,1,1,1,1,1,1
31.845,34.981,True,0.4669788422889004,0.11282172543135581,1.4777988991755528,-1.1229966479519602,-0.3114862907739715,-0.3206286157253177,-0.20594693990313492,2.5929723199695087,0.002610331586474489,0.520789452331993,-0.6339084243373084,0.3661839662810572,-0.5856810356519679,-0.4841408480741284,-0.0537494590042894,1.2301568751829282,-0.5510839133703361,0.08757476444313544,-0.5560590233302067,-1.2084718855625265,-0.6399101310669609,1.0409594273210205,1.3073476911524553,0.6610783853130286,-2.9505996727659496,-3.7207302158948217,-2.6320680294871166,0.2284433715240083,0.008699777075614043,0.07382195812314842,-1.0609283818760915,-0.14295368013990536,-0.15918965136196916,-0.056975883583674426,0.9296490710958696,-0.027997344640752115,0.8819730760605554,0.42815348129704034,0.22172027034436392,0.04695759652615762,-0.42759186560905743,0.29433031822030997,0.0020323176797931264,-0.1291743742286508,-0.19427821140859527,0.06738925292067635,-0.21328133147006198,0.060227773079618484,-0.03341155370089962,0.16019787355160883,-0.10804137650227601,0.045298731214522506,0.12415611454406324,-0.21190070626291932,-0.16921162995835082,0.13615358110642176,-0.021544828423502797,-0.1552755015490761,0.0022106141559231373,7,6,4,0,0,0,0,1,1,1,0,0,1,0,0,0,0,1,1,1,1,1,1,1,1,1,1,1,1,1,1,1,1,1,1,1,1,1,1,1
31.849,34.983,True,0.4669788422889004,2.1507729747888287,-0.6053069520780077,-1.0558572441299015,-0.4402527858512876,-0.799707889867071,-0.23484749887009448,-0.2762102776092358,0.029022928444876667,0.8067267200483927,-0.6339084243373084,0.24523987428517363,-0.27033175098671147,-0.5142295854804685,-0.3219732883166975,1.362437220996255,-0.7180739060607698,-0.4734075759581214,-0.696203240203105,-1.2084718855625265,-1.1998396121339083,0.7943782821881294,-0.7149552231343153,-1.053587909083154,-2.9505996727659496,-3.7207302158948217,-2.6320680294871166,0.2284433715240083,0.008699777075614043,0.07382195812314842,-0.20992696848644016,-0.14295368013990536,-0.15918965136196916,-0.31920141725081325,0.18905177005494359,-0.5554179105937436,-0.7893398091962072,-0.4477336709905026,-0.706461645705081,0.04695759652615762,-0.42759186560905743,0.29433031822030997,0.0020323176797931264,-0.1291743742286508,-0.19427821140859527,0.06738925292067635,-0.21328133147006198,0.060227773079618484,-0.03341155370089962,0.16019787355160883,-0.10804137650227601,0.045298731214522506,0.12415611454406324,-0.21190070626291932,-0.16921162995835082,0.13615358110642176,-0.021544828423502797,-0.1552755015490761,0.0022106141559231373,7,6,4,0,0,0,0,1,1,1,1,1,1,0,0,0,0,1,1,1,1,1,1,1,1,1,1,1,1,1,1,1,1,1,1,1,1,1,1,1
31.851,34.98,True,-3.396612819353425,0.22427342119362267,1.5894746648305909,-1.259081044658525,-0.4619202249267974,-0.6615119454031039,-0.23195744297339846,-0.3221697242523736,0.002610331586474489,1.5365069107872633,0.18684387498877006,0.40649866361301834,0.15279513729831629,-0.5142295854804685,-0.39349964280000643,1.478182523582917,-0.7405572407647786,-0.5611218406930968,-0.7105978148846903,-1.2084718855625265,-0.753768074604909,0.6662042484136592,-0.7149552231343153,-1.0535879090813047,-2.9505996727659496,-3.7207302158948217,-2.6320680294871166,0.2284433715240083,0.008699777075614043,0.07382195812314842,-1.0609283818760915,-1.0026891930939843,-0.15918965136196916,0.05956879804616504,0.18905177005494359,-0.3796110552760798,-0.23223551411061963,-0.4875467233672091,-1.1705526037298035,0.04695759652615762,-0.42759186560905743,0.29433031822030997,0.0020323176797931264,-0.1291743742286508,-0.19427821140859527,0.06738925292067635,-0.21328133147006198,0.060227773079618484,-0.03341155370089962,0.16019787355160883,-0.10804137650227601,0.045298731214522506,0.12415611454406324,-0.21190070626291932,-0.16921162995835082,0.13615358110642176,-0.021544828423502797,-0.1552755015490761,0.0022106141559231373,7,6,4,0,0,0,0,1,1,1,0,0,1,0,0,0,0,1,1,1,1,1,1,1,1,1,1,1,1,1,1,1,1,1,1,1,1,1,1,1
31.474,34.752,True,0.0806196761246679,-0.2695019184122154,1.404166526216187,-0.8478818934369429,-0.3133434998375866,-0.495676812046343,-0.2753082814238378,-0.42065425277338314,-0.15586524956393857,0.7043014301201302,0.1607882464387358,0.10413843362330952,-0.6136233773311679,-0.6762458638223,-0.6706642664228281,1.2549594400229265,-0.7422339557449149,-0.32182142829632226,-0.6526391602122298,1.5033731582991103,-1.1998396121339083,-0.31470819439901204,2.103560327169203,-1.0535879090813047,-0.16077183976006856,-0.3981063614347064,0.3232770267749846,-0.8345445158793813,0.13748741901667078,-0.33200422910974525,-0.20992696848644016,-0.14295368013990536,-0.15918965136196916,-0.3483375876582731,-0.5515455309859825,3.3123329063948606,2.553285961317318,-0.4875467233672091,-1.1705526037298035,-1.0067073062298466,-0.15399068011803818,0.29433031822030997,-1.506660989324997,0.9215293968702051,2.7008933203369123,-2.2638994127867544,-0.47579942733604663,-2.9323514987104846,0.08465488962437814,0.16019787355160883,-0.10804137650227601,0.045298731214522506,0.12415611454406324,-0.21190070626291932,-0.16921162995835082,0.13615358110642176,-0.021544828423502797,-0.1552755015490761,0.0022106141559231373,7,6,4,0,0,0,0,0,0,0,1,1,1,0,0,0,0,0,0,0,0,0,0,0,0,0,0,1,1,1,1,1,1,1,1,1,1,1,1,1
31.477,34.749,True,0.4669788422889004,-0.2120346377847964,1.0601652837966502,-0.6692711227595766,-0.39072721082155054,-0.09030204161870667,-0.28397844911392567,-0.4666136994165209,-0.05021486213032987,0.9475614936997537,0.19987168926378726,0.18476782828723187,0.12086103252208771,-0.662358754250143,-0.6326658906035703,1.2136218319562617,-0.7243907517712207,-0.37431269853400106,-0.6151594189819268,0.9880775822720802,-1.1998396121339083,-0.2321274364982203,-0.7149552231343153,-0.1282731847061958,-0.31612824643557513,-0.04478551929490149,-0.6509389008725307,0.36000758731186716,-0.06702103030793803,0.28515232959215403,-0.20992696848644016,-0.14295368013990536,-0.15918965136196916,-0.37747375806573297,-0.5515455309859825,-0.3796110552760798,-0.23223551411061963,-0.2884814614836766,-0.24237068768035852,0.01569703222100566,0.0501569708246669,0.29433031822030997,0.0020323176797931264,-1.2457342221485175,-1.4000182623102568,-2.2534452035234924,-0.4783076435196155,-2.371680909147936,-0.5524103022089817,0.16019787355160883,-0.10804137650227601,0.045298731214522506,0.12415611454406324,-0.21190070626291932,-0.16921162995835082,0.13615358110642176,-0.021544828423502797,-0.1552755015490761,0.0022106141559231373,7,6,4,0,0,0,0,0,0,0,1,1,1,0,0,0,0,0,0,1,1,0,0,0,0,0,0,1,1,1,1,1,1,1,1,1,1,1,1,1
31.475,34.749,True,0.4669788422889004,-0.7081055023743746,1.7998638304842791,-0.829778487310825,-0.4238474391226872,-0.2653502379397307,-0.25507789014696614,-0.4272198880081171,0.029022928444876667,2.082775123737997,0.36923327483900975,0.26539722295115425,0.32444095047054444,-0.6762458638223,-0.39573484137760967,1.26322696163626,-0.6950422561978351,-0.46322671075939076,-0.6017137844977203,1.4574153708500994,-1.1998396121339083,0.32890184080138757,-0.7149552231343153,-1.053587909083154,-1.8647070757923703,-0.027439458886434273,0.2152891943354672,-1.0717930145533632,0.013073849744883738,0.27751437108175114,-0.20992696848644016,-0.14295368013990536,-0.15918965136196916,-0.0861120539911343,0.43591753706858555,-0.5554179105937436,-0.7893398091962072,-0.04960314722343762,-0.706461645705081,-0.756622791788631,0.9318677863643572,0.29433031822030997,-0.12701081764412794,-0.02440334292249709,-0.25259723141887125,-0.1521491416078261,-0.034711695625567994,-0.4023254633094841,0.9533946263508993,0.16019787355160883,-0.10804137650227601,0.045298731214522506,0.12415611454406324,-0.21190070626291932,-0.16921162995835082,0.13615358110642176,-0.021544828423502797,-0.1552755015490761,0.0022106141559231373,7,6,4,0,0,0,0,0,0,0,1,1,1,0,0,0,0,0,0,0,0,0,0,0,0,0,0,1,1,1,1,1,1,1,1,1,1,1,1,1
32.709,35.182,True,0.4669788422889004,0.5382854077624523,1.457933498554224,-1.3660384388577138,-0.40527534848653585,0.12159840655937773,-0.2492977783535743,-0.3681291708955114,-0.18227784642234077,1.301782288034995,-0.6339084243373084,0.2855545716171348,-0.5737057463608823,-0.7341088203729541,-0.41138123142083355,1.2880295264762585,-0.674501202612888,0.2653685391313143,-0.5393178159080741,-1.2084718855625265,-0.753768074604909,0.5564512140276403,0.5239108168510214,1.575409685120917,-2.9505996727659496,-3.7207302158948217,-2.6320680294871166,0.2284433715240083,0.008699777075614043,0.07382195812314842,-1.0609283818760915,-1.0026891930939843,-0.15918965136196916,-0.2900652468433534,-0.057813996958698426,0.32361636599457555,0.32486878097496785,1.34385368596129,1.1499021863938088,0.04695759652615762,-0.42759186560905743,0.29433031822030997,0.0020323176797931264,-0.1291743742286508,-0.19427821140859527,0.06738925292067635,-0.21328133147006198,0.060227773079618484,-0.03341155370089962,0.16019787355160883,-0.10804137650227601,0.045298731214522506,0.12415611454406324,-0.21190070626291932,-0.16921162995835082,0.13615358110642176,-0.021544828423502797,-0.1552755015490761,0.0022106141559231373,7,6,4,0,0,0,0,1,1,1,0,0,1,0,0,0,0,1,1,1,1,1,1,1,1,1,1,1,1,1,1,1,1,1,1,1,1,1,1,1
32.71,35.184,True,0.4669788422889004,-0.2748053726849937,2.160739158373672,-1.3133912630368783,-0.4074420923940868,-0.2837763638682601,-0.07011431275842518,-0.21711956049663006,0.002610331586474489,1.7712315335395319,-0.6339084243373084,0.6887015449367466,-0.20247177833722593,-0.6970765281805354,-0.18786137366049346,1.3376346561562567,-0.6519576324635329,-0.1838411605574785,-0.5179357219461744,-1.2084718855625265,-1.1998396121339083,-0.9819421003211934,-0.7149552231343153,-1.053587909083154,-2.9505996727659496,-3.7207302158948217,-2.6320680294871166,0.2284433715240083,0.008699777075614043,0.07382195812314842,-0.20992696848644016,-0.14295368013990536,-0.15918965136196916,-0.4357460988806527,-0.7984112979996244,-0.5554179105937436,-0.7893398091962072,-0.4477336709905026,-0.706461645705081,0.04695759652615762,-0.42759186560905743,0.29433031822030997,0.0020323176797931264,-0.1291743742286508,-0.19427821140859527,0.06738925292067635,-0.21328133147006198,0.060227773079618484,-0.03341155370089962,0.16019787355160883,-0.10804137650227601,0.045298731214522506,0.12415611454406324,-0.21190070626291932,-0.16921162995835082,0.13615358110642176,-0.021544828423502797,-0.1552755015490761,0.0022106141559231373,7,6,4,0,0,0,0,1,1,1,1,1,1,0,0,0,0,1,1,1,1,1,1,1,1,1,1,1,1,1,1,1,1,1,1,1,1,1,1,1
32.713,35.185,True,0.4669788422889004,-0.06013420868835466,2.0150084202249263,-1.3519738503712815,-0.2607225763684911,-0.4127592453679629,-0.15392593376260774,-0.34186662995657546,-0.05021486213032987,0.8622070854262015,-0.6339084243373084,0.5476001042748825,0.9750983352862004,-0.6600442359881168,-0.09845343055635743,1.3955073074495867,-0.6868617607458257,-0.5122245325765112,-0.568168400820592,-1.2084718855625265,-1.1998396121339083,-0.9819421003211934,-0.7149552231343153,0.2281390813615703,-2.9505996727659496,-3.7207302158948217,-2.6320680294871166,0.2284433715240083,0.008699777075614043,0.07382195812314842,-0.20992696848644016,-0.14295368013990536,-0.15918965136196916,-0.31920141725081325,-0.3046797639723404,-0.3796110552760798,-0.23223551411061963,-0.3282945138603831,-0.24237068768035852,0.04695759652615762,-0.42759186560905743,0.29433031822030997,0.0020323176797931264,-0.1291743742286508,-0.19427821140859527,0.06738925292067635,-0.21328133147006198,0.060227773079618484,-0.03341155370089962,0.16019787355160883,-0.10804137650227601,0.045298731214522506,0.12415611454406324,-0.21190070626291932,-0.16921162995835082,0.13615358110642176,-0.021544828423502797,-0.1552755015490761,0.0022106141559231373,7,6,4,0,0,0,1,1,1,1,1,1,1,1,1,0,0,1,1,1,1,1,1,1,1,1,1,1,1,1,1,1,1,1,1,1,1,1,1,1
32.256,34.844,True,0.0806196761246679,-0.8348343126835998,-1.5081472251037324,1.2956374166980256,-0.3743218640929502,0.35192498066598843,-0.16837621324608756,-0.33530099472184155,0.13467331587848538,-0.2388647813026209,0.173816060713753,0.8499603342645913,-0.2463811724045401,-0.5605199507209918,0.013306498323812622,0.8333158377429454,-0.5949132247266112,-0.6884573871255363,-0.5408850246309569,-1.2084718855625265,-0.7681159836498783,-0.9819421003211934,0.45672697158011144,-0.4313597492342395,-2.9505996727659496,-3.7207302158948217,-2.6320680294871166,0.2284433715240083,0.008699777075614043,0.07382195812314842,-1.0609283818760915,-0.5728214366169448,-0.15918965136196916,-0.46488226928811255,-0.7984112979996244,-0.027997344640752115,0.32486878097496785,0.26890127179021434,-0.24237068768035852,0.04695759652615762,-0.42759186560905743,0.29433031822030997,0.0020323176797931264,-0.1291743742286508,-0.19427821140859527,0.06738925292067635,-0.21328133147006198,0.060227773079618484,-0.03341155370089962,0.16019787355160883,-0.10804137650227601,0.045298731214522506,0.12415611454406324,-0.21190070626291932,-0.16921162995835082,0.13615358110642176,-0.021544828423502797,-0.1552755015490761,0.0022106141559231373,7,6,4,0,0,0,0,1,1,1,0,0,1,0,0,0,0,1,1,1,1,1,1,1,1,1,1,1,1,1,1,1,1,1,1,1,1,1,1,1
32.254,34.848,True,-3.2034332362713087,0.017042924385658305,1.298626791641096,-0.9544591636229849,-0.43839557678767244,-0.04423672679738317,-0.03543364199807371,-0.5060075108249247,-0.5256416055815691,0.9006165691493002,-0.6339084243373084,-0.3997952830262052,0.5639467362922582,-0.7294797838489018,-1.233934307978885,1.26322696163626,-0.6022359904677584,-0.47427227267694033,-0.37160047122609224,-1.2084718855625265,-0.8295830832971259,-0.9819421003211934,-0.7149552231343153,-1.0535879090813047,-2.9505996727659496,-3.7207302158948217,-2.6320680294871166,0.2284433715240083,0.008699777075614043,0.07382195812314842,-1.0609283818760915,-0.14295368013990536,-0.15918965136196916,-0.31920141725081325,-0.3046797639723404,-0.5554179105937436,-0.7893398091962072,-0.4875467233672091,-1.1705526037298035,0.04695759652615762,-0.42759186560905743,0.29433031822030997,0.0020323176797931264,-0.1291743742286508,-0.19427821140859527,0.06738925292067635,-0.21328133147006198,0.060227773079618484,-0.03341155370089962,0.16019787355160883,-0.10804137650227601,0.045298731214522506,0.12415611454406324,-0.21190070626291932,-0.16921162995835082,0.13615358110642176,-0.021544828423502797,-0.1552755015490761,0.0022106141559231373,7,6,4,0,0,0,0,1,1,1,0,0,1,1,1,0,0,1,1,1,1,1,1,1,1,1,1,1,1,1,1,1,1,1,1,1,1,1,1,1
32.247,34.85,True,-0.6920986562037972,0.27501243893766586,1.7452531538727492,-1.3859949495479225,-0.43839557678767244,-0.689151134295897,-0.03543364199807361,-0.046413044393546904,-0.02380226527192769,0.892081128321945,-0.6339084243373084,0.44681336094497953,0.12485279561911618,-0.5026569941703377,0.035658484099846635,1.3210996129295902,-0.4986783121674904,-0.3168863222041051,-0.30652998550830407,-1.2084718855625265,-0.8496288674434328,-0.05770336983235298,-0.7149552231343153,-1.0535879090813047,-2.9505996727659496,-3.7207302158948217,-2.6320680294871166,0.2284433715240083,0.008699777075614043,0.07382195812314842,-1.0609283818760915,-1.0026891930939843,-0.15918965136196916,-0.4357460988806527,-0.5515455309859825,-0.027997344640752115,-0.23223551411061963,-0.4875467233672091,-1.1705526037298035,0.04695759652615762,-0.42759186560905743,0.29433031822030997,0.0020323176797931264,-0.1291743742286508,-0.19427821140859527,0.06738925292067635,-0.21328133147006198,0.060227773079618484,-0.03341155370089962,0.16019787355160883,-0.10804137650227601,0.045298731214522506,0.12415611454406324,-0.21190070626291932,-0.16921162995835082,0.13615358110642176,-0.021544828423502797,-0.1552755015490761,0.0022106141559231373,7,6,4,0,0,0,0,1,1,1,0,0,1,0,0,0,0,1,1,1,1,1,1,1,1,1,1,1,1,1,1,1,1,1,1,1,1,1,1,1
32.245,34.852,True,-3.010253653189192,-0.3069427224573518,2.1226190652895,-1.2705322805545731,-0.2607225763684911,-0.873412393581187,0.09461887335324422,-0.1645944786187584,0.002610331586474489,0.8195298812894256,-0.151879296161675,0.2855545716171348,0.2885150825972874,-0.4910844028602069,0.12506642720398267,1.3541696993829222,-0.4941011906638769,-0.33736547824971136,-0.3636479033509398,-1.2084718855625265,-0.9665034829902257,-0.9819421003211934,-0.7149552231343153,-1.0535879090813047,-2.9505996727659496,-3.7207302158948217,-2.6320680294871166,0.2284433715240083,0.008699777075614043,0.07382195812314842,-1.0609283818760915,-1.0026891930939843,-0.15918965136196916,-0.31920141725081325,-0.3046797639723404,-0.5554179105937436,-0.7893398091962072,-0.4875467233672091,-1.1705526037298035,0.04695759652615762,-0.42759186560905743,0.29433031822030997,0.0020323176797931264,-0.1291743742286508,-0.19427821140859527,0.06738925292067635,-0.21328133147006198,0.060227773079618484,-0.03341155370089962,0.16019787355160883,-0.10804137650227601,0.045298731214522506,0.12415611454406324,-0.21190070626291932,-0.16921162995835082,0.13615358110642176,-0.021544828423502797,-0.1552755015490761,0.0022106141559231373,7,6,4,0,0,0,1,1,1,1,0,0,1,1,1,0,0,1,1,1,1,1,1,1,1,1,1,1,1,1,1,1,1,1,1,1,1,1,1,1
31.853,34.772,True,0.4669788422889004,-0.36330181860986166,1.3582996938935825,-0.7632092695084867,-0.2607225763684911,-0.6983641972601614,0.0801685938697645,-0.4928762403554568,-0.2298205207674647,0.8792779670809119,0.04353791796358179,0.18476782828723187,0.29250684569431606,-0.662358754250143,-0.6058435076723295,1.2466919184095937,-0.7033627202478455,-0.35284644794698966,-0.6248040098643923,-1.2084718855625265,-0.5897033296757865,-0.9819421003211934,0.5609758562232795,0.8971084076492132,-2.9505996727659496,-3.7207302158948217,-2.6320680294871166,0.2284433715240083,0.008699777075614043,0.07382195812314842,-1.0609283818760915,0.7167818328141736,-0.15918965136196916,-0.46488226928811255,-0.7984112979996244,-0.20380419995841595,0.32486878097496785,-0.2884814614836766,0.22172027034436392,0.04695759652615762,-0.42759186560905743,0.29433031822030997,0.0020323176797931264,-0.1291743742286508,-0.19427821140859527,0.06738925292067635,-0.21328133147006198,0.060227773079618484,-0.03341155370089962,0.16019787355160883,-0.10804137650227601,0.045298731214522506,0.12415611454406324,-0.21190070626291932,-0.16921162995835082,0.13615358110642176,-0.021544828423502797,-0.1552755015490761,0.0022106141559231373,7,6,4,0,0,0,1,1,1,1,0,0,1,0,0,0,0,1,1,1,1,1,1,1,1,1,1,1,1,1,1,1,1,1,1,1,1,1,1,1
31.859,34.768,True,0.4669788422889004,-0.29538594150473035,0.12817886314117555,-0.04182892355909215,-0.4455148781981971,0.1768767843449641,-0.17704638093617542,-0.5191387812943926,-0.3618835050594756,0.3500806357848888,-0.6339084243373084,-0.13774975036845755,-0.09469417471745478,-0.7688265943033465,-1.0260608402617688,1.4037748290629204,-0.7774580269053952,-0.475174649801364,-0.6949107962702522,-1.2084718855625265,-0.36903569395090213,-0.05770336983235298,-0.7149552231343153,0.2281390813615703,-2.9505996727659496,-3.7207302158948217,-2.6320680294871166,0.2284433715240083,0.008699777075614043,0.07382195812314842,-1.0609283818760915,0.2869140763371341,-0.15918965136196916,-0.4357460988806527,-0.5515455309859825,-0.5554179105937436,-0.7893398091962072,-0.4079206186137961,-0.24237068768035852,0.04695759652615762,-0.42759186560905743,0.29433031822030997,0.0020323176797931264,-0.1291743742286508,-0.19427821140859527,0.06738925292067635,-0.21328133147006198,0.060227773079618484,-0.03341155370089962,0.16019787355160883,-0.10804137650227601,0.045298731214522506,0.12415611454406324,-0.21190070626291932,-0.16921162995835082,0.13615358110642176,-0.021544828423502797,-0.1552755015490761,0.0022106141559231373,7,6,4,0,0,0,0,1,1,1,0,0,1,0,0,0,0,1,1,1,1,1,1,1,1,1,1,1,1,1,1,1,1,1,1,1,1,1,1,1
32.758,35.183,True,0.4669788422889004,0.3430866281106418,1.3701882541109798,-1.1945549934268507,-0.2607225763684911,-0.5970205046532525,-0.04988392148155343,-0.31560408901763964,0.1082607190200832,1.3231208901033829,-0.6339084243373084,0.6483868476047854,0.09291869084288792,-0.6299554985817767,0.12506642720398267,1.1392141374362652,-0.5371548614865549,-0.06760137033762754,-0.48511669064010665,-1.2084718855625265,0.18222675463187346,0.4044159954120673,-0.7149552231343153,-0.6568377412276445,-2.9505996727659496,-3.7207302158948217,-2.6320680294871166,0.2284433715240083,0.008699777075614043,0.07382195812314842,-1.0609283818760915,-1.0026891930939843,-0.15918965136196916,-0.31920141725081325,0.18905177005494359,-0.5554179105937436,-0.7893398091962072,0.22908821941350785,-0.24237068768035852,0.04695759652615762,-0.42759186560905743,0.29433031822030997,0.0020323176797931264,-0.1291743742286508,-0.19427821140859527,0.06738925292067635,-0.21328133147006198,0.060227773079618484,-0.03341155370089962,0.16019787355160883,-0.10804137650227601,0.045298731214522506,0.12415611454406324,-0.21190070626291932,-0.16921162995835082,0.13615358110642176,-0.021544828423502797,-0.1552755015490761,0.0022106141559231373,7,6,4,0,0,0,1,1,1,1,0,0,1,0,0,0,0,1,1,1,1,1,1,1,1,1,1,1,1,1,1,1,1,1,1,1,1,1,1,1
32.744,35.225,True,0.4669788422889004,0.2283103789236481,1.5354775913270557,-1.2280534220854151,-0.2607225763684911,-0.3206286157253177,-0.04121375379146556,-0.34186662995657546,0.08184812216168103,0.6488210647423212,-0.17793492471170927,0.6887015449367466,0.12485279561911618,-0.6716168272982477,0.12506642720398267,1.387239785836254,-0.679605668202426,-0.08937621761738339,-0.6077887135339624,-1.2084718855625265,-0.956495948177946,-0.9819421003211934,-0.7149552231343153,-1.053587909083154,-2.9505996727659496,-3.7207302158948217,-2.6320680294871166,0.2284433715240083,0.008699777075614043,0.07382195812314842,-1.0609283818760915,-0.14295368013990536,-0.15918965136196916,-0.46488226928811255,-0.7984112979996244,-0.5554179105937436,-0.7893398091962072,-0.4079206186137961,-0.706461645705081,0.04695759652615762,-0.42759186560905743,0.29433031822030997,0.0020323176797931264,-0.1291743742286508,-0.19427821140859527,0.06738925292067635,-0.21328133147006198,0.060227773079618484,-0.03341155370089962,0.16019787355160883,-0.10804137650227601,0.045298731214522506,0.12415611454406324,-0.21190070626291932,-0.16921162995835082,0.13615358110642176,-0.021544828423502797,-0.1552755015490761,0.0022106141559231373,7,6,4,0,0,0,1,1,1,1,0,0,1,0,0,0,0,1,1,1,1,1,1,1,1,1,1,1,1,1,1,1,1,1,1,1,1,1,1,1
32.707,35.185,True,0.4669788422889004,0.07799307050564762,1.637642508808176,-1.2011121326536336,-0.2607225763684911,-0.9655430232238319,0.17554043846073086,-0.40095734706918124,-0.02380226527192769,2.68452370206654,0.14776043216371873,0.4669707096109601,0.3763338707319157,-0.5975522429134105,-0.23256534521256148,1.2466919184095937,-0.5432551941114049,-0.26725267883535464,-0.435928533759463,-1.2084718855625265,-1.1998396121339083,-0.9819421003211934,-0.7149552231343153,-1.053587909083154,-2.9505996727659496,-3.7207302158948217,-2.6320680294871166,0.2284433715240083,0.008699777075614043,0.07382195812314842,-1.0609283818760915,-1.4325569495710238,-0.15918965136196916,-0.46488226928811255,-0.7984112979996244,-0.5554179105937436,-0.7893398091962072,-0.4477336709905026,-0.706461645705081,0.04695759652615762,-0.42759186560905743,0.29433031822030997,0.0020323176797931264,-0.1291743742286508,-0.19427821140859527,0.06738925292067635,-0.21328133147006198,0.060227773079618484,-0.03341155370089962,0.16019787355160883,-0.10804137650227601,0.045298731214522506,0.12415611454406324,-0.21190070626291932,-0.16921162995835082,0.13615358110642176,-0.021544828423502797,-0.1552755015490761,0.0022106141559231373,7,6,4,0,0,0,1,1,1,1,0,0,1,0,0,0,0,1,1,1,1,1,1,1,1,1,1,1,1,1,1,1,1,1,1,1,1,1,1,1
32.703,35.183,True,0.0806196761246679,-0.026413738237555606,1.8749535108251325,-1.2854521480705863,-0.2607225763684911,-0.799707889867071,0.1177393205268118,-0.3287353594871076,0.13467331587848538,1.7754992539532097,0.1607882464387358,0.5879148016068436,0.33242447666460173,-0.6322700168438029,-0.18786137366049346,1.3210996129295902,-0.5731289635591302,-0.34015561630425073,-0.5289200493176935,-1.2084718855625265,-0.9290799979250983,-0.9819421003211934,-0.7149552231343153,0.29458177506170813,-2.9505996727659496,-3.7207302158948217,-2.6320680294871166,0.2284433715240083,0.008699777075614043,0.07382195812314842,-1.0609283818760915,-1.0026891930939843,-0.15918965136196916,-0.46488226928811255,-0.7984112979996244,-0.3796110552760798,-0.23223551411061963,0.7068448479339859,0.6858112283690864,0.04695759652615762,-0.42759186560905743,0.29433031822030997,0.0020323176797931264,-0.1291743742286508,-0.19427821140859527,0.06738925292067635,-0.21328133147006198,0.060227773079618484,-0.03341155370089962,0.16019787355160883,-0.10804137650227601,0.045298731214522506,0.12415611454406324,-0.21190070626291932,-0.16921162995835082,0.13615358110642176,-0.021544828423502797,-0.1552755015490761,0.0022106141559231373,7,6,4,0,0,0,1,1,1,1,0,0,1,0,0,0,0,1,1,1,1,1,1,1,1,1,1,1,1,1,1,1,1,1,1,1,1,1,1,1
31.995,34.819,True,0.4669788422889004,-0.4833815220696334,-0.22310891618579906,0.2885938748687889,-0.4083706969258944,0.5638254288440728,-0.21461710759322278,-0.5782294984069984,-0.3618835050594756,0.24765534585662624,-0.17793492471170927,-0.2385364936983605,-0.4779034320321968,-0.6947620099185093,-0.9411232943128396,1.1309466158229324,-0.6715975828184056,-0.6554008448805692,-0.6336956473818224,2.3649083591529103,-0.7545148950044783,-0.9819421003211934,-0.7149552231343153,-1.0535879090813047,-0.04479162746022521,0.08647050830321396,0.004838694175309892,0.2957039451473714,-0.618346006331809,0.3627929682323161,-1.0609283818760915,-0.14295368013990536,-0.15918965136196916,-0.46488226928811255,-0.7984112979996244,-0.5554179105937436,-0.7893398091962072,-0.4875467233672091,-1.1705526037298035,1.50884869197297,3.777416411532723,0.29433031822030997,0.19868417701313695,0.5982359288397878,-0.18980380025045968,-0.7062222325607133,-0.06228927662348146,-0.6265936991345036,-0.02226569930741419,0.16019787355160883,-0.10804137650227601,0.045298731214522506,0.12415611454406324,-0.21190070626291932,-0.16921162995835082,0.13615358110642176,-0.021544828423502797,-0.1552755015490761,0.0022106141559231373,7,6,4,0,0,0,0,0,0,0,0,0,1,0,0,0,0,0,0,0,0,0,0,0,0,0,0,1,1,1,1,1,1,1,1,1,1,1,1,1
31.991,34.816,True,-0.30573949003956463,0.11543387455078404,-0.41409288354915447,0.04745270402876919,-0.4393241813194799,0.1676637213807006,-0.23484749887009448,-0.5650982279375304,-0.4596101134355636,-0.49066028570959974,-0.060684596236555144,-0.2788511910303217,-0.4379858010619111,-0.6044957976994889,-0.5343171531890206,0.8085132729029463,-0.37416746906824666,-0.3019744509954277,-0.35397511994170344,1.739773486675287,-0.5510020841500838,-0.9819421003211934,-0.7149552231343153,-1.0535879090813047,-1.0153636795246175,-1.177656732626694,-0.34038015657659965,-0.19697002618577447,0.852301547312986,0.1746111287761909,-1.0609283818760915,0.2869140763371341,-0.15918965136196916,-0.46488226928811255,-0.7984112979996244,0.32361636599457555,-0.23223551411061963,-0.4875467233672091,-1.1705526037298035,0.059829593592984905,1.9411708837432382,0.29433031822030997,-1.451092175070677,-0.45546130029638665,0.16966584194551967,0.8932717847183761,2.4179398212645014,-1.0541050236759468,-0.25441792367458205,0.16019787355160883,-0.10804137650227601,0.045298731214522506,0.12415611454406324,-0.21190070626291932,-0.16921162995835082,0.13615358110642176,-0.021544828423502797,-0.1552755015490761,0.0022106141559231373,7,6,4,0,0,0,0,0,0,0,0,0,1,0,0,0,0,0,0,0,0,0,0,0,0,0,0,1,1,1,1,1,1,1,1,1,1,1,1,1
32.705,35.182,True,0.4669788422889004,0.7727455802396075,0.9797832766493422,-1.2105677174806608,-0.33005838141012284,-1.232721849187502,0.08883876155985228,-0.33530099472184155,-0.05021486213032987,4.080068277339118,-0.6339084243373084,0.20492517695321247,0.8074442852110006,-0.5489473594108609,0.9967938724693091,0.9490611403296066,0.5809450731134036,1.0375811820869514,0.5467611873120061,1.6280289030958126,-0.5088064287520144,0.9545616294464602,-0.7149552231343153,1.1679092822557156,0.46194251272739517,-0.3290548560527845,-1.1906277765425965,-0.018300953176704677,-0.21732110679950198,1.517751304833882,-1.0609283818760915,-0.5728214366169448,-0.15918965136196916,0.23438582049092424,0.6827833040822275,-0.3796110552760798,-0.23223551411061963,0.30871432416692085,1.1499021863938088,-0.13876693258092168,1.029969399287886,0.29433031822030997,-0.269946156531629,2.609839729917939,3.2887854440295774,0.5169202512409433,-0.23291196221289226,-0.44437575752667524,1.705341731682827,0.16019787355160883,-0.10804137650227601,0.045298731214522506,0.12415611454406324,-0.21190070626291932,-0.16921162995835082,0.13615358110642176,-0.021544828423502797,-0.1552755015490761,0.0022106141559231373,7,6,4,0,0,0,0,0,0,0,0,0,1,0,0,0,0,0,0,0,0,0,0,0,0,0,0,1,1,1,1,1,1,1,1,1,1,1,1,1
32.706,35.178,True,0.4669788422889004,0.4269920240680297,1.2664126284713733,-1.1806329514453482,-0.2607225763684911,-0.9747560861880963,0.14663987949377144,-0.4272198880081171,0.1082607190200832,1.6730739640249468,-0.0997680390616066,0.4871280582769407,-0.1585623842699117,-0.5142295854804685,0.4826981996205268,1.1061440509829332,-0.3686148664328879,-0.10064522022090223,-0.26462612528673507,0.5248926885563543,-0.9746002365381093,0.40467228754000284,1.521388674579896,-1.0535879090813047,0.6664373736075763,-0.47665456413591106,-1.0872326838924902,-0.46270722873667147,1.251979509010397,-0.5905770312999405,-1.0609283818760915,0.7167818328141736,-0.15918965136196916,1.6620581704564577,0.43591753706858555,1.026843787265231,1.4390773711461429,-0.4875467233672091,-1.1705526037298035,-0.05785723673229307,1.7465324688998691,-0.994685536959921,0.09866031135536081,-0.3716444752514637,0.02731889713500211,-0.30896228055675645,-0.26946025517346806,-2.385697673887,-1.2776073569965443,0.16019787355160883,-0.10804137650227601,0.045298731214522506,0.12415611454406324,-0.21190070626291932,-0.16921162995835082,0.13615358110642176,-0.021544828423502797,-0.1552755015490761,0.0022106141559231373,7,6,4,0,0,0,1,0,0,0,0,0,1,0,0,0,0,0,0,0,0,0,0,0,0,0,0,1,1,1,1,1,1,1,1,1,1,1,1,1
31.365,34.72,True,0.4669788422889004,-0.8790033796121117,0.47701223003617155,0.09235485308173837,-0.34739233267053077,-0.744429512081484,-0.26663811373374996,-0.5191387812943926,-0.34603594694443424,0.31167115206179047,0.04353791796358179,-0.016805658372574018,-0.17852119975505445,-0.7109636377526924,-0.5991379119395192,1.0813414861429342,-0.5253413191012224,0.14324628044235652,-0.31309113143401285,0.4544109556820115,-0.9361548325840565,0.19887772057806358,-0.7149552231343153,-1.053587909083154,-0.6572707829823806,-0.11265002043094387,0.4227740745025256,0.818209602509331,0.21533915650972474,-0.3671191854161369,-1.0609283818760915,-0.14295368013990536,-0.15918965136196916,-0.1735205652135139,-0.057813996958698426,-0.5554179105937436,-0.7893398091962072,0.18927516703680136,-0.706461645705081,1.4279389961243414,1.283107671653752,0.29433031822030997,-0.18690165078489512,-0.359670643102189,0.045899079062853364,-1.3021121605666486,-0.39324584264113255,0.16535350862259635,1.2950150635112276,0.16019787355160883,-0.10804137650227601,0.045298731214522506,0.12415611454406324,-0.21190070626291932,-0.16921162995835082,0.13615358110642176,-0.021544828423502797,-0.1552755015490761,0.0022106141559231373,7,6,4,0,0,0,0,0,0,0,0,0,1,0,0,0,0,0,0,0,0,0,0,0,0,0,0,1,1,1,1,1,1,1,1,1,1,1,1,1
31.365,34.72,True,0.4669788422889004,0.014826555435840041,0.6041047737795773,-0.5229233776980475,-0.441490925227031,-0.26535023793973134,-0.20594693990313492,-0.4666136994165209,-0.1294526527055364,3.089957141365913,0.08262136078863312,-0.15790709903443814,0.8553454423753436,-0.6855039368704047,-0.09845343055635743,1.1640167022762644,-0.48720204916903154,0.15655675422332033,-0.430154445451148,0.8110587820161133,-1.109326950666683,0.3666589181073945,-0.7149552231343153,-0.006815461790284851,-0.2362136404793198,0.18320173442927487,-0.8841950003314262,-1.4937830690711813,0.25937795325949425,0.07758022116193249,-1.0609283818760915,-1.0026891930939843,-0.15918965136196916,-0.31920141725081325,-0.3046797639723404,-0.3796110552760798,-0.23223551411061963,-0.009790094846731125,0.22172027034436392,-1.3156352358337013,1.6694956194875274,0.29433031822030997,-0.785809982192567,-0.048351007221046516,-0.17410544245835677,0.4646492049246332,0.9281489873739712,-0.8929122291767142,-0.6781196171183638,0.16019787355160883,-0.10804137650227601,0.045298731214522506,0.12415611454406324,-0.21190070626291932,-0.16921162995835082,0.13615358110642176,-0.021544828423502797,-0.1552755015490761,0.0022106141559231373,7,6,4,0,0,0,0,0,0,0,0,0,1,0,0,0,0,0,0,0,0,0,0,0,0,0,0,1,1,1,1,1,1,1,1,1,1,1,1,1
31.744,34.757,True,0.4669788422889004,-0.31865781547781735,0.2594899282520449,-0.10925342039101095,-0.32262954515566233,-0.1087281675472336,-0.1914966604196552,-0.5782294984069984,-0.22189674170994403,2.3431060689723315,0.04353791796358179,-0.016805658372574018,3.1466174600697387,-0.6507861629400122,-0.6773698621556382,1.2136218319562617,-0.6375035312195942,-0.3596797468329922,-0.6073481079192681,0.9652561082596014,-0.8108012985293546,0.6780725098451643,-0.7149552231343153,-1.053587909083154,0.74484659467663,-0.011770718953290035,-0.6527066717822243,-0.5469683464295851,0.008699777075614043,-1.8945689597105804,-1.0609283818760915,0.7167818328141736,-0.15918965136196916,0.030432627638705176,0.18905177005494359,-0.5554179105937436,-0.7893398091962072,-0.4079206186137961,-0.706461645705081,-0.9699301717531974,1.173450531318372,0.29433031822030997,0.0020323176797931264,-1.3175772150441658,-0.24835033269250525,0.7991839013490178,0.12487995756467742,-1.635800760347091,-1.1092253424092464,0.16019787355160883,-0.10804137650227601,0.045298731214522506,0.12415611454406324,-0.21190070626291932,-0.16921162995835082,0.13615358110642176,-0.021544828423502797,-0.1552755015490761,0.0022106141559231373,7,6,4,0,0,0,0,0,1,0,0,0,1,0,0,0,0,0,0,1,1,0,0,0,0,0,0,1,1,1,1,1,1,1,1,1,1,1,1,1
31.744,34.754,True,0.4669788422889004,-0.4190276664909951,0.9942029496872177,-0.5041547545489229,-0.3093195468664205,-0.514102937974872,-0.18282649272956725,-0.3615635356607774,-0.17699532705066034,0.9432937732860761,-0.04765678196153807,0.003351690293406572,0.21267158375374481,-0.7086491194906663,-0.38455884848959265,1.0482713996896023,-0.5105739836363421,-0.12466055812755407,-0.40780965783709355,1.6160576292234867,-0.9578367239353864,1.2902561457704862,-0.7149552231343153,0.19090567421769072,-0.1633414846563935,0.8006018605850184,0.720576419929215,0.17494921304209565,1.204518034270896,-2.7433620315034584,-1.0609283818760915,-0.14295368013990536,-0.15918965136196916,0.05956879804616504,0.9296490710958696,0.32361636599457555,-0.23223551411061963,-0.2884814614836766,-0.24237068768035852,0.12602843565095376,-0.4781472980359066,-0.994685536959921,0.480232835901692,-3.1495735338831965,-2.7104140318259375,0.9037259939816381,0.1759528697515325,0.14432836151400077,-1.7981983704179814,0.16019787355160883,-0.10804137650227601,0.045298731214522506,0.12415611454406324,-0.21190070626291932,-0.16921162995835082,0.13615358110642176,-0.021544828423502797,-0.1552755015490761,0.0022106141559231373,7,6,4,0,0,0,0,0,0,0,0,0,1,0,0,0,0,0,0,0,0,0,0,0,0,0,0,1,1,1,1,1,1,1,1,1,1,1,1,1
37.515,15.084,True,0.4669788422889004,-0.7281583643012979,-0.5964352738082505,0.6546849765302805,-0.2607225763684911,0.287433539916138,0.14663987949377114,-0.08580685580195069,2.3797440488426704,2.8904966923918622,-0.008573339136486734,-0.29900853969630226,3.4615196672681283,0.8328200430187586,1.2203137302296492,1.1144115725962662,-0.42555781326097325,-0.44107785691800655,-0.48834266841408286,0.09128695601791344,-0.04811763982975475,-0.05770336983235298,-0.7149552231343153,0.2281390813615703,0.2528715575873253,0.2572749646467343,0.2342104916236288,0.6640438422300027,-1.2832424316656126,0.1920734997054712,-0.20992696848644016,-0.14295368013990536,-0.15918965136196916,-0.3483375876582731,-0.5515455309859825,-0.3796110552760798,-0.23223551411061963,-0.2884814614836766,-0.24237068768035852,1.332318446485053,2.438540042761668,0.29433031822030997,-0.44190076508527504,-0.10822016796742007,-0.03714295853305326,-1.8561852515195356,-0.32277264609565254,-1.0821385531540744,1.1705795605325298,1.9838842002164716,-0.917996183120338,0.14275242762859577,1.0174664680455516,-0.21190070626291932,-0.16921162995835082,0.13615358110642176,0.5875943852168664,-0.9852819331696061,0.21984290466179884,3,1,2,0,0,0,1,0,0,0,1,1,1,0,0,1,1,0,0,0,0,0,0,0,0,0,0,0,0,0,0,0,1,1,1,0,0,0,0,0
36.804,15.133,True,-0.6920986562037972,1.1524834603083909,0.3704498236144221,-1.0610997878112183,-0.2607225763684911,0.287433539916138,-0.2666381137337505,0.6889381018966576,0.29314889702889846,1.7560384488668397,-0.0997680390616066,0.16461047962125128,-0.595317151768195,-0.10918888962589,-0.09845343055635743,1.2136218319562617,-0.17012240205056453,-0.16031364895060568,0.11353690964071918,0.09128695601791344,-0.04811763982975475,-0.05770336983235298,-0.7149552231343153,0.2281390813615703,0.2528715575873253,0.2572749646467343,0.2342104916236288,0.48008877713166404,0.4442636073912741,-1.8275641242276672,-0.20992696848644016,-0.14295368013990536,-0.15918965136196916,-0.37747375806573297,-0.7984112979996244,-0.3796110552760798,-0.23223551411061963,-0.2884814614836766,-0.24237068768035852,1.038101370671858,1.18849679096922,0.29433031822030997,1.2075668713637926,-2.0360071440006484,-0.5968235406862868,-1.92936471636237,-0.4649603502570523,-1.733918113520537,-1.004295084619148,0.16019787355160883,-0.10804137650227601,0.045298731214522506,0.12415611454406324,-0.21190070626291932,-0.16921162995835082,0.13615358110642176,-0.021544828423502797,-1.2865759800252738,0.0022106141559231373,7,1,4,0,0,0,1,0,0,0,1,1,1,0,0,1,1,0,0,0,0,0,0,0,0,0,0,1,1,1,1,1,1,1,1,1,0,1,0,1
52.071,5.736,True,0.4669788422889004,-1.8465275822415055,-1.922252622611666,2.1594692365741937,-0.23100723135064893,0.7480866881293632,-0.2868685050106217,-0.5650982279375304,-0.3988611406612386,-0.9131646066636828,-0.17793492471170927,-0.6618408156839529,0.21267158375374481,-0.47951181155007605,-0.8606561455191172,-0.7375132687903183,-0.41024729152214945,-0.5020051241311008,-0.6038392013800636,0.44556132105970975,0.5917266346049412,0.7566385326905014,2.4101978676604183,1.2438836893678729,-2.9505996727659496,-3.7207302158948217,-1.4219864434878697,0.6333303108864673,0.3919366889778404,1.6497829932950956,0.0737401693101102,0.7167818328141736,-0.15918965136196916,-0.11524822439859415,0.18905177005494359,1.730071208535886,2.553285961317318,-0.2486684091069701,0.6858112283690864,0.4202455114641487,-0.23740714362233928,-0.994685536959921,0.26166216650136637,1.0173200540644027,-0.9393814254540588,0.06738925292067635,-0.21328133147006198,0.060227773079618484,-0.03341155370089962,-2.081367066378915,2.5314341310425,-2.498100607043665,-2.3079541526208085,3.2323935767430143,0.7803172808232679,-1.7182039562613807,-1.6879874836945605,0.024143923093393128,-2.2944129111819036,0,6,9,0,0,0,0,0,0,0,0,0,0,0,0,0,0,0,0,0,0,0,0,1,1,1,1,0,0,0,0,0,0,0,0,0,0,0,0,0
52.059,5.752,True,0.4669788422889004,-1.7256563184425133,-1.8091195495751402,2.0168277006408464,-0.2681514126229516,0.950774073343181,-0.25507789014696614,-0.440351158477585,-0.40414366003291907,-0.9771804128688468,-0.6339084243373084,-0.6618408156839529,0.8792960209575148,-0.41239078195131734,-0.46949639443852204,-0.720978225563652,-0.1469545472918606,-0.23616546903132427,-0.31591778796829334,0.5429233234992399,-0.564649514335044,0.9485886719529494,2.5463937844514177,0.8690025765830078,-2.9505996727659496,-3.7207302158948217,-0.48891613632616054,0.49877982673013754,0.024236748832416836,1.0706632044067648,-0.7772612440795411,-0.5728214366169448,-0.7715678597544089,0.17611347967600452,0.43591753706858555,3.3123329063948606,3.1103902564029053,-0.009790094846731125,0.22172027034436392,0.574709476266076,0.3028137628817058,0.29433031822030997,-0.7092485047755038,1.1370583755571497,-0.14816902523662157,0.06738925292067635,-0.21328133147006198,0.060227773079618484,-0.03341155370089962,-2.072192893032515,2.4524490886516745,-2.3853107457375375,-2.44543887043975,2.877028051911577,1.2643947369110118,-1.677905062802309,-1.6441202859534159,0.024143923093393128,-2.624995898068777,0,6,9,0,0,0,0,0,0,0,0,0,0,0,0,0,0,0,0,0,0,0,0,1,1,1,1,0,0,0,0,0,0,0,0,0,0,0,0,0
52.041,5.809,True,0.4669788422889004,-1.6797458187677157,-1.957304700155864,2.0810686588626606,-0.2390551372929812,0.7480866881293632,-0.2175071634899188,-0.5191387812943926,-0.37244854380283643,-0.9899835741098798,-0.1909627389867264,-0.6618408156839529,0.4641526588665442,-0.27583420449177365,-0.7936001881910152,-0.8449910497636468,-0.37274179217457115,-0.46413682267048606,-0.6317103345355197,-0.02880025862024464,0.5604698118916223,0.4220191981437669,-0.7149552231343153,1.2438836893678729,-2.9505996727659496,-3.7207302158948217,-0.7883319112639224,0.3774082676827839,-0.6181116032353385,1.1909194261353075,-0.20992696848644016,-0.14295368013990536,-0.46537875555818903,0.14697730926854463,-0.057813996958698426,-0.5554179105937436,-0.7893398091962072,-0.2486684091069701,0.6858112283690864,0.34669124251085,0.6140907825384484,0.29433031822030997,-0.5758833505651356,0.2869162929586454,-1.5560159530269506,0.06738925292067635,-0.21328133147006198,0.060227773079618484,-0.03341155370089962,-1.8667484801214067,1.8774517403113837,-1.6506733546857213,-2.6022251269469376,1.3672447565567145,2.400867066429507,-0.6859751765317663,-1.590889431565918,0.024143923093393128,-2.679632013801606,1,6,9,0,0,0,0,0,0,0,0,0,0,0,0,0,0,0,0,0,0,0,0,1,1,1,1,0,0,0,0,0,0,0,0,0,0,0,0,0
52.028,5.798,True,0.4669788422889004,-1.6722259955451195,-1.605480018109394,1.858601080168479,-0.24215048573233974,0.8862826325933306,-0.24640772245687828,-0.40095734706918124,-0.5388479040107702,-1.0070544557645902,-0.6339084243373084,-0.46026732902414697,-0.41797908441960396,-0.46562470197791916,-0.9053601170711852,-0.9690038739636408,-0.28833198182494124,-0.3789104905283573,-0.5026578922754071,-0.5210701331332207,0.5417304469742916,-0.9819421003211934,1.3073476911524553,-1.0535879090813047,0.5889207843964465,0.3863657143225004,-0.6470338503125581,0.8664781441011049,-0.02513868323087923,1.6881101731344983,-0.20992696848644016,-0.14295368013990536,-0.46537875555818903,-0.4357460988806527,-0.7984112979996244,-0.027997344640752115,0.8819730760605554,-0.2884814614836766,-0.24237068768035852,1.560336680240279,1.3162094428856175,0.29433031822030997,-0.27519432232231483,1.9033836331107312,0.07585488257918498,0.49601183271441923,-0.14003118129277348,1.3707952761820759,0.47141603707832247,-2.0623702143043134,2.395725013968357,-2.306325471119264,-2.250566627726972,2.5753244731297738,0.8606721740985238,-1.0544376881458764,-1.7301231740732295,0.024143923093393128,-2.643359498321786,1,6,9,0,0,0,0,0,0,0,0,0,0,0,0,1,1,0,0,0,0,0,0,0,0,0,0,0,0,0,0,0,0,0,0,0,0,0,0,0
52.012,5.805,True,-1.0784578223680297,-2.050512681658666,-2.4392132410972143,2.60217116538532,-0.2607225763684911,0.4993339880942224,-0.2724182255271419,-0.5519669574680625,-0.5018702684090072,-0.7424557901165786,-0.6339084243373084,-0.6618408156839529,1.5578957474523705,-0.6021812794374628,-1.1132335847883015,-0.034773931657015804,-0.3397987661216356,-0.43087512869765277,-0.642254240686373,0.05384916993263171,0.6009455957123756,-0.9819421003211934,-0.7149552231343153,0.2281390813615703,-0.44937042758631945,0.3273649502266969,-0.03675766839809522,0.6128900125327491,-0.4353573876712155,1.3533597687628631,-0.4935941062829906,-0.14295368013990536,-0.7715678597544089,-0.31920141725081325,-0.3046797639723404,-0.5554179105937436,-0.7893398091962072,-0.3282945138603831,-0.24237068768035852,0.4790889266267877,0.5468039093798562,1.583346173400541,0.6043365210696735,0.6221835931383373,-0.40123868684168124,-0.20442018792413622,-0.04020161778246121,1.5460048354203724,1.6136272726735754,-1.6862484809998424,1.9305656150549027,-1.8429096611590885,-2.1914346762650654,0.7560679703674231,3.4411794706021483,-0.7065215068327583,-1.0135604730186936,0.024143923093393128,-1.9987261243141923,1,6,9,0,0,0,0,0,0,0,0,0,0,1,1,0,0,0,0,0,0,0,0,0,0,0,0,0,0,0,0,0,0,0,0,0,0,0,0,0
52.016,5.772,True,0.4669788422889004,-1.322831261813127,-1.326674105914295,1.476148807441126,-0.24338862510808318,0.5085470510584859,-0.22039721938661472,-0.4337855232428511,-0.27208067574090816,-0.7424557901165786,-0.13885148188665794,-0.6618408156839529,0.9192136519278001,-0.46562470197791916,-0.5387875503442274,-0.6217679662036564,-0.11033759802494564,-0.19919431286680558,-0.4442201717440429,0.6460789052225583,-0.9003815699344244,1.1435637233674185,-0.7149552231343153,0.2281390813615703,-0.7333045901305144,0.4967542939323832,0.3526425214529877,0.2311940855489194,-0.6817119582675306,1.4465449124470637,-0.7772612440795411,-0.5728214366169448,-0.46537875555818903,0.292658161305844,0.9296490710958696,-0.3796110552760798,-0.23223551411061963,-0.2486684091069701,-0.24237068768035852,0.05247416669765503,0.8858864168713658,-0.994685536959921,0.4160199838744777,1.172979872004974,-0.10577587545021809,2.356861081575059,4.510623924748396,3.0247735153915944,2.272347267328564,-2.1152660451797822,2.4991375179508117,-2.428505931754586,-2.366247160682407,1.53832001973505,2.634188062921347,-0.5511886201850498,-1.4658935297559703,0.024143923093393128,-2.4105751270699796,2,6,9,0,0,0,0,0,0,0,0,0,0,0,0,0,0,0,0,0,0,0,0,0,0,0,0,0,0,0,0,0,0,0,0,0,0,0,0,0
52.044,5.674,True,0.4669788422889004,-1.6743632084610152,-1.588299131085542,1.8492405263447382,-0.2390551372929812,0.9047087585218582,-0.2897585609073176,-0.453482428947053,-0.3275471291435528,-0.8107393167354202,-0.23004618181177774,-0.6618408156839529,0.3483915290527159,0.6661747281528748,-0.36891245844636894,-1.200494479136964,-0.3480287549715329,-0.4391847287351612,-0.48992525215662214,-0.3701644158085113,0.8714117739628875,0.09769796025592466,1.7481324075582136,0.9879571997766309,-0.4906903816864455,0.5378827301910093,0.7996180122853136,0.3003333190017111,-0.9406651063215798,0.5297039381713312,0.35740730710666074,0.2869140763371341,-0.15918965136196916,4.808764574462123,-0.057813996958698426,8.410731710607111,3.1103902564029053,1.7419842097283549,0.6858112283690864,0.4643780728361279,0.87637718077203,-0.994685536959921,0.30982180552177707,-0.3955921395500131,-1.3680148469079987,2.5554910575770378,6.696457546600648,2.3589771902860677,1.0342816839493365,-1.3520814719901846,1.8984690492928666,-2.0031069572433817,-1.8429229448564002,0.8597056237459807,1.3771147388010467,0.34736627590654734,-1.5142500471864735,2.793599641594105,-1.7531233484678692,1,6,9,0,0,0,0,0,0,0,0,0,0,0,0,0,0,0,0,0,0,0,0,0,0,0,0,0,0,0,0,0,0,0,0,0,0,0,0,0
52.044,5.675,True,-3.396612819353425,-1.765709271607078,-2.1008111270381287,2.221571997222057,-0.39506069863665255,0.7572997510936272,-0.3417795670478448,-0.4863106051207228,-0.40414366003291907,-0.7808652738396771,-0.1909627389867264,-0.6618408156839529,0.7076502077852866,1.2633204397556248,-0.9120657128039953,-0.3324047097370028,-0.5625216447857885,-0.6557524735709358,-0.7679586470712093,-0.6508664710614455,-0.3510852988099139,-0.9819421003211934,-0.7149552231343153,-1.0535879090813047,-0.05670968419871082,0.4582861898464663,0.7194453975265249,0.5518301547926427,1.15411858457985,1.2514167144470372,-0.7772612440795411,-0.14295368013990536,-1.0777569639506288,-0.31920141725081325,-0.3046797639723404,-0.3796110552760798,-0.23223551411061963,-0.2884814614836766,-0.24237068768035852,1.1704990547877958,2.0473372918396215,0.29433031822030997,0.17182591679021558,1.0292938862136773,-0.02993839819368236,1.1755354348264506,1.0597023667978926,2.6673460145454695,3.4921814174498764,-1.479046582793094,2.078794703603337,-2.194506199897944,-1.8429229448564002,0.9944007547266687,1.2920661899509394,-0.11223329209151275,-0.003330973424967876,2.793599641594105,-0.8729119875814021,1,6,9,0,0,0,0,0,0,0,0,0,0,1,1,1,1,0,0,0,0,0,0,0,0,0,0,0,0,0,0,0,0,0,0,0,0,0,0,0
52.0287,5.753,True,0.4669788422889004,-1.6267904320738547,-1.6528041578134867,1.8606442467391429,-0.2752707140334763,1.3285096548780264,-0.25218783425027025,-0.5060075108249247,-0.4094261794045995,-0.9985190149372349,-0.6339084243373084,-0.46026732902414697,0.5839055517774011,-0.5119150672184424,-0.9053601170711852,-0.99380643880364,0.0001621198580992716,-0.08762569757310702,-0.2595941096793463,0.24046244559303406,-0.39363423152153276,-0.9819421003211934,-0.7149552231343153,1.2602992428446254,-0.2862477157752824,0.4871537105111446,-0.8846443761781435,0.49823249924815793,0.008699777075614043,0.24806908415385,-0.7772612440795411,-0.14295368013990536,0.45318855703047056,-0.31920141725081325,-0.3046797639723404,-0.20380419995841595,-0.23223551411061963,0.6272187431805728,1.1499021863938088,-0.22703205532488016,-0.46803621155053676,0.29433031822030997,0.0020323176797931264,0.38270695015284306,-0.22749502644695793,-0.29850807129349444,0.1236386464942377,-0.8578703173290548,-1.558801340695048,-2.1740756810728485,2.6703043698453905,-2.6486587654128853,-2.272344947602503,4.18584774817448,-0.36146345437934374,-2.1988442980582645,-1.9241908373039798,0.024143923093393128,-2.6387714882057343,1,6,9,0,0,0,0,0,1,0,0,0,0,1,1,0,0,0,0,1,1,0,0,0,0,0,0,0,0,0,0,0,0,0,0,0,0,0,0,0
52.0133,5.751,True,-3.396612819353425,-1.5742308255496036,-1.828831549419471,1.9381420299194525,-0.24741257807924927,1.0336916400215614,-0.22906738707670254,-0.4928762403554568,-0.34339468725859407,-0.6528336614293487,-0.08674022478658941,-0.6618408156839529,2.016948503610655,-0.5790360968172011,-0.8271281668550662,-0.26626453683033907,-0.19306508854156168,-0.28272205158402497,-0.5304038851038945,-1.2084718855625265,0.8857498902254927,-0.9819421003211934,-0.7149552231343153,0.2281390813615703,0.6014051437352755,0.22817580797590947,-1.7471451965829858,-0.18268548898733528,-1.5074176543969815,2.4967848649781543,-0.20992696848644016,0.2869140763371341,-0.46537875555818903,-0.31920141725081325,-0.3046797639723404,-0.5554179105937436,-0.7893398091962072,-0.4079206186137961,-0.24237068768035852,-0.4624057159754361,0.9824232187912063,-0.994685536959921,0.7000383678410025,1.8794359688121818,-0.29021262013811294,0.6946418087163977,0.004498377774713617,1.076443216661738,0.23162094112705028,-2.154318551128363,2.594694331561932,-2.547531133062187,-2.2639751209290147,3.7262762549070674,0.37833920694849416,-2.08300534805774,-1.7521850610643526,0.024143923093393128,-2.7094753600762367,0,6,9,0,0,0,0,0,0,0,0,0,0,1,1,0,0,0,0,0,0,0,0,0,0,0,0,0,0,0,0,0,0,0,0,0,0,0,0,0
52.0154,5.832,True,0.4669788422889004,-1.5041777355285768,-1.0877523957388529,1.4369960340870023,-0.2607225763684911,0.5361862399512793,-0.24351766656018237,-0.15146320814929037,-0.17963658673650051,-0.7424557901165786,-0.6339084243373084,-0.6618408156839529,0.6996666815912294,1.1961994101568663,0.08706805138472479,0.17191410867630832,0.016449693855808394,-0.07118056891367101,0.0013291809894105937,-0.5570994584022496,1.3624420666913024,-0.9819421003211934,-0.7149552231343153,1.1067312710985342,0.2967313898229088,0.07162850857933402,-0.052788374863562984,0.6938777834247839,-0.36690646322016124,0.5641509514707341,0.35740730710666074,1.146649589291213,1.37175586961913,-0.31920141725081325,-0.3046797639723404,-0.5554179105937436,-0.7893398091962072,-0.08941619960014412,0.6858112283690864,0.6114866107427254,1.172246830546304,2.872362028580772,0.04000434075357851,2.3583892547831704,3.149320323354808,1.1337185977734026,0.23809520540158716,-0.47240928700480267,-0.6307497359460507,-2.0532950756001846,2.315850041400761,-2.1921386333326915,-2.2956015349762895,1.416590313090061,1.855767374732156,-0.5155795967351159,-1.6174407911523836,0.024143923093393128,-2.437664266088458,1,6,9,0,0,0,1,0,0,0,0,0,0,1,1,0,0,0,0,0,0,0,0,0,0,0,0,0,0,0,0,0,0,0,0,0,0,0,0,0
52.0449,5.921,True,0.4669788422889004,-1.6935189686701548,-0.907736583930903,1.4391342316609539,-0.25143653105041536,0.5546123658798093,-0.22617733118000663,-0.47974496988598886,-0.5018702684090072,-0.7936684350807098,-0.6339084243373084,-0.3997952830262052,-0.1266282794936831,-0.45636662892981444,-0.8539505497863069,0.32899701932963427,0.2935410002807417,0.20859112607357275,-0.10171394173586257,-0.13125403923152792,0.9944670923414262,-0.9819421003211934,0.45672697158011144,1.203487239725904,0.6021812057189874,0.1539269954951008,0.07624161875522865,0.27243137379965954,-1.757731101803238,1.5156646085074887,0.0737401693101102,1.146649589291213,0.14699945283425073,-0.46488226928811255,-0.7984112979996244,-0.027997344640752115,0.32486878097496785,-0.08941619960014412,0.6858112283690864,0.7218180141726734,3.5000837536482936,-2.283701392140152,-1.8999647079916846,1.4962733400353911,-0.29226023202403945,0.1301145085002485,-0.35159153816400573,0.41064689155621137,-0.014861667460313158,-2.121295264078471,2.4832975086447773,-2.400980445777232,-2.2202005060776737,2.993240990741774,1.3568850141474345,-1.3453627873064997,-1.7292893777426412,0.024143923093393128,-2.6970792380696107,0,6,9,0,0,0,0,0,0,0,0,0,0,0,0,0,0,0,0,0,0,0,0,0,0,0,0,0,0,0,0,0,0,0,0,0,0,0,0,0
52.0445,5.963,True,0.4669788422889004,-1.7349967304453167,-1.1833210798090297,1.6347080364249966,-0.24648397354744167,0.8678565066648005,-0.19438671631635115,-0.2236851957313641,2.1156180802586486,-0.9643772516278141,-0.1909627389867264,-0.6618408156839529,1.2505299889811714,0.21484366705777289,-0.38008845133438596,-0.6217679662036564,-0.0794193849635243,-0.1679770185179698,-0.01835397026085239,0.4341990562703057,0.1124188137719611,-0.13321752444169904,0.5609758562232795,0.792926247349176,0.9108671795850157,0.24250146678535733,-0.3909977009342306,1.0446063057228037,-1.115379869576308,1.4920021735053148,-0.4935941062829906,-0.14295368013990536,0.14699945283425073,-0.4066099284731928,-0.5515455309859825,-0.20380419995841595,0.32486878097496785,0.30871432416692085,0.22172027034436392,1.6927343643562167,1.4873756926736639,-0.994685536959921,-0.5017915982260422,3.1007668480382025,2.9132382566552124,1.2068980626162367,-0.04736794973551529,1.7912982183539874,3.100723088501535,-2.121225501174588,2.5362808852237193,-2.4805205837445663,-2.3273268200259873,3.822961850115506,0.36223630464861734,-1.8084213617264497,-1.7584701086294543,0.07475886250442251,-2.691573976226979,1,6,9,0,0,0,0,0,0,0,0,0,0,0,0,0,0,0,0,0,0,0,0,0,0,0,0,0,0,0,0,0,0,0,0,0,0,0,0,0
52.0029,6.11,False,0.0806196761246679,-1.9320160988773352,-2.0279457579637556,2.276262339613557,-0.24338862510808318,0.5269731769870158,-0.3070988962874933,-0.5847951336417323,-0.41999121814796037,-0.7723298330123219,-0.3082130674618805,-0.46026732902414697,1.561887510549399,-0.6183829072716459,-1.1937007335820238,-1.018609003643639,-0.4691423230422837,-0.5614698652206194,-0.7541691207887319,0.6807960039657094,0.7369113065933579,-0.9819421003211934,-0.7149552231343153,0.8951831852622298,0.8269954547438637,0.46052235300951283,0.09550515995292377,-0.5803411927045499,-0.10065805994547497,1.0455523830838647,-0.20992696848644016,-0.14295368013990536,-0.15918965136196916,-0.4357460988806527,-0.7984112979996244,-0.3796110552760798,-0.23223551411061963,0.46796653367374685,0.6858112283690864,-0.16818864016224117,-0.5303879115436507,-0.994685536959921,-1.3575513377425714,0.4306022787499419,-0.3913798147983316,0.2242023918696067,-0.37410149870940235,0.7330324805546768,-0.6213553729572558,0.9049410828432293,0.17962799225849788,-0.8314072406554704,1.1082884530816088,-0.7819624639124829,2.077129886987601,0.5437554567320712,-1.3893182129838093,-0.4252317175663873,-0.8453639599771607,7,6,2,0,0,0,0,0,0,0,0,0,0,0,0,0,0,0,0,0,0,0,0,0,0,0,0,0,0,0,0,0,0,0,0,0,0,0,0,0
51.9967,6.12,True,-2.817074070107076,-1.3402455892759815,-0.47299878191664724,0.9577546845121375,-0.24338862510808318,-0.45882456018928514,-0.263748057837054,-0.49944187559019076,-0.4305562568913212,-0.5845501348105071,0.004454475138530455,-0.4804246776901276,-0.09070241162042614,-0.4609956654538667,-0.9902976630201143,-0.48122009877699595,-0.5949045045224074,-0.6884485825681426,-0.80004294115859,-1.2084718855625265,1.0025388378948732,-0.9819421003211934,-0.7149552231343153,0.2281390813615703,0.5337159200021381,0.41822725129141586,0.30169785024773754,0.176808721436334,0.008699777075614043,1.73938463340037,0.0737401693101102,1.5765173457682524,1.67794497381535,-0.31920141725081325,-0.3046797639723404,-0.5554179105937436,-0.7893398091962072,-0.4079206186137961,-0.24237068768035852,0.4128900845688188,-0.5008972426279887,0.29433031822030997,0.0020323176797931264,1.3286396899455453,-0.1062309003137573,-0.9466690456157397,-0.41524392233273966,2.464102925829046,2.0227597421601584,-0.609740963468809,1.0001323976338377,-1.1180864506584491,-1.077892919460924,-0.8248305675031326,2.3544313599905604,0.48525306991364364,-0.4353334976276135,-0.4252317175663873,-0.796237309646528,2,6,2,0,0,0,0,0,1,0,0,0,0,1,1,0,0,0,0,1,1,0,0,0,0,0,0,0,0,0,0,0,0,0,0,0,0,0,0,0
51.9875,6.115,True,0.4669788422889004,-1.848427327055635,-1.1213471659015632,1.6644527404537361,-0.24648397354744167,0.03868083988099728,-0.1481458219692158,-0.5979264041112002,-0.4833814506081256,-0.8704874025269067,0.08262136078863312,-0.6618408156839529,0.5280208684190012,-0.45405211066778833,-0.8092465782342388,-0.4729525771636632,-0.16423897618199138,-0.25361709546403016,-0.29874474588866046,-0.7635711851674264,1.2650205852071352,-0.9819421003211934,-0.7149552231343153,0.2281390813615703,-0.47992555901339606,0.392358971880241,0.2430674679487018,-0.2591073428126084,-1.0553897401085246,1.5824873614705992,0.6410744449032111,0.7167818328141736,1.0655667654229104,-0.31920141725081325,-0.3046797639723404,-0.5554179105937436,-0.7893398091962072,-0.4079206186137961,-0.24237068768035852,-0.44769486218477633,-0.3138421426486469,1.583346173400541,0.22739473104453564,2.2745724297382472,2.6610786447772314,-0.7062222325607133,-0.17880615596733396,0.5227810094687211,0.24603093859291358,-0.11981765666928448,0.6139965548961698,-0.84419434424676,-0.6936931365383499,-0.685003707737019,2.008106316579922,0.05149534305898374,-0.9062010532118102,-0.4252317175663873,-0.9977986913450566,7,6,2,0,0,0,0,0,0,0,0,0,0,1,1,0,0,0,0,0,0,0,0,0,0,0,0,0,0,0,0,0,0,0,0,0,0,0,0,0
52.2114,5.666,True,0.0806196761246679,-1.969852683092082,-1.9958849955710318,2.279113269712158,-0.27743745794102737,0.35192498066598843,-0.23773755476679043,-0.5388356869985945,-0.13737643176305708,-0.6357627797746384,0.04353791796358179,-0.6618408156839529,1.6936156927513417,-0.5396892863627564,-0.8293633654326696,-0.8201884849236477,-0.34424413664995046,-0.43536350064839785,-0.6638180596663589,-1.2084718855625265,-0.21099906994550707,-0.9819421003211934,-0.7149552231343153,-1.0535879090813047,0.42927539983826957,0.3456622492247196,0.3415950992011002,-0.7731760932469113,-1.8026862889482809,1.054560129771829,-0.4935941062829906,0.7167818328141736,-0.7715678597544089,-0.46488226928811255,-0.7984112979996244,-0.3796110552760798,-0.23223551411061963,-0.2884814614836766,-0.24237068768035852,-1.39654493168233,-1.508876269157595,-0.994685536959921,-0.07761631608473231,2.454179911977368,3.1515954476725043,-1.3334747883564346,-0.2778934922396514,-0.04489796246335938,-0.34398282505080424,-2.1153295938145162,2.6303850186933464,-2.625392094079331,-2.2902889915992506,2.5849727607282107,-0.06265703907981235,-2.2890882789871494,-1.8724352198498242,0.024143923093393128,-2.849515370624028,1,6,9,0,0,0,0,0,0,0,0,0,0,0,0,1,1,0,0,0,0,0,0,0,0,0,0,0,0,0,0,0,0,0,0,0,0,0,0,0
52.2566,5.68,True,-0.6920986562037972,-1.9278208290794658,-2.04259553216713,2.2828194788403398,-0.32696303297076423,-0.3390547416538468,-0.24062761066348634,-0.5979264041112002,-0.3803723228603571,-0.5375625330559166,-0.0997680390616066,-0.6618408156839529,0.3044821349854016,-0.5720925420311226,-1.249580698022109,-0.663105574270321,-0.3320961814516552,-0.4230980345812519,-0.6395086951739138,-0.4194646798179311,-0.4987044012752937,-0.9819421003211934,-0.7149552231343153,-1.0535879090813047,-0.3816695427458274,0.4296548975324171,-0.3560715310836127,-0.10065519172837238,0.14859069060636657,1.788869240699724,-0.7772612440795411,-0.5728214366169448,-0.46537875555818903,-0.31920141725081325,-0.3046797639723404,-0.5554179105937436,-0.7893398091962072,-0.2884814614836766,-0.24237068768035852,0.00834160532567579,-0.11150004286404357,0.29433031822030997,-0.8132856736849808,1.6399593258266876,0.17315436589932032,-2.023452599731728,-0.45749968681306924,1.4408790998773944,1.533138281303477,-2.0454943119733926,2.312964498890618,-2.192672738396701,-2.0999654407637776,2.295689878052648,-0.4382904078504471,-2.5036837505892726,-0.2945606034856603,0.07475886250442251,-0.663545296365342,1,6,9,0,0,0,0,0,0,0,0,0,0,1,1,1,1,0,0,0,0,0,0,0,0,0,0,0,0,0,0,0,0,0,0,0,0,0,0,0
52.1306,5.667,True,-0.30573949003956463,-1.875023754453449,-1.9130485759917455,2.170872956968599,-0.27124676106231016,-0.1824326712613506,-0.21461710759322278,-0.7620672849795495,-0.15586524956393857,0.042804766000101094,-0.151879296161675,-0.6618408156839529,2.7833670182401398,-0.5119150672184424,-0.8964193227607716,-0.7705833552436495,-0.2245639003546827,-0.314525560993038,-0.6287871236214091,-0.41596125739675305,-0.7767910164727324,-0.9819421003211934,-0.7149552231343153,1.111751090149597,0.5785831885922996,0.5069966181589836,-0.082106920562449,-0.4474090571683783,-1.4843178642937225,0.9116065149450576,-1.0609283818760915,-0.5728214366169448,-0.15918965136196916,-0.4357460988806527,-0.7984112979996244,-0.20380419995841595,-0.23223551411061963,0.6272187431805728,0.6858112283690864,-0.47711656976609584,-0.9699794335028247,0.29433031822030997,-1.3624907878985109,2.1907556046933245,2.7408596708511066,-0.8943979992994296,-0.3970209639378307,0.7961079218804635,-0.5751000772242914,-1.9935649264854498,2.3009814768843273,-2.2070716947704483,-2.1580123142623817,-0.32081575302658816,3.4383930642801652,-0.16389669310329602,-1.630652173979357,0.18968792885790314,-1.7664106251021139,1,6,9,0,0,0,0,0,0,0,0,0,0,0,0,0,0,0,0,0,0,0,0,0,0,0,0,0,0,0,0,0,0,0,0,0,0,0,0,0
52.1301,6.071,True,-1.8511761546964947,-1.427079758488486,0.20718026329549527,0.5885592367432804,-0.3114862907739715,0.361138043630255,-0.20594693990313492,-0.33530099472184155,-0.33547090820107345,-0.5717469735694742,0.19987168926378726,-0.6618408156839529,1.0948512281970575,0.11069034526659553,-0.6952514507764656,-0.6217679662036564,-0.4538019361775125,-0.5459810861236115,-0.6677260346901632,-0.5773113578159389,0.3858260177769354,-0.9819421003211934,-0.7149552231343153,0.2281390813615703,-0.9535155756664001,0.45395577925393443,1.576276370944972,-0.6244082911348772,-0.10975301912627873,1.5796143942236123,-0.20992696848644016,-0.14295368013990536,-0.46537875555818903,-0.4940184396955724,-1.0452770650132663,0.14780951067691173,-0.23223551411061963,-0.4079206186137961,-0.24237068768035852,-0.8890204759045688,-1.1622104468020582,-0.994685536959921,0.4147851213354928,2.945107030097631,2.794400929794221,-0.6539511862444032,1.2323341847384275,0.08125292018821406,-0.23968947322604775,-0.06946554267166732,0.8008304779847005,-1.1559175836114257,-0.7100827781932035,-0.9903351956514751,1.2314172347552377,-0.1447169011258732,-0.5044051061424323,0.24227250406254894,-1.1300440764225421,2,6,9,0,0,0,0,0,0,0,0,0,0,0,0,0,0,0,0,0,0,0,0,0,0,0,0,0,0,0,0,0,0,0,0,0,0,0,0,0
52.1256,6.072,True,-0.4989190731216809,-1.4981618769504998,-0.005433213624673597,0.7628936122727443,-0.2526746704261589,0.6006776807011298,-0.19727677221304707,-0.4140886175386492,-0.3698072841169962,-0.3711641141266267,-0.6339084243373084,-0.6618408156839529,1.6696651141691703,-0.4262778915234743,-0.9277121028472192,-0.5969654013636572,-0.49076453059937214,-0.5833012309738839,-0.7298088897290474,0.12714308997416512,-0.08576056572270023,-0.9819421003211934,-0.7149552231343153,-1.0535879090813047,0.3847773971101847,0.5774466783419487,0.24834553858544905,0.6161862521714412,-0.751137898368003,1.114210257956364,-0.20992696848644016,-0.5728214366169448,-0.15918965136196916,-0.31920141725081325,-0.3046797639723404,-0.20380419995841595,-0.23223551411061963,-0.2884814614836766,-0.24237068768035852,0.7953722831259722,1.1429969017850559,-0.994685536959921,1.3792127642826923,3.064845351590378,3.1667629431238113,-0.8525811622463816,-0.35317836881075343,1.4268623351383307,1.4773293960903822,-0.5209594716288165,0.9968933135345618,-1.1685823816313348,-1.2074760920419048,-0.9051695347140213,1.4068584008727152,0.014166607358457924,-0.544616933430791,0.24227250406254894,-1.067587938713707,2,6,9,0,0,0,0,0,0,0,0,0,0,1,1,1,1,0,0,0,0,0,0,0,0,0,0,0,0,0,0,0,0,0,0,0,0,0,0,0
52.1905,5.738,True,0.27379925920678416,-1.223332127173092,-1.5068433184992434,1.5280357352356682,-0.2700086216865668,0.9968393881645045,-0.24062761066348642,-0.7620672849795495,-0.7369423804487866,-1.1649601110706616,-0.6339084243373084,-0.6618408156839529,-0.8092197690855676,-0.8799234708806024,-1.707796406430806,0.08923889254297823,-0.18691281826871392,-0.2765102685278844,-0.6206424646658686,0.4053159684330681,-0.2502318893468166,0.7667134067087439,1.3994670348344245,1.0276523395272843,0.33055480849000013,0.54624667355614,0.5214068963853673,-0.14357917919900512,0.169814864205541,1.5073579090849472,-1.0609283818760915,-0.5728214366169448,-0.46537875555818903,-0.11524822439859415,0.18905177005494359,4.015560327665516,1.4390773711461429,2.060488628742007,0.6858112283690864,-0.4182731546034569,-0.9538498431571156,-0.994685536959921,-1.4936949326656557,1.292718193497721,-0.3989635625239852,-0.6853138140341892,-0.3486354262333709,1.1044767461398652,0.589880546631939,-2.0284038345842172,2.609098113217136,-2.647651708070556,-2.309889229180893,3.8539294427786617,0.1953284293399371,-1.7013530141393751,-1.8354301368572838,0.024143923093393128,-2.8472177750255407,1,6,9,0,0,0,0,0,0,0,0,0,0,0,0,0,0,0,0,0,0,0,0,0,0,0,0,0,0,0,0,0,0,0,0,0,0,0,0,0
52.1883,5.737,True,0.0806196761246679,-1.9117521541932867,-2.106333555010081,2.312659213872366,-0.2607225763684911,0.6375299325581898,-0.26952816963044596,-0.5913607688764664,-0.4596101134355636,-0.1876521363384898,-0.6339084243373084,-0.6618408156839529,1.7135745082364848,-0.5142295854804685,-0.9210065071144089,-0.39027736103033306,-0.33750081155491973,-0.42855494531684374,-0.813476612032384,0.23352021483527272,-0.10651948022794862,0.3666589181073945,1.3484672137483447,1.2156074869352276,-0.9762149520615182,0.2776060607751833,-0.11172569987510385,-0.509027961040822,0.008699777075614043,1.4537574460686866,-0.7772612440795411,-0.14295368013990536,-1.3839460681468485,-0.31920141725081325,-0.3046797639723404,1.3784574979005586,1.4390773711461429,2.1401147334954196,2.0780841024432535,-0.5506708387193946,-0.9325443394915149,0.29433031822030997,0.0020323176797931264,3.2684004981280483,3.1503820480363998,-0.21487439718739823,1.5257058990665788,0.38962174444761577,0.5085158095594954,-2.080897256383722,2.62929616294765,-2.645226915962731,-2.4371301602297852,3.2851541234755564,0.6153188542311743,-1.5328170174555038,-1.8009264428565082,0.024143923093393128,-2.636931380006488,1,6,9,0,0,0,1,0,1,0,0,0,0,0,0,0,0,0,0,1,1,0,0,0,0,0,0,0,0,0,0,0,0,0,0,0,0,0,0,0
52.1876,5.737,True,-0.30573949003956463,-1.1494795475238058,-1.7494466473226542,1.6339953039003463,-0.389798606289743,0.7112344362723038,-0.26952816963044596,-0.40095734706918124,-0.15586524956393857,-0.24740022212997606,-0.6339084243373084,-0.4401099803581664,0.9271971781218574,0.9624330656922236,-0.413616429998437,0.2463218031963049,-0.5735359396128807,-0.6668733130249864,-0.8587000568013933,0.08031468212474475,-0.09260892478509679,-0.9819421003211934,1.226920133680045,1.6362185412716028,-1.1499120195282233,0.20760428764095729,-0.03214129476845904,0.31500601521733573,-0.24539247649466886,2.3342229193722637,-0.20992696848644016,-0.14295368013990536,0.14699945283425073,-0.31920141725081325,-0.3046797639723404,0.32361636599457555,0.8819730760605554,0.22908821941350785,1.6139931444185314,-0.09463437120894244,-0.2516108127327397,0.29433031822030997,-0.15695623421451155,2.346415422633896,-0.13633837878460198,-2.2220825757337064,-0.09243905891168755,-0.8018032583728,1.3354585923104463,-2.080897256383722,2.62929616294765,-2.645226915962731,-2.4371301602297852,3.2851541234755564,0.6153188542311743,-1.5328170174555038,-1.7287763781664218,0.024143923093393128,-2.6493493955525116,1,6,9,0,0,0,0,0,0,0,0,0,0,1,1,0,0,0,0,0,0,0,0,0,0,0,0,0,0,0,0,0,0,0,0,0,0,0,0,0
52.0259,6.034,True,0.4669788422889004,-2.1661596472188016,-2.29102809051649,2.5797913641113,-0.2607225763684911,0.12850820378257594,-0.3049313543649713,-0.7620672849795495,-0.7369423804487866,-0.260203383371009,-0.37335213883696605,-0.6618408156839529,1.4700769593177423,-0.7132781560147187,-1.6250940590594802,-2.324877418550247,-0.5600884613447159,-0.6532957532057005,-0.9316029179830569,-1.2084718855625265,-0.5481232091979339,1.0510945545522856,-0.28970120123849297,-1.0535879090813047,-0.00012233104171024484,-0.09613014409930305,0.42705054233482526,1.2143550361810203,0.5731550108959397,-0.9896744983567817,-0.8481780285286786,-0.14295368013990536,-1.6901351723430684,-0.11524822439859415,0.18905177005494359,3.4881397617125245,0.32486878097496785,-0.4875467233672091,-1.1705526037298035,1.1999207623691153,1.541000562069286,-0.994685536959921,-1.9925793984155513,-0.9643491666405619,-0.3690077590076536,-0.7689474881402854,-0.3763857670194384,-0.3988212721247182,0.1729061724470824,-1.8579073466111968,1.9159550555056843,-1.7139569502846277,-1.8755311855036878,2.2490746562258823,0.4163352568912228,-1.9549955349839945,-1.6037161029372229,-0.9629302433101338,-1.8159881071960113,1,6,9,0,0,0,1,0,0,0,0,0,0,0,0,0,0,0,0,0,0,0,0,0,0,0,0,0,0,0,0,0,0,0,0,0,0,0,0,0
52.0266,6.034,True,0.4669788422889004,-2.063177647086196,-2.1937719978993275,2.4577240403895244,-0.2607225763684911,0.33580212047852676,-0.2507428063019222,-0.5454013222333286,-0.5863905783558941,-1.1222829069338855,-0.3082130674618805,-0.6618408156839529,-0.7852691905033963,-0.48182632981210227,-1.5982716761282394,-2.2670047672569167,0.14007103487633238,0.05363659897274802,-0.6502184494683773,0.05384916993263171,-1.1998396121339083,0.3666589181073945,0.4604139818161906,-0.1813957330675363,0.9665526886071487,0.39242855665853543,0.08756538489620111,1.2984249765516975,1.8233180748531825,-0.15688323780504507,-1.0609283818760915,-1.8624247060480632,-1.6901351723430684,-0.2900652468433534,-0.057813996958698426,0.6752300766299032,1.4390773711461429,-0.08941619960014412,0.22172027034436392,1.8692646098441337,1.6078059549190509,-0.994685536959921,-0.7486097482056472,-0.916453838043463,-0.9733186965263585,-1.1871158586707662,-0.4346314096700199,-0.1815614186692306,1.076675737267415,-1.8579073466111968,1.9159550555056843,-1.7139569502846277,-1.8755311855036878,2.2490746562258823,0.4163352568912228,-1.9549955349839945,-1.6037161029372229,-0.9629302433101338,-1.8159881071960113,1,6,9,0,0,0,1,0,0,0,0,0,0,0,0,0,0,0,0,0,0,0,0,0,0,0,0,0,0,0,0,0,0,0,0,0,0,0,0,0
52.0,6.034,True,0.4669788422889004,-2.021699885311034,-1.9555405912203794,2.2852427694241513,-0.2607225763684911,0.356531512148122,-0.27458576744966384,-0.5716638631722644,-0.620726954271817,-1.09667658445182,-0.6339084243373084,-0.6618408156839529,-0.7413597964360819,-0.5558909141969395,-1.707796406430806,-2.4240876779102427,-0.4132346468543113,-0.505021377060835,-0.815648761412215,-0.5211546786880162,-1.1998396121339083,-0.9819421003211934,-0.7149552231343153,-1.0535879090813047,-1.34212079680906,0.07321184962692064,0.2625354850008585,0.36516636277291914,0.2953520692747296,-0.7017346941740403,-1.0609283818760915,-1.8624247060480632,-1.6901351723430684,-0.46488226928811255,-0.7984112979996244,-0.027997344640752115,-0.23223551411061963,-0.4875467233672091,-1.1705526037298035,1.2403756102934296,1.6392225450700213,-0.994685536959921,-1.7141178958744585,-1.251721138223155,-0.5113547038181712,-0.7846288020351785,-0.18194782470746748,0.40714270037144545,0.48650274713236163,-0.9919707047314931,1.137931728862665,-1.0865192704782325,-1.5449682956298625,0.3926265068877666,1.7616501227623964,0.42409033929641515,-1.55837382116872,0.14587705186970837,-1.518463839353782,2,6,9,0,0,0,1,0,0,0,0,0,0,0,0,0,0,0,0,0,0,0,0,0,0,0,0,0,0,0,0,0,0,0,0,0,0,0,0,0
52.0039,5.804,True,0.4669788422889004,-2.1739169385431643,-2.0990470181026435,2.4655165826590344,-0.2607225763684911,0.8471271149952059,-0.28759101898479567,-0.40752298230391515,-0.49922900872316694,-1.1009443048654977,-0.1909627389867264,-0.6618408156839529,-0.7693021381152818,-0.11150340788791603,-1.468630158627242,-2.324877418550247,-0.11733115118910309,-0.20625551679977627,-0.7340395320300668,-0.48222388623168566,-1.1998396121339083,0.21589916649863214,1.0962797073278476,-1.0535879090813047,-0.01886672333425414,0.14404449259596358,-0.07464391376049843,0.5898234391686031,-1.5222842448124905,-0.29291150403058447,-1.0609283818760915,-1.8624247060480632,-1.6901351723430684,-0.46488226928811255,-0.7984112979996244,-0.5554179105937436,-0.7893398091962072,-0.4875467233672091,-1.1705526037298035,1.1116556396251567,1.0742655876999823,0.29433031822030997,-1.151792367184214,-0.8446108451478148,0.8507622251864669,-0.596453035296462,-0.33628630063569737,-0.39531708093995227,0.8295562227147095,-1.914497265247528,2.229823706926419,-2.149604907263613,-2.14619806382726,1.9376023057785063,1.4204168378596218,-1.2710270188884787,-1.8462046570177277,0.024143923093393128,-2.686518320109405,1,6,9,0,0,0,1,0,0,0,0,0,0,0,0,0,0,0,0,0,0,0,0,0,0,0,0,0,0,0,0,0,0,0,0,0,0,0,0,0
51.966,5.804,True,0.4669788422889004,-2.1229404526973545,-2.1358632045823267,2.457771555891168,-0.2607225763684911,0.3288923232553285,-0.32010414782262514,-0.47317933465125483,-0.6180856945859767,-0.9345032087320709,-0.6339084243373084,-0.6618408156839529,-0.6255986666222536,-0.2897213140639307,-1.5200397259121203,-2.308342375323581,-0.5343115465774556,-0.6272694904945973,-0.8750573254065444,-1.2084718855625265,-1.1998396121339083,1.3376987501055635,1.9912263442033271,-1.0535879090813047,-0.5770865357021131,0.08332360011087908,-0.19324613954696196,0.8644885725041341,0.22157715569183073,-1.042015597714604,-1.0609283818760915,-1.8624247060480632,-1.3839460681468485,1.399832636789319,0.43591753706858555,2.9607191957595327,3.1103902564029053,-0.2884814614836766,-0.24237068768035852,1.383806434752362,1.1508811418421,-0.3501776093698055,-1.5307408088352024,-0.7847416844014412,1.3062800323278487,-0.7062222325607133,-0.3196501728875361,-0.02036862416999788,1.7282703464351397,-0.5476903893826044,1.3863987385360823,-1.7363343815693844,-1.2033547982320365,-0.16710326389350064,1.8067224759051004,1.0411900929517748,-1.1760746103033848,0.024143923093393128,-0.6809932212266077,2,6,2,0,0,0,1,0,0,0,0,0,0,0,0,1,1,0,0,0,0,0,0,0,0,0,0,0,0,0,0,0,0,0,0,0,0,0,0,0
52.1883,5.804,True,0.4669788422889004,-2.1462914827043633,-2.1315679828263634,2.4690802452822864,-0.2297690919749055,0.1146886093361789,-0.2810883932172298,-0.5847951336417323,-0.7369423804487866,-1.062534821142399,-0.11279585333662366,-0.6618408156839529,-0.7413597964360819,-0.4262778915234743,-1.5490973074209649,-2.3000748537102487,-0.358866148392239,-0.4501269555616674,-0.7731862789134065,-0.5211546786880162,-1.1998396121339083,1.975766331023531,1.358432780820395,-1.0535879090813047,-0.3241281662206325,0.3526523565140529,0.66071950577241,1.190642946499797,0.5078409049706242,-0.6726443974949332,-1.0609283818760915,-1.8624247060480632,-1.6901351723430684,-0.31920141725081325,-0.3046797639723404,0.851036931947567,0.8819730760605554,-0.2884814614836766,-0.24237068768035852,1.453682990257996,1.3371538363195978,-0.994685536959921,-1.6239729305285615,-1.185865061402144,0.45068161391961276,-0.8525811622463816,-0.35368385115387063,0.428167847480041,0.3986097239151623,-2.170144902766467,2.6055125920133313,-2.5538955110518144,-2.529325701280519,3.45712186122527,0.23162586487393322,-1.7443192449403568,-1.9102097257537016,0.07475886250442251,-2.8825718127405744,1,3,9,0,0,0,0,0,0,0,0,0,0,1,1,1,1,0,0,0,0,0,0,0,0,0,0,0,0,0,0,0,0,0,0,0,0,0,0,0
52.1876,5.804,True,0.4669788422889004,-1.7002472315535304,-1.1581633523812462,1.598311162166188,-0.2700086216865668,-0.6177498963228475,-0.25724543206948813,-0.29590718331343774,-0.7369423804487866,-1.0881411436244646,-0.23004618181177774,-0.6618408156839529,-0.7293845071449963,-0.04669689655118352,-1.477570952937656,-2.2504697240302507,0.07246354878677067,-0.014624874911591795,-0.6197614353014322,-0.7502604143135141,-1.1998396121339083,1.3835322148713118,0.9726389940529085,-1.0535879090813047,1.7154222670610488,0.27475472925014244,0.12617021803917913,0.6374682173523674,0.008699777075614043,-1.6281185943586451,-1.0609283818760915,-1.8624247060480632,-1.6901351723430684,-0.4066099284731928,-0.3046797639723404,-0.3796110552760798,-0.23223551411061963,-0.2884814614836766,-0.24237068768035852,1.3654178675140374,1.0870248158839013,0.29433031822030997,0.5320970625390574,-0.6769771950579688,-0.14566638848715588,-0.03192573508031286,-0.41114247699175066,0.1583451262530645,-0.027161913915981002,-2.1409293739889033,2.549902051811704,-2.488672418387486,-2.1388684685653425,2.2851625030014033,1.6277109517546173,-0.918532164901662,-1.9400959648505522,0.07475886250442251,-2.787989095320466,1,3,9,0,0,0,0,0,1,0,0,0,0,0,0,1,1,0,0,0,0,0,0,0,0,0,0,0,0,0,0,0,0,0,0,0,0,0,0,0
52.0259,5.865,True,0.4669788422889004,-1.6999306074178422,-1.087138792630858,1.5459490793552122,-0.2588653673048759,-0.3897265879573014,-0.2225647613091367,-0.38126044136497933,-0.6075206558426159,-1.062534821142399,-0.021601153411503808,-0.6618408156839529,-0.7174092178539105,-0.053640451337261946,-1.490982144403276,-2.366215026616912,0.38755401384678406,0.3035135561403418,-0.3952588125310183,-0.1220751254164291,-1.1998396121339083,0.7302446641312716,1.7854275903278847,-1.0535879090813047,1.0300525674802699,0.44811554139203286,-0.9602711203464281,-0.11566856850453357,-1.026030167340043,-0.637033685796113,-1.0609283818760915,-1.8624247060480632,-1.6901351723430684,-0.37747375806573297,-0.3046797639723404,0.14780951067691173,0.8819730760605554,-0.2884814614836766,-0.24237068768035852,0.21429355839491224,0.732775678664337,-0.994685536959921,-1.3745306976536136,-0.3776313913261011,-0.420880593451124,-0.4344127917159007,-0.4156534270157713,0.66995703922889,0.7567101029287154,-1.944978986512735,2.319920163238639,-2.2657811742066754,-2.165841896428958,3.054498532875675,0.6458062492487306,-1.7618128936741126,-1.8147150457729682,0.024143923093393128,-2.686518320109405,0,6,9,0,0,0,0,0,0,0,0,0,0,0,0,1,1,0,0,0,0,0,0,0,0,0,0,0,0,0,0,0,0,0,0,0,0,0,0,0
52.0266,5.865,True,0.4669788422889004,-1.5468428378125696,-0.9152532220038384,1.3557445262768684,-0.28146141091219345,-0.37590699351090495,-0.25507789014696614,-0.2762102776092358,-0.6286507333293375,-1.0027867353509126,-0.008573339136486734,-0.6618408156839529,-0.6934586392717392,0.05977094350202004,-1.4596893643168287,-2.4406227211369087,0.5867237442794034,0.5046099160089326,-0.364905845299681,0.16616252818847735,-0.7013645387543649,1.9409768401745484,0.4045101593057526,-1.0535879090813047,-0.3429599282146257,0.2786675360125632,1.0401670624270072,0.9125459194423177,0.1873740168812057,-0.2911518425969388,-1.0609283818760915,-1.4325569495710238,-1.3839460681468485,-0.11524822439859415,1.1765148381095116,2.784912340441869,0.32486878097496785,-0.2884814614836766,-0.24237068768035852,1.8398429022628142,1.560199589383768,-0.3501776093698055,-1.0025283577844153,-0.24591923768407922,1.0405834307595758,-0.39259595466285263,-0.26908274304379826,0.9643090987492281,1.1054559255763077,-1.944978986512735,2.319920163238639,-2.2657811742066754,-2.165841896428958,3.054498532875675,0.6458062492487306,-1.7618128936741126,-1.8345322729194122,0.024143923093393128,-2.686518320109405,0,6,9,0,0,0,0,0,0,0,0,0,0,0,0,1,1,0,0,0,0,0,0,0,0,0,0,0,0,0,0,0,0,0,0,0,0,0,0,0
44.461,26.519,False,0.4669788422889004,0.26100182093346047,1.2983966904755981,-1.1008069086845143,-0.3743218640929502,0.6375299325581898,-0.26952816963044596,-0.23681646620083202,0.1082607190200832,-0.11083316889229276,-0.6339084243373084,0.04366638762536775,0.40427621241111567,-0.34989878887661097,-0.30185650111826695,-0.3324047097370028,-0.482193834296964,-0.5746476277169544,-0.568855686243609,1.376789731616706,0.019043545714268025,-0.9819421003211934,-0.7149552231343153,-1.0535879090813047,0.43525090115934917,0.13483326360205525,-1.4652865802788688,1.4465882789992688,-1.3032862284927238,1.480395565614788,-0.20992696848644016,-0.14295368013990536,-0.15918965136196916,-0.31920141725081325,-0.3046797639723404,-0.5554179105937436,-0.7893398091962072,-0.4875467233672091,-1.1705526037298035,2.5165421766331626,1.5103663774201594,0.29433031822030997,0.039078193849339846,1.2328490327513475,-0.23947734785349056,-0.005790211922157799,-0.12806596633544212,0.6839738039679538,0.5141683500019059,-0.28526005986040437,0.30567257978898354,-0.27842672415262026,-0.16077593041394003,-0.8835604941545225,-0.8071957742113546,1.815811012893762,-0.6875702669041559,-0.3065200133391933,0.9498764953697361,7,7,8,0,0,0,0,0,0,0,0,0,1,1,1,0,0,0,0,0,0,0,0,0,0,0,0,0,0,0,0,0,0,0,0,0,0,0,0,0
44.459,26.522,True,-1.4648169885322622,0.3725326727296498,1.130116038108047,-1.0635072398944816,-0.35574977345679887,1.0336916400215614,-0.2868685050106217,-0.29590718331343774,-0.05021486213032987,0.25619078668398143,0.173816060713753,0.22508252561919306,0.4841114743516869,-0.3128664966841923,-0.2504469338333886,-0.12571666940367868,-0.4793604472638105,-0.5717868324684576,-0.5424332677316713,-0.10186861294821052,-1.1998396121339083,0.5095139267821687,-0.7149552231343153,0.2281390813615703,0.13491920519552605,0.20474639711852125,-0.44548039805726114,1.4256802690275263,-1.7861629615413144,0.17566127741882936,-0.20992696848644016,-0.14295368013990536,-0.15918965136196916,0.0012964572312453076,0.18905177005494359,-0.5554179105937436,-0.7893398091962072,-0.4079206186137961,-0.24237068768035852,1.8324874753674845,1.0841359340309384,0.29433031822030997,-0.24123560250023032,-0.275853818057266,-0.30818610224791193,0.32874448450222693,4.117512226059345,-0.05891472720242309,-0.2782222841292402,0.7049124757924369,-0.7356842644825539,0.6666581607441525,0.7038326299790407,-0.7452658219829147,-0.32058987747487394,1.306294331598326,-0.557956757284299,-0.3065200133391933,1.1904668767323343,7,7,8,0,0,0,0,0,0,0,1,1,1,0,0,0,0,0,0,0,0,0,0,0,0,0,0,0,0,0,0,0,0,0,0,0,0,0,0,0
44.458,26.525,False,-0.6920986562037972,0.39414226999037305,1.15765147757931,-1.093537036933081,-0.4021800000471773,0.4716947992014289,-0.2868685050106217,-0.09237249103668475,-0.02380226527192769,0.260458507097659,-0.008573339136486734,0.06382373629134834,0.667732576815001,-0.3614713801867418,-0.2549173309885955,-0.22492692876367437,-0.4818409667198856,-0.574291346744379,-0.5436934694319004,0.10854577795026589,1.0899201973258477,0.4044159954120673,-0.7149552231343153,-1.0535879090813047,0.4183367552170632,0.4832817759384553,-1.5568767206030882,-1.2983996980496968,-2.124755237744678,-0.6885354256723103,0.6410744449032111,-0.14295368013990536,-0.15918965136196916,-0.37747375806573297,-0.3046797639723404,-0.5554179105937436,-0.7893398091962072,-0.4875467233672091,-1.1705526037298035,-1.7569608495534939,0.8195625043304281,-2.283701392140152,-1.2951907795238344,-0.6590164468340568,0.25839569033566645,-0.01624442118541982,0.2786233720003769,1.46190424698599,-0.019718075446046094,0.7049124757924369,-0.7356842644825539,0.6666581607441525,0.7038326299790407,-0.7452658219829147,-0.32058987747487394,1.306294331598326,-0.6203586067783478,-0.3065200133391933,0.996708702771555,7,7,8,0,0,0,0,0,0,0,0,0,1,0,0,0,0,0,0,0,0,0,0,0,0,0,0,0,0,0,0,0,0,0,0,0,0,0,0,0
44.461,26.519,True,-3.396612819353425,0.37704456666320707,1.2654155234208821,-1.1500329683870283,-0.4433481342906461,0.9599871363074451,-0.28397844911392567,-0.15146320814929037,0.055435525303278846,-0.12363633013332553,0.1607882464387358,0.24523987428517363,0.07295987535774508,-0.3059229418981138,-0.16550938788445946,-0.17532179908367615,-0.5313328369215778,-0.6242619668734058,-0.6521564688633362,-0.17756484860110885,-1.1998396121339083,2.1061726248044543,2.157968410722956,0.2281390813615703,1.0882055983014527,0.2162659706770329,-1.7729059253186792,1.167681195753539,1.263487783494634,0.19204984001539005,-0.20992696848644016,-0.14295368013990536,-0.15918965136196916,0.729700717417742,2.6577094401913635,0.4994232213122394,1.9961816662317304,0.9457231621942249,-0.24237068768035852,2.08992741670403,0.5204428624715707,1.583346173400541,-0.1822709162637018,-0.6829641111326061,-0.0565573527107264,-0.9153064178259537,-0.4303316104981874,0.36158821496948834,0.20893116611174065,-0.28526005986040437,0.30567257978898354,-0.27842672415262026,-0.16077593041394003,-0.8835604941545225,-0.8071957742113546,1.815811012893762,-0.6875702669041559,-0.3065200133391933,0.9498764953697361,7,7,8,0,0,0,0,0,0,0,1,1,1,0,0,0,0,0,0,0,0,0,0,0,0,0,0,0,0,0,0,0,0,0,0,0,0,0,0,0
44.459,26.521,True,-3.396612819353425,0.14543401140724685,1.32485832450787,-1.0478271243521748,-0.389798606289743,0.3150727288089315,-0.30998895218418926,-0.2827759128439698,0.1082607190200832,0.37568695826695453,0.2259273178138214,0.24523987428517363,0.06497634916368782,-0.2989793871120353,-0.2772693167646295,0.1884491519029739,-0.4746305179684218,-0.5670111491270562,-0.5385350318734539,-0.1536896978644583,0.41110556984965413,-0.9819421003211934,-0.7149552231343153,-1.0535879090813047,0.1830563000903284,0.11833265535021077,-1.8584805543246508,-0.36164622649555156,-1.4939961438145415,-0.3415026721779457,-0.20992696848644016,-0.5728214366169448,-0.15918965136196916,-0.46488226928811255,-0.7984112979996244,-0.5554179105937436,-0.7893398091962072,-0.4875467233672091,-1.1705526037298035,-0.9699301717531974,0.8604883305807345,0.29433031822030997,0.42466402164737194,-1.14994356495432,-0.40525807313627765,1.332348573775381,2.009535682068487,0.4737223328819981,1.4041648233217172,0.7049124757924369,-0.7356842644825539,0.6666581607441525,0.7038326299790407,-0.7452658219829147,-0.32058987747487394,1.306294331598326,-0.557956757284299,-0.3065200133391933,1.1904668767323343,7,7,8,0,0,0,0,0,0,0,0,0,1,0,0,0,0,0,0,0,0,0,0,0,0,0,0,0,0,0,0,0,0,0,0,0,0,0,0,0
44.459,26.525,True,-3.396612819353425,0.20424694461134035,1.2683301381838572,-1.048112217362035,-0.39382255926090914,0.029467776916733805,-0.3157690639775812,-0.17116011385349233,0.029022928444876667,0.4909154094362499,0.06959354651361606,0.20492517695321247,0.5599549731952296,-0.34989878887661097,-0.09845343055635743,-0.07611153972368048,-0.4704832915428518,-0.5628238053177261,-0.563614326434003,0.9007725248087731,-1.1998396121339083,-0.13321752444169904,-0.7149552231343153,-1.0535879090813047,0.6026256731425103,0.20135566779857492,1.3941231359279098,-1.7394269090553085,-0.3112653562689544,-1.1731883473578189,-0.20992696848644016,-0.14295368013990536,-0.15918965136196916,-0.4066099284731928,-0.5515455309859825,-0.5554179105937436,-0.7893398091962072,-0.4875467233672091,-1.1705526037298035,-2.0511779253666886,0.5702760744351791,0.29433031822030997,0.38947043928630254,-1.9402164868064509,0.16450889349207523,1.1964438533529747,0.3044093700100269,0.922258804532037,0.11299720508209823,0.7049124757924369,-0.7356842644825539,0.6666581607441525,0.110582001983531,-0.7452658219829147,-0.32058987747487394,1.306294331598326,-0.6203586067783478,-0.3065200133391933,0.996708702771555,7,7,8,0,0,0,0,0,0,0,1,1,1,0,0,0,0,0,0,0,0,0,0,0,0,0,0,0,0,0,0,0,0,0,0,0,0,0,0,0
44.444,26.513,False,0.27379925920678416,0.39081771656564623,1.12980923655405,-1.074293258767523,-0.33005838141012284,0.39799029548731196,-0.26952816963044596,-0.2236851957313641,-0.05021486213032987,0.37995467868063215,-0.008573339136486734,0.3057119202831154,-0.41802698557676826,-0.34989878887661097,-0.2415061395229752,0.039633762862980766,-0.38134551605885064,-0.47282377299514083,-0.4300517298244844,1.56800549901863,0.8817300367334424,0.6456090753240065,-0.7149552231343153,0.8166413592208649,0.37197650548436106,0.21492802701887648,0.6058834768739193,-0.9098570652992011,-1.2382906484632954,1.1485380640369807,0.6410744449032111,-0.14295368013990536,-0.15918965136196916,0.08870496845362491,-0.057813996958698426,-0.3796110552760798,-0.23223551411061963,-0.2486684091069701,0.22172027034436392,-1.506876335112278,0.404526478121438,-0.994685536959921,1.1807086111408711,0.7419219146310844,0.5086593652822343,-0.580771721401569,-0.2973321676623105,0.17937027336166006,0.29626689660926575,0.2817487531506387,-0.6446937648708975,0.7939810657247605,0.09999779859754344,-0.58926445431516,-0.32625553890866243,1.1920583016784672,-0.6051588345358289,-0.8622544765103608,1.0077286844658384,5,7,1,0,0,0,0,0,0,0,0,0,1,0,0,0,0,0,0,0,0,0,0,0,0,0,0,0,0,0,0,0,0,0,0,0,0,0,0,0
44.444,26.514,True,-0.30573949003956463,0.7702917431880235,0.7772175506225862,-1.0837013280929069,-0.3888700017579355,0.19530291027349408,-0.3070988962874933,-0.3746948061302453,0.1082607190200832,0.59760841977819,0.05656573223859886,0.04366638762536775,-0.42601051177082544,-0.34295523409053247,-0.31303249400628397,-0.3737423178036675,-0.42832180783706225,-0.5202544807447759,-0.538636742661847,1.4240508677115586,-1.1998396121339083,-0.9819421003211934,0.5609758562232795,-1.0535879090813047,-0.05798275908780481,0.2384043248540442,-0.1284258656501601,-1.7624307059378286,0.008699777075614043,-0.8273833622107772,-0.20992696848644016,-0.14295368013990536,-0.15918965136196916,-0.46488226928811255,-0.7984112979996244,-0.20380419995841595,0.32486878097496785,-0.4875467233672091,-1.1705526037298035,-1.7643162764488236,0.6793313643845251,0.29433031822030997,0.0020323176797931264,-1.1738912292528694,-0.6808514654865284,-0.5494090936117829,-0.05343373785292178,1.0554180695531423,1.4026521716540299,0.2817487531506387,-0.6446937648708975,0.7939810657247605,0.09999779859754344,-0.58926445431516,-0.32625553890866243,1.1920583016784672,-0.6051588345358289,-0.8622544765103608,1.0077286844658384,5,7,1,0,0,0,0,0,1,0,1,1,1,0,0,0,0,0,0,1,1,0,0,0,0,0,0,0,0,0,0,0,0,0,0,0,0,0,0,0
44.444,26.514,True,-0.4989190731216809,0.7029299583203468,0.7498355119283222,-1.0262550866060924,-0.38763186238219205,0.9231348844503875,-0.2810883932172298,-0.3878260765997133,-0.11624635427633531,0.23058446420191586,0.25198294636385565,0.12429578228929011,-0.430002274867854,-0.40544722716523884,-0.39797003995521313,-0.5308252284569942,-0.4443295911979126,-0.5364171122673458,-0.6080608402600095,1.5856487645990627,-1.1998396121339083,0.456780318791335,-0.7149552231343153,1.2438836893678729,0.8501455965067601,0.10471384411663434,-0.11204474524759715,-1.6760774301713304,-0.459771375031748,1.7537801099817298,-0.20992696848644016,-0.14295368013990536,-0.15918965136196916,-0.2900652468433534,-0.3046797639723404,-0.5554179105937436,-0.7893398091962072,-0.2486684091069701,0.6858112283690864,-1.6466294461235458,1.1538302087336663,1.583346173400541,0.6775021265045282,0.6581050895861614,-1.0050566807582186,0.33919869376548895,-0.1877512738873068,-0.5144595812219939,-0.815054399666899,0.2817487531506387,-0.6446937648708975,0.7939810657247605,0.09999779859754344,-0.58926445431516,-0.32625553890866243,1.1920583016784672,-0.6051588345358289,-0.8622544765103608,1.0077286844658384,5,7,1,0,0,0,0,0,0,0,1,1,1,0,0,0,0,0,0,0,0,0,0,0,0,0,0,0,0,0,0,0,0,0,0,0,0,0,0,0
44.416,26.535,True,-1.9477659462375527,0.5368605991518556,0.9664374090504566,-1.060751340799167,-0.4216806952151362,0.7020213733080403,-0.26808314168209796,-0.15146320814929037,0.029022928444876667,1.1245267883733097,-0.0997680390616066,0.24523987428517363,0.31514014245446803,-0.38230204454497724,-0.2280949480573546,-0.663105574270321,-0.3981279628864101,-0.4897685615399652,-0.4520050636962732,-0.4028441732485464,-1.0012005066400402,1.258848460894914,-0.07698968345551778,-1.0535879090813047,-1.1981330674058808,0.4018244457373653,1.0573971608729469,-1.5375777200161553,-1.6264716747242762,0.9277112253182828,-0.20992696848644016,-1.0026891930939843,-0.15918965136196916,1.632922000048998,1.4233806051231535,-0.20380419995841595,0.32486878097496785,-0.4875467233672091,-1.1705526037298035,-1.7201837150768444,0.4376282493533035,-0.994685536959921,0.1844832578148107,0.38270695015284306,-0.47025079114512874,-0.6121343491913551,0.06500269469264164,0.7750827747718679,-0.4802010883883297,-0.750446638806733,0.4316427571912434,-0.1773860521852428,0.0397040085628578,-0.6524895841380318,-0.7353375663844414,0.8641135814227516,-1.099691649259058,-0.8622544765103608,-1.1281948605109073,5,7,1,0,0,0,0,0,0,0,0,0,1,0,0,0,0,0,0,0,0,0,0,0,0,0,0,0,0,0,0,0,0,0,0,0,0,0,0,0
44.469,26.298,True,-1.7545863631554366,0.5441429542726854,0.9293911214052759,-1.0421252641549725,-0.31458163921333,0.09395921766658424,-0.24207263861183434,-0.15802884338402443,0.029022928444876667,-0.21325845882055533,0.06959354651361606,0.04366638762536775,-0.5537469308757395,0.39769060975783993,0.10271444142794867,0.12230897899631013,-0.3478908572962597,-0.4390454971336947,-0.3640097039241939,1.2092332844124933,-1.1998396121339083,-0.9819421003211934,-0.07698968345551778,-1.0535879090813047,0.6414102060931479,0.40494991123737073,0.9190725340694957,-2.0071803989976926,-0.4461873973386274,1.1712535013209837,-0.20992696848644016,-0.14295368013990536,-0.15918965136196916,-0.46488226928811255,-0.7984112979996244,-0.5554179105937436,-0.7893398091962072,-0.4875467233672091,-1.1705526037298035,-1.9261356681460808,1.2418207351718251,0.29433031822030997,-0.903739354665624,0.2869162929586454,-0.5287214861099178,0.2764734381859168,-0.2859300216441477,1.076443216661738,-0.3806845313036384,-0.3140434298029119,0.48034212955368855,-0.5225564991140498,0.29845025625882754,-0.4140423717890988,-1.0275757546029247,0.012276252655997619,-0.4956188224915498,-0.1294654188644318,0.4080902120338607,7,7,7,0,0,0,0,0,0,0,1,1,1,0,0,0,0,0,0,0,0,0,0,0,0,0,0,0,0,0,0,0,0,0,0,0,0,0,0,0
44.138,26.145,True,0.4669788422889004,0.7376794572121331,0.8208600716787101,-1.09111374634927,-0.3969179077002677,-0.17552287403815237,-0.3222716897451471,-0.17772574908822628,-0.12417013333385599,-0.13217177096068072,0.40831671766406114,0.08398108495732894,-0.5098375368084253,-0.3267536062563493,-0.3219732883166975,-0.8615260929903124,-0.4799946905059169,-0.5724272109385284,-0.6188154880206985,0.6922744294911997,-1.1998396121339083,-0.5198227350767731,-0.7149552231343153,-1.0535879090813047,-0.3947485043152445,0.49381685959182253,0.6303234580624603,-2.253975093500193,1.2767730136270352,0.6915765378518859,-0.20992696848644016,-0.14295368013990536,-0.15918965136196916,-0.4357460988806527,-0.5515455309859825,-0.5554179105937436,-0.7893398091962072,-0.4875467233672091,-1.1705526037298035,-1.569397463722582,0.993738006048644,-0.994685536959921,-0.29927414183252016,-0.3177622305797275,0.49390897595583816,0.7207773318745527,0.5937500226145853,0.25295828824174454,0.3962213265451297,-0.07372971230005074,0.3988028379874342,-0.5500511281811928,-0.22984045443573706,-0.15984298325533763,-1.1447034817844322,-0.7494492731466387,-1.0165106410734102,-0.17827361859689253,-0.04094978396653284,7,7,7,0,0,0,0,0,0,0,1,1,1,0,0,0,0,0,0,0,0,0,0,0,0,0,0,0,0,0,0,0,0,0,0,0,0,0,0,0
44.433,25.539,True,0.4669788422889004,0.5009237597512383,0.7545142356267819,-0.9078939720124986,-0.2597939718366835,-0.42427557407329314,-0.32877431551271297,-0.35499790042604346,-0.15586524956393857,0.04707248641377869,-0.021601153411503808,-0.03696300703855461,-0.38609288080053983,-0.13696310877020387,-0.06939584904751328,-0.16705427747034338,0.12448911582450504,0.03790395127430874,0.18060453461041848,0.3527363314712327,-1.1998396121339083,-0.1748804891173262,-0.7149552231343153,0.2281390813615703,0.7403428101722237,0.39108812822673156,0.6334137684557153,-2.003490966817086,-0.363521902765943,-0.28247185826975896,-0.20992696848644016,-0.14295368013990536,-0.15918965136196916,0.11784113886108477,0.18905177005494359,-0.20380419995841595,-0.23223551411061963,-0.4079206186137961,-0.24237068768035852,-1.8967139605647614,0.5015447603501056,-0.3501776093698055,-0.8935517387189987,-1.2636949703724296,0.7602881148194198,0.2712463335542858,-0.3242571005716423,0.060227773079618484,-0.30142954524139026,-1.051777055970179,0.4357153095106965,0.004385273448868426,-1.2433224623128585,-0.30637296453433943,-1.3122411892393027,0.12467158202947269,-0.9924605175727255,-0.1294654188644318,0.0022106141559231373,5,7,7,0,0,0,0,0,0,0,1,1,1,0,0,0,0,0,0,0,0,0,0,0,0,0,0,0,0,0,0,0,0,0,0,0,0,0,0,0
44.65,26.101,True,-2.62389448702496,0.4812139073046441,0.9924388407517326,-1.0434081826993429,-0.2619607157442345,-0.5002833435284754,-0.28759101898479567,-0.2565133719050339,-0.20604918359490268,-0.2730065446120418,0.173816060713753,0.16461047962125128,-0.5976563249430537,-0.21565672967909347,-0.16997978503966632,-0.3324047097370028,-0.1567652350945221,-0.24607105860378117,-0.17842763200037515,0.6971463447886745,-1.1998396121339083,0.7644319655173648,3.0207591842504407,-1.0535879090813047,0.5749981287912765,0.5314432507367488,0.5132579379180158,-1.732820887247246,0.8138925138293964,0.6217049675471656,-0.20992696848644016,-0.14295368013990536,-0.15918965136196916,-0.3483375876582731,0.18905177005494359,1.730071208535886,4.781703141659667,-0.4875467233672091,-1.1705526037298035,-1.6392740192282158,0.6778869234580437,-0.3501776093698055,-0.5584409172019741,-0.8505977612224521,-1.0633757007684947,-0.06851546750172993,-0.2662354057945937,-0.7597529641556089,-1.0222478715172263,-1.1709535786148098,0.8212399796122586,-0.49975324246838626,-1.4357567213203153,-0.24168704508267225,-1.0795954281089806,-0.0819554465538448,-0.7412499003546056,-0.1294654188644318,0.9645696875299038,5,7,7,0,0,0,0,0,0,0,1,1,1,0,0,0,0,0,0,0,0,0,0,0,0,0,0,0,0,0,0,0,0,0,0,0,0,0,0,0
44.629,26.228,True,0.4669788422889004,0.3836145174787388,0.9415097827881711,-0.9533187915835446,-0.2669132732472082,-0.32062861572531803,-0.2724182255271419,-0.3090384537829056,-0.13737643176305708,0.260458507097659,0.21289950353880432,0.003351690293406572,-0.6295904297192821,-0.26657613144366904,-0.41138123142083355,-0.5473602716836597,-0.3578746120281713,-0.4491258277644953,-0.4215650665518322,1.4142207264376252,-1.1998396121339083,1.4838725340961056,1.198941395902077,0.8166413592208649,0.46408783723976904,0.6661488903516,0.771689227616122,-1.8225359643114591,-0.9982368647391104,0.4433057063458696,-0.20992696848644016,-0.14295368013990536,-0.15918965136196916,0.23438582049092424,1.1765148381095116,-0.20380419995841595,0.32486878097496785,-0.2486684091069701,0.22172027034436392,-1.5877860309609066,0.6141509675770518,-0.3501776093698055,-0.2057333045044147,-0.7368463558043423,-0.6800172532367066,-0.4762296287689488,-0.3587578701170598,0.5052600535448915,0.3148565894726861,-0.8755157507853744,0.608381020696698,-0.3645848278080402,-1.3775625842611399,-0.21190070626291932,-2.052737545713437,-0.07427164073958976,-0.7583735356874346,-0.1294654188644318,0.553179573359879,7,7,8,0,0,0,0,0,0,0,1,1,1,0,0,0,0,0,0,0,0,0,0,0,0,0,0,0,0,0,0,0,0,0,0,0,0,0,0,0
44.15,26.121,True,0.4669788422889004,1.2434073579402025,0.5394463462746338,-1.220355910819192,-0.27929466700464245,-0.39663638518049993,-0.28759101898479567,-0.28934154807870377,0.002610331586474489,0.7981912792210376,-0.11279585333662366,0.22508252561919306,0.2964986087913445,-0.31518101494621853,0.013306498323812622,-0.01823888843035023,-0.15345155338370173,-0.24272532264098368,-0.16373540786532217,0.6566909816338943,-1.1998396121339083,0.19919483684143494,-0.7149552231343153,-1.0535879090813047,0.9021635118669448,0.48079274198368926,0.9847712519825549,0.6140462618829816,-2.212220464504487,0.4816542685941321,-0.20992696848644016,-0.14295368013990536,-0.15918965136196916,-0.37747375806573297,-0.057813996958698426,-0.3796110552760798,-0.23223551411061963,-0.4875467233672091,-1.1705526037298035,-0.7235233707596466,0.9304233454378759,-0.994685536959921,-1.4175965287007117,-0.24591923768407922,0.30772796929104296,-0.01624442118541982,-0.3263942031362138,0.060227773079618484,-0.5124444528837697,0.41984904693992703,-0.1348910934237881,-0.05704017512062629,0.04913054514832053,-0.253560144291188,-1.0179323630345913,-0.5540419857736691,-0.7762026792303011,-0.17827361859689253,0.38145470715168955,7,7,7,0,0,0,0,0,0,0,1,1,1,0,0,0,0,0,0,0,0,0,0,0,0,0,0,0,0,0,0,0,0,0,0,0,0,0,0,0
44.697,26.027,True,-2.5852585704085365,0.4125856258942144,0.9147413472019019,-0.9541740706131248,-0.2885807123227181,-0.19625226570774704,-0.22473230323165866,-0.17116011385349233,-0.08455123804625272,-0.0468173626871287,0.10867698933866739,0.16461047962125128,-0.42601051177082544,-0.2388019122993551,-0.09398303340115056,0.03136624124964797,0.005045877076991033,-0.08269469828386845,0.06459993346865253,0.2509339305141428,-1.1998396121339083,1.3714731212890825,2.236155074201652,1.4598326378133692,1.1314877022872634,0.5837192297097094,0.47564797531180125,-0.4880227772941198,0.008699777075614043,0.6599875290621822,-1.0609283818760915,-1.4325569495710238,-0.15918965136196916,0.05956879804616504,0.9296490710958696,0.14780951067691173,0.8819730760605554,-0.08941619960014412,1.1499021863938088,0.09660672806963427,0.46079948921560937,0.29433031822030997,-0.33755488054105176,-0.8446108451478148,-0.6477104879254224,0.4698763095562642,-0.23316790263978704,0.4632097593277003,0.27031297852157826,-0.5394507746309034,0.052334324158473305,0.2601755942615335,-1.4614631819503476,0.14078356996336272,-1.030588862792444,-0.22040242336400093,-0.7736373755372369,-0.07926173504553104,0.7758606891990363,7,7,7,0,0,0,0,0,1,0,0,0,1,0,0,0,0,0,0,0,0,0,0,0,0,0,0,0,0,0,0,0,0,0,0,0,0,0,0,0
44.236,26.716,False,-0.30573949003956463,0.5864914324209897,1.0047109029116272,-1.1142537956495833,-0.30405745451951094,0.2114257704609564,-0.25507789014696614,-0.19085701955769427,0.08184812216168103,0.435435044058441,0.06959354651361606,0.1444531309552707,-0.15457062117288323,-0.40776174542726507,-0.19233177081570033,0.17191410867630832,-0.21117628138442074,-0.3010084395088667,-0.3318069179817858,-0.2739338598367305,-0.753768074604909,0.423112629551119,0.6529057520711978,-1.0535879090813047,0.8119445847163433,0.46517348327443936,0.5420380555380142,-0.0888736100277366,-1.2650958240025785,1.1360078936103044,-0.20992696848644016,-1.0026891930939843,-0.15918965136196916,-0.4066099284731928,-0.5515455309859825,0.14780951067691173,0.32486878097496785,-0.4875467233672091,-1.1705526037298035,0.1591278566799382,0.24130465342903934,0.29433031822030997,0.40012112868504723,-0.090259419743508,-0.5032780124903501,0.046480834394152314,-0.13042701677354654,0.66995703922889,0.7756978620204745,0.5785348243155729,-0.2036086598801818,-0.052877297415845306,1.1761556784664666,-0.6554592932742933,-0.2969599390173219,0.9997043952270447,-0.9128709651385642,-0.22543392262366696,1.0922100731047653,7,7,1,0,0,0,0,0,0,0,0,0,1,0,0,0,0,0,0,0,0,0,0,0,0,0,0,0,0,0,0,0,0,0,0,0,0,0,0,0
44.825,24.867,False,0.4669788422889004,0.28593597161891116,0.5298587977122164,-0.6396689652357674,-0.28981885169846155,-0.6062335676175169,-0.29264861680401355,-0.3287353594871076,-0.19020162547986144,-0.39250271619501476,0.36923327483900975,-0.03696300703855461,-0.7493433226301391,-0.32443908799432314,-0.5410227489218308,-0.7457807904036511,-0.5322327089769211,-0.6251705436650896,-0.7333000760887506,1.3272179625357825,0.7471741663568595,0.42468278999286,-0.7149552231343153,-1.0535879090813047,0.7476418410623179,0.3310033641411795,0.5797227345370342,0.3919945035187521,-2.2403634248107185,-0.09504219648157156,0.21557373820838546,-0.14295368013990536,-0.15918965136196916,-0.3483375876582731,-0.3046797639723404,-0.5554179105937436,-0.7893398091962072,-0.4875467233672091,-1.1705526037298035,-0.2638091898015295,0.13947156811210037,0.29433031822030997,-2.07685876670127,-1.018231411312298,-0.13451827933044513,1.0187222958775204,-0.19455928924270818,-1.397515759783008,-1.6236861359142667,0.4636899565751492,-0.6550988434545105,0.6961511955234829,-0.30444801225161455,-0.7758738748901723,-0.09729733580662102,0.6537289221267745,-0.4463005264218756,-0.9258845650176422,0.34472925812882305,7,7,7,0,0,0,0,0,0,0,0,0,1,0,0,0,0,0,0,0,0,0,0,0,0,0,0,0,0,0,0,0,0,0,0,0,0,0,0,0
44.811,24.948,True,0.3510710924396307,0.36453791330352076,0.9046168959199893,-0.9189650838953998,-0.3102481513982281,-0.38512005647516906,-0.30998895218418926,-0.28934154807870377,-0.15322398987809832,-0.4607862428138565,-0.060684596236555144,-0.09743505303649637,-0.5497551677787109,-0.3568423436626894,-0.14315740210842545,-0.7375132687903183,-0.5796752871398076,-0.6730720483295507,-0.784785984722971,0.6124015473723476,-1.1998396121339083,-0.9819421003211934,-0.7149552231343153,-1.0535879090813047,0.32495468165831926,0.10361777554330977,1.0964027039312465,-0.07133787093087278,0.8820284054184588,-0.6179472699785294,-0.20992696848644016,-0.14295368013990536,-0.15918965136196916,-0.31920141725081325,-0.3046797639723404,-0.5554179105937436,-0.7893398091962072,-0.4875467233672091,-1.1705526037298035,0.35404666940617985,1.4568016930631407,2.872362028580772,1.6169238030372837,-0.4075659716992878,0.6346254150053402,1.7087001072528138,0.579967630626301,-0.24814105117978325,-0.42176496606819897,-0.11932411435209345,-0.21625015543323423,0.4012107491050191,-1.1676273234703258,-0.6595477830339612,-0.9190020560309873,0.06190663068588961,-0.6279262297369895,-0.9258845650176422,0.0651119788819373,7,7,7,0,0,0,0,0,0,0,1,1,1,1,1,0,0,0,0,0,0,0,0,0,0,0,0,0,0,0,0,0,0,0,0,0,0,0,0,0
44.61,25.346,True,0.0806196761246679,-0.19066250862583903,-0.5785385164917382,0.3330683844069679,-0.2607225763684911,0.6835952473795103,-0.3677900701181083,-0.39439171183444727,-0.3698072841169962,0.008663002690680177,-0.6339084243373084,-0.016805658372574018,0.6836996292031151,-0.43090692804752667,-0.2973861039630601,-0.7375132687903183,-0.29059015191053056,-0.3811905045806421,-0.330001089551991,0.9689320927877999,-1.1998396121339083,-0.9819421003211934,-0.7149552231343153,-1.0535879090813047,0.6336555494446169,0.37853409008867206,1.1828978264377328,0.3517692020345571,1.015089536793963,-2.0986977055637674,-0.20992696848644016,-0.14295368013990536,-0.15918965136196916,-0.31920141725081325,-0.3046797639723404,-0.5554179105937436,-0.7893398091962072,-0.4875467233672091,-1.1705526037298035,0.1407392894416135,0.8559142676468767,-2.283701392140152,1.2523306384019948,-1.9402164868064509,0.6476694610934643,2.220956361152653,0.5302895937660225,-0.12899855089774168,-0.5908634998665064,-0.37603765368380376,0.03858508988748675,0.17891560432600448,-1.0304632063491153,-0.784203850050316,-0.2346009007806422,1.2878404693956549,-1.03914974815402,-0.21896523022150047,-0.828835213473942,7,7,7,0,0,0,1,0,0,0,1,1,1,1,1,0,0,0,0,0,0,0,0,0,0,0,0,0,0,0,0,0,0,0,0,0,0,0,0,0
44.531,25.493,True,0.4669788422889004,-1.278266414715005,-0.9924905132226731,1.2424200548574693,-0.2607225763684911,-0.799707889867071,-0.3475596788412367,-0.5454013222333286,-0.44904507469220284,0.2946002704070801,-0.6339084243373084,-0.2788511910303217,-0.4619363796440826,-0.2897213140639307,-0.4404388129296777,-0.5638953149103253,-0.23420386222499323,-0.324258773149226,-0.2714671567287303,0.2596566413267681,-1.1998396121339083,0.21195265912644368,-0.7149552231343153,-1.0535879090813047,0.2500052389804682,0.2964147178582317,0.21619345324571396,-0.15373123065995523,-0.23294783417867712,-0.2658060460123073,-0.20992696848644016,-0.14295368013990536,-0.15918965136196916,0.08870496845362491,0.18905177005494359,-0.5554179105937436,-0.7893398091962072,-0.4875467233672091,-1.1705526037298035,0.13338386254628362,1.0825711230272503,0.29433031822030997,-0.47308104419464353,-0.8505977612224521,-0.35156513923865035,0.7155502272429217,0.031640860046905944,0.11629483203587335,-0.16015584080396247,-0.6062665965184829,-0.597427628797344,1.2767469635606632,-1.005815124339959,-0.81965963358475,0.18114125993869928,0.6549534915252235,-0.9498118276178373,-0.1294654188644318,0.05455228695993816,7,7,10,0,0,0,1,0,0,0,1,1,1,0,0,0,0,0,0,0,0,0,0,0,0,0,0,0,0,0,0,0,0,0,0,0,0,0,0,0
45.089,23.205,False,0.4669788422889004,0.7068086039825279,0.07257108147915432,-0.6089739511741609,-0.28146141091219345,-0.6062335676175169,-0.29842872859740543,-0.3878260765997133,-0.2615156369975473,-0.9345032087320709,0.6949286317144376,-0.2385364936983605,-0.7333762702420248,-0.21797124794111958,-0.7377202237509302,-0.45641753393699686,-0.5470174351164826,-0.6400982869615323,-0.7027772746526796,0.10540414514767493,0.41110556984965413,-0.9819421003211934,-0.7149552231343153,-1.0535879090813047,-0.0073074581653698005,0.2995815307099804,0.4740560909751742,-0.5107780786603343,0.3531243372893686,0.07006369508436358,-0.20992696848644016,-0.5728214366169448,-0.15918965136196916,-0.46488226928811255,-0.7984112979996244,-0.5554179105937436,-0.7893398091962072,-0.4875467233672091,-1.1705526037298035,-0.38885144702213736,-0.8581556317777226,0.29433031822030997,-0.7215971301653528,-0.38361830740073843,0.23837459633994101,1.1964438533529747,-0.014761139349119223,-1.047096641306415,-1.3438455773921147,1.1579944457651787,-0.7887693473674123,0.4638076381930559,0.589879419325434,-0.879207768173543,-0.44762634581187244,0.5668635218740221,-0.5370493104721492,-0.7561534807536592,0.5274667498020584,7,7,7,0,0,0,0,0,0,0,0,0,1,0,0,0,0,0,0,0,0,0,0,0,0,0,0,0,0,0,0,0,0,0,0,0,0,0,0,0
45.077,23.25,True,-0.4989190731216809,0.6592358275953673,0.165531952340354,-0.6380534381798932,-0.32479628906321323,-0.6522988824388392,-0.2897585609073176,-0.31560408901763964,-0.2984932725993103,-0.5290697694326982,-0.17793492471170927,-0.2788511910303217,-0.7014421654657963,-0.38230204454497724,-0.14986299784123558,-0.23319445037700715,-0.4425647830608913,-0.5346352326039523,-0.560975876280426,0.007558340658885199,0.41110556984965413,-0.9819421003211934,-0.7149552231343153,-1.0535879090813047,-0.09564619126695603,0.23429703516295647,-0.10546619010056368,-0.29804296063771385,0.8895104505347581,-1.798843427238991,-0.20992696848644016,-0.5728214366169448,-0.15918965136196916,-0.46488226928811255,-0.7984112979996244,-0.3796110552760798,-0.23223551411061963,-0.4875467233672091,-1.1705526037298035,-0.3152971780688386,-0.8433501122812882,1.583346173400541,0.5867397298891388,-1.1978388935514188,0.06463093594521768,0.025572415867628265,-0.0027831273704431183,-0.5775350225477806,-0.9673545386293105,0.5082135922507884,-0.6468441801845985,0.656004672235246,-0.034241906173512554,-0.16333319631126375,-2.0346780633315813,-0.595508101577693,-0.021544828423502797,-0.07926173504553104,0.42140498695358825,7,7,11,0,0,0,0,0,0,0,0,0,1,0,0,0,0,0,0,0,0,0,0,0,0,0,0,0,0,0,0,0,0,0,0,1,0,0,0,0
45.075,26.719,True,-1.0784578223680297,0.9762557434532351,0.9963505605651991,-1.3430409360623308,-0.37958395643985976,0.3703511065945185,-0.2608580019403581,-0.12520066721035458,0.34597409074570284,0.7085691505338079,-0.6339084243373084,0.7290162422687078,-0.09469417471745478,-0.2388019122993551,0.6838660716048329,1.3045645697029247,-0.39177916316056516,-0.3152276322186224,-0.41474172380101665,-1.2084718855625265,-1.1998396121339083,1.048758013136746,1.198941395902077,0.2281390813615703,0.8229533900493025,-0.1501773194154705,0.538804120100363,0.52824859694233,0.5178832850452548,0.6368032903301617,-0.20992696848644016,-0.14295368013990536,-0.15918965136196916,-0.23179290602843364,0.18905177005494359,0.14780951067691173,0.8819730760605554,-0.3282945138603831,-0.24237068768035852,0.6261974645333851,1.3729037492500125,-0.994685536959921,-0.9068265110130863,0.46652377519776606,0.26984714940140336,1.5309785497773594,-0.05857814043350703,0.1723618909921282,-0.559416267827744,-0.23125226847141464,-0.167521056411523,0.3978849352190431,-0.6364535009709227,-0.762483250169395,-0.921895764761513,1.9119351648689975,-0.6556960971097118,-0.1294654188644318,0.9462011831240696,7,7,3,0,0,0,0,0,0,0,1,1,1,0,0,0,0,0,0,0,0,0,0,0,0,0,0,0,0,0,0,0,0,0,0,0,0,0,0,0
44.809,25.475,True,0.4669788422889004,0.5970191849326245,0.7792117607235688,-0.9808777825366898,-0.3071528029588695,-0.5785943787247237,-0.28397844911392567,-0.24338210143556596,-0.14794147050641793,-0.5333374898463759,0.19987168926378726,-0.15790709903443814,-0.7014421654657963,-0.27351968622974754,-0.33985487693752464,-0.902863701056977,-0.47887375913333324,-0.5712954364555312,-0.6254427880770885,-1.2084718855625265,-1.1998396121339083,0.8665353606564881,-0.7149552231343153,-1.0535879090813047,-0.9318065036280679,0.2219309083215191,0.3359949722553489,-0.1371656872984575,-1.4370206044117988,-0.5622460406731021,-0.20992696848644016,-0.14295368013990536,-0.15918965136196916,-0.37747375806573297,-0.057813996958698426,-0.5554179105937436,-0.7893398091962072,-0.4875467233672091,-1.1705526037298035,-0.42562858149878674,-0.9353128512672709,-0.994685536959921,1.1368709910069075,-0.6111211182369579,-0.44969883480860756,0.4228323678715851,0.29798526529496766,-0.19908237459306025,-0.2852282497480025,0.11518451972440862,-0.14548874093220657,0.14882142083229769,-0.23782147193513903,-0.6804399752680921,-0.29747037170451873,0.12077967528911324,-0.9315337521060351,-0.9397912959032428,0.45446318055328644,7,7,7,0,0,0,0,0,0,0,1,1,1,0,0,0,0,0,0,0,0,0,0,0,0,0,0,0,0,0,0,0,0,0,0,0,0,0,0,0
45.051,23.136,True,0.4669788422889004,1.245386258788254,0.15648130649743178,-0.984298898655011,-0.2805328063803859,-0.4680376231535492,-0.25218783425027025,-0.09237249103668475,0.002610331586474489,-0.14497493220171367,-0.11279585333662366,0.08398108495732894,-0.7493433226301391,0.006537023475418176,0.08036245565191465,-0.20012436392367527,-0.458066030419313,-0.5502864282471367,-0.5712674954223134,-1.2084718855625265,-1.1998396121339083,1.0186418756358027,1.198941395902077,-1.0535879090813047,0.5577394576565393,-0.00879322047506978,0.3448838568512996,0.1462200224709505,-0.44947410674176613,-0.9772681041060483,-0.20992696848644016,-0.14295368013990536,-0.15918965136196916,1.8368751929012168,1.1765148381095116,0.14780951067691173,0.8819730760605554,-0.4875467233672091,-1.1705526037298035,-0.4844719966614257,-0.9881553151610489,0.29433031822030997,-0.09490439163052078,-0.8027024326253532,0.6138459462370494,0.381015530818537,0.06848348449841075,0.5998732155335715,1.6461890901516865,1.5561940151742548,-1.1790186866910697,0.8010621655833714,0.6566361189362387,-0.33836690295458044,-0.39228563919573556,1.1201436978849069,-0.8234049093878149,-0.7561534807536592,-0.3145969577423079,7,7,7,0,0,0,0,0,0,0,1,1,1,0,0,0,0,0,0,0,0,0,0,0,0,0,0,0,0,0,0,0,0,0,0,0,0,0,0,0
44.113,25.641,True,0.4669788422889004,1.112641589900952,0.15786191349041995,-0.9055181969303309,-0.2607225763684911,-0.928690771366774,-0.05277397737824935,-0.052978679628280845,0.13467331587848538,-0.09803000765125999,0.42134453193907817,0.22508252561919306,-0.2623482247926544,-0.2827777592778522,0.5050501853965609,0.18018163028964113,1.69747030528193,1.626101066642038,1.5327377825821076,-1.2084718855625265,-1.1998396121339083,1.5645723088029855,-0.7149552231343153,-1.0535879090813047,0.6509294907613689,0.30261722319086326,0.4245630870456507,-0.1786673428735256,-0.7674569802473687,0.68432395735285,-0.20992696848644016,-0.14295368013990536,-0.15918965136196916,0.17611347967600452,0.9296490710958696,-0.5554179105937436,-0.7893398091962072,-0.4875467233672091,-1.1705526037298035,-0.28587547048751916,-0.8886092613110389,0.29433031822030997,-0.7197448363568754,0.8257387396760073,-0.4136760331117531,1.1964438533529747,-0.0016313954494165696,0.6909821863374856,1.455196913794747,-0.21371352013757997,0.8004227179604281,-1.0653654559420105,-0.09384777096348994,-0.5876162450263751,-0.45035698001814145,0.7033809801403055,-0.7197011658456856,-0.17827361859689253,1.0260943864986296,7,7,8,0,0,0,1,0,0,0,1,1,1,0,0,0,0,0,0,0,0,0,0,0,0,0,0,0,0,0,0,0,0,0,0,0,0,0,0,0
44.232,25.733,False,0.27379925920678416,-0.6568123923928766,1.1444590107574233,-0.45454857083326167,-0.32386768453140563,0.1308114695236412,-0.14236571017582395,-0.3878260765997133,-0.22189674170994403,1.0371836223869835,-0.6339084243373084,0.003351690293406572,1.8413109273413988,-0.4100762636892912,-0.3309140826271111,1.056538921302936,-0.17905679403976055,-0.07529862436563053,-0.13816117532825023,-1.2084718855625265,-1.1998396121339083,-0.9819421003211934,-0.7149552231343153,-1.0535879090813047,1.4331048681777616,0.3504099338300633,0.11139904202347989,0.14746729996785854,0.6380668171615581,2.289700752979828,-1.0609283818760915,-1.4325569495710238,-0.15918965136196916,-0.31920141725081325,-0.3046797639723404,-0.20380419995841595,-0.23223551411061963,-0.4875467233672091,-1.1705526037298035,-0.3300080318594984,-0.8620074742483397,0.29433031822030997,1.2622095387138739,2.657735058515038,-0.37105537089358004,1.9700553388343645,-0.05670977531717507,1.1745605698351838,1.6613952200742272,0.7072922315689018,0.10725498151298204,-0.5995820794165823,-0.0787622253152815,-0.5120159990485872,-1.1973184244353907,0.6740262822930732,-0.7529222844529212,-0.3065200133391933,0.549504611410843,4,7,7,0,0,0,0,0,0,0,0,0,1,1,1,0,0,0,0,0,0,0,0,0,0,0,0,0,0,0,0,0,0,0,0,0,0,0,0,0
44.39,25.73,False,0.4669788422889004,0.7444077200955086,0.5814014587837724,-0.9468091678584051,-0.2929142001378201,0.05710696580952668,-0.15970604555599968,-0.453482428947053,-0.09775753647545381,1.1872665461747842,-0.16490711043669212,0.04366638762536775,-0.20956114959754865,-0.31518101494621853,0.05801046987588064,0.9738637051696057,0.06965424821934701,-0.0174613506986431,0.07192769334679391,-1.2084718855625265,0.2461786163269263,0.8652586196331428,-0.7149552231343153,1.097649629748479,0.37134161004168664,0.45023772982994,0.44609753934186125,0.7682721348662769,-0.5888647396787821,1.1747562557213882,0.0737401693101102,0.2869140763371341,-0.15918965136196916,0.40920284293568343,0.43591753706858555,-0.3796110552760798,-0.23223551411061963,0.30871432416692085,1.1499021863938088,1.3690955809617023,2.0365039848910107,1.583346173400541,1.7888784115909298,1.4723256757368417,-0.3556603630105033,0.2869276474491788,-0.22511857621394596,-0.023872815354763807,-1.079051922301168,0.8093985786448342,-0.7173700249329515,0.57403132663912,0.42724871847880413,-0.615466870248992,-0.5988316212174064,0.5311957526619695,-0.778896271043916,-0.1294654188644318,0.9145228079513329,5,7,7,0,0,0,0,0,0,0,0,0,1,0,0,0,0,0,0,0,0,0,0,0,0,0,0,0,0,0,0,0,0,0,0,0,0,0,0,0
44.008,25.767,True,-1.0784578223680297,0.8226138816105089,0.7549744379577779,-1.1175323652629747,-0.3690597717460407,0.4348425473443689,-0.23484749887009448,-0.12520066721035458,0.9798764153473551,1.1353411919015686,0.017482289413547528,0.42665601227899896,-0.04679301755311182,-0.3221245697322969,-0.09845343055635743,0.8085132729029463,-0.33802385922337613,-0.4290830525846292,-0.5813681124616568,-1.2084718855625265,-1.1998396121339083,1.2483276927166849,-0.7149552231343153,0.2281390813615703,0.4441356948894483,0.34451167839463814,0.6960172376399361,-0.05074193731772896,-1.0571109764685218,0.7225838917609186,-0.20992696848644016,-0.14295368013990536,-0.15918965136196916,-0.14438439480605403,0.6827833040822275,-0.5554179105937436,-0.7893398091962072,-0.4079206186137961,-0.24237068768035852,-0.4182731546034569,-1.028238550870908,0.29433031822030997,0.15021582235798,0.37073311800356834,-0.37659150673330716,0.841000738402066,0.0797576603031262,0.04621100834055477,-0.99076083285563,0.38516566428306837,-0.4129735210911903,0.381823632937039,0.5901209649389488,-0.16528548443615393,-0.7472694999516656,0.5654179565133172,-0.7670957517310336,-0.3065200133391933,1.1831204558005657,5,7,8,0,0,0,0,0,0,0,1,1,1,0,0,0,0,0,0,0,0,0,0,0,0,0,0,0,0,0,0,0,0,0,0,0,0,0,0,0
44.063,25.812,True,0.0806196761246679,0.6258319812802557,1.1187643806101446,-1.2149391436318495,-0.37122651565359166,0.6191038066296598,-0.24062761066348642,-0.11206939674088659,0.002610331586474489,0.7725849567389717,-0.17793492471170927,0.3661839662810572,-0.3461752498302542,-0.31518101494621853,-0.0537494590042894,0.07270384931631266,-0.37464151255550054,-0.46605491962499446,-0.5905950244927393,-1.2084718855625265,-1.1998396121339083,0.9783239122613663,-0.7149552231343153,1.1067312710985342,0.4438474090003249,0.13158514441036184,1.1867850606248567,0.8401699228282573,-0.07041098703063792,-0.32071278249737883,-0.20992696848644016,-0.14295368013990536,-0.15918965136196916,-0.0861120539911343,0.18905177005494359,-0.5554179105937436,-0.7893398091962072,-0.08941619960014412,0.6858112283690864,0.9645471017185593,1.4356165594747468,0.29433031822030997,0.039078193849339846,-0.4075659716992878,-0.20080023445265735,0.5378286697674673,0.07007031514515845,1.2866946877476937,1.7264392417847814,0.6362529561693525,-0.39888981516343003,0.20413720118008555,0.4285415507003632,-0.2583403018436742,0.05886835870188384,0.23517236057462185,-0.8467493717724781,-0.3065200133391933,1.2850497693007583,5,7,8,0,0,0,0,0,0,0,1,1,1,0,0,0,0,0,0,0,0,0,0,0,0,0,0,0,0,0,0,0,0,0,0,0,0,0,0,0
44.061,25.81,True,-0.6920986562037972,1.0353853007930172,0.7769107490685886,-1.2425931655882811,-0.4062039530183434,0.22294209916628757,-0.26952816963044596,-0.17116011385349233,0.6365126561881268,0.9475614936997537,-0.151879296161675,0.24523987428517363,-0.28629880337482577,-0.31518101494621853,-0.12080541633239143,0.3041944544896359,-0.4370853740990913,-0.5291028196511613,-0.7054147346832718,-1.2084718855625265,-1.1998396121339083,-0.9819421003211934,-0.7149552231343153,-1.0535879090813047,0.3999989450729911,0.17305505628656814,0.6358934888487744,0.025552133208373243,0.008699777075614043,-0.2711543106085939,-0.20992696848644016,-0.14295368013990536,-0.15918965136196916,-0.31920141725081325,-0.3046797639723404,-0.5554179105937436,-0.7893398091962072,-0.4875467233672091,-1.1705526037298035,0.19958270460425248,-0.5579526592240042,0.29433031822030997,0.0020323176797931264,-0.38361830740073843,-0.32623542183496745,0.10920608997372444,-0.01550336658711411,-0.8578703173290548,-1.577828906409641,0.01623333424415594,-0.08381227959920828,0.11797797545520344,-0.1479398043651658,-0.2781701305969464,-0.3357605213672943,0.4852083112377437,-0.8200698769714458,-0.3065200133391933,1.26528883578927,5,7,8,0,0,0,0,0,1,0,1,1,1,1,1,0,0,0,0,1,1,0,0,0,0,0,0,0,0,0,0,0,0,0,0,0,0,0,0,0
44.469,26.065,True,-2.237535320860727,-0.02490977359303595,1.0909221395848845,-0.8006990003050928,-0.2885807123227181,0.11238534359511364,-0.24062761066348642,-0.31560408901763964,1.085526802780964,0.5677343768824469,-0.07371241051157233,0.18476782828723187,4.839125013209849,-0.11381792614994223,0.795626000485003,1.0400038780762695,-0.24802454930646664,-0.29717046973043243,-0.1974922969731444,-1.2084718855625265,0.28246426133880576,-0.05770336983235298,-0.7149552231343153,0.7480576157987934,0.30902202534189027,0.2822767535459363,0.40882500689296436,0.01740959612763236,-0.039991325644833854,-3.105660008116621,-0.20992696848644016,-0.5728214366169448,-0.15918965136196916,-0.4357460988806527,-0.5515455309859825,-0.3796110552760798,-0.23223551411061963,-0.1690423043535571,0.22172027034436392,-0.9478638910672077,-0.9170165995318398,0.29433031822030997,1.3894003802293178,0.8257387396760073,5.836317980031126,1.332348573775381,7.3498350653990085,1.1535354227265884,1.2133318734561132,-0.938301914378058,0.9428328596975577,-0.8272533395063871,-0.1993414618401445,-0.46203582934680704,-1.1968376845083908,1.1886265700747036,-0.40448532698560785,-0.22864631358174511,0.49808211696487487,5,7,3,0,0,0,0,0,0,0,0,0,1,0,0,0,0,0,0,0,0,0,0,0,0,0,0,0,0,0,0,0,0,0,0,0,0,0,0,0
44.469,26.065,True,-2.237535320860727,0.6878111558412323,0.8386545618105573,-1.0722500921968585,-0.2991048970165372,-0.3206286157253183,-0.23195744297339846,-0.3287353594871076,2.61745742056829,1.3103177288623504,0.08262136078863312,0.04366638762536775,0.3523832921497444,-0.1601082913904655,0.1921223845320847,0.6845004487029522,-0.21723243373559584,-0.30712317486541696,-0.34865703279814236,-1.2084718855625265,-1.1998396121339083,-0.07135609863104957,-0.7149552231343153,-1.0535879090813047,0.14224447278121222,0.3466462929546521,0.43797339873076735,-0.028889815366555417,1.5277263482037775,0.2233851689064564,-0.20992696848644016,-0.14295368013990536,-0.15918965136196916,-0.2900652468433534,-0.5515455309859825,-0.3796110552760798,-0.23223551411061963,-0.4875467233672091,-1.1705526037298035,-0.06521266362762294,-0.024953957352366107,0.29433031822030997,-0.28908652588589484,0.634157425287612,0.050904352561784716,0.9037259939816381,1.2113214756903654,-0.39531708093995227,-1.2393133858303549,-0.938301914378058,0.9428328596975577,-0.8272533395063871,-0.1993414618401445,-0.46203582934680704,-1.1968376845083908,1.1886265700747036,-0.40448532698560785,-0.22864631358174511,0.49808211696487487,5,7,3,0,0,0,0,0,0,0,1,1,1,0,0,0,0,0,0,0,0,0,0,0,0,0,0,0,0,0,0,0,0,0,0,0,0,0,0,0
44.469,26.066,True,-0.4989190731216809,0.430791513696289,0.7418586715243909,-0.8580026952869771,-0.32789163750257183,-0.11794123051150016,-0.25507789014696614,-0.2762102776092358,2.142030677117051,1.6175935986471381,0.04353791796358179,0.20492517695321247,0.3923009231200301,-0.20871317489301497,0.2144743703081187,0.5356850596629584,-0.2573912634113993,-0.34767047312627847,-0.4523903176331253,-1.2084718855625265,0.41110556984965413,-0.13321752444169904,-0.7149552231343153,0.2281390813615703,0.7194604566990678,0.3185457322821202,1.1606655530172891,0.0005153729660433893,-1.2690508686038833,0.44328974490296186,-0.20992696848644016,-0.5728214366169448,-0.15918965136196916,-0.4066099284731928,-0.5515455309859825,-0.3796110552760798,-0.23223551411061963,-0.3282945138603831,-0.24237068768035852,-0.6757130959400024,-0.6540079808350175,-2.283701392140152,-0.07915989425846343,-0.048351007221046516,-0.5442681689475076,1.0919017607203545,-0.04574272802473338,0.18637865573119192,-0.8359130700318503,-0.8324088560001952,1.0311412294109046,-1.0257771622112206,-0.02193017189708416,-0.21190070626291932,-0.16921162995835082,0.13615358110642176,-0.17918478165718335,-0.22864631358174511,0.6890831061481437,5,7,3,0,0,0,0,0,0,0,0,0,1,0,0,0,0,0,0,0,0,0,0,0,0,0,0,0,0,0,0,0,1,1,1,0,0,0,0,0
44.431,26.089,True,-3.2034332362713087,-0.0621922655703286,1.0376920699663432,-0.7452959253889424,-0.2607225763684911,0.0018285880239403216,-0.2492977783535742,-0.21055392526189612,0.1082607190200832,1.8864599847088273,-0.021601153411503808,0.023509038959387163,1.9211461892819701,0.1060613087425433,0.30388231341225475,0.9159910538762748,-0.414472185730834,-0.3936120049054901,-0.3741255888059754,-1.2084718855625265,-1.1998396121339083,-0.9819421003211934,-0.7149552231343153,-1.0535879090813047,0.7440428900212857,0.10437424635876776,-0.939414232248345,-0.11422436390311684,-2.238931157450171,-1.1189843764055782,-0.20992696848644016,-0.14295368013990536,-0.15918965136196916,-0.4940184396955724,-1.0452770650132663,-0.3796110552760798,-0.23223551411061963,-0.4875467233672091,-1.1705526037298035,-0.6168696807773635,-0.6024895877905141,1.583346173400541,0.054205259951904755,-0.9224407541181003,-0.338066068286987,0.2242023918696067,-0.3888308702771975,0.9362755692711007,0.6415495430703106,0.8337389429780253,-0.25499408830348097,-0.1348997335509427,0.7899476043807478,-0.1035954108760529,-0.8716234080750951,1.078164955370967,-0.43892495337910015,-0.17827361859689253,0.4852258803342797,3,7,0,0,0,0,0,0,0,0,1,1,1,0,0,0,0,0,0,0,0,0,0,0,0,0,0,0,0,0,0,0,0,0,0,0,0,0,0,0
44.456,26.082,True,-0.6920986562037972,0.2548276502875398,1.0915357426928793,-0.9689989071258513,-0.4362288328801214,1.4851317252705207,-0.24062761066348634,-0.14489757291455643,-0.02380226527192769,-0.1492426526153911,0.2259273178138214,0.3460266176150766,-0.40205993318865413,-0.14390666355628237,0.2144743703081187,0.5439525812762919,-0.5136729971903091,-0.6064312981362088,-0.6345078364368416,-1.2084718855625265,-1.1998396121339083,0.7943782821881294,-0.7149552231343153,-1.0535879090813047,0.6588411297072984,0.18342073585217433,-0.6771264208366329,-0.891314561976543,-1.2998802338082804,-0.5701888525672234,-0.20992696848644016,-0.14295368013990536,-0.15918965136196916,-0.3483375876582731,-0.057813996958698426,-0.3796110552760798,-0.23223551411061963,-0.4875467233672091,-1.1705526037298035,-1.4774546275309586,-1.5823020162537331,-0.994685536959921,1.624024262636447,0.38270695015284306,0.025802147589871396,1.2382606904060227,-0.13164913231196917,1.4268623351383307,2.8706408085217285,-0.3510156880647927,0.3859396077306738,-0.357860826555776,1.1966440863610164,-0.47242232091214115,-0.8224305167607082,1.0003988540578042,-0.25896653691319477,-0.22864631358174511,1.0113997931519405,5,7,0,0,0,0,0,0,0,0,1,1,1,0,0,0,0,0,0,0,0,0,0,0,0,0,0,0,0,0,0,0,0,0,0,0,0,0,0,0
44.484,26.084,True,-3.2034332362713087,0.07640994982720666,0.9828512921893152,-0.7945219850914567,-0.27310397012592535,0.1768767843449641,-0.23773755476679043,-0.21055392526189612,0.055435525303278846,1.0713253856964042,-0.16490711043669212,0.22508252561919306,0.7994607590169435,-0.167051846176544,0.2144743703081187,0.8167807945162798,-0.345895998313543,-0.49179780946456875,-0.4919241788399749,-1.2084718855625265,-1.1998396121339083,1.269537536485018,-0.7149552231343153,-1.0535879090813047,0.730286335808134,0.30459680687344715,-0.5758343380402623,-0.2544409699792794,-0.8925001017043674,0.3258208427240047,-0.20992696848644016,-0.14295368013990536,-0.15918965136196916,0.6131560357879025,0.9296490710958696,-0.5554179105937436,-0.7893398091962072,-0.4875467233672091,-1.1705526037298035,-0.2417429091155399,-0.48958245537055106,0.29433031822030997,0.10823049603249371,0.6221835931383373,-0.36036228660040853,1.300985945985595,-0.08894547208457369,0.2074038028397875,0.004006671762944314,0.35800643997871917,-0.1940142403819633,0.07022830949106469,1.0235589242455028,-0.3341888469968563,-0.6225627350060002,1.0106332050440432,-0.5328162612119245,-1.2865759800252738,0.619294559372754,3,7,0,0,0,0,0,0,0,0,1,1,1,0,0,0,0,0,0,0,0,0,0,0,0,0,0,0,0,0,0,0,0,0,0,0,0,0,0,0
44.398,26.158,True,-0.11255990695744836,-0.485122954815919,1.0652275094376056,-0.508478665198468,-0.3464637281387232,-0.2561371749754667,-0.25218783425027025,-0.2565133719050339,0.29314889702889846,0.5293248931593486,-0.13885148188665794,0.3057119202831154,0.30847389808243025,0.2565049957742439,1.7120574173023972,1.2218893535695945,-0.6654467219912105,-0.670368936322447,-0.854002400905967,-1.2084718855625265,-1.1998396121339083,0.7943782821881294,-0.7149552231343153,-1.0535879090813047,0.8734988340195582,0.08248854822091661,0.4388094285326754,-1.0571329427387512,1.7508988405100399,1.3697853311698875,-0.20992696848644016,-0.14295368013990536,-0.15918965136196916,-0.3483375876582731,-0.057813996958698426,-0.20380419995841595,-0.23223551411061963,-0.4875467233672091,-1.1705526037298035,-0.03579095604630345,-0.45936956599164835,0.29433031822030997,0.14959839108848755,0.29889012510792007,-1.0115787038022808,-0.2566912342404463,-0.4120574640178995,1.6511305709633501,1.819109059742046,2.0941942823724586,-0.6527169715108007,-0.32405511779846025,1.8430660376217125,-0.21190070626291932,-0.16921162995835082,0.13615358110642176,-0.14269285114684613,-0.2732709343920575,0.8185621987357296,5,7,0,0,0,0,0,0,0,0,1,1,1,0,0,0,0,0,0,0,0,0,0,0,0,0,0,0,0,0,0,0,1,1,1,0,0,0,0,0
44.393,26.133,False,0.27379925920678416,-0.5283421493373661,1.5941533885290506,-0.8102021006337634,-0.2885807123227181,0.011041650988203793,-0.20594693990313492,-0.23025083096609808,0.4780370750377137,1.8352473397446958,-0.151879296161675,0.16461047962125128,1.3662911187949998,0.06208546176404623,1.197961744453615,0.9821312267829385,-0.44504008681970464,-0.47432410538944264,-0.5290159130269149,-1.2084718855625265,0.2643996104711634,-0.9819421003211934,-0.7149552231343153,-1.0535879090813047,0.9247982101624977,0.19392899371539818,0.40572446290336855,0.5225934151320405,-0.6729289701267588,1.198985122607787,-0.20992696848644016,-0.5728214366169448,-0.15918965136196916,-0.31920141725081325,-0.3046797639723404,-0.5554179105937436,-0.7893398091962072,-0.4875467233672091,-1.1705526037298035,0.5526431955800865,1.3973388749229896,1.583346173400541,-1.2173944395677863,0.2749424608093707,0.6339428777100313,1.84460482767522,-0.12761807058837624,0.676965421598422,-0.101958558220835,0.7599503174414165,-0.28159627002456356,-0.048977544999951425,1.2467570833866901,-0.21190070626291932,-0.16921162995835082,0.13615358110642176,-0.25588823364391133,-0.17827361859689253,1.0270128642634158,5,7,0,0,0,0,0,0,0,0,0,0,1,1,1,0,0,0,0,0,0,0,0,0,0,0,0,0,0,0,0,0,1,1,1,0,0,0,0,0
44.397,26.022,True,-0.6920986562037972,-0.3224573051060763,1.612484781380393,-0.9530336985736845,-0.32170094062385474,0.3334988547374615,-0.30131878449410143,-0.15146320814929037,-0.05021486213032987,0.14949777634204126,0.08262136078863312,0.3661839662810572,-0.09469417471745478,-0.3012939053740615,0.4826981996205268,1.1392141374362652,-0.5491871848690124,-0.5021497897391316,-0.6826276341710753,-1.2084718855625265,-1.1998396121339083,1.3489215204803668,0.20617527019286536,-1.0535879090813047,0.7159691037121035,-0.1103122668456745,0.4463526360762799,-0.4043016437258066,-0.5857145254719435,0.7650861470364666,-0.20992696848644016,-0.14295368013990536,-0.15918965136196916,-0.20265673562097375,0.43591753706858555,0.32361636599457555,0.32486878097496785,-0.4875467233672091,-1.1705526037298035,-1.117038709659795,-1.4071635539178629,0.29433031822030997,0.7855525986657061,-0.2519061537587166,-0.25676829266798074,0.8932717847183761,-0.06231487066617094,-0.45839252226573896,2.6392051033655703,-0.46230790593493476,-0.13512946757828026,0.4933494829939922,-0.3020162862046743,-0.8087153454123045,-0.6152828243075311,0.8917534624995685,-0.4784954929706887,-0.3065200133391933,1.2965279389875437,7,7,8,0,0,0,0,0,0,0,1,1,1,0,0,0,0,0,0,0,0,0,0,0,0,0,0,0,0,0,0,0,0,0,0,0,0,0,0,0
44.457,26.111,True,-0.30573949003956463,0.3137197395255557,0.8421827796815269,-0.8498300290043204,-0.2916760607620767,0.44405561030863544,-0.21461710759322278,-0.7620672849795495,0.16108591273688758,0.546395774814059,-0.20399055326174353,0.08398108495732894,0.9471559936070004,0.32594054363502883,0.6838660716048329,0.725838056769617,-0.3908544307738682,-0.44083821079503294,-0.4229646737160381,-1.2084718855625265,-1.1998396121339083,-0.13321752444169904,-0.7149552231343153,0.6907964435491247,0.056618096031683954,0.152504764174453,0.28647895159937203,-0.07641507752799981,-1.0035282934387586,1.3088069693331668,-0.20992696848644016,-0.14295368013990536,-0.15918965136196916,-0.4066099284731928,-0.5515455309859825,-0.20380419995841595,-0.23223551411061963,-0.08941619960014412,0.22172027034436392,-0.6683576690446725,-0.5799803833528455,-0.994685536959921,-0.4650544376912417,1.1610060398556992,-0.007869692312030467,-1.1766616494075042,-0.4237667385483361,0.14432836151400077,0.9314213705465996,-0.6468241225339603,0.27718471828577707,-0.010244829234092992,0.5728222941099173,-0.21190070626291932,-0.16921162995835082,0.13615358110642176,-0.7481121680091938,-0.2732709343920575,0.025597117791567734,5,7,0,0,0,0,0,0,0,0,1,1,1,0,0,0,0,0,0,0,0,0,0,0,0,0,0,0,0,0,0,0,1,1,1,0,0,0,0,0
44.464,26.134,True,-0.4989190731216809,-0.3800037417674172,1.005324506019621,-0.5344696445973823,-0.312414895305779,0.03868083988099728,-0.29553867270070955,-0.28934154807870377,1.085526802780964,1.4170107392042905,-0.08674022478658941,0.18476782828723187,2.519982505572001,0.5296181506933312,1.309721673333785,1.056538921302936,-0.44457778323766883,-0.5510445577155829,-0.6793200511177734,-1.2084718855625265,-1.1998396121339083,0.10897884473202338,1.3073476911524553,-1.0535879090813047,0.6847993542945718,0.21042146459870248,1.2268636829241513,1.3455274356799092,-0.6802726955255667,1.3882565845972115,-0.20992696848644016,-0.14295368013990536,-0.15918965136196916,0.7879730582326617,0.43591753706858555,-0.027997344640752115,0.8819730760605554,-0.4875467233672091,-1.1705526037298035,4.281844631512332,3.7369720655912437,-0.994685536959921,0.10884792730198616,1.8554883045136326,0.35326837438359265,0.5900997160837774,-0.31579826946276957,-0.36027516909229296,1.698176539572729,0.11823575399531981,0.23643937731840206,-0.42613089884472194,0.7611748911439199,-0.45949578296848054,-0.6687687545909362,1.0120466001064452,-0.1922038087563225,-0.17827361859689253,-0.3017414217049735,5,7,0,0,0,0,0,0,0,0,1,1,1,0,0,0,0,0,0,0,0,0,0,0,0,0,0,0,0,0,0,0,0,0,0,0,0,0,0,0
44.483,26.156,True,-3.3193409861205785,0.17068478622838507,0.9700423273099253,-0.8575275402705436,-0.2650560641835931,0.06632002877379076,-0.28397844911392567,-0.3090384537829056,-0.031726044329448366,0.4781122481952169,-0.1258236676116408,-0.0571203557045352,-0.4379858010619111,0.1639242652931974,-0.17668538077247645,-0.5638953149103253,-0.2705432681548856,-0.3609497012155302,-0.42450064053931363,-1.2084718855625265,-1.1998396121339083,0.820223231355501,1.198941395902077,-1.0535879090813047,0.48067486012272737,0.44984529596562406,0.3077916105764679,1.1877754760412156,1.312790876308806,-1.7175573323388216,-0.20992696848644016,-0.14295368013990536,-0.15918965136196916,0.0012964572312453076,-0.057813996958698426,0.14780951067691173,0.8819730760605554,-0.4875467233672091,-1.1705526037298035,1.5860806743739335,1.5471394360068318,-0.3501776093698055,-0.06356975470377918,-0.6470426146847821,-0.5857133502682044,-0.22010150181902924,-0.2691403296398496,0.39312593563238174,1.6382277655849111,-0.02807929746907432,-0.5751647914886245,0.8828388685062458,0.5338137204703227,-1.2546083909096695,-0.33701154490935287,1.556503022776249,-0.3400953938879816,-0.22864631358174511,0.7349982369716977,3,7,0,0,0,0,0,0,0,0,1,1,1,0,0,0,0,0,0,0,0,0,0,0,0,0,0,0,0,0,0,0,0,0,0,0,0,0,0,0
44.169,26.129,True,0.4669788422889004,-1.174017918039646,-0.6873763677723008,0.9908254736559122,-0.27310397012592535,-0.4403984342607563,0.028147587729237245,-0.5519669574680625,-0.5652605008691723,-0.9003614454226501,-0.6339084243373084,-0.46026732902414697,-0.3501670129272828,-0.5929232063893581,-1.0394720317273893,1.1144115725962662,-0.5491523320577945,-0.5972930006631826,-0.7112860124267231,-1.2084718855625265,-0.753768074604909,1.0643738220328702,0.5609758562232795,0.6907964435491247,0.002436629363110508,0.16211196114975357,0.8291724773525752,0.3812904263394777,0.9423219350255556,0.24910872404043266,-0.20992696848644016,-1.0026891930939843,-0.15918965136196916,2.215645408198195,0.9296490710958696,-0.20380419995841595,0.32486878097496785,-0.08941619960014412,0.22172027034436392,0.17751642391826286,1.5770514001927176,-0.994685536959921,4.70654987557748,1.1610060398556992,0.16056534467473538,0.5900997160837774,0.15282865218158834,-1.2783732595009663,-0.24804886402116183,-0.26377679715467145,0.9320179645283393,-1.2315978026287742,-0.062071798880904056,-0.6624454567226757,-1.124906894378774,0.7581900768426794,-0.6872496230557709,-0.22543392262366696,0.6936754949720749,7,7,7,0,0,0,0,0,0,0,0,0,1,0,0,0,0,0,0,0,0,0,0,0,0,0,0,0,0,0,0,0,0,0,0,0,0,0,0,0
44.68,25.313,True,-0.30573949003956463,-1.2509575830118924,-0.09701347749288511,0.6712362096027155,-0.2607225763684911,1.853654243841102,-0.1481458219692158,-0.440351158477585,-0.18227784642234077,-0.7552589513576113,0.19987168926378726,0.04366638762536775,-0.36214230221836846,-0.47951181155007605,-0.5164355645681935,1.329367134542923,-0.8211141231106762,-0.8537875478247207,-0.8017165841205698,-1.2084718855625265,-0.753768074604909,-0.9819421003211934,-0.7149552231343153,-1.0535879090813047,1.267318990014274,0.7514522259692717,0.5905546748961978,0.2284433715240083,0.008699777075614043,0.07382195812314842,-0.20992696848644016,-1.0026891930939843,-0.15918965136196916,-0.31920141725081325,-0.3046797639723404,-0.5554179105937436,-0.7893398091962072,-0.4875467233672091,-1.1705526037298035,0.04695759652615762,-0.42759186560905743,0.29433031822030997,1.9058816371597482,-0.1291743742286508,-0.19427821140859527,0.15102292702677253,-0.4347081917980883,-1.888102525650238,-2.0901401422816317,0.4779936857369127,-0.4389568648111991,0.3629302273324293,-0.33879337886552746,-0.21190070626291932,-0.16921162995835082,0.13615358110642176,-0.7745993070823919,-0.1735877950721751,-0.33663902291065667,7,7,7,0,0,0,1,1,1,1,0,0,1,1,1,0,0,1,1,0,0,1,1,0,0,0,0,0,0,0,0,0,1,1,1,0,0,0,0,0
44.67,26.036,False,0.27379925920678416,-0.4461781861262632,0.0945073925899655,0.06949989679128554,-0.2607225763684911,0.2505812880590811,0.022367475935845395,-0.453482428947053,-0.0739861993028918,0.47384452778153935,-0.16490711043669212,-0.11759240170247696,1.6057969046167135,-0.30823746016014003,0.4826981996205268,0.7175705351562842,0.2500972508226206,0.1647271320013068,0.20423863769196188,-1.2084718855625265,0.9236489413863131,-0.9819421003211934,-0.7149552231343153,0.2281390813615703,1.125492777467876,0.3881618939809305,0.2906976467652859,0.17951873298370663,0.371055655157502,-0.9853486741959162,0.6410744449032111,1.146649589291213,-0.15918965136196916,-0.31920141725081325,-0.3046797639723404,-0.5554179105937436,-0.7893398091962072,-0.4079206186137961,-0.24237068768035852,-0.3447188856501581,-0.5088416677236364,-0.994685536959921,-0.5150663705201298,0.38270695015284306,0.373137793424805,1.1964438533529747,-0.1897604062384309,0.18637865573119192,-0.9999959693530893,-0.1187349678941521,-0.019873039919685625,0.10619680713678081,-0.3170442613957756,-0.6852673064764939,-0.9113626901191275,1.1162322092238413,-0.5253767734678496,-0.2633596893568201,0.7120422478947573,5,7,7,0,0,0,1,0,0,0,0,0,1,1,1,0,0,0,0,0,0,0,0,0,0,0,0,0,0,0,0,0,0,0,0,0,0,0,0,0
44.255,26.589,True,-0.30573949003956463,-0.3850697279384293,1.0071653153436053,-0.5325690245316482,-0.41982348615152104,0.9968393881645045,-0.18282649272956725,-0.39439171183444727,0.08184812216168103,5.221124416623686,0.004454475138530455,-0.016805658372574018,7.304453868987079,-0.2712051679677214,0.7509220289329349,1.3459021777695894,-0.1765596887655717,-0.2660569900512418,-0.4540770084524671,-1.2084718855625265,-0.753768074604909,1.7335782833550932,1.226920133680045,0.2281390813615703,1.072690853870263,0.34775986310803286,0.809587059546402,0.5825520949905281,0.14702815759601362,1.7688653780575494,-0.20992696848644016,-1.0026891930939843,-0.15918965136196916,0.32179433171330385,1.4233806051231535,0.32361636599457555,0.8819730760605554,-0.3282945138603831,-0.24237068768035852,0.6997517334866838,-0.05974090966512659,0.29433031822030997,0.395644751981227,2.166807940394775,0.7762139850432924,2.0118721758874125,0.11086721919218774,-0.47941766937433455,-0.6889470185291782,0.36020443541229874,-0.40756401694524824,0.3892708079576944,0.2926510756483426,-0.5322117423761246,-0.8104649628195043,1.2637826810994528,-0.6717293598708509,-1.2865759800252738,1.0113997931519405,7,7,1,0,0,0,0,0,0,0,0,0,1,0,0,0,0,0,0,0,0,0,0,0,0,0,0,0,0,0,0,0,0,0,0,0,0,0,0,0
44.355,25.876,True,-1.6579965716143785,-0.8985549199908616,1.1011232912552968,-0.2825424548843215,-0.3093195468664205,1.098183080771412,-0.09901487172538466,-0.33530099472184155,-0.15058273019225818,-0.3156837487488179,-0.1258236676116408,0.003351690293406572,-0.3302081974421399,-0.3198100514702708,-0.009045487452221387,1.0730739645296015,-0.44634807102298485,-0.5384551174622544,-0.6738970851864471,-1.2084718855625265,-0.394367021143124,0.9751264438228743,-0.7149552231343153,0.2281390813615703,0.08734969532372679,0.4579714722820978,-0.015396439468518071,0.9014605140358533,1.0393183390232401,-1.8168812378236021,-0.6354276751812659,-0.5728214366169448,-0.15918965136196916,-0.0861120539911343,0.6827833040822275,-0.5554179105937436,-0.7893398091962072,-0.4079206186137961,-0.24237068768035852,0.7585951486493229,0.9878398722655116,0.29433031822030997,0.7321447938546096,0.16717797146589827,2.769526237254077,-1.093027975301408,-0.3687779378299908,1.1955857169437794,0.23392972525141512,-0.3470450793862426,0.7084241293754213,-0.8441965883856843,-0.0355597690285965,-0.7215339669072088,-0.7870265348099956,0.8107717300647217,-0.2780143411483019,-0.2732709343920575,0.5017556777273895,7,7,7,0,0,0,0,0,0,0,0,0,1,0,0,0,0,0,0,0,0,0,0,0,0,0,0,0,0,0,0,0,0,0,0,0,0,0,0,0
44.604,25.873,True,0.27379925920678416,-0.5444899802574673,0.7232204771190501,-0.26097041713823893,-0.22884048744309796,0.14002453248790467,0.03392769952262914,-0.4140886175386492,0.03430544781655709,0.4653090869541843,-0.20399055326174353,0.023509038959387163,4.73134740959008,0.2472469227261393,0.885033943589139,0.9325260971029411,0.36914994824186753,0.2849314624060556,0.6203260423286696,-1.2084718855625265,1.0811983537360337,-0.9819421003211934,1.836906935580875,-1.0535879090813047,0.26109566189801603,0.049404102885246284,-0.014888800499169878,0.7565213590706138,2.60977363428315,0.7668456171511205,0.6410744449032111,-0.14295368013990536,-0.15918965136196916,-0.31920141725081325,-0.3046797639723404,0.14780951067691173,1.4390773711461429,-0.4875467233672091,-1.1705526037298035,0.692396306591354,0.6964239153478884,0.29433031822030997,-0.269946156531629,0.5742882645412384,-0.1389168530113242,0.1301145085002485,-0.20363237737612844,-1.1171804650017336,-0.2975683028265042,-0.6487546513243584,0.06005727284377691,0.31673967688602456,-0.4106650884371376,-0.21190070626291932,-0.16921162995835082,0.13615358110642176,-0.6195246575417755,-0.1294654188644318,1.003596235117561,5,7,7,0,0,0,0,0,0,0,0,0,1,1,1,0,0,0,0,0,0,0,0,0,0,0,0,0,0,0,0,0,1,1,1,0,0,0,0,0
59.792,17.679,True,-0.8852782392859134,-1.816527445385043,-1.758880795108073,2.0402528429510194,-0.2607225763684911,0.6191038066296598,-0.22906738707670254,-0.7620672849795495,-0.7369423804487866,-1.0539993803150438,-0.6339084243373084,-0.6618408156839529,-0.7453515595331105,-0.37304397149687263,-1.1869951378492138,-1.4485201275369528,-0.46917998774720354,-0.5615078942676962,-0.7210881208950067,-1.2084718855625265,0.47745843804385635,0.2713078649416755,0.5531756885642957,0.014353557288550745,0.5206798573420877,0.3671019229495108,-0.3316167110666972,0.6487753485378553,0.9482994529190799,-0.9596256762971647,0.6410744449032111,0.2869140763371341,-0.15918965136196916,-0.3483375876582731,-0.7984112979996244,-0.3796110552760798,-0.23223551411061963,-0.4875467233672091,-1.1705526037298035,1.096944785834497,2.1996054395062026,-0.994685536959921,-1.5224054866970542,-1.5690276901789348,-0.04776020534896826,-0.36646043150469754,-0.32810900399640885,0.49474747999059365,0.07561878624108818,-2.004553469591236,2.1866112402000804,-2.028617767501346,-1.4205990040121101,4.6224514083474695,-1.2718937554771603,-2.402834061535042,-2.301616017024288,-0.26803210397473576,-1.7154358097497373,2,2,2,0,0,0,1,0,0,0,0,0,1,0,0,0,0,0,0,0,0,0,0,0,0,0,0,0,0,0,0,0,0,0,0,0,0,0,0,0
59.773,17.578,True,0.4669788422889004,1.7299003424252108,-0.6774053172673865,-0.7586002658490814,-0.27929466700464245,0.24136822509481512,0.02525753183254137,-0.446916793712319,-0.3169820904001919,-0.39677043660869243,-0.1909627389867264,-0.11759240170247696,-0.6495492452044249,-0.1763099192246487,0.14741841298001668,-0.8863286578303115,-0.15050663460470903,-0.2397519167661164,-0.25803516215131156,-1.2084718855625265,0.9799569996688166,1.5993879939718971,2.4953230209511807,1.13425743927237,0.1301975801143247,0.33865278392706416,-1.1193170456062282,1.1435819056515266,-1.8513334438020246,-1.538723187464207,1.4920758582928624,1.146649589291213,-0.15918965136196916,-0.02783971317621456,0.6827833040822275,0.4994232213122394,1.4390773711461429,0.7864709526873989,1.6139931444185314,1.269797317874749,1.1711033148128398,-0.994685536959921,-1.318190094312428,-1.5031716133579238,-1.2671510021568062,-0.15737624623945712,-0.2915607110358331,0.014673287677661411,0.6622091803210927,-0.722262313162621,1.1542428776740483,-1.2791578388538003,-0.3608370234564219,2.2908985645680193,-0.9264789758367956,-1.7234805845373935,-2.0629755713893636,0.665312462361181,-1.0478557295259077,7,2,2,0,0,0,0,0,0,0,0,0,1,0,0,0,0,0,0,0,0,0,0,0,0,0,0,0,0,0,1,0,0,0,0,0,0,0,0,0
59.808,17.601,False,0.4669788422889004,1.2890012334793128,-0.7261100639644672,-0.4637190626504288,-0.2597939718366835,0.7204474992365673,-0.009423138927810154,-0.5519669574680625,-0.31434083071435165,-0.4095735978497252,-0.11279585333662366,-0.016805658372574018,-0.5697139832638537,-0.12770503572209924,0.3262342991882888,-0.4068124042569994,0.06450425452937332,-0.022661161845399107,0.17863464681827165,-1.2084718855625265,1.361039510146848,-0.05770336983235298,-0.1291141257771019,-1.0535879090813047,-1.1068401965352401,0.2311865697181917,0.46945076848003053,0.17447125042698078,-1.9531786969734939,-2.3417750803789046,2.0594101338859634,1.146649589291213,-0.15918965136196916,-0.4357460988806527,-0.5515455309859825,-0.027997344640752115,0.32486878097496785,-0.4875467233672091,-1.1705526037298035,0.06718502048831478,0.9345159280629064,0.29433031822030997,1.3174696373334478,-0.8745454255210016,-0.062169326027710047,-2.3893499239458986,-0.4690681941087137,1.7282227770282006,2.9543939429642045,-1.26024514666457,1.3750375458928044,-1.275004498739448,-0.9125009225592764,2.4790111673139674,-1.0557296757199166,-1.8221231113863101,-2.0768925388793664,-0.26803210397473576,-1.4890820088896413,2,2,2,0,0,0,0,0,0,0,0,0,1,0,0,0,0,0,0,0,0,0,0,0,0,0,0,0,0,0,0,0,0,0,0,0,0,0,0,0
59.991,17.747,True,0.4669788422889004,-0.5676826981966322,-0.13221895581408163,0.2828920146715866,-0.22574513900373938,0.49012092512995586,-0.009423138927810154,-0.7620672849795495,-0.5414891636966105,-0.8704874025269067,-0.008573339136486734,-0.6618408156839529,-0.677491586883625,0.0343112426197322,-0.49855397594736617,-1.0268765252569718,0.015929888278816348,-0.07170540272825437,-0.32030084041296203,-1.2084718855625265,-0.17571957449908693,1.9851333555213888,1.5007230987454871,-0.004606224332609444,0.9581862115186183,0.3884443904316152,-0.7460465215760672,0.81883210433781,0.23770882529451362,-0.7527124492594571,-0.20992696848644016,-0.14295368013990536,-0.15918965136196916,0.4383390133431433,1.6702463721367955,0.4994232213122394,1.4390773711461429,-0.4875467233672091,-1.1705526037298035,0.5416100552370916,1.0116731475524547,-0.994685536959921,-0.23598743670954453,-1.1798781453275067,0.49531196928508403,-0.1887388740292432,-0.41514154616198173,0.6068815979031034,1.2165164032828233,-0.6888816212800801,1.1447318423898718,-1.2857006258879182,-1.5619152860578698,2.9818562026201696,-0.6038369722220511,-1.7754873685158465,-2.3015518729640125,1.7648912984606497,-2.1373861412867066,2,2,2,0,0,0,0,0,0,0,0,0,1,0,0,0,0,0,0,0,0,0,0,0,0,0,0,0,0,0,0,0,0,0,0,0,0,0,0,0
60.009,17.881,True,0.4669788422889004,-0.8009555301649561,1.2045921153409054,-0.40522748012746057,-0.22791188291129036,0.03868083988099728,-0.22906738707670254,-0.7620672849795495,-0.7369423804487866,-0.8320779188038083,-0.0997680390616066,-0.4401099803581664,-0.6375739559133393,-0.4239633732614482,-1.1065279890554913,-1.3575773897902907,-0.3395496477734962,-0.4306236005518924,-0.6555376861587154,-1.2084718855625265,0.15818323592602448,1.1984074432386445,1.6338031560674033,-0.1527651465176862,1.467906038065848,-0.2799490402296312,0.8509207435760298,0.6715611800015185,-2.6516583905798425,-3.7556448876648223,0.6410744449032111,-0.5728214366169448,-0.15918965136196916,0.17611347967600452,0.9296490710958696,-0.027997344640752115,0.32486878097496785,-0.4875467233672091,-1.1705526037298035,0.048796453249990095,0.1518696860643991,-0.994685536959921,-0.6654108846415402,-2.1916669619412197,-0.49834857646867525,0.5796455068205154,-0.32149934247185097,-0.8718870820681186,0.604051704360799,-1.9976376347625482,2.0768499444229236,-1.8682426234072933,-1.9563544753896265,3.648350475189002,-1.2012498087273,-2.053618479912205,-2.262173994912226,1.7448698850475115,-2.2870678914366565,2,2,2,0,0,0,0,0,0,0,0,0,1,0,0,0,0,0,0,0,0,0,0,0,0,0,0,0,0,0,0,0,0,0,0,0,0,0,0,0
60.126,17.961,True,0.4669788422889004,2.062909777135336,0.18509055140768577,-1.4928097972421814,-0.22574513900373938,-0.24692411201120226,0.1177393205268118,-0.3878260765997133,-0.390937361603718,-0.8406133596311636,-0.04765678196153807,-0.6618408156839529,-0.7214009809509392,-0.27583420449177365,0.12506642720398267,-1.0930166981636356,0.7842952629519371,0.7040926041285367,0.061597831052643194,-1.2084718855625265,0.10396675613291828,1.1574206799044047,0.9092786248658077,0.020963455719489852,0.5344783984566044,0.39507743539487833,0.6925988276973947,1.3007710684171057,-2.122945539834082,-1.4839722612241264,0.0737401693101102,0.2869140763371341,-0.15918965136196916,-0.20265673562097375,0.18905177005494359,-0.20380419995841595,-0.23223551411061963,-0.4875467233672091,-1.1705526037298035,2.7703044045220433,1.4332091579306112,-1.6391934645500366,-0.9457246809911104,-1.0481659916854849,0.02656052236243675,0.16670424092166555,-0.30261733747768793,0.5367977742077849,1.0596385026945159,-1.9536454737528859,1.6980137726562297,-1.3272615177332647,-1.9847757168140427,3.2861536949955004,-0.9360350172746023,-1.7738194084842638,-2.3173287123900344,1.7448698850475115,-1.8146102154005168,2,2,2,0,0,0,0,0,0,0,0,0,1,0,0,0,0,0,0,0,0,0,0,0,0,0,0,0,0,0,0,0,0,0,0,0,0,0,0,0
59.999,17.748,True,0.4669788422889004,-0.7004273670839343,-0.35534038595866,0.5007981052080063,-0.2390551372929812,0.6052842121832628,-0.049883921481553524,-0.7620672849795495,-0.5811080589842137,-0.8235424779764532,-0.08674022478658941,-0.6618408156839529,-0.7373680333390534,-0.09761629831575919,-0.5276115574562105,-1.729615862390274,-0.0938471699363638,-0.1825443678471207,-0.5216876140598519,-1.2084718855625265,0.900538798250676,1.7505945746275786,0.8110675407387602,0.9839035670990897,1.5515009730288671,0.2845578382544578,-0.48690034308381813,-1.1445031241311312,0.4886236318654996,-2.157479182692735,0.6410744449032111,0.2869140763371341,-0.15918965136196916,0.32179433171330385,0.9296490710958696,-0.027997344640752115,-0.23223551411061963,0.46796653367374685,1.1499021863938088,0.43495636525480846,-0.4108002398387111,-0.994685536959921,0.19760367229152517,-1.269681886447067,1.065496042038348,1.0030409819826274,-0.3730137518950995,-0.5459973018848872,-0.24072444541972854,-1.8500832162076508,1.6198958513073922,-1.2746241171917605,-1.9673103836834582,4.051278519856539,-0.5595061525615169,-2.1256058165541023,-2.3089272166478123,1.7648912984606497,-2.1970742350224906,2,2,2,0,0,0,0,0,0,0,0,0,1,0,0,0,0,0,0,0,0,0,0,0,0,0,0,0,0,0,0,0,0,0,0,0,0,0,0,0
60.024,17.895,False,0.4669788422889004,-2.072992995292532,-2.425637272332831,2.6072553240611587,-0.2607225763684911,1.9181456845909524,-0.09323475993199272,-0.7620672849795495,-0.5018702684090072,-1.062534821142399,-0.20399055326174353,-0.6618408156839529,-0.7333762702420248,-0.5813506150792274,-1.350164634014262,-1.1012842197769683,-0.5715691328158375,-0.6648874807070378,-0.6798074056055295,-1.2084718855625265,0.4394683804344406,-0.5575798123814463,-0.7149552231343153,-0.41272441345115646,0.827323431736414,0.2150259192522862,-1.0300757995745085,0.5586572736289034,0.30042354193199833,-0.546459160276204,0.35740730710666074,0.7167818328141736,-0.15918965136196916,-0.46488226928811255,-0.7984112979996244,-0.5554179105937436,-0.7893398091962072,-0.4875467233672091,-1.1705526037298035,0.28417011390054603,-0.7159383855579077,-0.3501776093698055,-0.09536746508264012,-0.2219715733855298,0.9039242967432985,0.814865215243911,-0.23028857283722068,-0.16754465393016688,0.6852572149419072,0.9268852699828384,-0.1356753911320976,-0.3720045121268715,0.6744883839433952,1.7263427375420235,-0.04439190684029572,-0.49738729304473484,-2.0879876264352033,1.7448698850475115,-1.1819230073778606,4,2,2,0,0,0,1,0,0,0,0,0,1,0,0,0,0,0,0,0,0,0,0,0,0,0,0,0,0,0,0,0,0,0,0,0,0,0,0,0
60.126,17.954,True,0.4669788422889004,-0.44902780334745734,-0.9298262958187127,0.7058274947990769,-0.22884048744309796,0.5453993029155428,-0.08745464813860088,-0.5454013222333286,-0.44112129563468216,-1.1009443048654977,0.05656573223859886,-0.37963793436022464,-0.7892609536004247,-0.4586811471918406,-0.24821173525578535,-1.2831696952702933,-0.3124952016595203,-0.4033074485444363,-0.46575974604564957,-1.2084718855625265,1.4127164849868405,0.3323401322381834,0.4604139818161906,-0.41272441345115646,0.37743789368937086,0.47955139883439135,-0.10511606872522371,-0.06656839637292934,0.9995647270489177,-0.7680620868033078,1.775742996089413,2.006385102245292,-0.15918965136196916,-0.46488226928811255,-0.7984112979996244,-0.5554179105937436,-0.7893398091962072,-0.4079206186137961,-0.24237068768035852,-0.9184421834858882,-0.5545822970622142,-0.3501776093698055,0.3479481864129356,-0.4255267199231999,-0.30378752856703284,0.7573670642959698,-0.17512701233072137,0.676965421598422,0.573082151796043,-1.9536454737528859,1.6980137726562297,-1.3272615177332647,-1.184913478982595,3.2861536949955004,-0.9360350172746023,-1.7738194084842638,-2.2231808283161083,1.7448698850475115,-1.5469310453160703,2,2,2,0,0,0,0,0,0,0,0,0,1,0,0,0,0,0,0,0,0,0,0,0,0,0,0,0,0,0,0,0,0,0,0,0,0,0,0,0
59.747,17.513,False,0.4669788422889004,0.44076517397046894,-0.8009696431398224,0.09183218256366169,-0.2319358358824565,0.8125781288792142,0.12062937642350782,-0.5585325927027965,-0.306417051656831,-0.21325845882055533,-0.6339084243373084,-0.359480585694244,-0.45794461654705393,-0.33832619756648014,0.05801046987588064,-0.8863286578303115,-0.0925173336102084,-0.18120166760933862,-0.008196334762510167,-1.2084718855625265,1.275533305246363,-0.9819421003211934,1.226920133680045,0.2281390813615703,-0.8031126353354311,0.16108500791053185,0.020762636068875732,-1.0985134991091752,0.9674293202751922,-0.4859336221863733,1.2084087204963119,0.7167818328141736,-0.15918965136196916,-0.31920141725081325,-0.3046797639723404,0.32361636599457555,0.8819730760605554,-0.3282945138603831,-0.24237068768035852,-1.3229906627290313,-0.6293321150076269,1.583346173400541,1.5610462731482175,-0.8865192576702763,-1.3052214157395872,-1.6784636940440814,-0.41813604915665076,0.13731997914446892,0.3934746695695922,0.42505778547892353,0.4479740976957132,-0.9348261388479916,0.21330563608343428,0.20660548204802723,-0.4889801913296881,-0.2804923444682534,-2.0437997083926813,1.6490513105483948,-0.3343410770155393,5,2,2,0,0,0,0,0,0,0,0,0,1,1,1,0,0,0,0,0,0,0,0,0,0,0,0,0,0,0,0,0,0,0,0,0,0,0,0,0
59.766,17.587,True,0.4669788422889004,-1.1290572907719132,-1.0935049248763031,1.2153362189207577,-0.23410257979000748,0.5914646177368663,-0.04410380968816158,-0.7620672849795495,-0.5335653846390898,-0.7509912309439337,-0.256101810361812,-0.6618408156839529,-0.6695080606895678,-0.4748827750260238,-0.8405393583206866,-0.8945961794436442,-0.4356176209437153,-0.5276208684726834,-0.43486198322408054,-1.2084718855625265,1.0490975152287059,-0.13321752444169904,-0.7149552231343153,1.6610626574801428,-0.39064832829403806,0.5399160029230052,-0.28604323593385406,0.12690106280702643,2.038278778223901,-2.0779409606811896,1.4920758582928624,1.146649589291213,-0.15918965136196916,-0.4066099284731928,-0.5515455309859825,-0.3796110552760798,-0.23223551411061963,0.06983600990668187,1.6139931444185314,-0.9037313296952285,-1.5649687251359563,0.29433031822030997,-0.23567872107479831,-1.018231411312298,-0.3013607292948237,-0.8630353715096436,-0.3504909943283581,-0.6265936991345036,-1.3542749125745903,1.0635960419429156,-0.0034876679401975464,-0.655581200066853,0.12415611454406324,0.4718562557027993,0.7062845889017129,-0.3125507460815647,-1.7718740000902458,-0.277351957279766,-1.5515225583984258,7,2,2,0,0,0,0,0,0,0,0,0,1,0,0,0,0,0,0,0,0,0,0,0,0,0,0,0,0,0,1,1,0,0,0,0,0,0,0,0
59.779,17.581,True,0.4669788422889004,1.2949379360234667,-1.0559984349001261,-0.2629660682072599,-0.24431722963989075,-0.8273470787598648,0.2998128420186568,-0.28934154807870377,0.13467331587848538,0.23058446420191586,-0.07371241051157233,-0.11759240170247696,-0.5138292999054539,-0.20176962010693644,0.5274021711725948,-0.7127107039503192,0.4708979378224499,0.38766369126512196,0.8729526522998724,-1.2084718855625265,1.1182387914571068,1.6475471297506408,0.8820373313653627,1.1067312710985342,-0.24788167037647504,0.5133020842753433,0.39185306865319197,-2.8652214479307903,0.9913825886921981,-0.38458652690714973,1.2084087204963119,0.2869140763371341,-0.15918965136196916,0.40920284293568343,1.1765148381095116,0.4994232213122394,0.8819730760605554,0.7068448479339859,0.6858112283690864,-1.7569608495534939,-0.45732327467913303,0.29433031822030997,-1.89379039529676,-0.5991472860876832,-0.9578857699046535,-1.2498411142503385,-0.40907575804457524,1.3707952761820759,0.5262695633434042,-0.576133296108581,0.9886930556599104,-1.121877362336509,-0.7071617032608521,2.357065354326338,-1.1738966495083205,-1.619682417708256,-2.000317222107205,1.6490513105483948,-0.6791552148071441,2,2,2,0,0,0,0,0,0,0,0,0,1,0,0,0,0,0,0,0,0,0,0,0,0,0,0,0,0,0,0,0,0,0,0,0,0,0,0,0
59.837,17.597,False,0.4669788422889004,0.9502134082928753,-0.978454342127294,-0.10402671521024191,-0.22791188291129036,0.14002453248790714,0.1177393205268118,-0.5322700517638606,-0.05021486213032987,0.7085691505338079,-0.256101810361812,-0.09743505303649637,-0.2383976462104829,-0.19482606532085794,0.4156422422924248,0.039633762862980766,-0.043294581917554,-0.13150276925461568,0.042840934268466344,-1.2084718855625265,1.1344861721590804,0.8347380642767425,-0.7149552231343153,1.1894343241928014,-0.17616434373386142,0.3387527280616285,0.5297228983967034,-0.00173937019385674,0.4405392759203264,-0.8120839403786098,1.2084087204963119,0.7167818328141736,-0.15918965136196916,-0.056975883583674426,0.18905177005494359,-0.5554179105937436,-0.7893398091962072,-0.1690423043535571,0.6858112283690864,-0.4035623008127971,-0.7617391999350889,0.29433031822030997,-0.5727961942176735,-0.7787547683268039,-0.7048919457768503,-1.5111963458318889,-0.41944134533381416,-0.13600693326727353,-0.4714436313648769,0.9401474763877219,0.1926202249988658,-0.8728525593462098,0.5891543653076639,-0.4363185370907028,-0.04922789913863137,-0.11901772826190396,-1.723260906418641,0.665312462361181,-0.04921468266308775,5,2,2,0,0,0,0,0,0,0,0,0,1,0,0,0,0,0,0,0,0,0,0,0,0,0,0,0,0,0,0,0,0,0,0,0,0,0,0,0
59.838,17.587,False,0.4669788422889004,0.5970191849326245,-0.8270477752295978,0.01419185287842186,-0.22791188291129036,0.05710696580952668,0.18132055025412291,-0.453482428947053,-0.5309241249532495,-0.16204581385642405,-0.6339084243373084,-0.41995263169218583,-0.6136233773311679,-0.25037450360948593,-0.4180868271536437,-1.2087620007502968,0.2172109269643044,0.13152268872068337,0.05760168125662762,-1.2084718855625265,1.3684873277612088,1.6649171667924174,-0.7149552231343153,0.2281390813615703,-0.7197796806765265,0.46792131250913016,-0.37928814812509093,0.4362307104160827,-0.20096141347143176,-0.8523946108920926,1.775742996089413,0.7167818328141736,-0.15918965136196916,0.030432627638705176,1.1765148381095116,-0.3796110552760798,-0.23223551411061963,-0.3282945138603831,-0.24237068768035852,0.1407392894416135,-0.7252670665414335,-0.994685536959921,0.44195209719316036,-0.5512519574905843,-0.8262319093873075,-1.5948300199379852,-0.41192949380445215,0.13031159677493706,-0.03341155370089962,0.7578949408907445,0.25831015925302736,-0.8577786781909462,0.6972028495127559,-0.11768981554454573,-0.26643059708456657,-0.15194193051215416,-1.775401388234449,0.6474523879037368,0.23086218576282147,5,2,2,0,0,0,0,0,0,0,0,0,1,0,0,0,0,0,0,0,0,0,0,0,0,0,0,0,0,0,0,0,0,0,0,0,0,0,0,0
59.845,17.572,True,0.4669788422889004,1.6642008342698975,-1.059526652771096,-0.4823926547962668,-0.27124676106231016,0.969200199271711,0.08594870566315635,-0.446916793712319,-0.02380226527192769,1.0286481815596282,-0.6339084243373084,0.04366638762536775,-0.3262164343451114,-0.00040653131066024884,4.059015923785968,-0.01823888843035023,-0.05812506405530627,-0.14647671116094915,-0.005583965316596105,-1.2084718855625265,1.596098079982454,0.933322261875141,2.9155164685772412,1.8035025091804584,0.06315978315221016,0.2846645809085268,0.4840383885548026,-0.6289579796020447,1.354141578766107,-0.05551909993366143,2.0594101338859634,1.146649589291213,-0.15918965136196916,2.128236896975815,0.9296490710958696,1.3784574979005586,3.6674945514884927,2.060488628742007,3.0062660184926986,-1.2641472475663922,-0.18083320733515096,0.29433031822030997,0.6762672639655434,-0.5392781253413096,-0.7197560913191313,0.17193134555329656,-0.087064309946897,-0.5845434049173124,-1.02618872717778,0.3353010189278181,0.6263602277091631,-1.146515202552878,-0.15811433971579647,0.4142336350017552,-0.45583317336305357,-0.5892999333595131,-1.6697736286960256,-0.26803210397473576,-0.5207549318243321,5,2,2,0,0,0,0,0,0,0,0,0,1,0,0,0,0,0,0,0,0,0,0,0,0,0,0,0,0,0,0,0,0,0,0,0,0,0,0,0
59.828,17.607,True,0.4669788422889004,0.19688543345658863,-1.4588288752986571,0.6457203852202347,-0.23719792822936606,0.0018285880239403216,0.013697308245757527,-0.7620672849795495,-0.3698072841169962,-0.24313250171629847,0.08262136078863312,-0.2788511910303217,-0.529796352293568,-0.3452697523525586,-0.5387875503442274,-0.4646850555503304,-0.3777048983739563,-0.46914793850706266,-0.3799627284040326,-1.2084718855625265,1.6706682866189537,0.8841284984446655,1.7372925654227147,1.3082986714496407,0.05652149226258744,0.2252620253311175,1.161338760030718,-0.21942935450335202,1.5741099518429704,-1.2372031126454623,2.0594101338859634,1.5765173457682524,-0.15918965136196916,0.08870496845362491,0.18905177005494359,0.32361636599457555,1.4390773711461429,0.30871432416692085,1.1499021863938088,-0.8007553531606103,-1.1463215966107627,-0.994685536959921,0.12798829665625197,1.3525873542440947,3.847025114114937,0.9350886217714242,0.04698448863924852,-0.409333845679016,-0.07250165732376636,-0.46623464918419943,0.9816046496258588,-1.17976436485694,0.11398908838349003,0.6415344774360091,-0.575980607125235,-1.1131848489731313,-2.0085904297288764,1.6490513105483948,-0.857309075072207,7,2,2,0,0,0,0,0,0,0,0,0,1,0,0,0,0,0,0,0,0,0,0,0,0,0,0,0,0,0,0,0,0,0,0,0,0,0,0,0
59.838,17.598,False,0.4669788422889004,1.9073681704784797,-0.9844369724302424,-0.6748779519534924,-0.24122188120053223,0.7204474992365703,0.08016859386976441,-0.4928762403554568,-0.10304005584713423,-0.11510088930597036,-0.6339084243373084,-0.11759240170247696,-0.6695080606895678,-0.1716808827005963,0.4379942280684588,-0.2827995800570046,-0.17652803755533225,-0.26602503266921007,-0.14480587522120625,-1.2084718855625265,0.3876931441204385,1.7304157119178587,2.1379326987869027,-1.0535879090813047,-0.3786504414174155,0.23764711673331781,-0.32014257808374486,-0.10850964688075923,-0.2831351024898578,-1.0222371750595567,0.6410744449032111,0.2869140763371341,-0.15918965136196916,0.23438582049092424,1.1765148381095116,0.6752300766299032,1.9961816662317304,-0.4875467233672091,-1.1705526037298035,-1.0214181600205066,-1.506107757381839,0.29433031822030997,0.9294140844574459,-1.1738912292528694,-0.32069928599524034,-0.2357828157139223,-0.2782006207519251,0.6138899802726352,0.022875010986201785,1.091227663178031,-0.1143634329996504,-0.5064503140535576,0.7290076068238953,0.27013500944792274,-0.06264384229750256,-0.41534394076588693,-1.9454831484777821,0.665312462361181,-1.5377492451895658,5,2,2,0,0,0,0,0,0,0,0,0,1,0,0,0,0,0,0,0,0,0,0,0,0,0,0,0,0,0,0,0,0,0,0,0,0,0,0,0
60.005,17.457,True,0.4669788422889004,2.4267900650750667,-0.9379565369996429,-1.0154690677330511,-0.24741257807924927,1.1073961437356785,-0.020983362514593946,-0.4140886175386492,-0.10304005584713423,-0.2516679425436538,-0.08674022478658941,-0.016805658372574018,-0.40205993318865413,-0.19251154705883183,0.5050501853965609,-0.3076021448970037,-0.44324837218631047,-0.5353254342950876,-0.48064274265143453,-1.2084718855625265,0.6481685904745951,1.0103830099450966,0.45672697158011144,1.6610626574801428,-0.40669958704494485,0.42282895151222566,-0.17035861119544413,-0.7478586320599341,0.7541326498462242,-0.534440400829586,0.9247415826997617,0.7167818328141736,-0.15918965136196916,-0.26092907643589347,0.18905177005494359,-0.027997344640752115,0.32486878097496785,0.06983600990668187,1.6139931444185314,-1.2567918206710624,-0.686026421372022,0.29433031822030997,-0.04520117443637894,0.10730881071952472,-0.3454981410581275,0.5796455068205154,1.2135353603830052,1.265669540639098,0.7646316208726569,-0.4565694079807218,1.0044945511809835,-1.2201353020376178,-0.7185293654761679,0.8098185263923585,-0.6267186217017274,-0.8841686914795053,-1.9577967438198758,1.6761605836865676,-1.1888014320114773,7,2,2,0,0,0,0,0,0,0,0,0,1,0,0,0,0,0,0,0,0,0,0,0,0,0,0,0,0,0,0,0,0,0,0,0,0,0,0,0
59.831,17.808,True,0.4669788422889004,2.6269756748639677,-0.835638218741524,-1.1989739350796826,-0.2607225763684911,1.4206402845206703,0.016587364142453452,-0.20398829002716218,0.21391110645369193,0.618947021846578,0.3431776462889755,0.2855545716171348,-0.1745294366580259,-0.25731805839556443,1.019145858245343,-0.084379061337014,-0.24880184755444837,-0.3389979692348564,-0.07180776334475532,-1.2084718855625265,1.4296419587353153,-0.13321752444169904,1.146816953580493,1.7096877324819966,0.4992901377158802,0.529209950453113,1.4261685451712778,0.22569265749909886,0.9301552187074447,-1.5164012429531493,1.775742996089413,1.146649589291213,-0.15918965136196916,-0.4066099284731928,-0.5515455309859825,0.4994232213122394,0.8819730760605554,3.0956279905363755,3.0062660184926986,0.3172695349295305,-0.20587018339416194,-2.283701392140152,0.5876658767933775,-1.5450800258803854,-0.27974704827671104,1.3950738293549532,0.3412264004188422,1.2516527759000342,0.4372619546868564,0.4928649660683539,0.4349070809068772,-0.9574986744013082,0.39762246063877843,-0.23260388513246893,-0.34678973218270776,-0.052963713593988354,-1.7870095518194973,-0.277351957279766,-0.5258020056744619,5,2,2,0,0,0,1,0,0,0,0,0,1,0,0,0,0,0,0,0,0,0,0,0,0,0,0,0,0,0,0,0,0,0,0,0,0,0,0,0
60.011,17.698,True,-3.010253653189192,1.3806639207610625,-0.39376728059682947,-0.7246741976757269,-0.2607225763684911,3.0145001773384275,-0.12502537479564826,-0.47974496988598886,-0.10039879616129398,-0.37969955495398205,-0.6339084243373084,-0.2183791450323799,-0.4220187486737969,-0.26194709491961676,0.035658484099846635,-0.21665940715034085,-0.5456042292580153,-0.6386714107325719,-0.5810737451484294,-1.2084718855625265,1.3480257370426894,0.7269818633644043,-0.7149552231343153,0.8690025765830078,0.40879893502727505,0.35815104771090467,0.9270320155081141,0.36293008650196334,-0.05057634121763201,0.4361768452949136,1.2084087204963119,1.146649589291213,-0.15918965136196916,0.49661135415806307,0.9296490710958696,-0.20380419995841595,-0.23223551411061963,-0.3282945138603831,0.22172027034436392,-0.17554406705757103,-0.8113316717442838,0.29433031822030997,0.03352131242390784,-0.6829641111326061,-1.2384085982765791,-0.9048522085626917,-0.41987644405953534,1.7632646888758599,1.1694649750931811,1.3662119411353444,-0.10804137650227601,-0.6873907472509059,1.135167598892281,0.18711001251810355,-0.6739002605502805,-0.4070859650623534,-1.911877318414878,1.6761605836865676,-0.39681578044578314,5,2,2,0,0,0,1,0,0,0,0,0,1,0,0,0,0,0,0,0,0,0,0,0,0,0,0,0,0,0,0,0,0,0,0,0,0,0,0,0
59.577,17.654,True,-3.396612819353425,0.06952337487598678,-0.6254791542533338,0.20591690200935353,-0.41858534677577763,2.194537573518887,-0.16837621324608756,-0.40752298230391515,-0.15586524956393857,-0.4522508019865013,-0.13885148188665794,-0.2385364936983605,-0.17852119975505445,-0.2434309488234074,0.6615140858287989,-0.7044431823369864,-0.5711193616151488,-0.6644333587326005,-0.6635795947813675,-1.2084718855625265,1.6652664815106846,-0.9819421003211934,-0.7149552231343153,0.2281390813615703,0.7280488459187308,0.4919265588943801,0.9219522718974154,0.02866705587810807,1.2473132618279308,0.7096919836399735,2.0594101338859634,1.146649589291213,-0.15918965136196916,-0.31920141725081325,-0.3046797639723404,-0.5554179105937436,-0.7893398091962072,-0.3282945138603831,-0.24237068768035852,-0.4329840083941166,-0.7643873416336381,0.29433031822030997,-1.1229274553354422,0.37073311800356834,-0.49140944729970226,0.9769054588244722,-0.2579813270272368,0.9012336574234414,0.1617205114307631,0.722462921574081,0.15115303100365218,-0.6749066024144117,0.12893779990176255,-0.07134265483011219,-0.0998867330212649,-0.35563866453264936,-1.9178417221315947,1.6490513105483948,-0.5423335545507235,7,2,2,0,0,0,0,0,0,0,0,0,1,1,1,0,0,0,0,0,0,0,0,0,0,0,0,0,0,0,0,0,0,0,0,0,0,0,0,0
59.833,17.801,True,-0.30573949003956463,2.265390911907977,-0.7427540482688237,-1.039511911564588,-0.2607225763684911,2.2221767624116806,-0.04121375379146556,-0.40752298230391515,0.26673630017049627,-0.2345970608889433,0.39528890338904404,-0.016805658372574018,-0.03880949135905472,-0.22491480272719808,0.5497541569486288,0.039633762862980766,-0.349521329352853,-0.44069174124285815,-0.2922314170452144,-1.2084718855625265,0.36496359722139693,1.2138777543832755,0.45672697158011144,2.3130340287756512,0.13569087063522306,0.44205543428038796,0.5497239409072362,0.12979002259026123,1.0102205014396277,-0.7381802445558616,0.35740730710666074,0.2869140763371341,-0.15918965136196916,0.20524965008346438,1.1765148381095116,-0.027997344640752115,0.32486878097496785,1.9808625239885937,4.398538892566866,-0.10934522499960218,-0.7308040900929454,0.29433031822030997,-0.9577645907462131,-1.1140220685064957,-0.48064052552927417,1.6355206424099797,0.6063039005537747,0.8381582160976547,0.45620990715578164,2.3604317937302555,-0.9229113647059058,-0.08465318251603202,1.9413905378796215,-1.053562237919857,0.5530897414584256,0.2927411093879496,-1.5801791319187415,-0.277351957279766,0.6422530005261069,3,2,2,0,0,0,1,0,0,0,0,0,1,0,0,0,0,0,0,0,0,0,0,0,0,0,0,0,0,0,0,0,0,0,0,0,0,0,0,0
59.728,18.404,False,0.0806196761246679,0.23139746424660873,-0.9526063112030166,0.2495836480195957,-0.27124676106231016,2.1116200068405067,-0.03543364199807361,-0.453482428947053,-0.13473517207721683,0.8750102466672343,-0.11279585333662366,-0.33932323702826345,-0.27033175098671147,-0.2966648688500092,0.2144743703081187,-0.539092750070327,-0.24055992844808427,-0.3306763235358784,-0.1962853068888432,-1.2084718855625265,-0.753768074604909,0.2851435366601664,-0.7149552231343153,1.7161780359008347,0.6416628233601448,0.4772138386541732,0.685272862195008,-0.493595030072878,-1.1952716081346315,0.6699221854734063,-0.20992696848644016,-1.0026891930939843,-0.15918965136196916,-0.3483375876582731,-0.3046797639723404,-0.5554179105937436,-0.7893398091962072,-0.08941619960014412,1.6139931444185314,-0.9625747448578674,-1.015960802995816,0.29433031822030997,-0.16806999706537554,1.711802318722336,1.0635621863683062,-0.04760704897520589,-0.40664432398907474,1.3918204232906715,0.4519904051353907,-1.0390429218486164,0.9645520169739139,-0.7970281544029678,-1.0664785333963618,1.453388952113501,-1.2538578387780008,-0.7417207086564837,-1.492316448315901,1.7448698850475115,0.05960216318311081,7,2,2,0,0,0,0,0,0,0,0,0,1,0,0,0,0,0,0,0,0,0,0,0,0,0,0,0,0,0,0,0,0,0,0,0,0,0,0,0
59.737,17.669,True,-2.237535320860727,1.2308215485465945,-0.9764601320263111,-0.2737520870803012,-0.2607225763684911,2.4525033365182916,-0.08745464813860088,-0.33530099472184155,0.002610331586474489,-0.24740022212997606,0.40831671766406114,-0.29900853969630226,-0.41004345938271125,-0.21797124794111958,0.05801046987588064,-0.3985448826436666,-0.4052097587609001,-0.4969188617818693,-0.4045136924231312,-1.2084718855625265,1.1765302380769813,-0.9819421003211934,-0.7149552231343153,0.2281390813615703,-0.22886572426236296,0.30356244477329025,0.6068042283373734,0.23929069169962935,-0.5311424894923691,1.0276791962436156,1.2084087204963119,1.5765173457682524,-0.15918965136196916,-0.46488226928811255,-0.7984112979996244,-0.5554179105937436,-0.7893398091962072,-0.4079206186137961,-0.24237068768035852,-0.08727894431361256,-0.3770364331822083,0.29433031822030997,0.1326190311774453,1.9273312974092807,2.2909159182880803,1.823696409148696,9.346618290925425,0.5718396860554441,0.3383823035675071,1.1530878163109533,-0.09036111872356228,-0.5810337101716005,0.03560315643703471,0.10362379747943276,-0.8207846894812149,-0.5017764407001699,-1.8390217455147544,-1.2865759800252738,-0.6479402820763648,5,2,2,0,0,0,1,0,0,0,0,0,1,0,0,0,0,0,0,0,0,0,0,0,0,0,0,0,0,0,0,0,0,0,0,0,0,0,0,0
59.397,17.552,True,0.4669788422889004,1.3104525186721914,-0.9106511986938779,-0.36232098214351216,-0.3464637281387232,3.0697785551240107,-0.15970604555599968,-0.446916793712319,0.055435525303278846,1.0841285469374373,-0.07371241051157233,-0.07727770437051579,0.48810323744871553,-0.09761629831575919,0.7285700431569009,0.40340471384963156,-0.4957453676181987,-0.5883302491455161,-0.5416287048177116,-1.2084718855625265,1.0600282726176282,-0.9819421003211934,-0.7149552231343153,1.8443507349399457,0.8380678067096182,0.029014077989148675,-0.7387061290339954,-0.07920977705687463,1.0131371310058557,-0.36818512719824786,1.2084087204963119,0.2869140763371341,-0.15918965136196916,-0.46488226928811255,-0.7984112979996244,-0.5554179105937436,-0.7893398091962072,1.1049753717010509,3.0062660184926986,-0.24909833601086978,-0.43493444031867123,0.29433031822030997,1.4020577212539127,-0.3716444752514637,-0.10061892699677366,1.6877916887262898,-0.05162935784331352,-0.45839252226573896,-0.4739116419805772,0.6096493606359522,-0.0023137453393691026,-0.3743030714201987,0.12415611454406324,-0.42981399116994623,-0.4125401863684542,-0.2588627143396214,-1.9154687741663647,1.6146726417161792,0.004488242846480059,7,2,2,0,0,0,0,0,0,0,0,0,1,0,0,0,0,0,0,0,0,0,0,0,0,0,0,0,0,0,1,1,0,0,0,0,0,0,0,0
59.675,16.938,True,-2.237535320860727,1.8716687991796286,-0.8219855495886416,-0.7540862931929628,-0.2607225763684911,0.6467429955224533,0.11195920873341995,-0.7620672849795495,0.08184812216168103,0.5293248931593486,0.0956491750636502,-0.11759240170247696,0.8633289685694006,-0.14159214529425626,1.063849829797411,-0.4894876203903288,-0.3208779344795898,-0.41177127009104036,-0.34283132134050187,-1.2084718855625265,0.8378117442772911,-0.9819421003211934,-0.7149552231343153,1.2905258792449261,0.5968336562649855,0.3410778951979265,-0.5595433715553535,0.6614892624248283,1.0926990562919996,-1.6514808283353606,0.9247415826997617,0.7167818328141736,-0.15918965136196916,-0.31920141725081325,-0.3046797639723404,-0.3796110552760798,-0.23223551411061963,0.22908821941350785,1.1499021863938088,0.3981792307781591,-0.7145541296700297,-2.283701392140152,1.007210424413494,0.8975817325716556,3.8408822784571575,1.2487148996692847,-0.011638666141002802,0.676965421598422,1.2257515397802825,2.6053021170567363,-1.181894881195154,0.1512504207006062,2.408766698828084,-0.5642174742103445,-0.17166733119983235,0.2039979428103338,-1.5259222783788051,1.6490513105483948,-0.11854469114934502,3,2,2,0,0,0,1,0,0,0,0,0,1,1,1,0,0,0,0,0,0,0,0,0,0,0,0,0,0,0,0,0,0,0,0,0,0,0,0,0
59.675,16.931,True,-0.30573949003956463,2.479587139701083,-0.9969391357556348,-1.0317668847967214,-0.3022002454558958,0.5638254288440728,0.23334155639464993,-0.42065425277338314,0.2403237033120941,0.34154519495753344,1.163929945615054,0.22508252561919306,0.18073747897751624,-0.11150340788791603,0.8403299720370709,0.3455320625563006,0.5321529895954471,0.44951128180187344,0.7401558755432363,-1.2084718855625265,0.19050634472674235,0.4044159954120673,-0.7149552231343153,1.5861514337665665,0.6564636021421771,0.42996516726879774,0.1980779045568187,0.13307904579557417,-0.8874682349054946,0.13028568171436888,0.0737401693101102,0.7167818328141736,-0.15918965136196916,-0.37747375806573297,-0.3046797639723404,-0.5554179105937436,-0.7893398091962072,1.1049753717010509,2.0780841024432535,-0.32265260496416853,-0.7401929561150746,0.29433031822030997,-0.030691539603306475,1.6160116615281384,2.5053843039695636,2.0432348036771986,0.1393533887055777,0.8031163042499954,0.674987106250767,2.6053021170567363,-1.181894881195154,0.1512504207006062,2.408766698828084,-0.5642174742103445,-0.17166733119983235,0.2039979428103338,-1.6217376022079237,1.6490513105483948,-0.28660055045121435,3,2,2,0,0,0,0,0,0,0,0,0,1,0,0,0,0,0,0,0,0,0,0,0,0,0,0,0,0,0,0,0,0,0,0,0,0,0,0,0
45.623,15.099,True,0.4669788422889004,0.23139746424660873,1.189098636864039,0.11311912729988412,3.17356651709983,-1.757866438150578,-0.17704638093617542,2.1530747592423327,-0.2747219354267484,-0.7977782498390813,8.876395996425188,0.5476001042748825,-0.7415753516433214,0.5643359246237236,1.019145858245343,0.8994560106496092,1.081108281209136,1.0037767850705055,0.5692760072048723,1.7316054339127624,0.054030681257255485,-0.05770336983235298,-0.7149552231343153,0.930394258526863,0.6494616256997918,0.5718170961936944,-1.5797118351691246,0.6906989238277585,-1.568936625931962,0.15490267672478017,0.21557373820838546,0.2869140763371341,-0.15918965136196916,-0.4357460988806527,-0.5515455309859825,-0.5554179105937436,-0.7893398091962072,0.3883404289203338,0.6858112283690864,0.12602843565095376,-0.5452536160786885,0.29433031822030997,-0.7850381931057014,-1.3235641311188031,-1.0451367874882977,0.9507699356663172,-0.20217991545350053,0.9502923340101644,0.5693005226268248,0.8822147413568228,-0.9970328265046065,0.9482398091803332,1.3473431013835702,0.027117052329859122,-2.2129921611026746,0.10095787605425106,-0.31309525523856424,0.34227937270378805,1.8112208797453764,5,4,6,0,0,0,0,0,0,0,0,0,1,0,0,0,0,0,0,0,0,0,0,0,0,0,0,0,0,0,0,0,0,0,0,0,0,0,0,0
45.624,15.101,True,0.4669788422889004,1.2308215485465945,0.7647153872971931,0.11715794493956921,4.859912346862374,-1.5736051788652883,-0.16259610145269562,0.13742474217900413,-0.35660098568779514,-0.5889885640407319,0.18684387498877006,-0.07727770437051579,-0.7342624416495651,0.3328840984211073,0.7509220289329349,0.8994560106496092,1.6113527543408943,1.5391504744138729,0.995592213273668,0.16616252818847735,1.0110792340602202,-0.9819421003211934,-0.7149552231343153,0.2281390813615703,0.6750024270143503,0.481410156726682,-1.5764465350796966,0.4778215974795639,-1.5084872860075913,-1.428558046863237,0.6410744449032111,0.7167818328141736,-0.15918965136196916,-0.4940184396955724,-1.0452770650132663,-0.5554179105937436,-0.7893398091962072,-0.4079206186137961,-0.24237068768035852,-0.01372467536031383,-0.8488269507941969,0.29433031822030997,0.24792432075515947,-0.13815474834060684,0.7680614562382148,1.1912167487213436,0.04734920374757359,0.9888384370425897,0.5839095532068574,0.8822147413568228,-0.9970328265046065,0.9482398091803332,1.3473431013835702,0.027117052329859122,-2.2129921611026746,0.10095787605425106,-0.01128330783927809,0.2394986285620755,2.2216970700068095,5,4,6,0,0,0,0,0,0,0,0,0,1,0,0,0,0,0,0,0,0,0,0,0,0,0,0,0,0,0,0,0,0,0,0,0,0,0,0,0
45.625,15.094,True,0.4669788422889004,1.3104525186721914,0.8516936278554447,0.020511414596987847,5.138493706404644,-1.5183268010797013,-0.17415632503947948,0.5051003153241065,-0.38301358254619733,-0.7895500848815109,1.4244862311153965,0.08398108495732894,-0.7214648491604916,0.7726425682060785,0.929737915141207,0.7506406216096161,2.0043005995839644,1.9358994237895963,1.3034314915879552,-0.48222388623168566,0.45534335953549043,-0.9819421003211934,-0.7149552231343153,0.6907964435491247,1.0130502886262571,0.47907246127235803,-1.0696442681437985,0.3320537478245389,1.1602400555902108,0.14330371444397352,0.0737401693101102,-0.14295368013990536,-0.15918965136196916,-0.31920141725081325,-0.3046797639723404,-0.5554179105937436,-0.7893398091962072,-0.08941619960014412,0.22172027034436392,0.1002844415172992,-0.730262424745515,-0.994685536959921,0.2877486376374222,-0.9344145862673751,-0.886750216238023,1.1232643885101405,-0.13218020869777586,0.5613271125011463,0.6587061975117114,0.5098516848459503,-0.6617463975228425,0.6773430671980007,1.283579231187888,-0.08462905127058924,-2.001448958236889,0.6272366814742036,-0.10697034354784579,0.34227937270378805,2.2216970700068095,5,4,6,0,0,0,0,0,0,0,0,0,1,1,1,0,0,0,0,0,0,0,0,0,0,0,0,0,0,0,0,0,0,0,0,0,0,0,0,0
45.566,15.048,True,0.4669788422889004,1.8716687991796286,0.49917864231248077,0.31924137342875214,4.614760750465177,-1.1682304084376507,-0.20016682810974307,0.8727758884692086,-0.29056949354178974,-0.7124110384042881,1.3463193454652935,0.5274427556089019,-0.7689987641199078,0.46249712109457247,0.6615140858287989,0.8663859241962774,1.4371288292863884,1.3632412282931017,0.8591975504546364,-0.2920489430625183,0.5636128439098378,-0.9819421003211934,-0.7149552231343153,0.2281390813615703,-0.22486922508104445,0.10230211545998341,-0.9037405576383839,0.4487118436304691,0.5455320432785238,0.4002527845041083,0.35740730710666074,0.2869140763371341,-0.15918965136196916,-0.46488226928811255,-0.7984112979996244,-0.5554179105937436,-0.7893398091962072,-0.3282945138603831,-0.24237068768035852,0.10396215496496414,-0.5185916439773859,-0.994685536959921,0.8506915975971592,-0.31177531450509016,-0.8829583423751962,-0.01624442118541982,-0.29454241700915734,0.032194243601491056,0.02629838054991517,1.1102947280583544,-1.4772986032086228,1.5266267834811629,1.3114028662368982,0.260891841556708,-2.6635885556715673,0.1455396153134953,0.23883693680715196,0.15787861285977806,2.897551682084529,3,4,6,0,0,0,0,0,0,0,0,0,1,0,0,0,0,0,0,0,0,0,0,0,0,0,0,0,0,0,0,0,0,0,0,0,0,0,0,0
45.626,15.096,True,0.4669788422889004,2.479587139701083,1.0320929416058913,0.25153178358697303,2.905509342251379,-0.42197230833222754,-0.17993643683287133,1.864186808914038,-0.05021486213032987,-0.7509912309439337,1.8934875450160125,1.353894050914106,-0.7573268488241963,0.6823763559870579,1.1085538013494791,0.51088249482296,0.5132338806711961,0.4304091625774296,0.21828058075458823,0.11000584906055463,1.0347453790258594,-0.9819421003211934,-0.7149552231343153,0.8166413592208649,0.46800459654787274,0.19743124679476412,0.3111664635922459,0.2643046572422193,0.23818713712418202,0.47667197309197895,0.9247415826997617,0.2869140763371341,-0.15918965136196916,-0.46488226928811255,-0.7984112979996244,-0.5554179105937436,-0.7893398091962072,-0.2486684091069701,0.22172027034436392,-0.21967662842955027,-0.6248784221509759,0.29433031822030997,0.3011777677488829,1.4004826828411934,2.2252406629839205,0.86190915692859,-0.13057418251901104,0.5367977742077849,1.1286233800656238,0.5098516848459503,-0.6617463975228425,0.6773430671980007,1.283579231187888,-0.08462905127058924,-2.001448958236889,0.6272366814742036,-0.10697034354784579,0.5973518495217727,2.2216970700068095,5,4,6,0,0,0,0,0,0,0,0,0,1,0,0,0,0,0,0,0,0,0,0,0,0,0,0,0,0,0,0,0,0,0,0,0,0,0,0,0
45.626,15.096,True,0.4669788422889004,1.6949133754316583,0.9584605686465254,0.32499074912759773,2.724431458548904,-0.3759069935109047,-0.1914966604196552,8.758103805384705,0.26673630017049627,-0.640030500188316,16.041693847684606,18.648899206325453,-0.7533350857271677,0.8559652256390202,3.5002162793851186,0.5935577109562894,0.3450906517571647,0.2606394330220538,0.06237654645106015,-1.2084718855625265,0.40398264044559673,-0.9819421003211934,-0.7149552231343153,-1.0535879090813047,-0.07362503136644528,0.04382953544932386,-0.08342084041334573,0.7787825786516073,0.7460058583591271,0.09172805113921159,0.35740730710666074,0.2869140763371341,-0.15918965136196916,-0.31920141725081325,-0.3046797639723404,-0.5554179105937436,-0.7893398091962072,-0.4875467233672091,-1.1705526037298035,0.2216489852902421,-0.812896482747972,0.29433031822030997,-0.26469799074094325,-0.22795848946016717,-0.695791448506066,-1.2498411142503385,-0.4362566313808018,0.8381582160976547,2.3302260969290205,0.5098516848459503,-0.6617463975228425,0.6773430671980007,1.283579231187888,-0.08462905127058924,-2.001448958236889,0.6272366814742036,-0.10697034354784579,0.5973518495217727,2.2216970700068095,5,4,6,0,0,0,0,0,0,0,0,0,1,1,1,0,0,0,0,0,0,0,0,0,0,0,0,0,0,0,0,0,0,0,0,0,0,0,0,0
46.089,15.195,True,0.4669788422889004,1.2569430397408756,0.7601133639872336,-0.009708444448185015,5.704942470807261,-1.1498042825091217,-0.20016682810974298,0.1439903774137382,-0.34603594694443424,-0.4953931876483682,0.3562054605639926,0.08398108495732894,-0.7781399016121031,-0.05132593307523591,0.10271444142794867,0.8663859241962774,1.3282427982638363,1.2533019095441542,0.5049304762682236,-1.2084718855625265,0.29137559328779444,-0.9819421003211934,-0.7149552231343153,0.7325797765758397,0.6272751371078858,-0.10557183752367437,-0.8686106362059985,0.602945367608168,-1.0853199491001966,0.1821883930768545,0.35740730710666074,0.2869140763371341,-0.15918965136196916,-0.31920141725081325,-0.3046797639723404,-0.5554179105937436,-0.7893398091962072,0.8660970574408119,0.22172027034436392,0.24371526597623172,-0.6677301696365908,0.29433031822030997,1.0970466741246447,-1.018231411312298,-1.8109815515634238,0.9037259939816381,-0.2554219227582889,-0.5354847283305895,0.6807192599388452,0.5104559030154923,-0.8260439606453815,0.9234802244273151,1.0834735001822868,0.3970111069605812,-1.5672965006726232,1.0192268708168262,1.317304554397076,-0.16387827304146077,1.6551174917677907,6,4,6,0,0,0,0,0,0,0,0,0,1,1,1,0,0,0,0,0,0,0,0,0,0,0,0,0,0,0,0,0,0,0,0,0,0,0,0,0
45.965,15.205,True,0.4669788422889004,1.3467059822084966,1.1449959134769192,0.11425949933932465,3.10113536361884,-0.5878074416889878,-0.18571654862626327,0.7480288190092632,-0.24830933856834622,-0.6016210164652176,1.8413762879159443,0.668544196270766,-0.7493433226301391,0.3051098792767934,0.5721061427246629,0.7423730999962825,0.7928690035355448,0.7127492811149244,0.279197968936878,0.16616252818847735,0.9284289762165082,-0.9819421003211934,-0.7149552231343153,1.1067312710985342,0.7932039597222358,0.7648058429038681,0.28073777269848654,0.07192396912863991,1.0277780712064575,0.11675406054850203,0.6410744449032111,0.7167818328141736,-0.15918965136196916,-0.31920141725081325,-0.3046797639723404,-0.3796110552760798,-0.23223551411061963,-0.08941619960014412,0.6858112283690864,-0.17554406705757103,-0.8521371279173834,1.583346173400541,0.8148805839665973,-0.38361830740073843,-0.7269606516585022,1.0709933421938305,-0.2559338036120785,-1.3064067889790938,-2.0602851751562246,0.587873661734983,-0.538604365873526,0.4439318607742856,0.5126795222308317,-0.33754614508983066,-2.1210420878659213,-0.30088201940359566,1.1157331829089834,-0.903233311339181,1.4397799944873593,6,4,2,0,0,0,0,0,0,0,0,0,1,1,1,0,0,0,0,0,0,0,0,0,0,0,0,0,0,0,0,0,0,0,0,0,0,0,0,0
45.985,15.22,True,0.4669788422889004,0.9829048503026887,0.9212608802243458,0.5221325654458719,1.5899862555239914,-0.5970205046532525,-0.17993643683287133,0.9449978760512823,-0.20869044328074296,-0.7339203492892233,1.2420968312651568,1.1724779129202807,-0.7653103750182534,0.40694868280594454,0.5050501853965609,-0.034773931657015804,0.25302084480573295,0.16767900679905132,-0.055828553865109674,0.16616252818847735,0.39249665059434036,-0.9819421003211934,-0.7149552231343153,0.2281390813615703,0.47987719572926874,-0.06248068500157441,-0.5161833524900568,0.5321748695737935,-1.667248899980869,-0.21894880676562312,0.35740730710666074,-0.14295368013990536,-0.15918965136196916,-0.46488226928811255,-0.7984112979996244,-0.5554179105937436,-0.7893398091962072,-0.3282945138603831,-0.24237068768035852,0.14809471633694338,-0.6875912323757102,-0.994685536959921,-1.0692109348895995,-1.0302052434615727,-1.6037935636985683,0.41237815860832305,-0.3124454498704478,-0.409333845679016,1.0006052810318768,1.1676621614287699,-1.2291569041460415,1.118543023875977,0.4819368981355971,-0.21242184766442063,-2.1119733454701315,-0.1556303251480312,1.0214571636204905,-0.9188625341839668,1.1500615616076069,6,4,2,0,0,0,0,0,0,0,0,0,1,0,0,0,0,0,0,0,0,0,0,0,0,0,0,0,0,0,0,0,0,0,0,0,0,0,0,0
45.528,15.304,True,0.4669788422889004,1.5328809739931926,0.36533646438113304,0.628804866635201,3.0559432764042054,-0.5878074416889878,-0.20016682810974307,0.46570650391570256,-0.2747219354267484,-0.7637943921849665,0.004454475138530455,0.4871280582769407,-0.7573268488241963,0.3537147627793427,0.4603462138444928,0.7754431864496144,0.43372819338641444,0.35013439257552376,0.08006810071106817,-1.2084718855625265,-0.13808230350843226,0.2851435366601664,0.45672697158011144,0.8690025765830078,0.5505805201499494,0.3707322791513224,-0.7673188737820665,0.7272831095119321,0.08392634294351889,-0.1770557128453881,0.0737401693101102,-0.14295368013990536,-0.15918965136196916,-0.3483375876582731,-0.3046797639723404,-0.027997344640752115,0.32486878097496785,-0.3282945138603831,0.22172027034436392,0.4717334997314578,-0.9109980956715006,-0.994685536959921,-0.30637460143168327,-0.16808932871379362,-0.5953067911411561,0.851454947665328,-0.16978425591929266,0.060227773079618484,-0.17846688730754567,1.0608721112597497,-1.2056332077801495,1.1498319308295668,1.1825522568637448,-0.346675841214113,-1.1991425653806176,0.5031320628727253,1.1051511713823576,-0.7482576607185067,1.0531821243305868,3,0,7,0,0,0,0,0,0,0,0,0,1,0,0,0,0,0,0,0,0,0,0,0,0,0,0,0,0,0,0,0,0,0,0,0,0,0,0,0
45.623,15.068,True,0.4669788422889004,1.4568911814280106,0.23724681558723656,0.3185286409041018,5.676774800009097,-1.2695741010445603,-0.16548615734939165,0.17681855358740806,-0.45168633437804295,-0.6699045430840592,0.18684387498877006,0.20492517695321247,-0.7094256916598535,0.15466619224509276,0.01107129974620935,0.725838056769617,1.4152041227938204,1.3411044374400645,0.6179402489858028,0.16616252818847735,0.4014823454745117,0.42468278999286,0.20617527019286536,0.2281390813615703,0.7040072904922747,0.12276385205372986,-0.6438857889176713,0.38027253413979156,-1.685697044190742,-0.732743273152406,0.0737401693101102,-0.14295368013990536,-0.15918965136196916,-0.3483375876582731,-0.3046797639723404,0.32361636599457555,0.32486878097496785,-0.4079206186137961,-0.24237068768035852,-0.1019897981042723,-0.6866282717580559,0.29433031822030997,1.5869783864669003,-0.4075659716992878,-0.871886070695742,1.0291765051407824,-0.21183526805810643,-0.556509875439185,0.04118605748978499,1.1599148517642033,-1.3815133243294324,1.3519710613416254,2.062688987941099,0.31138645910070417,-2.009531319707297,0.5919570539047206,-0.27153693785536603,0.5394949216328008,1.4948728970261689,5,4,6,0,0,0,0,0,0,0,0,0,1,0,0,0,0,0,0,0,0,0,0,0,0,0,0,0,0,0,0,0,0,0,0,0,0,0,0,0
45.622,15.068,True,0.4669788422889004,1.252193677705552,0.7489918076548292,0.4775155094027629,2.5758547334596926,-0.8365601417241292,-0.19438671631635115,0.6232817495493179,-0.18227784642234077,-0.6912431451524472,0.707956445989455,0.6282294989388049,-0.7653103750182534,0.4254648289021538,0.6615140858287989,0.5935577109562894,0.4776027164978062,0.3944333273057495,0.10960597761821077,0.16616252818847735,0.41110556984965413,1.6127240488710766,-0.7149552231343153,0.2281390813615703,0.049665451235653815,0.19645243196911802,-0.14665818104776285,0.684758487871518,-0.7776898255664768,-0.06064529175365675,-0.20992696848644016,-0.5728214366169448,-0.15918965136196916,-0.2900652468433534,0.6827833040822275,-0.5554179105937436,-0.7893398091962072,-0.3282945138603831,-0.24237068768035852,0.7291734410680034,-0.7229800350745046,-0.994685536959921,0.5438282566594138,-0.18006316086306834,-0.9039653235752566,1.4055280386182152,0.18547385363201863,0.49474747999059365,0.8018110065994976,1.1599148517642033,-1.3815133243294324,1.3519710613416254,2.062688987941099,0.31138645910070417,-2.009531319707297,0.5919570539047206,-0.27153693785536603,0.5394949216328008,1.4948728970261689,5,4,6,0,0,0,0,0,0,0,0,0,1,0,0,0,0,0,0,0,0,0,0,0,0,0,0,0,0,0,0,0,0,0,0,0,0,0,0,0
45.634,15.076,True,0.4669788422889004,1.6493986559264715,0.06114272359275322,0.9092413573342737,2.5393296218752615,-0.38512005647516906,-0.1886066045229592,0.8793415237039426,-0.05021486213032987,-0.6912431451524472,1.6329312595156702,0.44681336094497953,-0.7253927440479677,0.18938396617548522,0.6838660716048329,-0.9276662658969761,-0.13820890362487068,-0.22733522609069604,-0.08132837282565761,0.16002895056214234,1.0901182746310074,1.0991007828763095,-0.7149552231343153,-1.0535879090813047,0.1488070775672373,-0.21333910188397595,-1.2053978880309408,0.21757266555623422,0.5219763919082153,-0.1886605154132868,0.9247415826997617,0.2869140763371341,-0.15918965136196916,-0.31920141725081325,0.18905177005494359,-0.5554179105937436,-0.7893398091962072,-0.2884814614836766,-0.24237068768035852,-0.16818864016224117,-0.6085080916508533,0.29433031822030997,0.406758514832091,-0.6350687825355074,-0.8327539324313695,0.10920608997372444,-0.20376034758957584,-0.9559876705025009,0.16347200283545366,0.6002770055295497,-1.2583941018148987,1.516179755753302,1.4155570010427474,-0.10295219170282378,-2.226064752264664,0.4681979163328447,-0.11594928873853039,0.5394949216328008,1.4429943163674808,6,4,6,0,0,0,0,0,0,0,0,0,1,0,0,1,1,0,0,0,0,0,0,0,0,0,0,0,0,0,0,0,0,0,0,0,0,0,0,0
45.634,15.079,True,0.4669788422889004,1.4185005049758095,-0.10905543848728114,0.9609857386238861,2.888794460678843,-0.45882456018928514,-0.1886066045229592,0.5379284914977763,-0.10304005584713423,-0.815007037149098,1.7241259594407903,0.325869268949096,-0.7453515595331105,0.13846456441090957,0.5721061427246629,-0.7457807904036511,-0.19002325133998216,-0.27965078976516416,-0.14727681335277112,0.30837424904225147,0.6433388960580643,-0.9819421003211934,-0.7149552231343153,0.8690025765830078,0.6350293327634302,0.10389558825255558,0.4371242898234163,0.7519453245965725,0.7579521980770118,-0.11213612719747615,0.6410744449032111,0.2869140763371341,-0.15918965136196916,-0.46488226928811255,-0.7984112979996244,-0.3796110552760798,-0.23223551411061963,-0.3282945138603831,0.22172027034436392,0.28784782734821096,-0.5681841157865808,0.29433031822030997,0.37341722627949897,-0.8386239290731774,-0.7962002683937193,0.6214623438735635,-0.1990766377774012,-0.26215781591884696,1.6174487084656275,1.3608650827318285,-1.7037342322033298,1.7101412440248096,1.4155570010427474,-0.16604217537631544,-1.794215565250974,1.0254182545315436,-0.11889915098127905,0.5394949216328008,1.873667559445192,5,4,6,0,0,0,0,0,0,0,0,0,1,0,0,0,0,0,0,0,0,0,0,0,0,0,0,0,0,0,0,0,0,0,0,0,0,0,0,0
45.635,15.081,True,0.4669788422889004,0.8447775711086859,0.038209307431450755,0.600200534645902,4.119814535011742,-0.34826780461811147,-0.1914966604196552,1.8707524441487722,0.029022928444876667,-0.8022038759080651,3.9388543861937007,0.769330939600669,-0.7693021381152818,0.5435052602654882,0.8179779862610369,-0.0926465829503468,0.12372395214560471,0.03713138593420264,0.3102398709753769,0.47741898780004394,0.749112589330026,-0.9819421003211934,-0.7149552231343153,0.8166413592208649,0.28779286927737247,0.33438864670026847,0.1271506694603399,0.5315481996670672,1.288082194087175,0.2488447707372473,0.6410744449032111,0.2869140763371341,-0.15918965136196916,-0.46488226928811255,-0.7984112979996244,-0.5554179105937436,-0.7893398091962072,-0.2486684091069701,0.22172027034436392,0.1186730087556239,-0.6484709572835055,-0.994685536959921,0.8232159061047454,-0.6350687825355074,-1.136483028843795,0.9455428310346862,-0.062417246836928855,-1.2012810534361158,-1.0602631963235785,1.3608650827318285,-1.7037342322033298,1.7101412440248096,2.041148459084054,-0.16604217537631544,-1.794215565250974,1.0254182545315436,0.04925859326575988,0.5394949216328008,2.17027282407769,5,4,6,0,0,0,0,0,0,0,0,0,1,0,0,0,0,0,0,0,0,0,0,0,0,0,0,0,0,0,0,0,0,0,0,0,0,0,0,0
45.654,15.332,True,0.4669788422889004,0.7125869944588387,0.10156382833190464,0.9138028454920358,2.3461798792592874,0.6375299325581898,-0.23195744297339846,0.36065634015995923,0.1082607190200832,-0.6528336614293487,0.7730955173645405,0.3057119202831154,-0.593664561846025,0.2333598131539823,0.3262342991882888,0.38686967062296523,-0.3309783260394913,-0.4219693658133759,-0.16810191968833307,-0.06294320743735096,1.4258034672414863,-0.9819421003211934,-0.7149552231343153,0.2281390813615703,0.1684253027487515,0.35224480523745233,0.7846170378792906,0.5504489164397238,-0.0659674606130371,0.3545017672379107,2.0594101338859634,0.7167818328141736,-0.15918965136196916,-0.46488226928811255,-0.7984112979996244,-0.3796110552760798,-0.23223551411061963,0.14946211466009487,-0.24237068768035852,0.13338386254628362,-0.665924618478489,1.583346173400541,0.8204374653920293,0.035465817823876464,-0.16348819564244177,0.5900997160837774,0.15870248497882372,0.39663012681714765,0.931580597037935,1.2740619217526092,-0.8180286063305676,0.4353396138674499,1.5625210283661666,-0.7497097078665422,-0.4174614864381496,0.8778950574740586,1.2870334509385732,-0.9034200045800362,1.1500615616076069,6,0,7,0,0,0,0,0,0,0,0,0,1,0,0,0,0,0,0,0,0,0,0,0,0,0,0,0,0,0,0,0,0,0,0,0,0,0,0,0
45.653,15.333,True,0.4669788422889004,1.2407160527868524,-0.09601637244239329,1.045705878053985,2.2848919801599883,0.5638254288440728,-0.23195744297339846,0.06520275459693052,0.1082607190200832,-0.7253849084618681,0.5385948604142323,0.5879148016068436,-0.5657222201668252,0.2287307766299299,0.2815303276362207,0.38686967062296523,-0.30000026301483634,-0.39069164255439204,-0.12474172027662227,0.43037698580819556,1.4127472891703385,-0.9819421003211934,-0.7149552231343153,0.2281390813615703,-0.09405270503675023,0.2538614900381644,0.40966861780280106,0.5325491205807543,0.6349213269407945,0.6039454242242381,2.6267444094790635,1.5765173457682524,-0.15918965136196916,-0.31920141725081325,-0.3046797639723404,-0.3796110552760798,-0.23223551411061963,-0.3282945138603831,-0.24237068768035852,0.059829593592984905,-0.7163596808281315,0.29433031822030997,0.18016123892836358,0.11928264286879943,-0.3100820391793253,-0.09987809529151599,-0.06568048727983741,-0.9770128176110965,-0.8311362752917851,1.2740619217526092,-0.8180286063305676,0.4353396138674499,1.5625210283661666,-0.7497097078665422,-0.4174614864381496,0.8778950574740586,1.408886981871954,-0.9034200045800362,1.3208357227610175,6,0,7,0,0,0,0,0,0,0,0,0,1,1,1,0,0,0,0,0,0,0,0,0,0,0,0,0,0,0,0,0,0,0,0,0,0,0,0,0
45.655,15.335,True,0.4669788422889004,0.5308447405737787,0.10470854426037786,0.8693283359538568,2.6235230994258147,0.4809078621656924,-0.23195744297339846,0.1439903774137382,-0.02380226527192769,-0.7808652738396771,0.42134453193907817,0.10413843362330952,-0.5856810356519679,0.03199672435770601,-0.07610144478032341,0.5191500164362928,-0.26838318950277196,-0.35876872746501914,-0.08745307649740926,0.16616252818847735,1.187264407502857,-0.05770336983235298,-0.7149552231343153,0.2281390813615703,0.19891238309490009,0.2003017552648075,-0.3014843569506624,0.42609698426573767,0.7993380458105879,0.31503845996417534,1.4920758582928624,0.7167818328141736,-0.15918965136196916,-0.4357460988806527,-0.5515455309859825,-0.5554179105937436,-0.7893398091962072,-0.2486684091069701,-0.24237068768035852,-0.20496577463889054,-1.014757102223748,0.29433031822030997,1.312221471542762,-0.4794089645949361,-0.26382117805283856,0.370561321555275,-0.027315017288308603,-0.9629960528720327,0.6626470531722652,1.2740619217526092,-0.8180286063305676,0.4353396138674499,1.5625210283661666,-0.7497097078665422,-0.4174614864381496,0.8778950574740586,1.2863279427285357,-0.9034200045800362,1.4429943163674808,6,0,7,0,0,0,0,0,0,0,0,0,1,0,0,0,0,0,0,0,0,0,0,0,0,0,0,0,0,0,0,0,0,0,0,0,0,0,0,0
45.651,15.306,True,0.4669788422889004,0.35519750130071753,0.3940224096798873,0.637167594924431,2.9683449155703583,0.2505812880590811,-0.20883699579983084,0.46570650391570256,0.26673630017049627,-0.7552589513576113,0.0305101036885646,0.8499603342645913,-0.7613186119212247,0.13152100962483113,0.6615140858287989,-0.10918162617701238,-0.15541380501779595,-0.24470655573250527,-0.012520073982410038,-0.08331012391986939,2.3139268303157747,0.672379675907824,-0.7149552231343153,0.8632835490997675,-0.19836875025579714,-0.4467744104418595,0.5789630142917487,0.5639212097439846,1.096882200470067,0.1499464601998087,3.761412960665266,1.5765173457682524,-0.15918965136196916,-0.1735205652135139,-0.057813996958698426,1.026843787265231,-0.23223551411061963,0.22908821941350785,0.22172027034436392,0.2952032542435408,-0.6393228314157899,-0.994685536959921,1.1282269532340132,-0.9344145862673751,-0.8739336825816684,0.11966029923698647,-0.008106688249854721,-0.9559876705025009,2.0423446005944257,1.3404991512428175,-1.0953798329640727,0.8100569549097731,1.12721286355808,-0.8470241789068841,-0.7354745615531811,1.121610943229251,1.4104261335065957,-0.7482576607185067,1.4420754883060642,5,0,7,0,0,0,0,0,0,0,0,0,1,0,0,0,0,0,0,0,0,0,0,0,0,0,0,0,0,0,0,0,0,0,0,0,0,0,0,0
45.653,15.308,True,0.4669788422889004,0.5071770864310815,0.7914838228834634,0.6620182022839051,1.2024486309162998,0.06632002877379076,-0.2175071634899188,0.30813125828208743,0.26673630017049627,-0.6442982206019936,0.3431776462889755,0.8499603342645913,-0.7253927440479677,0.41157771932999676,0.7285700431569009,0.08923889254297823,-0.17192102763140757,-0.2613734577357733,-0.002305153101150036,-0.11048694322964273,1.4577148857436728,0.4829416292179727,1.5721273133657439,0.2281390813615703,0.1415530687511523,0.28047660197076424,0.5562367145974741,0.4351515571887775,-0.2667745081340561,-0.5003958762823723,1.775742996089413,2.006385102245292,-0.15918965136196916,-0.4066099284731928,-0.3046797639723404,0.4994232213122394,1.4390773711461429,-0.3282945138603831,-0.24237068768035852,0.6556191721147047,-0.08802787780872075,0.29433031822030997,0.0020323176797931264,-1.0302052434615727,-1.658548222277787,0.5064660419776813,-0.0842105741870201,-0.051906344832891235,1.5981823030140312,1.5531954194184863,-1.1017585383781616,0.6870096956148978,1.0235405684475845,-0.717295987656835,-0.5842897097393172,1.0995945701666712,1.4240225336012053,-0.7482576607185067,1.4420754883060642,3,0,7,0,0,0,0,0,0,0,0,0,1,0,0,0,0,0,0,0,0,0,0,0,0,0,0,0,0,0,0,0,0,0,0,0,0,0,0,0
45.65,15.301,True,0.4669788422889004,0.5725599704507062,0.24062163268120726,0.7794765223462753,2.660667280698117,0.39799029548731196,-0.22617733118000663,0.35409070492522515,0.16108591273688758,-0.7467235105302562,0.04353791796358179,0.40649866361301834,-0.7373680333390534,0.40231964628189215,0.013306498323812622,-0.009971366817016705,-0.31520398053808035,-0.4060424302657256,-0.20535845070106995,0.9972306972183975,2.141211611073008,0.8665353606564881,-0.7149552231343153,1.2438836893678729,0.4259782575590282,0.2059063516716091,-1.000153908820343,0.3109154594252691,1.1175683445705369,0.5580313019535694,3.477745822868715,2.4362528587223315,-0.15918965136196916,-0.3483375876582731,0.18905177005494359,-0.3796110552760798,-0.23223551411061963,-0.2486684091069701,0.6858112283690864,-0.19761034774356065,-0.5593971001504856,1.583346173400541,-0.10231356686443012,0.7179742503325349,-0.5497284673099782,-0.01624442118541982,-0.33910164533154,0.40363850918667954,0.4227723439753253,1.3329052581052903,-1.1521484041562289,0.8999678198815381,1.2423717163931343,-0.7291901237659618,-0.3471322201045573,1.0930353260844015,1.319036061759552,-0.9034200045800362,1.0316038519008257,3,0,7,0,0,0,0,0,0,0,0,0,1,0,0,0,0,0,0,0,0,0,0,0,0,0,0,0,0,0,0,0,0,0,0,0,0,0,0,0
45.643,15.302,True,0.4669788422889004,0.36865402706746864,0.20311514270503048,0.8692333049505697,2.227008964343983,0.5822515547726028,-0.2492977783535742,0.20308109452634382,0.055435525303278846,-0.7894007146670322,0.5385948604142323,-0.016805658372574018,-0.7094256916598535,0.3236260253730026,-0.0537494590042894,0.04790128447631355,-0.5410622775677506,-0.6340855233608951,-0.44170347248080954,-1.2084718855625265,1.396198442382166,-0.9819421003211934,0.5421279758892841,0.8166413592208649,0.5880252480979669,0.12162063817170657,-0.22911926298842458,0.5512664158762173,0.9046412467490245,-2.8878889078182093,1.4920758582928624,1.146649589291213,-0.15918965136196916,-0.46488226928811255,-0.7984112979996244,0.6752300766299032,0.32486878097496785,-0.2486684091069701,0.22172027034436392,0.2584261197668915,-0.2922958988286326,0.29433031822030997,2.8783358866103494,-0.29980148235581544,1.0623487867322017,0.6423707624000876,-0.2641494913154012,0.40363850918667954,0.7062751117981939,1.1384403621443273,-0.41941841038817357,-0.07817912223647404,0.9580224680190349,-0.20107403348934472,-0.8465730873691754,0.17566220419413542,1.2295698531028187,-0.9034200045800362,1.343819385271756,3,0,7,0,0,0,0,0,0,0,0,0,1,0,0,0,0,0,0,0,0,0,0,0,0,0,0,0,0,0,0,0,0,0,0,0,0,0,0,0
45.643,15.302,True,0.4669788422889004,0.5758053678415112,0.27697761682989447,0.8837255329517929,1.8348283170772537,0.6006776807011298,-0.24640772245687828,0.2687374468736835,0.21391110645369193,-0.7339203492892233,0.4995114175891809,0.2855545716171348,-0.6974504023687678,0.3629728358274475,-0.0537494590042894,-0.034773931657015804,-0.5166175139325155,-0.6094042980852656,-0.38782630957852987,0.16616252818847735,1.667879249825604,-0.9819421003211934,-0.7149552231343153,0.2281390813615703,0.9703677318236514,0.47247488219230593,-0.6404234022123263,0.584435561255342,1.0680425743662183,1.1579441350817508,1.775742996089413,1.146649589291213,-0.15918965136196916,-0.31920141725081325,-0.3046797639723404,-0.5554179105937436,-0.7893398091962072,-0.4079206186137961,-0.24237068768035852,0.14809471633694338,-0.6341469180958982,-0.994685536959921,0.3737259419142452,0.5862620966905131,-0.024023074967672576,1.5623411775671454,-0.03499323009515226,0.9643090987492281,1.0901701824080992,1.1384403621443273,-0.41941841038817357,-0.07817912223647404,0.9580224680190349,-0.20107403348934472,-0.8465730873691754,0.17566220419413542,1.2295698531028187,-0.9034200045800362,1.343819385271756,3,0,7,0,0,0,0,0,0,0,0,0,1,1,1,0,0,0,0,0,0,0,0,0,0,0,0,0,0,0,0,0,0,0,0,0,0,0,0,0
45.648,15.324,True,0.4669788422889004,0.8743819277955381,0.04265792996441243,0.9412192899402508,2.4059201041389082,0.7204474992365703,-0.24640772245687828,0.47227213915043664,0.08184812216168103,-0.5674792531557966,0.14776043216371873,0.42665601227899896,-0.4699199058381397,0.1708678200792758,0.14741841298001668,0.2545893248096377,-0.4656440120147638,-0.5579377139655349,-0.3280092260694314,-0.28156421965045025,1.4448118334969218,-0.9819421003211934,-0.7149552231343153,0.49333919442759927,0.5196063061583299,0.2546232820672483,-1.772539561840963,0.17097451368234862,0.7376267793458887,0.3625566637602876,1.775742996089413,1.146649589291213,-0.15918965136196916,-0.4940184396955724,-1.0452770650132663,0.6752300766299032,-0.23223551411061963,0.46796653367374685,0.22172027034436392,0.059829593592984905,-0.5750452101873674,-0.994685536959921,0.32710988106756556,-0.02440334292249709,-0.2610151913943467,1.2382606904060227,0.36740910609017907,0.0742445378186822,0.590835905579952,0.30555575885390274,-0.8977663501692247,1.1588505641320404,0.7784381019087913,-0.7166667930840133,-0.022890106634749878,0.9936899481529942,1.2123180825554227,-0.9197239827706677,1.4301380797368857,7,0,7,0,0,0,0,0,0,0,0,0,1,0,0,0,0,0,0,0,0,0,0,0,0,0,0,0,0,0,0,0,0,0,0,0,0,0,0,0
45.644,15.303,True,0.4669788422889004,1.2845684955796763,0.4794666424681507,0.7897398707012391,1.6296067155477811,0.7941520029506842,-0.24640772245687828,0.29499998781261955,0.08184812216168103,-0.6357627797746384,1.0075961743148485,0.16461047962125128,-0.7693021381152818,0.05977094350202004,-0.07610144478032341,-0.17532179908367615,-0.608327041808374,-0.7020009601435167,-0.6252715207753922,-0.06145020106597187,0.9599340748483091,-0.31470819439901204,-0.7149552231343153,0.2281390813615703,0.479847767488444,0.08211926277778568,-0.6164384293310771,0.5769506886602693,1.2874577809335317,0.3722508348168601,1.4920758582928624,1.146649589291213,-0.15918965136196916,-0.3483375876582731,-0.5515455309859825,-0.3796110552760798,-0.23223551411061963,-0.4079206186137961,-0.24237068768035852,0.9866133824045489,-0.2106849864824333,0.29433031822030997,-0.5301934366226947,0.05941348212242588,-0.44363183662808475,-0.6016801399280931,-0.38460785323343344,1.0414013048140787,2.4365893931411384,0.9108968833855947,-0.579860107971696,0.3044249645383234,0.5972213213155011,-0.6033359096375316,0.12173782962576037,0.6515266554016367,1.2214251629606743,-0.9034200045800362,1.3625931828789086,5,0,7,0,0,0,0,0,0,0,0,0,1,0,0,0,0,0,0,0,0,0,0,0,0,0,0,0,0,0,0,0,0,0,0,0,0,0,0,0
45.661,15.315,True,0.4669788422889004,0.7160698599514093,0.13500519771761665,1.0513127072479012,1.3157383837968233,0.8678565066648005,-0.24062761066348642,0.05863711936219657,0.18749850959528974,-0.6229596185336056,0.5907061175143008,0.5476001042748825,-0.6814833499806535,0.40231964628189215,0.12506642720398267,-0.1174491477903459,-0.54530934386888,-0.6383736728272952,-0.5713425360220019,-1.2084718855625265,1.4768010895120307,-0.05770336983235298,-0.7149552231343153,0.2281390813615703,1.095860112899952,0.2857921276162223,-0.9936514601223906,0.36206806250043255,0.44401072357163457,0.8802467762279184,1.4920758582928624,1.146649589291213,-0.15918965136196916,-0.4357460988806527,-0.5515455309859825,-0.5554179105937436,-0.7893398091962072,-0.4079206186137961,-0.24237068768035852,-0.18289949395290092,-0.6180173277501892,0.29433031822030997,0.7923443426301231,0.5383667680934143,-0.2833872471850247,1.6041580146201935,0.2480768820504839,0.29150439127416977,0.977039760314222,1.1072954574498275,-0.9277420403167045,0.7039352719001654,1.4834242264276052,-0.46872651996387965,-0.9702528598629461,0.8295221184952297,1.3515518250627343,-0.8865463320386104,0.8199399153829089,3,0,7,0,0,0,0,0,0,0,0,0,1,0,0,0,0,0,0,0,0,0,0,0,0,0,0,0,0,0,0,0,0,0,0,0,0,0,0,0
45.662,15.313,True,0.4669788422889004,0.67736255936352,0.24131193617770136,0.8013336531022176,2.454826609480773,0.6467429955224533,-0.23195744297339846,0.22934363546527972,0.1082607190200832,-0.6784399839114144,0.5646504889642665,0.40649866361301834,-0.7214009809509392,-0.09298726179170679,-0.031397473228255396,-0.36547479619033474,-0.3371191283146696,-0.4281695699384144,-0.26417751687167157,0.16616252818847735,0.8757650157800051,-0.9819421003211934,0.32017974986533637,-1.0535879090813047,1.105309350411724,0.35332460048118597,0.7975035376724889,0.6371441024324032,-0.11321289374181208,-0.008779870081614686,0.35740730710666074,0.2869140763371341,-0.15918965136196916,-0.31920141725081325,-0.3046797639723404,0.14780951067691173,0.32486878097496785,-0.4875467233672091,-1.1705526037298035,0.1407392894416135,-0.5386934468709188,1.583346173400541,0.46294476035590354,-0.5512519574905843,-0.6464970882893178,1.2382606904060227,-0.06911008900022758,0.2564624794265105,-0.22559792874285547,1.118759181254008,-1.1088772319518427,0.9685649754187168,1.4834242264276052,-0.4289282101578532,-0.9315182614245227,0.5882232012386327,1.3868893153940982,-0.8865463320386104,1.1899624495846257,3,0,7,0,0,0,0,0,0,0,0,0,1,1,1,0,0,0,0,0,0,0,0,0,0,0,0,0,0,0,0,0,0,0,0,0,0,0,0,0
45.649,15.355,True,0.4669788422889004,0.753589820030468,-0.09348525962191555,0.910524275878645,3.155303961307615,0.9231348844503875,-0.2492977783535742,0.3343937992210232,0.372386687604105,-0.07669140558287184,0.7991511459145747,0.8298029855986108,-0.5896727987489966,0.47406971240470325,0.862681957813105,0.19671667351630742,-0.5212294664402732,-0.6140608634136535,-0.40901842452313725,-0.5211546786880162,1.5046755349398946,-0.9819421003211934,-0.7149552231343153,-1.0535879090813047,0.3920562032560546,0.19218619975145879,-0.2955536517723516,0.5639320125141026,0.27941149383842834,0.9422522698613562,1.4920758582928624,1.146649589291213,-0.15918965136196916,-0.4940184396955724,-1.0452770650132663,-0.5554179105937436,-0.7893398091962072,-0.4875467233672091,-1.1705526037298035,0.06718502048831478,-0.7838872941411371,0.29433031822030997,0.7945053520733466,0.4066546144513925,-0.794456006416819,1.1546270162999266,0.1939070906982019,0.3055211560132335,0.049784288021902316,1.2581261736705083,-0.9048397993935826,0.5755281673017016,0.881912237837215,-0.7104217022707932,-0.05089682078716686,0.48479009735980394,0.9337224623262331,-0.7830900221226192,0.7579538757520078,7,0,7,0,0,0,0,0,0,0,0,0,1,0,0,0,0,0,0,0,0,0,0,0,0,0,0,0,0,0,0,0,0,0,0,0,0,0,0,0
45.649,15.355,True,0.4669788422889004,0.5117681363985612,0.1518792831874718,0.7627985812694579,3.127136290509452,0.9323479474146517,-0.25218783425027025,0.1439903774137382,0.002610331586474489,-0.716849467634513,0.43437234621409526,0.04366638762536775,-0.677491586883625,-0.06984207917144515,-0.10292382771156429,0.39513719223629806,-0.536643856376458,-0.6296243614363134,-0.42728235769385364,0.16616252818847735,1.3113057155090224,-0.9819421003211934,-0.7149552231343153,1.2438836893678729,0.5019046259154901,0.39746841970143726,-0.688064136221705,0.8041118791310766,1.069223556476868,-1.0937931890324952,1.775742996089413,1.5765173457682524,-0.15918965136196916,-0.46488226928811255,-0.7984112979996244,-0.5554179105937436,-0.7893398091962072,-0.2486684091069701,0.6858112283690864,0.48644435352211757,-0.6958967677029783,-0.994685536959921,0.6883071737206461,-0.29980148235581544,1.7405322649249037e-05,0.8723633661918521,0.14296214872479424,0.29150439127416977,-0.7758050695526968,1.2581261736705083,-0.9048397993935826,0.5755281673017016,0.881912237837215,-0.7104217022707932,-0.05089682078716686,0.48479009735980394,0.9337224623262331,-0.7830900221226192,0.7579538757520078,7,0,7,0,0,0,0,0,0,0,0,0,1,0,0,0,0,0,0,0,0,0,0,0,0,0,0,0,0,0,0,0,0,0,0,0,0,0,0,0
45.649,15.358,True,-1.0784578223680297,0.9625617495847183,-0.0820569017355139,0.8964121718905678,3.090920713768957,0.8494303807362712,-0.24351766656018237,0.22934363546527972,0.1082607190200832,-0.6784399839114144,0.5646504889642665,0.40649866361301834,-0.7214009809509392,-0.09298726179170679,-0.031397473228255396,0.07270384931631266,-0.5860734417968246,-0.6795320942843635,-0.4927722810393228,0.16616252818847735,1.507288687991869,0.4829416292179727,-0.7149552231343153,0.8166413592208649,0.1390650814854118,0.10919380393878986,-0.1612440445888289,0.6152521959110112,-0.13184788230904468,0.7046920881198294,1.4920758582928624,0.7167818328141736,-0.15918965136196916,-0.4066099284731928,-0.3046797639723404,-0.5554179105937436,-0.7893398091962072,-0.2486684091069701,0.22172027034436392,0.5967757569520656,-0.060222389973953724,0.29433031822030997,-0.2977305636587891,-0.1441416644152442,-0.5567813526948361,0.44374078639810915,-0.13218660720844821,0.5858564507945078,1.1622201697374157,0.9919847163553004,-0.6779356483352228,0.40101971677907866,0.4996431511138585,-0.6662317800917484,-0.09492804206835839,0.4572747013503336,0.9722666969534153,-0.7830900221226192,0.7166311337523851,7,0,7,0,0,0,0,0,0,0,0,0,1,0,0,0,0,0,0,0,0,0,0,0,0,0,0,0,0,0,0,0,0,0,0,0,0,0,0,0
45.99,14.335,True,0.42834292567247717,0.6070720012407262,-0.464178237239223,0.8591600186021793,4.9855834935003305,-1.7210141862935198,-0.16259610145269562,-0.046413044393546904,-0.05021486213032987,-0.281541985439397,0.40831671766406114,0.18476782828723187,-0.7493433226301391,0.0343112426197322,-0.07610144478032341,-0.07611153972368048,3.7684809284822465,3.717145206080993,4.179870750758192,-0.06294320743735096,-0.753768074604909,-0.9819421003211934,-0.7149552231343153,-1.0535879090813047,1.1667697928644514,0.312295210038578,0.6473848409562339,0.6009133737518997,-0.29956530874247644,-0.04637188404735063,-0.20992696848644016,-1.0026891930939843,-0.15918965136196916,-0.46488226928811255,-0.7984112979996244,-0.027997344640752115,-0.23223551411061963,-0.2884814614836766,-0.24237068768035852,0.08189587427897452,-0.8750074425866723,0.29433031822030997,1.0164718934558807,0.21507330006299713,-0.38614702886763064,1.280077527459071,-0.11105872496828342,0.032194243601491056,-0.29772752931783975,1.6686105377396205,-0.9343249061831115,0.36382788290219337,0.8081302737504324,-0.6401374173292369,-0.895579181372058,0.21886551610652458,1.3838749268261141,3.540227906702097,1.0600707075664837,5,4,5,0,0,0,0,0,0,0,0,0,1,0,0,1,1,0,0,0,0,0,0,0,0,0,0,0,0,0,0,0,0,0,0,0,0,0,0,0
45.997,14.344,True,0.42834292567247717,0.7167822642567079,0.3436302544358204,0.6738020466914563,2.9333674782056063,-1.6657358085079328,-0.20883699579983084,-0.40752298230391515,-0.03700856370112878,0.04707248641377869,-0.17793492471170927,-0.33932323702826345,0.5280208684190012,0.2819646966565318,0.10942003716075879,0.18018163028964113,2.5614592445644884,2.4984476339595383,2.5790273437362847,-0.5211546786880162,0.8266777668667294,-0.9819421003211934,0.5609758562232795,-1.0535879090813047,1.1977286556532376,0.21718084685054198,0.30343615573806915,0.8640909326759422,0.3336837804148388,-0.7323388954945576,0.6410744449032111,0.7167818328141736,-0.15918965136196916,-0.31920141725081325,-0.3046797639723404,-0.20380419995841595,0.32486878097496785,-0.2884814614836766,-0.24237068768035852,0.7880168562306423,-0.3286476621450813,0.29433031822030997,1.0102975807609562,0.26296862866009596,-0.39100062741204894,1.6355206424099797,0.029439772375610764,-0.6966775228298221,-0.7619523648065077,1.2540847054523432,-0.7694414100408247,0.37489485400792244,1.0907286293094678,-0.4190373607205525,-0.9507390606496404,0.13615358110642176,1.7051833046174754,3.540227906702097,0.7813407296842828,5,4,5,0,0,0,0,0,0,0,0,0,1,1,1,1,1,0,0,0,0,0,0,0,0,0,0,0,0,0,0,0,0,0,0,0,0,0,0,0
45.998,14.345,True,0.42834292567247717,0.37126617618689634,-0.009268233049640896,0.8457606471387541,3.2370211601066807,-1.5643921159010235,-0.1914966604196552,-0.3090384537829056,0.14259709493600597,-0.2559356629573313,-0.1258236676116408,-0.37963793436022464,0.3483915290527159,0.5620214063616974,0.6145749156991276,-0.3076021448970037,2.881761197538651,2.8218479652347543,2.7929265068120315,0.16616252818847735,-0.753768074604909,-0.9819421003211934,-0.7149552231343153,-1.0535879090813047,0.9850915893847959,0.47275051799485834,-0.09146210860961244,0.6133505994167507,0.31801088779345366,1.1341783643015582,-0.20992696848644016,-0.5728214366169448,-0.15918965136196916,-0.31920141725081325,-0.3046797639723404,-0.5554179105937436,-0.7893398091962072,-0.2884814614836766,-0.24237068768035852,0.03040788601166541,-0.8546648995387259,0.29433031822030997,0.16966490734699202,0.7299480824818096,-1.1693206564958751,1.0814475514570925,-0.07732577670355029,1.118493510878929,0.9965450055028215,1.2540847054523432,-0.7694414100408247,0.37489485400792244,0.616708086691831,-0.4190373607205525,-0.9507390606496404,0.13615358110642176,1.7051833046174754,3.540227906702097,0.7813407296842828,5,4,5,0,0,0,0,0,0,0,0,0,1,1,1,1,1,0,0,0,0,0,0,0,0,0,0,0,0,0,0,0,0,0,0,0,0,0,0,0
45.989,14.335,True,-0.30573949003956463,0.6244863287035809,-0.6237917457063484,1.0200475071665744,4.581640522164038,-1.6565227455436686,-0.14236571017582395,-0.446916793712319,-0.05021486213032987,0.012930723104357953,-0.04765678196153807,-0.4804246776901276,0.8633289685694006,0.38843253670973515,-0.2169189551693376,-0.23319445037700715,3.6985590819800263,3.6465469842711595,4.0020134745423634,0.4449652354395135,-0.25586186434191877,0.4044159954120673,-0.7149552231343153,-1.0535879090813047,-0.2257027837024469,0.16186840678209724,1.2311169384388485,0.6353644691313981,0.5991172630835794,1.2859169141107594,-0.20992696848644016,-0.5728214366169448,-0.15918965136196916,-0.37747375806573297,-0.3046797639723404,-0.5554179105937436,-0.7893398091962072,-0.2884814614836766,-0.24237068768035852,0.7291734410680034,-0.5358045650179559,0.29433031822030997,0.1338538937164302,1.0292938862136773,-0.5828694448710843,0.5064660419776813,0.03632456985908058,-0.6336020815040354,0.35947981366946163,1.6686105377396205,-0.9343249061831115,0.36382788290219337,1.1181025473094814,-0.6401374173292369,-0.895579181372058,0.21886551610652458,1.3838749268261141,3.540227906702097,1.0600707075664837,5,4,5,0,0,0,0,0,0,0,0,0,1,0,0,1,1,0,0,0,0,0,0,0,0,0,0,0,0,0,0,0,0,0,0,0,0,0,0,0
45.996,14.344,True,-3.396612819353425,0.383060425241284,0.126184653040193,0.8234283613663769,2.8358640023658115,-1.6657358085079328,-0.20305688400643898,-0.3746948061302453,-0.07134493961705163,-0.6229596185336056,-0.04765678196153807,-0.37963793436022464,0.025058718193402125,0.24956144098816535,-0.013515884607428252,0.51088249482296,2.590024696545252,2.527289408253529,2.6867156104010212,-1.2084718855625265,0.2420793144797647,-0.9819421003211934,1.198941395902077,-1.0535879090813047,0.9110360498424067,0.6881796840700684,1.0497439283183525,0.7929407941700238,-0.9992829308340204,-3.4390054214062955,0.21557373820838546,-0.14295368013990536,-0.15918965136196916,-0.31920141725081325,-0.3046797639723404,0.14780951067691173,0.8819730760605554,-0.2884814614836766,-0.24237068768035852,0.5011552073127773,-0.7161189406737178,-0.994685536959921,5.426783451440417,-0.9823099148644739,0.22320710088863388,0.9455428310346862,-0.3358000138245973,-2.1263875262143213,-2.143162563896355,1.2540847054523432,-0.7694414100408247,0.37489485400792244,1.0907286293094678,-0.4190373607205525,-0.9507390606496404,0.13615358110642176,1.5179138414340299,3.540227906702097,0.9544187917755269,5,4,5,0,0,0,0,0,0,0,0,0,1,1,1,1,1,0,0,0,0,0,0,0,0,0,0,0,0,0,0,0,0,0,0,0,0,0,0,0
45.998,14.345,True,-2.237535320860727,-0.011294935758441097,0.5860034820937329,0.487588795751154,3.1679948899089854,-1.094525904723535,-0.16259610145269562,-0.29590718331343774,0.03694670750239734,0.0854819701368772,-0.13885148188665794,-0.3191658883622829,-0.28629880337482577,0.5527633333135928,0.07589205849670778,-0.0678440181103477,1.8990488808854993,1.8296295731742451,2.11484451347117,0.16616252818847735,0.48123220634540775,-0.9819421003211934,-0.7149552231343153,-1.0535879090813047,0.08642766147616979,-0.12817429044388506,-0.5445706201876676,0.6096855101846821,-0.24585628011775884,1.2715708350492416,0.9247415826997617,0.7167818328141736,-0.15918965136196916,-0.31920141725081325,-0.3046797639723404,-0.5554179105937436,-0.7893398091962072,-0.4875467233672091,-1.1705526037298035,0.14809471633694338,-0.6892764134566052,1.583346173400541,1.471518739071813,0.5623144323919638,-1.416626669829438,0.31829027523896486,0.4025369296814888,0.8031163042499954,3.0582892285606222,1.2540847054523432,-0.7694414100408247,0.37489485400792244,0.616708086691831,-0.4190373607205525,-0.9507390606496404,0.13615358110642176,1.7051833046174754,3.540227906702097,0.7813407296842828,5,4,5,0,0,0,0,0,0,0,0,0,1,1,1,0,0,0,0,0,0,0,0,0,0,0,0,0,0,0,0,0,0,0,0,0,0,0,0,0
45.975,14.535,True,0.4669788422889004,0.8223764135087421,0.038209307431450755,-0.13762017487209297,-0.2607225763684911,-1.1498042825091217,-0.1279154306923442,0.06520275459693052,-0.10304005584713423,-0.7894007146670322,-0.2691296246368291,0.18476782828723187,-0.6974504023687678,0.6777473194630056,0.23682635608415273,0.15537906544964203,0.5414073898676007,0.4588552027051886,0.9068048025712127,0.16616252818847735,1.947724308239414,1.3286547258995738,-0.7149552231343153,-1.0535879090813047,0.13406375837315432,-0.18483280659033466,0.7047280388487789,0.44132992857817915,1.5280391731121086,-0.07896212635065201,2.6267444094790635,1.146649589291213,-0.15918965136196916,-0.26092907643589347,0.43591753706858555,-0.5554179105937436,-0.7893398091962072,-0.2884814614836766,-0.24237068768035852,-0.47711656976609584,-1.5877186697280383,2.872362028580772,0.16750389790376846,0.41862844660066717,-0.3527785388747549,0.004663997341104223,-0.24837076399733748,-0.8929122291767142,-0.5409459948328252,1.551460148026138,-0.9722086355358536,0.49371331401711227,1.0623247007399061,-0.5327217278454837,-0.9590896388652675,0.30288594302238886,1.4062576105716063,3.540227906702097,1.1013916980829548,5,4,5,0,1,1,1,0,0,0,0,0,1,0,0,1,1,0,0,0,0,0,0,0,0,0,0,0,0,0,0,0,0,0,0,0,0,0,0,0
45.974,14.538,True,0.4669788422889004,0.45817950143332303,0.038209307431450755,-0.13762017487209297,-0.2607225763684911,-1.5275398640439657,-0.11346515120886448,-0.1645944786187584,0.07392434310416035,-0.7894007146670322,0.017482289413547528,-0.016805658372574018,-0.6375739559133393,0.5018439315490173,0.22117996604092885,0.3703346273962997,1.672232161993828,1.6006187871106297,2.1522619724111856,0.14619637190760887,1.6288222346817536,-0.05770336983235298,-0.7149552231343153,-1.0535879090813047,-0.13481644122893044,0.4780504138593556,0.14492567785680616,0.7765018266222372,1.0780533936574366,0.551072872109115,2.0594101338859634,0.7167818328141736,-0.15918965136196916,-0.4066099284731928,-0.3046797639723404,-0.5554179105937436,-0.7893398091962072,-0.4875467233672091,-1.1705526037298035,1.0675230782531775,-0.4096567241052467,-0.994685536959921,-2.578521673163882,0.7060004181832602,-0.30568346549844627,0.45419499566137117,-0.1818390500260372,-1.8040019372158556,-2.016816343021631,1.5429268598491443,-1.0578558148844621,0.6275400141180266,1.0994714124224765,-0.5081346908858464,-0.808363375236669,0.24766003115069704,1.5524176883407894,3.540227906702097,1.1013916980829548,3,4,5,0,1,1,1,0,0,0,0,0,1,0,0,0,0,0,0,0,0,0,0,0,0,0,0,0,0,0,0,0,0,0,0,0,0,0,0,0
45.974,14.538,True,0.4669788422889004,-0.1760186423502572,0.038209307431450755,-0.13762017487209297,-0.2607225763684911,-1.6380966196151396,-0.10190492762208059,-0.01358486821987706,-0.08455123804625272,-0.8278101983901308,-0.20399055326174353,-0.11759240170247696,-0.6615245344955107,0.8073603421364709,-0.3644420612911621,0.271124368036304,1.3745679898184526,1.300075218779516,1.7700294020031742,0.4149124331061319,2.092834274706301,-0.05770336983235298,-0.7149552231343153,-1.0535879090813047,0.16247179951209786,0.06590067078919415,0.2932877102694094,0.91047725957035,1.016742369122289,1.1175125821762635,2.9104115472756145,2.006385102245292,-0.15918965136196916,-0.4357460988806527,-0.5515455309859825,-0.5554179105937436,-0.7893398091962072,-0.4875467233672091,-1.1705526037298035,0.6850408796960241,-0.8490075059100071,0.29433031822030997,2.1423578133753547,1.6040378293788635,-0.39403412650231034,0.03602662513089029,-0.3146849286057772,-0.28318296302744256,0.1642681352921312,1.5429268598491443,-1.0578558148844621,0.6275400141180266,1.0994714124224765,-0.5081346908858464,-0.808363375236669,0.24766003115069704,1.5524176883407894,3.540227906702097,1.1013916980829548,3,4,5,0,1,1,1,0,0,0,0,0,1,0,0,0,0,0,0,0,0,0,0,0,0,0,0,0,0,0,0,0,0,0,0,0,0,0,0,0
45.973,14.537,True,0.38970700905605393,0.5979690573396893,0.038209307431450755,-0.13762017487209297,-0.2607225763684911,-1.3340655417944114,-0.13080548658904012,-0.007019232985143115,0.08713064153336145,-0.6485659410156712,0.173816060713753,0.003351690293406572,-0.6295904297192821,0.5180455593832003,-0.1610389907292526,0.3207294977163015,1.417756236532804,1.3436812385521886,1.717141661307617,0.40791824624254686,1.283670838787899,-0.43509520258054724,-0.7149552231343153,-1.0535879090813047,-0.04092634113574652,0.20753320134467876,0.00806009724617474,0.7805966865051762,0.5951209825885222,1.059924101351591,1.4920758582928624,1.146649589291213,-0.15918965136196916,-0.2900652468433534,-0.5515455309859825,-0.5554179105937436,-0.7893398091962072,-0.4875467233672091,-1.1705526037298035,0.6482637452193748,-0.6485913273607122,1.583346173400541,-1.5048086955165196,1.1250845434078751,-0.2525213939416147,0.391469740081799,0.03846167242365206,0.5718396860554441,0.2963465098549335,1.5429268598491443,-1.0578558148844621,0.6275400141180266,1.0994714124224765,-0.5081346908858464,-0.808363375236669,0.24766003115069704,1.5524176883407894,3.540227906702097,1.1013916980829548,3,4,5,0,1,1,1,0,0,0,0,0,1,0,0,0,0,0,0,0,0,0,0,0,0,0,0,0,0,0,0,0,0,0,0,0,0,0,0,0
45.973,14.539,True,0.4669788422889004,1.0725094807024655,0.038209307431450755,-0.13762017487209297,-0.2607225763684911,-1.2695741010445603,-0.13080548658904012,-0.21711956049663006,0.03430544781655709,-0.738188069702901,-0.034628967686520996,0.10413843362330952,-0.6056398511371108,0.27039210534640096,0.08706805138472479,0.783710708062948,1.1379214452072783,1.0611395200997065,1.3852099892944694,0.6445858988528322,1.654028844197713,-0.9819421003211934,-0.7149552231343153,-1.0535879090813047,0.1582675409902533,0.2745832063979505,1.3705310043157215,0.9393956607355709,1.0158970076458134,-0.043766421170232814,3.761412960665266,2.006385102245292,-0.15918965136196916,-0.46488226928811255,-0.7984112979996244,-0.5554179105937436,-0.7893398091962072,-0.2884814614836766,-0.24237068768035852,2.178192539447988,1.0564508162733783,-0.994685536959921,-1.7181311991261594,0.13125647501807414,-0.4098083217716698,0.9978138773509964,-0.0932964593417851,0.6349151273812308,0.33034136575506406,1.5429268598491443,-1.0578558148844621,0.6275400141180266,1.0994714124224765,-0.5081346908858464,-0.808363375236669,0.24766003115069704,1.6130877246603943,3.540227906702097,1.2102071427426317,3,4,5,0,1,1,1,0,0,0,0,0,1,0,0,1,1,0,0,0,0,0,0,0,0,0,0,0,0,0,0,0,0,0,0,0,0,0,0,0
45.973,14.539,True,0.4669788422889004,0.1599591436319453,0.038209307431450755,-0.13762017487209297,-0.2607225763684911,-1.195869597330444,-0.1336955424857361,-0.23025083096609808,-0.18227784642234077,-0.7765975534259995,0.10867698933866739,0.04366638762536775,-0.6615245344955107,0.26807758708437474,-0.11857021775478815,0.5274175380496257,0.685421102589736,0.6042620039127644,0.9848343527314012,0.16616252818847735,1.6395798825772874,-0.13321752444169904,-0.7149552231343153,-1.0535879090813047,-0.028555889170897804,0.22073677317331153,1.3726892823098946,0.6457588775427318,0.9331797809943531,0.03338926778195231,2.3430772716825135,1.146649589291213,-0.15918965136196916,-0.4066099284731928,-0.5515455309859825,-0.5554179105937436,-0.7893398091962072,-0.2884814614836766,-0.24237068768035852,0.3099141080342006,-0.7714891761888384,2.872362028580772,0.47560210138049863,0.46652377519776606,-0.2720116255965444,0.5796455068205154,-0.20745868675820553,-0.33224163961416553,-0.2732066496521718,1.5429268598491443,-1.0578558148844621,0.6275400141180266,1.0994714124224765,-0.5081346908858464,-0.808363375236669,0.24766003115069704,1.6130877246603943,3.540227906702097,1.2102071427426317,3,4,5,1,1,1,1,0,0,0,0,0,1,0,0,1,1,0,0,0,0,0,0,0,0,0,0,0,0,0,0,0,0,0,0,0,0,0,0,0
46.051,14.495,True,0.27379925920678416,0.8346455987666616,0.42232485303614187,-0.9024296893235128,-0.30529559389525435,-0.21928492311840847,-0.19438671631635115,-0.020150503454611005,-0.05021486213032987,-0.5504083715010862,-0.021601153411503808,0.1444531309552707,-0.6295904297192821,0.057456425239993836,0.6168101142767308,0.7589081432229489,0.13775623148920563,0.05129940378775901,0.24687408234920152,0.16616252818847735,1.496837329158732,-0.9819421003211934,-0.7149552231343153,-1.0535879090813047,0.3113599377589703,0.0722269772242231,1.5246600352081097,0.2284433715240083,0.008699777075614043,0.07382195812314842,2.0594101338859634,1.5765173457682524,-0.15918965136196916,-0.46488226928811255,-0.7984112979996244,-0.5554179105937436,-0.7893398091962072,-0.2884814614836766,-0.24237068768035852,0.04695759652615762,-0.42759186560905743,0.29433031822030997,1.0263507937677598,-0.1291743742286508,-0.19427821140859527,0.6214623438735635,-0.18168548576990032,0.1583451262530645,0.7236307993537641,0.5395398073863349,-0.5219129401756821,0.4490243730285035,1.1776208048821217,-0.2997606841831808,-1.3560544279555555,0.7362904959500259,1.9442086910670444,-0.07926173504553104,1.9567719320302004,5,4,0,0,0,0,0,1,1,1,0,0,1,0,0,1,1,1,1,0,0,1,1,0,0,0,0,0,0,0,0,0,0,0,0,0,0,0,0,0
46.052,14.518,True,-0.30573949003956463,0.9728520339945858,-0.16987884656725727,-0.618524567004475,-0.27743745794102737,0.6375299325581898,-0.2492977783535742,0.1045965660053343,0.530862268754518,-0.7808652738396771,-0.256101810361812,-0.17806444770041874,2.7953423075312247,2.2909665480952413,2.3155610332553156,0.9490611403296066,0.3775371521696415,0.2933997983107502,0.15014878070355128,0.16616252818847735,0.7784392162429159,-0.9819421003211934,-0.7149552231343153,-1.0535879090813047,-0.3754198327487567,0.4176917154630353,-1.327752743862065,0.631235153319958,0.4737637617061003,1.3143570645020228,0.35740730710666074,-0.14295368013990536,-0.15918965136196916,-0.31920141725081325,-0.3046797639723404,-0.5554179105937436,-0.7893398091962072,-0.4875467233672091,-1.1705526037298035,0.21429355839491224,-0.57420261964692,0.29433031822030997,0.804692968019972,1.0532415505122268,-0.43157367774429556,-0.8943979992994296,-0.3984926213924757,2.436069396350918,2.1229132052101916,0.5271843781376031,-0.8190479129111882,0.9025530679224586,0.48945151149698585,-0.29213353274799764,-1.3131462685593829,0.7598783181492791,2.124679954203185,-0.07926173504553104,1.3869783822076904,3,4,0,0,0,0,0,0,0,0,0,0,1,1,1,0,0,0,0,0,0,0,0,0,0,0,0,0,0,0,0,0,0,0,0,0,0,0,0,0
46.054,14.506,True,0.27379925920678416,1.1165202355631325,0.049177462986855804,-0.8404694751805797,-0.34553512360691563,1.1811006474497923,-0.2810883932172298,0.2818687173431515,0.5044496718961159,-0.8790228433542618,-0.6339084243373084,0.08398108495732894,-0.2064635414342545,0.710150575131372,1.7120574173023972,1.0978765293696005,-0.5187221556070766,-0.1845164144744987,-0.3901651653849832,-1.2084718855625265,1.1169750638006226,-0.05770336983235298,-0.7149552231343153,-1.0535879090813047,0.6171815261517117,0.28457833275142896,-0.7715715522214134,0.7317187012588375,1.2994400415728236,-2.1231905917854594,0.9247415826997617,0.7167818328141736,-0.15918965136196916,-0.4357460988806527,-0.5515455309859825,-0.5554179105937436,-0.7893398091962072,-0.2884814614836766,-0.24237068768035852,0.5011552073127773,-0.5928599816139715,0.29433031822030997,-0.021430070560919796,0.8616602361238315,3.258981315467759,1.0919017607203545,-0.00609755589873063,1.4759210117250536,1.117955205146145,1.0173447832061884,-1.0142294184498526,0.8897870031335855,-0.16537864674193659,-0.21190070626291932,-0.16921162995835082,0.13615358110642176,1.9927575642253816,-0.07926173504553104,0.9250705897879,3,4,0,0,0,0,0,0,0,0,0,0,1,0,0,1,1,0,0,0,0,0,0,0,0,0,0,0,0,0,0,0,1,1,1,0,0,0,0,0
