SITE_ID,latitude,longitude,outlier_flag,Total_Plant_cover_z,clay_content_z,silt_content_z,sand_content_z,aggregate_stability_z,Bulk density_z,Soil moisture_z,As_z,Cu_z,K_z,Mo_z,Ni_z,P_z,Pb_z,Zn_z,soil_pH_z,plot_Total_C_z,plot_Total_organic_C_z,plot_Total_N_z,Macrofauna_Shannon_z,Earthworm_Shannon_z,Oribatid_Shannon_z,Mesostigmatid_Shannon_z,Oomycete_Shannon_z,Cercozoan_Shannon_z,NEMATODE_Shannon_z,BACTERIA_SHANNON_z,FUNGI_SHANNON_z,EUKARYOTES_SHANNON_z,macro_Amphipoda_z,macro_Blattodea_z,macro_Chilopoda_z,macro_Coleoptera_z,macro_Dermaptera_z,macro_Diplopoda_z,macro_Diplura_z,macro_Diptera_z,macro_Gastropoda_z,macro_Glomeris_z,macro_Hemiptera_z,macro_Hymenoptera_z,macro_Isopoda_z,macro_Lepidoptera_z,macro_Oligochaeta_z,macro_Opiliones_z,macro_Orthoptera_z,macro_Symphyla_z,macro_LARVAE_z,macro_Araneae_z,macro_total_abundance_z,macro_order_richness_z,Earthworm_Abundance_z,Earthworm_Richness_z,orib_total_abundance_z,orib_species_richness_z,meso_total_abundance_z,meso_species_richness_z,coll_total_abundance_z,coll_species_richness_z,coll_nymphs_abundance_z,coll_shannon_calc_z,bac_asv_richness_z,bac_total_reads_z,fun_asv_richness_z,fun_total_reads_z,euk_asv_richness_z,euk_total_reads_z,oomy_asv_richness_z,oomy_total_reads_z,cerc_asv_richness_z,cerc_total_reads_z,eu_clay_content_z,eu_sand_content_z,eu_silt_content_z,eu_water_holding_capacity_z,eu_CN_ratio_z,eu_P_z,eu_pH_z,eu_As_z,eu_organic_carbon_octop_z,eu_Zn_z,Country_enc,Pedoclimatic_region_enc,soil_type_enc,Land_use_type_enc,Land_use_intensity_enc,Dominant_vegetation_enc,eu_uso_suelo_nombre_enc,eu_soil_texture_class_enc,eu_env_zone_enc,eu_soil_type_wrb_enc
BE_001,51.099,4.975,True,0.466425029660814,-0.2702107038277066,-0.17898256404374868,0.2695787470947122,0.5450590004056404,-1.7755800861048403,3.5440251377110426,9.598574981386454,-0.34026750285360957,-0.26808694246252374,-0.6343769928459315,-0.6607291624174956,0.39553687019482536,1.2734965530450557,1.176845222224999,-1.1659182338381282,1.3175251682737106,1.24288354867532,1.5773927656880358,0.6243197562288966,-0.5583700459899114,0.6826253911408999,0.3220346135759499,0.6643596285771711,-0.06464065170640673,0.45336869049393336,0.22907480642619552,-0.000992927536742036,0.07036715203432793,-0.0843693708310462,-0.2168943304382987,-0.1319510646468539,0.264514396225995,-0.30298911170375264,-0.15175964533398406,-0.09226553927193881,-0.09068980346154015,-0.1889406451384228,-0.2805277806612867,-0.22627863063810233,-0.16789457412041106,-0.08686995826349626,-0.1711534724157458,0.5932626996964049,-0.08637092971457469,-0.18547173453098575,-0.1232948716050105,-0.15309097023168255,-0.5050960467941736,-0.26392234982359797,0.8593003893340802,-0.07441274659037878,0.36631766534336446,0.09213716714784619,0.23221850463514626,0.2039305200561082,0.398798868317965,-0.40711037406469774,-0.6982208754395988,-0.24492650498741353,-0.6185677000086734,0.046727599797912286,-0.4285717977572645,0.2939565253401415,0.013407302346059798,-0.12086884935980913,-0.19312772905011366,-0.9697450598549218,-0.46366873901477357,0.7279986130391894,0.7643297182272045,-1.2632435605631607,1.0083287347795544,-0.7234427484912722,-0.5224246174646053,-0.294011899359498,1.7054654054228606,-0.4596156035654776,0.4472402984276404,-0.26854710385736486,-0.4880330349986752,0,1,20,3,1,13,15,2,6,9
BE_002,51.102,4.978,True,0.466425029660814,-0.6067949640985292,-0.6765555706218038,0.7784505690086475,0.3154372587466762,-0.7247086542347596,2.7330961032601864,2.710580667592394,-0.3561312504903706,-0.3919733778755939,-0.11266233090990098,-0.6607291624174956,0.47144971019710047,0.214580964224654,0.05794243321410608,-0.8268249368447663,0.9493377636194454,0.8710724093302133,1.3185818669067195,0.29330753272492516,0.7363250477493843,0.7195692505121494,-0.7136934512833535,0.08082372625878116,0.5027174583524039,0.6326285516380014,0.8280638976136507,-0.462648334676645,0.052825775410664494,-0.0843693708310462,-0.2168943304382987,-0.47053053508362536,0.8567521111492312,-0.30298911170375264,-0.36104957026694745,-0.09226553927193881,0.19757782284027323,-0.1889406451384228,-0.2805277806612867,-0.22627863063810233,-0.12122084216176211,-0.1194957411143004,-0.1711534724157458,-0.29331703309012197,-0.23830992649976981,-0.18547173453098575,-0.1232948716050105,-0.15309097023168255,1.621885707262216,-0.1946182417651282,-0.017063153084473304,0.10813372973092299,0.740503729226324,-0.013491513760934644,-0.003301684900025763,-0.3591808514536615,-0.18977325457889377,-0.40711037406469774,-0.6982208754395988,-0.24492650498741353,-0.6185677000086734,0.8230109115252595,-0.44531780626745887,0.2939565253401415,1.2625057143269471,-0.10888000404671569,-0.05691347244605631,0.6413108169716945,0.0680922617579403,1.5884846865449227,0.3137184249698583,-1.2632435605631607,1.0083287347795544,-0.7234427484912722,-0.5224246174646053,-0.294011899359498,1.7054654054228606,-0.4596156035654776,0.7899944226895456,-0.26854710385736486,0.684414594720878,0,1,20,3,2,13,9,2,6,3
BE_003,51.097,4.976,False,0.466425029660814,-1.2862274597072483,-1.3498285184810914,1.5969777515577648,0.9260223445216486,-0.5126907337697434,1.9728501334625095,-0.3587148118749679,-0.42223019897687475,-0.7807204683097108,-0.060490864716297874,-0.6607291624174956,0.7231607059941181,-0.12603302167600025,-0.6469663238627564,-1.1824593702768285,0.31956830839957195,0.23510470454160273,0.6828099620265063,0.0531865886458512,0.051325204890917235,-0.9841801882250418,-0.7136934512833535,-0.5712473008747072,0.3801348395663159,0.8825832074834268,0.11529322613033334,-0.99838921862854,-0.16118671931334785,-0.0843693708310462,-0.2168943304382987,-0.47053053508362536,-0.20927577571259415,-0.30298911170375264,-0.36104957026694745,-0.09226553927193881,-0.3789574297633535,0.13469834680092466,-0.2805277806612867,-0.22627863063810233,-0.16789457412041106,-0.1194957411143004,-0.1711534724157458,-0.29331703309012197,-0.23830992649976981,-0.18547173453098575,-0.1232948716050105,-0.15309097023168255,1.0901402687481185,-0.3332264578820678,-0.3091843338906578,-0.15807988157097538,0.36631766534336446,-0.4360062373960579,-0.7098622535055418,-0.5468846419569181,-0.7783453774757525,-0.40711037406469774,-0.6982208754395988,-0.24492650498741353,-0.6185677000086734,-0.1629792664033142,2.318616922084192,0.2939565253401415,-0.45303794312568674,0.28675189128536793,0.2398118981273306,-0.12237151425131194,-0.1700182839440447,-0.12549163873072489,-1.0580399017979951,-1.073249293615596,0.9192430311982831,-0.7083202745046644,-0.8723907003455023,-0.2523162139516721,1.475930000532895,-0.3780442816905371,0.5343726783235834,-0.26854710385736486,-0.24591906049794912,0,1,1,3,0,13,15,2,6,9
BE_004,51.232,5.027,True,0.466425029660814,-2.163685087103094,-2.2939946362019907,2.7011244482827457,0.03884743356656027,0.23398107308531366,-0.13894422708659476,-0.4825292791995537,-0.3878587457638926,-0.5756670579708358,-0.060490864716297874,-0.6607291624174956,0.9828625270545328,-0.5593310853727511,-1.0654359669528304,-0.41329652587725185,-0.524930548225435,-0.6177057883980733,-0.5439801736878845,-1.2104804520286392,0.5021626964326315,-0.9841801882250418,1.9137450662050992,0.7095174529884993,0.6002991444815385,0.9668264135032606,0.6855511796316341,-0.30559202552126974,0.6265045156893188,-0.0843693708310462,-0.2168943304382987,-0.47053053508362536,-0.3869470901895651,-0.30298911170375264,-0.36104957026694745,-0.09226553927193881,-0.3789574297633535,-0.1889406451384228,-0.2805277806612867,-0.22627863063810233,-0.16789457412041106,-0.1194957411143004,-0.1711534724157458,-0.29331703309012197,-0.23830992649976981,-0.18547173453098575,-0.1232948716050105,-0.15309097023168255,0.29252211097697256,-0.41639138755223154,-0.6013055146968422,0.03967880111043486,0.740503729226324,-0.4360062373960579,-0.7098622535055418,3.207191168108213,2.7530873599054,2.109916859435027,1.4062758477163753,3.121127664472637,0.41209787542381954,0.6684900627454083,1.3886713128022465,-0.9964372474350444,-1.327314282852492,-0.252746147803837,-0.7315309027286927,-1.440508140745816,-0.4016203466104306,2.6448537686535873,1.733295424527667,-1.5190040059520435,1.5277999194442218,-1.343588803837029,-1.6136205323448576,0.9650177768025775,1.6722672577923934,-0.6663159191909973,-0.022041395814694158,-0.26854710385736486,-1.0002926324970243,0,1,15,3,0,13,15,2,6,3
BE_005,51.226,5.033,False,0.466425029660814,-2.173201515083268,-2.282839008579568,2.6996155209039974,0.33631196253385476,-0.18083659738971794,1.3477590027399737,-0.5411782374059364,-0.4671774839476976,-1.0327652851845774,0.004723468025705948,-0.6607291624174956,-0.05194934455542792,-0.5570139834278487,-1.2511738299286386,-1.0997536880833259,-0.5451554808404676,-0.6381297766815254,-0.56756009054651,-1.2104804520286392,-0.3730490011229265,-0.9841801882250418,-0.7136934512833535,1.0353466939235247,0.3933906863940665,0.9142103431250811,0.8114896333042971,-1.3599419285428076,-0.6809061614056747,-0.0843693708310462,-0.2168943304382987,-0.47053053508362536,-0.564618404666536,-0.30298911170375264,-0.36104957026694745,-0.09226553927193881,-0.3789574297633535,-0.1889406451384228,-0.2805277806612867,-0.22627863063810233,-0.16789457412041106,-0.1194957411143004,-0.1711534724157458,-0.29331703309012197,-0.23830992649976981,-0.18547173453098575,-0.1232948716050105,-0.15309097023168255,-0.5050960467941736,-0.45797385238731336,-1.185547876309211,-0.1961103974712466,-0.007868398539594996,-0.4360062373960579,-0.7098622535055418,-0.5468846419569181,-0.7783453774757525,-0.32591594717760985,-0.17209669465060531,-0.24492650498741353,-0.6185677000086734,0.9407410820241937,-0.7797560769458732,0.2939565253401415,-0.08685374578774815,-0.1688242306121829,-0.2753574056957068,0.09731792349777207,-0.4170203399348205,1.056802234622681,-0.06165815643129143,-1.3167870264631556,1.2783549384989208,-1.095370618674984,-1.5306452458081614,-0.20987005981141474,1.6148500184391048,-0.06583534973512571,0.6080947108259753,-0.07594766764567339,-0.18345958577202856,0,1,15,3,2,13,15,2,6,9
BE_006,51.222,5.026,True,0.466425029660814,-2.161341603690493,-1.8846843504665876,2.441809105816502,0.33631196253385476,-1.6465256997348305,3.5440251377110426,-0.4238803209931709,-0.5332764324342018,-0.9985897167947652,0.382966597929328,-0.6607291624174956,-0.5154172098324761,-0.5384771678686293,-1.380966553453902,-1.3396001664444843,-0.5179111591333981,-0.6106173138255453,-0.4348145529098692,-1.2104804520286392,-0.049867771690253526,0.8136296505806065,1.2292945241716924,-1.72891658264027,0.28538938684071713,0.8593725161350834,-1.0491163995492676,-0.4575676631023231,-1.0689886411224452,-0.0843693708310462,-0.2168943304382987,-0.47053053508362536,-0.3869470901895651,-0.30298911170375264,-0.36104957026694745,-0.09226553927193881,-0.3789574297633535,-0.1889406451384228,-0.2805277806612867,-0.22627863063810233,-0.16789457412041106,-0.1194957411143004,-0.1711534724157458,-0.29331703309012197,-0.23830992649976981,-0.18547173453098575,-0.1232948716050105,-0.15309097023168255,0.29252211097697256,-0.41639138755223154,-0.6013055146968422,-0.2645653260917347,-0.756240526305514,2.028662983808828,1.1742992627758344,0.39163431055936476,0.9873709912148237,-0.40711037406469774,-0.6982208754395988,-0.24492650498741353,-0.6185677000086734,-1.2151926652375384,-0.8599923479371644,1.5843502981153275,0.20621701029569048,-0.876166104084696,-0.1958611255037068,-0.7919012292961395,0.13714880420258377,0.6440487522093619,0.5881976067842022,-1.4332685485494776,1.3529708692047695,-1.134664126661197,-1.506909807854015,0.2527023386788882,2.089384705587163,-0.48242519357058306,0.6376735339611533,-0.22174715124340774,-0.41222774335305234,0,1,15,3,1,13,15,2,6,9
BE_007,51.347,5.029,False,0.466425029660814,-1.9654929159808459,-1.5569775958603653,2.1216473273945597,0.47199753715051546,-0.273018301939725,1.094343679474082,-0.554211339229577,-0.4248741569163349,-0.9302385800151401,0.04385206767090822,-0.6607291624174956,0.0319543207102446,-0.5268916581441173,-0.557454100741885,-0.8268249368447663,-0.36317926442842113,-0.4543625334174341,-0.305346777347538,-1.2104804520286392,0.9344562507428192,-0.9841801882250418,-0.7136934512833535,0.1183153461447848,0.5547821739014457,0.2909612760713686,0.20217199538087935,-0.48222505047636594,-0.3153030306103444,-0.0843693708310462,-0.2168943304382987,-0.47053053508362536,0.8567521111492312,-0.30298911170375264,-0.36104957026694745,-0.09226553927193881,-0.3789574297633535,-0.1889406451384228,-0.2805277806612867,-0.22627863063810233,-0.16789457412041106,-0.1194957411143004,-0.1711534724157458,-0.29331703309012197,-0.23830992649976981,-0.18547173453098575,-0.1232948716050105,-0.15309097023168255,-0.5050960467941736,-0.2916439930469859,-0.8934266955030267,0.5721060237142316,0.740503729226324,-0.4360062373960579,-0.7098622535055418,-0.3591808514536615,-0.18977325457889377,-0.40711037406469774,-0.6982208754395988,-0.24492650498741353,-0.6185677000086734,0.07248107459455413,-0.7180729376853012,0.2939565253401415,0.34442300895398575,-0.6963334243882944,-1.4647645014050483,0.4634669864129121,0.4736168779838875,0.6650362174168187,-0.7341480914340306,-1.4506110716966476,1.4396937754915067,-1.2540232725612852,-1.3469637615492929,0.4190469878060982,1.6390703641762288,-0.7267758577618416,-0.8358735926434738,1.8862193191855048,-1.073801006525449,0,1,15,3,0,13,15,2,6,9
BE_008,51.339,5.003,True,0.466425029660814,-1.9492136348070332,-1.6099696099697682,2.145598482263583,0.47199753715051546,0.12336302762530567,-0.037578097780237685,-0.6128602974359596,-0.48832914746337897,-1.037037231233304,-0.6343769928459315,-0.6607291624174956,0.11585798597591696,-0.5292087600890197,-1.2086555239462247,-0.8929894825995687,-0.5172181424443587,-0.6099174764017777,-0.448614400668503,-0.52243037393256,0.07028269526097658,-0.9841801882250418,0.45866007150896654,0.03116925789350184,0.5293062131546827,1.7724977663863857,-1.3833276779810153,1.6142711278309538,-0.4572945106777187,-0.0843693708310462,-0.2168943304382987,-0.47053053508362536,0.32373816771831854,-0.30298911170375264,-0.36104957026694745,-0.09226553927193881,-0.3789574297633535,-0.1889406451384228,-0.2805277806612867,-0.22627863063810233,-0.09788397618243763,-0.1194957411143004,-0.1711534724157458,-0.29331703309012197,-0.23830992649976981,-0.18547173453098575,-0.1232948716050105,-0.15309097023168255,-0.5050960467941736,-0.3332264578820678,-0.6013055146968422,-0.23414091337151777,-0.007868398539594996,-0.4360062373960579,-0.7098622535055418,0.016226729552851628,0.398798868317965,-0.40711037406469774,-0.6982208754395988,-0.24492650498741353,-0.6185677000086734,-1.8479923316693097,-0.8239703584080412,0.2939565253401415,0.37558105775864603,-0.3966122915609583,0.22090590598997817,0.5471582007935155,-0.2132202618890053,2.022225634165699,0.2984164496770726,-1.9684816651240626,1.715521612292467,-1.344788991274698,-1.9935585189389047,0.5844793962419726,1.8615782729164165,-1.095125711245547,0.45718546981782954,-0.02579162746486699,-0.7935507686844597,0,1,15,3,2,13,10,2,6,9
BE_009,51.339,5.001,True,0.466425029660814,-1.9597231100133066,-1.611789240068177,2.1528430055971914,0.33631196253385476,-0.4942543928597419,0.9085057757457605,-0.5802775428768582,-0.49097310540283906,-1.0199494470383978,-0.6343769928459315,-0.6607291624174956,-0.6472658266785329,-0.2071315897475846,-1.4570519431066429,-1.959892782895756,-0.46633148741767955,-0.5585299901820973,-0.4699930775690796,0.09066429381906896,-1.2022052999013864,1.3146236104082925,2.2785056770564633,-0.2746177759764441,0.41992373635113683,0.4585666581052638,0.22907480642619552,-0.000992927536742036,0.07036715203432793,-0.0843693708310462,-0.2168943304382987,-0.47053053508362536,0.264514396225995,-0.30298911170375264,-0.36104957026694745,-0.09226553927193881,-0.3789574297633535,-0.1889406451384228,-0.2805277806612867,-0.22627863063810233,-0.16789457412041106,-0.1194957411143004,-0.1711534724157458,-0.29331703309012197,-0.23830992649976981,-0.18547173453098575,-0.1232948716050105,-0.15309097023168255,1.621885707262216,-0.30550481465867985,-0.6013055146968422,-0.3102019451720602,-1.5046126540714329,5.127104290466399,2.8229405895220387,3.3948949586114696,2.7530873599054,-0.32591594717760985,-0.17209669465060531,-0.24492650498741353,-0.6185677000086734,0.046727599797912286,-0.4285717977572645,0.2939565253401415,-0.5227579335202732,-0.12086884935980913,-0.19312772905011366,-0.18513992503676452,-0.32796430532763743,-0.20944149956055252,-1.0602714398615263,-1.9684816651240626,1.715521612292467,-1.344788991274698,-1.9935585189389047,0.5844793962419726,1.8615782729164165,-1.095125711245547,0.45718546981782954,-0.02579162746486699,-0.7935507686844597,0,1,15,3,1,13,10,2,6,9
BE_010,50.805,5.256,True,0.466425029660814,-0.9074595157067894,1.469432583173694,-0.39954445933731975,0.33631196253385476,-0.005691358744705368,0.8240340013237967,-0.3978141173458898,-0.07322775096813275,2.722275291646067,0.7612097278329502,-0.3581698740636924,3.79962843240211,-0.197863181967975,-0.16807593016609415,0.1573726812579177,-0.49041242304348853,-0.5828479326167,-0.3756893500005838,-0.6030612810652699,0.6534737668636106,-0.9841801882250418,-0.7136934512833535,-0.18802485630679192,0.48526515259251335,0.498943721542607,-3.705971039064823,-1.143800524512042,0.04699976986768632,-0.0843693708310462,-0.2168943304382987,-0.47053053508362536,1.212094740103173,-0.30298911170375264,-0.36104957026694745,-0.09226553927193881,4.377458404216568,-0.1889406451384228,-0.2805277806612867,-0.22627863063810233,-0.16789457412041106,-0.1194957411143004,-0.1711534724157458,-0.29331703309012197,-0.23830992649976981,-0.18547173453098575,-0.1232948716050105,-0.15309097023168255,0.29252211097697256,-0.0005667392014128108,-0.3091843338906578,0.6938036745950994,1.1146897931092834,-0.4360062373960579,-0.7098622535055418,-0.3591808514536615,-0.18977325457889377,-0.40711037406469774,-0.6982208754395988,-0.24492650498741353,-0.6185677000086734,-2.4955082694134476,-0.9158926928920578,0.2939565253401415,0.4422160928260384,-0.2287684571776501,-0.13929500445018242,-0.30021534481009426,-0.23892108269493387,1.6094721517523798,-0.26233718657313754,-0.18398541667173424,-0.896142537901506,1.4617241484597303,-0.6499179940596507,-0.7506995636524232,1.8930665720457733,0.31990887238558646,1.1834363069003278,-0.9611773675192735,0.193292037214881,0,1,13,0,1,12,1,7,6,7
BE_011,50.773,5.154,False,0.466425029660814,-0.6009691238149516,1.3588299067914709,-0.507670753566457,0.33631196253385476,-0.43894537012973756,1.094343679474082,-0.30006585366858524,0.13564492624922037,1.1929186062019592,0.6046953292521411,-0.23714615872217107,0.19576623860989087,-0.3253037889376076,-0.3918564879682729,0.13256097659986735,-0.42519351306639147,-0.5169871320599814,-0.4593515443692046,-1.2104804520286392,0.5357433616753232,-0.9841801882250418,-0.7136934512833535,0.4063311419138751,0.1943181654918382,0.5535539876548577,0.12121911878950076,0.6667899971046746,0.7833044046761698,-0.0843693708310462,-0.2168943304382987,-0.47053053508362536,0.14606685324134766,-0.30298911170375264,-0.36104957026694745,-0.09226553927193881,-0.3789574297633535,-0.1889406451384228,-0.2805277806612867,-0.22627863063810233,-0.16789457412041106,-0.1194957411143004,-0.1711534724157458,-0.29331703309012197,-0.23830992649976981,-0.18547173453098575,-0.1232948716050105,-0.15309097023168255,-0.5050960467941736,-0.37480892271714966,-0.8934266955030267,0.29828630923227895,1.1146897931092834,-0.4360062373960579,-0.7098622535055418,0.2039305200561082,-0.18977325457889377,-0.40711037406469774,-0.6982208754395988,-0.24492650498741353,-0.6185677000086734,-0.14090485943476405,-0.4919415853569929,0.2939565253401415,-0.8306364751742434,1.018071455384068,0.07079688408015576,-0.56175038974948,-0.39418940141230574,-0.07652088657999209,-0.348649890959007,0.24208101927242054,-1.4025937502938857,1.9560060195388367,-0.17777580378605948,-0.7659855779230827,2.002416619201485,-0.11117522864323326,0.49241057788520276,-0.9611773675192735,0.16481032886440833,0,1,13,0,2,12,5,6,6,7
BE_012,50.824,5.143,True,0.466425029660814,0.21261649434242283,2.1487148637310756,-1.4775268424170593,-0.24817974350714436,0.5197443571903348,0.14825980594808327,-0.4108472191695303,-0.030924423936770133,2.2267295499937867,0.3960094644777289,-0.3581698740636924,0.5233900744091834,-0.17700926446385334,-0.3336735429397064,0.5709010922254322,-0.5633318905923359,-0.6564850803492098,-0.5656793407371542,-0.7517803999652483,0.7635960104959574,-0.9841801882250418,-0.7136934512833535,0.3217792977234434,0.3490078075617106,0.8551104660363618,0.43649027132069734,0.36463796280469357,-0.1482262461989298,-0.0843693708310462,-0.2168943304382987,-0.1319510646468539,-0.3277233186972414,-0.30298911170375264,-0.36104957026694745,-0.09226553927193881,-0.3789574297633535,-0.08106098115864031,-0.2805277806612867,-0.22627863063810233,-0.16789457412041106,-0.1194957411143004,-0.1711534724157458,-0.29331703309012197,-0.23830992649976981,-0.18547173453098575,-0.1232948716050105,-0.15309097023168255,-0.5050960467941736,-0.40253056594053754,-0.3091843338906578,0.899168460456564,1.488875856992243,-0.4360062373960579,-0.7098622535055418,-0.5468846419569181,-0.7783453774757525,-0.0011382396292582732,0.3540274861383882,-0.24492650498741353,0.37573944424862,-0.14090485943476405,-0.18159829095223945,1.5843502981153275,-1.0731139638916989,-0.12086884935980913,-0.22699147400296182,0.33793016484200694,-0.25250177564323106,1.0078314824719483,-0.11282413631654369,-0.16512384983730707,-0.4768510043273211,0.820522887165249,-0.672845925249969,-0.47334233780324436,2.0835826949142535,0.1371402511929207,0.5692125968634771,-0.9799048716057946,0.2337245171445329,0,1,13,0,0,12,5,7,6,13
BE_013,50.742,2.824,True,0.466425029660814,-0.311278946920257,1.470487598568134,-0.7461222882682453,0.33631196253385476,-0.06100038147470966,0.587513032942297,-0.10456932631397621,-0.0970233724232743,0.9878651958630841,0.6438239288973434,-0.3581698740636924,1.8418762428697517,0.39531491592704215,-0.3068198760034449,-0.7441192546512637,-0.42148637743395856,-0.5132435104537615,-0.3868552882709796,-0.5325941560878618,1.4673252061386435,-0.9841801882250418,-0.7136934512833535,1.150626423752873,0.5462338688180799,0.26288396026029287,0.4079851496781583,-0.4289059287584651,-0.5653829774468015,-0.0843693708310462,-0.2168943304382987,-0.47053053508362536,0.32373816771831854,-0.30298911170375264,-0.36104957026694745,-0.09226553927193881,-0.3789574297633535,0.2965178427705984,-0.2805277806612867,-0.22627863063810233,-0.16789457412041106,-0.1194957411143004,-0.1711534724157458,-0.29331703309012197,-0.23830992649976981,-0.18547173453098575,-0.1232948716050105,-0.15309097023168255,-0.5050960467941736,-0.2916439930469859,-0.6013055146968422,0.2526496901519535,2.2372479847581617,-0.4360062373960579,-0.7098622535055418,-0.5468846419569181,-0.7783453774757525,-0.24472152029052197,-0.17209669465060531,-0.24492650498741353,-0.6185677000086734,0.7199970123386921,0.13729872002966362,-2.28683102021023,0.039937918159928976,-0.27672383843002385,0.3253064649813822,0.3902371738298841,-0.34105814324571265,0.0913788350796632,-1.0467228159043722,-0.7275037327733265,-0.8206354865257395,1.6876844141158915,-0.9716626758682184,-1.2303776716434267,2.321938836406206,0.8946461402601243,0.032239732680844055,-0.9489449767087879,0.03662949701585675,0,1,4,0,1,12,13,6,6,7
BE_014,50.785,2.751,True,0.466425029660814,-0.5529247785216852,1.0499943118853277,-0.3409123692248533,0.2736878511723191,0.11414485717030537,0.587513032942297,-0.1697348354321792,0.11449326273353912,2.628292478574082,0.382966597929328,-0.3581698740636924,5.757380621934469,-0.25115652670073046,-0.2352100975067477,0.28143120454817233,-0.42287361760757025,-0.5146444039742235,-0.44209712976450394,-0.5786469316923867,1.1131364013310878,-0.9841801882250418,-0.7136934512833535,0.8705677385851883,0.5363723730164065,0.8117433313862672,0.43276186076747725,-1.5062221461872976,0.00851946268587183,-0.0843693708310462,-0.2168943304382987,-0.47053053508362536,-0.03160446123562325,-0.30298911170375264,-0.36104957026694745,-0.09226553927193881,-0.3789574297633535,-0.1889406451384228,-0.2805277806612867,-0.22627863063810233,0.1121478176314827,-0.1194957411143004,-0.1711534724157458,-0.29331703309012197,-0.23830992649976981,-0.18547173453098575,-0.1232948716050105,-0.15309097023168255,-0.5050960467941736,-0.31243522546452684,-0.6013055146968422,-0.1580798815709754,1.8630619208752024,-0.4360062373960579,-0.7098622535055418,-0.5468846419569181,-0.7783453774757525,-0.16352709340343405,-0.17209669465060531,-0.24492650498741353,-0.6185677000086734,0.2490763303429554,-0.7066278239553122,1.5843502981153275,-0.0680355182918642,-0.07291346810743536,0.780189191466838,-0.41529076458342395,-0.3840551295990009,2.036217277637337,-0.14334838911413186,-0.39405664276497043,-1.3689439418664628,2.3026216110733735,-0.5530831524461707,-0.5213557446830694,1.5698252619241708,0.20749612881247378,0.2960104230868508,-0.9489449767087879,0.7666553216559489,0,1,4,0,2,12,13,6,6,7
BE_015,50.771,2.803,True,0.466425029660814,2.069759822228776,0.4390813869490508,-1.4776237611527823,0.33631196253385476,0.012744982165297085,0.45235819386715426,-0.08501967357851525,0.3471615614060337,0.21464296104357725,0.3047093986389235,-0.1968049202749973,0.7271561186258166,-0.4272562745133136,-0.009191734126547491,0.10774927194181629,-0.4237015841462975,-0.5154805194366545,-0.45632454478330964,-0.7517803999652483,1.4743743561114413,-0.9841801882250418,-0.7136934512833535,0.5617853229854706,0.23584344619522501,0.6674234181924953,0.2025256948414377,0.3238201155121114,0.7861745226358341,-0.0843693708310462,-0.2168943304382987,-0.47053053508362536,0.264514396225995,-0.30298911170375264,-0.36104957026694745,-0.09226553927193881,-0.3789574297633535,-0.1889406451384228,-0.2805277806612867,-0.22627863063810233,-0.12122084216176211,-0.1194957411143004,-0.1711534724157458,-0.29331703309012197,-0.23830992649976981,-0.18547173453098575,-0.1232948716050105,-0.15309097023168255,-0.5050960467941736,-0.34708727949376167,-0.6013055146968422,0.28307410287217044,0.740503729226324,-0.4360062373960579,-0.7098622535055418,-0.5468846419569181,-0.7783453774757525,-0.40711037406469774,-0.6982208754395988,1.1976681390668937,-0.6185677000086734,0.04304853196982059,-0.7449388362304332,1.5843502981153275,0.8552916111373271,0.8742053116269466,0.2569715536415541,-0.5512889879519045,-0.39775113031761383,-0.5032660124649493,-1.153438154013956,-0.1680469509606049,-1.3413423859422922,2.120093198487848,0.16616988611260738,-0.19667431793282913,0.9991710055162311,-0.6546671732258305,0.04276253538785706,0.024820441756350575,0.23095931295071725,0,1,18,0,0,12,1,6,6,7
BE_016,51.156,4.49,True,0.466425029660814,-1.2956651821416412,0.7666445159897736,0.26860955973748146,0.3154372587466762,0.003526811710297394,0.5706186780579037,-0.30006585366858524,0.6115573553520504,-0.00322628744147717,0.5264381299617366,-0.6607291624174956,-0.2916741024573494,0.27019141090231197,-0.4052833214364036,0.6287950697608844,-0.5237999799015186,-0.6165640929155308,-0.5692941620013532,-0.31064156738516124,1.5624297125282482,-0.9841801882250418,-0.7136934512833535,0.47488351780130755,0.6092695833907456,-0.1965570227891972,0.38114392562759947,-1.210823430883281,-0.29858389983324884,-0.0843693708310462,-0.2168943304382987,-0.1319510646468539,0.38296193921064214,-0.30298911170375264,-0.36104957026694745,-0.09226553927193881,-0.3789574297633535,-0.1889406451384228,-0.2805277806612867,-0.22627863063810233,1.2789911165977068,-0.1194957411143004,-0.1711534724157458,0.5932626996964049,-0.23830992649976981,-0.18547173453098575,-0.1232948716050105,-0.15309097023168255,0.026649391719923816,0.12418065530383288,0.2750580277217112,0.10052762655086885,1.488875856992243,-0.4360062373960579,-0.7098622535055418,0.016226729552851628,-0.18977325457889377,-0.32591594717760985,-0.17209669465060531,-0.24492650498741353,-0.6185677000086734,0.41831345043517326,-0.24846185011164867,-0.9964372474350444,-2.2521838899452806,-0.6124115071966403,-0.43996861434542606,-0.04914170166828394,-0.2648909549649324,1.560501399601647,0.35229215435375566,-1.1219395079466548,0.45911906214361425,0.012798987053502174,-1.5015198880948357,0.1659530031778162,1.4760989789601224,0.40116939303412624,0.2859367532045716,-0.7329456379454212,0.2952870267884438,0,1,13,0,1,12,4,7,6,13
BE_017,50.917,4.928,True,0.466425029660814,-1.3230596331016486,-0.5602937276383358,1.1207675435825017,-1.2814775809724825,0.3077264367253204,-0.2740990661617393,-0.19580103907946045,-0.28474438612494607,0.8255312460114751,0.08298066731611049,-0.6607291624174956,0.17578917545139738,-0.4318904784031185,-0.5306004338056235,0.10774927194181629,-0.5309725200142676,-0.6238072258353652,-0.5291809465113568,0.4986420749074174,1.531954479720208,-0.9841801882250418,0.5629686866862894,0.2788807131331941,0.3220129269642018,0.9361679117788795,0.22907480642619552,-0.000992927536742036,0.07036715203432793,-0.0843693708310462,-0.2168943304382987,0.2066284057899175,0.8567521111492312,-0.30298911170375264,0.4761101294649061,-0.09226553927193881,-0.3789574297633535,0.13469834680092466,-0.2805277806612867,-0.22627863063810233,0.8589275289698661,-0.1194957411143004,-0.1711534724157458,-0.29331703309012197,-0.16234042810717228,-0.18547173453098575,-0.1232948716050105,-0.15309097023168255,-0.5050960467941736,0.1519022985272207,0.5671792085278956,0.03967880111043482,1.488875856992243,-0.4360062373960579,-0.7098622535055418,-0.17147706095040494,0.398798868317965,-0.0011382396292582732,-0.17209669465060531,-0.24492650498741353,-0.6185677000086734,0.046727599797912286,-0.4285717977572645,0.2939565253401415,0.4172279546757663,-0.12086884935980913,-0.19312772905011366,-0.38390655919069766,-0.3514999024465261,0.30824930889005125,0.2478880520956864,-0.9725840573234217,-0.5905479799733434,1.4952842072435888,-1.4013498013782242,-0.8386582003847516,2.615389469260115,0.585989722322694,0.6581412021095647,-0.7722257210990514,0.2493430662220119,0,1,4,0,2,12,1,6,6,13
BE_018,50.961,4.916,False,0.466425029660814,-1.041097235415719,-0.9447574941180575,1.199465556989628,-0.2377423916135551,0.05883583444030107,-0.2740990661617393,0.33203958477798406,0.13564492624922037,0.39833664113881934,-0.19091953020030558,-0.37834049328727926,0.011977257551751119,-0.5570139834278487,-0.4343747939506868,0.21526665879336995,-0.3150884865581283,-0.4057984416372269,-0.4477587008812701,-0.16889967738390704,0.2918185193847367,-0.9841801882250418,-0.7136934512833535,0.524130591330496,0.610758191496301,0.4891475509054724,0.02314826241964396,-0.5634726016019627,-0.002045092664199348,-0.0843693708310462,-0.2168943304382987,0.2066284057899175,0.5014094821952895,-0.30298911170375264,-0.15175964533398406,-0.09226553927193881,-0.09068980346154015,-0.1889406451384228,-0.2805277806612867,-0.22627863063810233,-0.16789457412041106,-0.1194957411143004,-0.1711534724157458,-0.29331703309012197,-0.23830992649976981,-0.18547173453098575,-0.1232948716050105,-0.15309097023168255,0.026649391719923816,-0.263922349823598,0.2750580277217112,-0.07441274659037878,0.36631766534336446,-0.4360062373960579,-0.7098622535055418,0.016226729552851628,-0.18977325457889377,-0.0011382396292582732,0.3540274861383882,-0.24492650498741353,0.7187166079773896,0.06512293893837075,-0.8191513631533089,1.5843502981153275,0.9330324853826183,-0.4325788275002386,-0.9438246939577586,-0.8860538454743183,-0.4001854054687237,1.6514470821672935,-0.1994556318543462,-1.615536312660541,0.4507403589416935,0.3335207310962887,-1.7730939324982598,0.24527295348929085,1.9754844675357575,0.080402227308501,0.7371888852115083,-0.5675280918512603,0.6959072446266743,0,1,17,0,0,12,1,7,6,13
BE_019,51.198,4.94,True,-0.5003994215927141,0.1781633432555569,0.029705949739560755,-0.12209434279392435,0.33631196253385476,-2.7158334725149125,-0.2740990661617393,3.8640101789845875,14.862490649042348,-0.5201317593373908,-0.021362265071095603,-0.6607291624174956,-0.5473805108860657,9.615063554693734,4.220260808334627,-1.8110225549474506,6.756865350189631,6.735758222709478,7.450704464590924,-1.2104804520286392,-1.2022052999013864,-0.23394331719026829,-0.7136934512833535,-0.5308730495138788,0.06304926797977302,1.237006250165164,0.8509303905986817,0.9493889451309712,-0.9333857424001932,-0.0843693708310462,-0.2168943304382987,-0.47053053508362536,-0.564618404666536,-0.30298911170375264,-0.36104957026694745,-0.09226553927193881,-0.3789574297633535,-0.1889406451384228,-0.2805277806612867,-0.22627863063810233,-0.16789457412041106,-0.1194957411143004,-0.1711534724157458,-0.29331703309012197,-0.23830992649976981,-0.18547173453098575,-0.1232948716050105,-0.15309097023168255,-0.5050960467941736,-0.45797385238731336,-1.185547876309211,-0.3102019451720602,-1.5046126540714329,-0.2951679961843502,-0.23882187443519778,-0.5468846419569181,-0.7783453774757525,-0.32591594717760985,-0.17209669465060531,-0.24492650498741353,-0.6185677000086734,1.1982758299906122,0.6552202350320063,0.2939565253401415,0.21516338074455332,-0.19280192123836978,0.007321344213382107,-1.2208187029967321,-0.3578162058649323,1.4555640735643625,0.6993760210208485,-1.0426084362936567,0.9183283517360008,-0.7260755263596858,-0.883837338365326,1.295956619501675,1.2339535197503628,-0.6207282393050838,0.21644935791412848,-0.09934757019734862,-0.5684328629065031,0,1,11,6,1,24,0,2,6,3
BE_020,51.195,4.942,True,0.466425029660814,0.1781633432555569,0.029705949739560755,-0.12209434279392435,0.33631196253385476,-2.68817896114991,-0.2740990661617393,2.560699996620527,7.618045894921492,-0.9515983102587731,-0.6343769928459315,-0.6607291624174956,0.311633204929153,8.386999523895456,1.3111135569063062,-1.3974941439799367,5.993696256666854,5.9650779479669795,5.263981589425101,-1.2104804520286392,-1.2022052999013864,-0.9841801882250418,0.5629686866862894,-2.954217653005179,-3.7251593655865016,1.041431024456211,0.22907480642619552,-0.000992927536742036,0.07036715203432793,-0.0843693708310462,-0.2168943304382987,-0.47053053508362536,-0.564618404666536,-0.30298911170375264,-0.36104957026694745,-0.09226553927193881,-0.3789574297633535,-0.1889406451384228,-0.2805277806612867,-0.22627863063810233,-0.16789457412041106,-0.1194957411143004,-0.1711534724157458,-0.29331703309012197,-0.23830992649976981,-0.18547173453098575,-0.1232948716050105,-0.15309097023168255,-0.5050960467941736,-0.45797385238731336,-1.185547876309211,-0.3102019451720602,-1.5046126540714329,-0.4360062373960579,-0.7098622535055418,0.5793381010626214,0.398798868317965,-0.24472152029052197,0.3540274861383882,-0.24492650498741353,0.7587261763467392,0.046727599797912286,-0.4285717977572645,0.2939565253401415,0.013407302346059798,-0.12086884935980913,-0.19312772905011366,0.0659337181050458,-0.2134636894041163,0.05639972640056835,-0.03127337476267395,-0.9761068179288696,0.9639508880227422,-0.8360784870288898,-0.9576553144861631,0.5298177042818156,0.4150793588525915,-0.637893707038863,0.10179168316612293,1.7600467118429435,-1.0898920483464019,0,1,9,6,2,24,0,2,6,9
BE_021,51.08,4.931,True,0.07969524915940275,0.1781633432555569,0.029705949739560755,-0.12209434279392435,0.33631196253385476,-2.706615302059912,-0.2740990661617393,-0.7627409684078266,8.913585285256973,-0.5457634356297499,-0.6343769928459315,-0.6607291624174956,0.1717937628196988,7.390645687587419,0.5055035488184633,-1.3809530075412355,3.270200962502624,3.2147777597377987,2.839511112104615,-1.2104804520286392,-1.2022052999013864,-0.9841801882250418,1.3097681634893428,0.48469270315915153,0.3071888961053172,0.9630173829733554,-0.42053768448641504,0.7895978451578455,-1.7907617113806062,-0.0843693708310462,-0.2168943304382987,-0.47053053508362536,-0.564618404666536,-0.30298911170375264,-0.36104957026694745,-0.09226553927193881,-0.3789574297633535,-0.1889406451384228,-0.2805277806612867,-0.22627863063810233,-0.16789457412041106,-0.1194957411143004,-0.1711534724157458,-0.29331703309012197,-0.23830992649976981,-0.18547173453098575,-0.1232948716050105,-0.15309097023168255,-0.5050960467941736,-0.45797385238731336,-1.185547876309211,-0.3102019451720602,-1.5046126540714329,-0.4360062373960579,-0.7098622535055418,-0.17147706095040494,0.398798868317965,-0.40711037406469774,-0.6982208754395988,-0.24492650498741353,-0.6185677000086734,-0.751630118897985,0.9864056839134765,-0.9964372474350444,-1.0472003391432685,-1.391686452547714,0.06267262239864287,-1.534660756923995,-0.4217992064156836,-0.6291908037096907,-1.0453679535086569,-1.3570098465844063,0.8317810145447427,-0.3998782779824631,-1.3048243509291686,-0.16125934108332796,1.0132401054766866,-0.8251920461054902,0.30595528852824927,-0.07594766764567339,0.6922307042807582,0,1,9,6,0,24,15,2,6,3
BE_022,51.08,5.285,True,-0.11366964109130288,0.1781633432555569,0.029705949739560755,-0.12209434279392435,0.33631196253385476,-2.752706154334915,3.5440251377110426,9.272747435795438,-0.40107853546119343,0.19755517684867108,-0.6343769928459315,-0.6607291624174956,-0.155830072979594,0.8517839990728169,0.9083085528623847,-1.4305764168573378,5.576798715283217,5.544077262195073,5.157393535575337,-1.2104804520286392,-1.2022052999013864,0.7033360219064995,-0.7136934512833535,0.2762053620200165,0.0162330507045994,-0.031690988278425786,-0.3820816713206904,0.9107275674756911,-2.207306846890295,-0.0843693708310462,-0.2168943304382987,-0.47053053508362536,-0.564618404666536,-0.30298911170375264,-0.36104957026694745,-0.09226553927193881,-0.3789574297633535,-0.1889406451384228,-0.2805277806612867,-0.22627863063810233,-0.16789457412041106,-0.1194957411143004,-0.1711534724157458,-0.29331703309012197,-0.23830992649976981,-0.18547173453098575,-0.1232948716050105,-0.15309097023168255,-0.5050960467941736,-0.45797385238731336,-1.185547876309211,-0.30259584199200595,-1.1304265901884734,-0.08391063436678853,0.23221850463514626,-0.5468846419569181,-0.7783453774757525,-0.40711037406469774,-0.6982208754395988,-0.24492650498741353,-0.6185677000086734,-1.112178766050971,0.9937546516769431,0.2939565253401415,0.18585630513620946,-0.8521884134585092,0.5461800839675599,-0.7500556221058378,-0.32674716775208246,-0.45429526031421646,-1.0603511376495096,-1.979897338287347,1.6953418238613125,-1.3073693025901407,-1.8604750160214663,0.8268827112783694,1.226969600597588,-0.7219402386808145,-0.32616979120069994,-0.17762776137321637,-1.4128566116363408,0,1,11,6,1,24,18,2,6,9
BE_023,51.091,5.322,True,-0.5003994215927141,0.1781633432555569,0.029705949739560755,-0.12209434279392435,0.33631196253385476,-2.697397131604911,3.5440251377110426,1.4137870361401539,-0.37199499812713155,-0.9943177707460387,-0.6343769928459315,-0.6607291624174956,0.05193138386873808,1.319838591943104,2.4523944016974166,-1.281706188909032,1.1767760992872913,1.1007492142573778,0.3202847666644517,-1.2104804520286392,-1.2022052999013864,-0.04238262993815615,-0.7136934512833535,1.1012305972877077,-0.35783619246671816,0.3685886546072381,0.0757467931878538,1.14278129909495,-4.07220671792242,-0.0843693708310462,-0.2168943304382987,-0.47053053508362536,-0.564618404666536,-0.30298911170375264,-0.36104957026694745,-0.09226553927193881,-0.3789574297633535,-0.1889406451384228,-0.2805277806612867,-0.22627863063810233,-0.16789457412041106,-0.1194957411143004,-0.1711534724157458,-0.29331703309012197,-0.23830992649976981,-0.18547173453098575,-0.1232948716050105,-0.15309097023168255,-0.5050960467941736,-0.45797385238731336,-1.185547876309211,-0.3102019451720602,-1.5046126540714329,0.30339452896540786,-0.23882187443519778,-0.5468846419569181,-0.7783453774757525,-0.32591594717760985,-0.17209669465060531,-0.24492650498741353,-0.6185677000086734,-0.3910814717449992,-0.6445832600506352,-0.9964372474350444,0.7065967643665719,-1.391686452547714,0.8153437069672163,-1.2208187029967321,-0.46981848676494586,0.20331198285276672,0.7457601336271051,-1.9604510332071812,1.4796876301485369,-0.9957763930241431,-1.8314156283539962,0.8333318924092808,0.8514017221826581,-1.6850817391722868,0.2680356894612637,1.8862193191855048,-1.0421001784746338,0,1,11,6,2,24,18,2,6,9
BE_024,51.074,5.273,True,-0.30703453134200853,0.1781633432555569,0.029705949739560755,-0.12209434279392435,0.33631196253385476,-2.29179763158488,-0.2740990661617393,6.73129258018552,-0.7368611937726346,-0.6653779249940937,-0.6343769928459315,-0.6607291624174956,0.2796699038755634,4.702807431500623,1.781052728290881,-0.9095306190382696,1.720914695236831,1.6502432728920677,0.8550581333124534,-1.2104804520286392,-1.2022052999013864,-0.27755872251833635,-0.7136934512833535,0.1132399610947952,0.2139086348072884,-0.21202528729936515,0.31516478267777137,-0.26025912262943834,-1.2294088187013947,-0.0843693708310462,-0.2168943304382987,-0.47053053508362536,-0.564618404666536,-0.30298911170375264,-0.36104957026694745,-0.09226553927193881,-0.3789574297633535,-0.1889406451384228,-0.2805277806612867,-0.22627863063810233,-0.16789457412041106,-0.1194957411143004,-0.1711534724157458,-0.29331703309012197,-0.23830992649976981,-0.18547173453098575,-0.1232948716050105,-0.15309097023168255,-0.5050960467941736,-0.45797385238731336,-1.185547876309211,-0.30259584199200595,-1.1304265901884734,-0.2951679961843502,-0.23882187443519778,-0.5468846419569181,-0.7783453774757525,-0.40711037406469774,-0.6982208754395988,-0.24492650498741353,-0.6185677000086734,-0.08939790984148036,-0.5731416553992303,-0.9964372474350444,-0.306194069551248,-0.9960545572156304,0.07671924306294087,-1.3254327209724863,-0.42910203186901325,-0.8460612775200788,-1.397472780818695,-1.8202171788745405,0.8343607023086653,-0.11457862346757086,-1.8215263844546883,0.5859047124952768,1.508239679030222,-0.737371799572714,0.2449371676617037,-0.8861965092043523,-1.0002926324970243,0,1,11,6,0,24,15,2,6,9
BE_025,51.332,5.004,True,-0.11366964109130288,0.1781633432555569,0.029705949739560755,-0.12209434279392435,0.33631196253385476,-2.3471066543148846,3.5440251377110426,0.032278242834250105,-0.11288712006003523,-0.5500353816784765,-0.6343769928459315,-0.6607291624174956,-0.6472658266785329,2.1539952921079717,-0.7633322139198894,-1.0666714152059247,0.8752314588361889,0.7962367434008162,0.20789347984710388,-1.2104804520286392,0.12777201000757632,-0.9841801882250418,-0.7136934512833535,0.13690340167818116,-0.006790929510657743,0.17636092518174032,0.9553186284204912,1.1149703573702083,0.5642895526994739,-0.0843693708310462,-0.2168943304382987,-0.47053053508362536,-0.564618404666536,-0.30298911170375264,-0.36104957026694745,-0.09226553927193881,-0.3789574297633535,-0.1889406451384228,-0.2805277806612867,-0.22627863063810233,-0.16789457412041106,-0.1194957411143004,-0.1711534724157458,-0.29331703309012197,-0.23830992649976981,-0.18547173453098575,-0.1232948716050105,-0.15309097023168255,-0.5050960467941736,-0.45797385238731336,-1.185547876309211,-0.29498973881195173,-1.1304265901884734,-0.4360062373960579,-0.7098622535055418,-0.5468846419569181,-0.7783453774757525,-0.40711037406469774,-0.6982208754395988,-0.24492650498741353,-0.6185677000086734,2.0003126165146012,1.2532575461442719,1.5843502981153275,0.633483323112072,1.5216029585339925,0.36076469119882637,-1.6706589802924756,-0.46219536194962807,0.9658565520570345,0.5209326737263317,-1.4543227222289472,1.346260352871713,-1.1114468431090194,-1.6461729921871897,0.8300240227880579,1.647913673035656,-1.154516045595805,-1.1260146212166862,1.8862193191855048,-1.597560965235497,0,1,11,6,2,24,10,2,6,9
BE_026,51.331,5.004,True,-0.30703453134200853,0.1781633432555569,0.029705949739560755,-0.12209434279392435,0.33631196253385476,-2.7803606656999174,3.5440251377110426,1.2573898142564668,1.431184316584702,0.32998550435919444,-0.6343769928459315,-0.6607291624174956,-0.5393896856226682,4.749149470398671,0.4159913256975918,-1.620799485902394,6.476380327273603,6.452512640103047,5.369216002153569,-1.2104804520286392,-1.2022052999013864,0.21946254879709004,-0.7136934512833535,-0.8320845645140458,-0.5367834475973301,0.5263396624058275,1.1218616001995212,-0.16058442076642693,-0.4032925958646755,-0.0843693708310462,-0.2168943304382987,-0.47053053508362536,-0.564618404666536,-0.30298911170375264,-0.36104957026694745,-0.09226553927193881,-0.3789574297633535,-0.1889406451384228,-0.2805277806612867,-0.22627863063810233,-0.16789457412041106,-0.1194957411143004,-0.1711534724157458,-0.29331703309012197,-0.23830992649976981,-0.18547173453098575,-0.1232948716050105,-0.15309097023168255,-0.5050960467941736,-0.45797385238731336,-1.185547876309211,-0.3102019451720602,-1.5046126540714329,-0.08391063436678853,-0.23882187443519778,-0.5468846419569181,-0.7783453774757525,-0.24472152029052197,0.3540274861383882,-0.24492650498741353,0.7587261763467392,1.9488056669213176,1.298676576420123,0.2939565253401415,-0.3086620338130033,0.4306180350424892,2.422884532397039,-1.994962436017314,-0.42087674425315774,-1.048940107858829,-1.1652334266354785,-1.4543227222289472,1.346260352871713,-1.1114468431090194,-1.6461729921871897,0.8300240227880579,1.647913673035656,-1.154516045595805,-1.1260146212166862,1.8862193191855048,-1.597560965235497,0,1,11,6,1,24,10,2,6,9
BE_027,51.337,5.005,True,0.466425029660814,0.1781633432555569,0.029705949739560755,-0.12209434279392435,0.33631196253385476,-2.734269813424914,3.5440251377110426,-0.1762513863439995,-0.11553107799949544,-0.4987720290937579,-0.6343769928459315,-0.6607291624174956,-0.5234080350958734,1.7925273887031958,-0.52612482264958,-2.1749275565988637,1.7749854092195556,1.7048461558722672,0.545020021472076,-1.2104804520286392,-1.2022052999013864,0.9156883135430092,1.2292945241716924,-0.9540867013347427,0.39812540474196667,-1.2599197968442786,0.7074844411542709,0.9609018725557392,-0.7658866431345727,-0.0843693708310462,-0.2168943304382987,-0.47053053508362536,-0.564618404666536,-0.30298911170375264,-0.36104957026694745,-0.09226553927193881,-0.3789574297633535,-0.1889406451384228,-0.2805277806612867,-0.22627863063810233,-0.16789457412041106,-0.1194957411143004,-0.1711534724157458,-0.29331703309012197,-0.23830992649976981,-0.18547173453098575,-0.1232948716050105,-0.15309097023168255,-0.5050960467941736,-0.45797385238731336,-1.185547876309211,-0.3102019451720602,-1.5046126540714329,-0.3303775564872771,-0.23882187443519778,0.39163431055936476,0.9873709912148237,0.3236394679190933,0.8801516669273817,0.7168032577154579,1.2988281461296791,0.5213273496217407,1.0358003852744815,-0.9964372474350444,-0.9925966298519332,-0.9480991759632567,-0.46122836454003924,-1.3777397299603635,-0.42114579571722777,0.7349944347750085,0.8211542410592682,-1.8559050671369672,1.8063579585158787,-1.551428933711843,-1.566893698346152,0.7791874240100385,1.4614411192847632,-1.4781322225634368,-0.04719283399978823,-0.02579162746486699,-1.1587967727511008,0,1,11,6,0,24,10,2,6,9
BE_028,51.282,5.493,True,0.466425029660814,-1.8195005370842208,-1.056713342916952,1.721663705065484,0.9260223445216486,2.4463419822854835,3.5440251377110426,-0.41736377008135067,-0.5279885165552815,-1.028493339135851,-0.15179093055510323,-0.6607291624174956,-0.723178666680808,0.7590999212767205,-1.069911578108874,-2.35688005742457,0.18788959367466182,0.1021299956556697,-0.3788886621496457,0.2727071730858363,0.12777201000757632,1.3275049021603393,0.00013632750821179702,0.35902493260300294,0.22748306643695032,-0.6784778154242908,-1.7273441030327512,-1.0050441337768712,-0.4551231542794468,-0.0843693708310462,-0.2168943304382987,0.03733867057153182,-0.03160446123562325,0.12298047050101955,-0.04711468286750234,-0.09226553927193881,-0.3789574297633535,-0.027121149168749067,-0.2805277806612867,-0.22627863063810233,-0.16789457412041106,-0.1194957411143004,-0.1711534724157458,-0.29331703309012197,-0.23830992649976981,-0.18547173453098575,-0.1232948716050105,-0.15309097023168255,1.0901402687481185,-0.27085276062944497,0.5671792085278956,-0.2987927904019788,-1.1304265901884734,4.4581226447107865,4.2360617267330705,-0.17147706095040494,-0.18977325457889377,0.08005618725782962,0.8801516669273817,-0.24492650498741353,1.1052934877023988,-1.1416113086757045,0.21488454363085197,-1.6416341338226372,-0.877836291680313,-1.781323925223251,-0.8141022539309849,-1.0272827697415865,-0.42154937291333283,0.7594798108503749,0.7482706139485779,-1.8347547343784014,2.0962425414277113,-1.9997983023811838,-1.992449345351465,1.3941180573344398,0.7427454584396633,-2.006019005569118,-1.2384907281126722,1.8862193191855048,-1.6352186018389552,0,1,15,2,2,30,10,2,6,9
BE_029,51.278,5.518,True,0.466425029660814,-1.9242268963377458,-1.5275908332250498,2.079184029857908,0.8373048534261397,0.6695396270840976,3.5440251377110426,-0.36523136278678825,-0.3852147878244324,-1.0840286377692965,0.0960235338645112,-0.6607291624174956,-0.6752337151004237,1.6395986603396364,-0.922216409959436,-2.480938580714824,-0.35873681821099723,-0.44987636423103633,-0.6089644135734923,-0.52243037393256,-1.2022052999013864,2.186394340518097,1.3016889527958129,-0.4329229787963946,0.2233393668853387,0.12557049240228177,0.14819781630171905,-1.5857890640139398,-1.5259117393153616,-0.0843693708310462,-0.2168943304382987,0.03733867057153182,-0.20927577571259415,-0.30298911170375264,-0.36104957026694745,-0.09226553927193881,-0.3789574297633535,-0.1889406451384228,-0.2805277806612867,-0.22627863063810233,-0.09788397618243763,-0.1194957411143004,-0.1711534724157458,-0.29331703309012197,-0.23830992649976981,-0.18547173453098575,-0.1232948716050105,-0.15309097023168255,-0.5050960467941736,-0.37480892271714966,-0.3091843338906578,-0.3102019451720602,-1.5046126540714329,-0.4360062373960579,-0.7098622535055418,-0.3591808514536615,-0.18977325457889377,-0.40711037406469774,-0.6982208754395988,-0.24492650498741353,-0.6185677000086734,0.2932251442800557,0.9043622897016609,-0.9964372474350444,-0.36928140599236714,-1.0320210931549108,1.209408362360225,-0.6506723050288712,-0.07233338452490104,0.9588607303212154,1.3625811637235379,-1.886231145381163,2.248988402392584,-2.196959121772267,-1.8438463891464891,1.287424504746056,1.1087687204966359,-2.0825979077443066,-0.8811078153982906,1.8862193191855048,-1.6067346151481023,0,1,15,2,0,30,9,1,6,9
BE_030,51.277,5.52,True,0.466425029660814,-1.8676913852669168,-1.2993868723189521,1.9025625252925789,0.8738355850537022,-0.6578769184360045,0.21583722548565445,-0.7627409684078266,-0.36670708224821125,-1.0071336088922183,-0.12570519745830175,-0.6607291624174956,-0.5633621614128603,0.9977614216016687,-1.007253021924264,-2.4643974442761234,-0.19157560553818354,-0.28106993535129005,-0.5199705323605515,0.3473752995657214,-1.2022052999013864,1.0943185916037956,2.036727158908038,-0.4085273639715133,0.45804706212509194,0.7644076026078944,0.5908640946421904,1.3372108765387167,-1.3664154150440844,-0.0843693708310462,1.3795076201651721,0.545207876226689,-0.20927577571259415,-0.30298911170375264,0.05753027959897934,-0.09226553927193881,0.4858454491420866,-0.1889406451384228,-0.2805277806612867,-0.22627863063810233,-0.16789457412041106,-0.1194957411143004,-0.1711534724157458,-0.29331703309012197,-0.23830992649976981,-0.18547173453098575,-0.1232948716050105,-0.15309097023168255,-0.5050960467941736,-0.2916439930469859,0.2750580277217112,-0.3044973677870195,-1.1304265901884734,-0.3303775564872771,-0.23882187443519778,0.2039305200561082,0.398798868317965,3.7338053971767846,1.9324000285053686,-0.24492650498741353,1.869378688704516,0.3447320938733394,0.3165653435057013,0.2939565253401415,1.2294966923259703,-0.7862497642364952,1.113777450324099,-1.2469722074906706,-0.41616834363193206,-0.6151991602380528,-1.065571342762413,-1.8797521815497946,2.198632418585986,-2.1254109974186126,-1.7794124432826477,0.7991096247952509,1.5885890779286538,-1.0029836476591718,0.09749279670812909,1.8862193191855048,-0.9396481187694022,0,1,0,2,1,30,9,1,6,9
BE_031,51.136,5.041,True,0.466425029660814,-2.3350706403687886,-2.518909757279652,2.9423109821500133,0.33631196253385476,0.5796624651478401,1.1112380343584747,-0.534661686494116,-0.5332764324342018,-0.9686860944536791,0.1481950000581143,-0.6607291624174956,-0.5433850982543669,-0.457378599797045,-1.423484859436316,-2.257633238792366,-0.6411423949526608,-0.7350614029325322,-0.7482154691172432,0.5520153225934413,-1.2022052999013864,1.2677055088468465,0.7235820214466346,1.5222541327387997,0.6087169143558915,0.4463115483975241,1.036755099573087,1.5913417945704798,-0.7972399061088675,-0.0843693708310462,-0.2168943304382987,0.545207876226689,-0.3277233186972414,-0.30298911170375264,-0.15175964533398406,-0.09226553927193881,-0.3789574297633535,-0.08106098115864031,-0.2805277806612867,-0.22627863063810233,-0.16789457412041106,-0.1194957411143004,-0.1711534724157458,-0.29331703309012197,-0.23830992649976981,-0.18547173453098575,-0.1232948716050105,-0.15309097023168255,1.621885707262216,-0.3055048146586799,0.2750580277217112,-0.3102019451720602,-1.5046126540714329,2.9441115516849283,2.3519002104516944,-0.3591808514536615,-0.18977325457889377,-0.32591594717760985,-0.17209669465060531,-0.24492650498741353,-0.6185677000086734,1.7942848181414663,0.36041820032376426,0.2939565253401415,0.09654684841394054,-1.5954968228703026,-0.5461914376392255,-2.083884351296705,-0.48555159142580345,1.7878656060157634,1.1003355923646243,-1.398460535530963,1.272250593632896,-1.0352197841000927,-1.041507418088029,0.26253915864152755,1.2685028677914982,-0.8415931108229867,0.6658407093760847,-0.027347864364863042,0.4822732259068977,0,1,1,2,2,30,10,7,6,3
BE_032,51.137,5.038,True,0.466425029660814,-2.2802785430182473,-2.2930719231624392,2.768192213403104,0.33631196253385476,-1.2109671457360471,2.8724745310564277,-0.39129756643406943,-0.5464962221315026,-0.8917910655766013,-0.021362265071095603,-0.6607291624174956,-0.7311694919442053,-0.25810783253543773,-1.4190092482802725,-2.2410921023536656,-0.4194105439203321,-0.5111472463935692,-0.6273844577690444,1.1991894196406951,-0.8847492744280029,1.054518530421458,1.3945662706954993,0.6805951876974603,0.41183349126926927,-0.1548914174026421,0.3228831022971895,-0.7362111611497806,-0.8341349160042079,-0.0843693708310462,-0.2168943304382987,1.899525757973775,0.264514396225995,-0.30298911170375264,0.05753027959897934,-0.09226553927193881,-0.3789574297633535,0.02681868282114216,-0.2805277806612867,-0.22627863063810233,-0.16789457412041106,-0.054244175412692115,-0.1711534724157458,-0.29331703309012197,-0.23830992649976981,4.596570577472742,-0.1232948716050105,-0.15309097023168255,0.5583948302340213,-0.13917495531835233,0.8593003893340802,-0.27026990347677543,-0.007868398539594996,-0.18953931527556936,-0.003301684900025763,-0.5468846419569181,-0.7783453774757525,-0.40711037406469774,-0.6982208754395988,-0.24492650498741353,-0.6185677000086734,-0.3874024039169075,1.621970920571969,0.2939565253401415,0.580267843717974,-1.2717979994167796,-0.7799727621007041,-0.9383608544621954,-0.39326693924977985,0.500634406625073,-0.009814745348181476,-1.6420630675709236,1.5163312749516882,-1.2495486729047558,-1.533690723747851,0.17077840225968702,1.0726032615234828,-0.32935348955995175,-0.6277958314276472,-0.027347864364863042,-1.4900818351097171,0,1,1,2,0,30,10,2,6,3
BE_033,51.137,5.04,True,0.466425029660814,-2.3526900947936324,-2.5510471104703325,2.9727876645144873,0.5972457598735869,-0.23614562011972223,-0.2740990661617393,-0.2935493027567649,-0.5359203903736619,-1.028493339135851,-0.008319398522694886,-0.6607291624174956,-0.6872199529955197,-0.20481448780268224,-1.2869787191769873,-2.2907155116697675,-0.6362501986703091,-0.730121057199225,-0.7465072527825668,1.481987160491616,-0.5237239299535752,2.2204464281182235,2.052492083280987,-0.07844429873449575,0.6158332724407862,1.3252762133459293,0.6884320405980875,0.06601442331211023,-1.5799841816413314,-0.0843693708310462,-0.2168943304382987,2.5766846988473175,-0.0908282327279469,-0.30298911170375264,0.05753027959897934,-0.09226553927193881,-0.3789574297633535,-0.1889406451384228,-0.2805277806612867,0.07841620627587534,0.018800353714184766,0.14151052169213274,-0.1711534724157458,-0.29331703309012197,-0.23830992649976981,-0.18547173453098575,-0.1232948716050105,-0.15309097023168255,2.685376584290411,0.013294082410281096,0.8593003893340802,-0.24174701655157202,-0.3820544624225545,3.15536891350249,5.649182863944103,1.1424494725723913,0.398798868317965,-0.40711037406469774,-0.6982208754395988,-0.24492650498741353,-0.6185677000086734,0.41831345043517326,1.1128440719095125,0.2939565253401415,0.7178568513108304,-0.9720768665894435,-0.12528634762551766,-0.7919012292961395,-0.3496421661469949,-0.1919519452210051,-1.1349881160958315,-1.6420630675709236,1.5163312749516882,-1.2495486729047558,-1.533690723747851,0.17077840225968702,1.0726032615234828,-0.32935348955995175,-0.6277958314276472,-0.027347864364863042,-1.4900818351097171,0,1,1,2,1,30,10,2,6,3
BE_034,51.13,4.855,False,0.466425029660814,-1.8382089426178847,-1.5390615843424105,2.03650421806185,0.3884987220018012,1.74806557031918,1.1492503328483583,-0.16321828452035894,-0.3376235449141494,-0.7465448999198983,-0.21700526329710706,-0.6607291624174956,0.10786716071251959,-0.21871709947209667,-1.3250214140033574,-2.307256648108468,-0.431864458670201,-0.5237237337310536,-0.6083474991396934,-1.2104804520286392,-1.2022052999013864,1.828416022101763,1.1847645588471853,-1.540714362102364,0.2962396842644054,-0.38441067503453413,0.523935880119543,1.550643650247554,-2.822908252464731,-0.0843693708310462,-0.2168943304382987,-0.47053053508362536,0.14606685324134766,-0.30298911170375264,-0.36104957026694745,-0.09226553927193881,-0.3789574297633535,-0.1889406451384228,-0.2805277806612867,-0.22627863063810233,-0.16789457412041106,-0.1194957411143004,-0.1711534724157458,-0.29331703309012197,-0.23830992649976981,-0.18547173453098575,-0.1232948716050105,-0.15309097023168255,-0.5050960467941736,-0.37480892271714966,-0.8934266955030267,-0.3102019451720602,-1.5046126540714329,-0.4360062373960579,-0.7098622535055418,-0.5468846419569181,-0.7783453774757525,-0.40711037406469774,-0.6982208754395988,-0.24492650498741353,-0.6185677000086734,2.147475329638269,1.507339070950027,-0.35124036104745143,0.07772862091805659,-1.9551621822631058,0.11092466257248816,-1.879887016243984,-0.39276727224507835,-0.21993523216428099,-0.6617426510512399,-1.7222581659229446,1.4170429315056663,-1.0504360051877721,-1.940559102668749,-0.21162546105778862,-0.17282574530417336,0.13726520168596693,0.44717635513038606,-0.07594766764567339,-0.5959986784241148,0,1,0,2,2,30,7,2,6,9
BE_035,51.131,4.857,True,0.466425029660814,-2.0278048560697197,-1.7565257321906158,2.2835609229409544,0.5972457598735869,-1.3492397025610576,3.303280580608445,-0.143668631784898,-0.28474438612494607,-0.6607215038009816,0.161237866606515,-0.6607291624174956,-0.28767868982565076,-0.09822779833717142,-1.2444604131945733,-2.1170335790634116,-0.4382883093021942,-0.5302108084986084,-0.6264137561775163,1.688495795387922,-0.33795215374253795,1.1663130106971733,1.0556979529765567,0.46141389058341575,0.520218234328437,-0.4204574016472847,-1.0517623014812714,0.5103369262158899,-1.2861334785725944,-0.0843693708310462,-0.2168943304382987,0.03733867057153182,-0.20927577571259415,-0.30298911170375264,1.522559754129723,-0.09226553927193881,0.4858454491420866,-0.1889406451384228,-0.2805277806612867,-0.22627863063810233,-0.16789457412041106,0.1251976302667307,-0.1711534724157458,-0.29331703309012197,-0.23830992649976981,-0.18547173453098575,-0.1232948716050105,-0.15309097023168255,0.29252211097697256,-0.10452290128911748,0.5671792085278956,-0.2759744808618161,-0.007868398539594996,-0.25995843588142326,-0.003301684900025763,0.39163431055936476,-0.18977325457889377,0.2424450410320054,0.8801516669273817,0.2359383763640222,1.4473731145244455,0.03569039631363721,-0.5800087236372238,-0.9964372474350444,-0.35154291286100114,-1.1878760822251255,-0.959845434282985,-0.7552863230046254,-0.3562275210294711,0.05989763726847783,-0.3664623465732654,-1.629227657028251,1.1130879533413536,-0.6522263878306311,-1.8473853898342887,0.7934121887041391,2.006322246745825,-0.616689223367399,-0.6103435945602824,-0.07594766764567339,-1.0954238587896516,0,1,15,2,0,30,4,2,6,9
BE_036,51.131,4.858,True,0.466425029660814,-1.9056928340071713,-1.9608952289239603,2.3415074793823254,0.419810777682569,-1.0242991940222825,1.9981916657890986,-0.37174791369860855,-0.4592456101293171,-0.8234399287969763,-0.6343769928459315,-0.6607291624174956,-0.4834539087788866,-0.2650591383701449,-1.0609603557967868,-1.5463643719282416,-0.5249283230015785,-0.6177035412733567,-0.6609609663173421,0.37213200178133427,-0.523732484840415,1.0541891709909048,1.785794920764836,-0.10678375049569588,0.6091594818580676,0.5993594102721961,0.3792590959234702,0.36027144213560436,-0.8080595285981723,-0.0843693708310462,-0.2168943304382987,0.2066284057899175,-0.3277233186972414,-0.30298911170375264,-0.15175964533398406,-0.09226553927193881,-0.09068980346154015,-0.1889406451384228,-0.2805277806612867,-0.22627863063810233,-0.16789457412041106,0.10888473884132864,-0.1711534724157458,-0.29331703309012197,-0.16234042810717228,-0.18547173453098575,-0.1232948716050105,-0.15309097023168255,0.5583948302340213,-0.2362007066002101,0.8593003893340802,4.744053617973982,0.740503729226324,-0.2247488755784963,0.23221850463514626,0.2039305200561082,0.9873709912148237,0.7296116023545328,-0.17209669465060531,0.2359383763640222,-0.6185677000086734,-0.6743696945080595,-0.7497578314851654,-0.9964372474350444,-0.07019498702090006,-1.1638983915989385,-0.6331286303993402,-1.2365108056930951,-0.31583777148276637,0.4586594762101591,0.5057900940095125,-1.629227657028251,1.1130879533413536,-0.6522263878306311,-1.8473853898342887,0.7934121887041391,2.006322246745825,-0.616689223367399,-0.6103435945602824,-0.07594766764567339,-1.0954238587896516,0,1,15,2,1,30,4,2,6,9
CH_001,47.325,8.417,True,0.466425029660814,0.8217254298647817,-0.056799979056493415,-0.44098096385891455,0.33631196253385476,-0.014909529199705061,0.1313654510636906,-0.18276793725581977,-0.250372932911964,-0.8106240906507965,0.12210926696131276,0.1864368449731535,-0.723178666680808,-0.27664464809465694,-0.43661259952870857,-0.9095306190382696,-0.4421007661812176,-0.5340607879329262,-0.31012086767135916,0.4967681588756263,0.4825385262488621,-0.9841801882250418,0.5629686866862894,-0.43210823779942104,0.011829407348610863,-0.7430330787941193,0.7794910240034302,-0.6811428046112954,-0.9283608982047652,-0.0843693708310462,1.3795076201651721,0.545207876226689,-0.20927577571259415,-0.30298911170375264,0.2668202045319428,-0.09226553927193881,-0.09068980346154015,-0.08106098115864031,-0.2805277806612867,0.38311104318985295,-0.16789457412041106,-0.1194957411143004,-0.1711534724157458,-0.29331703309012197,-0.23830992649976981,-0.18547173453098575,-0.1232948716050105,-0.15309097023168255,-0.5050960467941736,-0.26392234982359797,0.8593003893340802,-0.09723105613054142,0.740503729226324,-0.4360062373960579,-0.7098622535055418,-0.17147706095040494,0.398798868317965,-0.40711037406469774,-0.6982208754395988,-0.24492650498741353,-0.6185677000086734,0.37416463649807297,-0.6843399709021758,0.2939565253401415,-0.3882538812546108,-1.3077645353560599,0.40100636121005845,-0.4362135681785748,-0.31530607454186604,-1.6435849554034414,-1.0133294427393869,0.2313671781253583,-0.3793232131741957,0.42659504234357154,0.6613715301362925,-0.21162546105778862,-0.17282574530417336,0.13726520168596693,-0.022041395814694158,-0.9280039653367581,0.0014764575181038836,1,3,4,2,0,30,10,6,5,2
CH_002,47.641,9.102,True,0.466425029660814,0.39310249594173974,-0.20674084798358489,-0.09779172066355309,0.5085282687780779,-0.3744181769447327,0.6719848073642608,-0.28703275184494464,-0.22128939557790211,-0.6824657091889998,-0.6343769928459315,0.04524251040804532,-0.7191832540491093,-0.2951814636538762,-0.5731187397880375,-0.3967553894385516,-0.3686822960860499,-0.45991972642461065,-0.26916915652318263,0.3949697301978623,0.7505609281818393,0.7897814420362795,-0.7136934512833535,-0.0810162408201989,0.0683467974426433,-0.6481750022366913,0.1550517874871881,-1.3686804040843004,-0.28572836120630024,-0.0843693708310462,-0.2168943304382987,-0.1319510646468539,-0.20927577571259415,-0.30298911170375264,-0.15175964533398406,-0.09226553927193881,-0.3789574297633535,0.02681868282114216,-0.2805277806612867,-0.22627863063810233,-0.16789457412041106,-0.1194957411143004,-0.1711534724157458,-0.29331703309012197,-0.23830992649976981,-0.18547173453098575,-0.1232948716050105,-0.15309097023168255,0.026649391719923816,-0.3470872794937618,0.2750580277217112,0.16898255517135685,1.8630619208752024,-0.2247488755784963,0.23221850463514626,-0.5468846419569181,-0.7783453774757525,-0.40711037406469774,-0.6982208754395988,-0.24492650498741353,-0.6185677000086734,0.03569039631363721,-0.6497636799494723,-2.28683102021023,-0.06711003169370597,-0.46854536343951897,-0.2104392399228701,-0.5512889879519045,-0.37497143969301716,-0.27240389518292324,0.7004917900526141,0.16645311187413947,-0.629341458067035,0.8424386578202162,0.26172749753449,-0.21162546105778862,-0.17282574530417336,0.13726520168596693,-0.022041395814694158,0.28476835310742565,0.0014764575181038836,1,3,4,2,0,30,10,6,5,2
CH_003,47.467,8.197,True,0.466425029660814,0.4093053114485736,-0.2781742157955167,-0.06217408528532778,0.5450590004056404,0.17867205035530936,-0.7471410029247372,-0.5281451355822958,-0.538564348313122,-0.6952815473351796,-0.15179093055510323,-0.3581698740636924,-0.5433850982543669,-0.23261971114151117,-0.8148017422143904,-1.6290700541217444,-0.5512472097123485,-0.6442814609157059,-0.5094508768610139,1.3222963953440539,-1.2022052999013864,-0.9841801882250418,-0.7136934512833535,-0.9689289635304728,0.28303484239514454,0.4399857558183076,0.380170283649911,-0.32480788700644553,-0.8856735378793763,-0.0843693708310462,1.3795076201651721,0.8837873466634604,-0.20927577571259415,-0.30298911170375264,-0.15175964533398406,-0.09226553927193881,-0.09068980346154015,-0.1889406451384228,-0.2805277806612867,-0.22627863063810233,-0.16789457412041106,-0.1194957411143004,-0.1711534724157458,-0.29331703309012197,-0.16234042810717228,-0.18547173453098575,-0.1232948716050105,-0.15309097023168255,0.5583948302340213,-0.2777831714352919,0.8593003893340802,-0.2797775324518432,-0.3820544624225545,-0.4360062373960579,-0.7098622535055418,-0.5468846419569181,-0.7783453774757525,-0.40711037406469774,-0.6982208754395988,-0.24492650498741353,-0.6185677000086734,-0.7957789328350854,-1.5005572921724415,0.2939565253401415,-0.38887087232004963,-1.415664143173901,-1.128253026896028,-1.827580007256107,-0.4263858932793538,0.3572200610407841,-0.18032816273836405,0.5183051957428845,-1.059471905874357,1.2684810597176148,0.25446786976681995,-0.21162546105778862,-0.17282574530417336,0.13726520168596693,-0.022041395814694158,-0.7024362404410768,0.0014764575181038836,1,3,13,2,0,30,18,6,5,2
CH_004,47.282,8.522,True,0.466425029660814,0.8851168575435793,-0.18105866838273926,-0.39945128560158266,0.5241842966184619,-0.31910915421472835,0.9254001306301533,-0.09153622449033554,-0.16312232090977846,-0.7465448999198983,-0.08657659781309943,0.0654131296316322,-0.7391603172076028,-0.3484748083866317,-0.34710037640783714,0.9265355256574951,-0.048610815925230755,0.5414494359494272,0.1741602255324905,0.18800194600171977,0.15765073153167564,-0.1349777107332456,-0.7136934512833535,-0.7716284362445699,0.29604013420929903,0.29241779424934816,0.9048988430465702,-0.6803981260408861,0.24861083869953074,-0.0843693708310462,-0.2168943304382987,1.899525757973775,-0.564618404666536,-0.30298911170375264,0.2668202045319428,-0.09226553927193881,-0.3789574297633535,-0.1889406451384228,-0.2805277806612867,-0.22627863063810233,-0.12122084216176211,-0.1194957411143004,-0.1711534724157458,-0.29331703309012197,-0.16234042810717228,-0.18547173453098575,-0.1232948716050105,-0.15309097023168255,0.026649391719923816,-0.27778317143529196,0.2750580277217112,-0.21892870701140932,0.740503729226324,-0.3303775564872771,-0.23882187443519778,-0.5468846419569181,-0.7783453774757525,-0.40711037406469774,-0.6982208754395988,-0.24492650498741353,-0.6185677000086734,1.3969454927075635,0.11199899494231957,-0.9964372474350444,1.383127467620236,0.21481881940680725,-0.3222047838031223,-0.8860538454743183,-0.25525635015632914,-0.9859777122364582,-1.4919943573668402,1.7677053370903408,-0.9568053063930698,0.3343829798821913,2.070782729371836,-0.21162546105778862,-0.17282574530417336,0.13726520168596693,-0.022041395814694158,-0.9513706411242888,0.0014764575181038836,1,3,4,2,2,30,10,6,5,2
CH_005,47.552,8.421,True,0.466425029660814,-0.3142856850198337,0.8255816276153402,-0.33794495099719823,0.9260223445216486,-0.9828174269747796,1.0605549697052967,-0.33264860822768677,-0.5438522641920424,-0.8832471734791482,0.030809201122507384,-0.6607291624174956,-0.3316282287743363,-0.288230157819169,-0.9244542155374578,-1.6290700541217444,0.22270993271048103,0.13729303970778203,-0.1223382042165672,1.1590284646217361,-1.2022052999013864,0.059871972392686004,-0.7136934512833535,0.4335770383148071,0.41719891880385274,0.11197210409827767,0.6493851180033683,0.3889285165085567,-0.49180849602931276,-0.0843693708310462,-0.2168943304382987,0.8837873466634604,-0.0908282327279469,-0.30298911170375264,0.05753027959897934,-0.09226553927193881,-0.3789574297633535,0.13469834680092466,-0.2805277806612867,-0.22627863063810233,-0.12122084216176211,-0.1194957411143004,-0.1711534724157458,0.5932626996964049,-0.16234042810717228,4.596570577472742,-0.1232948716050105,-0.15309097023168255,-0.5050960467941736,-0.22233988498851617,1.1514215701402646,-0.29498973881195173,-1.1304265901884734,2.275129905929316,1.6453396418461785,-0.3591808514536615,-0.18977325457889377,-0.40711037406469774,-0.6982208754395988,-0.24492650498741353,-0.6185677000086734,0.4551041287160902,-0.7745756570470361,0.2939565253401415,1.5154720511568625,-0.6244003525097337,-0.532372600012727,-0.6454416041300834,-0.4311903837091759,0.6370529304735428,0.31730482542910493,0.48280153276466464,-0.16941119463847487,-0.045483922498543564,0.6917148285063325,-0.21162546105778862,-0.17282574530417336,0.13726520168596693,-0.022041395814694158,-0.6798493057202171,0.0014764575181038836,1,3,4,2,2,30,10,6,5,2
CH_006,47.641,9.101,True,0.466425029660814,0.3491770456801317,-0.17554328464720942,-0.09196684867812603,0.8216488255857558,-0.6693996315047557,1.0605549697052956,-0.37174791369860855,-0.250372932911964,-0.80635214460207,0.3047093986389235,0.14609560652597975,-0.7191832540491093,-0.2905472597640714,-0.4298991827946431,-0.5621667538255568,-0.2289290443521445,-0.318791010185227,-0.12456224734994568,1.7445505532092436,0.38483295814927393,-0.1349777107332456,-0.7136934512833535,-0.75874263514077,0.09931413887590694,1.3744947498266782,0.4451340610023418,-0.647299720550564,0.6774644045099262,-0.0843693708310462,1.3795076201651721,0.8837873466634604,1.5674373690571148,-0.30298911170375264,0.6854000543978697,-0.09226553927193881,-0.3789574297633535,0.7819763306796196,-0.2805277806612867,-0.22627863063810233,-0.07454711020311315,0.04363317313972034,-0.1711534724157458,-0.29331703309012197,-0.08637092971457469,-0.18547173453098575,-0.1232948716050105,-0.15309097023168255,2.685376584290411,0.2627888714207722,1.4435427509464491,0.4656205791934721,1.488875856992243,-0.3303775564872771,-0.23882187443519778,-0.3591808514536615,-0.18977325457889377,-0.40711037406469774,-0.6982208754395988,-0.24492650498741353,-0.6185677000086734,0.17549497378112155,-0.8748107583454658,1.5843502981153275,1.8865921770183116,2.480710583581468,2.56570449709728,-1.6392747748997492,-0.3561122132591554,-1.279802225140855,-0.5650293853335551,0.16645311187413947,-0.629341458067035,0.8424386578202162,0.26172749753449,-0.21162546105778862,-0.17282574530417336,0.13726520168596693,-0.022041395814694158,0.28476835310742565,0.0014764575181038836,1,3,4,2,2,30,10,6,5,2
CH_007,47.272,8.544,True,0.466425029660814,1.4958541714282425,-0.44331527624337047,-0.5885308480681449,0.3884987220018012,-0.19927293829971948,0.6550904524798681,-0.33264860822768677,-0.23715314321466313,-0.5414914895810234,-0.2430909963939086,0.3881430372090223,-0.723178666680808,-0.10749620611678103,-0.3001064592693796,-0.7523898228706138,-0.38554488968983136,-0.4769482832434482,-0.2308459698991736,1.2951255800705956,0.7163921003822533,-0.9841801882250418,0.5629686866862894,-0.13192250268212252,-0.0008326656576640718,1.6423719825784016,-4.394570533138917,-1.4710564024025992,-0.17237686741821756,-0.0843693708310462,-0.2168943304382987,3.25384363972086,-0.20927577571259415,-0.30298911170375264,0.8946899793308329,-0.09226553927193881,-0.3789574297633535,0.13469834680092466,0.9111932131156929,-0.22627863063810233,-0.07454711020311315,-0.08686995826349626,-0.1711534724157458,-0.29331703309012197,-0.23830992649976981,-0.18547173453098575,-0.1232948716050105,-0.15309097023168255,-0.5050960467941736,-0.08373166887157656,0.8593003893340802,-0.12004936567070418,0.36631766534336446,-0.4360062373960579,-0.7098622535055418,-0.3591808514536615,-0.18977325457889377,-0.40711037406469774,-0.6982208754395988,-0.24492650498741353,-0.6185677000086734,-3.356410141186904,2.0359828503941486,-0.9964372474350444,0.8025388750423083,0.3227184272246482,-0.5621362502851854,-0.6663644077252343,-0.39502217975347487,-1.258814759933398,0.16014078752611827,0.6272015592848896,-0.08653155007438978,-0.26004633701605506,0.6684240620638081,-0.21162546105778862,-0.17282574530417336,0.13726520168596693,-0.022041395814694158,0.18253922490198835,0.0014764575181038836,1,3,4,2,1,30,10,6,5,2
CH_008,47.561,8.456,True,0.466425029660814,-0.2917824063713111,-0.7378607231760367,0.634311289637947,0.8581795572133183,-0.8168903587847667,0.02999932175733352,-0.5411782374059364,-0.5676478856471839,-0.8832471734791482,-0.13874806400670253,-0.3581698740636924,-0.7032016035223145,-0.49213512897058115,-1.1034786617792007,-1.0253185741091735,-0.5324560902133639,-0.6253053974703846,-0.5368949077002202,1.1088678546598718,0.14293942330055978,1.6451893103911668,-0.7136934512833535,-0.22408124003701177,0.4413254609333256,2.2132510154672755,0.13776751060763562,-0.3711253754369161,-0.36512011067520656,-0.0843693708310462,-0.2168943304382987,1.5609462875370033,-0.20927577571259415,-0.019009390233904522,1.1039799042637966,-0.09226553927193881,-0.3789574297633535,0.13469834680092466,-0.2805277806612867,-0.22627863063810233,-0.16789457412041106,-0.1194957411143004,-0.1711534724157458,-0.29331703309012197,-0.23830992649976981,-0.18547173453098575,-0.1232948716050105,-0.15309097023168255,-0.5050960467941736,-0.18075742015343424,0.2750580277217112,-0.21132260383135507,0.36631766534336446,0.30339452896540786,1.8808598313813505,-0.3591808514536615,-0.18977325457889377,-0.32591594717760985,-0.17209669465060531,-0.24492650498741353,-0.6185677000086734,-0.19976994468423115,-0.6133802657762443,0.2939565253401415,0.0374699538981737,-0.42058998218714516,-0.1337522838637297,-1.1894344976040057,-0.38214614540155156,0.19631616111694775,-0.7249828458159558,-0.48556861377703114,0.8027199353412229,-0.9002784104662259,0.02880981234278718,-0.21162546105778862,-0.17282574530417336,0.13726520168596693,-0.022041395814694158,-0.027347864364863042,0.0014764575181038836,1,3,4,2,1,30,10,7,5,2
CH_009,47.399,8.225,True,0.466425029660814,-0.1628879310118244,0.003945296047302466,0.09202362325006314,0.3519679903742387,0.3722536299103244,-0.45993696989005883,-0.5151120337586552,-0.4618895680687773,-0.6952815473351796,0.10906640041291203,-0.418681731734453,-0.5313988603592708,-0.22798550725170635,-0.870746881664935,-1.5380938037088914,-0.4108734128605087,-0.502526092095605,-0.35744523235972003,0.8158252997805034,-0.5108027829743076,-0.1349777107332456,-0.7136934512833535,-1.0710304036374874,0.07176042865437617,1.44589707051567,-0.4943323021876197,0.11949586537881282,-0.659985398253655,-0.0843693708310462,-0.2168943304382987,3.25384363972086,0.027619310256700412,-0.30298911170375264,0.2668202045319428,-0.09226553927193881,-0.3789574297633535,-0.1889406451384228,-0.2805277806612867,-0.22627863063810233,-0.16789457412041106,-0.08686995826349626,-0.1711534724157458,-0.29331703309012197,-0.23830992649976981,-0.18547173453098575,-0.1232948716050105,-0.15309097023168255,1.621885707262216,-0.12531413370665845,0.2750580277217112,-0.2797775324518432,-0.3820544624225545,-0.400796677093131,-0.4743420639703698,-0.5468846419569181,-0.7783453774757525,-0.40711037406469774,-0.6982208754395988,-0.24492650498741353,-0.6185677000086734,-0.5750348631495839,-0.5822977463832215,0.2939565253401415,0.3160414199438001,-0.9241214853370697,0.9044828024260586,-1.7020431856852019,-0.43944129527399045,-1.3917353729139585,-0.35757604321313197,0.3773513847283241,-0.5050935089834426,0.5242618388235815,0.1452932893228505,-0.21162546105778862,-0.17282574530417336,0.13726520168596693,-0.022041395814694158,-0.9874206476467875,0.0014764575181038836,1,3,4,2,1,30,10,6,5,2
CH_010,47.278,8.438,True,0.466425029660814,0.14045550156972073,-0.44480081218782797,0.19882807001687713,0.6285578155543541,-0.8998538928797735,1.0774493245896888,-0.1697348354321792,-0.1393266994546369,0.09502847167923369,-0.20396239674870634,-0.1968049202749973,0.06391762176383403,-0.288230157819169,-0.15688690227598523,0.20699609057401985,-0.1023158918507592,-0.19093171925749622,0.43766983779226404,1.1537615324383423,0.5767247040710165,0.5550793678542377,-0.7136934512833535,0.15812481947638973,0.4975944041885853,1.4111828783959115,-2.12085613028252,0.10843238472562523,-0.9255444244553277,-0.0843693708310462,-0.2168943304382987,0.2066284057899175,-0.20927577571259415,-0.30298911170375264,-0.36104957026694745,-0.09226553927193881,0.7741130754439,-0.1889406451384228,-0.2805277806612867,0.38311104318985295,-0.12122084216176211,-0.1194957411143004,-0.1711534724157458,-0.29331703309012197,-0.23830992649976981,-0.18547173453098575,-0.1232948716050105,-0.15309097023168255,1.0901402687481185,-0.250061528211904,0.5671792085278956,1.3707468576199273,1.488875856992243,-0.18953931527556936,0.23221850463514626,-0.5468846419569181,-0.7783453774757525,-0.40711037406469774,-0.6982208754395988,-0.24492650498741353,-0.6185677000086734,-1.531592498453424,-1.3141826506956737,0.2939565253401415,1.807000329576704,-0.9720768665894435,-0.0017140496193284985,-0.708210014915536,-0.2770367067715228,-0.41931615163512165,-1.0722261080590152,0.21359837408108348,-0.3730229189875511,0.42823000301345515,0.21755011353574966,-0.21162546105778862,-0.17282574530417336,0.13726520168596693,-0.022041395814694158,-0.7024362404410768,0.0014764575181038836,1,3,4,3,0,13,13,6,5,2
CH_011,47.389,8.768,True,0.466425029660814,0.3069101990187901,-0.32430986777308335,0.026312720429827397,0.3154372587466762,-0.12552757465971365,0.7733509366706178,-0.07850312266669497,-0.2768125123065656,-0.14847245309818,-0.16483379710350402,-0.1766343010514104,-0.5713529866762578,-0.32298668699270516,-0.3918564879682729,0.09947870372246617,-0.3047786626660926,-0.39538714749927356,-0.027222263129064474,0.3783052697126388,1.3404556665755807,-0.9841801882250418,-0.7136934512833535,0.49619816590171023,0.18744348064209485,1.1468566476975273,-2.906981194050007,-0.047439482024598315,0.6701512406943924,-0.0843693708310462,-0.2168943304382987,-0.47053053508362536,0.8567521111492312,-0.30298911170375264,-0.36104957026694745,-0.09226553927193881,0.19757782284027323,-0.1889406451384228,-0.2805277806612867,-0.22627863063810233,-0.16789457412041106,-0.1194957411143004,-0.1711534724157458,0.5932626996964049,-0.08637092971457469,-0.18547173453098575,-0.1232948716050105,-0.15309097023168255,0.026649391719923816,-0.20847906337682218,0.2750580277217112,0.18419476153146552,1.488875856992243,-0.4360062373960579,-0.7098622535055418,-0.5468846419569181,-0.7783453774757525,-0.40711037406469774,-0.6982208754395988,-0.24492650498741353,-0.6185677000086734,-1.5830994480467078,-0.6889180163941714,0.2939565253401415,0.837090374706882,0.7423280131829187,0.23221913020068305,-1.1998958994015811,-0.4195699228562461,0.07738719160802525,0.007997710266076903,-0.01730705688064416,-0.07463286413393122,0.12444701287054968,0.14557053052821847,-0.21162546105778862,-0.17282574530417336,0.13726520168596693,-0.022041395814694158,-0.9395577336014207,0.0014764575181038836,1,3,16,3,0,13,13,6,5,2
CH_012,47.279,8.526,True,0.3890790735605318,0.6598643141315678,-0.48639979172093384,-0.07632422070089469,0.2110637398107834,-0.3836363473997333,1.1619210990116533,0.14957615924701556,-0.07587170890759294,-0.6653779249940937,-0.07353373126469871,0.025071891184458434,0.14782128702950656,-0.04493445360441587,0.6845279950602061,-0.4215670940966019,-0.1507320733275076,-0.23982441729672757,0.33269063391704334,-0.08885973073401106,1.0162633485056518,-0.9841801882250418,-0.7136934512833535,0.3712480804885282,0.23734814301723303,-0.34497910089903294,-0.06201604568563489,0.8814466005109336,1.4499049463774405,-0.0843693708310462,-0.2168943304382987,-0.1319510646468539,1.3305422830878202,-0.30298911170375264,-0.36104957026694745,-0.09226553927193881,-0.09068980346154015,-0.08106098115864031,-0.2805277806612867,-0.22627863063810233,-0.16789457412041106,-0.1194957411143004,-0.1711534724157458,-0.29331703309012197,-0.23830992649976981,-0.18547173453098575,-0.1232948716050105,-0.15309097023168255,0.026649391719923816,-0.18075742015343432,0.2750580277217112,1.0588966272377027,1.8630619208752024,-0.4360062373960579,-0.7098622535055418,-0.3591808514536615,-0.18977325457889377,-0.40711037406469774,-0.6982208754395988,-0.24492650498741353,-0.6185677000086734,-0.920867238990203,-1.3521322383266898,1.5843502981153275,2.1509728485588453,1.401714505403058,0.2102001032134051,-0.13283291604888736,-0.28973337348073275,0.21730362632440467,0.032863420116853705,1.389265014949126,-1.1006777295163654,0.7866131011720041,1.5000992444631702,-0.21162546105778862,-0.17282574530417336,0.13726520168596693,-0.022041395814694158,-0.9513706411242888,0.0014764575181038836,1,3,4,3,0,13,13,6,5,2
CH_013,47.603,8.695,True,0.27306013941010837,0.4260927646283343,-0.0400373588379773,-0.2219930804926566,0.16931433223642628,-0.07943672238470904,0.21583722548565445,-0.09153622449033554,0.029886608670813712,-0.5799390040195624,-0.021362265071095603,-0.0556105857098891,-0.4315135445668035,-0.23261971114151117,-0.07185029031115743,0.8521004116833426,-0.4910371695889419,-0.5019018508060133,-0.33274093216155876,1.190447865886818,0.11725030268111752,-0.9841801882250418,-0.7136934512833535,0.32670818466425744,0.22564084507400015,0.25365307355594724,-0.05097235748666968,1.1939010509947487,-0.8699759055607114,-0.0843693708310462,-0.2168943304382987,1.899525757973775,1.8043324550264095,-0.30298911170375264,0.4761101294649061,-0.09226553927193881,-0.09068980346154015,-0.1889406451384228,-0.2805277806612867,-0.22627863063810233,-0.16789457412041106,-0.1194957411143004,-0.1711534724157458,1.4798424324829318,-0.08637092971457469,-0.18547173453098575,-0.1232948716050105,-0.15309097023168255,0.5583948302340213,0.06873736885705695,0.8593003893340802,1.3555346512598183,1.1146897931092834,-0.2951679961843502,-0.4743420639703698,-0.5468846419569181,-0.7783453774757525,-0.40711037406469774,-0.6982208754395988,-0.24492650498741353,-0.6185677000086734,0.38152277215425634,0.026943728696296316,0.2939565253401415,1.7999049323241578,0.4306180350424892,0.9214906025817492,-1.754350194673079,-0.4565837171275958,-0.11149999525908694,0.019235098371716417,0.163470213404168,-0.8405875399640363,1.161416537375108,0.12824629544820662,-0.21162546105778862,-0.17282574530417336,0.13726520168596693,-0.022041395814694158,-0.7249877726163443,0.0014764575181038836,1,3,4,3,2,13,13,6,5,4
CH_014,47.318,8.637,True,-0.11366964109130288,1.339213290072726,-0.19228501036394718,-0.6558498009569423,0.2632504992787298,0.16945387990030966,0.9760831952833318,-0.20231758999128072,0.16208450564382204,-0.05448964002619587,-0.08657659781309943,0.22677808342032726,0.6712203417820349,-0.07969098277795203,0.7292841066206418,0.8686415481220429,-0.22711811271190366,-0.01116023186456801,0.04478558175581019,0.57301439517773,0.9761841947221166,-0.9841801882250418,-0.7136934512833535,0.654798865903584,0.0476953111492757,0.2761147441398508,-0.3423306268648376,1.0656406677096613,-0.5389561889132192,-0.0843693708310462,-0.2168943304382987,-0.1319510646468539,2.041227540995704,-0.30298911170375264,-0.36104957026694745,-0.09226553927193881,0.4858454491420866,1.105615322618967,-0.2805277806612867,-0.22627863063810233,-0.16789457412041106,-0.1194957411143004,-0.1711534724157458,1.4798424324829318,-0.23830992649976981,-0.18547173453098575,-0.1232948716050105,-0.15309097023168255,-0.5050960467941736,0.09645901208044484,0.2750580277217112,0.5721060237142316,1.488875856992243,-0.3303775564872771,-0.23882187443519778,-0.5468846419569181,-0.7783453774757525,-0.40711037406469774,-0.6982208754395988,-0.24492650498741353,-0.6185677000086734,-0.5088116422439334,-0.7178319879225645,-0.9964372474350444,0.708139242030169,-0.3126903743693042,0.4064731541172447,-0.26883113941736797,-0.40004447374944896,0.3292367740975082,0.9575968540866076,-0.004622376115958921,-0.20976983662807105,0.3193913027491742,0.11037926885166109,-0.21162546105778862,-0.17282574530417336,0.13726520168596693,-0.022041395814694158,-0.9060626845411384,0.0014764575181038836,1,3,4,3,2,13,13,7,5,2
CH_015,47.333,8.427,True,0.466425029660814,0.9640067571842206,0.22897908836905065,-0.703638477521248,0.5085282687780779,-0.3744181769447327,1.4491251320463319,0.0648609973933516,0.1092053468546187,-0.3877014318268674,-0.021362265071095603,0.8117260409043469,-0.6352795887834368,-0.22798550725170635,0.23696687945584893,0.8024770023672404,-0.26949825686924433,-0.034179442303849734,0.014588212665577378,-0.02155273558071717,0.8979968472403265,-0.9841801882250418,-0.7136934512833535,0.19986968458909796,-0.13488406970740296,0.7788151486006665,-0.9771076041341266,1.3967657281451196,-0.718465214768078,-0.0843693708310462,-0.2168943304382987,-0.47053053508362536,1.212094740103173,-0.30298911170375264,-0.36104957026694745,-0.09226553927193881,-0.3789574297633535,-0.1889406451384228,-0.2805277806612867,-0.22627863063810233,-0.12122084216176211,-0.08686995826349626,-0.1711534724157458,0.5932626996964049,-0.23830992649976981,-0.18547173453098575,-0.1232948716050105,-0.15309097023168255,1.0901402687481185,-0.16689659854174033,0.2750580277217112,0.4732266823735264,1.488875856992243,-0.4360062373960579,-0.7098622535055418,-0.5468846419569181,-0.7783453774757525,-0.40711037406469774,-0.6982208754395988,-0.24492650498741353,-0.6185677000086734,-0.8914346963654695,-0.855896201970642,-0.9964372474350444,0.8179636516782787,-0.6723557337621074,-0.5732976191373573,-0.5408275861543291,-0.3850544636084039,0.3222409523616892,2.1901231452477075,0.10530065841198023,-0.19063074850089518,0.22203718372603123,0.11006653743175053,-0.21162546105778862,-0.17282574530417336,0.13726520168596693,-0.022041395814694158,0.13014360493595065,0.0014764575181038836,1,3,4,3,2,13,13,7,5,2
CH_016,47.774,8.568,True,0.3890790735605318,1.929688624463828,-0.6404755522553911,-0.7159937333131626,0.12756492466206917,-1.2317080292597986,2.5303638446474723,0.7230326394872021,-0.1842739844254598,0.19328323079994453,-0.13874806400670253,0.7512141832335862,-0.6232933508883407,0.03152991057736361,0.6845279950602061,0.6866890472963366,0.5300439672339715,0.7751122247632368,1.1939919176863771,1.5954456149525316,0.8895826310843852,0.3947419171926922,-0.7136934512833535,-0.4191773089942211,-0.17908720822768373,0.5313960511903266,-2.994211829080616,-0.27681465563004004,-0.5944720364612962,-0.0843693708310462,-0.2168943304382987,0.8837873466634604,1.9227799980110567,-0.019009390233904522,0.8946899793308329,-0.09226553927193881,0.4858454491420866,-0.08106098115864031,-0.2805277806612867,0.38311104318985295,0.7655800650525683,-0.1194957411143004,-0.1711534724157458,1.4798424324829318,-0.16234042810717228,-0.18547173453098575,-0.1232948716050105,-0.15309097023168255,1.621885707262216,0.44297955237279385,2.027785112558818,0.03967880111043486,0.36631766534336446,-0.04870107406386159,0.23221850463514626,-0.3591808514536615,-0.18977325457889377,-0.40711037406469774,-0.6982208754395988,-0.24492650498741353,-0.6185677000086734,-1.9951550447929773,-0.9368553222501429,0.2939565253401415,0.48879891826666916,-0.6004226618835468,-0.4975977229086811,-1.2312801047943074,-0.4189805720301879,-1.6225974901959845,-1.0139670250432529,0.3445098276873566,-0.06870764087969426,-0.11032379620666682,0.7465839527849789,-0.21162546105778862,-0.17282574530417336,0.13726520168596693,-0.022041395814694158,0.5717838707335411,0.0014764575181038836,1,3,12,3,1,13,10,7,5,6
CH_017,47.74,8.589,True,0.27306013941010837,2.0152214793114447,-0.18551844807390347,-1.0523443487999877,0.492872240937694,-0.9090720633347738,1.5335969064682957,-0.02637071537213252,-0.15519044709139795,0.4239683174311788,-0.6343769928459315,0.8117260409043469,-0.6952107782589171,-0.07969098277795203,1.020198831763474,0.5130071146899806,0.2327145957336769,0.18118445278010678,0.39714732335458613,1.2795795803899732,-0.7224401332912267,2.221385281910289,1.7191637881007622,0.13706159360551792,0.21964470994816648,0.7519773810578999,0.1607162487809913,0.22803698677038858,-1.7030347277133193,-0.0843693708310462,-0.2168943304382987,1.899525757973775,1.093647197118526,-0.30298911170375264,2.5690093787945405,-0.09226553927193881,-0.3789574297633535,-0.1889406451384228,-0.2805277806612867,0.07841620627587534,-0.027873378244464186,-0.1194957411143004,-0.1711534724157458,-0.29331703309012197,-0.16234042810717228,-0.18547173453098575,-0.1232948716050105,-0.15309097023168255,-0.5050960467941736,0.09645901208044498,0.5671792085278956,-0.15807988157097538,-0.3820544624225545,2.7680637501702936,4.2360617267330705,0.767041891565878,0.9873709912148237,1.0543893099028845,0.3540274861383882,-0.24492650498741353,0.6461955289172611,-0.597109270118134,-1.40755068375611,-0.9964372474350444,0.27593700069027693,-0.0009803962288747058,0.26600694747426473,-1.974039632422163,-0.47970933106313973,0.5670947131153532,0.09064431640471646,0.3492158339101603,0.21031746059931775,-0.5321245628004978,0.530880274242238,-0.21162546105778862,-0.17282574530417336,0.13726520168596693,-0.022041395814694158,0.46714235406719995,0.0014764575181038836,1,3,12,3,1,13,13,6,5,6
CH_018,47.334,8.508,True,0.27306013941010837,1.5721496429003492,-0.27794353753562884,-0.7370192421250065,0.3154372587466762,-0.4942543928597419,0.9254001306301533,-0.12411897904943704,-0.11024316212057512,-0.2809027806087034,-0.6343769928459315,0.40831365643260925,-0.723178666680808,-0.34152350255192443,-0.11884420744961512,0.8521004116833426,-0.10846904974773876,0.3873597171621915,-0.004805104247670067,1.0007662447667214,0.14783279298085975,-0.1349777107332456,-0.7136934512833535,0.4504677921631465,0.02817082634626276,-1.2466044435259525,0.4324811560224404,-0.8427311695761017,-1.0102500236228238,-0.0843693708310462,-0.2168943304382987,0.8837873466634604,1.3305422830878202,-0.30298911170375264,-0.36104957026694745,-0.09226553927193881,-0.09068980346154015,0.4583373387402721,-0.2805277806612867,-0.22627863063810233,-0.12122084216176211,-0.054244175412692115,-0.1711534724157458,-0.29331703309012197,-0.08637092971457469,4.596570577472742,-0.1232948716050105,-0.15309097023168255,-0.5050960467941736,-0.0005667392014128108,1.1514215701402646,-0.02877612751005334,1.1146897931092834,-0.3303775564872771,-0.23882187443519778,-0.5468846419569181,-0.7783453774757525,-0.40711037406469774,-0.6982208754395988,-0.24492650498741353,-0.6185677000086734,0.3079414155924225,-0.659522145340305,-0.9964372474350444,-0.20901797674463415,-0.40860113687405175,0.23495252665427618,-0.7709784257009886,-0.4215045310026545,-0.5732242298231389,-0.30035303144115205,0.6005180049410302,0.040741273158998816,-0.4344462584428113,1.233896330881815,-0.21162546105778862,-0.17282574530417336,0.13726520168596693,-0.022041395814694158,0.0774407203762929,0.0014764575181038836,1,3,16,3,1,13,18,6,5,2
CH_019,47.433,8.411,True,0.27306013941010837,0.9522666702626225,0.1697260721533587,-0.6594842535465572,0.5450590004056404,-0.12552757465971365,0.7395622269018326,0.49495335757349157,0.0034470292762120484,-0.477412298850125,-0.03440513161949644,0.5091667525505437,-0.7271740793125067,-0.09127649250246408,0.1474546563349775,-0.3388614119030994,-0.3042743154696636,-0.3948778364708155,-0.26807415986624833,0.9751312474432255,0.5053077741419106,-0.059421035455516594,-0.7136934512833535,-0.014421220184425534,0.23671740949018183,0.04281934737858266,0.38988157720371386,1.0941915237692705,-0.061853805814382046,-0.0843693708310462,-0.2168943304382987,-0.1319510646468539,1.8043324550264095,0.2649703312359436,0.05753027959897934,-0.09226553927193881,-0.09068980346154015,-0.08106098115864031,-0.2805277806612867,-0.22627863063810233,0.6255588691766214,-0.08686995826349626,-0.1711534724157458,0.5932626996964049,-0.23830992649976981,-0.18547173453098575,-0.1232948716050105,-0.15309097023168255,0.026649391719923816,0.19348476336230272,1.7356639317526334,0.18419476153146536,1.488875856992243,-0.36558711679020406,-0.4743420639703698,0.2039305200561082,-0.18977325457889377,-0.40711037406469774,-0.6982208754395988,-0.24492650498741353,-0.6185677000086734,0.3447320938733394,-0.6198859093701327,0.2939565253401415,-0.7362368421621043,-0.27672383843002385,0.21870400329125037,-1.3986625335555143,-0.40552799882668594,-0.43330779510675954,-0.6365183011545383,0.18058709148846716,-0.29635550360055724,0.3337478011704408,0.3512242153763704,-0.21162546105778862,-0.17282574530417336,0.13726520168596693,-0.022041395814694158,0.18253922490198835,0.0014764575181038836,1,3,16,3,1,13,10,6,5,2
CH_020,46.949,7.265,True,-3.014142994851887,-0.2108282201918371,-0.3651399197732296,0.35244426613793,0.5763710560864083,0.5842715503753418,0.3003089999076186,-0.5737609919650378,-0.24772897497250376,0.6033900514776941,-0.07353373126469871,-0.23714615872217107,0.4195093459850176,-0.49445223091548357,-0.4075211270144253,0.3062429092062234,-0.4617450544387013,-0.5538984171030421,-0.4105029265965177,0.833447116724297,-0.25418451714022106,-0.9841801882250418,-0.7136934512833535,0.8789819682587658,0.4004518500872213,0.5357470914739461,-0.527191562572448,-0.09554541831941321,1.0559018864947753,-0.0843693708310462,-0.2168943304382987,-0.47053053508362536,0.027619310256700412,-0.30298911170375264,0.2668202045319428,-0.09226553927193881,0.19757782284027323,-0.1889406451384228,-0.2805277806612867,-0.22627863063810233,-0.16789457412041106,-0.1194957411143004,-0.1711534724157458,-0.29331703309012197,-0.23830992649976981,-0.18547173453098575,-0.1232948716050105,-0.15309097023168255,0.5583948302340213,-0.2916439930469859,-0.017063153084473304,0.37434734103282136,0.36631766534336446,-0.4360062373960579,-0.7098622535055418,-0.3591808514536615,-0.18977325457889377,-0.40711037406469774,-0.6982208754395988,-0.24492650498741353,-0.6185677000086734,0.21228565206203848,-0.24544997807744107,-0.9964372474350444,1.3673941954515463,0.6344284053650777,-0.06207655463617666,-0.15375571964403822,-0.4091922235278303,-0.9020278514066306,-1.3204050198388835,0.4271877523376367,-0.2795169502452378,0.1545218687981087,0.5813206372779054,-0.21162546105778862,-0.17282574530417336,0.13726520168596693,-0.022041395814694158,-0.9395577336014207,0.0014764575181038836,1,3,4,0,2,33,13,6,5,2
CH_021,47.03,7.286,True,0.27306013941010837,-0.3043702478601553,-0.49731856268895785,0.490020411496816,0.4041547498421851,0.8792530049353627,-0.003789388011452362,-0.3587148118749679,-0.20542564794114107,0.06085290328942116,-0.11266233090990098,-0.15646368182782353,1.2066056344296594,-0.44115888618272814,-0.6492041294407782,0.9596177985348963,-0.5121163971144819,-0.6047655192197244,-0.47412291455711325,1.5527591732695452,0.9406046267262768,-0.23394331719026829,1.574699494071716,0.3113180568443458,0.18661456051492545,-0.1801552620077201,0.2730470214555771,-0.6507194126611284,0.36635274745758944,-0.0843693708310462,-0.2168943304382987,0.545207876226689,-0.20927577571259415,-0.30298911170375264,1.522559754129723,-0.09226553927193881,-0.3789574297633535,-0.1889406451384228,-0.2805277806612867,0.07841620627587534,-0.12122084216176211,-0.08686995826349626,-0.1711534724157458,5.026161363629039,-0.23830992649976981,-0.18547173453098575,-0.1232948716050105,-0.15309097023168255,1.621885707262216,-0.06987084725988264,1.1514215701402646,0.5492877141740689,1.1146897931092834,-0.2951679961843502,-0.23882187443519778,0.5793381010626214,1.5759431141116824,-0.40711037406469774,-0.6982208754395988,-0.24492650498741353,-0.6185677000086734,0.5066110783093739,-0.5441072089894688,-0.9964372474350444,0.272235054297644,0.058963830336592506,0.6065425889844082,0.9028458619110802,-0.06287174137177132,-1.2658105816692171,-0.9470208831373154,-0.24872661014253195,0.3391810632409439,-0.35228562543193803,-0.35586737048850275,-0.21162546105778862,-0.17282574530417336,0.13726520168596693,-0.022041395814694158,-0.6798493057202171,0.0014764575181038836,1,3,4,0,2,21,13,6,5,2
CH_022,47.634,8.612,True,-0.8871292020941254,0.06829450879701802,-0.8077346077446849,0.46942518015566553,0.2475944714383459,0.934562027665367,-0.6626692285027727,-0.3456817100513273,-0.1393266994546369,0.6076619975264207,-0.6343769928459315,-0.03543996648630222,0.01597267018344972,-0.378597133670363,-0.49255773897925326,0.40548972783842696,-0.568342820921692,-0.6615453287210581,-0.5790346081212261,0.1665923133875481,-0.7452968967873566,-0.9841801882250418,-0.7136934512833535,0.730806575518576,0.31531232539145937,-1.018250486646119,0.06504703225788423,0.01801776085898243,0.032190950834097266,-0.0843693708310462,-0.2168943304382987,1.5609462875370033,1.093647197118526,-0.30298911170375264,1.1039799042637966,-0.09226553927193881,-0.3789574297633535,-0.1889406451384228,-0.2805277806612867,-0.22627863063810233,-0.16789457412041106,-0.1194957411143004,-0.1711534724157458,-0.29331703309012197,-0.23830992649976981,-0.18547173453098575,-0.1232948716050105,-0.15309097023168255,1.0901402687481185,-0.042149204036494685,-0.017063153084473304,-0.1808981911111381,-0.007868398539594996,-0.4360062373960579,-0.7098622535055418,-0.5468846419569181,-0.7783453774757525,-0.40711037406469774,-0.6982208754395988,-0.24492650498741353,-0.6185677000086734,-0.09675604549766374,-0.43712551433441416,0.2939565253401415,-0.6301143789066275,-0.02495808685506159,-0.29259298888919677,0.7250020313522979,-0.2453270699346967,0.05639972640056835,0.03222583781298763,-0.25976551506136136,-0.27188315362094034,0.5719151182418654,-0.10561835217387956,-0.3712980538799362,0.49912026235325535,-0.956628764745927,-0.022041395814694158,0.024820441756350575,0.0014764575181038836,1,3,13,0,2,21,13,6,5,2
CH_023,47.418,8.638,True,0.466425029660814,-0.09473588228205004,-0.0029750517493322306,0.056842122182591784,0.0545034614069442,0.32616277763531976,-0.0544724526646309,-0.1697348354321792,-0.23979710115412325,0.09502847167923369,0.04385206767090822,-0.1968049202749973,0.4434818217752097,-0.21408289558229185,-0.32248451504959746,1.091946890044501,-0.5197960641239339,-0.6125207702263596,-0.47982592895969706,1.2681127717790424,0.7650731737966036,-0.9841801882250418,-0.7136934512833535,0.5082404967203431,0.21849012429497477,1.0285222988377194,0.28315541750009154,1.1003373157339007,1.1676155095236536,-0.0843693708310462,-0.2168943304382987,0.2066284057899175,0.027619310256700412,-0.30298911170375264,1.3132698291967597,-0.09226553927193881,2.215451206952967,-0.1889406451384228,-0.2805277806612867,-0.22627863063810233,-0.16789457412041106,-0.1194957411143004,-0.1711534724157458,-0.29331703309012197,0.2175070638558156,-0.18547173453098575,-0.1232948716050105,-0.15309097023168255,1.621885707262216,0.01329408241028117,0.5671792085278956,0.5949243332543944,1.8630619208752024,-0.4360062373960579,-0.7098622535055418,-0.5468846419569181,-0.7783453774757525,-0.32591594717760985,-0.17209669465060531,-0.24492650498741353,-0.6185677000086734,0.565476163558841,-0.5685636099072348,1.5843502981153275,1.3217368566090737,0.15487459284134003,-0.6424677349491167,0.6726950223644207,-0.11828353099571993,-0.06252924310835414,0.005766172202545652,0.48279771112972686,-0.6865010715288927,0.730756669730026,-0.28450072436271884,-0.21162546105778862,-0.17282574530417336,0.13726520168596693,-0.022041395814694158,-0.9633468060110499,0.0014764575181038836,1,3,4,0,0,21,13,6,5,2
CH_024,47.431,8.87,True,0.27306013941010837,1.0781421444964168,-0.36661796730540674,-0.39450423949373215,0.2632504992787298,-0.3744181769447327,1.0774493245896888,-0.15670173360853853,0.08276576746001704,0.8127154078652955,-0.2430909963939086,0.6907023255628256,-0.3156465782475415,-0.2604249344803401,0.2817229910162847,0.43857200071582814,-0.14561890583363193,-0.23466092553267479,0.19706921913474618,1.1052395389362217,0.8340746097190388,-0.9841801882250418,-0.7136934512833535,-0.2338869420990267,0.2744497046649522,0.11091281348717472,0.4865553286873239,0.6155009609440059,0.2202127599278059,-0.0843693708310462,-0.2168943304382987,-0.1319510646468539,0.5014094821952895,-0.30298911170375264,0.05753027959897934,-0.09226553927193881,4.809859843669288,-0.1889406451384228,-0.2805277806612867,0.9925007170178083,-0.12122084216176211,-0.1194957411143004,-0.1711534724157458,0.5932626996964049,-0.23830992649976981,-0.18547173453098575,-0.1232948716050105,-0.15309097023168255,0.5583948302340213,0.06873736885705702,1.1514215701402646,0.648167055514774,1.488875856992243,-0.4360062373960579,-0.7098622535055418,-0.17147706095040494,-0.18977325457889377,-0.40711037406469774,-0.6982208754395988,-0.24492650498741353,-0.6185677000086734,1.235066508271529,0.3063249785893954,0.2939565253401415,-0.18464682965980084,-0.0849023134205288,-0.2598681591253458,-1.1057432832234024,-0.37809756146602147,-0.6571740906529666,-1.0004184010860988,0.8955560902102265,-0.2346707322592724,-0.20519389773136,1.084684195582514,-0.21162546105778862,-0.17282574530417336,0.13726520168596693,-0.022041395814694158,0.33375780565566154,0.0014764575181038836,1,3,4,0,0,21,13,6,5,2
CH_025,47.593,8.536,True,-2.6274132143504763,0.2054338029321771,-0.9845879403253565,0.5013114442085529,-1.0570745152603132,0.2063265617203115,-0.37546519546809437,-0.31309895549222583,-0.0943794144838141,0.15056377031267892,0.05689493421930893,-0.1766343010514104,0.799073545996393,-0.28127885198446184,-0.452277238574861,0.736312456612438,-0.542019118152602,-0.6349625456202949,-0.4958155550586986,-0.52243037393256,0.25233187265661905,-0.9841801882250418,-0.7136934512833535,0.5891504783760378,0.11908757076574047,0.7530647995282812,-0.7613531283517647,1.6364253311318955,0.6528543395065809,-0.0843693708310462,-0.2168943304382987,0.03733867057153182,-0.564618404666536,-0.30298911170375264,-0.04711468286750234,-0.09226553927193881,-0.3789574297633535,-0.1889406451384228,-0.2805277806612867,-0.22627863063810233,-0.16789457412041106,-0.1194957411143004,-0.1711534724157458,1.0365525660896684,-0.23830992649976981,-0.18547173453098575,-0.1232948716050105,-0.15309097023168255,-0.5050960467941736,-0.3956001551346906,-0.3091843338906578,0.3287107219524959,0.740503729226324,-0.4360062373960579,-0.7098622535055418,-0.5468846419569181,-0.7783453774757525,-0.40711037406469774,-0.6982208754395988,-0.24492650498741353,-0.6185677000086734,-0.4793790996191998,-0.5680817103817616,0.2939565253401415,1.8276695302689046,0.5265287975472368,0.9791197111450042,-0.10144871065616108,-0.34454300030414364,-2.0283551508734847,-1.5503331381705856,0.23852734838438763,-1.0517173236955553,1.4315005321622076,-0.226607833805044,-0.21162546105778862,-0.17282574530417336,0.13726520168596693,-0.022041395814694158,-0.9874206476467875,0.0014764575181038836,1,3,13,0,0,21,13,6,5,2
CH_026,47.499,8.873,True,-0.30703453134200853,0.6525981030537608,0.16618900550174476,-0.4833829107377541,-0.20643033593278726,0.5381806981003373,0.09757674129490472,-0.24141689546220252,0.02724265073135351,0.41542442533372553,-0.1778766636519048,0.48899613332695674,-0.02797686876523568,-0.04493445360441587,0.08032048899432394,0.9513472303155455,-0.3661909742672254,-0.32805537168677407,-0.21446219193728278,0.572044593379559,0.4711278439043527,-0.9841801882250418,-0.7136934512833535,0.834056244451887,0.13442398350272944,-0.5580519056106781,-0.6600297733898417,-0.09187515191462658,-1.184780443547869,-0.0843693708310462,-0.2168943304382987,0.2066284057899175,-0.3277233186972414,-0.30298911170375264,2.3597194538615764,-0.09226553927193881,-0.3789574297633535,-0.08106098115864031,-0.2805277806612867,-0.22627863063810233,-0.16789457412041106,-0.08686995826349626,-0.1711534724157458,-0.29331703309012197,0.7492935526039985,-0.18547173453098575,-0.1232948716050105,-0.15309097023168255,1.0901402687481185,0.027154904021975006,0.8593003893340802,0.16137645199130263,1.488875856992243,-0.4360062373960579,-0.7098622535055418,-0.3591808514536615,-0.18977325457889377,-0.40711037406469774,-0.6982208754395988,-0.24492650498741353,-0.6185677000086734,-0.7295557119294349,-0.7219281338890869,0.2939565253401415,1.0894397204713586,-0.3846234462478649,0.5288685730948035,-1.2835871137821846,-0.42037707724845624,0.6790278608884567,0.0346167714524854,0.18435971957822983,-0.7668156123433761,1.037631630128629,-0.0008332849709244162,-0.21162546105778862,-0.17282574530417336,0.13726520168596693,-0.022041395814694158,-0.9395577336014207,0.0014764575181038836,1,3,4,0,1,21,13,6,5,2
CH_027,47.278,8.681,True,-3.014142994851887,1.0269700688997732,-0.4310892062086147,-0.3241823528985427,-0.22208636377317117,0.11414485717030537,-0.003789388011452362,0.07789409921699228,-0.054720045391911595,-0.12284077680582074,-0.060490864716297874,0.22677808342032726,-0.31165116561584283,-0.07969098277795203,-0.1837405692122467,0.3724074549610258,-0.4239735165059174,-0.515755128179857,-0.2670681018992103,-1.2104804520286392,0.3197788827962733,-0.9841801882250418,-0.7136934512833535,0.38539964770516405,0.01881828884121552,-0.2026971410920756,-0.293702448200647,1.1842930256598994,-0.0240676093911257,-0.0843693708310462,-0.2168943304382987,-0.1319510646468539,-0.3277233186972414,-0.30298911170375264,-0.36104957026694745,-0.09226553927193881,0.4858454491420866,-0.1889406451384228,-0.2805277806612867,-0.22627863063810233,-0.16789457412041106,-0.1194957411143004,-0.1711534724157458,-0.29331703309012197,-0.23830992649976981,-0.18547173453098575,-0.1232948716050105,-0.15309097023168255,-0.5050960467941736,-0.37480892271714966,-0.3091843338906578,0.5721060237142317,1.488875856992243,-0.400796677093131,-0.4743420639703698,-0.5468846419569181,-0.7783453774757525,-0.40711037406469774,-0.6982208754395988,-0.24492650498741353,-0.6185677000086734,0.9113085393994601,-0.1483472236945873,0.2939565253401415,0.5680822701755573,0.2028299740937138,0.06555787421076895,-1.367278328162788,-0.4251431317548398,-1.055935929594648,-0.7581371256169915,0.3532849759106843,-0.11927901935934021,-0.03988576102887334,0.7669332067398266,-0.21162546105778862,-0.17282574530417336,0.13726520168596693,-0.022041395814694158,0.33375780565566154,0.0014764575181038836,1,3,4,0,1,33,13,6,5,2
CH_028,47.571,8.734,True,-2.8207781046011817,0.7581669628508625,-0.15345416994949515,-0.3431899595143453,-0.4830201611129032,0.02196315262029678,0.3003089999076186,-0.0719865717548747,-0.017704634239469302,0.14201987821522585,-0.19091953020030558,0.025071891184458434,-0.50343097193738,-0.29286436170897384,-0.21954545846059548,0.8024770023672404,-0.32575734891350444,-0.4165723079284799,-0.08141475333582446,0.5096447432140411,0.5725106217174912,-0.9841801882250418,-0.7136934512833535,0.33235685013578503,0.12834261441496084,0.08086379745494084,-1.3309635219145817,1.470753169597113,0.5896592529349354,-0.0843693708310462,-0.2168943304382987,0.03733867057153182,-0.20927577571259415,-0.30298911170375264,-0.04711468286750234,-0.09226553927193881,-0.3789574297633535,-0.1889406451384228,-0.2805277806612867,-0.22627863063810233,-0.16789457412041106,-0.1194957411143004,-0.1711534724157458,-0.29331703309012197,-0.12435567891087347,-0.18547173453098575,-0.1232948716050105,-0.15309097023168255,0.29252211097697256,-0.3332264578820678,0.2750580277217112,0.2906802060522247,1.1146897931092834,-0.4360062373960579,-0.7098622535055418,-0.5468846419569181,-0.7783453774757525,-0.40711037406469774,-0.6982208754395988,-0.24492650498741353,-0.6185677000086734,-0.17769553771568097,-0.30002509933728316,0.2939565253401415,1.0959181266584663,0.11890805690205972,0.5383595330031129,-0.8965152472718937,-0.4024659369260793,-0.0065626692218023865,-0.13410344570807384,0.31140929867884015,-0.5055108361624726,0.5660548017051271,0.4846736850355333,-0.21162546105778862,-0.17282574530417336,0.13726520168596693,-0.022041395814694158,-0.9753931490689175,0.0014764575181038836,1,3,4,0,1,33,13,6,5,2
CH_029,47.452,8.39,True,0.466425029660814,1.0613433560972851,-0.3686000936715472,-0.383508153575139,0.158876980342837,-0.2177092792097207,0.5368299682891183,0.11699340468791407,0.13564492624922037,-0.5329475974835703,-0.6343769928459315,0.3276311795382617,-0.19578419929658078,-0.1561553469597316,0.1474546563349775,0.7528535930511391,-0.35499780861665875,-0.44610055495641243,-0.13185581818205508,0.2982970559819096,-0.6766860667605138,1.5040509968080622,2.2543710626723605,0.08032578800884957,-0.026946179252797832,0.22184926979936062,-0.26936826062117813,-1.0585823256055442,0.4721284971583102,-0.0843693708310462,-0.2168943304382987,-0.1319510646468539,0.14606685324134766,-0.30298911170375264,-0.36104957026694745,-0.09226553927193881,-0.3789574297633535,-0.1889406451384228,-0.2805277806612867,-0.22627863063810233,-0.12122084216176211,-0.1194957411143004,-0.1711534724157458,-0.29331703309012197,-0.08637092971457469,-0.18547173453098575,-0.1232948716050105,-0.15309097023168255,-0.5050960467941736,-0.3193656362703738,-0.017063153084473304,-0.15047377839092116,-0.3820544624225545,1.6061482601737047,2.5874203999868666,2.080968425088674,2.7530873599054,-0.24472152029052197,-0.17209669465060531,-0.24492650498741353,-0.6185677000086734,0.02097412500127044,-0.6286805757100189,-0.9964372474350444,-0.19421019117410251,0.8502276210007597,0.22584120514229908,0.0345495127123195,0.27076488604955723,-1.5596350945736137,-0.7705699805423799,0.2094966357825607,-1.1062017054022342,1.5314141715885556,-0.17068527645238646,-0.21162546105778862,-0.17282574530417336,0.13726520168596693,-0.022041395814694158,-0.9633468060110499,0.0014764575181038836,1,3,8,3,1,13,17,6,5,2
CH_030,47.48,8.175,True,-1.080494092344831,0.8095662001998083,0.1443819141694356,-0.5607148927560732,0.0545034614069442,-0.07021855192970936,0.2327315803700474,0.31900648295434353,-0.4142983251584943,-0.4475086765090391,-0.08657659781309943,-0.13629306260423663,-0.6432704140468342,-0.31603538115799795,0.16983271211519538,1.06713518538645,-0.3341835091502894,0.05542768425775722,-0.13439908819054044,0.1357746500134355,-0.6838608560145101,1.6714076902292332,-0.7136934512833535,-0.649013351234527,0.0561403983171642,-0.6991300244482358,-0.24807770720737163,-0.7157381102103972,0.639311418459652,-0.0843693708310462,-0.2168943304382987,-0.1319510646468539,2.5150177129342928,-0.30298911170375264,0.6854000543978697,-0.09226553927193881,-0.3789574297633535,-0.1889406451384228,-0.2805277806612867,0.07841620627587534,-0.07454711020311315,-0.021618392561887967,-0.1711534724157458,-0.29331703309012197,-0.23830992649976981,-0.18547173453098575,-0.1232948716050105,-0.15309097023168255,-0.5050960467941736,0.06873736885705695,0.5671792085278956,0.13855814245113998,0.740503729226324,0.23297540835955396,1.1742992627758344,-0.3591808514536615,-0.18977325457889377,-0.40711037406469774,-0.6982208754395988,-0.24492650498741353,-0.6185677000086734,-0.4278721500259161,-0.6463903832711597,1.5843502981153275,1.691623000339645,0.9461383835055073,-0.15979547785213086,-0.13283291604888736,0.6718693710800681,-0.9719860687648203,-0.10875954912939749,0.1490651225113125,-0.43633623859467385,0.5635606797287175,0.49336168955555854,-0.21162546105778862,-0.17282574530417336,0.13726520168596693,-0.022041395814694158,-0.7024362404410768,0.0014764575181038836,1,3,4,3,1,13,10,6,5,2
CH_031,47.473,8.622,True,-0.30703453134200853,0.7256778121696346,0.29090905134776684,-0.6043859522879964,0.07537816519412276,1.2203253117703907,-0.40925390523688027,-0.18276793725581977,-0.3164718813984681,-0.6739218170915467,0.004723468025705948,0.46882551410336987,-0.7711236182611922,-0.6798203865076764,-0.8595578537748261,1.1415702993606025,-0.4598533469587087,0.12666020611613893,-0.7928729761134682,-1.2104804520286392,-0.8694433653387592,-0.9841801882250418,-0.7136934512833535,0.5165951551116097,0.057192840241210456,-0.4737962574409859,-2.397084083583985,-0.8155460981340106,-0.33655203934853944,-0.0843693708310462,-0.2168943304382987,-0.47053053508362536,-0.3869470901895651,-0.30298911170375264,-0.36104957026694745,-0.09226553927193881,-0.3789574297633535,-0.1889406451384228,-0.2805277806612867,-0.22627863063810233,-0.09788397618243763,-0.1194957411143004,-0.1711534724157458,-0.29331703309012197,-0.23830992649976981,-0.18547173453098575,-0.1232948716050105,-0.15309097023168255,-0.5050960467941736,-0.41639138755223154,-0.6013055146968422,-0.2569592229116805,-0.3820544624225545,-0.36558711679020406,-0.4743420639703698,-0.5468846419569181,-0.7783453774757525,-0.40711037406469774,-0.6982208754395988,-0.24492650498741353,-0.6185677000086734,-2.2011828431661122,-0.7926468892522819,1.5843502981153275,0.7035118090393779,0.4066403444163023,0.3687370975218063,-0.6663644077252343,-0.42188889023704024,-0.559232586351501,-0.4458811922985829,0.15912883611484038,-0.48198233367377985,0.6258006151217966,0.4033727015613757,-0.21162546105778862,-0.17282574530417336,0.13726520168596693,-0.022041395814694158,0.13014360493595065,0.0014764575181038836,1,3,4,3,1,13,13,7,5,2
CH_032,47.197,8.627,True,0.07969524915940275,-0.8091631185988274,0.2695328659314939,0.2996235551688612,0.47199753715051546,-2.3655429952248856,3.5440251377110426,0.11047685377609379,-0.15783440503085813,-0.6397462487017342,-0.13874806400670253,-0.6607291624174956,-0.6392750014151355,0.7544657173869156,-0.4254235716385997,-0.12382663819999201,4.5696492089298815,4.5270152967002755,4.7185566464807405,1.6877290081987726,-0.04772489552176389,-0.9841801882250418,-0.7136934512833535,-0.8075243750543463,0.5990428957375433,-0.23926336846530677,0.22907480642619552,-0.000992927536742036,0.07036715203432793,-0.0843693708310462,-0.2168943304382987,1.0530770818818462,0.32373816771831854,-0.30298911170375264,1.522559754129723,-0.09226553927193881,0.053444009689366564,0.13469834680092466,-0.2805277806612867,-0.22627863063810233,1.302327982577031,-0.07055706683809418,-0.1711534724157458,-0.29331703309012197,-0.12435567891087347,-0.18547173453098575,-0.1232948716050105,-0.15309097023168255,1.0901402687481185,0.4152579091494059,1.4435427509464491,0.03967880111043486,0.740503729226324,-0.4360062373960579,-0.7098622535055418,-0.3591808514536615,-0.18977325457889377,-0.40711037406469774,-0.6982208754395988,-0.24492650498741353,-0.6185677000086734,0.046727599797912286,-0.4285717977572645,0.2939565253401415,0.19202621579059764,-0.12086884935980913,-0.19312772905011366,0.7668476385425995,0.005633886170252552,-1.1678690773677514,-1.9820560556758995,0.6127476863460635,-0.5593785758277353,0.45879913632121416,0.721841010269759,-0.21162546105778862,-0.17282574530417336,0.13726520168596693,-0.022041395814694158,-0.9280039653367581,0.0014764575181038836,1,3,11,6,1,13,1,6,5,2
CH_033,47.181,8.665,True,-0.11366964109130288,0.7902729640608562,0.35737697074976654,-0.6837544581521541,0.5450590004056404,-2.015252517934859,3.5440251377110426,0.27339062657160135,0.040462440428654343,-0.7550887920173514,-0.09961946436150025,-0.09595182415706287,-0.6512612393102315,0.32348475563506734,-0.2754905979111401,-0.21480288861284472,2.775834748623129,2.7155459475880495,3.533896843436287,1.712052522093022,0.6899741479357852,1.739271302581592,1.201299755671111,-0.3721897650271443,-0.39063202974641636,-0.8431609536549769,-0.937845185213822,1.0763180933351764,-0.9795075939061363,-0.0843693708310462,-0.2168943304382987,0.545207876226689,1.093647197118526,-0.30298911170375264,0.4761101294649061,-0.09226553927193881,0.19757782284027323,0.02681868282114216,-0.2805277806612867,-0.22627863063810233,-0.07454711020311315,0.07625895599052447,-0.1711534724157458,0.5932626996964049,-0.23830992649976981,-0.18547173453098575,-0.1232948716050105,-0.15309097023168255,0.5583948302340213,0.04101572563366906,1.4435427509464491,0.016860491570272182,1.488875856992243,0.23297540835955396,1.4098194523110064,0.2039305200561082,0.9873709912148237,-0.40711037406469774,-0.6982208754395988,-0.24492650498741353,-0.6185677000086734,-1.0459555451453204,-0.6943393860557451,0.2939565253401415,0.6510675684770784,-0.8401995681454156,-0.29206149513433144,0.44254418281776126,-0.14772544834966997,-0.56622840808732,0.24214981136089175,0.16330453428951214,-0.47098262133402724,0.6066815394221462,0.16133403123222811,-0.21162546105778862,-0.17282574530417336,0.13726520168596693,-0.022041395814694158,0.33375780565566154,0.0014764575181038836,1,3,11,6,1,13,1,7,5,4
CH_034,47.338,8.799,True,0.3890790735605318,0.03104473706481306,-0.05618483703012565,0.01739619674330567,0.33631196253385476,-2.3286703134048827,3.5440251377110426,2.5541834457087065,-0.23450918527520292,0.17192350055631184,-0.09961946436150025,-0.6607291624174956,-0.723178666680808,-0.3183524831029003,-0.45675284973090463,0.8934532527800939,1.4633641806760314,2.25666575909802,1.6441522657833314,-0.37964708203646785,0.39335402433617345,-0.059421035455516594,-0.7136934512833535,-0.3328261521282927,-0.07790068395132842,-0.31721401042833713,-2.3552885505640964,-0.7860646941105961,0.2354592939315922,-0.0843693708310462,-0.2168943304382987,-0.47053053508362536,-0.44617086168188874,-0.30298911170375264,-0.36104957026694745,-0.09226553927193881,-0.3789574297633535,0.35045767476048967,-0.2805277806612867,-0.22627863063810233,-0.16789457412041106,-0.08686995826349626,-0.1711534724157458,-0.29331703309012197,-0.23830992649976981,-0.18547173453098575,-0.1232948716050105,-0.15309097023168255,-0.5050960467941736,-0.36094810110545567,-0.3091843338906578,-0.04398833387016177,-0.007868398539594996,-0.36558711679020406,-0.4743420639703698,-0.5468846419569181,-0.7783453774757525,-0.40711037406469774,-0.6982208754395988,-0.24492650498741353,-0.6185677000086734,-2.0319457230738944,-0.4285717977572645,-0.9964372474350444,0.15870869825690148,0.5025511069210499,-0.2339008928162111,-1.461430944340967,-0.43397058217123297,0.05639972640056835,0.5371113246869332,0.21787276035797226,-0.8955812403246924,1.2100086912038228,0.29734547684943,-0.21162546105778862,-0.17282574530417336,0.13726520168596693,-0.022041395814694158,0.18253922490198835,0.0014764575181038836,1,3,11,6,1,13,8,7,5,4
CH_035,47.266,8.77,True,-0.11366964109130288,0.1781633432555569,0.029705949739560755,-0.12209434279392435,0.33631196253385476,-2.697397131604911,3.5440251377110426,-0.11760242813761676,-0.23450918527520292,0.10357236377668677,-0.3213481956843132,-0.4590229701816268,-0.50343097193738,0.3559241828637011,0.13179001728882495,0.49646597825127964,5.34009255555377,5.305041418419664,5.453567041862533,-0.5224303739328907,-0.5108027829749727,1.0500060142442842,-0.7136934512833535,-0.49109812082069937,-0.1879633362575243,-0.1882830016988394,-3.2896278073514287,-1.0939266621489658,0.15913268377710071,-0.0843693708310462,-0.2168943304382987,-0.1319510646468539,-0.564618404666536,-0.30298911170375264,-0.36104957026694745,-0.09226553927193881,-0.3789574297633535,0.5662170027200546,-0.2805277806612867,-0.22627863063810233,-0.12122084216176211,-0.1194957411143004,-0.1711534724157458,-0.29331703309012197,-0.08637092971457469,-0.18547173453098575,-0.1232948716050105,-0.15309097023168255,-0.5050960467941736,-0.30550481465867985,-0.017063153084473304,-0.2797775324518432,-0.756240526305514,0.4442327701771156,1.1742992627758344,-0.3591808514536615,-0.18977325457889377,-0.40711037406469774,-0.6982208754395988,-0.24492650498741353,-0.6185677000086734,-2.576447761631465,-1.0162482690718557,-0.9964372474350444,-1.4186289605374371,-0.3846234462478649,-1.0810260103922802,0.264700352258979,-0.11787354781237512,-1.510664342422881,-1.017712821078466,-0.2566450377336295,-0.3033464817474781,0.6171986168986338,-0.17655869819321665,-0.21162546105778862,-0.17282574530417336,0.13726520168596693,-0.022041395814694158,0.13014360493595065,0.0014764575181038836,1,3,11,6,1,13,8,7,5,4
CH_036,47.417,8.555,True,0.466425029660814,0.07394656058863011,-0.021304320775156232,-0.029478493431471842,0.2841252030659084,0.49208984582533266,0.04689367664172618,-0.19580103907946045,-0.34026750285360957,-0.41760505416795324,-0.6343769928459315,-0.25731677794575797,-0.2637062140354586,-0.41567076478880155,-0.6514419350188001,0.9596177985348963,-0.4901498949342537,-0.47102262663899486,-0.299612393129283,-1.2104804520286392,0.662425484160295,-0.9841801882250418,-0.7136934512833535,0.2529834166998165,-0.07349572738161791,0.6650220481462117,-1.3845511753189685,-0.7815745105382288,-0.04387544009166281,-0.0843693708310462,-0.2168943304382987,-0.47053053508362536,-0.20927577571259415,-0.30298911170375264,-0.15175964533398406,-0.09226553927193881,-0.3789574297633535,-0.1889406451384228,-0.2805277806612867,-0.22627863063810233,-0.16789457412041106,-0.1194957411143004,-0.1711534724157458,-0.29331703309012197,-0.23830992649976981,-0.18547173453098575,-0.1232948716050105,-0.15309097023168255,0.026649391719923816,-0.3886697443288436,-0.3091843338906578,0.10052762655086876,0.36631766534336446,-0.4360062373960579,-0.7098622535055418,-0.5468846419569181,-0.7783453774757525,-0.40711037406469774,-0.6982208754395988,-0.24492650498741353,-0.6185677000086734,-1.9510062308558769,-0.9204707383840534,-0.9964372474350444,-1.2307551811113169,0.29874073659846134,-0.8247700928679248,-0.6035959969397817,-0.3828379920234459,-1.5526392728377947,-1.010619717947956,-0.286552253548541,-0.5175108623050074,0.9573658674151607,-0.929370866091529,-0.21162546105778862,-0.17282574530417336,0.13726520168596693,-0.022041395814694158,-0.7249877726163443,0.0014764575181038836,1,3,19,5,2,13,7,6,5,12
CH_037,47.366,8.523,True,0.466425029660814,0.4222508599205284,0.1551164490271289,-0.3427538252035915,0.3154372587466762,-0.15318208602471578,0.9422944855145459,-0.032887266283952915,0.955271887481872,-0.5030439751424844,-0.19091953020030558,0.08558374885521908,-0.27169703929885597,2.7564417977825983,2.4971505132578526,0.9099943892187942,-0.2484265579778003,0.20922180055802922,0.25125638369463865,-0.5209357756016535,-0.22192395880773755,-0.059421035455516594,-0.7136934512833535,0.5101584885876642,0.4301556715147264,1.1150993059834229,-4.32130056104428,1.2248726777867396,0.2639466209944968,-0.0843693708310462,-0.2168943304382987,-0.1319510646468539,1.212094740103173,-0.30298911170375264,-0.36104957026694745,-0.09226553927193881,-0.3789574297633535,-0.08106098115864031,-0.2805277806612867,-0.22627863063810233,-0.16789457412041106,-0.1194957411143004,-0.1711534724157458,-0.29331703309012197,-0.23830992649976981,-0.18547173453098575,-0.1232948716050105,-0.15309097023168255,-0.5050960467941736,-0.22233988498851615,-0.3091843338906578,0.5188633014538518,1.1146897931092834,-0.36558711679020406,-0.23882187443519778,-0.5468846419569181,-0.7783453774757525,-0.40711037406469774,-0.6982208754395988,-0.24492650498741353,-0.6185677000086734,-2.730968610411316,-0.8652932427173697,0.2939565253401415,2.023872689078449,0.262774200659181,-0.3357958383918215,-0.8232854346888657,-0.4369301482760034,1.553505577865828,0.8190024007837201,0.47531202749482004,-0.7296761110533129,0.8002426385400521,-0.059479403140773664,-0.21162546105778862,-0.17282574530417336,0.13726520168596693,-0.022041395814694158,-1.2873439333958654,0.0014764575181038836,1,3,19,5,2,13,3,6,5,12
CH_038,47.412,8.533,True,0.466425029660814,-1.5848937909053775,-0.5162341799997597,1.2449204440437436,0.8216488255857558,-0.10709123374971119,0.7057735171330461,-0.4825292791995537,-0.38257082988497226,-0.5756670579708358,-0.6343769928459315,-0.33799925484010546,0.33560568071934505,-0.4272562745133136,-0.4791309055111225,0.5047365464706298,-0.18948474158123346,-0.27895849291675257,0.12152111169185917,-0.24954314510309175,-0.20963811094833668,-0.14673007933967053,0.261937507841109,0.46961955113581744,0.13159651360737737,0.11853609447015331,-1.8329131265698875,-0.7118334638741824,0.5839535462618519,-0.0843693708310462,-0.2168943304382987,-0.47053053508362536,0.8567521111492312,-0.30298911170375264,-0.36104957026694745,-0.09226553927193881,-0.3789574297633535,-0.1889406451384228,-0.2805277806612867,-0.22627863063810233,0.018800353714184766,-0.08686995826349626,-0.1711534724157458,-0.29331703309012197,-0.23830992649976981,-0.18547173453098575,-0.1232948716050105,-0.15309097023168255,-0.5050960467941736,-0.22233988498851615,-0.3091843338906578,0.07770931701070605,0.36631766534336446,0.056927606844919244,-0.23882187443519778,1.1424494725723913,0.398798868317965,-0.40711037406469774,-0.6982208754395988,-0.24492650498741353,-0.6185677000086734,-2.0908108083233614,-1.4530901889133294,0.2939565253401415,-0.4996207685663175,2.073089842936291,2.7278860200104718,0.7354634331498733,-0.13987170799372073,-0.06952506484417312,0.18333284382924664,0.09625934455533834,-1.0282269640135482,1.4850531426293523,-0.827787433772251,-0.21162546105778862,-0.17282574530417336,0.13726520168596693,-0.022041395814694158,-0.7024362404410768,0.0014764575181038836,1,3,19,5,2,13,7,6,5,12
CH_039,47.445,8.68,True,0.466425029660814,0.3887594732285679,-0.19328461615679432,-0.10375222291052144,-0.5195508927404656,0.22476290263031395,0.30030899990761806,-0.15670173360853853,0.24140324382762704,-0.3877014318268674,-0.6343769928459315,-0.03543996648630222,-0.01998604350183832,-0.30676697337838826,0.19221076789541322,0.32278404564492363,-0.4157271976349109,-0.5074276482713276,-0.21173328088134707,0.32247550516443246,0.7435248599021815,-0.059421035455516594,-0.7136934512833535,0.9753142056690834,0.4412457573458547,0.26680143379309706,-2.4778864944140397,-0.0432367889357678,-0.2349108359849839,-0.0843693708310462,-0.2168943304382987,0.03733867057153182,0.8567521111492312,0.12298047050101955,1.2086248667302781,-0.09226553927193881,0.4858454491420866,-0.1889406451384228,-0.2805277806612867,-0.22627863063810233,1.5823703743289248,-0.07055706683809418,-0.1711534724157458,-0.29331703309012197,-0.23830992649976981,-0.18547173453098575,-0.1232948716050105,-0.15309097023168255,-0.5050960467941736,0.43604914156694685,0.8593003893340802,0.8002891191158588,1.8630619208752024,-0.36558711679020406,-0.23882187443519778,-0.17147706095040494,-0.18977325457889377,-0.40711037406469774,-0.6982208754395988,-0.24492650498741353,-0.6185677000086734,-2.1349596222604617,-0.9190250398076337,0.2939565253401415,-1.650000610076994,-0.10888000404671569,-0.23815284285513375,1.2689949248262202,-0.14061480251353323,-0.097508351787449,-0.8372770290843677,-0.3450104543795594,-0.3357753464118788,0.7210448630109456,-0.5545958706495565,-0.21162546105778862,-0.17282574530417336,0.13726520168596693,-0.022041395814694158,-0.6352448272201074,0.0014764575181038836,1,3,4,4,2,2,13,6,5,2
CH_040,47.22,8.666,True,0.466425029660814,0.20459860625656728,-0.3639865284737904,0.11068047987675275,0.5972457598735869,-0.19005476784471856,1.1619210990116526,0.012728590098789266,-0.02034859217892941,-0.24672721221889085,-0.23004812984550785,0.04524251040804532,-0.17580713613808732,-0.13298432751070757,-0.0002405118144602212,0.18218438591596878,-0.024527862625441113,-0.1123780930115503,0.42909163137959827,-0.10120802704073215,0.6000477687991052,-0.9841801882250418,-0.7136934512833535,1.0724976913617126,0.35331731690716756,0.7380313357998481,-1.374863159177652,-1.9185895622728242,2.091049784529479,-0.0843693708310462,-0.2168943304382987,0.2066284057899175,-0.20927577571259415,-0.30298911170375264,-0.36104957026694745,-0.09226553927193881,-0.09068980346154015,-0.08106098115864031,-0.2805277806612867,-0.22627863063810233,-0.07454711020311315,-0.1194957411143004,-0.1711534724157458,-0.29331703309012197,-0.23830992649976981,-0.18547173453098575,-0.1232948716050105,-0.15309097023168255,-0.5050960467941736,-0.3332264578820678,0.2750580277217112,0.6101365396145029,1.1146897931092834,-0.4360062373960579,-0.7098622535055418,-0.5468846419569181,-0.7783453774757525,-0.40711037406469774,-0.6982208754395988,-0.24492650498741353,-0.6185677000086734,-1.833276060356943,-0.593140485706369,-0.9964372474350444,-0.49530183110824577,2.816398252348084,0.09228441731256838,1.0597668888747116,-0.1654956569527721,0.8679150477555688,0.328701609110711,-0.0027365116751879204,0.00987327197602346,-0.011507053998843395,-0.05104108271835393,-0.21162546105778862,-0.17282574530417336,0.13726520168596693,-0.022041395814694158,-0.7024362404410768,0.0014764575181038836,1,3,4,4,2,2,13,6,5,2
CH_041,47.22,8.676,True,0.466425029660814,0.37308805274455764,-0.3641918418674994,0.013049760370983345,0.3884987220018012,-0.11630940420471396,0.9422944855145459,0.13654305742337502,0.45291987898444036,0.35561718065155373,-0.20396239674870634,-0.07578120493347598,0.9229313375790525,-0.08895939055756164,0.035564377433888225,0.03331415796766381,-0.4314480325534534,-0.5233032091097228,-0.24654846028681832,-0.3680357582463073,0.1552920357396796,-0.9841801882250418,-0.7136934512833535,1.18758411617646,0.5918020997346505,0.025179787401261172,-2.757445147537026,-2.9413725874198158,-0.8335918690114494,-0.0843693708310462,-0.2168943304382987,-0.47053053508362536,0.027619310256700412,-0.30298911170375264,-0.15175964533398406,-0.09226553927193881,-0.09068980346154015,-0.1889406451384228,-0.2805277806612867,-0.22627863063810233,-0.16789457412041106,-0.1194957411143004,-0.1711534724157458,-0.29331703309012197,-0.23830992649976981,-0.18547173453098575,-0.1232948716050105,-0.15309097023168255,-0.5050960467941736,-0.36094810110545567,-0.3091843338906578,0.41237785693309253,1.488875856992243,-0.4360062373960579,-0.7098622535055418,0.016226729552851628,-0.18977325457889377,-0.40711037406469774,-0.6982208754395988,-0.24492650498741353,-0.6185677000086734,-2.157034029229012,-0.8292712531882466,-0.9964372474350444,2.0846463090241723,-0.5045118993787993,-0.249845705462171,0.9760756744941081,-0.25532041002872674,0.9378732651137586,-0.5216737886706622,0.2343671615515222,-0.23018857852463787,0.20084640936467937,0.3234270267508091,-0.21162546105778862,-0.17282574530417336,0.13726520168596693,-0.022041395814694158,0.024820441756350575,0.0014764575181038836,1,3,4,4,2,23,4,6,5,2
CH_042,46.989,7.461,True,0.466425029660814,0.04783219024457372,-1.1445248671809205,0.6935497565152456,0.158876980342837,0.32616277763531976,0.08068238641051206,-0.5281451355822958,-0.15783440503085813,-0.23818332012143778,-0.6343769928459315,-0.25731677794575797,0.39154145756312675,-0.3114011772681931,-0.2799662090671836,-0.06593266066453975,-0.4796644965800168,-0.5719942240610438,-0.3558369280410693,-0.06373032186751418,0.8390777912769757,-0.9841801882250418,-0.7136934512833535,0.4397524039732966,0.19024086031496498,-0.24059482322703785,0.13032355585521385,-2.8749738124620787,0.0026025090195637202,-0.0843693708310462,-0.2168943304382987,0.545207876226689,-0.0908282327279469,-0.30298911170375264,-0.15175964533398406,-0.09226553927193881,-0.3789574297633535,-0.1889406451384228,-0.2805277806612867,-0.22627863063810233,-0.16789457412041106,-0.1194957411143004,-0.1711534724157458,-0.29331703309012197,-0.23830992649976981,-0.18547173453098575,-0.1232948716050105,-0.15309097023168255,-0.5050960467941736,-0.3470872794937618,-0.3091843338906578,0.11573983291097728,-0.007868398539594996,-0.36558711679020406,-0.4743420639703698,-0.5468846419569181,-0.7783453774757525,-0.40711037406469774,-0.6982208754395988,-0.24492650498741353,-0.6185677000086734,0.7494295549634257,0.20765605074875368,-2.28683102021023,-0.42804980497541456,-0.6124115071966403,-0.3486276161878558,-0.6559030059276588,-0.35170489403819855,-0.335366290805294,-0.45432915782480837,0.19755335219580641,-0.3859884816679489,0.45771009814110286,0.655949042886121,-0.21162546105778862,-0.17282574530417336,0.13726520168596693,-0.022041395814694158,-0.9395577336014207,0.0014764575181038836,1,3,4,0,2,33,13,7,5,2
CH_043,46.301,7.611,True,0.466425029660814,-0.8591258346788878,1.1974336315860357,-0.25616914938115365,0.47199753715051546,-1.681093838941083,1.402665656114251,-0.31309895549222583,-0.3878587457638926,-0.8234399287969763,-0.6343769928459315,-0.6607291624174956,-0.7431557298393013,-0.32298668699270516,-0.8640334649308697,0.8438298434639917,0.018344621768983237,0.11361454619399901,-0.41466494235942497,-0.52243037393256,-0.997663275747264,-0.059421035455516594,-0.7136934512833535,-1.007341552700423,0.3241958342320536,0.23289172901016786,0.22907480642619552,-0.000992927536742036,0.07036715203432793,-0.0843693708310462,-0.2168943304382987,-0.47053053508362536,-0.564618404666536,-0.30298911170375264,-0.36104957026694745,-0.09226553927193881,0.053444009689366564,-0.027121149168749067,-0.2805277806612867,-0.22627863063810233,-0.16789457412041106,-0.1194957411143004,-0.1711534724157458,-0.29331703309012197,-0.23830992649976981,-0.18547173453098575,-0.1232948716050105,-0.15309097023168255,0.29252211097697256,-0.3956001551346906,-0.3091843338906578,-0.2474515939366127,-0.007868398539594996,-0.4360062373960579,-0.7098622535055418,-0.5468846419569181,-0.7783453774757525,-0.40711037406469774,-0.6982208754395988,-0.24492650498741353,-0.6185677000086734,-2.32627114932123,-0.9521556321839176,0.2939565253401415,-1.5907694677948674,-0.8042330322061353,0.16957879480584062,1.122535299660164,2.106772076863507,0.03541226119311144,0.3880764611582389,-0.27751813335766434,0.3777281088875201,-0.3921769816974387,0.772712266263167,-0.21162546105778862,-0.17282574530417336,0.13726520168596693,-0.022041395814694158,-0.6573939873381272,0.0014764575181038836,1,0,7,2,1,30,2,7,4,13
CH_044,46.302,7.611,True,0.466425029660814,-0.7555434920246666,1.246762867569649,-0.34735746515043686,0.6807445750223005,-1.8815890463373484,1.7321055763599116,-0.30006585366858524,-0.4486697783714765,-0.9302385800151401,-0.060490864716297874,-0.23714615872217107,-0.7471511424710001,-0.23030260919660872,-0.6402529071286911,0.8272887070252916,-0.06710018569449756,0.11576470736710583,-0.49014090657686266,0.1656197041655049,-0.6542817687844795,0.4815283911135496,-0.7136934512833535,0.22353383337295546,0.45132992647700376,-0.6983199584795311,0.22907480642619552,-0.000992927536742036,0.07036715203432793,-0.0843693708310462,-0.2168943304382987,-0.47053053508362536,-0.20927577571259415,-0.30298911170375264,-0.36104957026694745,-0.09226553927193881,-0.3789574297633535,-0.1889406451384228,-0.2805277806612867,-0.22627863063810233,-0.027873378244464186,-0.1194957411143004,-0.1711534724157458,-0.29331703309012197,-0.23830992649976981,-0.18547173453098575,-0.1232948716050105,-0.15309097023168255,-0.5050960467941736,-0.37480892271714966,-0.6013055146968422,-0.28738363563189745,-0.007868398539594996,-0.4360062373960579,-0.7098622535055418,-0.5468846419569181,-0.7783453774757525,-0.40711037406469774,-0.6982208754395988,-0.24492650498741353,-0.6185677000086734,-0.9429416459587531,-0.5874781662820586,-0.9964372474350444,1.2051255452411371,-0.9480991759632567,0.13943550613704978,0.9133072637086556,-0.043512847933208004,0.8889025129630258,0.12196554708213722,-0.27751813335766434,0.3777281088875201,-0.3921769816974387,0.772712266263167,-0.21162546105778862,-0.17282574530417336,0.13726520168596693,-0.022041395814694158,-0.6573939873381272,0.0014764575181038836,1,0,7,2,2,30,2,7,4,13
CH_045,46.211,7.304,True,0.466425029660814,0.8757626547767473,0.08898868119261637,-0.5642131363307876,-0.028995353741770053,-0.033345870109707514,0.5030412585203328,-0.04592036810759347,-0.10231128830219462,0.12493209402031949,-0.6343769928459315,0.10575436807880596,-0.3396190540377337,-0.43884178423782566,0.4383693814778096,1.100217458263851,-0.3509432975838812,0.20344983503504002,-0.12108450954199744,0.5089079908745441,1.133795705715597,-0.9841801882250418,-0.7136934512833535,0.6971127310357339,-0.1662826497729207,1.23028088832686,-1.7740900886628133,-0.21777141994405003,0.012881688884904832,-0.0843693708310462,-0.2168943304382987,2.2381052284105456,0.5014094821952895,-0.30298911170375264,1.1039799042637966,-0.09226553927193881,-0.09068980346154015,-0.08106098115864031,-0.2805277806612867,-0.22627863063810233,-0.12122084216176211,-0.1194957411143004,-0.1711534724157458,-0.29331703309012197,-0.23830992649976981,-0.18547173453098575,-0.1232948716050105,-0.15309097023168255,-0.5050960467941736,-0.08373166887157647,0.5671792085278956,0.7166219841352621,1.488875856992243,-0.4360062373960579,-0.7098622535055418,-0.3591808514536615,-0.18977325457889377,-0.40711037406469774,-0.6982208754395988,-0.24492650498741353,-0.6185677000086734,-2.0025131804491605,-0.5849481937733243,0.2939565253401415,-0.2685576145594801,-0.26473499311693044,0.36820560376694095,1.4363773535874271,-0.089892195549091,-1.3427646207632258,-0.0382270067642133,0.6355821799014044,-0.5373769074537192,0.4115157930682362,1.1610491165117014,-0.21162546105778862,-0.17282574530417336,0.13726520168596693,-0.022041395814694158,-0.7024362404410768,0.0014764575181038836,1,0,14,4,0,23,5,7,4,8
CH_046,46.21,7.304,True,0.466425029660814,0.2567148788146297,-0.018661173421704903,-0.13718918673497763,-0.25861709540073363,-0.02412769965470475,0.5030412585203331,-0.09153622449033554,0.05632618806541538,-0.6354743026530077,-0.2430909963939086,-0.1968049202749973,-0.3436144666694324,-0.49676933286038594,0.39361326991737394,1.0175117760703478,-0.3327644562583675,0.2602997305057997,-0.17261785420495745,1.2629006839775803,0.36814979780194756,-0.059421035455516594,0.5629686866862894,1.056921548501198,0.016215170682231106,0.7644885895011191,-1.0735503020304602,-1.0177164430328367,-0.3912874906716519,-0.0843693708310462,-0.2168943304382987,2.2381052284105456,0.264514396225995,-0.30298911170375264,3.1968791535934304,-0.09226553927193881,-0.3789574297633535,-0.08106098115864031,-0.2805277806612867,-0.22627863063810233,0.06547408567283375,-0.1194957411143004,-0.1711534724157458,-0.29331703309012197,-0.23830992649976981,-0.18547173453098575,-0.1232948716050105,-0.15309097023168255,-0.5050960467941736,0.06873736885705702,0.2750580277217112,0.5112571982737977,1.8630619208752024,-0.400796677093131,-0.4743420639703698,-0.17147706095040494,0.398798868317965,-0.40711037406469774,-0.6982208754395988,-0.24492650498741353,-0.6185677000086734,-1.3623553783612061,-0.7201210106685624,0.2939565253401415,0.4980537842482515,-0.7442888056406681,0.04247585971376034,2.0745228632395283,-0.022244970297195354,-0.9440027818215444,-0.27628429947020783,0.43192568045227364,-0.5473067514608513,0.5535611760677261,0.7599850577962597,-0.21162546105778862,-0.17282574530417336,0.13726520168596693,-0.022041395814694158,-0.7024362404410768,0.0014764575181038836,1,0,14,4,0,2,5,7,4,8
CH_047,46.214,7.309,True,0.466425029660814,-0.011827280258106717,0.2415893738067306,-0.14539214221976568,-0.7439539584526347,0.09570851626030352,-0.020683742895845583,-0.28703275184494464,0.45291987898444036,-0.3321661331934221,-0.6343769928459315,-0.07578120493347598,-0.15048421087838107,-0.15383824501482923,0.9530646644228203,0.8190181388059414,-0.312083414298065,0.4629274671961932,-0.14553126229160804,0.3429821174340523,1.1922181456147571,-0.9841801882250418,0.45866007150896654,-0.7341784150273022,-1.53433273699086e-05,0.506188280774425,-3.6167487048263407,1.7981682073317329,0.517143508809179,-0.0843693708310462,-0.2168943304382987,-0.1319510646468539,0.027619310256700412,3.388747267404273,0.2668202045319428,-0.09226553927193881,-0.3789574297633535,-0.1889406451384228,-0.2805277806612867,-0.22627863063810233,-0.027873378244464186,-0.1194957411143004,-0.1711534724157458,-0.29331703309012197,-0.23830992649976981,-0.18547173453098575,-0.1232948716050105,-0.15309097023168255,-0.5050960467941736,-0.11145331209496452,0.2750580277217112,-0.05159443705021606,0.740503729226324,-0.4360062373960579,-0.7098622535055418,0.016226729552851628,0.398798868317965,-0.40711037406469774,-0.6982208754395988,-0.24492650498741353,-0.6185677000086734,-2.0760945370109947,-0.6209701833024475,1.5843502981153275,-0.05692967911396547,0.022997294397312178,-0.12775399720167813,-1.0534362742355252,0.6207752168557196,-2.252221446419692,-1.2776073076918735,0.6355821799014044,-0.5373769074537192,0.4115157930682362,1.1610491165117014,-0.21162546105778862,-0.17282574530417336,0.13726520168596693,-0.022041395814694158,0.0774407203762929,0.0014764575181038836,1,0,14,4,0,2,1,7,4,8
CH_049,46.297,7.857,True,0.466425029660814,-1.1814937965857566,1.3567963975361454,-0.16956004446648018,0.419810777682569,-1.964552580432355,2.7457668694234814,0.33203958477798406,-0.04943212951299128,-0.8917910655766013,-0.6343769928459315,0.46882551410336987,-0.7471511424710001,-0.14225273529031718,-0.09870395724741891,0.17391381769661865,-0.12612948306835006,-0.21497968605534282,-0.24176467265561744,1.3731250925960006,-0.8847492744270055,0.865338117312675,-0.7136934512833535,-0.4346984230109539,0.34980198043838506,-0.4004506749456138,-1.2771530682519572,0.1684008371810579,-0.9330332564677195,-0.0843693708310462,-0.2168943304382987,2.2381052284105456,0.264514396225995,-0.30298911170375264,-0.36104957026694745,-0.09226553927193881,-0.3789574297633535,0.13469834680092466,2.1029142068926725,-0.22627863063810233,-0.12122084216176211,-0.08686995826349626,-0.1711534724157458,0.5932626996964049,-0.23830992649976981,-0.18547173453098575,-0.1232948716050105,-0.15309097023168255,0.5583948302340213,-0.11145331209496452,1.1514215701402646,-0.29308821301693816,-0.756240526305514,-0.4360062373960579,-0.7098622535055418,-0.3591808514536615,-0.18977325457889377,0.5672227485803569,0.3540274861383882,-0.24492650498741353,0.6461955289172611,-0.97973232423967,-0.8299941024764564,-0.9964372474350444,-0.6245614593176781,-0.3966122915609583,-0.030111001664990398,-0.5931345951422062,-0.3359333534539024,-0.7900947036335271,-0.7946387125133242,-0.6140469223392364,0.39077930590841786,-0.201680065520841,0.6895795701866761,-0.21162546105778862,-0.17282574530417336,0.13726520168596693,-0.022041395814694158,0.23422074602130746,0.0014764575181038836,1,0,14,2,1,30,2,6,4,8
CH_050,46.302,7.809,True,0.466425029660814,-1.5091414524275522,1.4913587158040478,-0.06425783810337357,0.5972457598735869,-0.5219089042247443,1.4998081966995098,0.11699340468791407,0.29428240261683036,-0.622658464506828,-0.16483379710350402,1.0336028523638026,0.683206579677131,-0.2974985655987787,0.3712352141371561,1.1994642768960546,-0.24828512950039036,-0.19235730885548058,-0.1678264689315623,-0.02876510251095493,-0.5108027829743076,-0.9841801882250418,1.2736312289511271,0.8028795061317368,0.18606125069866414,-0.5126157575144031,-0.005929665766718345,1.6774138514218122,-0.0035119872032851004,-0.0843693708310462,-0.2168943304382987,-0.47053053508362536,0.8567521111492312,-0.30298911170375264,-0.36104957026694745,-0.09226553927193881,0.4858454491420866,-0.1889406451384228,-0.2805277806612867,-0.22627863063810233,-0.12122084216176211,-0.1194957411143004,-0.1711534724157458,-0.29331703309012197,-0.23830992649976981,-0.18547173453098575,-0.1232948716050105,-0.15309097023168255,0.026649391719923816,-0.22233988498851615,-0.017063153084473304,-0.2569592229116805,-0.3820544624225545,-0.400796677093131,-0.4743420639703698,0.767041891565878,0.9873709912148237,3.0030555551929936,0.3540274861383882,-0.24492650498741353,0.3489351794280865,-0.36164892912026564,-0.7880688437602863,0.2939565253401415,0.9157567355503313,-0.7083222697013878,-0.17414580923349474,-1.0534362742355252,-0.4160722538233356,-1.4197186598572344,-0.7841983022875172,-0.3925324848309583,0.23019547211875444,-0.09890461339232422,-1.177060413639728,-0.21162546105778862,-0.17282574530417336,0.13726520168596693,-0.022041395814694158,-0.5925860136215095,0.0014764575181038836,1,0,7,3,1,13,13,7,4,3
CH_051,46.303,7.809,True,0.3890790735605318,-1.7947787154861654,0.8952091995005922,0.4771786790135103,0.8059927977453718,-1.0565627906147848,1.0436606148209036,0.24732442292432008,-0.022992550118389618,-0.6312023566042811,-0.6343769928459315,0.7512141832335862,0.5009598278948271,-0.531525862033922,-0.14346006880785464,1.1498408675799525,-0.38267282395360597,-0.24896736375700962,-0.266880990962672,-0.2835746903997547,-1.0467364992399308,-0.9841801882250418,-0.7136934512833535,1.4592751694890553,0.2754866425423721,-2.6353951120212926,0.34155729583313993,2.862759897779957,-0.07320724639592903,-0.0843693708310462,-0.2168943304382987,-0.47053053508362536,1.8043324550264095,-0.30298911170375264,-0.36104957026694745,-0.09226553927193881,0.19757782284027323,-0.1889406451384228,-0.2805277806612867,-0.22627863063810233,0.06547408567283375,-0.1194957411143004,-0.1711534724157458,-0.29331703309012197,-0.23830992649976981,-0.18547173453098575,-0.1232948716050105,-0.15309097023168255,-0.5050960467941736,-0.08373166887157656,-0.3091843338906578,18.568146147722565,-0.007868398539594996,-0.4360062373960579,-0.7098622535055418,-0.5468846419569181,-0.7783453774757525,-0.24472152029052197,-0.17209669465060531,-0.24492650498741353,-0.6185677000086734,0.2932251442800557,-0.17689977057887557,0.2939565253401415,0.5813475780824919,-0.3966122915609583,0.7807966129009698,1.4259159517898516,-0.32706746711407064,-0.14647910393818178,-0.5820050141739892,-0.3925324848309583,0.23019547211875444,-0.09890461339232422,-1.177060413639728,-0.21162546105778862,-0.17282574530417336,0.13726520168596693,-0.022041395814694158,-0.5925860136215095,0.0014764575181038836,1,0,7,3,1,13,13,7,4,3
DE_001,51.111,10.425,True,0.466425029660814,0.9588173386426968,0.5518406884723868,-0.904101407288026,0.33631196253385476,-0.07021855192970936,-0.45993696989005883,-0.05895346993123402,0.13564492624922037,0.18864816933707634,0.030809201122507384,0.16626622574956662,-0.13585300982110052,-0.15383824501482923,0.08032048899432394,0.0746669990644151,-0.17284220247481596,-0.26215215639211475,-0.13363403791892445,0.8523367235885021,0.9135980355395243,-0.9841801882250418,1.3097681634893428,0.33035275438961387,0.26219656623947946,-0.6946272953209576,-0.8414949258194043,0.17485207318362922,-0.28173530168207384,-0.0843693708310462,-0.2168943304382987,-0.1319510646468539,0.6198570251799368,-0.30298911170375264,-0.15175964533398406,-0.09226553927193881,-0.09068980346154015,-0.1889406451384228,-0.2805277806612867,-0.22627863063810233,-0.16789457412041106,-0.1194957411143004,-0.1711534724157458,1.4798424324829318,-0.08637092971457469,-0.18547173453098575,-0.1232948716050105,-0.15309097023168255,0.5583948302340213,-0.19461824176512818,0.8593003893340802,0.00925438839021793,1.1146897931092834,-0.4360062373960579,-0.7098622535055418,-0.17147706095040494,0.398798868317965,-0.08233266651634617,0.3540274861383882,-0.24492650498741353,0.49880069282999445,-1.3623553783612061,-1.085882750502736,0.2939565253401415,0.20590851476297106,-0.6244003525097337,0.0912973574821042,0.4634669864129121,-0.11538802476334713,0.7000153260959135,0.24988049679526786,1.2470260105851927,-0.7163908219051099,0.298531730720949,1.0336630456241553,-0.6205264225671441,-0.3177245898999089,0.30238010321824427,-0.6758531966485616,-0.38180102729207277,0.3315554015308058,2,3,13,3,0,13,15,7,3,2
DE_002,51.031,10.51,True,0.466425029660814,1.5970385038335269,-0.4364963948318662,-0.651536917217266,0.33631196253385476,0.17867205035530936,-0.35857084058370176,-0.3196155064040461,0.32072198201143204,1.1758308220070528,-0.16483379710350402,0.6503610871156519,0.207752476504987,-0.2627420364252425,0.3041010467965025,0.7528535930511391,1.3004325065746092,1.2256226594095643,1.8352920332223426,0.08011841512032582,0.3750811651309132,1.0835131694370146,1.739959379359181,-0.5826084377542312,0.21717548601327513,-0.37455509329908593,0.5402187378849399,0.30261274584746284,0.2807600767900565,-0.0843693708310462,-0.2168943304382987,-0.47053053508362536,0.7383045681645839,-0.30298911170375264,-0.36104957026694745,-0.09226553927193881,-0.3789574297633535,-0.1889406451384228,-0.2805277806612867,-0.22627863063810233,-0.16789457412041106,-0.08686995826349626,-0.1711534724157458,-0.29331703309012197,-0.23830992649976981,-0.18547173453098575,-0.1232948716050105,-0.15309097023168255,1.621885707262216,-0.2362007066002101,-0.3091843338906578,-0.21892870701140932,0.36631766534336446,-0.18953931527556936,0.46773869417031827,0.016226729552851628,0.9873709912148237,0.2424450410320054,0.8801516669273817,-0.24492650498741353,1.1702546184524905,0.31529955124860587,-0.6042241747922531,1.5843502981153275,-0.4789515678741171,0.21481881940680725,-0.09313097545616521,0.7563862367450241,2.3394503453861732,0.3012534871542323,-0.26966938306759736,2.195578731953904,-1.39191825181096,0.7204461726918276,2.048327026800902,-0.6282391479924553,-0.46400285022811333,0.147705392882258,-0.4221563290992293,-0.3599726289881803,0.1588386234708176,2,3,13,3,0,13,15,6,3,2
DE_003,51.032,10.514,True,0.466425029660814,0.968171634952491,-0.34504535483193954,-0.34429319166946554,0.33631196253385476,0.09570851626030352,-0.5613030991964157,-0.30658240458040553,0.5057990377736437,1.3680683941997478,-0.08657659781309943,0.5293373717741305,0.9788671144228341,-0.28127885198446184,0.39361326991737394,0.736312456612438,0.7324018425011817,0.6520013846937177,1.1532790210292525,0.31340338672794005,-1.2022052999013864,0.6152591603015277,0.45866007150896654,0.7648128622483373,0.355684696465639,-0.15059137202554293,-1.014468699139625,1.15840632193074,0.33630166952973267,-0.0843693708310462,-0.2168943304382987,-0.47053053508362536,-0.3277233186972414,-0.30298911170375264,-0.36104957026694745,-0.09226553927193881,-0.3789574297633535,-0.1889406451384228,-0.2805277806612867,-0.22627863063810233,-0.16789457412041106,0.04363317313972034,-0.1711534724157458,0.5932626996964049,-0.23830992649976981,-0.18547173453098575,-0.1232948716050105,-0.15309097023168255,3.2171220228045088,-0.250061528211904,-0.017063153084473304,-0.30259584199200595,-1.1304265901884734,-0.013491513760934644,0.23221850463514626,0.016226729552851628,0.398798868317965,2.1911112863221147,2.458524209294362,0.2359383763640222,2.4466513085856376,-1.2519833435184553,-0.5725392809923888,0.2939565253401415,1.042239903965289,0.23879651003299412,-0.41286243284729424,1.1643809068504658,0.06986031423611484,0.5181239609646203,-0.6778017553298665,2.195578731953904,-1.39191825181096,0.7204461726918276,2.048327026800902,-0.6282391479924553,-0.46400285022811333,0.147705392882258,-0.4511575209175834,-0.3820578432582238,-0.17424597727429267,2,3,13,3,0,13,15,6,3,8
DE_004,51.086,10.596,True,0.466425029660814,-0.3412024212545551,2.00092699189627,-1.063053869097386,0.33631196253385476,-0.3744181769447327,-0.6119861638495943,-0.33264860822768677,-0.15783440503085813,1.1758308220070528,0.1481950000581143,-0.1766343010514104,-0.30765575298414416,-0.2071315897475846,-0.4724174887770572,0.8521004116833426,-0.20040047083991744,-0.10996066820032768,-0.07330851875267722,0.662297190940339,-0.6252855955081922,-0.9841801882250418,0.5629686866862894,-0.29973538572508396,0.13101554353485573,-0.6978104996926516,0.20062753286442248,-0.5206393758829172,-0.8764093408086977,-0.0843693708310462,-0.2168943304382987,0.2066284057899175,-0.564618404666536,-0.30298911170375264,-0.15175964533398406,-0.09226553927193881,-0.3789574297633535,0.674096666699837,-0.2805277806612867,-0.22627863063810233,-0.16789457412041106,-0.1194957411143004,-0.1711534724157458,0.5932626996964049,-0.23830992649976981,-0.18547173453098575,-0.1232948716050105,-0.15309097023168255,0.5583948302340213,-0.26392234982359797,0.2750580277217112,-0.24935311973162627,0.36631766534336446,-0.4360062373960579,-0.7098622535055418,-0.17147706095040494,0.398798868317965,-0.16352709340343405,0.3540274861383882,0.2359383763640222,0.6461955289172611,-0.008458417623463105,-0.515313712342444,-0.9964372474350444,-0.9959900807118467,-0.2887126837431173,0.3908320521883507,0.8400774511256276,0.2056288077956486,0.1823245176453098,0.2662982411198192,1.3152529847233638,-1.5267942078436636,1.4724893470061196,1.3778342027681516,-1.2624458514969783,1.0078864049168297,2.007016329597949,-0.20734142253799992,-0.4304758397163569,0.617803633308235,2,3,13,3,2,13,13,6,5,8
DE_005,51.116,10.341,True,0.466425029660814,0.251787218428531,1.5250377417476715,-1.1072003532192405,0.33631196253385476,0.15101753899030781,-0.2572047112773448,-0.032887266283952915,-0.1789860685465394,0.41969637138245225,-0.060490864716297874,-0.15646368182782353,-0.5114217972007774,0.0825061533652167,0.2593449352360668,0.9678883667542464,-0.21170371002969157,0.06258718548031039,-0.0554323993499385,1.6583337878070858,0.19156019772928914,0.9025355637607764,1.7005526710861685,0.12235168104207136,0.40287074334331197,-1.650879036872847,-0.11252194038864663,0.6628454315873454,-1.0339148180939732,-0.0843693708310462,-0.2168943304382987,0.545207876226689,1.212094740103173,-0.30298911170375264,1.7318496790626867,-0.09226553927193881,0.19757782284027323,-0.08106098115864031,-0.2805277806612867,-0.22627863063810233,-0.16789457412041106,-0.021618392561887967,-0.1711534724157458,1.4798424324829318,-0.23830992649976981,-0.18547173453098575,-0.1232948716050105,-0.15309097023168255,1.0901402687481185,0.08259819046875093,1.1514215701402646,-0.03638223069010755,0.36631766534336446,-0.18953931527556936,0.46773869417031827,0.5793381010626214,0.9873709912148237,1.6227502981124997,2.984648390083356,0.2359383763640222,2.3828814363858783,-0.5529604561810336,-0.8474629602748607,1.5843502981153275,-0.07574790660984942,-0.33666806499549107,-0.30307100862797043,0.630849415174119,-0.0819103354483465,0.9378732651137586,-0.21603277175486404,-0.4673088420442781,-0.1943051722116009,0.5850231522752105,0.20939153951031267,0.3272747446579449,-0.758686649396492,-0.996802623269266,-0.747009083669036,-0.38180102729207277,-0.4687418012282312,2,3,13,3,2,13,15,6,3,2
DE_006,51.12,10.346,True,0.466425029660814,0.9628736680428688,0.7904043767582202,-1.0568026106432484,0.33631196253385476,-0.07021855192970936,-0.003789388011452362,-0.208834140903101,0.16208450564382204,0.02667733489960863,-0.6343769928459315,0.3276311795382617,-0.335623641406035,0.008358891128339504,0.013186321653670365,0.6701479108576357,-0.08136355536508605,-0.05648059595684159,0.08207953013670634,1.086180524859327,-0.12159476413480758,-0.1349777107332456,0.5629686866862894,0.5904710936479549,0.2335021123791438,-2.0734747371994517,-0.6891755956430854,-0.03833391612878818,0.044547632574110874,-0.0843693708310462,-0.2168943304382987,-0.47053053508362536,-0.20927577571259415,-0.30298911170375264,0.2668202045319428,-0.09226553927193881,-0.3789574297633535,-0.1889406451384228,-0.2805277806612867,-0.22627863063810233,-0.07454711020311315,-0.1194957411143004,-0.1711534724157458,0.5932626996964049,-0.16234042810717228,-0.18547173453098575,-0.1232948716050105,-0.15309097023168255,0.5583948302340213,-0.2916439930469859,0.5671792085278956,-0.10483715931059576,0.36631766534336446,-0.3303775564872771,-0.23882187443519778,-0.17147706095040494,0.398798868317965,0.08005618725782962,1.4062758477163753,-0.24492650498741353,1.8502057495948439,-1.3844297853297562,-0.7185548372107744,0.2939565253401415,0.07017048036643107,0.19084112878062037,-0.05623012333265803,1.0179212816844099,0.19147157599577272,-0.16047074740981973,-0.30441761862829825,0.5985709943412546,-0.9431636437667167,1.0437745913682983,0.20939153951031267,0.22253489957325048,-1.4241877289234295,-0.9697517165282105,-0.5754394267743436,0.4253595322061022,-0.34974618625113857,2,3,13,3,2,13,15,7,3,7
DE_007,51.069,10.464,True,0.466425029660814,1.6621003248635446,0.30336567738170916,-1.1555628023450484,0.33631196253385476,-0.73392682468976,-0.20652164662416625,-0.1762513863439995,0.08276576746001704,0.8554348683525609,-0.060490864716297874,0.3276311795382617,-0.6272887635200394,0.35360708091879867,0.16983271211519538,0.8769121163413929,0.000721994987671347,0.17203354189734194,-0.034390418344202506,-0.05367190360097231,0.6041162194129729,0.4815283911135496,3.011984347440886,0.5459945170576007,0.23323675362565371,0.3076998106901902,-0.28904276518988825,-0.6352593303523599,-1.3666035477409986,-0.0843693708310462,-0.2168943304382987,-0.47053053508362536,-0.0908282327279469,-0.30298911170375264,0.05753027959897934,-0.09226553927193881,-0.3789574297633535,0.24257801078070712,-0.2805277806612867,-0.22627863063810233,-0.16789457412041106,-0.1194957411143004,-0.1711534724157458,-0.29331703309012197,-0.23830992649976981,-0.18547173453098575,-0.1232948716050105,-0.15309097023168255,-0.5050960467941736,-0.31936563627037384,-0.3091843338906578,-0.12004936567070418,0.36631766534336446,-0.3303775564872771,-0.003301684900025763,3.9580063301212394,5.107375851492836,1.7039447249995876,1.9324000285053686,-0.24492650498741353,1.7863298392873102,-0.39843960740118256,-0.53977011326021,1.5843502981153275,-1.559611418990207,0.562495333486517,2.4780080275445004,-1.0115906670452235,-0.41909587980050367,-0.5032660124649493,-1.2111393525138354,0.8440876596804232,-1.3775436489777086,1.54257961973413,1.140324083814638,-0.49695593857378806,-0.2416458934595581,0.09856449897560136,0.4293392346843325,-0.2949720064192978,0.5313917909077811,2,3,13,3,1,13,15,6,3,2
DE_008,51.055,10.479,True,0.466425029660814,1.0988061526337176,0.7423868680482735,-1.105411078735188,0.33631196253385476,-0.7892358474197648,-0.20652164662416625,0.4688871539262103,-0.20013773206222074,0.2915379899206554,0.08298066731611049,0.025071891184458434,-0.6552566519419303,0.4578766684394071,0.7292841066206418,0.8851826845607438,0.22498156549767467,0.22246177662437153,0.4691768678583775,0.31526842117975623,0.19548853260594556,1.3307308686040107,1.3097681634893428,0.3047216272082743,0.4199099875766497,-0.2658839181202669,0.30447595569228864,-0.21214994481500696,0.6511746338604044,-0.0843693708310462,-0.2168943304382987,-0.47053053508362536,-0.0908282327279469,-0.30298911170375264,0.4761101294649061,-0.09226553927193881,-0.3789574297633535,0.24257801078070712,-0.2805277806612867,-0.22627863063810233,-0.16789457412041106,-0.1194957411143004,-0.1711534724157458,-0.29331703309012197,-0.23830992649976981,-0.18547173453098575,-0.1232948716050105,-0.15309097023168255,3.2171220228045088,-0.19461824176512818,-0.017063153084473304,-0.0896249529504872,1.1146897931092834,-0.08391063436678853,0.9387790732406623,-0.17147706095040494,0.398798868317965,3.2466388358542573,6.141393474817317,0.2359383763640222,3.860095086039852,0.5949087061835745,0.2139207445799055,-2.28683102021023,-2.3934748439307696,2.0611009976231975,3.095451915339481,-0.781439827498564,-0.418519340948925,-0.20944149956055252,-1.1377376897812541,1.088117484226737,-1.5379842602677587,1.631084180824095,1.1613200947380324,0.0020540780446906158,-1.0718844022196314,-0.7126589020572854,0.5935300186451486,0.5057151976173201,0.6518024305179622,2,3,13,3,1,13,13,6,3,7
DE_009,51.276,10.418,True,0.466425029660814,1.3415634379331585,0.45372559489108844,-1.0643423375637964,0.33631196253385476,0.28929009581531795,-0.5106200345432372,-0.30006585366858524,0.21496366443302536,2.73081918374352,-0.6343769928459315,0.5495079909977174,-0.3635915298279258,-0.2117657936373895,0.12507660055475964,0.9430766620961953,0.1971040765382924,0.40995408242368614,0.5738550835357166,-1.2104804520286392,-1.2022052999013864,-0.9841801882250418,1.8396308246559332,0.24360553872848467,0.36288998862117305,-0.4652720463039335,-0.06201329304756689,0.29700937985165854,-0.7134293233693082,-0.0843693708310462,-0.2168943304382987,-0.47053053508362536,-0.564618404666536,-0.30298911170375264,-0.36104957026694745,-0.09226553927193881,-0.3789574297633535,-0.1889406451384228,-0.2805277806612867,-0.22627863063810233,-0.16789457412041106,-0.1194957411143004,-0.1711534724157458,2.3664221652694586,-0.23830992649976981,-0.18547173453098575,-0.1232948716050105,-0.15309097023168255,-0.5050960467941736,-0.41639138755223154,-0.8934266955030267,-0.30259584199200595,-1.1304265901884734,-0.4360062373960579,-0.7098622535055418,0.016226729552851628,0.9873709912148237,2.840666701418818,0.8801516669273817,0.2359383763640222,0.5967921632374934,-0.6044674057743173,-0.8651727678360015,-0.9964372474350444,-0.7973189576405473,-0.32467921968239766,0.18225871724334206,0.2856231558541298,0.031552510542333025,-0.9160194948782685,-1.5355890473936828,0.06791292940943068,-0.7789491383093103,1.1285418990128555,0.33776215070246357,-0.6009989198355105,0.5900102784692026,0.42438288463300017,-0.9575249507978761,0.7434329655273331,-0.030446245834357427,2,3,13,3,1,13,13,6,3,2
DE_010,51.205,10.39,True,0.466425029660814,-0.27173788660186915,1.6081137201387876,-0.8557993709975201,0.33631196253385476,-0.5126907337697434,-0.7133522931559513,-0.2935493027567649,-0.38257082988497226,-0.6653779249940937,0.3960094644777289,-0.23714615872217107,-0.6232933508883407,0.2771427167370192,-0.7073870744693447,-0.9922363012317722,-0.20433543480131747,-0.29395534804113965,-0.4620117170368853,-1.2104804520286392,-1.2022052999013864,1.7055527671820259,1.943496531679162,1.004097070488682,0.4936846153953824,0.09614504143646314,-0.12147523587339369,-2.1156673188497774,-0.5711249550428723,-0.0843693708310462,-0.2168943304382987,-0.47053053508362536,-0.564618404666536,-0.30298911170375264,-0.36104957026694745,-0.09226553927193881,-0.3789574297633535,-0.1889406451384228,-0.2805277806612867,-0.22627863063810233,-0.16789457412041106,-0.1194957411143004,-0.1711534724157458,-0.29331703309012197,-0.23830992649976981,-0.18547173453098575,-0.1232948716050105,-0.15309097023168255,-0.5050960467941736,-0.45797385238731336,-1.185547876309211,-0.3102019451720602,-1.5046126540714329,0.26818496866248087,1.1742992627758344,3.207191168108213,2.7530873599054,1.460361444338324,3.510772570872349,0.7168032577154579,2.5113318841918892,-0.12618858812239728,-0.5126632649523414,0.2939565253401415,-0.5958713747747731,-1.523563750991742,-1.308277554436842,0.9551528708989573,-0.24551924955188958,1.3576225692628967,0.35906646633233263,1.7698234220540963,-1.5777657118444224,1.2652257337349004,0.8597918917287294,0.20363310652881844,-1.1191521200659174,-0.7463675350692803,-0.7552859163035892,1.1909838338221692,-0.39660814273385936,2,3,4,2,0,30,0,6,3,2
DE_011,51.282,10.229,True,0.466425029660814,-0.12964710332254717,1.411928501649338,-0.8146026900713175,0.33631196253385476,-0.3191091542147287,-0.30788777593052336,-0.1371520808730777,-0.49890497922121957,-0.9345105260638666,0.6438239288973434,-0.418681731734453,-0.6352795887834368,1.2063005966428857,-0.5977346011462771,-1.6952345998765468,-0.3201372635192416,-0.4108969091309033,-0.5985140930864952,-1.2104804520286392,-1.2022052999013864,1.7775312094496987,0.6949372319053632,1.067386684165422,0.22374753960379598,0.412076188659334,0.3156760608314347,-0.9440569909170258,-1.478675266819045,-0.0843693708310462,-0.2168943304382987,0.03733867057153182,-0.3869470901895651,-0.30298911170375264,-0.36104957026694745,-0.09226553927193881,-0.3789574297633535,-0.1889406451384228,-0.2805277806612867,-0.22627863063810233,-0.16789457412041106,-0.1194957411143004,-0.1711534724157458,-0.29331703309012197,-0.23830992649976981,-0.18547173453098575,-0.1232948716050105,-0.15309097023168255,-0.5050960467941736,-0.41639138755223154,-0.6013055146968422,-0.3102019451720602,-1.5046126540714329,-0.2951679961843502,-0.003301684900025763,0.2039305200561082,0.398798868317965,1.1355837367899724,2.984648390083356,0.2359383763640222,2.529375926098744,0.02097412500127044,-0.5669974364494469,-0.9964372474350444,-0.6220934950559229,-1.8592514197583583,-1.420194953675627,1.1539195050528905,-0.23683273085477116,-0.8600529209917167,-1.0323772140673857,0.7696703113492004,-1.6179431755022624,1.9499169488482864,1.0312572266101039,0.8181805285659537,-1.709629442684267,-0.9410915034369406,-0.06342586493625088,1.474788930605487,0.9352654788090103,2,3,4,2,0,30,0,6,3,2
DE_012,51.285,10.222,True,0.466425029660814,0.23583496192438017,1.1370369086163374,-0.8534186437284036,0.33631196253385476,-0.3744181769447327,-0.1558385819709877,-0.03940381719577319,-0.3799268719455121,-0.7422729538711716,0.20036646625171742,-0.6607291624174956,-0.6632474772053276,1.0023956254914737,-0.015905150860612786,-0.6283312995803592,-0.09274332483390132,-0.18126493814547673,-0.31336396734590166,-1.2104804520286392,-1.2022052999013864,1.4026534952646892,2.3123798120237775,0.0774360477518364,0.25498284630557844,-0.18659051474401378,0.32860823478475154,-0.13627830335062402,0.31048280993292776,-0.0843693708310462,-0.2168943304382987,-0.47053053508362536,-0.564618404666536,-0.30298911170375264,-0.36104957026694745,-0.09226553927193881,-0.3789574297633535,-0.1889406451384228,-0.2805277806612867,-0.22627863063810233,-0.16789457412041106,-0.1194957411143004,-0.1711534724157458,-0.29331703309012197,-0.23830992649976981,-0.18547173453098575,-0.1232948716050105,-0.15309097023168255,-0.5050960467941736,-0.45797385238731336,-1.185547876309211,-0.3102019451720602,-1.5046126540714329,-0.36558711679020406,-0.23882187443519778,0.9547456820691346,2.1645152370085414,-0.16352709340343405,-0.17209669465060531,0.2359383763640222,-0.6185677000086734,-0.29542570821461517,-0.5569980212958775,-0.9964372474350444,-1.9171577414120022,0.8502276210007597,1.1349992366790789,0.5366967989959401,-0.2710150787661457,-0.7061448428036994,-0.7943996191493744,0.8854539354552656,-1.5187715041708079,1.7287619238218948,1.6854742382536239,0.9429631854821443,-2.034226812521959,-1.1050279503191152,-0.11828462474861297,1.474788930605487,0.7344984750151786,2,3,4,2,0,30,0,6,3,2
DE_013,51.102,10.4,True,0.466425029660814,0.5276526803825075,0.9587226137230421,-0.9103584009657023,0.33631196253385476,-0.8721993815147709,-0.6119861638495943,-0.18276793725581977,-0.35348729255091044,-0.40051726997304704,0.3960094644777289,-0.1766343010514104,-0.27169703929885597,0.5690975617947229,-0.34262476525179353,-0.4298376623159528,-0.31837163875500124,-0.4091139069234688,-0.49623241701461485,-1.2104804520286392,-0.8565040414378471,0.626668252271647,0.4103846115647687,0.1477961175951557,0.02549500432257653,-0.49169268907824115,-0.054804626751965534,0.7274346142903977,-1.5407332013401558,-0.0843693708310462,-0.2168943304382987,-0.47053053508362536,-0.564618404666536,-0.30298911170375264,-0.36104957026694745,-0.09226553927193881,-0.3789574297633535,-0.1889406451384228,-0.2805277806612867,-0.22627863063810233,-0.16789457412041106,-0.1194957411143004,-0.1711534724157458,-0.29331703309012197,-0.010401431321977109,-0.18547173453098575,-0.1232948716050105,-0.15309097023168255,-0.5050960467941736,-0.41639138755223154,-0.8934266955030267,-0.2987927904019788,-0.756240526305514,6.993210986521527,2.5874203999868666,1.1424494725723913,0.9873709912148237,6.169638203789422,2.984648390083356,0.7168032577154579,2.474059408356382,-0.5897511344619506,-0.467485184439227,1.5843502981153275,0.6057187251673252,-0.9480991759632567,0.28893710661274036,0.09731792349777207,-0.20052359517979534,-0.1394832822023628,-0.6916691704389536,0.6182782665072089,-1.719984532113175,2.197609139796535,0.8192353446772045,0.6401203350302895,-1.3456350973924323,-0.9568499656187707,-0.12444398580279643,1.3193213068277014,-0.052038603388855104,2,3,4,2,2,30,0,6,3,2
DE_014,51.104,10.405,True,0.466425029660814,-0.0009432956110491251,1.420463597265188,-0.8946575657785664,0.33631196253385476,-0.5956542678647498,-0.45993696989005883,-0.21535069181492128,-0.41694228309795445,-0.7294571157249921,0.3568808648325265,-0.33799925484010546,-0.6272887635200394,0.34665577508409146,-0.702911463313301,-1.5877172130249928,-0.4837255589874346,-0.5760952558224954,-0.6709890243604818,-1.2104804520286392,-0.8847492744270055,2.584333379585789,2.5276503437012967,0.4867698958955232,0.5335165020788079,0.776423290380824,-0.43227180909662055,-1.6109120815400058,-1.2463842185063798,-0.0843693708310462,-0.2168943304382987,-0.47053053508362536,-0.564618404666536,-0.30298911170375264,-0.36104957026694745,-0.09226553927193881,-0.3789574297633535,-0.1889406451384228,3.294635200669652,-0.22627863063810233,-0.16789457412041106,-0.1194957411143004,-0.1711534724157458,-0.29331703309012197,-0.23830992649976981,-0.18547173453098575,-0.1232948716050105,-0.15309097023168255,-0.5050960467941736,-0.41639138755223154,-0.8934266955030267,-0.29308821301693816,-0.756240526305514,1.394890898356143,4.2360617267330705,1.1424494725723913,2.1645152370085414,-0.40711037406469774,-0.6982208754395988,-0.24492650498741353,-0.6185677000086734,-0.8620021537407359,-0.39760975324561015,-2.28683102021023,0.34504000001942453,-1.2478203087905926,-0.24323999736598761,0.4216213792226104,-0.1321845233060053,1.1337562737166897,-0.1724380817280214,0.7126825407610099,-1.680624895104563,2.0795888372261198,1.2503625378337677,0.7473122856459089,-1.3705783823748,-1.1681688994690467,-0.0652866454812312,1.3193213068277014,-0.08144146228075858,2,3,4,2,2,30,0,6,3,2
DE_015,51.106,10.409,False,0.466425029660814,-0.03000813992227607,1.4588330811598638,-0.9019749303256573,0.33631196253385476,0.2063265617203115,-0.8147184224623082,-0.10456932631397621,-0.4275181148557951,-0.8405277129918826,0.4873095303165341,-0.23714615872217107,-0.5833392245713538,0.501901605392553,-0.6872468242671484,-1.7117757363152475,-0.46172067586116494,-0.5538737985892775,-0.6410843173875378,-1.2104804520286392,-1.2022052999013864,2.1492340999600903,0.8481951389148757,-0.6950637548514588,-0.556813465627729,0.45927053359227304,-0.033551778192221125,1.7133597798210034,-0.8268474805430959,-0.0843693708310462,-0.2168943304382987,0.545207876226689,-0.564618404666536,-0.30298911170375264,-0.36104957026694745,-0.09226553927193881,-0.3789574297633535,-0.1889406451384228,-0.2805277806612867,-0.22627863063810233,-0.16789457412041106,-0.1194957411143004,-0.1711534724157458,-0.29331703309012197,-0.23830992649976981,-0.18547173453098575,-0.1232948716050105,-0.15309097023168255,-0.5050960467941736,-0.41639138755223154,-0.8934266955030267,-0.3102019451720602,-1.5046126540714329,-0.013491513760934644,1.6453396418461785,0.39163431055936476,0.398798868317965,-0.40711037406469774,-0.6982208754395988,-0.24492650498741353,-0.6185677000086734,-1.016523002520587,-1.1810579067836968,0.2939565253401415,-0.06680153616098657,-1.0200322478418173,-0.39949916129639457,-1.5660449623167212,-0.4242975414391911,-2.147284120382407,-0.6679989274079257,0.7126825407610099,-1.680624895104563,2.0795888372261198,1.2503625378337677,0.7473122856459089,-1.3705783823748,-1.1681688994690467,-0.08973225980620202,1.3193213068277014,0.0747573480224084,2,3,4,2,2,30,0,6,3,2
DE_016,51.271,10.31,True,0.466425029660814,1.506419664529844,0.06315271608517976,-0.9138474754517325,0.33631196253385476,0.3169446071803201,0.04689367664172618,-0.11108587722579648,0.16208450564382204,-0.12284077680582074,-0.6343769928459315,0.6503610871156519,-0.5633621614128603,0.11031137670404553,0.32647910257672036,-0.31404970724504827,-0.32024001315625195,-0.4110006700394004,-0.5697121768894232,-1.2104804520286392,-0.8565040414383459,-0.9841801882250418,0.24380315219387877,0.33061800693089266,0.15787292335526654,0.14080818305901663,0.6191180338651047,2.1321302411868066,-0.5650891544930934,-0.0843693708310462,-0.2168943304382987,-0.47053053508362536,-0.564618404666536,-0.30298911170375264,-0.36104957026694745,-0.09226553927193881,-0.3789574297633535,-0.1889406451384228,1.5070537100041828,-0.22627863063810233,-0.16789457412041106,-0.1194957411143004,-0.1711534724157458,1.0365525660896684,-0.23830992649976981,-0.18547173453098575,-0.1232948716050105,-0.15309097023168255,-0.5050960467941736,-0.41639138755223154,-0.6013055146968422,-0.28738363563189745,-0.3820544624225545,-0.4360062373960579,-0.7098622535055418,0.2039305200561082,0.9873709912148237,0.2424450410320054,1.4062758477163753,-0.24492650498741353,1.7916965836132988,0.5066110783093739,-0.7301204258221317,0.2939565253401415,-0.9219511528591885,-0.9600880212763501,-0.8060159560891053,-0.92789945266462,-0.3914732628226463,-0.6921531993320614,0.01525020897255347,1.1589791384514303,-1.624177280700835,1.716236581350898,1.4185247775710668,-0.5334918323693061,-0.6311276875650409,0.1854866419645215,-0.49530103623358807,1.3766294725264945,-0.06674020809175917,2,3,4,2,0,30,2,3,3,2
DE_017,51.243,10.313,True,0.466425029660814,0.8677447666908917,-0.07463909782115243,-0.45643950220674284,0.33631196253385476,-1.2593625406248008,0.857822711092582,-0.19580103907946045,0.08276576746001704,0.4624158318697177,-0.12570519745830175,0.36797241798543545,-0.5433850982543669,0.490316095668041,0.4383693814778096,0.5047365464706298,1.4698820725660489,1.396739963794195,0.3076376617340839,0.6616698169836158,-0.8847492744280029,1.4586674440032752,0.5027351684087044,-0.5379958876716203,-0.10050028962683726,-0.9272325640767202,0.41346930443066005,-0.6190206898801153,0.6991722371122286,-0.0843693708310462,-0.2168943304382987,1.5609462875370033,0.32373816771831854,-0.30298911170375264,-0.36104957026694745,-0.09226553927193881,-0.3789574297633535,-0.1889406451384228,5.082216691335121,-0.22627863063810233,-0.16789457412041106,-0.1194957411143004,-0.1711534724157458,1.0365525660896684,-0.23830992649976981,-0.18547173453098575,-0.1232948716050105,-0.15309097023168255,-0.5050960467941736,-0.18768783095928124,-0.017063153084473304,-0.2531561713216534,-0.007868398539594996,-0.15432975497264242,0.7032588837054903,0.9547456820691346,1.5759431141116824,0.1612506141449175,1.4062758477163753,1.6785330204183293,1.9189185868689982,0.5581180279026576,-0.19388672885180655,-0.9964372474350444,-1.0962511288456547,1.8812683179267957,0.9299945026595945,-1.3358941227700618,-0.4128820721779337,-0.36334957774856985,0.5472329437608071,0.3157684353305258,-1.0373778720763083,1.3617543730447168,0.9784143848158712,1.2651695331688342,-1.4331884949536826,-2.025710783271546,-0.5419469067086513,1.3766294725264945,-0.09752339074019022,2,3,4,2,0,30,0,6,3,2
DE_018,51.194,10.354,True,0.466425029660814,1.1525922806817188,0.0706584925386596,-0.713281795292515,0.33631196253385476,-0.7615813360547624,1.0605549697052963,-0.09805277540215593,0.16208450564382204,0.009589550704702458,-0.12570519745830175,0.22677808342032726,-0.5713529866762578,0.7498315134971111,1.1992232780052168,0.3558663185223248,0.9755547944309005,0.8975474705980104,0.17183273955162748,0.8969531493288907,-0.8565040414383459,-0.0471982080443598,0.20011595529930423,-0.3232012605695124,0.05628084360431374,0.5933989593416129,-0.08650732756028963,-0.24434036303032344,-0.24046964686065825,-0.0843693708310462,-0.2168943304382987,1.5609462875370033,-0.03160446123562325,-0.30298911170375264,1.2086248667302781,-0.09226553927193881,-0.3789574297633535,-0.027121149168749067,1.5070537100041828,-0.22627863063810233,-0.16789457412041106,-0.1194957411143004,-0.1711534724157458,-0.29331703309012197,-0.12435567891087347,-0.18547173453098575,-0.1232948716050105,-0.15309097023168255,0.29252211097697256,-0.12531413370665842,0.8593003893340802,-0.28738363563189745,-0.007868398539594996,2.34554902653517,0.9387790732406623,2.080968425088674,0.9873709912148237,2.2723057132092026,4.0368967516613425,0.2359383763640222,2.8193313592655795,-0.07468163852911358,-0.775298506335246,0.2939565253401415,1.222401295073424,0.03498613971040562,-0.26556273507033146,-1.9112712216367105,-0.4661926979872401,-1.4546977685363291,-0.935225610515793,0.5594264372775982,-1.1943796475792985,1.4453290716100748,1.2498736079369517,0.3887844638015385,-1.2144808765564463,-1.5837248392247882,-0.3916149910685387,1.3766294725264945,-0.08144146228075858,2,3,4,2,0,30,0,6,3,2
DE_019,51.134,10.426,True,0.466425029660814,-0.23362908943599014,1.6878197004751858,-0.928142988970884,0.33631196253385476,0.6211442321953436,-0.7133522931559513,-0.11760242813761676,-0.23450918527520292,-0.2125516438290785,0.2916665320905227,-0.21697553949858417,0.03994514597364196,-0.24883942475582801,-0.5664053230539721,0.8355592752446417,-0.5872909443921879,-0.6806799413855852,-0.6550133982969412,0.0531865886458512,-1.2022052999013864,-0.9841801882250418,-0.7136934512833535,0.6984534563242613,-0.019563329531639497,0.5612981812376149,0.7266363374209122,0.01566485803287998,1.1223405246296745,-0.0843693708310462,-0.2168943304382987,0.545207876226689,0.14606685324134766,-0.30298911170375264,-0.36104957026694745,-0.09226553927193881,-0.3789574297633535,-0.1889406451384228,-0.2805277806612867,-0.22627863063810233,-0.16789457412041106,-0.1194957411143004,-0.1711534724157458,-0.29331703309012197,-0.23830992649976981,-0.18547173453098575,-0.1232948716050105,-0.15309097023168255,-0.5050960467941736,-0.3332264578820678,-0.6013055146968422,-0.28738363563189745,-0.756240526305514,-0.4360062373960579,-0.7098622535055418,-0.5468846419569181,-0.7783453774757525,-0.32591594717760985,-0.17209669465060531,-0.24492650498741353,-0.6185677000086734,1.3380804074580965,-0.4159219352135925,0.2939565253401415,-0.6779311864781359,0.3466961178508351,-0.2842409441698845,-0.33159955020282056,-0.38468291634849766,-0.15347492567400076,0.5950516165507624,1.1039900829357032,-1.7705660072181202,1.9703190125688876,1.205415224945421,-0.911816457799975,1.1027152799561266,0.9414406249080082,-0.3717249542369511,-0.5416371039300416,0.37889616000728404,2,3,13,0,0,10,13,3,3,7
DE_020,51.241,10.376,True,0.466425029660814,-0.10367248671107679,1.456833869574169,-0.8579738243073873,0.33631196253385476,0.7870713003853566,-0.6119861638495943,-0.208834140903101,-0.21335752175952158,0.35988912670028045,0.2786236655421219,-0.1766343010514104,0.17578917545139738,-0.29286436170897384,-0.46570407204299175,0.19872552235466973,-0.5338429180467368,-0.6267058745923169,-0.6075356256547502,-1.2104804520286392,0.654628803119581,-0.059421035455516594,-0.7136934512833535,0.18747977272730437,0.3006333861079533,-0.6399552956866424,0.5242618000485986,0.9482603585850863,0.23990366164574992,-0.0843693708310462,-0.2168943304382987,-0.47053053508362536,-0.564618404666536,-0.30298911170375264,-0.36104957026694745,-0.09226553927193881,-0.3789574297633535,-0.1889406451384228,-0.2805277806612867,-0.22627863063810233,-0.16789457412041106,-0.1194957411143004,-0.1711534724157458,-0.29331703309012197,-0.23830992649976981,-0.18547173453098575,-0.1232948716050105,-0.15309097023168255,2.685376584290411,-0.37480892271714966,-0.8934266955030267,-0.21892870701140932,0.36631766534336446,-0.36558711679020406,-0.23882187443519778,-0.5468846419569181,-0.7783453774757525,0.5672227485803569,1.4062758477163753,0.2359383763640222,1.3348424670949677,0.5434017565902909,1.119409952944085,0.2939565253401415,-0.28058894033553705,-0.6723557337621074,-0.43062950979564957,-0.8965152472718937,-0.3941637774633467,-0.1884540343530956,-0.13131402312865978,0.6477851098618731,-1.1901884262329123,1.38387644345803,0.6071245284419807,-0.7970665340274242,0.8951596107487496,1.3826845660268723,-0.47919650378921547,-0.38180102729207277,-0.08787304191725541,2,3,13,0,0,10,13,6,3,2
DE_022,51.224,10.405,False,0.466425029660814,-0.4767330628997531,1.9333866023997568,-0.9418516323544095,0.33631196253385476,0.2063265617203115,-0.6119861638495943,-0.2805162009331243,-0.13139482563625648,0.2317307452384836,0.33079513173572506,-0.09595182415706287,1.0787524302153013,-0.28359595392936415,-0.4970333501352967,0.7859358659285403,-0.5953808372665089,-0.6735498787364086,-0.6451568353755625,-1.2104804520286392,0.6005927055836213,-0.9841801882250418,-0.7136934512833535,-0.33936292832196213,0.315800367073924,0.09493122338646202,0.6901487576266067,-0.5521485139730683,0.7675570331352556,-0.0843693708310462,-0.2168943304382987,-0.47053053508362536,0.5014094821952895,-0.30298911170375264,-0.36104957026694745,-0.09226553927193881,-0.3789574297633535,-0.1889406451384228,-0.2805277806612867,-0.22627863063810233,-0.16789457412041106,-0.1194957411143004,-0.1711534724157458,-0.29331703309012197,-0.23830992649976981,-0.18547173453098575,-0.1232948716050105,-0.15309097023168255,-0.5050960467941736,-0.3332264578820678,-0.8934266955030267,-0.12765546885075846,0.740503729226324,-0.4360062373960579,-0.7098622535055418,-0.5468846419569181,-0.7783453774757525,-0.32591594717760985,-0.17209669465060531,-0.24492650498741353,-0.6185677000086734,0.42567158609135664,-0.5841048696037461,0.2939565253401415,0.03438499857097962,0.058963830336592506,-0.4586468234449791,-0.44667496997615025,0.2103692383530731,-0.20244567782473355,-0.6801926889693642,1.1403909309160827,-1.1405855758838108,1.0018890041054545,1.750652643558988,-0.5903637696141367,0.7684800264467473,0.7956804497481771,-0.43024071994443813,-0.407317264517136,0.44873570499569526,2,3,13,0,1,10,13,6,3,2
DE_023,51.224,10.404,False,0.466425029660814,-0.2895872667018587,2.0591348061413,-1.129685499906991,0.33631196253385476,-0.04256404056470721,-0.5613030991964157,-0.23490034455038222,0.0034470292762120484,0.7529081631831235,0.06993780076770977,0.48899613332695674,0.6911974049405286,0.03152991057736361,-0.07632590146720106,0.579171660444783,-0.5792442930179594,-0.6646795364161617,-0.6229782795171016,-1.2104804520286392,-1.2022052999013864,-0.9841801882250418,-0.7136934512833535,1.179729950994483,0.17167296530252849,-0.21784323197242753,0.5086003319274449,1.5325762430786685,0.508287252606865,-0.0843693708310462,-0.2168943304382987,-0.47053053508362536,-0.564618404666536,-0.30298911170375264,-0.36104957026694745,-0.09226553927193881,-0.3789574297633535,-0.1889406451384228,-0.2805277806612867,-0.22627863063810233,-0.16789457412041106,-0.1194957411143004,-0.1711534724157458,-0.29331703309012197,-0.23830992649976981,-0.18547173453098575,-0.1232948716050105,-0.15309097023168255,-0.5050960467941736,-0.45797385238731336,-1.185547876309211,-0.29498973881195173,-0.756240526305514,-0.4360062373960579,-0.7098622535055418,-0.5468846419569181,-0.7783453774757525,-0.32591594717760985,-0.17209669465060531,-0.24492650498741353,-0.6185677000086734,0.7052807410263253,-0.33664946327324785,0.2939565253401415,0.543711123090724,-0.49252305406570585,-0.2529587403120965,2.1372912740249808,0.0005987801997989551,0.43417410013479274,0.12156705814222094,1.1403909309160827,-1.1405855758838108,1.0018890041054545,1.7206880466547143,-0.5903637696141367,0.7684800264467473,0.7956804497481771,-0.43024071994443813,-0.407317264517136,0.44873570499569526,2,3,13,0,1,10,13,6,3,2
DE_024,51.224,10.406,True,0.466425029660814,0.24510564502365131,1.4787483042635128,-1.0741510643376766,0.12234624871527452,0.5105261867353351,-0.30788777593052336,-0.1762513863439995,0.1092053468546187,0.8127154078652955,0.3568808648325265,0.448654894879783,0.5153992491457862,-0.13298432751070757,-0.34710037640783714,0.9348060938768452,-0.5459045343176212,-0.6203785985888839,-0.5499270163138745,-1.2104804520286392,-0.04986777168958863,-0.9841801882250418,-0.7136934512833535,1.1598777512925327,0.22707116229901808,-0.25670606353195885,0.4438183864396583,-0.11941586026357966,0.5664125009602845,-0.0843693708310462,-0.2168943304382987,-0.47053053508362536,-0.20927577571259415,-0.30298911170375264,-0.36104957026694745,-0.09226553927193881,-0.3789574297633535,-0.1889406451384228,-0.2805277806612867,-0.22627863063810233,-0.16789457412041106,-0.1194957411143004,-0.1711534724157458,-0.29331703309012197,-0.23830992649976981,-0.18547173453098575,-0.1232948716050105,-0.15309097023168255,-0.5050960467941736,-0.41639138755223154,-0.8934266955030267,1.279473619459276,0.36631766534336446,-0.4360062373960579,-0.7098622535055418,-0.5468846419569181,-0.7783453774757525,-0.0011382396292582732,0.3540274861383882,-0.24492650498741353,0.37573944424862,0.13134615984402123,-0.471822280168486,-0.9964372474350444,-0.9012819521669881,-0.5404784353180796,-0.8597727530097701,1.7397580057171145,-0.06957240402456326,0.4481657436064307,-0.6138044315793095,1.1403909309160827,-1.1405855758838108,1.0018890041054545,1.750652643558988,-0.5903637696141367,0.7684800264467473,0.7956804497481771,-0.43024071994443813,-0.407317264517136,0.44873570499569526,2,3,13,0,1,10,13,6,3,2
ES_001,43.0629,-8.1223,True,0.466425029660814,-0.7496971152953968,0.09706242028869082,0.3738148473648652,0.12234624871527452,2.5569600277454922,-0.2909934210461321,0.7621319449581239,0.45291987898444036,0.10357236377668677,-0.08657659781309943,0.004901271960871549,-0.20377502455997823,-0.2905472597640714,-0.009191734126547491,-0.5373550491675064,0.41457441393820565,0.33104586900981986,0.4872901240194198,0.4621414652209884,-0.5688554030838141,-0.9841801882250418,-0.7136934512833535,0.2852720286407918,0.022907191989041988,-1.5812168891067455,0.5861990428685124,-2.1848093002817506,-0.1064487633437161,0.26758083107624203,1.3795076201651721,-0.1319510646468539,-0.44617086168188874,-0.019009390233904522,-0.15175964533398406,-0.03586987957914034,-0.3789574297633535,-0.1889406451384228,-0.2805277806612867,-0.22627863063810233,-0.16789457412041106,-0.1194957411143004,-0.1711534724157458,-0.29331703309012197,-0.23830992649976981,-0.18547173453098575,-0.1232948716050105,-0.15309097023168255,0.026649391719923816,-0.27778317143529196,1.4435427509464491,-0.272171429271789,-0.756240526305514,-0.400796677093131,-0.4743420639703698,-0.5468846419569181,-0.7783453774757525,-0.40711037406469774,-0.6982208754395988,-0.24492650498741353,-0.6185677000086734,0.47717853568464036,-0.38483941582056985,-0.9964372474350444,-2.121381784072251,-0.7442888056406681,-0.14354695448910507,0.2960845576517052,-0.07290351738923993,-0.2793997169187422,-0.0457982966226229,-0.6074639313568407,0.12141256140071746,0.19857458590338528,0.1531345390770832,0.41029151926106516,-1.1361437003577533,-1.7916508596868566,1.8762588731631786,-0.15481517230185718,-0.3639889682528505,3,4,4,0,0,10,1,2,8,2
ES_002,43.0638,-8.1265,True,-1.4672238728462423,-0.9076153366696803,0.258568794682718,0.36365679291948444,-0.587393680048796,2.759759777755498,-0.18962729173977527,1.0553767359900375,0.16208450564382204,0.19755517684867108,0.017766334574106667,-0.07578120493347598,-0.37957318035472054,-0.17700926446385334,-0.2105942361485082,-0.2478851614902459,-0.16963081384956735,-0.2589091609812456,-0.31385895749734677,1.2077532395746753,-0.5943671232557471,-0.9841801882250418,-0.7136934512833535,0.7630298410617226,0.3122390796208588,-1.680648811839556,0.5099560796842583,-0.000992927536742036,1.6235932817253356,-0.0843693708310462,-0.2168943304382987,-0.47053053508362536,-0.564618404666536,-0.30298911170375264,-0.36104957026694745,-0.09226553927193881,-0.09068980346154015,0.02681868282114216,0.9111932131156929,0.07841620627587534,-0.12122084216176211,-0.08686995826349626,0.08884186456363026,0.5932626996964049,-0.16234042810717228,4.596570577472742,3.756867264199732,-0.15309097023168255,0.026649391719923816,-0.1946182417651282,2.612027474171187,-0.28738363563189745,-0.756240526305514,-0.4360062373960579,-0.7098622535055418,-0.5468846419569181,-0.7783453774757525,-0.40711037406469774,-0.6982208754395988,-0.24492650498741353,-0.6185677000086734,0.3447320938733394,-0.3919474338212998,0.2939565253401415,0.013407302346059798,0.8502276210007597,-0.5123276926863773,-0.2165241304294908,-0.34408176922288075,0.46915320881388756,-0.333268217878238,-1.0159755748132369,0.609340579809167,-0.2788597522574216,0.05192688550002078,-0.051908835631442246,0.4922194216480044,-1.3396478761135355,1.58470619686972,-0.15481517230185718,-0.4664399764163682,3,4,4,0,0,10,1,2,8,2
ES_003,43.0611,-8.126,True,0.466425029660814,-0.08513112051253541,0.13443229839052004,-0.03532759549003976,0.7851180939581933,2.169796868635435,-0.4092539052368853,0.2929402793070622,0.029886608670813712,0.38124885694391314,0.22645219934851885,-0.25731677794575797,-0.5074263845690787,-0.28591305587426663,-0.5731187397880375,-0.34713198012244945,0.6444090556166873,0.5631425646143166,0.6746581090812939,0.7551384936810599,-0.11802913227076058,0.601439316373951,1.5606754615551506,-0.03146556624391346,0.3153138945409489,-0.8079168406349833,0.20589452998578098,-1.9889521341605254,-0.04280664288848959,-0.0843693708310462,-0.2168943304382987,-0.47053053508362536,-0.564618404666536,2.536808102994729,-0.36104957026694745,-0.06406770942553958,-0.3789574297633535,-0.08106098115864031,-0.2805277806612867,-0.22627863063810233,-0.16789457412041106,-0.08686995826349626,-0.1711534724157458,-0.29331703309012197,-0.23830992649976981,-0.18547173453098575,-0.1232948716050105,-0.15309097023168255,0.5583948302340213,-0.13917495531835236,0.5671792085278956,-0.272171429271789,-0.3820544624225545,1.0075857350239468,0.46773869417031827,3.207191168108213,2.1645152370085414,2.678277847644642,1.9324000285053686,-0.24492650498741353,1.4185740912211808,-0.273351301246065,-0.7403607907384376,-0.9964372474350444,-1.0024684868989542,-0.5284895900049862,-0.6190060820557757,0.8923844601135047,2.083351787514934,-1.0629317513304668,-1.3382573243471336,-0.7887293593044417,0.3032086570456407,0.038829244997709574,0.145318758770934,0.37637524633853264,-0.7551841874503235,-1.9296291041397133,1.5139353464023297,-0.15481517230185718,-0.6318373231193709,3,4,4,0,0,13,11,2,8,2
ES_004,43.0791,-8.1212,True,-2.240683433849065,-0.7197135546409984,0.06522882042417034,0.3764801125972494,0.7172753066498629,1.4968704254203924,-0.003789388011452362,-0.02637071537213252,-0.04943212951299128,-0.2552711043163439,-0.16483379710350402,0.0654131296316322,-0.7071970161540132,-0.3762800317254606,0.48312549303824537,-0.9178011872576197,0.5093129966658557,0.42671687768265876,0.6968818971109785,1.459858885585859,-1.0216024159417127,-0.9841801882250418,-0.7136934512833535,-0.10520300071863545,0.3903638661682993,0.3228326625682131,-8.43354701986858,-1.9512465747764838,1.446570682210377,-0.0843693708310462,-0.2168943304382987,-0.47053053508362536,-0.44617086168188874,0.2649703312359436,-0.36104957026694745,0.02052578011365814,-0.3789574297633535,-0.08106098115864031,-0.2805277806612867,-0.22627863063810233,-0.07454711020311315,-0.1194957411143004,0.34883720154300635,-0.29331703309012197,-0.23830992649976981,-0.18547173453098575,11.517191535809216,-0.15309097023168255,0.5583948302340213,-0.18075742015343424,1.4435427509464491,-0.29498973881195173,-1.1304265901884734,-0.4360062373960579,-0.7098622535055418,-0.5468846419569181,-0.7783453774757525,-0.40711037406469774,-0.6982208754395988,-0.24492650498741353,-0.6185677000086734,-3.5035728543105713,-2.416648290097032,0.2939565253401415,0.37095362476785493,1.401714505403058,2.1108976982910908,-0.28975394301251883,-0.10179451984057038,1.1687353823957847,2.182073668661398,-0.624019815912478,-0.04811669542941486,0.4634020067118445,0.38196166389380104,0.6983480297768638,-1.0581275518204347,-1.9834796166302076,1.6927553777388082,-0.05358476465864008,-0.23442991573119926,3,4,4,0,2,7,18,2,8,2
ES_005,43.0798,-8.1212,True,-3.014142994851887,-0.3541709741536985,0.2792664461510199,0.029495967511401603,0.2475944714383459,2.0960515049954473,-0.2909934210461321,0.42978784845528856,0.1092053468546187,-0.22536748197525813,-0.6343769928459315,0.04524251040804532,-0.7151878414174107,-0.4087194589540944,-0.07632590146720106,-0.8102838004060661,0.7454144484279843,0.665142061898677,0.9941604805628567,0.9629088937969744,-0.586683798420219,0.5324926470805477,-0.7136934512833535,0.5449538436609379,0.22513886761152369,-0.6877127487239056,0.6983618059203531,-1.0296593558215026,0.9369591441725411,-0.0843693708310462,-0.2168943304382987,-0.47053053508362536,-0.564618404666536,1.1169094956454881,-0.36104957026694745,-0.09226553927193881,-0.09068980346154015,0.35045767476048967,-0.2805277806612867,-0.22627863063810233,-0.16789457412041106,-0.08686995826349626,-0.1711534724157458,-0.29331703309012197,-0.23830992649976981,-0.18547173453098575,-0.1232948716050105,-0.15309097023168255,-0.5050960467941736,-0.1668965985417403,0.2750580277217112,-0.24174701655157202,-0.3820544624225545,2.23992034562639,0.7032588837054903,-0.3591808514536615,-0.18977325457889377,-0.40711037406469774,-0.6982208754395988,-0.24492650498741353,-0.6185677000086734,0.4477459930599068,-0.5373606156328439,1.5843502981153275,-0.2648556681668472,0.07095267564968595,-0.3547018305291739,-0.342060952000396,-0.3042877764894739,-0.3073830038620181,0.09239766774034815,-0.624019815912478,-0.04811669542941486,0.4634020067118445,0.38196166389380104,0.6983480297768638,-1.0581275518204347,-1.9834796166302076,0.9747813732908632,-0.05358476465864008,-0.5450055650611415,3,4,4,0,2,31,18,2,8,2
ES_006,43.0799,-8.1219,True,0.27306013941010837,-0.296185320439177,0.05769333060116788,0.13549167622185657,0.4563415093101315,1.9577789481704373,-0.3247821308149195,0.13654305742337502,0.029886608670813712,1.0348566023990764,-0.6343769928459315,0.004901271960871549,0.19719659633203898,-0.4133536628438992,0.2817229910162847,0.00023188509026261952,0.5388618860870142,0.4565565900225747,0.733197716334446,1.6014238142243724,-1.0534353174106932,-0.9841801882250418,-0.7136934512833535,0.7631054965085209,0.34447815485153294,-1.015695940425225,0.6295324586403682,-0.32194856958485835,0.3035615242057997,-0.0843693708310462,-0.2168943304382987,-0.47053053508362536,-0.3277233186972414,1.1169094956454881,-0.36104957026694745,-0.0076720497327410955,-0.3789574297633535,0.02681868282114216,-0.2805277806612867,-0.22627863063810233,-0.16789457412041106,-0.1194957411143004,-0.1711534724157458,1.4798424324829318,-0.23830992649976981,-0.18547173453098575,-0.1232948716050105,-0.15309097023168255,1.621885707262216,-0.08373166887157656,0.8593003893340802,-0.3102019451720602,-1.5046126540714329,-0.4360062373960579,-0.7098622535055418,-0.5468846419569181,-0.7783453774757525,-0.40711037406469774,-0.6982208754395988,-0.24492650498741353,-0.6185677000086734,0.22700192337440525,-0.6995198059545822,0.2939565253401415,-1.1135268786779415,-0.15683538529908944,-0.6182468052631109,0.30654595944928065,-0.10470283804742271,0.49713649575716345,0.2910842531826128,-0.624019815912478,-0.04811669542941486,0.4634020067118445,0.38196166389380104,0.6983480297768638,-1.0581275518204347,-1.9834796166302076,0.9747813732908632,-0.05358476465864008,-0.5450055650611415,3,4,4,0,2,31,2,2,8,2
ES_007,43.0614,-8.1247,True,0.27306013941010837,-0.5801521901465706,0.3186673352876025,0.1357824324290254,0.5972457598735869,1.7826337095254325,-0.0882611624334182,0.5210195612207728,-0.20542564794114107,1.8977897042418412,-0.19091953020030558,-0.1968049202749973,0.5513579628310744,-0.32762089088251,-0.09422834609137529,-0.29750857080634807,0.8028914536682019,0.7231847611718293,0.9973835851078868,0.7251758996598514,0.7102501543894507,1.5739673259874463,2.7707883176384054,1.0058050520193822,0.4162973168059679,-0.8693818596965119,0.36190357516325594,-0.14698435292377957,-1.6945168030405011,-0.0843693708310462,-0.2168943304382987,-0.47053053508362536,-0.20927577571259415,4.524666153283666,-0.36104957026694745,12.906934019918111,-0.3789574297633535,0.13469834680092466,0.9111932131156929,-0.22627863063810233,-0.16789457412041106,-0.054244175412692115,3.988771919254271,0.5932626996964049,-0.23830992649976981,-0.18547173453098575,-0.1232948716050105,-0.15309097023168255,2.1536311457763135,6.721931742470155,1.7356639317526334,-0.20371650065130084,0.36631766534336446,3.084949792896636,2.5874203999868666,4.52111770163101,3.9302316056991176,12.82758120853063,2.984648390083356,2.1593979017697653,2.3352327539013165,0.49925294265319053,-0.5224217303431741,-0.9964372474350444,-0.45118696992937024,-1.1399207009727517,0.41687524617675187,-0.3525223537979714,-0.36912917933035344,0.7279986130391894,0.2168059147822154,-0.7887293593044417,0.3032086570456407,0.038829244997709574,0.145318758770934,0.37637524633853264,-0.7551841874503235,-1.9296291041397133,1.5139353464023297,-0.15481517230185718,-0.6318373231193709,3,4,4,0,1,6,0,2,8,2
ES_008,43.0612,-8.1256,True,0.466425029660814,-0.7592183573973507,0.28729509194285713,0.2594507392116521,0.9260223445216486,1.2111071413153798,0.0806823864105084,0.3059733811307027,-0.18956190030438014,1.2783575271764904,-0.13874806400670253,-0.23714615872217107,1.1067203186371923,-0.4295733764582161,0.2817229910162847,-0.41329652587725185,1.1347206177679567,1.0582798187763074,1.2621723199288857,-0.5370824017041984,1.375775404533805,0.044795535683796496,0.041672783198495725,1.2796995633855792,0.4256931689715972,-0.26692590030834545,0.13837724515544475,-1.0128065649102722,-0.899808904114354,-0.0843693708310462,-0.2168943304382987,-0.47053053508362536,-0.20927577571259415,1.1169094956454881,-0.36104957026694745,14.373221171930872,-0.09068980346154015,-0.08106098115864031,0.9111932131156929,-0.22627863063810233,0.018800353714184766,0.04363317313972034,4.5087625932130235,-0.29331703309012197,-0.23830992649976981,-0.18547173453098575,-0.1232948716050105,-0.15309097023168255,0.026649391719923816,7.193199677267751,1.7356639317526334,0.32871072195249595,1.8630619208752024,1.0075857350239468,-0.003301684900025763,-0.3591808514536615,-0.18977325457889377,2.9218611283059057,1.4062758477163753,1.6785330204183293,0.7111922635280368,0.8303690471814429,-0.727469978432029,-0.9964372474350444,-0.05816366124484311,-1.7633406572536108,-1.280336168466779,1.1016124960650133,-0.19893491034433416,1.1337562737166897,0.7384279371326453,-0.7887293593044417,0.3032086570456407,0.038829244997709574,0.145318758770934,0.37637524633853264,-0.7551841874503235,-1.9296291041397133,1.5139353464023297,-0.15481517230185718,-0.6318373231193709,3,4,4,0,1,6,1,2,8,2
ES_009,43.009,-8.0728,True,0.466425029660814,-0.043037208061792266,0.32681796713697214,-0.1809964552818015,0.9260223445216486,2.7505416073005073,0.35099206456079207,1.1075091432845998,0.955271887481872,0.8725226525474674,-0.13874806400670253,0.14609560652597975,0.019968082815148478,-0.33920640060702206,1.1320891106645632,-0.620060731361009,0.4468811508951069,0.3636705718775011,0.5020354753824146,0.5534506972851538,1.4774784536743766,1.5979217987706678,2.646267592873746,0.8647513906031871,0.25980446038841193,-0.3929005345061716,0.33896093295507873,-0.3695108980770614,0.45163561526394197,-0.0843693708310462,-0.2168943304382987,-0.47053053508362536,-0.0908282327279469,3.9567067103439695,-0.36104957026694745,7.098181071559867,3.080254085858407,-0.1889406451384228,0.9111932131156929,-0.22627863063810233,-0.16789457412041106,-0.08686995826349626,6.588725289048031,-0.29331703309012197,-0.23830992649976981,-0.18547173453098575,-0.1232948716050105,-0.15309097023168255,2.685376584290411,4.185401387530162,1.4435427509464491,0.07010321383065175,1.8630619208752024,1.2540526571444353,1.6453396418461785,3.582598749114726,3.341659482802259,2.678277847644642,1.9324000285053686,3.121127664472637,1.8468361878057278,0.44038785740372344,0.04043691540954646,1.5843502981153275,-1.2060755384937643,-0.7203111150144812,-0.05220595633153482,0.8296160493280521,-0.04793297912864437,1.1477479171883276,1.5820290229354415,-1.0332563335957505,0.7984268128691329,-0.5519220419231711,0.15452032757198725,0.10816754893428185,-0.7496180882180239,-1.4824834397330466,1.5834872968876086,-0.05358476465864008,-0.708098282841044,3,4,20,0,1,6,1,2,8,2
ES_010,43.0886,-8.1294,True,0.466425029660814,-0.7699923945127192,0.2726085760633316,0.274957736927342,0.7851180939581933,1.672015664065424,-0.20652164662416625,0.5731519685153351,0.24140324382762704,0.14201987821522585,0.08298066731611049,0.04524251040804532,0.9109450996839564,-0.19554608002307255,0.6397718834997703,0.8934532527800939,0.4100038335615225,0.3264303045558464,0.4819412569318498,-0.6827724929324451,0.2034086205430649,1.5262115998615249,1.7071651593619817,0.5247729654865912,-0.09889734926941156,-1.8445158727044393,0.15725651817413208,-0.000992927536742036,1.2693891619302902,-0.0843693708310462,-0.2168943304382987,-0.47053053508362536,-0.564618404666536,1.9688486600550323,-0.36104957026694745,-0.09226553927193881,-0.3789574297633535,0.02681868282114216,-0.2805277806612867,-0.22627863063810233,-0.16789457412041106,13.615958839074247,-0.1711534724157458,0.5932626996964049,-0.23830992649976981,-0.18547173453098575,-0.1232948716050105,-0.15309097023168255,2.1536311457763135,5.7655350512632735,0.5671792085278956,-0.2645653260917347,-0.007868398539594996,1.1132144159327275,1.4098194523110064,1.5178570535789042,1.5759431141116824,2.5158889938704663,0.3540274861383882,0.2359383763640222,-0.3663547967116551,0.5434017565902909,-0.13629973555775682,0.2939565253401415,0.013407302346059798,0.5145399522341433,-0.2345083142503429,0.0659337181050458,-0.35497194753047756,-0.9160194948782685,-0.2576350170821252,-0.9069262334726926,0.24330220057879726,0.2025470491413017,0.29307454267818156,0.7339040385905379,-1.305282798167661,-1.516083572316906,1.7068066878488561,-0.1056629417991999,0.02927571529621516,3,4,20,3,0,13,0,7,8,2
ES_011,43.0817,-8.1325,True,0.27306013941010837,-0.6484712782114672,0.17349381706485936,0.26691348186232805,0.6807445750223005,1.607488470880401,0.01310496687293889,0.18867546471793736,-0.13139482563625648,1.4620512072717322,-0.03440513161949644,-0.27748739716934484,0.4035276954582227,-0.2673762403150473,0.05794243321410608,-0.9674245965737212,0.4021444698403398,0.31849358824572566,0.7636992957002453,0.751259043921113,-0.01175676666761397,-0.9841801882250418,-0.7136934512833535,0.6813172388651292,0.4511181227385671,-0.27767187871750304,0.292764519745156,-0.5340981948346588,0.9206431574601929,-0.0843693708310462,-0.2168943304382987,-0.47053053508362536,-0.564618404666536,3.6727269888741216,-0.36104957026694745,-0.09226553927193881,0.4858454491420866,-0.1889406451384228,-0.2805277806612867,-0.22627863063810233,-0.16789457412041106,11.038521993860718,-0.1711534724157458,-0.29331703309012197,-0.23830992649976981,-0.18547173453098575,-0.1232948716050105,-0.15309097023168255,0.026649391719923816,5.003189862620106,0.2750580277217112,0.054891007470543325,-0.756240526305514,-0.400796677093131,-0.4743420639703698,-0.5468846419569181,-0.7783453774757525,-0.40711037406469774,-0.6982208754395988,-0.24492650498741353,-0.6185677000086734,0.006257853688903667,-0.71602486470204,0.2939565253401415,0.2851918666718592,0.46658457098176953,-0.8775398299581254,0.09731792349777207,-0.14142195690574333,0.5251197827004394,-0.28768108315181384,-0.7511982065906974,0.050310256298959036,0.3950418451545057,0.352187044020314,0.3995150179986764,-0.44969877933777486,-1.0729181236159024,1.7948373333942667,-0.1056629417991999,0.04076591160467898,3,4,20,3,0,13,9,2,8,2
ES_012,43.0819,-8.1265,True,0.466425029660814,-0.9697950379790484,-0.012468088938305097,0.5705473155468518,0.9260223445216486,0.5842715503753222,0.6044073878266896,0.4037216448080072,-0.3244037552168486,-0.836255766943156,-0.6343769928459315,-0.3178286356165186,-0.6672428898370263,-0.3716458278356558,-0.8282285756825211,-1.108024256302676,0.39356274215638914,0.3098273983995104,0.3901924319842337,1.3364714976014644,-0.24612830086714826,0.8956357575123978,1.776068453004716,-0.6367472241870562,0.23841722950397787,-0.04227380759644619,0.8811351328819523,-1.06019594478246,-0.29498851272883453,-0.0843693708310462,-0.2168943304382987,-0.47053053508362536,-0.20927577571259415,5.944564760632906,-0.36104957026694745,-0.09226553927193881,0.19757782284027323,-0.1889406451384228,4.486356194446631,-0.22627863063810233,-0.12122084216176211,7.743317925929499,1.1288232124811346,0.5932626996964049,-0.23830992649976981,-0.18547173453098575,7.637029400004474,-0.15309097023168255,0.026649391719923816,3.6032468798390163,2.027785112558818,-0.272171429271789,-0.007868398539594996,3.61309319744054,0.9387790732406623,0.767041891565878,1.5759431141116824,-0.32591594717760985,-0.17209669465060531,-0.24492650498741353,-0.6185677000086734,1.4337361709884806,-0.02835424185175563,-2.28683102021023,-0.01805924199131993,-0.32467921968239766,0.007852837968247437,-0.007296094477982218,0.016985295559112316,-0.4962701907291303,-0.20399840576939196,-0.9102171107582389,0.2662783802687201,0.17011055217058374,0.2599329452744425,0.6318214654461873,-0.6949371080722325,-1.9916829490000043,1.6705551215887158,-0.1056629417991999,-0.354801297784059,3,4,20,3,0,13,2,2,8,2
ES_013,42.9415,-8.0374,True,0.27306013941010837,-0.093265748598839,-0.09643612769712423,0.11489018829832755,0.4041547498421851,2.077615164085437,-0.24031035639295353,-0.37174791369860855,0.24140324382762704,0.8554348683525609,0.33079513173572506,0.025071891184458434,0.9828625270545328,-0.1793263664087557,0.39361326991737394,-0.04112095600648868,0.06041972154609459,-0.026594446813518486,0.2027854179487872,0.643248465824292,0.6747162924674183,-0.9841801882250418,-0.7136934512833535,-2.954217653005179,-3.7251593655865016,-0.5262254325132788,0.23857321405430074,-0.33105013695765745,1.8148783222503215,-0.0843693708310462,-0.2168943304382987,-0.47053053508362536,-0.564618404666536,5.092625596223361,-0.36104957026694745,-0.09226553927193881,-0.3789574297633535,-0.1889406451384228,0.9111932131156929,-0.22627863063810233,-0.07454711020311315,-0.08686995826349626,-0.1711534724157458,-0.29331703309012197,-0.23830992649976981,-0.18547173453098575,-0.1232948716050105,-0.15309097023168255,-0.5050960467941736,0.12418065530383281,0.2750580277217112,1.1805942781185708,0.36631766534336446,-0.4360062373960579,-0.7098622535055418,-0.5468846419569181,-0.7783453774757525,-0.40711037406469774,-0.6982208754395988,-0.24492650498741353,-0.6185677000086734,-0.369007064776449,-1.1870816508521123,0.2939565253401415,-0.6908879988523511,2.5526436554600287,2.566387846210678,0.0659337181050458,-0.2134636894041163,0.05639972640056835,-0.03127337476267395,-0.9830843365180781,0.4916543153227408,-0.12272648154242956,0.0031766917404520865,-0.0007917683092871577,-0.3080334106203764,-1.286552666603416,2.4471736961850286,-0.1056629417991999,0.17813266135249878,3,4,20,3,2,13,1,2,8,2
ES_014,42.9444,-8.0403,True,0.07969524915940275,0.06929674480775064,0.09375603189696582,-0.09929396106726014,0.36762401821462265,2.6675780732055,-0.34167648569931064,-0.30658240458040553,0.05632618806541538,-0.6653779249940937,0.43513806412293105,-0.23714615872217107,0.25569742808537116,-0.2696933422599498,0.2593449352360668,-0.46291993519335395,0.09980007145555624,0.013173488163494292,0.16689369993904543,0.18585315508268974,0.7106432255310587,0.8862189587439354,-0.3842907861123824,-0.2811920563999757,0.3976808974211345,0.10970892006962377,0.2748904415412852,0.6767525375262597,-0.5427719134934786,-0.0843693708310462,-0.2168943304382987,-0.47053053508362536,-0.564618404666536,0.5489500527057918,-0.36104957026694745,-0.09226553927193881,-0.3789574297633535,-0.1889406451384228,-0.2805277806612867,-0.22627863063810233,-0.12122084216176211,-0.1194957411143004,-0.1711534724157458,0.5932626996964049,-0.23830992649976981,-0.18547173453098575,-0.1232948716050105,-0.15309097023168255,0.026649391719923816,-0.3193656362703738,0.2750580277217112,-0.05159443705021606,-0.007868398539594996,-0.013491513760934644,0.23221850463514626,3.770302539617983,0.398798868317965,-0.24472152029052197,0.3540274861383882,-0.24492650498741353,0.7587261763467392,0.16077870246875478,-0.6447037349320035,0.2939565253401415,-0.5785956249424862,0.09493036627587283,-0.0023973987327267797,-0.44667496997615025,-0.2818155732523859,1.3296392823196208,0.6240616113766687,-0.9371144518565592,1.0040071921769929,-0.920551922772783,0.2429226942101486,-0.026255695686705726,-0.567246944994409,-1.4593707485319243,1.7055877878667447,-0.1056629417991999,-0.3947718003873769,3,4,20,3,2,13,10,2,8,2
ES_015,43.0611,-8.1274,True,0.07969524915940275,-0.6590782759917139,0.2674567615925033,0.2138504740539518,0.9260223445216486,0.851598493570352,0.18204851571686548,-0.18276793725581977,-0.3561312504903706,-0.46032451465521884,-0.6343769928459315,-0.39851111251086613,-0.7191832540491093,-0.4040852550642895,-0.7767590473880199,-1.124565392741377,0.4961718070791031,0.4134463512854055,0.48101643522454635,1.57277779691218,-0.7702509299390722,1.1954936167904695,-0.7136934512833535,0.43014552202498835,-0.12217837727111791,1.0116191160511254,0.8725498858907013,1.131983380110564,0.9185664467111299,-0.0843693708310462,-0.2168943304382987,-0.47053053508362536,-0.564618404666536,4.524666153283666,-0.36104957026694745,0.6690758665808407,-0.09068980346154015,0.02681868282114216,0.9111932131156929,-0.22627863063810233,-0.16789457412041106,2.0011801441879693,0.08884186456363026,0.5932626996964049,-0.23830992649976981,-0.18547173453098575,-0.1232948716050105,-0.08599119014037673,2.1536311457763135,1.5657061029200046,2.027785112558818,-0.28738363563189745,-0.756240526305514,1.1484239762356545,1.6453396418461785,0.5793381010626214,-0.18977325457889377,-0.16352709340343405,0.3540274861383882,-0.24492650498741353,0.6461955289172611,1.5367500701750478,-0.4166447845018023,0.2939565253401415,0.3027761120368655,0.478573416294863,-0.2367102169490707,-0.16421712144161366,-0.16804523987419773,-1.0909150382737427,0.6693299549511598,-0.7887293593044417,0.3032086570456407,0.038829244997709574,0.145318758770934,0.37637524633853264,-0.7551841874503235,-1.9296291041397133,1.5408193725891046,-0.15481517230185718,-0.37870599556755935,3,4,20,3,1,13,11,2,8,2
ES_016,43.0623,-8.1264,True,0.466425029660814,-0.5351350893311928,0.3891010973066871,0.0652740521904983,0.8738355850537022,1.4599977436003986,-0.22341600150856256,0.5210195612207728,-0.13139482563625648,-0.5671231658733827,-0.6343769928459315,-0.25731677794575797,-0.7271740793125067,-0.29981566754368105,-0.6559175461748435,-1.2651650524703317,0.8331355936082154,0.7537265667508893,0.8940610046230898,1.4928741676360278,-0.9711763162466358,2.0230512967009995,2.211040020898998,-2.2409265877281235,0.18430679775711836,0.24795177501225782,1.2435958968190493,-1.4504469759772785,0.43884459810112186,-0.0843693708310462,-0.2168943304382987,-0.47053053508362536,-0.564618404666536,0.5489500527057918,-0.36104957026694745,-0.09226553927193881,-0.09068980346154015,-0.1889406451384228,-0.2805277806612867,-0.22627863063810233,-0.16789457412041106,-0.021618392561887967,1.1288232124811346,0.5932626996964049,-0.23830992649976981,4.596570577472742,-0.1232948716050105,-0.15309097023168255,2.685376584290411,-0.12531413370665845,1.1514215701402646,-0.21892870701140932,-0.756240526305514,3.084949792896636,3.2939809685923827,4.708821492134266,3.341659482802259,0.08005618725782962,0.3540274861383882,2.1593979017697653,0.27670420082132074,2.162191600950636,-0.09160355457011571,1.5843502981153275,0.9475317754204304,-0.3966122915609583,0.022279097028877815,-0.13283291604888736,1.75364843625882,-0.8950320296708116,0.19441083635891962,-0.7887293593044417,0.3032086570456407,0.038829244997709574,0.05192688550002078,0.37637524633853264,-0.7551841874503235,-1.9296291041397133,1.5139353464023297,-0.15481517230185718,-0.6318373231193709,3,4,20,3,1,13,11,2,8,2
ES_017,43.0646,-8.1224,True,0.466425029660814,-1.4321240940403221,0.06971830408297353,0.787002064010529,0.33631196253385476,0.7041077662903501,0.1144710961792957,-0.01985416446031224,0.05632618806541538,-0.5115878672399375,0.030809201122507384,-0.6607291624174956,-0.37957318035472054,-0.3044498714334859,-0.05394784568698321,-1.455388121515388,0.3564953902061283,0.27239522612280215,0.5004569040207724,1.2562413166318325,-1.0534353174106932,1.4035767195277173,-0.7136934512833535,0.28339664263486974,0.3050989645391154,0.7444316860524942,1.0707346265230957,-1.0836001781530678,1.1614931121756467,-0.0843693708310462,-0.2168943304382987,-0.47053053508362536,0.14606685324134766,0.2649703312359436,-0.36104957026694745,0.02052578011365814,1.6389159543493403,-0.1889406451384228,-0.2805277806612867,-0.22627863063810233,-0.16789457412041106,0.1741363045429369,-0.1711534724157458,1.4798424324829318,-0.23830992649976981,-0.18547173453098575,-0.1232948716050105,-0.15309097023168255,-0.5050960467941736,0.01329408241028117,0.8593003893340802,-0.3102019451720602,-1.5046126540714329,0.30339452896540786,1.1742992627758344,-0.5468846419569181,-0.7783453774757525,-0.16352709340343405,0.8801516669273817,-0.24492650498741353,1.5643914464875361,1.9340893956089507,0.08151884995613844,0.2939565253401415,-0.2626961994378113,-0.15683538529908944,-1.197347215028521,-0.05960310346585937,-0.26863205151295394,-0.45429526031421646,-0.5620008693901912,-0.9550798452980749,0.5517999122295391,-0.23049803666217872,0.1531345390770832,-0.03371220240787476,-0.22952803975339492,-1.4183141865254967,2.107755943485605,-0.15481517230185718,-0.2569420217715091,3,4,20,3,1,13,1,2,8,2
ES_018,43.0104,-8.0721,True,-0.30703453134200853,-0.37177061958188096,0.3310470685682496,0.007074351388799898,0.9260223445216486,1.2111071413153798,-0.13894422708659673,0.5079864593971322,0.5322386171682454,-0.14847245309818,0.1481950000581143,0.04524251040804532,-0.723178666680808,-0.3948168472846799,0.19221076789541322,-1.132835960960727,0.5010795864662241,0.41840243349384876,0.6158513332223929,0.7366290382920899,-0.5161665917602013,-0.059421035455516594,-0.7136934512833535,-0.07656573272527346,0.27931439464441,0.6226927500656991,0.8665281713096462,-0.31086831736231696,0.9678002863843719,-0.0843693708310462,-0.2168943304382987,-0.47053053508362536,-0.564618404666536,2.536808102994729,-0.36104957026694745,-0.09226553927193881,0.19757782284027323,-0.1889406451384228,-0.2805277806612867,-0.22627863063810233,-0.16789457412041106,-0.1194957411143004,0.6088325385223824,-0.29331703309012197,-0.23830992649976981,-0.18547173453098575,-0.1232948716050105,-0.15309097023168255,0.026649391719923816,-0.09759249048327046,0.2750580277217112,-0.28738363563189745,-0.756240526305514,-0.36558711679020406,-0.23882187443519778,-0.5468846419569181,-0.7783453774757525,-0.40711037406469774,-0.6982208754395988,-0.24492650498741353,-0.6185677000086734,1.235066508271529,-0.17364694878193135,0.2939565253401415,-1.6166830925432978,0.8622164663138532,-0.026997966815064896,-0.56175038974948,-0.40469522048551676,-0.580220051558958,-0.6266357754446142,-1.0332563335957505,0.7984268128691329,-0.5519220419231711,0.15452032757198725,0.10816754893428185,-0.7496180882180239,-1.4824834397330466,1.8426378546053963,-0.05358476465864008,-0.3814466637880492,3,4,20,3,2,13,0,2,8,2
ES_019,43.0626,-8.1228,True,0.466425029660814,-0.6278419203239006,0.14327496501955378,0.2739885495701116,0.701619278809479,1.9209062663504428,-0.2234160015085592,0.8403305558999676,0.0034470292762120484,-0.5756670579708358,-0.04744799816789715,0.1864368449731535,-0.46347684562039315,-0.2974985655987787,-0.14122226322983297,-1.3726824393218855,0.15941244522523368,0.07337257246183702,0.2060835455074821,1.1873575369504317,-0.592290302250468,-0.059421035455516594,-0.7136934512833535,0.5511436830782581,0.5539102793578536,0.18353602674725483,0.6666666768124333,-1.5447682285819981,0.26638306365415776,-0.0843693708310462,-0.2168943304382987,-0.47053053508362536,-0.564618404666536,5.660585039163058,-0.36104957026694745,0.44349322780964673,-0.3789574297633535,0.24257801078070712,-0.2805277806612867,-0.22627863063810233,-0.16789457412041106,-0.1194957411143004,-0.1711534724157458,-0.29331703309012197,-0.23830992649976981,-0.18547173453098575,-0.1232948716050105,-0.15309097023168255,0.026649391719923816,0.4291187307610998,0.2750580277217112,-0.272171429271789,-1.1304265901884734,-0.36558711679020406,-0.23882187443519778,-0.5468846419569181,-0.7783453774757525,-0.40711037406469774,-0.6982208754395988,-0.24492650498741353,-0.6185677000086734,0.9113085393994601,-0.5696478838395496,0.2939565253401415,-0.20901797674463415,-0.06691904545088864,-0.2684479868824575,-0.36298375559554685,-0.2787214814155804,0.3012534871542323,-0.0157920794469259,-0.6074639313568407,0.12141256140071746,0.19857458590338528,0.4994083870497437,0.41029151926106516,-1.1361437003577533,-1.7916508596868566,1.8762588731631786,-0.15481517230185718,-0.3639889682528505,3,4,20,2,0,30,0,2,8,2
ES_020,43.0753,-8.1219,True,0.466425029660814,-1.0551285395659666,0.0786081594976646,0.5626610039212508,0.9260223445216486,1.1465799481303844,0.09757674129490472,0.24732442292432008,0.05632618806541538,-0.5286756514348437,-0.6343769928459315,-0.015269347262715335,-0.44349978246189964,-0.3438406044968269,0.1026985447745418,-1.422305848637987,-0.08054473535389374,-0.1689462890129138,-0.015396001323803355,2.191443004142821,-0.90466533492,2.725252108805267,0.45866007150896654,0.36530270804750975,0.4452213596328086,-0.20847709370255343,0.3471463170893783,-0.7994137536218799,0.5886329798740062,-0.0843693708310462,-0.2168943304382987,-0.47053053508362536,-0.3277233186972414,4.8086458747535135,-0.36104957026694745,0.02052578011365814,-0.3789574297633535,0.13469834680092466,0.9111932131156929,-0.22627863063810233,-0.12122084216176211,-0.054244175412692115,2.1688045603986392,0.5932626996964049,-0.23830992649976981,-0.18547173453098575,-0.1232948716050105,-0.15309097023168255,1.621885707262216,0.3875362659260179,2.027785112558818,-0.272171429271789,-0.756240526305514,8.57764120015324,6.120223243014447,0.016226729552851628,0.398798868317965,0.7296116023545328,0.8801516669273817,0.7168032577154579,1.5254060507674518,0.8487643863219013,-0.483689055983264,1.5843502981153275,0.4016489302734361,0.3946514991032089,-0.6612977994072027,-1.0429748724379497,-0.2574536037795678,-1.3077855120841309,-1.314108894588206,-0.6002453125634688,0.12243157265775727,0.1925385637221239,0.1850703042502459,0.24759934274445983,-0.6436747276661472,-1.5853922458042622,2.2997932685287084,-0.05358476465864008,0.17491809833291666,3,4,20,2,0,30,1,2,8,2
ES_021,43.0101,-8.0711,True,0.466425029660814,-0.35544719687115967,0.44986134423354096,-0.07727590298252075,0.9260223445216486,0.9161256867553664,0.13136545106369032,0.13002650651155462,1.1667885226386854,-0.08866520841600839,-0.09961946436150025,0.8318966601279338,-0.6272887635200394,-0.378597133670363,0.8411743855217311,-0.8102838004060661,0.48894371644560775,0.40614712111143153,0.5366380601959208,1.8808091429703184,-0.762471046688149,-0.9841801882250418,-0.7136934512833535,0.867320983344522,0.4740925134542594,1.2969000975973313,0.38110072674867607,0.1869720256703888,1.0671084577983816,-0.0843693708310462,-0.2168943304382987,-0.47053053508362536,0.14606685324134766,3.9567067103439695,-0.36104957026694745,0.10511926965285588,-0.09068980346154015,1.752893306497662,-0.2805277806612867,-0.22627863063810233,-0.16789457412041106,0.14151052169213274,-0.1711534724157458,-0.29331703309012197,-0.23830992649976981,-0.18547173453098575,-0.1232948716050105,-0.15309097023168255,0.5583948302340213,0.747917627830061,1.1514215701402646,-0.28738363563189745,-0.756240526305514,-0.4360062373960579,-0.7098622535055418,-0.17147706095040494,-0.18977325457889377,-0.40711037406469774,-0.6982208754395988,-0.24492650498741353,-0.6185677000086734,-0.09675604549766374,-0.6167535624545567,0.2939565253401415,-0.4963815654727637,1.036054723353708,-0.36297794756921975,-0.5879038942434186,-0.30314751076079616,-1.4686894120079672,-1.282707966122802,-1.0332563335957505,0.7984268128691329,-0.5519220419231711,0.15452032757198725,0.10816754893428185,-0.7496180882180239,-1.4824834397330466,1.8426378546053963,-0.05358476465864008,-0.3814466637880492,3,4,20,2,0,30,1,2,8,2
ES_022,43.0916,-8.1273,True,0.3117331174602495,-0.291508219055761,0.27729903401438416,-0.0056220029909212045,0.7172753066498629,0.7409804481103526,0.7226678720174396,0.09092720104063284,-0.23186522733574272,-0.6354743026530077,-0.20396239674870634,-0.27748739716934484,-0.7071970161540132,-0.4782325173011667,-0.4455638218407957,-1.3147884617864332,0.33237984089004924,0.2480423293267694,0.3293725693178455,1.8719478764185415,-0.5718104579565895,2.61752625361292,1.2991191663476662,1.0549816195450614,0.13147626339090504,-0.023761479011930715,0.4918526703270553,-1.0537930397111488,0.5848559967803783,-0.0843693708310462,-0.2168943304382987,-0.47053053508362536,-0.3277233186972414,2.2528283815248806,-0.36104957026694745,-0.09226553927193881,-0.3789574297633535,0.35045767476048967,-0.2805277806612867,-0.22627863063810233,-0.12122084216176211,-0.1194957411143004,1.1288232124811346,-0.29331703309012197,-0.23830992649976981,-0.18547173453098575,-0.1232948716050105,-0.15309097023168255,0.026649391719923816,0.04101572563366906,0.8593003893340802,-0.272171429271789,-0.3820544624225545,2.486387267746878,4.9426222953385865,1.8932646345854174,0.9873709912148237,0.1612506141449175,-0.17209669465060531,-0.24492650498741353,-0.6185677000086734,-0.08203977418529697,-0.7275302158727132,-0.35124036104745143,-0.262850447204171,-0.3186847970258509,-0.5760310155909505,-0.8389775373852288,-0.38644456283943246,-1.6470828662713508,0.0681296912994458,-0.9924482413238804,0.6111041236947449,-0.29619510691722467,0.26590406948824874,0.44624509781989635,-0.7527910579062778,-1.2220943122550925,1.5598756989660603,-0.05358476465864008,-0.23442991573119926,3,4,20,2,1,30,0,7,8,2
ES_023,43.0616,-8.1337,True,0.466425029660814,-1.3552147051126329,-0.007819295206976901,0.7912438421240918,0.6650885471819166,2.179015039090463,-0.20652164662416625,0.13654305742337502,-0.3429114607930698,-0.554307327727203,-0.16483379710350402,-0.27748739716934484,0.06391762176383403,-0.33225509477231485,-0.23968570866279135,-1.3478707346638343,-0.30636763488891716,-0.3969917585345448,-0.4009669368751263,1.2581460743417867,0.8273292089953882,1.1314687463456743,-0.7136934512833535,-0.19356028585283,0.44993663621628677,0.05123673447920241,-0.09833224614857923,0.5862908316850497,0.46514050803805584,-0.0843693708310462,-0.2168943304382987,-0.47053053508362536,-0.564618404666536,-0.30298911170375264,-0.36104957026694745,0.21791058903845278,-0.3789574297633535,0.24257801078070712,-0.2805277806612867,-0.22627863063810233,-0.16789457412041106,-0.1194957411143004,1.9088092234192624,-0.29331703309012197,-0.23830992649976981,-0.18547173453098575,3.756867264199732,-0.15309097023168255,0.026649391719923816,-0.042149204036494685,0.5671792085278956,-0.1961103974712466,1.1146897931092834,0.0217180465419923,0.7032588837054903,-0.5468846419569181,-0.7783453774757525,-0.16352709340343405,0.3540274861383882,-0.24492650498741353,0.6461955289172611,-0.2659931655898816,-0.4249575513162154,0.9391534117277345,0.6822256172817387,0.43661245769903595,-0.38985634602955216,-1.1946651985027934,1.1600824705968742,-1.171366988235661,-0.9853953680512545,-0.8059359334087512,0.03680228047054788,0.44949150872052557,0.036852312490073126,0.007951894392591183,0.025916711387029907,-1.4087871489324482,1.5292061683920704,-0.1056629417991999,-0.12463949691813078,3,4,20,2,1,30,1,2,8,2
ES_024,43.0307,-8.1075,True,0.466425029660814,-0.15904602630401823,0.11482464630005407,0.019916083872105254,0.8373048534261397,1.3309433572303986,-0.037578097780237685,0.3124899320425231,-0.22128939557790211,-0.7166412775788124,0.21340933280011812,-0.0556105857098891,-0.7032016035223145,-0.39249974533977744,-0.43213698837266495,-1.331329598225134,0.43059476826071763,0.3472238971500241,0.4912282872597539,1.2182023212857371,-0.9631338754308566,2.410223450533614,0.4114172723012545,-1.0956850220924887,0.17361758364805757,0.5780776684515995,0.2658594746503101,0.5432693047630593,0.7207881772661248,-0.0843693708310462,-0.2168943304382987,-0.47053053508362536,0.027619310256700412,5.944564760632906,-0.36104957026694745,-0.03586987957914034,-0.3789574297633535,0.24257801078070712,-0.2805277806612867,-0.22627863063810233,-0.16789457412041106,-0.1194957411143004,-0.1711534724157458,-0.29331703309012197,-0.23830992649976981,-0.18547173453098575,-0.1232948716050105,-0.15309097023168255,-0.5050960467941736,0.31823215786754827,0.2750580277217112,-0.30259584199200595,-1.1304265901884734,3.5074645165317593,5.413662674408931,1.3301532630756476,0.398798868317965,2.75947227453173,0.8801516669273817,-0.24492650498741353,1.0727499096720965,0.06512293893837075,0.04778588317301306,-0.9964372474350444,0.43666317323708903,0.07694709830623267,-0.2162477073867555,-1.3045099173773356,-0.2854477680173314,-2.3886399702681618,-0.7569815076912343,-0.6455125784015725,0.1625518221055689,0.16057108293670647,0.28393810885911236,0.712946752529812,-1.4955680256527402,-1.9200439663174051,1.3662342844133657,-0.1056629417991999,-0.3180677910902211,3,4,20,2,1,30,0,7,8,2
ES_025,43.0617,-8.1234,True,0.466425029660814,-1.4327209566092387,0.2577682746772145,0.6688354789058647,0.33631196253385476,1.1557981185853847,-0.3923595503524873,0.2082251174533983,-0.2741685543671054,-0.7251851696762655,-0.6343769928459315,-0.33799925484010546,-0.7191832540491093,-0.3299379928274124,-0.8573200481968042,-1.480199826173439,0.8618558621457809,0.7827295028433854,0.9738970189653355,2.4613933115419715,-0.9631338754308566,1.3330365901072532,0.5629686866862894,0.7600862905400321,0.23780931011509088,0.4951433496694657,-0.0037983752154629293,0.9587951579872148,0.2737414397900246,-0.0843693708310462,-0.2168943304382987,-0.47053053508362536,3.1072554278575293,3.388747267404273,-0.36104957026694745,0.18971275919205358,-0.3789574297633535,0.24257801078070712,-0.2805277806612867,-0.22627863063810233,0.06547408567283375,-0.1194957411143004,2.1688045603986392,0.5932626996964049,-0.23830992649976981,-0.18547173453098575,11.517191535809216,-0.15309097023168255,3.7488674613186057,0.8726650223353065,1.7356639317526334,-0.2797775324518432,-0.756240526305514,0.4442327701771156,1.4098194523110064,-0.17147706095040494,0.398798868317965,-0.40711037406469774,-0.6982208754395988,2.1593979017697653,-0.6185677000086734,-0.8325696111160024,-0.6080191335553546,0.2939565253401415,-0.053073484954972855,0.19683555143716708,0.33749285750365154,-0.8285161355876535,-0.4122094435177586,-0.552236764615682,0.045017332784300694,-0.6074639313568407,0.12141256140071746,0.19857458590338528,0.145318758770934,0.41029151926106516,-1.1361437003577533,-1.7916508596868566,1.8762588731631786,-0.15481517230185718,-0.3639889682528505,3,4,20,2,2,30,0,2,8,2
ES_026,43.0623,-8.1204,True,0.466425029660814,-0.746356328592957,0.31336173531018213,0.23556027085591766,0.36762401821462265,1.0451800731253762,-0.27409906616173757,0.8794298613708893,-0.022992550118389618,-0.5414914895810234,-0.6343769928459315,-0.07578120493347598,-0.631284176151738,-0.056519963328927926,-0.38514307123420743,-1.4471175532960379,1.0437291437039544,0.9663927981591954,1.21218239196692,1.686208080457668,-0.470844147827913,1.2452729820113544,-0.7136934512833535,-1.4203399582194816,0.2690996162636265,1.1451940171050425,-0.8977180950713255,0.4616492584305129,0.6848855419157364,-0.0843693708310462,-0.2168943304382987,-0.47053053508362536,-0.3277233186972414,1.6848689385851845,-0.36104957026694745,0.41529539796324755,-0.3789574297633535,-0.08106098115864031,-0.2805277806612867,-0.22627863063810233,-0.07454711020311315,-0.1194957411143004,0.8688278755017584,-0.29331703309012197,-0.23830992649976981,-0.18547173453098575,-0.1232948716050105,-0.15309097023168255,0.026649391719923816,0.09645901208044491,1.1514215701402646,-0.29498973881195173,-0.756240526305514,0.7611188129034581,1.1742992627758344,-0.3591808514536615,-0.18977325457889377,-0.32591594717760985,-0.17209669465060531,-0.24492650498741353,-0.6185677000086734,-1.1931182582689883,-0.9087846748913279,0.9391534117277345,-0.2821314179991341,0.8082666624049326,-0.029123941834526216,-0.6820565104215974,0.006831805784088204,-1.1119025034811996,-0.33091713313273186,-0.6074639313568407,0.12141256140071746,0.19857458590338528,0.4994083870497437,0.41029151926106516,-1.1361437003577533,-1.7916508596868566,1.4771707040202013,-0.15481517230185718,-0.10166436200977295,3,4,4,2,2,30,0,2,8,2
ES_027,43.0322,-8.1205,True,0.466425029660814,-1.302416753244684,-0.1817235136129414,0.8702076306844437,0.8581795572133183,1.4599977436004083,-0.5275143894276301,-0.3261320573158664,-0.23979710115412325,-0.7679046301635309,-0.6343769928459315,-0.09595182415706287,-0.6992061908906158,-0.4643299056317522,-0.8662712705088913,-1.4305764168573378,1.0608550608623089,0.9836872701875282,1.203981849167238,2.075228586702243,-1.2022052999013864,1.99961455667311,1.0365472656834214,-0.29168566741830626,0.13284514678616155,1.2581086511180155,0.8829334620018987,-0.4034995341114599,-0.10191616438699562,-0.0843693708310462,-0.2168943304382987,-0.47053053508362536,-0.3277233186972414,1.4008892171153362,-0.36104957026694745,-0.03586987957914034,-0.3789574297633535,0.13469834680092466,0.9111932131156929,-0.22627863063810233,-0.16789457412041106,-0.1194957411143004,1.3888185494605108,-0.29331703309012197,-0.23830992649976981,-0.18547173453098575,-0.1232948716050105,-0.15309097023168255,-0.5050960467941736,-0.08373166887157656,0.8593003893340802,-0.2797775324518432,-1.1304265901884734,2.662435069261513,4.2360617267330705,0.39163431055936476,0.9873709912148237,-0.16352709340343405,0.3540274861383882,-0.24492650498741353,0.6461955289172611,0.3704855686699813,-0.6192835349632911,1.5843502981153275,0.5213451969685668,-0.34865691030858453,-0.4092179042425034,-0.8755924436767428,-0.3870403196527304,-1.258814759933398,0.34280811758374785,-0.4981737146141883,-0.06809735597272583,0.4148328686384825,-0.056431420009469165,0.12111185826135555,-0.4111682493905891,-1.5035199227415912,1.103747049184306,-0.05358476465864008,-0.41865932298954917,3,4,4,2,2,30,0,2,8,2
ES_028,42.1673,-8.6847,True,0.466425029660814,-1.394134870196058,0.4297773638002419,0.538043645047593,0.33631196253385476,1.6535793231554137,0.16515416083247422,0.6839333340162802,0.21496366443302536,-0.2125516438290785,0.6829525285425456,0.04524251040804532,-0.6153025256249433,-0.23261971114151117,0.6397718834997703,-0.6448724360190601,0.20857415998879858,0.12301814139585428,0.141496801116063,0.6286392320802727,-0.12425671924033772,1.6652474399684485,-0.7136934512833535,-0.431092930097713,0.3401670455644779,0.9213340508859175,0.7985053288259919,0.4013491109530076,0.9065685879181437,-0.0843693708310462,-0.2168943304382987,-0.47053053508362536,-0.564618404666536,3.6727269888741216,-0.36104957026694745,0.3307019084240498,-0.3789574297633535,-0.1889406451384228,-0.2805277806612867,-0.22627863063810233,-0.12122084216176211,6.73191865755457,-0.1711534724157458,-0.29331703309012197,-0.23830992649976981,-0.18547173453098575,-0.1232948716050105,-0.15309097023168255,-0.5050960467941736,5.197241365183821,0.2750580277217112,-0.08962495295048724,0.36631766534336446,0.5146518907829695,1.4098194523110064,1.7055608440821608,-0.18977325457889377,-0.32591594717760985,-0.17209669465060531,0.2359383763640222,-0.6185677000086734,0.9775317603051106,-0.2462933022470192,1.5843502981153275,1.478761082763253,0.5265287975472368,-0.6418603135149848,-1.6811203820900509,-0.4426571008683514,-0.17446239088145768,0.6144978768186776,-1.2014984164825615,0.8652124367064365,-0.5471476760871675,-0.3374078660750639,-0.21162546105778862,-0.17282574530417336,0.13726520168596693,0.22947420983140931,-0.24398282633221863,-0.41865932298954917,3,4,4,5,2,13,7,2,8,2
ES_029,42.3444,-7.8515,True,0.466425029660814,-1.205046342837958,-0.004820477828434962,0.7022239833624595,-0.9005142368564738,3.3589408573305533,-0.679563583387169,1.1140256941964202,-0.12610690975733607,-0.622658464506828,0.12210926696131276,-0.25731677794575797,-0.4195273066717074,-0.06115416721873281,0.013186321653670365,-0.8516366415028174,-0.5730223433588936,-0.666270907453445,-0.7566919359143373,0.91212823751926,-0.7114026527534526,-0.9841801882250418,-0.7136934512833535,-0.7599921222440709,0.40388554373963276,0.5689354722749486,0.7874118634908348,-0.6328426503388668,0.20561145552834204,-0.0843693708310462,-0.2168943304382987,-0.47053053508362536,-0.3869470901895651,0.974919634910564,-0.36104957026694745,-0.09226553927193881,-0.3789574297633535,-0.1889406451384228,-0.2805277806612867,-0.22627863063810233,-0.16789457412041106,-0.07055706683809418,-0.1711534724157458,-0.29331703309012197,-0.23830992649976981,-0.18547173453098575,-0.1232948716050105,-0.15309097023168255,-0.5050960467941736,-0.31243522546452684,-0.017063153084473304,-0.08201884977043299,-1.1304265901884734,-0.4360062373960579,-0.7098622535055418,-0.3591808514536615,-0.18977325457889377,-0.40711037406469774,-0.6982208754395988,-0.24492650498741353,-0.6185677000086734,0.8671597254623599,-0.21762028048136262,0.2939565253401415,0.30740354502765666,-0.07291346810743536,-0.3580426484168988,-0.5408275861543291,-0.07066142185532294,-0.8320696340484408,-0.7227513077524246,-0.8463860284077727,-0.016969354279830796,0.5554639054035444,-0.8369088364416315,-0.21162546105778862,-0.17282574530417336,0.13726520168596693,0.9419943711365034,0.45202074675986387,-0.2174345480362392,3,4,4,5,2,13,4,7,8,6
ES_030,42.441,-8.6361,True,0.466425029660814,-1.2970495968681208,-0.3728387899302672,0.9875382371877249,0.8894916128940861,2.778196118665509,-0.6119861638495943,-0.20231758999128072,0.12771305243083994,-0.0673054781723755,-0.03440513161949644,-0.39851111251086613,-0.3675869424596245,0.4022662217617493,0.08032048899432394,-0.7110369817738625,-0.18739279763884195,-0.2768459598674565,-0.2805008826297897,1.5863114532052014,0.7631632453849048,1.4259631153490364,1.5344626744128906,0.1624980247351732,0.2331410813825035,0.2334474932775596,0.4008407611079558,1.0605408869263913,0.3140389416845248,-0.0843693708310462,-0.2168943304382987,-0.47053053508362536,-0.44617086168188874,7.364463367982147,-0.36104957026694745,0.21791058903845278,-0.3789574297633535,-0.1889406451384228,-0.2805277806612867,-0.22627863063810233,0.15882154959013167,0.6961488301558033,0.34883720154300635,0.5932626996964049,-0.23830992649976981,4.596570577472742,-0.1232948716050105,-0.15309097023168255,0.026649391719923816,0.9419691303937765,1.7356639317526334,0.21461917425168237,0.36631766534336446,0.09213716714784619,0.9387790732406623,1.3301532630756476,1.5759431141116824,-0.40711037406469774,-0.6982208754395988,-0.24492650498741353,-0.6185677000086734,0.04304853196982059,-0.707712097887627,0.2939565253401415,-1.3637167557133822,0.6344284053650777,-0.43108507587124845,-0.9174380508670446,-0.4137789103915005,-0.11149999525908694,-0.4897946734773586,-0.7663291833196776,1.0625889340096846,-1.1151108390892186,-0.3426382886347696,-0.21162546105778862,-0.17282574530417336,0.13726520168596693,-0.39578568498323313,-0.5147946725960292,-0.3419356849137328,3,4,4,5,2,13,7,7,8,2
ES_031,43.4283,-7.4739,True,0.466425029660814,0.1781633432555569,0.029705949739560755,-0.12209434279392435,0.33631196253385476,0.2708537549053075,2.3445259409191497,-0.7627409684078266,-0.7368611937726346,-0.37915753972941435,-0.6343769928459315,-0.6607291624174956,-0.7071970161540132,0.01762729890794911,-1.078862800420961,-1.79448141850875,3.2278200297512094,3.1719797099033444,2.3281038257451843,-0.7137577699624639,-1.0263214932180613,0.09182680734384265,-0.7136934512833535,-1.2901736676347915,-1.4050158375740973,0.8869340277473955,0.16461324788620144,0.7771644821736624,-1.0199736721161823,-0.0843693708310462,-0.2168943304382987,-0.47053053508362536,-0.564618404666536,-0.30298911170375264,-0.36104957026694745,-0.09226553927193881,-0.3789574297633535,-0.1889406451384228,-0.2805277806612867,-0.22627863063810233,-0.16789457412041106,-0.1194957411143004,-0.1711534724157458,-0.29331703309012197,-0.23830992649976981,6.987591733474607,-0.1232948716050105,-0.15309097023168255,3.4829947420615572,-0.3332264578820678,-0.6013055146968422,-0.3102019451720602,-1.5046126540714329,0.9371666144180928,0.23221850463514626,-0.5468846419569181,-0.7783453774757525,-0.40711037406469774,-0.6982208754395988,-0.24492650498741353,-0.6185677000086734,-0.15562113074713083,-0.5732621302805987,1.5843502981153275,0.34133805362679165,-0.49252305406570585,0.620741065007239,-1.4718923461385425,-0.37056412047206033,-3.126699163397063,-0.36506763528355834,-0.8016925698154751,0.30279020801935536,0.04755025151684337,-0.006848667569924966,0.505207626533643,-0.15984607026879272,-1.3105592613318215,1.4737058339656302,0.1185582694014682,-0.18159730539660168,3,4,11,6,1,14,11,7,8,2
ES_032,43.4286,-7.4855,True,0.466425029660814,0.1781633432555569,0.029705949739560755,-0.12209434279392435,0.33631196253385476,0.7501986185653351,1.364653357624367,-0.7627409684078266,-0.7368611937726346,-0.3748855936806877,-0.6343769928459315,-0.6607291624174956,-0.6632474772053276,0.12421398837346004,-1.15271038449568,-1.7862108502893999,1.7026706315155011,1.63181964939826,1.50751094302555,0.14278197574897686,-1.0534353174113584,0.8347004882882896,0.3220346135759499,-1.3456465471273653,-0.4484727304419524,0.19513114949443128,-0.1395865452200984,-0.2188247700646522,-0.6219792909665346,-0.0843693708310462,-0.2168943304382987,-0.47053053508362536,-0.44617086168188874,1.9688486600550323,-0.36104957026694745,-0.03586987957914034,-0.3789574297633535,-0.1889406451384228,-0.2805277806612867,-0.22627863063810233,-0.16789457412041106,-0.1194957411143004,-0.1711534724157458,-0.29331703309012197,-0.23830992649976981,-0.18547173453098575,-0.1232948716050105,-0.15309097023168255,0.026649391719923816,-0.18075742015343427,0.2750580277217112,-0.30259584199200595,-1.1304265901884734,1.43010045865907,1.6453396418461785,0.2039305200561082,0.398798868317965,0.4860283216932691,-0.17209669465060531,0.2359383763640222,-0.6185677000086734,-0.6559743553676011,-0.621211133065184,-0.9964372474350444,1.3877549006110272,-0.9480991759632567,0.24505090799671744,-2.2041904719688223,-0.4724961894311667,-0.7551155949544321,0.8093589684377458,-1.025753340202596,0.995448619465114,-0.8523685895797406,-0.0812708124018577,0.719640984675395,-0.2560230106830023,-1.67232978885395,1.2302106758674811,0.1185582694014682,-0.7871195395618676,3,4,11,6,1,14,11,7,8,2
ES_033,43.427,-7.462,True,0.466425029660814,0.1781633432555569,0.029705949739560755,-0.12209434279392435,0.33631196253385476,0.24319924354030537,2.3276315860347587,-0.7627409684078266,-0.7368611937726346,-0.3961299813810048,0.18732359970331658,-0.6607291624174956,-0.5513759235177642,0.25397169728799507,-0.9445944657396539,-1.5629055083669425,4.158930006033115,4.112253757197428,3.7819634026788207,0.1656197041655049,-1.2022052999013864,0.7780769764452984,-0.7136934512833535,-1.3124893356870857,0.7016628631047188,0.423184824700191,0.22907480642619552,-0.000992927536742036,0.07036715203432793,-0.0843693708310462,-0.2168943304382987,-0.47053053508362536,-0.564618404666536,-0.30298911170375264,-0.36104957026694745,-0.09226553927193881,-0.3789574297633535,0.13469834680092466,-0.2805277806612867,-0.22627863063810233,-0.16789457412041106,-0.1194957411143004,-0.1711534724157458,-0.29331703309012197,-0.23830992649976981,-0.18547173453098575,-0.1232948716050105,-0.15309097023168255,-0.5050960467941736,-0.37480892271714966,-0.6013055146968422,-0.3102019451720602,-1.5046126540714329,0.09213716714784619,0.7032588837054903,-0.5468846419569181,-0.7783453774757525,-0.40711037406469774,-0.6982208754395988,-0.24492650498741353,-0.6185677000086734,0.046727599797912286,-0.4285717977572645,-0.9964372474350444,-0.16521161109847807,-0.12086884935980913,-0.19312772905011366,-1.7961958018633808,-0.43795510623436545,-2.7839038983419333,-2.207122608940623,-0.932113842540463,0.614748818453181,-0.33933168468747976,0.004671873602534475,0.8623739474931134,-0.7022020831804977,-1.4850391498177065,1.656952944303402,0.1185582694014682,-0.5679743907192156,3,4,11,6,1,14,11,7,8,2
ES_X01,38.0636,-3.9877,True,0.27306013941010837,0.555047131342515,-0.6540259939060922,0.09013370790346335,-1.7511584161839997,0.6027078912853333,-1.0174506810750221,-0.20231758999128072,-0.10231128830219462,-0.2552711043163439,-0.060490864716297874,-0.015269347262715335,-0.3276328161426376,-0.23261971114151117,-0.07632590146720106,0.09120813550311532,-0.6444326163988627,-0.4994789120045846,-0.8002450104253971,-1.2104804520286392,-1.2022052999013864,-0.9841801882250418,-0.7136934512833535,-0.5692679611520985,0.7371081327804625,-2.6353951120212926,0.22907480642619552,-0.000992927536742036,0.07036715203432793,-0.0843693708310462,-0.2168943304382987,-0.47053053508362536,-0.564618404666536,-0.30298911170375264,-0.36104957026694745,-0.09226553927193881,-0.3789574297633535,-0.1889406451384228,-0.2805277806612867,-0.22627863063810233,-0.16789457412041106,-0.1194957411143004,-0.1711534724157458,-0.29331703309012197,-0.23830992649976981,-0.18547173453098575,-0.1232948716050105,-0.15309097023168255,-0.5050960467941736,-0.45797385238731336,-1.185547876309211,-0.1808981911111381,-0.007868398539594996,-0.4360062373960579,-0.7098622535055418,-0.5468846419569181,-0.7783453774757525,-0.40711037406469774,-0.6982208754395988,-0.24492650498741353,-0.6185677000086734,0.046727599797912286,-0.4285717977572645,0.2939565253401415,0.013407302346059798,-0.12086884935980913,-0.19312772905011366,0.0659337181050458,-0.2134636894041163,0.05639972640056835,-0.03127337476267395,1.96118347388781,-0.49150719082169214,-0.4848923032972054,0.62661867699232,-0.7475987749016713,-1.1467366726723873,2.93570299413296,0.126943121351217,-1.1574272394939409,-0.6097805346412066,3,4,4,4,0,20,14,5,1,2
ES_X02,38.0652,-3.9887,True,-0.30703453134200853,-0.1446555439020353,-1.192642650386088,0.8355588361755044,-1.5632860820993926,0.8884711753903458,-1.0174506810750221,-0.20231758999128072,-0.10231128830219462,-0.2552711043163439,-0.060490864716297874,-0.015269347262715335,-0.3276328161426376,-0.23261971114151117,-0.07632590146720106,0.09120813550311532,-0.6884440185713867,-0.5531936320939894,-0.7976040754494877,-1.2104804520286392,-1.2022052999013864,-0.9841801882250418,-0.7136934512833535,-0.8547567384378759,0.6523131782288055,-2.6353951120212926,0.22907480642619552,-0.000992927536742036,0.07036715203432793,-0.0843693708310462,-0.2168943304382987,-0.47053053508362536,-0.564618404666536,-0.30298911170375264,-0.36104957026694745,-0.09226553927193881,-0.3789574297633535,-0.1889406451384228,-0.2805277806612867,-0.22627863063810233,-0.16789457412041106,-0.1194957411143004,-0.1711534724157458,-0.29331703309012197,-0.23830992649976981,-0.18547173453098575,-0.1232948716050105,-0.15309097023168255,-0.5050960467941736,-0.45797385238731336,-1.185547876309211,-0.1808981911111381,-0.007868398539594996,-0.4360062373960579,-0.7098622535055418,-0.5468846419569181,-0.7783453774757525,-0.40711037406469774,-0.6982208754395988,-0.24492650498741353,-0.6185677000086734,0.046727599797912286,-0.4285717977572645,0.2939565253401415,0.013407302346059798,-0.12086884935980913,-0.19312772905011366,0.0659337181050458,-0.2134636894041163,0.05639972640056835,-0.03127337476267395,2.2542749981613412,-0.9162250995705209,-0.030291559206047192,1.09688823653387,-0.8605944141967953,-1.4436162508839958,2.8372959058252194,0.48747011681313074,-1.1574272394939409,-0.935973681506914,3,4,4,4,0,20,14,5,1,2
ES_X03,38.0972,-3.9076,True,-0.30703453134200853,-0.497696709094026,-1.0583096670482401,0.955739270276442,-2.831424337170489,0.3353809480903035,-1.0174506810750221,-0.20231758999128072,-0.10231128830219462,-0.2552711043163439,-0.060490864716297874,-0.015269347262715335,-0.3276328161426376,-0.23261971114151117,-0.07632590146720106,0.09120813550311532,-0.7716184224901235,-0.8560594662891283,-0.9116218140894191,-1.2104804520286392,-1.2022052999013864,-0.9841801882250418,-0.7136934512833535,1.626918817501054,0.7247547005695034,-2.6353951120212926,0.22907480642619552,-0.000992927536742036,0.07036715203432793,-0.0843693708310462,-0.2168943304382987,-0.47053053508362536,-0.564618404666536,-0.30298911170375264,-0.36104957026694745,-0.09226553927193881,-0.3789574297633535,-0.1889406451384228,-0.2805277806612867,-0.22627863063810233,-0.16789457412041106,-0.1194957411143004,-0.1711534724157458,-0.29331703309012197,-0.23830992649976981,-0.18547173453098575,-0.1232948716050105,-0.15309097023168255,-0.5050960467941736,-0.45797385238731336,-1.185547876309211,-0.1808981911111381,-0.007868398539594996,-0.4360062373960579,-0.7098622535055418,-0.5468846419569181,-0.7783453774757525,-0.40711037406469774,-0.6982208754395988,-0.24492650498741353,-0.6185677000086734,0.046727599797912286,-0.4285717977572645,0.2939565253401415,0.013407302346059798,-0.12086884935980913,-0.19312772905011366,0.0659337181050458,-0.2134636894041163,0.05639972640056835,-0.03127337476267395,2.00494479075837,-1.113126494561083,0.42094270964483904,0.6995828003044561,-0.8823018499131106,-1.0212205001392922,2.7976799495033244,0.2881184740309864,-1.1137841890308116,-1.057261657420444,3,4,4,4,0,20,14,5,1,2
FR_001,47.237,5.098,True,0.466425029660814,0.1781633432555569,0.029705949739560755,-0.12209434279392435,0.33631196253385476,0.04039949353029923,-0.2740990661617393,0.29945683021888253,0.029886608670813712,1.0861199549837952,-0.16483379710350402,0.004901271960871549,1.5621973586508426,0.3790952023127252,1.2663574453458704,0.9265355256574951,-0.4281946690393725,0.49036013672195716,0.6358611087769231,1.0609180850092275,1.5799990414995684,0.7897814420362795,0.3220346135759499,0.19399463083171598,0.1436620172651856,-2.6353951120212926,0.24185898905418352,0.8638990432702676,0.1821460052082184,-0.0843693708310462,-0.2168943304382987,-0.47053053508362536,0.8567521111492312,-0.30298911170375264,0.05753027959897934,-0.09226553927193881,0.4858454491420866,0.13469834680092466,-0.2805277806612867,-0.22627863063810233,0.8589275289698661,-0.1194957411143004,-0.1711534724157458,1.4798424324829318,0.3694460606410107,-0.18547173453098575,-0.1232948716050105,-0.15309097023168255,-0.5050960467941736,0.26278887142077234,0.8593003893340802,1.1805942781185708,1.8630619208752024,-0.2247488755784963,0.23221850463514626,0.2039305200561082,0.398798868317965,-0.16352709340343405,0.3540274861383882,1.1976681390668937,0.6461955289172611,0.2490763303429554,-0.17870689379940013,2.874744070890513,0.28241540687738453,-0.012969241541968149,-0.2647275305984002,0.4216213792226104,-0.23683273085477116,-0.2514164299754663,-0.5798531738984413,0.5354391587833761,-1.1063651211524457,1.3281794382238619,0.10070338377154456,-1.1987201436855548,1.0121582046374251,1.996012286176735,1.1528310255723828,-0.9993448150447098,-0.02539218584315094,4,1,3,3,1,13,13,3,6,7
FR_002,47.236,5.1,True,0.466425029660814,0.1781633432555569,0.029705949739560755,-0.12209434279392435,0.33631196253385476,0.04039949353029923,-0.2740990661617393,0.13654305742337502,-0.10231128830219462,0.3966150468811826,-0.2561338629423094,-0.0556105857098891,0.358227707040023,-0.04493445360441587,0.32647910257672036,1.0257823442896987,-0.22444174624623855,1.7777350990574226,1.7705713819614217,1.3712658973959588,0.1881190432254362,0.43339658522736535,1.4026839221387417,0.7201974743753219,0.14223266298075732,1.0293462824912079,-0.6921698903606566,-0.02101383906708125,-0.8360122848869862,-0.0843693708310462,-0.2168943304382987,0.2066284057899175,1.212094740103173,-0.30298911170375264,0.05753027959897934,-0.09226553927193881,0.7741130754439,0.5662170027200546,-0.2805277806612867,-0.22627863063810233,1.3723385805150046,-0.1194957411143004,-0.1711534724157458,3.2530018980559854,0.06556806707062045,-0.18547173453098575,-0.1232948716050105,-0.15309097023168255,-0.5050960467941736,0.5261444820429575,1.1514215701402646,0.054891007470543325,1.1146897931092834,0.09213716714784619,0.23221850463514626,0.767041891565878,0.9873709912148237,0.1612506141449175,1.4062758477163753,-0.24492650498741353,1.9189185868689982,-1.0312392738329537,-0.711687768972781,0.2939565253401415,-0.39318980977812135,-1.0320210931549108,-1.0611329584244635,0.7877704421377504,-0.24025352804080452,-0.06252924310835414,-0.05233351523725013,0.5354391587833761,-1.1063651211524457,1.3281794382238619,0.10070338377154456,-1.1987201436855548,1.0121582046374251,1.996012286176735,1.3380028597523892,-0.9993448150447098,-0.4352007751779822,4,1,3,3,1,13,13,3,6,7
FR_003,47.237,5.1,True,0.466425029660814,0.1781633432555569,0.029705949739560755,-0.12209434279392435,0.33631196253385476,0.04039949353029923,-0.2740990661617393,0.31900648295434353,0.1092053468546187,0.7785398394754831,0.004723468025705948,0.04524251040804532,1.3224726007489214,-0.02408053610029421,0.7292841066206418,1.0423234807283988,0.03782980274453546,0.6928473735505,1.2202372214411226,1.3528500916646728,1.114901171952906,0.7712706198490596,1.4026839221387417,0.5438772829498498,0.3142475462422776,1.0807419339766726,-0.21972319979414148,0.8512247681750532,-0.2885497731675139,-0.0843693708310462,-0.2168943304382987,2.2381052284105456,5.476206287550475,-0.30298911170375264,-0.36104957026694745,-0.09226553927193881,1.0623807017457134,0.4583373387402721,-0.2805277806612867,-0.22627863063810233,0.812253797011217,-0.054244175412692115,-0.1711534724157458,-0.29331703309012197,0.9772020477817913,-0.18547173453098575,-0.1232948716050105,0.9876052913205166,1.0901402687481185,1.330072135521207,1.4435427509464491,0.29828630923227895,1.1146897931092834,0.37381364957126173,0.23221850463514626,1.1424494725723913,1.5759431141116824,1.7039447249995876,2.984648390083356,-0.24492650498741353,2.5888342525567927,-0.6191836770866841,-0.38255039307457206,-0.9964372474350444,0.26606514364325584,-0.5644561259442665,-0.6647904726534606,1.1748423086480413,-0.025742639330105867,-1.04194428612301,-1.3030309020585331,0.5354391587833761,-1.1063651211524457,1.3281794382238619,0.10070338377154456,-1.1987201436855548,1.0121582046374251,1.996012286176735,1.3380028597523892,-0.9993448150447098,-0.4352007751779822,4,1,3,3,1,13,13,3,6,7
FR_004,47.236,5.102,True,-0.6937643118434198,0.1781633432555569,0.029705949739560755,-0.12209434279392435,0.33631196253385476,0.04039949353029923,-0.2740990661617393,0.42978784845528856,0.05632618806541538,0.5393108607467956,0.161237866606515,0.26711932186750104,2.1936163893139775,0.1288481922632649,0.7292841066206418,1.0175117760703478,-0.5150080612716312,-0.24137245892300396,0.18787535281968215,0.5664503470372764,-1.2022052999013864,-0.9841801882250418,-0.7136934512833535,0.6837279523288918,0.4059654570263637,0.3102921518690036,-0.6060698344396317,0.04353162871080786,-0.5026569764359217,-0.0843693708310462,-0.2168943304382987,-0.47053053508362536,3.581045599796118,-0.30298911170375264,0.8946899793308329,-0.09226553927193881,-0.3789574297633535,-0.1889406451384228,-0.2805277806612867,-0.22627863063810233,0.5322114052593233,-0.1194957411143004,-0.1711534724157458,-0.29331703309012197,0.14153756546321805,-0.18547173453098575,-0.1232948716050105,-0.018891410049070915,0.026649391719923816,0.4291187307610998,0.5671792085278956,-0.17329208793108386,-0.3820544624225545,-0.36558711679020406,-0.4743420639703698,-0.3591808514536615,-0.18977325457889377,-0.08233266651634617,0.3540274861383882,-0.24492650498741353,0.7587261763467392,0.10927175287547107,-0.5494081037696743,-2.28683102021023,4.408543156999481,0.058963830336592506,-0.7026783846074319,1.2062265140407675,-0.03963081966591172,-0.13248746046654386,-1.3809753387061603,0.5354391587833761,-1.1063651211524457,1.3281794382238619,0.10070338377154456,-1.1987201436855548,1.0121582046374251,1.996012286176735,1.3380028597523892,-0.8305053178978372,-0.4352007751779822,4,1,3,3,2,0,13,3,6,2
FR_005,47.242,5.1,True,-1.080494092344831,0.1781633432555569,0.029705949739560755,-0.12209434279392435,0.33631196253385476,0.04039949353029923,-0.2740990661617393,0.5275361121325931,0.08276576746001704,0.5649425370391552,0.13515213350971358,0.3276311795382617,0.9069496870522578,-0.03334894387990382,1.2216013337854346,1.050594048947749,-0.5351084772502129,-0.4046157023475057,0.07443351577824,0.4463004122485915,-0.7412702886179975,-0.9841801882250418,-0.7136934512833535,0.4166706558933603,0.3579975073360202,0.6749658513045885,0.1771426371343417,0.011221570812928737,-2.716817330814759,-0.0843693708310462,-0.2168943304382987,-0.47053053508362536,4.054835771734708,-0.30298911170375264,0.2668202045319428,-0.09226553927193881,0.4858454491420866,-0.1889406451384228,-0.2805277806612867,-0.22627863063810233,-0.07454711020311315,-0.1194957411143004,-0.1711534724157458,-0.29331703309012197,0.6733240542114011,-0.18547173453098575,-0.1232948716050105,-0.15309097023168255,-0.5050960467941736,0.35981462270263,0.2750580277217112,-0.20751955224132795,-0.756240526305514,-0.36558711679020406,-0.4743420639703698,-0.5468846419569181,-0.7783453774757525,-0.16352709340343405,0.8801516669273817,0.2359383763640222,1.5643914464875361,-0.03789096024819665,-0.9691425904568486,0.2939565253401415,-1.3350266711704772,-1.8352737291321715,-0.007408625564314174,0.4634669864129121,-0.2328610187661182,1.7284011212613022,0.22294264445692635,1.3711981233797037,-1.417936133359511,1.2741496718530603,0.8004718770145067,-1.275880901007079,0.982033019054608,1.8737358036819731,1.1928684021685287,-0.8305053178978372,0.13724486386070128,4,1,3,3,2,0,13,3,6,2
FR_006,47.239,5.102,True,-0.11366964109130288,0.1781633432555569,0.029705949739560755,-0.12209434279392435,0.33631196253385476,0.04039949353029923,-0.2740990661617393,0.6643836812808193,0.0034470292762120484,1.0434004944965296,0.1481950000581143,0.22677808342032726,0.7830918954695983,0.11031137670404553,0.7069060508404239,0.9596177985348963,-0.5204629641300299,-0.18163357183517323,0.3146277697368434,0.9906068614428242,0.6299894946790857,-0.9841801882250418,-0.7136934512833535,0.4723108778963422,0.1901982259384991,0.9826588885116051,-1.8380543215757512,1.7520524264696262,-2.1819854955664537,-0.0843693708310462,-0.2168943304382987,-0.47053053508362536,3.93638822875006,-0.30298911170375264,-0.36104957026694745,-0.06406770942553958,-0.09068980346154015,-0.1889406451384228,-0.2805277806612867,-0.22627863063810233,-0.12122084216176211,-0.1194957411143004,-0.1711534724157458,-0.29331703309012197,0.9772020477817913,-0.18547173453098575,-0.1232948716050105,1.927002212598798,0.5583948302340213,0.7895000926651429,0.8593003893340802,-0.09723105613054146,0.36631766534336446,-0.4360062373960579,-0.7098622535055418,-0.5468846419569181,-0.7783453774757525,0.08005618725782962,0.8801516669273817,-0.24492650498741353,1.1052934877023988,-0.9870904598958534,-0.6775933775455507,0.2939565253401415,0.6957994207213927,-1.5715191322441155,-0.0385389740635692,0.7563862367450241,-0.09205741923613085,0.39919499145569787,-0.19937593406636292,1.3007689883091458,-1.417630990906027,1.3176592732679977,0.8534345504743126,-1.1518145716012238,0.9589989708474074,2.033995836057264,1.4932752364645738,-0.8305053178978372,-0.3768556326648907,4,1,3,3,2,0,13,3,6,2
FR_007,47.236,5.097,True,0.466425029660814,0.1781633432555569,0.029705949739560755,-0.12209434279392435,0.33631196253385476,0.04039949353029923,-0.2740990661617393,0.38417199207254654,-0.27945647024602577,0.8682507064987409,0.13515213350971358,0.16626622574956662,0.243711190190275,-0.0287147399900991,0.527881604598681,0.5874422286641331,-0.3969663242475311,-0.5338909442288081,-0.28897854890029173,1.9863424812467936,1.6762059003630028,0.865338117312675,2.5864303014571415,-0.14186330934265717,0.41587950842229926,0.3295173932024715,-0.5492335710367712,0.02050317735106341,-2.160362146270838,-0.0843693708310462,-0.2168943304382987,1.5609462875370033,2.041227540995704,-0.019009390233904522,2.1504295289286133,-0.09226553927193881,2.215451206952967,2.5080509543561393,-0.2805277806612867,-0.22627863063810233,0.1121478176314827,0.10888473884132864,-0.1711534724157458,0.5932626996964049,6.3710364336562195,-0.18547173453098575,-0.1232948716050105,2.7992993537857735,1.621885707262216,2.6468501886321327,2.3199062933650025,0.2450435869718993,2.2372479847581617,-0.2951679961843502,0.23221850463514626,0.5793381010626214,2.7530873599054,0.1612506141449175,0.8801516669273817,0.7168032577154579,1.2804223623897593,-0.44258842133828286,-0.6089226951656169,1.5843502981153275,0.0575221635249353,-0.26473499311693044,5.35908381731092,0.18100913787837553,-0.007395891875425077,1.0288189476794052,-0.20025260973417877,0.5354391587833761,-1.1063651211524457,1.3281794382238619,0.10070338377154456,-1.1987201436855548,1.0121582046374251,1.996012286176735,1.1528310255723828,-0.9993448150447098,-0.02539218584315094,4,1,3,5,0,13,13,3,6,7
FR_008,47.237,5.098,True,0.466425029660814,0.1781633432555569,0.029705949739560755,-0.12209434279392435,0.33631196253385476,0.04039949353029923,-0.2740990661617393,0.36462233933708554,-0.07587170890759294,1.2954453113713966,0.23949506589691968,0.14609560652597975,1.837880830238053,-0.03798314776970871,0.4383693814778096,0.6784184790769866,-0.1402635625980581,-0.1969092120159069,0.03378094153707514,1.1246557708381306,0.8369050056527817,0.8662970300000881,1.9093176436425205,0.09651930875347857,0.4759036000291267,0.5918922451267904,-0.29558004628061146,0.17491815685347498,-1.4508874985868505,-0.0843693708310462,-0.2168943304382987,0.8837873466634604,2.2781226269649983,-0.019009390233904522,0.05753027959897934,-0.09226553927193881,-0.3789574297633535,-0.1889406451384228,-0.2805277806612867,-0.22627863063810233,-0.16789457412041106,-0.1194957411143004,-0.1711534724157458,-0.29331703309012197,2.724500510811535,-0.18547173453098575,-0.1232948716050105,3.1347982542423023,-0.5050960467941736,1.1914639194042678,0.5671792085278956,0.13095203927108579,0.740503729226324,5.796085936222011,0.7032588837054903,1.7055608440821608,2.1645152370085414,1.2167781636770603,1.9324000285053686,-0.24492650498741353,1.8350762854008156,0.23436005903058862,-0.636993342524432,0.2939565253401415,1.2298051878586898,-0.8042330322061353,0.736302992850815,-0.3211381484052451,-0.2860050889071908,1.322643460583802,0.018119329339950793,0.5354391587833761,-1.1063651211524457,1.3281794382238619,0.10070338377154456,-1.1987201436855548,1.0121582046374251,1.996012286176735,1.1528310255723828,-0.9993448150447098,-0.02539218584315094,4,1,3,5,0,13,13,3,6,7
FR_009,47.237,5.098,True,0.466425029660814,0.1781633432555569,0.029705949739560755,-0.12209434279392435,0.33631196253385476,0.04039949353029923,-0.2740990661617393,0.42978784845528856,-0.022992550118389618,1.4022439625895606,0.017766334574106667,0.08558374885521908,0.6512432786235417,0.0732377455856071,1.1097110548843454,1.050594048947749,-0.02939584964494499,-0.055409864831879464,0.13696662695554215,0.8184325803780044,0.7673884083224144,1.3678706317446259,0.8679648757032764,-0.07293331438334516,0.2258091119149396,-0.21984780735523712,-0.04943312515612226,0.7171553943192758,-2.190696012968921,-0.0843693708310462,-0.2168943304382987,0.545207876226689,0.38296193921064214,-0.30298911170375264,-0.15175964533398406,-0.09226553927193881,0.7741130754439,16.748166599687426,-0.2805277806612867,-0.22627863063810233,0.5788851372179723,-0.1194957411143004,-0.1711534724157458,0.5932626996964049,0.5973545558188034,-0.18547173453098575,-0.1232948716050105,4.678093196342337,0.026649391719923816,3.339891269216831,1.7356639317526334,0.5644999205341774,1.8630619208752024,1.1836335365385815,1.1742992627758344,1.8932646345854174,0.9873709912148237,2.109916859435027,2.458524209294362,-0.24492650498741353,2.2694202163467994,-0.19976994468423115,1.8787631302085108,-2.28683102021023,-0.3512344173282817,-0.3007015290562108,0.34952739466738797,0.5366967989959401,-0.021655619471137172,1.749388586468759,5.738428061838363,0.5354391587833761,-1.1063651211524457,1.3281794382238619,0.10070338377154456,-1.1987201436855548,1.0121582046374251,1.996012286176735,1.1528310255723828,-0.9993448150447098,-0.02539218584315094,4,1,3,5,0,13,13,3,6,7
FR_010,47.232,5.106,True,0.466425029660814,1.0027960691370255,0.9066662197416879,-1.153236752687695,-1.959905454055785,0.42756265264032867,-0.13894422708659673,0.38417199207254654,-0.16841023678869876,0.1804673926537649,-0.6343769928459315,0.12592498730239285,0.2796699038755634,-0.05420286138402548,0.19221076789541322,0.5212776829093307,-0.5389509635561095,-0.6318641939608186,-0.45021687176024017,1.2056511827952205,0.26406400754759835,-0.9841801882250418,-0.7136934512833535,0.7226034842369272,0.3998292635764188,0.6623734586786375,-0.8333281920957835,0.6866464022720312,-2.2038582710640853,-0.0843693708310462,-0.2168943304382987,0.545207876226689,0.7383045681645839,-0.30298911170375264,2.7782993037275037,-0.06406770942553958,0.19757782284027323,-0.1889406451384228,-0.2805277806612867,-0.22627863063810233,-0.12122084216176211,-0.1194957411143004,-0.1711534724157458,-0.29331703309012197,4.6237379706264745,-0.18547173453098575,-0.1232948716050105,0.719206170955293,0.026649391719923816,1.0805773465107158,1.4435427509464491,-0.03638223069010755,-0.007868398539594996,-0.400796677093131,-0.4743420639703698,-0.5468846419569181,-0.7783453774757525,-0.16352709340343405,0.8801516669273817,-0.24492650498741353,1.5643914464875361,-0.0673235028729302,0.3119872980137057,0.2939565253401415,-0.8105842655474819,-1.5595302869310221,-0.6057187381841425,1.0911510942674378,0.02129011898423295,1.784367695147854,0.6803282496928496,1.1702563335487337,-1.3432611186982084,1.2874943190786305,0.5728647805141823,-1.2564704994764668,1.291746022883598,2.080686020293585,1.2458660754871198,-0.8305053178978372,-0.5794586282913003,4,1,4,0,1,33,13,3,6,2
FR_011,47.23,5.102,True,0.466425029660814,1.2506379753071906,0.7365389288716496,-1.189820697392513,0.33631196253385476,0.04961766398529033,0.13136545106368694,0.32552303386616366,-0.15519044709139795,0.2231868531410305,0.161237866606515,0.14609560652597975,0.08789009755402627,0.13811660004287452,0.4383693814778096,0.49646597825127964,-0.5058053297762433,-0.5983923377695941,-0.4116835619908001,1.370522554899817,0.490325252874498,-0.9841801882250418,-0.7136934512833535,0.9254073909235463,0.1475388123274216,0.3980216649377096,-0.21412920326397716,-2.004637257651442,0.29036984062699117,-0.0843693708310462,-0.2168943304382987,0.2066284057899175,0.8567521111492312,-0.30298911170375264,1.522559754129723,-0.09226553927193881,1.6389159543493403,-0.1889406451384228,-0.2805277806612867,-0.22627863063810233,-0.16789457412041106,-0.1194957411143004,-0.1711534724157458,1.4798424324829318,1.8128665301003646,-0.18547173453098575,-0.1232948716050105,1.188904631594434,0.026649391719923816,0.650891876548203,1.1514215701402646,-0.12004936567070422,-0.007868398539594996,-0.4360062373960579,-0.7098622535055418,-0.3591808514536615,-0.18977325457889377,-0.40711037406469774,-0.6982208754395988,-0.24492650498741353,-0.6185677000086734,-0.5529604561810336,1.0372460838509012,-0.9964372474350444,1.5059086896425609,-0.8042330322061353,-0.6303193062664806,0.7668476385425995,-0.2613292260596243,0.9518649085853965,-0.1701268458765069,1.2348062204705867,-1.4284366236705854,1.3750597250782213,0.5060880629585943,-1.2045388289766343,1.0170002673619665,1.3917174016698333,1.1947931260107634,-0.8305053178978372,-0.33872042086634135,4,1,3,0,1,33,13,3,6,2
FR_012,47.231,5.102,True,0.466425029660814,1.221077723227312,0.7336211818293975,-1.1708305711533307,0.33631196253385476,0.07727217535029247,-0.03757809778023965,0.20170856654157804,-0.15519044709139795,-0.08866520841600839,0.030809201122507384,0.10575436807880596,-0.37557776772302187,0.1821415369960203,0.4607474372580275,-0.1155560699806419,-0.5467285604724224,-0.6397183387095688,-0.3978249152572453,0.8904962584468344,0.1672098458798808,0.7046568296842536,-0.7136934512833535,0.7809614858935892,0.09981044767063024,-0.6860677402247669,-1.1222472503683112,-0.315112825650668,-0.42236979713963113,-0.0843693708310462,-0.2168943304382987,2.915264169284089,0.264514396225995,-0.30298911170375264,2.987589228660467,-0.09226553927193881,-0.09068980346154015,-0.1889406451384228,-0.2805277806612867,-0.22627863063810233,-0.16789457412041106,-0.1194957411143004,-0.1711534724157458,-0.29331703309012197,4.927615964196866,-0.18547173453098575,-0.1232948716050105,0.38370727049876396,0.026649391719923816,1.0805773465107158,0.8593003893340802,0.016860491570272102,-0.007868398539594996,-0.15432975497264242,-0.003301684900025763,-0.5468846419569181,-0.7783453774757525,-0.32591594717760985,-0.17209669465060531,-0.24492650498741353,-0.6185677000086734,-1.6198901263276246,0.8454500727125598,-0.9964372474350444,-0.5514480180631782,-0.34865691030858453,-0.1037608505534718,0.777309040340175,-0.024935484937895748,0.014424795985654524,0.017242653672134945,1.2348062204705867,-1.4284366236705854,1.3750597250782213,0.5060880629585943,-1.2045388289766343,1.0170002673619665,1.3917174016698333,1.1462864749907198,-0.8305053178978372,-0.4085526050627548,4,1,3,0,1,33,13,3,6,2
FR_013,47.235,5.103,True,0.466425029660814,0.5768457645759357,1.3574884323158094,-1.190211250366043,-2.205183223555133,0.8055076412953394,-0.12204987220220548,0.24732442292432008,0.1092053468546187,0.18473933870249146,-0.09961946436150025,0.10575436807880596,2.016116187738131,-0.11213041000658575,0.6621499392799882,0.6701479108576357,-0.5575933575751726,-0.6506900681562084,-0.44697402974617445,1.8105987979821583,0.31691646296460285,-0.9841801882250418,-0.7136934512833535,0.48186914478484644,0.2605009457254031,0.2019608849817631,-0.18284302072126948,1.1681387454902536,-0.03627055054150107,-0.0843693708310462,-0.2168943304382987,0.2066284057899175,-0.44617086168188874,-0.30298911170375264,1.1039799042637966,-0.03586987957914034,-0.09068980346154015,-0.1889406451384228,-0.2805277806612867,-0.22627863063810233,0.018800353714184766,-0.1194957411143004,-0.1711534724157458,-0.29331703309012197,0.9012325493891938,-0.18547173453098575,-0.1232948716050105,0.5179068306813757,-0.5050960467941736,0.12418065530383281,1.1514215701402646,-0.1428676752108669,0.36631766534336446,-0.4360062373960579,-0.7098622535055418,-0.5468846419569181,-0.7783453774757525,-0.40711037406469774,-0.6982208754395988,-0.24492650498741353,-0.6185677000086734,-0.7369138475856183,0.7773817647394675,0.2939565253401415,-0.04212189354343383,-0.8881549493977894,0.3417827713822074,1.0179212816844099,0.06360807069010631,0.10537047855130113,-0.4803106367073508,0.8844742480988608,-1.2657515699714517,1.3495484443492267,0.10070338377154456,-1.1610256818766616,0.948739879840746,2.158529127457242,1.269541922654713,-0.8305053178978372,-0.4085526050627548,4,1,3,0,2,5,13,6,6,2
FR_014,47.237,5.099,True,0.466425029660814,0.6707707354656758,1.209644764586855,-1.1515338630597551,0.33631196253385476,0.6027078912853333,-0.30788777593052336,0.4037216448080072,0.05632618806541538,0.41542442533372553,-0.060490864716297874,0.0654131296316322,1.8019221165527646,-0.06578837110853754,0.39361326991737394,1.1167585947025513,-0.5664835076575914,-0.45769120641841116,-0.45140783523442474,0.8233782716477117,-0.280335277331948,-0.9841801882250418,-0.7136934512833535,0.8254055472109707,0.10737464728344721,0.20449985279704552,-0.30283812597540977,0.05616958500932184,0.6110170577727819,-0.0843693708310462,-0.2168943304382987,-0.47053053508362536,0.7383045681645839,-0.30298911170375264,-0.36104957026694745,-0.0076720497327410955,-0.3789574297633535,-0.1889406451384228,-0.2805277806612867,-0.22627863063810233,-0.16789457412041106,-0.1194957411143004,-0.1711534724157458,-0.29331703309012197,2.6485310124189376,-0.18547173453098575,-0.1232948716050105,0.4508070505900698,0.5583948302340213,0.4152579091494059,0.2750580277217112,-0.24935311973162627,-0.007868398539594996,-0.400796677093131,-0.4743420639703698,-0.5468846419569181,-0.7783453774757525,0.1612506141449175,-0.17209669465060531,0.2359383763640222,-0.6185677000086734,-0.1629792664033142,0.8096690329461732,-0.9964372474350444,-0.2889183197189611,-0.3966122915609583,-0.32676044455911085,1.3317633356116727,-0.014314358094368951,-0.23042896476800942,0.09470890359186267,0.5354391587833761,-1.1063651211524457,1.3281794382238619,0.10070338377154456,-1.1987201436855548,1.0121582046374251,1.996012286176735,1.1528310255723828,-0.9993448150447098,-0.02539218584315094,4,1,3,0,2,27,13,3,6,7
FR_015,47.243,5.092,True,0.466425029660814,0.696780007193529,1.0722932103411515,-1.0800631072167832,-2.711394790394212,0.9437801981203501,-0.3247821308149195,0.6252843758098976,-0.15519044709139795,-0.4346928383628594,-0.6343769928459315,0.0654131296316322,-0.2477245635086638,-0.05883706527383037,0.32647910257672036,0.3558663185223248,-0.631620199633713,-0.72544548928136,-0.5728275970847381,0.3911717898869857,-0.1063582376685701,-0.9841801882250418,-0.7136934512833535,0.7077806402575766,0.41519437036590584,-0.48867072492102676,-0.7319919175110211,-0.5125461660352083,-0.013284688509366285,-0.0843693708310462,-0.2168943304382987,-0.1319510646468539,0.264514396225995,-0.30298911170375264,-0.15175964533398406,-0.09226553927193881,-0.09068980346154015,-0.08106098115864031,-0.2805277806612867,-0.22627863063810233,2.725876807315825,-0.1194957411143004,-0.1711534724157458,-0.29331703309012197,7.89042640150817,-0.18547173453098575,-0.1232948716050105,0.38370727049876396,-0.5050960467941736,2.14786061061115,1.1514215701402646,0.09292152337081455,0.36631766534336446,-0.36558711679020406,-0.4743420639703698,-0.5468846419569181,-0.7783453774757525,-0.0011382396292582732,0.8801516669273817,-0.24492650498741353,1.2696341585195547,-1.0238811381767703,0.21681214173274485,0.2939565253401415,-0.8386573590249481,-0.40860113687405175,0.2723089448533822,0.9028458619110802,-0.2370889703443617,-0.16047074740981973,-0.9842397501254972,1.3796976642834002,-1.4023458220504297,1.245440043169847,0.799641823526146,-1.2358705794788036,0.9651445814391316,1.8413095757302622,0.8796931010418014,-0.8305053178978372,-0.44530644156306265,4,1,3,0,2,27,13,3,6,2
FR_016,47.237,5.101,True,0.466425029660814,1.1167168956902271,0.9874805034557255,-1.270266126073292,-2.847080365010873,0.28929009581531795,-0.07136680754902694,0.3972050938961871,-0.04943212951299128,0.005317604655975916,-0.12570519745830175,0.40831365643260925,0.8709909733669697,0.057018031971290156,0.5055035488184633,0.9844295031929466,-0.5708020791756915,-0.6640287912235902,-0.4472334544369561,1.1395022648820698,-0.7412702886179975,-0.9841801882250418,-0.7136934512833535,0.4785756020310445,0.007399763841577622,-2.6353951120212926,0.4112619041409521,0.3909564278715662,-0.19811500534430054,-0.0843693708310462,-0.2168943304382987,0.2066284057899175,0.14606685324134766,-0.30298911170375264,2.5690093787945405,-0.09226553927193881,-0.3789574297633535,-0.1889406451384228,-0.2805277806612867,-0.22627863063810233,-0.07454711020311315,-0.1194957411143004,-0.1711534724157458,-0.29331703309012197,2.8004700092041332,-0.18547173453098575,-0.1232948716050105,0.5850066107726815,0.026649391719923816,0.5954485901014275,0.8593003893340802,-0.18850429429119234,-0.007868398539594996,-0.4360062373960579,-0.7098622535055418,-0.5468846419569181,-0.7783453774757525,-0.40711037406469774,-0.6982208754395988,0.2359383763640222,-0.6185677000086734,0.35944836518570616,1.3306024199827235,1.5843502981153275,-0.09765108943292747,-0.8401995681454156,-0.11864267568970104,0.5994652097813927,-0.12907121350748058,-0.20244567782473355,0.5522539044037524,0.5354391587833761,-1.1063651211524457,1.3281794382238619,0.10070338377154456,-1.1987201436855548,1.0121582046374251,1.996012286176735,1.3380028597523892,-0.8305053178978372,-0.4352007751779822,4,1,3,0,0,33,13,3,6,2
FR_017,47.231,5.099,True,0.466425029660814,0.6484221196757104,1.2246946473737128,-1.148051600326511,0.33631196253385476,-0.11630940420472194,0.06378803152611744,0.2799071774834216,-0.24508501703304356,-0.37915753972941435,-0.03440513161949644,0.0654131296316322,-0.4395043698302009,-0.1746921625189509,0.2145888236756311,0.16564324947726855,-0.5838428906023722,-0.6771979515295812,-0.491363932477744,-0.11452534820183863,-0.4049841078171783,-0.9841801882250418,-0.7136934512833535,-0.8703733293355699,0.34611174967944286,0.1963650401354552,-0.7837906207825481,-0.6076005740509616,-0.25467621288852427,-0.0843693708310462,-0.2168943304382987,-0.47053053508362536,-0.0908282327279469,-0.30298911170375264,0.05753027959897934,-0.09226553927193881,-0.3789574297633535,-0.1889406451384228,-0.2805277806612867,-0.22627863063810233,-0.16789457412041106,-0.1194957411143004,-0.1711534724157458,-0.29331703309012197,4.091951481878292,-0.18547173453098575,-0.1232948716050105,-0.018891410049070915,0.026649391719923816,0.4568403739844878,0.2750580277217112,0.03207269793038057,-0.3820544624225545,-0.4360062373960579,-0.7098622535055418,-0.5468846419569181,-0.7783453774757525,-0.32591594717760985,-0.17209669465060531,-0.24492650498741353,-0.6185677000086734,-1.0459555451453204,-0.28749571167497945,-0.9964372474350444,-0.8306364751742434,-0.876166104084696,0.04239993203449387,1.237610719433494,6.500574664744446,0.7210027913033705,0.744484969019373,1.2348062204705867,-1.4284366236705854,1.3750597250782213,0.5060880629585943,-1.2045388289766343,1.0170002673619665,1.3917174016698333,1.2882130595041892,-0.9993448150447098,0.4395466324712851,4,1,3,0,0,5,13,3,6,7
FR_018,47.235,5.096,True,0.466425029660814,0.688428040437429,1.079751807410858,-1.0799177291131987,-2.5704905398307574,0.28007192536029923,0.06378803152611744,0.5601188666916946,-0.12875086769679628,0.08221263353305405,0.030809201122507384,0.10575436807880596,0.33560568071934505,0.0825061533652167,0.2145888236756311,0.6122539333221841,-0.5459473840633043,-0.6389294738895558,-0.4676034712834344,1.1725841280868237,-0.16044895704728845,-0.9841801882250418,-0.7136934512833535,0.6933125879900146,0.17470242533214975,0.9292622927700844,0.7451938036557657,0.4258785541969339,-0.24721839594817985,-0.0843693708310462,-0.2168943304382987,0.2066284057899175,1.4489898260724676,-0.30298911170375264,-0.36104957026694745,-0.06406770942553958,0.7741130754439,-0.08106098115864031,-0.2805277806612867,0.07841620627587534,-0.16789457412041106,-0.1194957411143004,-0.1711534724157458,-0.29331703309012197,-0.16234042810717228,-0.18547173453098575,-0.1232948716050105,0.9876052913205166,0.026649391719923816,0.16576312013891475,1.4435427509464491,-0.12004936567070422,0.36631766534336446,-0.4360062373960579,-0.7098622535055418,-0.5468846419569181,-0.7783453774757525,-0.0011382396292582732,0.8801516669273817,-0.24492650498741353,1.4775745453329505,1.522033798862681,1.5755278538044875,-2.28683102021023,0.3289982323180153,-1.1878760822251255,-0.12464096235175261,0.36931437023473324,-0.2137071169192273,0.7559818999824653,-0.0768804339360939,0.6487863782155737,-1.1695067981294835,1.3522047993328798,0.20193191394539672,-1.2203736554155686,1.1344568899745366,1.4999084285843365,1.0565238533412096,-0.9993448150447098,-0.04376892883635253,4,1,3,0,0,33,13,3,6,7
FR_019,47.317,5.071,True,0.466425029660814,0.4549070499368785,0.49421349106224327,-0.5754072503068012,-0.08118211320971587,-0.4758180519497415,0.9760831952833303,0.26035752474796064,-0.12081899387841576,0.816987353914022,-0.12570519745830175,0.025071891184458434,0.023963495446847078,-0.04030024971461115,0.08032048899432394,0.48819541003192957,-0.22006100655718214,-0.30983569233725067,-0.12425057308022941,0.6039601311993995,0.018290592815994846,0.4029585409292461,2.1608762554678753,0.7146887497236075,0.2604685225433503,0.9672586637682683,0.8104254340832634,-0.511065321811598,-1.3895785569449854,-0.0843693708310462,-0.2168943304382987,0.545207876226689,-0.20927577571259415,-0.30298911170375264,-0.36104957026694745,-0.09226553927193881,-0.09068980346154015,1.2134949865987494,-0.2805277806612867,-0.22627863063810233,5.15291086916557,-0.1194957411143004,-0.1711534724157458,0.5932626996964049,-0.16234042810717228,-0.18547173453098575,-0.1232948716050105,1.2560044116857398,-0.5050960467941736,1.7181751406486379,1.1514215701402646,0.10813372973092299,0.36631766534336446,-0.2951679961843502,-0.003301684900025763,0.39163431055936476,1.5759431141116824,-0.0011382396292582732,1.4062758477163753,-0.24492650498741353,2.028492095875116,0.8009365045567094,1.2057904428851598,1.5843502981153275,0.4989792708464097,-1.199864927538219,0.20010172187096384,0.9760756744941081,-0.18814722783257354,1.070793878094319,0.4659412000178829,0.5528788526188908,-0.787379446484982,0.8384412140673436,0.525546721294391,-0.21162546105778862,-0.17282574530417336,0.13726520168596693,1.4428438616022956,0.024820441756350575,-0.11360076251886136,4,1,16,5,0,13,7,6,6,0
FR_020,47.317,5.073,True,0.466425029660814,0.31264338350973303,0.6649566397815401,-0.6004695150336739,-0.06552608536933195,0.10492668671529462,0.6550904524798681,0.20170856654157804,0.014022861034052677,0.5692144830878818,0.1481950000581143,0.08558374885521908,0.2197387144000831,0.15201921171228902,0.19221076789541322,0.7776652977091894,-0.3679777009819121,-0.4941429274023577,-0.32969754100758886,0.86866691068191,0.4050027712101562,1.847592843732228,-0.7136934512833535,0.2125872764673638,0.24011401870660817,1.1386495074661864,1.2554009330759377,1.7739326962471993,-0.3582503566614077,-0.0843693708310462,-0.2168943304382987,0.2066284057899175,2.159675083980351,-0.30298911170375264,-0.36104957026694745,-0.09226553927193881,0.7741130754439,0.35045767476048967,-0.2805277806612867,-0.22627863063810233,2.212465755770686,0.011007390288916175,-0.1711534724157458,-0.29331703309012197,0.8252630509965964,-0.18547173453098575,-0.1232948716050105,0.4508070505900698,-0.5050960467941736,1.0944381681224098,1.1514215701402646,0.07010321383065175,0.36631766534336446,0.7611188129034581,1.8808598313813505,-0.5468846419569181,-0.7783453774757525,0.7296116023545328,0.3540274861383882,-0.24492650498741353,0.19633959473895796,1.9782382095460511,1.7996111331495346,0.2939565253401415,0.06924499376827284,-0.18081307592527635,-0.13929500445018242,0.5366967989959401,-0.10835425077408753,-0.7481197732186132,-1.0907159948711311,0.5528788526188908,-0.787379446484982,0.8384412140673436,0.23287896349459655,-0.21162546105778862,-0.17282574530417336,0.13726520168596693,1.5945231757166098,0.024820441756350575,0.24424939815957952,4,1,4,5,0,13,7,6,6,0
FR_021,47.232,5.113,True,0.466425029660814,0.7975537242654803,0.8656447190031623,-1.008299476656701,0.5607150282460244,-0.014909529199705061,0.6888791622486503,0.49495335757349157,0.029886608670813712,0.1676515545075851,-0.04744799816789715,0.04524251040804532,-0.4754630835154891,-0.25115652670073046,0.23696687945584893,0.23180779523207093,-0.33276096548246653,-0.42364485474329366,-0.2842968253743909,2.010649370004189,0.9921400035671348,-0.9841801882250418,-0.7136934512833535,0.6399735712765624,0.25632054717285163,1.6249518803651626,-0.19147878288271175,1.640588441196087,-1.1779160065907697,-0.0843693708310462,-0.2168943304382987,6.978217814525346,3.817940685765413,-0.30298911170375264,-0.15175964533398406,-0.09226553927193881,0.7741130754439,0.5662170027200546,-0.2805277806612867,0.6878058801038307,6.973186415552879,2.3600637555468147,-0.1711534724157458,-0.29331703309012197,3.9400124850930967,-0.18547173453098575,-0.1232948716050105,2.7992993537857735,2.685376584290411,5.19724136518382,2.027785112558818,0.15377034881124843,0.740503729226324,-0.400796677093131,-0.4743420639703698,-0.5468846419569181,-0.7783453774757525,-0.40711037406469774,-0.6982208754395988,-0.24492650498741353,-0.6185677000086734,-0.6854068979923346,1.4426440596552472,0.2939565253401415,-0.40583812661961716,-1.2238426181644058,-0.21750051409465235,0.9865370762916836,-0.0013358279466094245,-1.3287729772915877,-1.5414069859164607,0.5518728634220318,-1.0743274072311142,1.2698260780060409,0.3428852675546699,-0.488961149220131,0.380737236674902,1.5402663878341245,1.0240577914682842,-0.8305053178978372,-0.3768556326648907,4,1,4,4,0,2,4,6,6,2
FR_022,47.234,5.116,True,0.466425029660814,0.7564965694996423,0.7767174666715423,-0.9284337451780532,-0.32645988270906395,0.3906899708203072,1.0436606148209002,0.26035752474796064,0.16208450564382204,0.8767945985961936,-0.6343769928459315,0.1864368449731535,0.21174788913668574,-0.20481448780268224,0.2817229910162847,0.42203086427712716,-0.22034548638322748,-0.31012297204021044,-0.07652256926374915,1.5943146117125024,0.9988403056729168,-0.9841801882250418,0.5629686866862894,0.7916856832870144,0.15958992548417403,0.011739036041517246,0.20032655095273844,1.0637747307819467,0.5214771896324238,-0.0843693708310462,-0.2168943304382987,0.8837873466634604,3.462598056811471,0.2649703312359436,1.3132698291967597,-0.09226553927193881,0.19757782284027323,0.4583373387402721,-0.2805277806612867,-0.22627863063810233,0.9522749928871639,-0.021618392561887967,-0.1711534724157458,0.5932626996964049,5.07955496098206,-0.18547173453098575,-0.1232948716050105,-0.15309097023168255,0.026649391719923816,1.6904534974252496,2.027785112558818,0.3895595473929298,1.1146897931092834,-0.4360062373960579,-0.7098622535055418,-0.17147706095040494,0.398798868317965,0.1612506141449175,0.8801516669273817,-0.24492650498741353,1.3768772030435976,0.697922605370142,2.979783071033449,0.2939565253401415,-0.0341010096927292,0.5025511069210499,0.034427525711513925,1.582836978753483,0.28239815887696657,0.5950780000586291,0.5603830787780448,0.45759402871501226,-1.5401726103140696,2.0279936886837424,-0.13072078968581904,-1.0645326968508202,1.5584532332242675,2.2569726159086145,1.008017202321166,-0.26494710750244505,-0.3814466637880492,4,1,4,4,0,2,13,6,6,2
FR_023,47.218,5.086,True,0.466425029660814,0.018811460541267987,1.3684647070022933,-0.8733488205170229,0.33631196253385476,0.6580169140153369,-0.24031035639295353,0.26687407565978105,-0.1816300264859996,0.38124885694391314,-0.07353373126469871,0.14609560652597975,-0.27569245193055464,-0.29981566754368105,-0.07632590146720106,1.2077348451154049,-0.47644446316818573,-0.22387881231362625,-0.5519057592777388,0.8864392410644956,0.03572555131810682,0.8653381173140092,0.5629686866862894,-0.583052200275497,0.6029261504665885,-0.004956056024747402,0.22907480642619552,-0.000992927536742036,0.07036715203432793,-0.0843693708310462,-0.2168943304382987,0.545207876226689,0.38296193921064214,-0.30298911170375264,0.05753027959897934,-0.09226553927193881,5.962930348876541,-0.08106098115864031,-0.2805277806612867,-0.22627863063810233,-0.12122084216176211,-0.1194957411143004,-0.1711534724157458,-0.29331703309012197,0.7492935526039985,-0.18547173453098575,-0.1232948716050105,-0.15309097023168255,0.026649391719923816,0.2489280498090784,1.1514215701402646,-0.17329208793108386,-0.007868398539594996,-0.3303775564872771,-0.003301684900025763,-0.17147706095040494,0.398798868317965,0.3236394679190933,0.8801516669273817,0.2359383763640222,1.067783271892573,0.046727599797912286,-0.4285717977572645,-2.28683102021023,0.16858055530392255,-0.12086884935980913,-0.19312772905011366,0.2960845576517052,-0.34374865788641307,-2.2802047333629676,-2.159463331726634,0.6131177105288634,-1.1410593693746987,1.3317676506193628,0.2754242151563137,-1.3472536044143577,1.1732357147535668,1.5450166065781676,1.2849409371877532,-0.9993448150447098,-0.19629715752998247,4,1,4,0,0,34,13,6,6,7
FR_024,47.226,5.042,True,0.466425029660814,0.5449412515676341,0.9696413846910664,-0.9272707203493766,-2.2417139551826955,0.24319924354030537,-0.2909934210461321,0.31900648295434353,-0.2186454376384419,-0.02885796373383643,0.08298066731611049,0.2066074641967404,-0.3316282287743363,-0.16774085668424366,-0.09870395724741891,1.240817117992806,-0.590404328646282,-0.6942494953991067,-0.5223238643953947,0.3128055022474997,0.7936887063522501,0.4815283911135496,-0.7136934512833535,0.8236927875651693,-0.0030230401159223076,0.4930112709269648,0.19358161539322566,-0.09500857397032007,0.7627418910653426,-0.0843693708310462,-0.2168943304382987,2.2381052284105456,0.8567521111492312,-0.30298911170375264,0.05753027959897934,-0.06406770942553958,1.9271835806511535,0.13469834680092466,-0.2805277806612867,-0.22627863063810233,-0.12122084216176211,-0.1194957411143004,-0.1711534724157458,-0.29331703309012197,10.017572356500903,-0.18547173453098575,-0.1232948716050105,-0.15309097023168255,-0.5050960467941736,1.8983658216006591,1.1514215701402646,0.06249711065059754,-0.007868398539594996,-0.36558711679020406,-0.23882187443519778,-0.5468846419569181,-0.7783453774757525,-0.32591594717760985,-0.17209669465060531,-0.24492650498741353,-0.6185677000086734,0.6464156557768582,1.1926586808160144,1.5843502981153275,-0.7513531232653553,0.2028299740937138,-0.19312772905011366,0.7250020313522979,-0.09613162712062003,-0.9230153166140874,-1.064176631472706,0.5795298106647514,-1.0946631324307772,1.2830876439683863,-0.10679370457314288,-1.3246007440151368,1.525082658627242,2.0163088662656725,1.2292481609719683,-0.8305053178978372,-0.40901142776394694,4,1,4,0,0,35,13,3,6,2
FR_025,47.23,5.05,True,0.466425029660814,0.9024054287287059,0.6686831482907406,-0.9450068489866968,-2.205183223555133,-0.21770927920972255,0.31720335479200984,-0.18928448816764004,-0.36670708224821125,-0.7892643604071639,-0.6343769928459315,-0.27748739716934484,-0.5593667487811617,-0.6126244301055065,-1.0005396051901985,1.3814167777217607,-0.046367797817818635,1.0243074480546797,-0.3252583051838319,0.6649390935275508,0.25444147487234636,-0.9841801882250418,0.8842141174982333,0.039597933200195494,0.5726069428559873,0.25427204255955865,-0.394772456087868,-0.01320742588641281,-0.6483668445652825,-0.0843693708310462,-0.2168943304382987,0.2066284057899175,0.9751996541338784,-0.30298911170375264,1.1039799042637966,-0.09226553927193881,-0.3789574297633535,8.980830793143088,-0.2805277806612867,-0.22627863063810233,-0.16789457412041106,-0.1194957411143004,-0.1711534724157458,1.4798424324829318,0.29347656224841323,-0.18547173453098575,-0.1232948716050105,-0.15309097023168255,0.026649391719923816,1.1637422761808796,0.8593003893340802,-0.04398833387016177,0.36631766534336446,-0.4360062373960579,-0.7098622535055418,0.5793381010626214,0.9873709912148237,0.9731948830157965,1.4062758477163753,1.6785330204183293,1.6648153614641195,-0.5308860492124835,1.8197304383380415,0.2939565253401415,-1.117537320603294,-0.5404784353180796,0.19911466204049966,0.44254418281776126,-0.3510130474163041,-1.3847395511781395,-1.9902649278381752,0.5951524294883753,-1.1339936014107472,1.3323761647364971,0.1277314785713712,-1.2477935238345708,1.6170636671861418,2.148796289052117,1.3897819390376596,-0.8305053178978372,-0.41957907147536133,4,1,7,0,0,21,13,6,6,7
FR_026,47.229,5.094,True,0.466425029660814,0.6880104420996238,1.032924120653628,-1.0501636772462186,-2.60702127145832,0.3906899708203072,0.26652029013883133,0.39068854298436667,-0.15519044709139795,-0.4560525686064922,0.04385206767090822,0.08558374885521908,-0.35560070456452836,-0.02408053610029421,-0.09870395724741891,1.0175117760703478,-0.5765867995916156,-0.6574753554047155,-0.5266266574290637,1.3813824556920764,1.1468116522657488,-0.059421035455516594,1.0365472656834214,0.4669638622244002,0.24663615507075023,0.6424653094462125,-1.0201777522272224,-0.9751540295397733,-0.4468195897811943,-0.0843693708310462,-0.2168943304382987,3.5924231101576316,-0.3277233186972414,-0.30298911170375264,4.243328778258247,-0.09226553927193881,-0.3789574297633535,0.9977356586391845,-0.2805277806612867,-0.22627863063810233,6.553122827925039,-0.1194957411143004,-0.1711534724157458,-0.29331703309012197,5.231493957767255,-0.18547173453098575,-0.1232948716050105,-0.15309097023168255,3.2171220228045088,3.2844479827700543,0.8593003893340802,0.5264694046339062,0.740503729226324,-0.400796677093131,-0.4743420639703698,0.39163431055936476,0.9873709912148237,0.6484171754674449,2.458524209294362,3.6019925458240727,2.411048829568526,-1.2814158861431888,1.4178262340933763,0.2939565253401415,0.6668008406457682,-0.5284895900049862,0.5645545823500471,-0.017757496275557647,-0.3444020685848689,0.2312952697960426,-0.26672056491221674,1.148189763813833,-1.259923199530269,1.1761659877170332,0.39916857249985443,-1.1329491533167821,0.6016284074759214,1.065084912800038,1.317791882639367,-0.9993448150447098,-0.21375660563470447,4,1,3,0,0,21,13,3,6,7
FR_027,47.22,5.081,True,0.466425029660814,1.1967737430068635,0.6579594692033156,-1.1090454949806403,-2.8157683093301054,0.13258119808029678,0.5030412585203277,0.1756423628942968,-0.1816300264859996,0.3727049648464599,0.161237866606515,0.16626622574956662,-0.4674722582520917,-0.30908407532329074,-0.07632590146720106,1.265628822650857,-0.4997301890146055,-0.23520342456618154,-0.41100840147756224,1.82736135540854,0.5087807202715191,-0.9841801882250418,0.45866007150896654,1.2135411599309816,0.6441290772371323,-0.19893585061206054,-0.6072296855754782,-0.5124046437476804,1.1691199839492785,-0.0843693708310462,-0.2168943304382987,3.25384363972086,1.685884912041762,-0.30298911170375264,0.05753027959897934,-0.09226553927193881,-0.3789574297633535,1.752893306497662,-0.2805277806612867,-0.22627863063810233,0.39219020938337645,-0.1194957411143004,-0.1711534724157458,-0.29331703309012197,5.307463456159853,-0.18547173453098575,-0.1232948716050105,1.6586030922335746,1.0901402687481185,1.8290617135421896,1.1514215701402646,0.13095203927108562,0.36631766534336446,-0.4360062373960579,-0.7098622535055418,0.016226729552851628,0.398798868317965,0.08005618725782962,0.8801516669273817,-0.24492650498741353,1.3911077908097065,-1.0901043590824209,1.3527697981544917,0.2939565253401415,0.03407650303826021,0.35868496316392856,-0.17201983421403344,1.1329967014577396,-0.3278618095318012,-0.013558490957621357,-1.6275602947263637,0.9403613878249683,-1.2966756635171999,1.361081302540617,0.45454792080404255,-1.1866067104551017,1.2537324603325126,1.76229676395103,1.083407573579194,-0.9993448150447098,-0.48160075433436905,4,1,4,0,2,33,13,3,6,7
FR_028,47.227,5.074,True,0.466425029660814,0.8493704398274728,0.946881129715467,-1.0895611433176433,-1.0048877557923666,0.7409804481103434,0.16515416083247422,0.025761691922429823,-0.3508433346114503,0.39833664113881934,-0.09961946436150025,0.025071891184458434,-0.6632474772053276,-0.32762089088251,-0.34486257082981536,1.2077348451154049,-0.6109979792935883,-0.05444000801481312,-0.5638319176605795,1.4027958182490363,1.044263514264966,0.1846538191825432,0.5629686866862894,1.3185988533338486,0.7775986327177136,0.5018000628753708,0.22907480642619552,-0.000992927536742036,0.07036715203432793,-0.0843693708310462,-0.2168943304382987,-0.47053053508362536,-0.20927577571259415,-0.019009390233904522,2.3597194538615764,-0.09226553927193881,-0.09068980346154015,2.8316899462954868,-0.2805277806612867,-0.22627863063810233,0.39219020938337645,-0.08686995826349626,-0.1711534724157458,-0.29331703309012197,2.4965920156337424,-0.18547173453098575,-0.1232948716050105,1.188904631594434,-0.5050960467941736,1.1360206329574916,1.4435427509464491,0.44280226965330954,0.740503729226324,-0.11912019466971548,-0.23882187443519778,-0.17147706095040494,0.398798868317965,-0.16352709340343405,0.3540274861383882,-0.24492650498741353,0.6461955289172611,0.046727599797912286,-0.4285717977572645,0.2939565253401415,1.1671805947166498,-0.12086884935980913,-0.19312772905011366,0.2123933432711018,-0.40656576875952755,0.5810863565869911,-1.6124177150095444,0.35042077292583945,-1.212362859084269,1.6028034310942865,0.9280057542073242,-1.1595793065517843,1.6388606302841784,1.853103922269959,1.0945719509002851,-0.9993448150447098,-0.4085526050627548,4,1,4,0,2,33,13,6,6,7
FR_029,47.316,5.071,True,0.466425029660814,0.4533201762532197,0.5733361342037696,-0.6243512118469472,0.3884987220018012,0.07727217535029247,0.48614690363593643,0.1756423628942968,0.029886608670813712,0.3086257741155616,-0.12570519745830175,0.004901271960871549,-0.0359676940286332,-0.08200808472285448,-0.009191734126547491,0.9430766620961953,-0.3954134479077613,-0.4869139687294781,-0.3950841898987024,0.7054754875597716,1.1313280506541603,0.4958434607873021,0.3220346135759499,0.09801681475405538,0.26804821539354784,-0.17950527222147067,-1.3744117770436992,1.3002314822236387,-0.42703048921448916,-0.0843693708310462,-0.2168943304382987,-0.1319510646468539,9.384975206043835,-0.30298911170375264,-0.36104957026694745,-0.03586987957914034,-0.3789574297633535,0.4583373387402721,-0.2805277806612867,4.039449086157585,3.2859615908196123,-0.1194957411143004,-0.1711534724157458,0.5932626996964049,1.0531715461743891,-0.18547173453098575,-0.1232948716050105,-0.15309097023168255,-0.5050960467941736,2.300329648339784,1.1514215701402646,0.3287107219524958,1.488875856992243,0.47944233048004253,0.46773869417031827,0.2039305200561082,0.398798868317965,1.0543893099028845,2.458524209294362,2.1593979017697653,2.5872667146312667,-1.4359367349230399,0.49294056982889967,0.2939565253401415,1.2723775713739682,-1.1878760822251255,-0.29532638534278993,0.996998478089259,0.16551451570025366,-0.27240389518292324,-1.2364035513045286,0.5528788526188908,-0.787379446484982,0.8384412140673436,0.23287896349459655,-0.21162546105778862,-0.17282574530417336,0.13726520168596693,1.4428438616022956,0.024820441756350575,-0.11360076251886136,4,1,16,5,0,13,7,6,6,0
IE_001,53.299,-6.536,False,0.466425029660814,0.6539344177347365,-0.4138899253628583,-0.11858078947614975,0.76946206611781,0.03118132307527989,-0.40925390523688027,-0.09153622449033554,0.2678428232222287,-0.6781937631402732,-0.021362265071095603,0.10575436807880596,-0.4115364814083101,0.31421634785545777,0.8187963297415132,-0.06593266066453975,-0.3205213928074455,-0.4112848190552991,-0.34085307446989876,-0.4834580704277736,1.2029249934059252,-0.9841801882250418,-0.7136934512833535,0.6147986680979965,0.4106311964113717,1.2815825864192592,-0.902169227024476,1.1465911179142845,-0.24321699454122045,-0.0843693708310462,-0.2168943304382987,-0.47053053508362536,-0.20927577571259415,-0.30298911170375264,-0.36104957026694745,-0.09226553927193881,-0.09068980346154015,-0.1889406451384228,-0.2805277806612867,-0.22627863063810233,-0.16789457412041106,-0.1194957411143004,-0.1711534724157458,-0.29331703309012197,-0.23830992649976981,-0.18547173453098575,-0.1232948716050105,-0.15309097023168255,0.026649391719923816,-0.3886697443288436,-0.3091843338906578,0.7470463968554791,1.8630619208752024,-0.4360062373960579,-0.7098622535055418,-0.3591808514536615,-0.18977325457889377,-0.32591594717760985,-0.17209669465060531,-0.24492650498741353,-0.6185677000086734,-1.2372670722060886,1.2514504229237473,0.2939565253401415,-0.9876607013284227,0.6703949413043581,0.16418792957792083,-0.10144871065616108,-0.2057380687929623,0.7559818999824653,-0.6256794019888151,-0.1931987041005766,0.2856779239337045,-0.3066335940095804,-0.12191545869183538,-0.9466312511096363,1.4617295425742793,0.5454868625011379,0.11289150529237843,-0.14677392660237995,1.745233710711357,5,1,18,3,0,27,17,7,6,4
IE_002,53.299,-6.536,True,0.466425029660814,0.8013120717222505,-0.5011871952663994,-0.14907501734849077,0.3154372587466762,-0.04256404056470721,-0.42614826012127643,0.1430596083351953,0.011378903094592567,-0.6653779249940937,-0.008319398522694886,0.24694870264391416,-0.4235227193034062,0.2609230031227022,1.0649549433239096,-0.20653232039349462,-0.35702574207065285,-0.44814844752012906,-0.41628634858068947,0.12814199899228693,0.9797676373450478,-0.9841801882250418,-0.7136934512833535,0.4094316777783674,0.153423649708055,-0.38277715180717026,-0.30462726224846826,1.2263816375286822,0.5726104922689692,-0.0843693708310462,-0.2168943304382987,-0.47053053508362536,0.027619310256700412,-0.30298911170375264,-0.36104957026694745,-0.09226553927193881,0.7741130754439,0.02681868282114216,-0.2805277806612867,-0.22627863063810233,-0.16789457412041106,-0.1194957411143004,-0.1711534724157458,-0.29331703309012197,-0.23830992649976981,-0.18547173453098575,-0.1232948716050105,-0.15309097023168255,0.026649391719923816,-0.2916439930469859,-0.017063153084473304,0.5264694046339062,1.1146897931092834,-0.3303775564872771,-0.4743420639703698,-0.3591808514536615,-0.18977325457889377,0.4860283216932691,1.9324000285053686,0.2359383763640222,2.0971077229545516,-0.7295557119294349,0.5395643489184336,-2.28683102021023,0.44067361516244136,0.058963830336592506,0.07034131800455691,0.3588529684371578,0.7275117762446481,0.602073821794448,0.5614191500218272,-0.1931987041005766,0.2856779239337045,-0.3066335940095804,-0.12191545869183538,-0.9466312511096363,1.4617295425742793,0.5454868625011379,0.11289150529237843,-0.14677392660237995,1.745233710711357,5,1,18,3,2,27,17,7,6,4
IE_003,53.299,-6.536,True,0.466425029660814,0.7699774818887122,-0.4682287774462682,-0.1516652781407452,-1.161448034196206,0.17867205035530936,-0.5444087443120247,0.0648609973933516,0.3471615614060337,-0.3663417015832346,-0.21700526329710706,0.2872899410910879,-0.20377502455997823,0.2516545953430926,1.020198831763474,0.7942064341478904,-0.0762947100437657,-0.16465443455828332,-0.12381445480724274,0.3964643285290996,1.6528638126996535,-0.9841801882250418,-0.7136934512833535,0.3334276067928926,0.32453922270030566,0.0848131316139159,-0.7978754854510612,-0.9512735678320735,0.3011572872190655,-0.0843693708310462,-0.2168943304382987,-0.47053053508362536,-0.3277233186972414,-0.30298911170375264,-0.36104957026694745,-0.09226553927193881,0.4858454491420866,0.24257801078070712,-0.2805277806612867,-0.22627863063810233,-0.16789457412041106,-0.1194957411143004,-0.1711534724157458,0.5932626996964049,-0.16234042810717228,-0.18547173453098575,-0.1232948716050105,-0.15309097023168255,-0.5050960467941736,-0.30550481465867985,0.2750580277217112,1.9488106993040493,1.8630619208752024,-0.4360062373960579,-0.7098622535055418,-0.5468846419569181,-0.7783453774757525,-0.40711037406469774,-0.6982208754395988,-0.24492650498741353,-0.6185677000086734,-0.884076560709286,1.4501135023000822,-0.9964372474350444,-0.9913626477210555,-0.33666806499549107,0.2842295904982189,1.404993148194701,0.36167865695627155,-0.06952506484417312,-0.5765855645911276,-0.1931987041005766,0.2856779239337045,-0.3066335940095804,-0.12191545869183538,-0.9466312511096363,1.4617295425742793,0.5454868625011379,0.11289150529237843,-0.14677392660237995,1.745233710711357,5,1,18,3,1,27,17,7,6,4
IE_004,52.292,-6.5,True,0.466425029660814,0.11456440462581113,-0.13576883669142822,0.019092274618459085,0.665088547181916,-0.5219089042247459,-0.30788777593052336,-0.05243691901941375,-0.3058960496406274,0.2915379899206554,0.44818093067133197,-0.1766343010514104,-0.11587594666260703,-0.38786554144997265,-0.4813687110891443,-0.08247379710324071,-0.22115662864418986,-0.3109420976387697,-0.3070156222204085,-0.5123719556650252,1.9364523589940772,-0.9841801882250418,-0.7136934512833535,0.9263179785938059,0.4130225903952038,0.15376681678123477,1.445345119321279,0.5737808993520658,1.1088862422507013,-0.0843693708310462,-0.2168943304382987,-0.47053053508362536,-0.3277233186972414,-0.30298911170375264,-0.36104957026694745,-0.09226553927193881,-0.3789574297633535,0.02681868282114216,-0.2805277806612867,-0.22627863063810233,-0.16789457412041106,-0.1194957411143004,-0.1711534724157458,-0.29331703309012197,-0.16234042810717228,-0.18547173453098575,-0.1232948716050105,-0.15309097023168255,-0.5050960467941736,-0.3886697443288436,-0.3091843338906578,0.6253487459746117,3.35980617640704,-0.4360062373960579,-0.7098622535055418,-0.5468846419569181,-0.7783453774757525,-0.40711037406469774,-0.6982208754395988,-0.24492650498741353,-0.6185677000086734,3.140823643223026,3.3519299795801434,0.2939565253401415,-0.049217290795980244,2.157011760127945,3.6812339608803404,0.5471582007935155,-0.12325457709377591,1.4905431822434572,0.3170657320651552,0.3734964790863714,-0.15861061018656583,0.006539824317295306,0.27547390145667333,-0.6998865765607133,1.6457182074960017,0.17110088519929448,0.4380009508975745,-0.13713816500048498,0.9926929759197177,5,1,13,3,0,27,1,7,6,4
IE_005,52.292,-6.5,True,0.466425029660814,-0.2421480955272117,-0.2723303665450249,0.3121260720771363,0.8738355850537016,-0.2730183019397268,-0.2572047112773448,-0.143668631784898,-0.34555541873252993,-0.08866520841600839,-0.09961946436150025,-0.37834049328727926,0.14782128702950656,-0.31371827921309553,-0.8170395477924122,-0.14036777463869224,-0.09857586437221329,-0.1871548820805538,-0.2563354176068323,-1.2104804520286392,1.559635163581139,-0.9841801882250418,-0.7136934512833535,0.35540604860250147,0.2570973968526605,0.24215051637524848,0.7651899751498448,1.4174232934812179,1.3659867756393582,-0.0843693708310462,-0.2168943304382987,-0.47053053508362536,-0.20927577571259415,-0.30298911170375264,-0.36104957026694745,-0.09226553927193881,-0.3789574297633535,-0.1889406451384228,-0.2805277806612867,-0.22627863063810233,-0.16789457412041106,-0.1194957411143004,-0.1711534724157458,-0.29331703309012197,-0.23830992649976981,-0.18547173453098575,-0.1232948716050105,-0.15309097023168255,-0.5050960467941736,-0.41639138755223154,-0.8934266955030267,0.3591351346727128,1.488875856992243,-0.4360062373960579,-0.7098622535055418,-0.5468846419569181,-0.7783453774757525,-0.24472152029052197,0.3540274861383882,-0.24492650498741353,0.7587261763467392,0.6316993844644915,1.477340825489319,2.874744070890513,0.7140006571518378,2.7924205617218973,2.8010803028233546,0.2123933432711018,-0.19603940411196136,1.315647638847983,1.2019502720432795,0.3734964790863714,-0.15861061018656583,0.006539824317295306,0.27547390145667333,-0.6998865765607133,1.6457182074960017,0.17110088519929448,0.4380009508975745,-0.13713816500048498,0.9926929759197177,5,1,13,3,2,27,1,7,6,4
IE_006,52.292,-6.5,False,0.466425029660814,-0.12799771201297125,-0.25838443207446804,0.2371052920275878,-1.0570745152603132,-0.6601814610497566,-0.27409906616174096,0.11047685377609379,-0.2768125123065656,-0.024586017685109884,0.3699237313809273,-0.1766343010514104,-0.01998604350183832,-0.3531090122764365,-0.49255773897925326,0.04158472618701392,-0.2618375113282784,-0.3520233653549721,-0.3105731325262761,-0.7517803999639244,1.6907491883311159,-0.9841801882250418,-0.7136934512833535,0.5671816582012047,0.3756250074254793,0.1286071195619515,1.1947631510170391,1.5749249733125614,1.3115028528466648,-0.0843693708310462,-0.2168943304382987,-0.47053053508362536,-0.44617086168188874,-0.30298911170375264,-0.36104957026694745,-0.09226553927193881,-0.09068980346154015,-0.1889406451384228,-0.2805277806612867,-0.22627863063810233,-0.16789457412041106,-0.1194957411143004,-0.1711534724157458,-0.29331703309012197,-0.23830992649976981,-0.18547173453098575,-0.1232948716050105,-0.15309097023168255,-0.5050960467941736,-0.4302522091639255,-0.6013055146968422,0.5264694046339059,2.2372479847581617,-0.4360062373960579,-0.7098622535055418,-0.3591808514536615,-0.18977325457889377,-0.08233266651634617,0.8801516669273817,-0.24492650498741353,1.4473731145244455,1.9855963452022345,2.544507324649764,-0.9964372474350444,0.543711123090724,1.2578483616459368,0.01605302732902681,-0.4571363717737257,-0.321276454649325,-0.10450417352326796,-0.7553477030375775,0.3734964790863714,-0.15861061018656583,0.006539824317295306,0.27547390145667333,-0.6998865765607133,1.6457182074960017,0.17110088519929448,0.4380009508975745,-0.13713816500048498,0.9926929759197177,5,1,8,3,1,27,1,7,6,4
IE_007,53.519,-6.658,True,0.466425029660814,0.9096716398065136,-0.5685212522410026,-0.16951158509861877,0.6129017877139702,-0.26380013148472437,-0.3247821308149195,-0.06547002084305442,0.11184930479407891,-0.0160421255876568,0.34383799828412576,0.24694870264391416,-0.3316282287743363,-0.3901826433948751,0.863552441301949,0.09120813550311532,-0.08406366037268606,-0.17249984761912351,0.1790421047862358,0.2045920076692985,1.5497643419907656,-0.9841801882250418,-0.1149445340752761,-0.8622393378061652,0.09220867376241129,-0.4173969980490908,-4.282757771647941,-0.000992927536742036,0.95794855525216,-0.0843693708310462,-0.2168943304382987,-0.47053053508362536,0.38296193921064214,-0.30298911170375264,-0.36104957026694745,-0.09226553927193881,-0.09068980346154015,0.13469834680092466,-0.2805277806612867,-0.22627863063810233,-0.16789457412041106,-0.1194957411143004,-0.1711534724157458,-0.29331703309012197,-0.23830992649976981,-0.18547173453098575,-0.1232948716050105,-0.15309097023168255,0.5583948302340213,-0.26392234982359797,-0.017063153084473304,0.16137645199130263,1.1146897931092834,-0.4360062373960579,-0.7098622535055418,1.3301532630756476,0.398798868317965,-0.08233266651634617,-0.17209669465060531,-0.24492650498741353,-0.6185677000086734,-1.833276060356943,1.8382835700687605,0.2939565253401415,0.013407302346059798,0.9101718475662269,-0.39820839074886444,0.0031653073195932113,4.537434251170162,0.7769693651899222,0.7962885312084913,0.5863417625403317,-0.161104476635446,-0.12259203584957562,0.6842752444743347,-1.0473031855354158,0.9969291414473936,0.1526397123527502,0.19315839432522403,-0.6393496786262345,2.041104600713253,5,1,16,3,0,27,15,7,6,7
IE_008,53.519,-6.658,True,0.466425029660814,0.6699701939064482,-0.6687125097856175,0.03270935698754954,0.6285578155543541,-0.549563415589748,-0.2909934210461321,-0.10456932631397621,-0.04678817157353108,0.17192350055631184,0.2786236655421219,0.2872899410910879,-0.3036603403524455,-0.3461577064417292,1.2216013337854346,0.24834893167077116,-0.11077065202710987,-0.19946969197008926,0.20273843217369666,0.8902032066235764,1.3178342949271264,-0.9841801882250418,1.201299755671111,0.580500861919627,0.30811388220583247,-0.2766286335255505,-0.01691537356074618,0.33193472975118105,1.5792589188655815,-0.0843693708310462,-0.2168943304382987,-0.47053053508362536,0.5014094821952895,-0.30298911170375264,-0.36104957026694745,-0.09226553927193881,0.7741130754439,0.13469834680092466,-0.2805277806612867,-0.22627863063810233,-0.16789457412041106,-0.1194957411143004,-0.1711534724157458,-0.29331703309012197,-0.010401431321977109,-0.18547173453098575,-0.1232948716050105,-0.15309097023168255,-0.5050960467941736,-0.1946182417651282,-0.017063153084473304,0.5568938173541231,1.1146897931092834,-0.4360062373960579,-0.7098622535055418,0.2039305200561082,0.9873709912148237,-0.24472152029052197,0.3540274861383882,-0.24492650498741353,0.7587261763467392,-0.4131558787135493,-0.9691425904568486,1.5843502981153275,0.6325578365139138,1.401714505403058,-0.26047558055947756,-0.8651310418791675,-0.4348161724868817,1.5325181126583711,1.2958342662875586,0.5863417625403317,-0.161104476635446,-0.12259203584957562,0.6842752444743347,-1.0473031855354158,0.9969291414473936,0.1526397123527502,0.19315839432522403,-0.6393496786262345,2.041104600713253,5,1,16,3,2,27,15,7,6,7
IE_009,53.519,-6.658,True,0.466425029660814,0.6242849357505825,-0.24880118403646614,-0.2054199766840131,0.8373048534261397,-0.4942543928597437,-0.30788777593052336,-0.3587148118749679,0.04310639836811454,-0.3321661331934221,0.017766334574106667,-0.0556105857098891,-0.3036603403524455,-0.2117657936373895,0.7516621624008596,0.04985529440636403,-0.13708745242205866,-0.22604550476290292,0.15607972223863234,-0.17765803571840516,1.1421250208078524,-0.9841801882250418,-0.7136934512833535,-0.4097590737358417,0.286903608077512,0.49289856890759665,-0.360803784149404,-0.8275733582598415,1.4691366949951086,-0.0843693708310462,-0.2168943304382987,-0.47053053508362536,0.38296193921064214,-0.30298911170375264,-0.36104957026694745,-0.09226553927193881,-0.3789574297633535,-0.1889406451384228,-0.2805277806612867,-0.22627863063810233,-0.16789457412041106,-0.1194957411143004,-0.1711534724157458,-0.29331703309012197,-0.08637092971457469,-0.18547173453098575,-0.1232948716050105,-0.15309097023168255,0.5583948302340213,-0.2916439930469859,-0.3091843338906578,0.47322668237352655,1.1146897931092834,-0.4360062373960579,-0.7098622535055418,-0.3591808514536615,-0.18977325457889377,0.1612506141449175,1.9324000285053686,-0.24492650498741353,2.4609599706943985,-1.0974624947386042,-1.3327357824263928,0.2939565253401415,2.3956098060053366,0.8981830022531334,-0.5326003830505264,0.9760756744941081,7.805551137331014,0.28726184368259433,-0.5138634054483028,0.5863417625403317,-0.161104476635446,-0.12259203584957562,0.6842752444743347,-1.0473031855354158,0.9969291414473936,0.1526397123527502,0.19315839432522403,-0.6393496786262345,2.041104600713253,5,1,16,3,1,27,15,7,6,7
IE_010,52.623,-6.563,True,0.466425029660814,1.1495856027163023,-0.056597741603786465,-0.6313378236783825,0.7329313344902468,-0.8076721883297671,-0.0882611624334182,1.048860185078217,0.029886608670813712,0.6888289724522254,-0.6343769928459315,-0.27748739716934484,-0.2477245635086638,0.3814123042576276,1.020198831763474,-0.620060731361009,0.0817710415758918,-0.0050329851055726455,0.43831434825196686,-0.19358042307240853,1.1160296883780296,-0.9841801882250418,-0.7136934512833535,0.00044902223980086746,0.4059347004559243,1.237602400137931,-0.10439064158575524,-0.07628759780193227,0.7634695083025266,-0.0843693708310462,-0.2168943304382987,-0.47053053508362536,-0.3277233186972414,-0.30298911170375264,-0.36104957026694745,-0.09226553927193881,-0.3789574297633535,0.13469834680092466,-0.2805277806612867,-0.22627863063810233,-0.16789457412041106,-0.1194957411143004,-0.1711534724157458,-0.29331703309012197,-0.23830992649976981,-0.18547173453098575,-0.1232948716050105,-0.15309097023168255,8.002830969431384,-0.1668965985417403,-0.3091843338906578,0.6633792618748824,2.2372479847581617,-0.4360062373960579,-0.7098622535055418,-0.5468846419569181,-0.7783453774757525,-0.16352709340343405,0.8801516669273817,0.7168032577154579,1.5643914464875361,-0.6633324910237844,-1.0584144775507625,-0.9964372474350444,-1.3467495014138149,0.19084112878062037,-1.3835978122691857,1.38407034459955,0.06235249719111279,-0.3143788255978371,-1.1398098322688188,-0.017572997711903203,0.059675811136596445,-0.07700652557378666,0.023307994024814652,-0.6204696268892644,0.7909748485039829,0.19758128968918656,0.3546543813376372,0.0774407203762929,0.17216095595890804,5,1,4,3,1,27,15,7,6,2
IE_011,52.628,-6.559,True,0.466425029660814,1.5270073189599693,-0.02616791813929173,-0.8695010726315466,0.5241842966184619,-0.9551629156097774,-0.10515551731780916,1.283456017903748,0.13564492624922037,-0.5671231658733827,-0.16483379710350402,-0.11612244338064975,-0.39555483088151533,0.32811895952487224,0.997820775983256,-0.08247379710324071,0.2330371362240891,0.14772188451916013,0.6443552039378377,0.28497209214577857,1.725924849833726,-0.059421035455516594,-0.7136934512833535,0.6648231201262926,0.45107781140157766,0.657993043544371,0.47187986207686256,1.066202856542967,1.428652233739463,-0.0843693708310462,-0.2168943304382987,-0.47053053508362536,0.027619310256700412,-0.30298911170375264,-0.36104957026694745,-0.09226553927193881,-0.09068980346154015,0.02681868282114216,-0.2805277806612867,-0.22627863063810233,-0.16789457412041106,-0.1194957411143004,-0.1711534724157458,-0.29331703309012197,-0.23830992649976981,-0.18547173453098575,-0.1232948716050105,-0.15309097023168255,2.1536311457763135,-0.27778317143529196,-0.017063153084473304,0.9067745636366182,1.488875856992243,-0.36558711679020406,-0.23882187443519778,-0.5468846419569181,-0.7783453774757525,-0.08233266651634617,0.8801516669273817,-0.24492650498741353,1.4473731145244455,0.028332260657453825,-0.6991583813104774,0.2939565253401415,0.6732792468328758,1.6295025663518334,0.03549051322124458,1.1748423086480413,-0.16604657185539173,0.5251197827004394,-0.33454338248597015,0.8293388464452218,-0.226867536699401,-0.17556953311284187,0.7145225104991418,-0.9872194207988102,1.545573565829491,0.25808392842852285,0.1007006697785202,0.13014360493595065,0.34766256699137255,5,1,4,3,1,27,15,7,6,2
IE_012,52.623,-6.563,True,0.466425029660814,1.1876309919700354,-0.01227583386770359,-0.681344893425385,0.5085282687780779,-0.42050902921973726,-0.30788777593052336,1.2508732633446464,0.1092053468546187,-0.1911919135854456,0.21340933280011812,0.04524251040804532,-0.3675869424596245,0.2956795322962384,0.5950157719393346,0.24834893167077116,-0.13824511388891922,-0.22721456004162308,0.05049213822480635,0.7211855211065624,2.1757319766810643,-0.9841801882250418,0.5629686866862894,0.660455812321556,0.3498507329614867,1.118509922218122,0.42528258901660193,-0.21953937478022129,1.6395223170198199,-0.0843693708310462,-0.2168943304382987,-0.1319510646468539,-0.3277233186972414,-0.30298911170375264,-0.36104957026694745,-0.09226553927193881,1.0623807017457134,-0.1889406451384228,-0.2805277806612867,-0.22627863063810233,-0.16789457412041106,-0.1194957411143004,-0.1711534724157458,0.5932626996964049,-0.23830992649976981,-0.18547173453098575,-0.1232948716050105,-0.15309097023168255,1.621885707262216,-0.2777831714352919,0.2750580277217112,0.8991684604565641,2.6114340486411214,-0.4360062373960579,-0.7098622535055418,-0.17147706095040494,0.398798868317965,0.4860283216932691,1.4062758477163753,3.121127664472637,1.6907919437404906,-0.008458417623463105,-0.5565161217704043,0.2939565253401415,0.4412906062278802,1.2218818257066564,0.15560810182080909,1.1853037104456168,-0.1398076481213231,0.9728523737928534,-0.08126381227517314,-0.017572997711903203,0.059675811136596445,-0.07700652557378666,0.023307994024814652,-0.6204696268892644,0.7909748485039829,0.19758128968918656,0.3546543813376372,0.0774407203762929,0.17216095595890804,5,1,4,3,1,27,15,7,6,2
IE_013,52.137,-7.946,True,0.466425029660814,0.21445392702876465,-0.6251143186668168,0.2695302877268508,0.665088547181916,-0.35598183603473327,-0.3247821308149195,0.0648609973933516,-0.3032520917011673,-0.7508168459686247,0.1481950000581143,-0.21697553949858417,-0.6113071129932447,0.09177456114482632,0.7740402181810775,0.04985529440636403,-0.27120695533052275,-0.3614850242967706,-0.13034187134164324,-0.37964708203646785,0.430443294569187,-0.9841801882250418,-0.7136934512833535,-0.2398084911400472,0.24549816433204724,1.2297413700198376,0.02145991207651075,-1.0657187469817238,1.406435396857454,-0.0843693708310462,-0.2168943304382987,-0.47053053508362536,-0.3277233186972414,-0.30298911170375264,-0.36104957026694745,-0.09226553927193881,1.0623807017457134,-0.08106098115864031,-0.2805277806612867,-0.22627863063810233,-0.16789457412041106,-0.1194957411143004,-0.1711534724157458,-0.29331703309012197,-0.23830992649976981,-0.18547173453098575,-0.1232948716050105,-0.15309097023168255,0.026649391719923816,-0.3332264578820678,-0.017063153084473304,0.617742642794557,1.1146897931092834,-0.4360062373960579,-0.7098622535055418,-0.5468846419569181,-0.7783453774757525,-0.40711037406469774,-0.6982208754395988,-0.24492650498741353,-0.6185677000086734,-0.5750348631495839,-0.8869787213636646,0.2939565253401415,-0.15441426745329873,1.4496698866554318,-0.17072906366650334,-0.41529076458342395,0.14650154557263753,-0.23042896476800942,-0.7680196513269156,0.28616627590447186,-0.16352336629275313,0.06843340066030809,-0.0009806737442600998,-0.6755735593524614,0.30615473604891646,0.07749581583999715,0.4354346524412616,-0.7113456966935542,0.09267772191175043,5,1,4,3,1,27,15,7,6,2
IE_014,52.144,-7.948,False,0.466425029660814,0.12366804838996007,-0.6864747357969807,0.3608761961458363,0.6807445750223005,-0.48503622240474126,-0.27409906616174096,-0.2544499972858431,-0.49361706334229927,-0.7721765762122577,-0.03440513161949644,-0.21697553949858417,-0.4235227193034062,-0.39713394922958234,0.23696687945584893,-0.6614135724577603,-0.29827886349891797,-0.3888233767039882,-0.164175841206794,-1.2104804520286392,2.0400203708576474,-0.9841801882250418,0.45866007150896654,-0.2695676734762975,0.05897618539468166,1.6109061019529074,0.3692833911199408,-0.5784095975058171,0.6573639931982365,-0.0843693708310462,-0.2168943304382987,-0.47053053508362536,-0.564618404666536,-0.30298911170375264,-0.36104957026694745,-0.09226553927193881,-0.3789574297633535,-0.08106098115864031,-0.2805277806612867,-0.22627863063810233,-0.16789457412041106,-0.1194957411143004,-0.1711534724157458,-0.29331703309012197,-0.23830992649976981,-0.18547173453098575,-0.1232948716050105,-0.15309097023168255,0.026649391719923816,-0.4302522091639255,-0.6013055146968422,0.7242280873153163,2.6114340486411214,-0.4360062373960579,-0.7098622535055418,0.016226729552851628,0.398798868317965,-0.16352709340343405,-0.17209669465060531,-0.24492650498741353,-0.6185677000086734,0.38152277215425634,-0.4204999807055881,-0.9964372474350444,-1.883223232812867,1.0060826100709743,-0.9342578063701827,0.1391635306880738,-0.019246968268986343,-0.48227854725749236,-0.39559188808114654,-0.2209518666229064,0.7606142032257955,-1.0022662746737654,-0.2841525027282657,-0.23615305744229903,0.02994178379365886,-0.2771416835356828,0.26829238049665316,-0.7113456966935542,-0.1062504859382663,5,1,7,3,1,27,9,7,6,2
IE_015,52.138,-7.946,True,0.466425029660814,0.36779603667075755,-0.3492231198409691,0.006686676445907522,0.7329313344902468,-0.8261085292397692,-0.0544724526646309,-0.21535069181492128,-0.22922126939628262,-0.4987720290937579,0.06993780076770977,-0.07578120493347598,-0.28767868982565076,-0.25115652670073046,0.6845279950602061,-0.6944958453351615,-0.1926488409023367,-0.2821537335977454,0.05041927200261218,-0.29308034789920956,1.5721734791785864,-0.9841801882250418,0.5629686866862894,0.9222558708733352,0.35663605403100196,0.4893083916269088,0.21189163030768698,1.3100518916786177,1.4712481130782824,-0.0843693708310462,-0.2168943304382987,-0.47053053508362536,-0.564618404666536,-0.30298911170375264,-0.36104957026694745,-0.09226553927193881,-0.09068980346154015,-0.08106098115864031,-0.2805277806612867,-0.22627863063810233,-0.16789457412041106,-0.1194957411143004,-0.1711534724157458,-0.29331703309012197,-0.16234042810717228,-0.18547173453098575,-0.1232948716050105,-0.15309097023168255,0.026649391719923816,-0.40253056594053754,-0.017063153084473304,0.38195344421287564,1.488875856992243,-0.4360062373960579,-0.7098622535055418,-0.17147706095040494,0.398798868317965,-0.40711037406469774,-0.6982208754395988,0.2359383763640222,-0.6185677000086734,-0.12618858812239728,-0.5413362867179979,0.2939565253401415,-2.1186053242777763,2.324855594511253,-0.40952161495956935,0.4320827810201858,-0.24394337669090793,-1.1888565425752082,-1.590102334374232,0.28616627590447186,-0.16352336629275313,0.06843340066030809,-0.0009806737442600998,-0.6755735593524614,0.30615473604891646,0.07749581583999715,0.4354346524412616,-0.7113456966935542,0.09267772191175043,5,1,4,3,1,27,15,7,6,2
IE_016,53.299,-6.536,True,-0.6937643118434198,1.1720904352831687,-0.3146982736110903,-0.4817352922304621,-0.1855556321456087,0.6948895958353308,-0.679563583387169,-0.05243691901941375,0.32072198201143204,-0.42187700021667984,0.33079513173572506,0.4284842756561961,0.007981844920052357,0.17982443505111786,1.176845222224999,0.9678883667542464,-0.39710051523254797,-0.44428377328851787,-0.19515896590783038,0.21173032184531346,1.133056673494286,-0.9841801882250418,-0.7136934512833535,0.9922350606131968,0.07604891778013845,1.20651408901716,0.07064899805804938,-0.7044609317957169,1.0162824385699456,-0.0843693708310462,-0.2168943304382987,-0.47053053508362536,-0.564618404666536,-0.30298911170375264,-0.36104957026694745,-0.09226553927193881,0.4858454491420866,0.889855994659402,-0.2805277806612867,-0.22627863063810233,-0.16789457412041106,-0.1194957411143004,-0.1711534724157458,-0.29331703309012197,-0.23830992649976981,-0.18547173453098575,-0.1232948716050105,-0.15309097023168255,0.5583948302340213,-0.25006152821190397,-0.3091843338906578,0.7090158809552081,1.8630619208752024,-0.4360062373960579,-0.7098622535055418,-0.3591808514536615,-0.18977325457889377,-0.40711037406469774,-0.6982208754395988,-0.24492650498741353,-0.6185677000086734,-0.5897511344619506,-0.967335467236324,-0.9964372474350444,2.7944945298115327,0.8142610850614793,-0.4061807970718444,1.3003791302189465,-0.1051512571542061,-0.7761030601618891,-0.984478843489447,-0.1931987041005766,0.2856779239337045,-0.3066335940095804,-0.12191545869183538,-0.9466312511096363,1.4617295425742793,0.5454868625011379,0.11289150529237843,-0.14677392660237995,1.745233710711357,5,1,18,0,0,5,17,7,6,4
IE_017,53.299,-6.536,True,0.466425029660814,1.119055446381935,-0.3639096357204947,-0.4199495982070101,0.26325049927872923,0.42756265264032867,-0.6119861638495943,-0.11760242813761676,0.45291987898444036,0.1377479321664993,0.06993780076770977,0.3276311795382617,0.12384881123931431,0.18445863894092274,1.1992232780052168,0.9430766620961953,-0.4005461322966995,-0.36223073620309254,-0.13093159843759888,1.1077429529324974,2.00468611741174,-0.9841801882250418,0.5629686866862894,0.4838510634333605,0.4188729932963021,1.4227465765769853,-4.351099245551961,-0.1901691859596208,0.8209395681666406,-0.0843693708310462,-0.2168943304382987,2.2381052284105456,-0.44617086168188874,-0.30298911170375264,3.824748928392321,-0.09226553927193881,-0.09068980346154015,3.5868475941539635,-0.2805277806612867,-0.22627863063810233,-0.16789457412041106,-0.1194957411143004,-0.1711534724157458,-0.29331703309012197,-0.08637092971457469,-0.18547173453098575,-0.1232948716050105,-0.15309097023168255,0.026649391719923816,0.48456201720787573,0.8593003893340802,0.8535318413762383,2.2372479847581617,-0.400796677093131,-0.4743420639703698,-0.17147706095040494,0.398798868317965,-0.0011382396292582732,0.8801516669273817,-0.24492650498741353,1.4775745453329505,-2.1938247075099286,0.35897250174734463,1.5843502981153275,0.6766726976927893,0.6344284053650777,-0.5047349247597298,0.5471582007935155,-0.02653698174783646,1.084785521565957,-0.22009735894201027,-0.1931987041005766,0.2856779239337045,-0.3066335940095804,-0.12191545869183538,-0.9466312511096363,1.4617295425742793,0.5454868625011379,0.11289150529237843,-0.14677392660237995,1.745233710711357,5,1,18,0,2,5,17,7,6,4
IE_018,53.299,-6.536,True,-0.30703453134200853,1.0478966896199644,-0.45487376286959696,-0.321334784608795,0.23193844359796198,0.28929009581531795,-0.5781974540808119,0.051827895569711055,0.16208450564382204,0.2530904754821165,0.17428073315491585,0.48899613332695674,0.23572036492687767,0.2748256147921167,1.154467166444781,0.9182649574381442,-0.30790727962751185,-0.3871444933187038,-0.08078721778699,0.5167030623435662,2.491044671057048,-0.6014992683380641,0.5629686866862894,0.8039071626776065,0.24358563534494695,-0.7755892554398838,0.3336017458709696,0.9661514542024857,0.2859065931679382,-0.0843693708310462,-0.2168943304382987,0.2066284057899175,-0.3277233186972414,-0.30298911170375264,2.7782993037275037,-0.09226553927193881,-0.09068980346154015,0.7819763306796196,-0.2805277806612867,-0.22627863063810233,-0.16789457412041106,-0.08686995826349626,-0.1711534724157458,-0.29331703309012197,-0.16234042810717228,-0.18547173453098575,-0.1232948716050105,-0.15309097023168255,1.0901402687481185,0.01329408241028117,1.1514215701402646,1.4087773735201978,2.6114340486411214,-0.400796677093131,-0.4743420639703698,-0.17147706095040494,0.398798868317965,-0.08233266651634617,0.3540274861383882,-0.24492650498741353,0.49880069282999445,-0.40579774305736593,-0.8213199110179384,0.2939565253401415,0.8636209905207513,0.5385176428603302,0.11923874345216724,0.33793016484200694,-0.2035344091824839,-0.29339136039038016,-0.7805322040402873,-0.1931987041005766,0.2856779239337045,-0.3066335940095804,-0.12191545869183538,-0.9466312511096363,1.4617295425742793,0.5454868625011379,0.11289150529237843,-0.14677392660237995,1.745233710711357,5,1,18,0,1,5,17,7,6,4
IE_019,52.865,-6.908,True,-0.30703453134200853,0.7198314354403641,-0.829495256927437,0.10510765257267661,-2.4139302614269185,0.916125686755348,-0.8485071322310956,-0.09805277540215593,-0.11553107799949544,-0.6397462487017342,0.22645219934851885,0.1864368449731535,-0.44349978246189964,-0.09822779833717142,0.863552441301949,-0.22307345683219557,-0.6039317334420699,-0.6974845106294684,-0.5872221051204193,-0.7892581051384661,0.2146896561568453,-0.059421035455516594,-0.7136934512833535,0.8148938968693464,0.34977270560478885,0.8935835173204154,0.4237830242057208,0.6188151767090946,1.3696403409588978,-0.0843693708310462,-0.2168943304382987,-0.47053053508362536,-0.44617086168188874,-0.30298911170375264,-0.15175964533398406,-0.09226553927193881,-0.3789574297633535,0.02681868282114216,-0.2805277806612867,-0.22627863063810233,-0.16789457412041106,-0.1194957411143004,-0.1711534724157458,-0.29331703309012197,-0.23830992649976981,-0.18547173453098575,-0.1232948716050105,-0.15309097023168255,0.026649391719923816,-0.3886697443288436,-0.017063153084473304,-0.07441274659037873,0.36631766534336446,-0.36558711679020406,-0.23882187443519778,-0.5468846419569181,-0.7783453774757525,-0.40711037406469774,-0.6982208754395988,-0.24492650498741353,-0.6185677000086734,0.25643446599913877,-0.7603596210455762,0.2939565253401415,-0.20901797674463415,1.1739264444542827,-0.16085846536186152,0.6099266115789681,-0.18621261968616515,0.3502242393049651,-0.9483757455330307,-0.1095381696671746,0.29595441874277273,-0.3742881261893935,-0.5998747038949245,-0.052569005617581946,1.0553552353068378,0.21296945040983203,-0.02563445841256474,-0.9227514814110132,0.238318001865024,5,1,16,0,0,5,10,7,6,7
IE_020,52.865,-6.908,True,0.466425029660814,0.6521300524858498,-0.8433922724121299,0.15314719383300357,-2.152996464087187,0.8792530049353541,-0.7640353578091298,-0.07850312266669497,-0.08909149860489378,-0.13992856100072693,-0.16483379710350402,0.24694870264391416,-0.039963106660331794,-0.10286200222697614,0.7292841066206418,0.066396430845065,-0.5083324467020651,-0.6009443268153097,-0.45197182840504546,0.022340010387273904,-0.29730041440849514,-0.9841801882250418,-0.7136934512833535,0.12085699418844317,0.36057952053596565,0.8167402120275291,0.339465648209435,-0.7119854750783177,1.3017574287795741,-0.0843693708310462,-0.2168943304382987,0.545207876226689,-0.564618404666536,-0.30298911170375264,-0.15175964533398406,-0.09226553927193881,-0.3789574297633535,-0.1889406451384228,-0.2805277806612867,-0.22627863063810233,-0.16789457412041106,-0.1194957411143004,-0.1711534724157458,-0.29331703309012197,0.9012325493891938,-0.18547173453098575,-0.1232948716050105,0.5179068306813757,3.7488674613186057,0.05487654724536297,0.2750580277217112,0.18419476153146544,0.36631766534336446,-0.4360062373960579,-0.7098622535055418,-0.5468846419569181,-0.7783453774757525,0.08005618725782962,0.3540274861383882,-0.24492650498741353,0.27670420082132074,-0.023174688935829878,-0.674942930155448,0.2939565253401415,0.25094886254000476,1.0060826100709743,-0.365407633305747,-0.017757496275557647,0.19978654743298488,0.7210027913033705,-0.3088009969673775,-0.1095381696671746,0.29595441874277273,-0.3742881261893935,-0.5998747038949245,-0.052569005617581946,1.0553552353068378,0.21296945040983203,-0.02563445841256474,-0.9227514814110132,0.238318001865024,5,1,16,0,2,5,10,7,6,7
IE_021,52.865,-6.908,True,-1.4672238728462423,0.5225579806612866,-0.7998146541552023,0.20086336346706152,-0.9892317279519828,0.8055076412953394,-0.780929712693526,-0.10456932631397621,-0.16312232090977846,-0.42187700021667984,0.017766334574106667,0.2066074641967404,-0.2796878645622533,-0.047251555549318314,0.6397718834997703,-0.6366018677997101,-0.5048023381037261,-0.5973794745597231,-0.4968697031948268,0.05991043895149395,0.37490880951884026,-0.9841801882250418,1.3097681634893428,0.6372020482880152,0.3342584164501388,1.118756965068404,-0.22872886644197948,-2.235571549912116,0.9320776941598283,-0.0843693708310462,-0.2168943304382987,-0.1319510646468539,-0.564618404666536,-0.30298911170375264,0.05753027959897934,-0.09226553927193881,0.19757782284027323,-0.08106098115864031,-0.2805277806612867,-0.22627863063810233,-0.16789457412041106,-0.1194957411143004,-0.1711534724157458,-0.29331703309012197,0.4454155590336083,-0.18547173453098575,-0.1232948716050105,-0.15309097023168255,0.5583948302340213,-0.22233988498851612,0.5671792085278956,0.016860491570272102,0.36631766534336446,-0.4360062373960579,-0.7098622535055418,0.016226729552851628,0.9873709912148237,0.1612506141449175,-0.17209669465060531,-0.24492650498741353,-0.6185677000086734,-0.7663463902103519,-0.7655400409444133,-2.28683102021023,-1.488657446464743,0.21481881940680725,-0.43123693122978135,1.4363773535874271,-0.0040647785107483965,0.7419902565108274,-0.10644831327788297,-0.1095381696671746,0.29595441874277273,-0.3742881261893935,-0.5998747038949245,-0.052569005617581946,1.0553552353068378,0.21296945040983203,-0.02563445841256474,-0.9227514814110132,0.238318001865024,5,1,16,0,1,5,10,7,6,7
IE_022,53.289,-6.248,True,-1.4672238728462423,0.6868411667537703,-0.20489542190448215,-0.2693863422612338,0.5607150282460244,-0.9643810860647799,-0.42614826012127643,0.019245141010609545,0.5851177759574486,-0.691009601286453,0.20036646625171742,0.3074605603146748,0.1717937628196988,1.4171568736290052,1.6467843936095738,0.7445830248317882,0.3034318337888552,0.23723442253749596,0.6479222025196882,1.2182629161378757,0.9855947729964453,1.3289870320926969,2.4386927648427514,0.4974436675964061,0.31149558621278145,0.7821560568012317,0.1748609393767439,-0.9965099632909835,0.6447191482795755,6.9546346673147195,-0.2168943304382987,1.899525757973775,3.344150513826824,-0.30298911170375264,-0.36104957026694745,-0.09226553927193881,-0.09068980346154015,2.2922916263965742,-0.2805277806612867,-0.22627863063810233,-0.07454711020311315,-0.08686995826349626,-0.1711534724157458,-0.29331703309012197,-0.23830992649976981,9.378612889476472,-0.1232948716050105,-0.15309097023168255,0.026649391719923816,0.7895000926651428,1.4435427509464491,-0.005957817969890618,1.1146897931092834,2.592015948655659,1.6453396418461785,2.6440797965984437,3.341659482802259,3.2466388358542573,1.9324000285053686,-0.24492650498741353,1.3894478379731625,-0.23656062296514807,-0.6324152970324364,-2.28683102021023,-3.1616287204020983,1.3897256600899646,0.15743036612320452,1.38407034459955,-0.0157364872615963,0.6720320391526378,-0.40483683148720456,0.3862892896395905,-0.03141108097386705,-0.19239405027578863,-0.25069232845751493,0.7669565705017218,0.6808416694165198,0.746336555040493,0.03140571627742143,-0.5074670094561473,1.0528793679739568,5,1,16,5,2,30,4,7,6,7
IE_023,53.289,-6.248,True,-3.4008727753532986,0.34583036410221524,-0.3287696474642475,0.006541298342322924,0.5607150282460244,-0.31910915421473146,-0.476831324774455,-0.006821062636671683,0.13035701037029995,-0.3022625108523363,-0.04744799816789715,-0.03543996648630222,0.207752476504987,0.46482797427411443,0.7740402181810775,0.7859358659285403,-0.019021815079833748,-0.07533451740785098,0.2732226942491842,0.6814451528108421,1.993661060246373,-0.059421035455516594,1.3097681634893428,0.37651117609307355,0.2689605202596328,1.1873089113934467,0.4255423114310962,-0.4141443261498372,0.3782380916163623,-0.0843693708310462,-0.2168943304382987,1.222366817100232,1.3305422830878202,-0.30298911170375264,0.8946899793308329,-0.09226553927193881,-0.3789574297633535,0.13469834680092466,-0.2805277806612867,-0.22627863063810233,-0.16789457412041106,-0.1194957411143004,-0.1711534724157458,1.4798424324829318,-0.010401431321977109,-0.18547173453098575,-0.1232948716050105,-0.15309097023168255,0.5583948302340213,0.05487654724536297,0.8593003893340802,0.4580144760134181,2.2372479847581617,-0.36558711679020406,-0.23882187443519778,0.016226729552851628,0.9873709912148237,3.2466388358542573,1.4062758477163753,-0.24492650498741353,0.4527435937965974,0.6390575201206748,-0.18894725871570606,1.5843502981153275,0.6942569430577956,0.7543168584960122,-0.11795932657630274,0.3588529684371578,-0.303339690377989,-0.7201364862753373,-1.0600323464975765,0.3862892896395905,-0.03141108097386705,-0.19239405027578863,-0.25069232845751493,0.7669565705017218,0.6808416694165198,0.746336555040493,0.03140571627742143,-0.5074670094561473,1.0528793679739568,5,1,16,4,2,3,4,7,6,7
IE_024,53.289,-6.248,True,0.466425029660814,0.7640133395801324,-0.5447613914725555,-0.09997239221732206,0.665088547181916,-0.8814175519697734,-0.20652164662416625,0.44933750119074956,0.5851177759574486,-0.8832471734791482,0.43513806412293105,0.7108729447864125,-0.6832245403638211,1.9222850976177306,1.6915405051700096,-0.20653232039349462,0.03692992680956348,-0.05031543029521443,0.28685441040197385,0.24791304873891104,1.1798082649278432,0.7543346049945908,-0.1149445340752761,-0.38146707795965074,0.43845428196963454,0.058150033512203596,0.4111869093854256,0.5286414569367212,0.5499137243200681,-0.0843693708310462,-0.2168943304382987,0.545207876226689,0.9751996541338784,-0.30298911170375264,-0.36104957026694745,-0.09226553927193881,-0.09068980346154015,-0.08106098115864031,-0.2805277806612867,-0.22627863063810233,-0.16789457412041106,-0.1194957411143004,-0.1711534724157458,-0.29331703309012197,1.584958034922572,-0.18547173453098575,-0.1232948716050105,-0.15309097023168255,0.026649391719923816,0.1380414769155268,0.5671792085278956,0.906774563636618,1.488875856992243,-0.15432975497264242,0.23221850463514626,1.3301532630756476,0.398798868317965,0.8108060292416207,1.4062758477163753,-0.24492650498741353,1.6405026731745551,0.4035971791228065,-0.297977026354022,0.2939565253401415,0.40334565570339287,0.2268076647199007,-0.07301014045054915,-0.16421712144161366,-0.11054509841008642,0.08438301334384422,-0.7990220908524034,0.3862892896395905,-0.03141108097386705,-0.19239405027578863,-0.25069232845751493,0.7669565705017218,0.6808416694165198,0.746336555040493,0.03140571627742143,-0.5074670094561473,1.0528793679739568,5,1,16,5,1,30,4,7,6,7
IE_025,53.307,-6.234,True,0.07969524915940275,0.6239836430536998,-0.7045994647848745,0.08200813042164218,0.701619278809479,-1.3791987565398118,-0.3247821308149195,0.7751650467817646,0.9023927286926686,-0.652562086847914,0.17428073315491585,0.5696786102213043,-0.5473805108860657,2.7332707783335746,1.9153210629721882,0.562630524006082,0.8033761430754214,0.7236742209372875,0.9483129079522564,-1.2104804520286392,1.0795207541017806,1.9027346774506249,-0.7136934512833535,-0.5519515202263937,0.24787880929086606,0.6207638519912375,-0.4120716514867246,-0.22079161857780266,-0.05102605497342052,-0.0843693708310462,-0.2168943304382987,-0.47053053508362536,-0.20927577571259415,-0.30298911170375264,-0.15175964533398406,-0.09226553927193881,-0.3789574297633535,-0.1889406451384228,-0.2805277806612867,-0.22627863063810233,-0.16789457412041106,-0.1194957411143004,-0.1711534724157458,-0.29331703309012197,-0.23830992649976981,-0.18547173453098575,-0.1232948716050105,-0.15309097023168255,-0.5050960467941736,-0.40253056594053754,-0.6013055146968422,-0.01356392114994487,1.8630619208752024,1.5357291395678507,1.8808598313813505,0.39163431055936476,-0.18977325457889377,-0.16352709340343405,0.3540274861383882,-0.24492650498741353,0.6461955289172611,-0.8178533398036355,-0.8093928977624762,1.5843502981153275,-0.17446647708006033,1.0420491460102548,0.2180206541778521,0.2437775486638281,-0.13609217552226066,0.5950780000586291,0.010069852753641636,0.43839615800605974,0.3404468808941842,-0.7831444951568393,-0.40740542498337556,0.8350150227509371,0.050043633058636544,-0.19370555430233807,-0.12797310510341267,-0.5375357190231705,1.2743224859755207,5,1,16,5,2,30,4,7,6,0
IE_026,53.307,-6.234,True,-2.6274132143504763,0.7122849131593747,-0.5571205976657005,-0.06216975919650029,0.7172753066498629,-0.8353266996947691,-0.24031035639295353,0.25384097383614035,0.6908760935358553,-0.5201317593373908,0.33079513173572506,0.3881430372090223,-0.5313988603592708,2.0844822337608995,1.8705649514117524,-0.04939152422583953,0.2667402336102848,0.18175669092539107,0.5693153298580235,-0.7517803999645863,1.8793699882433446,1.6256925604955286,1.3097681634893428,-0.47662468763068294,-0.14347715057677934,0.30022765887249625,-0.046576695711281195,-0.3150533189312056,0.7491282450965425,-0.0843693708310462,-0.2168943304382987,0.545207876226689,-0.0908282327279469,-0.30298911170375264,-0.36104957026694745,-0.09226553927193881,-0.3789574297633535,-0.1889406451384228,-0.2805277806612867,-0.22627863063810233,-0.16789457412041106,-0.1194957411143004,-0.1711534724157458,-0.29331703309012197,-0.23830992649976981,-0.18547173453098575,-0.1232948716050105,-0.15309097023168255,-0.5050960467941736,-0.3609481011054557,-0.6013055146968422,0.4656205791934722,2.2372479847581617,0.37381364957126173,1.4098194523110064,0.5793381010626214,0.9873709912148237,1.2167781636770603,0.3540274861383882,-0.24492650498741353,0.49880069282999445,-0.21448621599659792,-0.8552938275638005,0.2939565253401415,-0.5940204015784567,1.4137033507161514,0.26183092511460854,-0.6768258095228097,0.20120867660021224,0.12635794375875806,2.2892671934988815,0.43839615800605974,0.3404468808941842,-0.7831444951568393,-0.40740542498337556,0.8350150227509371,0.050043633058636544,-0.19370555430233807,-0.12797310510341267,-0.5375357190231705,1.2743224859755207,5,1,16,4,1,3,4,7,6,0
IE_027,53.307,-6.234,True,0.466425029660814,0.41353097992188875,-0.7870672321011151,0.2560887867291041,0.7172753066498629,-0.9828174269747796,-0.22341600150856256,0.5210195612207728,1.4576238959793035,-0.7380010078224452,0.3047093986389235,0.5696786102213043,-0.6472658266785329,2.5710736421904055,1.5348941147084847,0.8603709799026927,0.3301566096898618,0.30874404683498285,0.6923206477864878,0.35749202502464433,2.257878940637178,0.9516486839711307,1.1211016315852849,-0.38590871917531683,0.25839902946585297,0.5258723664734783,0.12263783962566138,-0.9435589064710708,0.864047079559309,-0.0843693708310462,-0.2168943304382987,0.2066284057899175,-0.0908282327279469,-0.30298911170375264,-0.15175964533398406,-0.09226553927193881,-0.09068980346154015,-0.08106098115864031,-0.2805277806612867,-0.22627863063810233,-0.16789457412041106,-0.1194957411143004,-0.1711534724157458,-0.29331703309012197,-0.23830992649976981,-0.18547173453098575,-0.1232948716050105,-0.15309097023168255,-0.5050960467941736,-0.3332264578820678,0.2750580277217112,0.3211046187724415,2.9856201125240807,1.1484239762356545,0.7032588837054903,3.3948949586114696,1.5759431141116824,0.3236394679190933,1.4062758477163753,-0.24492650498741353,1.985979189462848,-0.2512768942775148,-0.8368611707144498,-0.9964372474350444,-0.8929525727835641,0.9701160741316941,-0.04430947768782135,0.7459248349474488,0.057881118097758325,-0.034545956165078266,-0.7888207739905463,0.43839615800605974,0.3404468808941842,-0.7831444951568393,-0.40740542498337556,0.8350150227509371,0.050043633058636544,-0.19370555430233807,-0.12797310510341267,-0.5375357190231705,1.2743224859755207,5,1,16,5,1,13,4,7,6,0
IE_028,51.896,-8.495,True,0.07969524915940275,-0.27438668720575715,-0.644568185250691,0.5654231878893579,0.5085282687780779,-1.250144370169801,-0.42614826012127643,-0.24141689546220252,-0.2768125123065656,0.3000818820181083,-0.12570519745830175,-0.3581698740636924,-0.4674722582520917,6.626002045769623,12.365873112333928,0.3475957503029747,0.18066867421513477,0.0948380072350253,0.35144699363537546,0.3565836303381345,-0.7789305992695436,1.0092667646383464,0.6967513087681757,0.07916277539788405,0.22045885044377353,0.37227440944471557,0.31360848971085564,-0.7462785261111867,1.169399249481609,12.233887695924043,-0.2168943304382987,1.899525757973775,-0.564618404666536,-0.30298911170375264,10.312736601314187,-0.09226553927193881,-0.3789574297633535,0.5662170027200546,-0.2805277806612867,-0.22627863063810233,-0.16789457412041106,-0.08686995826349626,-0.1711534724157458,-0.29331703309012197,0.29347656224841323,-0.18547173453098575,-0.1232948716050105,-0.15309097023168255,-0.5050960467941736,1.0389948816756343,0.5671792085278956,0.0016482852101636356,-0.3820544624225545,-0.25995843588142326,0.23221850463514626,1.1424494725723913,0.398798868317965,0.1612506141449175,0.3540274861383882,-0.24492650498741353,0.19633959473895796,0.6537737914330416,0.31777009231938436,-0.9964372474350444,-0.3231613238508155,1.0420491460102548,-0.309221150648555,0.6831564241619962,0.2329055014625588,1.2177061345465174,1.2351045518443153,-0.19244584201783227,0.4396608084722609,-0.5382574195622072,-0.36124893960896626,0.3844625679763755,-0.4877518433393811,0.3096405318674066,0.20477190447104907,-0.734829606535708,0.6720165673993601,5,1,7,5,1,30,6,7,6,0
IE_029,52.673,-8.572,True,0.466425029660814,-1.2544759846569855,-0.9195937529432158,1.307412419579064,0.44068548146974756,-0.05178221101972655,-0.679563583387169,-0.30006585366858524,-0.40636645134011373,-0.3577978094857815,-0.6343769928459315,-0.6607291624174956,-0.25971080140375985,-0.20018028391287745,-1.007253021924264,-0.3554025483417996,-0.043011870202256504,-0.1310440219105923,0.11200826459572133,0.7058611876342191,-0.0777557287064257,0.7931404084867344,1.3097681634893428,0.6855704571218615,0.589854546757251,0.5204064366192762,0.2522443732536145,0.8480796362828278,-0.197641700735292,15.04948931118235,-0.2168943304382987,4.2695820510311755,0.027619310256700412,-0.30298911170375264,7.382677652252698,-0.09226553927193881,-0.3789574297633535,0.35045767476048967,-0.2805277806612867,-0.22627863063810233,-0.12122084216176211,0.011007390288916175,-0.1711534724157458,-0.29331703309012197,-0.23830992649976981,-0.18547173453098575,-0.1232948716050105,-0.15309097023168255,-0.5050960467941736,1.052855703287328,0.8593003893340802,-0.272171429271789,-0.007868398539594996,-0.25995843588142326,0.23221850463514626,0.016226729552851628,0.9873709912148237,-0.32591594717760985,-0.17209669465060531,-0.24492650498741353,-0.6185677000086734,0.07248107459455413,-0.6291624752354922,-0.9964372474350444,0.05597968586133825,1.1379599085150023,0.03404788731518154,0.44254418281776126,-0.20462342701324357,2.01522981242988,0.8373328920198697,-1.2159063174011067,1.119744247057063,-0.9202476657142158,-1.4680075223321105,0.2832695810675771,-0.15021445666861685,0.5278761930106225,-0.14163953163477175,-0.23434713848562697,0.32285319281996017,5,1,7,5,2,13,7,7,6,7
IE_030,52.673,-8.572,True,0.466425029660814,0.013440504114527059,-0.7819503609448133,0.48500254539690946,0.054503461406943614,-1.6096530179148287,-0.07136680754902694,-0.20231758999128072,-0.12875086769679628,-0.8789752274304216,0.05689493421930893,0.004901271960871549,-0.7311694919442053,0.2655572070125071,0.2817229910162847,-0.4215670940966019,-0.11544903012944072,-0.20419411510495514,0.120290874264911,-0.63635808778312,1.6703004707187985,1.1158946016988984,-0.7136934512833535,0.3550969333209567,0.23020469925854484,-0.5764700731870074,0.05689914195976742,0.36529543258915376,-0.12836748307641987,-0.0843693708310462,-0.2168943304382987,-0.47053053508362536,-0.564618404666536,-0.30298911170375264,-0.36104957026694745,-0.09226553927193881,1.0623807017457134,-0.08106098115864031,-0.2805277806612867,-0.22627863063810233,-0.16789457412041106,-0.1194957411143004,-0.1711534724157458,-0.29331703309012197,-0.16234042810717228,-0.18547173453098575,-0.1232948716050105,-0.15309097023168255,-0.5050960467941736,-0.36094810110545567,-0.3091843338906578,0.15377034881124843,1.8630619208752024,-0.08391063436678853,0.23221850463514626,0.2039305200561082,-0.18977325457889377,-0.16352709340343405,0.8801516669273817,-0.24492650498741353,1.5643914464875361,-0.3763652004326324,-0.9074594511962765,-0.9964372474350444,-2.2265787607295695,0.4186291897293958,0.16266937599259132,-0.13283291604888736,-0.3551000672752728,-0.9440027818215444,-1.1919321856098701,-1.2159063174011067,1.119744247057063,-0.9202476657142158,-1.4680075223321105,0.2832695810675771,-0.15021445666861685,0.5278761930106225,-0.14163953163477175,-0.23434713848562697,0.32285319281996017,5,1,7,5,1,13,7,7,6,7
IE_031,52.396,-7.837,True,-3.4008727753532986,0.33380353197343104,-0.46917581498264227,0.10200625302953863,-0.28992915108150147,0.1602357094452989,-0.5106200345432422,-0.10456932631397621,0.16208450564382204,-0.9046069037227809,0.0960235338645112,0.08558374885521908,-0.5074263845690787,-0.3021327694885835,0.08032048899432394,0.04158472618701392,-0.34070987133614233,-0.43167199446790605,-0.10592054210274161,-0.06373032186685228,0.7089421694554453,0.9771896150507271,1.0365472656834214,0.6633211977483757,0.30084790032566083,-1.0315198787992028,0.33011822226592985,1.5267273459822837,-0.023712180906631925,-0.0843693708310462,-0.2168943304382987,-0.1319510646468539,-0.564618404666536,-0.30298911170375264,-0.15175964533398406,-0.09226553927193881,0.4858454491420866,-0.08106098115864031,-0.2805277806612867,-0.22627863063810233,-0.16789457412041106,-0.1194957411143004,-0.1711534724157458,-0.29331703309012197,-0.23830992649976981,-0.18547173453098575,-0.1232948716050105,-0.15309097023168255,-0.5050960467941736,-0.37480892271714966,-0.017063153084473304,-0.10483715931059572,0.740503729226324,0.0217180465419923,0.46773869417031827,0.39163431055936476,0.9873709912148237,-0.32591594717760985,-0.17209669465060531,-0.24492650498741353,-0.6185677000086734,0.6537737914330416,-0.18930868335981096,1.5843502981153275,0.9228521328028777,0.6344284053650777,-0.14483772503663514,0.9656142726965328,-0.1979483883094107,0.11236630028712011,0.34129385961206593,-0.2644661260348411,0.5112483125120043,-0.6007614747819576,-0.21481380921463875,-0.987183684192504,0.22889930393769703,-0.1986545738308357,0.27348922665532394,-0.14677392660237995,0.6646596310545767,5,1,13,4,2,30,13,7,6,7
IE_032,52.396,-7.837,True,-3.4008727753532986,0.2769266383643916,-0.38174875448515366,0.07990878128468042,0.2110637398107834,-0.08865489283971979,-0.45993696989005883,-0.08501967357851525,0.07483389364163652,-0.7593607380660778,0.3568808648325265,0.004901271960871549,-0.49544014667398256,-0.38323133756016786,0.12507660055475964,-0.2396145932708958,-0.27154299707058693,-0.36182437339090406,-0.020387508029389156,-0.7994676681138623,1.2678321395917276,-0.059421035455516594,0.11616556326514978,-0.20462171685409192,0.37258171164357795,0.8784800703860187,0.32494055286413653,0.25251086844999443,0.33288134634830296,-0.0843693708310462,-0.2168943304382987,-0.47053053508362536,-0.564618404666536,-0.30298911170375264,-0.36104957026694745,-0.09226553927193881,1.3506483280475268,-0.1889406451384228,-0.2805277806612867,-0.22627863063810233,-0.16789457412041106,-0.1194957411143004,-0.1711534724157458,-0.29331703309012197,0.5973545558188034,-0.18547173453098575,-0.1232948716050105,-0.15309097023168255,-0.5050960467941736,-0.22233988498851615,-0.6013055146968422,0.20701307107162814,1.488875856992243,-0.36558711679020406,-0.23882187443519778,0.5793381010626214,0.398798868317965,-0.0011382396292582732,0.8801516669273817,-0.24492650498741353,1.2696341585195547,0.17549497378112155,-0.15497334216984407,-0.9964372474350444,-0.6193170352614482,0.2268076647199007,0.008612114760912193,2.0326772560492268,2.1309738966553313,1.5674972213374658,1.231597849173052,-0.2644661260348411,0.5112483125120043,-0.6007614747819576,-0.21481380921463875,-0.987183684192504,0.22889930393769703,-0.1986545738308357,0.27348922665532394,-0.14677392660237995,0.6646596310545767,5,1,13,4,1,30,13,7,6,7
IE_033,52.396,-7.837,True,-3.4008727753532986,0.26657019958682765,-0.46148653965304776,0.1361701073719178,0.5972457598735862,0.05883583444028204,-0.4937256796588461,-0.19580103907946045,-0.20013773206222074,-0.1698321833418129,-0.060490864716297874,-0.03543996648630222,-0.27169703929885597,-0.30676697337838826,-0.16136251343202884,0.00023188509026261952,-0.4541683627317544,-0.5462471548914196,-0.27768568100017604,-0.056542103156435354,0.98798694398899,0.9006266321816427,0.5629686866862894,-0.17127441965951443,0.17840950019887386,-0.10806453706328846,-0.02341559548270801,1.557140381967176,0.9099108665200073,-0.0843693708310462,-0.2168943304382987,-0.47053053508362536,-0.564618404666536,-0.30298911170375264,-0.36104957026694745,-0.09226553927193881,-0.09068980346154015,0.7819763306796196,-0.2805277806612867,-0.22627863063810233,-0.16789457412041106,-0.1194957411143004,-0.1711534724157458,-0.29331703309012197,0.8252630509965964,-0.18547173453098575,-0.1232948716050105,-0.15309097023168255,0.026649391719923816,-0.11145331209496444,-0.017063153084473304,0.1461642456311942,1.1146897931092834,-0.11912019466971548,0.23221850463514626,-0.17147706095040494,0.398798868317965,-0.32591594717760985,-0.17209669465060531,-0.24492650498741353,-0.6185677000086734,-0.5750348631495839,-0.7627691186729423,1.5843502981153275,1.1255336977995296,0.7423280131829187,-0.2288896659846237,0.04501091450989493,-0.33525431880648754,0.5600988913795342,0.6592880336652692,-0.2644661260348411,0.5112483125120043,-0.6007614747819576,-0.21481380921463875,-0.987183684192504,0.22889930393769703,-0.1986545738308357,0.27348922665532394,-0.14677392660237995,0.6646596310545767,5,1,13,4,2,4,13,7,6,7
IE_039,52.939,-7.287,True,0.466425029660814,0.5965238947444538,-0.17055166244916695,-0.2386270336364366,0.7329313344902468,-1.5451258247298243,-0.03757809778023965,-0.41736377008135067,-0.49890497922121957,-0.9174227418689604,0.004723468025705948,-0.27748739716934484,-0.7071970161540132,-0.3299379928274124,-0.808088325480325,-1.5877172130249928,-0.04117522881631588,-0.12918930412925972,-0.020681620868076695,0.7608608670440301,-0.3163213517974955,0.6917927145169902,0.24380315219387877,-0.23871512529672692,0.47589876617529486,-0.7488053916638246,-1.0225675521698918,0.5664013024841114,-0.4806436363201029,-0.0843693708310462,-0.2168943304382987,-0.1319510646468539,1.093647197118526,-0.30298911170375264,-0.15175964533398406,-0.09226553927193881,0.19757782284027323,-0.1889406451384228,-0.2805277806612867,-0.22627863063810233,-0.12122084216176211,-0.1194957411143004,-0.1711534724157458,0.5932626996964049,-0.16234042810717228,-0.18547173453098575,-0.1232948716050105,-0.15309097023168255,0.026649391719923816,-0.15303577693004639,1.1514215701402646,-0.1808981911111381,0.740503729226324,0.26818496866248087,0.46773869417031827,-0.5468846419569181,-0.7783453774757525,0.08005618725782962,-0.17209669465060531,-0.24492650498741353,-0.6185677000086734,0.146062431156388,-0.6522334150175225,-0.35124036104745143,-1.1966664247458223,-0.8162218775192288,-0.7095498395810479,0.07639511990262123,-0.06882290351751101,-0.4298098842388501,-0.9194454484951077,-0.0025692589461458865,0.07199631164510671,-0.10486850082815038,0.2579375601532775,-0.7731341754917024,1.6416777734141703,0.4277813980433051,0.5349500036916166,0.5710084074744625,1.4273119909676752,5,1,8,2,2,30,15,7,6,4
IE_040,52.939,-7.287,True,0.466425029660814,0.5680761994820306,0.031088437960770897,-0.34919892112917506,0.419810777682569,-1.655743870189833,0.04689367664172618,-0.46949617737591304,-0.522700600676361,-0.43896478441158604,-0.15179093055510323,-0.3581698740636924,-0.46347684562039315,-0.40176815311938713,-0.8796981039770221,-1.3065178935670831,0.25638159835765834,0.1712961050208949,0.5021154372997212,-0.5370625486837853,-0.570286172175803,-0.28687560542856577,-0.0939055203937105,0.14520544343550706,0.408515662357444,-0.5223659977328493,0.8847228696456604,-0.7998514045165663,-1.4533407004260608,-0.0843693708310462,-0.2168943304382987,-0.1319510646468539,2.396570169949646,-0.30298911170375264,0.05753027959897934,-0.09226553927193881,-0.3789574297633535,-0.1889406451384228,-0.2805277806612867,-0.22627863063810233,-0.16789457412041106,-0.1194957411143004,-0.1711534724157458,-0.29331703309012197,-0.23830992649976981,-0.18547173453098575,-0.1232948716050105,-0.15309097023168255,1.0901402687481185,-0.0282883824248007,-0.017063153084473304,-0.17329208793108386,-0.3820544624225545,-0.400796677093131,-0.4743420639703698,-0.5468846419569181,-0.7783453774757525,-0.40711037406469774,-0.6982208754395988,-0.24492650498741353,-0.6185677000086734,1.5992942232526066,1.8470179989679625,-0.9964372474350444,-1.228595712382281,-0.7502832282972148,-0.5752717387982857,-0.8232854346888657,-0.30907945494481653,0.39919499145569787,1.0461012476420166,-0.0025692589461458865,0.07199631164510671,-0.10486850082815038,0.2579375601532775,-0.7731341754917024,1.6416777734141703,0.4277813980433051,0.5349500036916166,0.5710084074744625,1.4273119909676752,5,1,18,2,0,30,15,7,6,4
IE_041,52.939,-7.287,True,0.466425029660814,0.7620088675586684,-0.22265764791584486,-0.301805659360598,0.701619278809479,-1.1395263247097924,-0.003789388011452362,-0.23490034455038222,-0.20278169000168095,0.6973728645496784,0.13515213350971358,-0.418681731734453,-0.6033162877298472,-0.42030496867860645,0.48312549303824537,-0.93434232369632,0.28096733125890766,0.19612381299268655,0.8036015789099158,-0.7892581051384661,1.4480235639648593,0.8653381173140092,0.5629686866862894,0.12180590130370798,0.7136940433567655,-0.13816445899299828,0.5377940482246724,1.0481267321024381,0.06398632385381818,-0.0843693708310462,-0.2168943304382987,-0.47053053508362536,0.027619310256700412,-0.30298911170375264,-0.36104957026694745,-0.09226553927193881,0.19757782284027323,-0.1889406451384228,-0.2805277806612867,-0.22627863063810233,-0.16789457412041106,-0.1194957411143004,-0.1711534724157458,-0.29331703309012197,-0.16234042810717228,-0.18547173453098575,-0.1232948716050105,-0.15309097023168255,-0.5050960467941736,-0.34708727949376167,-0.3091843338906578,0.12334593609103149,1.488875856992243,-0.3303775564872771,-0.003301684900025763,0.2039305200561082,0.398798868317965,0.3236394679190933,0.3540274861383882,-0.24492650498741353,0.6461955289172611,1.2203502369591623,1.4601129174536513,0.2939565253401415,-1.4633608127817515,0.9461383835055073,-0.08584191824658355,-0.854669640081592,-0.2989323711570322,-1.5736267380452518,-2.1012042487108715,-0.0025692589461458865,0.07199631164510671,-0.10486850082815038,0.2579375601532775,-0.7731341754917024,1.6416777734141703,0.4277813980433051,0.5349500036916166,0.5710084074744625,1.4273119909676752,5,1,18,3,2,28,15,7,6,4
IE_042,52.937,-7.175,True,0.466425029660814,0.5084747877282855,-0.4946801490937902,0.01673270915794715,0.5972457598735862,-1.0842173019797883,-0.2909934210461321,-0.24141689546220252,-0.47775331570553825,-1.0028616628434917,0.017766334574106667,-0.418681731734453,-0.671238302468725,-0.417987866733704,-0.9826371605660242,-1.6373406223410947,-0.15245821293347467,-0.24156754572928757,-0.03651265986497306,-0.7892581051378044,-1.2022052999013864,0.5422876654116217,1.1329208949275562,-0.7091131062364464,0.2528500279865032,-0.10014920710484883,-0.5523484325613317,1.3054028598444152,-0.4851452378579397,-0.0843693708310462,-0.2168943304382987,-0.47053053508362536,0.8567521111492312,-0.30298911170375264,-0.36104957026694745,-0.09226553927193881,-0.3789574297633535,-0.1889406451384228,-0.2805277806612867,-0.22627863063810233,-0.16789457412041106,-0.1194957411143004,-0.1711534724157458,-0.29331703309012197,-0.23830992649976981,-0.18547173453098575,-0.1232948716050105,-0.15309097023168255,0.026649391719923816,-0.27778317143529196,-0.6013055146968422,-0.3102019451720602,-1.5046126540714329,-0.013491513760934644,0.23221850463514626,0.39163431055936476,0.398798868317965,0.08005618725782962,-0.17209669465060531,-0.24492650498741353,-0.6185677000086734,0.24171819468677203,0.3286730690832159,-0.35124036104745143,-0.407997595348653,-0.9361103306501632,-0.27156102173238306,-0.3263688493040328,0.5857985265266145,-0.5067639233328588,-0.6571998771361941,0.005395253066260334,0.36667978316669775,-0.5522094581851387,0.041546624044217856,0.6154416557610826,-0.8053936660978869,-0.9153867020075259,-0.6106002855956718,4.606519060208897,-0.5119230111981801,5,1,13,2,1,30,2,7,6,4
IE_043,52.937,-7.175,True,0.466425029660814,0.6468017804474312,-0.41446789274629936,-0.11407807926409855,0.665088547181916,-1.1763990065297942,-0.24031035639295353,-0.15670173360853853,-0.38257082988497226,-0.9729580405024058,-0.008319398522694886,-0.25731677794575797,-0.6432704140468342,-0.3531090122764365,-0.8215151589484556,-1.7448580091926487,0.08100962123766214,-0.00580189941360973,0.08683437314387307,-0.9611474136343845,-1.2022052999013864,1.2284226903213231,0.2980373561029947,-0.3607999447602692,0.5348587957493462,0.38426512527972634,0.16149794886266816,1.2240389485759375,-0.18703531194537187,-0.0843693708310462,-0.2168943304382987,-0.47053053508362536,0.38296193921064214,-0.30298911170375264,-0.36104957026694745,-0.09226553927193881,-0.3789574297633535,-0.1889406451384228,-0.2805277806612867,-0.22627863063810233,-0.16789457412041106,-0.1194957411143004,-0.1711534724157458,-0.29331703309012197,0.29347656224841323,-0.18547173453098575,-0.1232948716050105,-0.15309097023168255,-0.5050960467941736,-0.250061528211904,-0.6013055146968422,-0.3102019451720602,-1.5046126540714329,-0.4360062373960579,-0.7098622535055418,-0.5468846419569181,-0.7783453774757525,-0.40711037406469774,-0.6982208754395988,-0.24492650498741353,-0.6185677000086734,0.9701736246489272,1.0712802378374473,-0.35124036104745143,0.12446569412504706,-1.0859708970638313,-0.9647048057560395,-0.16944782234040137,1.2728150340422206,0.6510445739451808,0.03274387343487881,0.005395253066260334,0.36667978316669775,-0.5522094581851387,0.041546624044217856,0.6154416557610826,-0.8053936660978869,-0.9153867020075259,-0.6106002855956718,4.606519060208897,-0.5119230111981801,5,1,13,2,2,30,2,7,6,4
IE_044,52.937,-7.175,True,0.466425029660814,1.1077802912612005,-0.226809856593826,-0.49981063644281293,0.8216488255857558,-1.3515442451748074,-0.1220498722022021,-0.3587148118749679,-0.49890497922121957,-0.9558702563074996,-0.04744799816789715,-0.418681731734453,-0.6272887635200394,-0.1607895508495364,-1.058722550218765,-1.6538817587797952,0.30829923684814997,0.22372472173955604,0.494885385923209,-0.6075025097382496,-1.2022052999013864,1.3053792175272954,-0.12751668988719347,0.014627485170921915,0.558991273059925,0.8581476840331821,0.8131034776140735,-2.3076676153118436,-1.0211956357073129,-0.0843693708310462,-0.2168943304382987,-0.47053053508362536,1.212094740103173,-0.30298911170375264,-0.15175964533398406,-0.09226553927193881,-0.09068980346154015,-0.1889406451384228,-0.2805277806612867,-0.22627863063810233,-0.16789457412041106,-0.1194957411143004,-0.1711534724157458,-0.29331703309012197,-0.23830992649976981,-0.18547173453098575,-0.1232948716050105,-0.15309097023168255,-0.5050960467941736,-0.22233988498851615,-0.3091843338906578,-0.3102019451720602,-1.5046126540714329,-0.4360062373960579,-0.7098622535055418,-0.5468846419569181,-0.7783453774757525,-0.32591594717760985,-0.17209669465060531,-0.24492650498741353,-0.6185677000086734,1.8678661747033003,1.7722030976382452,-0.35124036104745143,-0.3938068008435602,-1.6614354720923163,-0.31924360431172977,0.6151573124777558,0.12764231913877572,0.8154463847369267,0.5759241474347803,0.005395253066260334,0.36667978316669775,-0.5522094581851387,0.041546624044217856,0.6154416557610826,-0.8053936660978869,-0.9153867020075259,-0.6106002855956718,4.606519060208897,-0.5119230111981801,5,1,13,2,0,30,2,7,6,4
IE_045,53.0,-6.176,True,0.466425029660814,0.9951341412579333,-0.9599955318615266,0.027616792020475598,0.9260223445216486,-1.406853267904812,-0.24031035639295184,0.8794298613708893,-0.15519044709139795,-0.6952815473351796,-0.6343769928459315,-0.33799925484010546,-0.6472658266785329,0.07092064364070466,-0.09870395724741891,-1.3809530075412355,0.47232204982631965,0.3893618625028833,0.7613443760424999,0.4267836500191857,-1.2022052999013864,1.0572763335840687,-0.7136934512833535,0.09919051129610493,0.6086408046068656,0.6553185277506863,0.24962525861161955,0.56298361800408,0.5214538659739604,-0.0843693708310462,-0.2168943304382987,2.5766846988473175,-0.0908282327279469,-0.30298911170375264,-0.15175964533398406,-0.09226553927193881,-0.09068980346154015,-0.1889406451384228,-0.2805277806612867,-0.22627863063810233,-0.16789457412041106,-0.1194957411143004,-0.1711534724157458,-0.29331703309012197,0.3694460606410107,-0.18547173453098575,-0.1232948716050105,-0.08599119014037673,-0.5050960467941736,-0.12531413370665845,0.5671792085278956,-0.24935311973162627,-0.756240526305514,-0.15432975497264242,0.46773869417031827,-0.5468846419569181,-0.7783453774757525,-0.40711037406469774,-0.6982208754395988,1.1976681390668937,-0.6185677000086734,0.2012484485777634,0.9577326621478199,-2.28683102021023,-1.4985293035117642,-0.6663613111055607,-0.35360087917981,-0.4937512780652397,-0.10588153969953908,0.021420617721473495,-0.904143473202322,-0.6110259199209147,0.7447593229389691,-0.7349489420880464,0.12548515675679336,0.23923952948353172,-0.17282574530417336,-1.2021463335417124,0.32186768513206815,0.28476835310742565,-0.03825569563004926,5,1,4,2,1,30,15,7,6,9
IE_046,53.0,-6.176,True,0.466425029660814,1.3042175322585652,-0.8523743726895562,-0.21954307285620442,0.7538060382774254,-1.12108998379979,-0.22341600150856256,0.7360657413108427,-0.10231128830219462,-0.8533435511380622,-0.6343769928459315,-0.33799925484010546,-0.6672428898370263,0.10799427475914325,0.2145888236756311,-1.3396001664444843,0.13862318144823393,0.05237869881661944,0.4593277949794343,0.4910845304977312,-1.2022052999013864,1.0150890094856186,0.24380315219295776,-1.0901688664612934,0.40209541769222107,0.2729006846587224,0.8991440149217618,0.79138316533866,-0.3728549311948821,-0.0843693708310462,-0.2168943304382987,2.915264169284089,-0.0908282327279469,-0.30298911170375264,0.05753027959897934,-0.09226553927193881,0.7741130754439,-0.08106098115864031,-0.2805277806612867,-0.22627863063810233,-0.16789457412041106,-0.1194957411143004,-0.1711534724157458,-0.29331703309012197,0.2175070638558156,-0.18547173453098575,-0.1232948716050105,-0.15309097023168255,-0.5050960467941736,-0.08373166887157656,0.5671792085278956,-0.272171429271789,-1.1304265901884734,-0.04870107406386159,0.46773869417031827,0.2039305200561082,0.9873709912148237,-0.08233266651634617,0.3540274861383882,-0.24492650498741353,0.7587261763467392,1.3160060004895464,1.0108620848312424,-1.6416341338226372,0.2892023085972115,0.3946514991032089,-0.5884451911510192,-0.9383608544621954,0.15562367140205982,0.29075975455050385,0.6010687995434986,-0.6110259199209147,0.7447593229389691,-0.7349489420880464,0.12548515675679336,0.23923952948353172,-0.17282574530417336,-1.2021463335417124,0.32186768513206815,0.28476835310742565,-0.03825569563004926,5,1,4,2,2,30,15,7,6,9
IE_047,53.0,-6.176,True,0.466425029660814,1.2551176954686112,-0.7672572355554059,-0.2446971495818235,0.5763710560864088,-1.397635097449811,-0.2909934210461305,0.6969664358399208,-0.20806960588060128,-0.7679046301635309,-0.6343769928459315,-0.6607291624174956,-0.6912153656272184,-0.012495026375782158,-0.09870395724741891,-1.3892235757605857,0.42722162351378307,0.34381755359867044,0.7208213613728999,0.22233599146157149,-1.2022052999013864,0.16973563447201384,1.300649004639271,-0.050673156274645206,0.4888667856481839,-0.37867723016138854,0.9630885625071595,-1.5339611415971188,-1.04395196966625,-0.0843693708310462,-0.2168943304382987,1.5609462875370033,-0.3277233186972414,-0.30298911170375264,-0.15175964533398406,-0.09226553927193881,-0.09068980346154015,-0.1889406451384228,-0.2805277806612867,-0.22627863063810233,-0.16789457412041106,-0.1194957411143004,-0.1711534724157458,-0.29331703309012197,0.06556806707062045,-0.18547173453098575,-0.1232948716050105,-0.15309097023168255,-0.5050960467941736,-0.26392234982359797,0.2750580277217112,-0.29498973881195173,-1.1304265901884734,-0.3303775564872771,-0.4743420639703698,-0.17147706095040494,0.398798868317965,-0.32591594717760985,-0.17209669465060531,-0.24492650498741353,-0.6185677000086734,1.5845779519402399,1.053751142598359,-0.35124036104745143,-1.0509022855359016,-0.5404784353180796,-0.6355583161358674,0.02408811091474407,-0.05225702051548429,0.8259401173406551,1.1622607736276165,-0.6110259199209147,0.7447593229389691,-0.7349489420880464,0.12548515675679336,0.23923952948353172,-0.17282574530417336,-1.2021463335417124,0.32186768513206815,0.28476835310742565,-0.03825569563004926,5,1,4,2,0,30,15,7,6,9
IE_048,53.343,-6.739,True,0.466425029660814,0.45808079730419615,-0.3905914211141874,-0.019626760302904035,0.6494325193415327,-0.5956542678647498,-0.5106200345432373,-0.39129756643406943,-0.11288712006003523,-0.9345105260638666,-0.09961946436150025,-0.15646368182782353,-0.659252064573629,-0.146886939180122,0.17207051769321702,-1.6290700541217444,-0.27754439065797476,-0.3678848332523173,-0.20812136683764737,1.6730175243844003,-1.2022052999013864,1.026606242601192,2.26854340374479,0.4694403119610658,0.4136898721300821,0.900134380557495,1.1386578818036417,0.5371897768732972,0.9706871718446227,-0.0843693708310462,-0.2168943304382987,1.5609462875370033,0.6198570251799368,-0.30298911170375264,1.7318496790626867,-0.09226553927193881,1.9271835806511535,1.8607729704774443,2.1029142068926725,-0.22627863063810233,-0.16789457412041106,0.07625895599052447,-0.1711534724157458,0.5932626996964049,0.3694460606410107,-0.18547173453098575,-0.1232948716050105,-0.15309097023168255,0.026649391719923816,0.5261444820429576,1.7356639317526334,-0.3102019451720602,-1.5046126540714329,0.7259092526005312,0.7032588837054903,0.39163431055936476,1.5759431141116824,-0.0011382396292582732,-0.17209669465060531,-0.24492650498741353,-0.6185677000086734,1.3785501535671052,1.2834365039270323,-0.35124036104745143,-0.6509378273651877,0.13089690221515315,-0.46612569985272695,-0.16421712144161366,-0.26254636363517925,0.08438301334384422,0.2557382842120374,-0.6046636845566901,0.8686181779994604,-0.9248536235842227,-0.14033112225201572,0.04386973634511613,0.6156683516038496,-0.7212976361451482,0.2520593495601905,-0.31535251436376743,1.745233710711357,5,1,4,2,1,30,10,7,6,7
IE_049,52.764,-6.483,True,0.466425029660814,0.09142945671141517,1.1535688505749653,-0.7800511607860457,0.44068548146974756,-0.4481635405847385,-0.5950918089652013,0.5666354176035148,-0.41694228309795445,-0.7380010078224452,-0.008319398522694886,-0.418681731734453,-0.5993208750981486,0.4161688334311638,-1.02739327212646,-1.9350810782377053,0.4523599511984277,0.36920329504312616,0.055798921110132654,1.566482553376743,-1.2022052999013864,1.1579685967373083,0.24380315219295776,0.143954296377544,0.31077893632776665,0.20747617263399482,0.07616113475306459,1.6996037657087923,-0.5307038161614848,-0.0843693708310462,-0.2168943304382987,1.899525757973775,0.264514396225995,-0.30298911170375264,-0.15175964533398406,-0.09226553927193881,9.998677117101929,0.02681868282114216,-0.2805277806612867,0.07841620627587534,-0.16789457412041106,-0.1194957411143004,-0.1711534724157458,-0.29331703309012197,1.3570495397447793,-0.18547173453098575,-0.1232948716050105,-0.15309097023168255,-0.5050960467941736,0.5815877684897334,0.8593003893340802,-0.3102019451720602,-1.5046126540714329,0.8315379335093119,0.23221850463514626,-0.3591808514536615,-0.18977325457889377,0.08005618725782962,-0.17209669465060531,1.1976681390668937,-0.6185677000086734,0.4109553147789899,0.8274390779479982,0.2939565253401415,-0.2693288533912786,-0.8401995681454156,-0.49338373670939173,-0.9122073499682569,-0.3623964867413627,-0.1429811930702723,0.040873047809171226,0.1716136678524848,-0.09574079419443357,0.038193504926072416,-0.09507525326311654,0.09160777991027776,0.006108301468777413,-0.40908940419249895,0.35882507525233165,0.13014360493595065,0.06051947321536161,5,1,4,2,1,30,10,7,6,2
IE_050,53.017,-7.114,True,0.466425029660814,-0.5640537999062295,-0.6434373663621845,0.7327797404480694,0.5972457598735862,-0.6509632905947541,-0.6964579382715584,-0.43691342281681156,-0.5438522641920424,-0.8960630116253278,0.161237866606515,-0.4590229701816268,-0.6952107782589171,-0.28591305587426663,-0.22625887519466076,-0.38848482121920075,-0.1430645820057608,-0.23208146181204875,-0.02648112623645407,1.5741059626154141,1.1333821164718412,0.9266014667045351,2.1608762554678753,-0.44888009205975654,0.27445450797819443,0.26947269083429914,0.7837458849984053,0.26986172793434093,0.14810863628219587,-0.0843693708310462,-0.2168943304382987,1.222366817100232,0.5014094821952895,-0.30298911170375264,1.3132698291967597,-0.09226553927193881,-0.09068980346154015,1.5371339785380969,-0.2805277806612867,-0.22627863063810233,-0.16789457412041106,0.04363317313972034,-0.1711534724157458,-0.29331703309012197,0.29347656224841323,4.596570577472742,-0.1232948716050105,-0.15309097023168255,-0.5050960467941736,0.26278887142077234,1.1514215701402646,0.3667412378527671,1.8630619208752024,-0.04870107406386159,0.23221850463514626,0.39163431055936476,1.5759431141116824,-0.24472152029052197,-0.17209669465060531,-0.24492650498741353,-0.6185677000086734,0.7126388766825087,1.1603714126093088,0.2939565253401415,-0.35894680564626696,0.08294152096277939,0.11324045679011567,0.3170073612468561,-0.1440484116740461,0.1613370524378529,-0.42021850456797355,0.2338555120739689,0.06648430212996295,-0.2441896042977021,-0.2808368816261165,0.09282761067732082,0.5847057979707088,0.42789829850458644,-0.1379179705448111,-0.6393496786262345,0.21902291244162883,5,1,13,2,1,30,13,7,6,7
IL_001,32.716,35.188,True,0.466425029660814,0.08254900032301594,1.3196918867440355,-0.8795926826844148,0.33631196253385476,-0.7615813360547624,0.4692525487515475,-0.3196155064040461,0.21496366443302536,1.0647602247401626,0.004723468025705948,0.7310435640099994,0.25569742808537116,-0.575550798987068,0.035564377433888225,1.3731462095024107,-0.6692427513829361,-0.6637115065598732,-0.5370388052454144,3.0389244499156445,-1.1116442625198673,-0.9841801882250418,-0.7136934512833535,1.042273971737456,-0.203330476373045,0.374137724816818,0.895470797689417,-0.6275077850909848,-1.140155061592158,0.4435559320298862,2.1777085954669073,0.03733867057153182,-0.3869470901895651,0.12298047050101955,0.2668202045319428,-0.04996879450233996,0.4858454491420866,-0.027121149168749067,1.5070537100041828,0.23076362473286416,-0.09788397618243763,-0.07055706683809418,0.21883953305331832,1.0365525660896684,-0.12435567891087347,6.987591733474607,5.696948332102103,-0.052441300094723815,0.29252211097697256,0.2281368173915375,4.9489969206206625,-0.1808981911111381,-0.007868398539594996,-0.4360062373960579,-0.7098622535055418,-0.5468846419569181,-0.7783453774757525,-0.32591594717760985,-0.17209669465060531,0.2359383763640222,-0.6185677000086734,1.1835595586782455,1.7964787862339586,0.2939565253401415,1.1875412998761308,-1.523563750991742,-0.37284854587386157,-1.074359077830676,-0.4623491056433824,-1.3427646207632258,-0.8960142988280295,0.16121668520217625,-0.10355156222327933,0.04318974825727647,0.12548515675679336,-0.21162546105778862,-0.17282574530417336,0.13726520168596693,-0.022041395814694158,-0.15481517230185718,0.0014764575181038836,6,6,6,0,1,1,13,7,6,4
IL_002,32.715,35.187,True,0.466425029660814,0.3526225109347705,1.269417335572964,-1.0046093587340492,-1.719846360503232,-0.623308779229752,0.4861469036359401,-0.2935493027567649,0.13564492624922037,1.5175865059051772,-0.12570519745830175,0.6301904678920649,0.9149405123156553,-0.5709165950972631,0.05794243321410608,1.3483345048443596,-0.6273724363826656,-0.6300926153838781,-0.46587061568619487,1.8360400753539816,-1.1219531253969763,0.9197268007065921,0.5629686866862894,0.48845807254610846,-0.009720361782002196,1.4249080247276056,0.9342429749415072,-0.7517226195815054,0.22862296112371103,-0.0843693708310462,-0.2168943304382987,-0.47053053508362536,-0.564618404666536,0.8329297741756398,0.05753027959897934,-0.09226553927193881,1.3506483280475268,0.674096666699837,-0.2805277806612867,0.07841620627587534,-0.16789457412041106,-0.1194957411143004,0.08884186456363026,5.912741096415567,-0.23830992649976981,-0.18547173453098575,-0.1232948716050105,-0.15309097023168255,1.0901402687481185,-0.0005667392014128108,1.4435427509464491,-0.1808981911111381,-0.007868398539594996,-0.08391063436678853,0.7032588837054903,0.5793381010626214,0.398798868317965,-0.40711037406469774,-0.6982208754395988,-0.24492650498741353,-0.6185677000086734,1.404303628363747,1.615645989300133,0.2939565253401415,-1.2955392429823929,-0.40860113687405175,-0.4033714729389848,-0.9488222562597709,-0.43447024917593446,-0.8670487427275357,-0.8925872939447494,0.16121668520217625,-0.10355156222327933,0.04318974825727647,0.12548515675679336,-0.21162546105778862,-0.17282574530417336,0.13726520168596693,-0.022041395814694158,-0.15481517230185718,0.0014764575181038836,6,6,6,0,2,1,13,7,6,4
IL_003,32.715,35.186,True,0.466425029660814,-0.01995773442699213,0.23233175202993098,-0.13484038994148162,0.33631196253385476,-0.6786178019597563,0.5030412585203331,-0.21535069181492128,0.05632618806541538,1.5304023440513572,0.05689493421930893,0.6301904678920649,2.14952301551055,-0.6473809592790426,0.08032048899432394,1.3400639366250096,-0.6446091702492202,-0.6876278160532323,-0.48974591851825405,0.4339420337023176,-1.2022052999013864,-0.9841801882250418,-0.7136934512833535,-0.27821208561871225,0.8238213794329802,0.9874312962773802,0.9129141304198395,-0.2885044749974056,-0.36259414744365903,-0.0843693708310462,-0.2168943304382987,-0.47053053508362536,-0.564618404666536,-0.019009390233904522,-0.15175964533398406,-0.09226553927193881,-0.09068980346154015,-0.1889406451384228,-0.2805277806612867,0.38311104318985295,-0.16789457412041106,-0.1194957411143004,-0.1711534724157458,2.3664221652694586,-0.23830992649976981,-0.18547173453098575,-0.1232948716050105,-0.15309097023168255,0.026649391719923816,-0.3332264578820678,0.5671792085278956,-0.1808981911111381,-0.007868398539594996,-0.36558711679020406,-0.4743420639703698,-0.3591808514536615,-0.18977325457889377,-0.40711037406469774,-0.6982208754395988,-0.24492650498741353,-0.6185677000086734,1.956163802577501,1.4774613003706873,0.2939565253401415,0.05783065905765471,-2.782392508866553,-2.6607013775313066,-0.7500556221058378,-0.36656678443444835,-0.7481197732186132,-1.8930336264985992,0.16121668520217625,-0.10355156222327933,0.04318974825727647,0.12548515675679336,-0.21162546105778862,-0.17282574530417336,0.13726520168596693,-0.022041395814694158,-0.15481517230185718,0.0014764575181038836,6,6,6,0,0,1,13,7,6,4
IL_004,31.378,34.71,True,0.466425029660814,-0.2032279304437865,-0.017123318355786322,0.12870736472124222,-0.6030497078891799,-0.6509632905947538,-0.8991901968842726,-0.4955623810231943,-0.31118396551954774,8.288620993136773,0.5916524627037403,-0.13629306260423663,0.17578917545139738,-0.6473809592790426,-0.7096248800473663,1.4972047327926645,-0.6732182346121727,-0.3652329253925523,-0.5050145179085069,1.385672362459701,-1.2022052999013864,-0.23394331719026829,-0.7136934512833535,1.019150882439971,0.05574467989769534,0.9379940925422201,1.2840557166705404,0.8479946756268301,0.6692589982505168,-0.0843693708310462,-0.2168943304382987,-0.47053053508362536,5.23931120158118,-0.019009390233904522,3.824748928392321,-0.09226553927193881,0.4858454491420866,-0.1889406451384228,2.1029142068926725,0.38311104318985295,-0.16789457412041106,0.04363317313972034,4.5087625932130235,-0.29331703309012197,-0.16234042810717228,-0.18547173453098575,-0.1232948716050105,-0.15309097023168255,8.002830969431384,1.2884896706861255,2.027785112558818,-0.1808981911111381,-0.007868398539594996,-0.400796677093131,-0.4743420639703698,-0.5468846419569181,-0.7783453774757525,-0.40711037406469774,-0.6982208754395988,-0.24492650498741353,-0.6185677000086734,2.4565170271979713,2.3688549476147753,1.5843502981153275,-0.9330569920370873,-0.34865691030858453,-0.7241659178398445,0.0659337181050458,-0.3881421494579696,0.6930195043600946,1.1068708109792516,0.16121668520217625,-0.10355156222327933,0.04318974825727647,0.12548515675679336,-0.21162546105778862,-0.17282574530417336,0.13726520168596693,-0.022041395814694158,-0.15481517230185718,0.0014764575181038836,6,6,10,0,1,25,13,7,6,4
IL_005,31.376,34.714,True,0.466425029660814,-0.4648950489123931,0.49452106207542684,-0.041918069519208095,-2.10080970461924,0.12336302762530567,-1.1188168103813791,-0.5411782374059364,-0.2926762599433266,0.18473933870249146,0.22645219934851885,-0.1766343010514104,0.4674542975654019,-0.6612835709484571,-0.7230517135154971,1.4889341645733145,-0.7418673242689606,-0.3965467151177771,-0.6334292781002542,1.9519760131872839,-0.8518073795749798,-0.9841801882250418,1.776068453004716,-0.23231374100999932,-0.038334384499710654,0.8915666910868962,0.7575854322754646,1.0507379330162028,0.5499963711771921,-0.0843693708310462,-0.2168943304382987,-0.47053053508362536,-0.564618404666536,0.8329297741756398,3.406169078526394,-0.09226553927193881,0.7741130754439,0.02681868282114216,-0.2805277806612867,9.523956150609184,-0.16789457412041106,-0.08686995826349626,7.108715963006785,11.232219493134727,-0.23830992649976981,-0.18547173453098575,-0.1232948716050105,-0.15309097023168255,1.0901402687481185,1.0805773465107158,1.7356639317526334,-0.1808981911111381,-0.007868398539594996,-0.400796677093131,-0.4743420639703698,0.39163431055936476,0.9873709912148237,-0.40711037406469774,-0.6982208754395988,-0.24492650498741353,-0.6185677000086734,1.0731875238354947,1.632271522928959,0.2939565253401415,0.18215435874357655,0.10691921158896628,-0.18310527538693888,-2.1832676683736714,-0.4776978510698542,-1.8744470726854674,-0.2763639972581911,0.16121668520217625,-0.10355156222327933,0.04318974825727647,0.12548515675679336,-0.21162546105778862,-0.17282574530417336,0.13726520168596693,-0.022041395814694158,-0.15481517230185718,0.0014764575181038836,6,6,10,0,2,25,13,7,6,4
IL_006,31.37,34.711,True,0.466425029660814,-0.36581783522647154,0.14169064089134478,0.1229567057503893,0.33631196253385476,0.003526811710297394,-1.1526055201501648,-0.5020789319350145,-0.3006081337617071,1.8892458121443882,0.7090382616393472,-0.11612244338064975,1.5462157081240484,-0.6543322651137499,-0.6671065740649524,1.4558518916959133,-0.7376844504211885,-0.40457000564493106,-0.5883779519928897,0.18111373711147394,-0.7558953524293069,-0.9841801882250418,-0.7136934512833535,-0.32495317369576504,-0.1443033969902784,1.3761420974816279,1.189438015492721,0.2839886022322559,0.8369975115056467,-0.0843693708310462,-0.2168943304382987,-0.47053053508362536,0.5014094821952895,-0.30298911170375264,-0.15175964533398406,-0.09226553927193881,-0.3789574297633535,-0.1889406451384228,-0.2805277806612867,-0.22627863063810233,-0.16789457412041106,-0.1194957411143004,-0.1711534724157458,-0.29331703309012197,0.06556806707062045,-0.18547173453098575,-0.1232948716050105,-0.15309097023168255,0.026649391719923816,-0.1946182417651282,0.2750580277217112,-0.1808981911111381,-0.007868398539594996,-0.4360062373960579,-0.7098622535055418,-0.5468846419569181,-0.7783453774757525,-0.40711037406469774,-0.6982208754395988,-0.24492650498741353,-0.6185677000086734,1.441094306644664,1.3016884484543305,0.2939565253401415,-0.4150929926011994,-0.8042330322061353,-1.2507243735528533,-2.3401886953373032,-0.47628853387710635,-1.5176601641587,0.08785489382530239,0.16121668520217625,-0.10355156222327933,0.04318974825727647,0.12548515675679336,-0.21162546105778862,-0.17282574530417336,0.13726520168596693,-0.022041395814694158,-0.15481517230185718,0.0014764575181038836,6,6,10,0,0,25,13,7,6,4
IL_007,31.815,35.0,True,0.466425029660814,0.5614267864819459,0.526696506702795,-0.6576830575286441,0.33631196253385476,-0.16240025647971548,0.1313654510636906,-0.7627409684078266,0.08276576746001704,-0.07584937026982859,-0.6343769928459315,1.6387214290714094,-0.7271740793125067,-0.6728690806729691,0.12507660055475964,1.224275981554105,-0.48302602153253904,0.5640640277850086,-0.45622191455298683,-0.2509179295826485,-0.505718171599473,-0.9841801882250418,-0.7136934512833535,-0.05144381570038985,0.6247438062153896,0.7494003489056802,0.22907480642619552,-0.000992927536742036,0.07036715203432793,-0.0843693708310462,-0.2168943304382987,-0.47053053508362536,-0.564618404666536,-0.019009390233904522,-0.15175964533398406,-0.09226553927193881,0.19757782284027323,-0.1889406451384228,-0.2805277806612867,0.6878058801038307,-0.16789457412041106,-0.08686995826349626,-0.1711534724157458,8.572480294775147,-0.23830992649976981,-0.18547173453098575,-0.1232948716050105,-0.15309097023168255,-0.5050960467941736,-0.1946182417651282,0.8593003893340802,-0.1808981911111381,-0.007868398539594996,-0.4360062373960579,-0.7098622535055418,-0.5468846419569181,-0.7783453774757525,-0.40711037406469774,-0.6982208754395988,-0.24492650498741353,-0.6185677000086734,0.046727599797912286,-0.4285717977572645,0.2939565253401415,-1.0922406869203023,-0.12086884935980913,-0.19312772905011366,-1.8171186054585315,-0.4665898691961054,-2.1402882986465883,-2.0567328830162133,0.16121668520217625,-0.10355156222327933,0.04318974825727647,0.12548515675679336,-0.21162546105778862,-0.17282574530417336,0.13726520168596693,-0.022041395814694158,-0.15481517230185718,0.0014764575181038836,6,6,2,0,1,12,13,7,6,4
IL_008,31.815,34.998,True,0.466425029660814,-0.07535931940789796,1.341879203396732,-0.8019547950594578,0.33631196253385476,-0.10709123374971119,0.3003089999076186,-0.3456817100513273,0.13564492624922037,1.6713765636593336,-0.6343769928459315,0.448654894879783,0.19177082597819228,-0.6126244301055065,0.08032048899432394,1.4227696188185122,-0.6106439949439773,-0.4775156960340785,-0.5082300610570313,0.9950448415420362,-1.03679701945693,-0.9841801882250418,-0.7136934512833535,-0.5973089907682906,-1.0010229242422928,0.11191839639175608,0.5217370523987129,-0.9466915144710331,-0.6140232579369713,-0.0843693708310462,-0.2168943304382987,-0.47053053508362536,-0.564618404666536,-0.30298911170375264,1.9411396039956499,-0.09226553927193881,-0.3789574297633535,-0.1889406451384228,2.1029142068926725,0.07841620627587534,-0.16789457412041106,-0.1194957411143004,-0.1711534724157458,2.3664221652694586,-0.23830992649976981,-0.18547173453098575,-0.1232948716050105,-0.15309097023168255,0.026649391719923816,-0.0282883824248007,0.5671792085278956,-0.1808981911111381,-0.007868398539594996,-0.400796677093131,-0.4743420639703698,-0.5468846419569181,-0.7783453774757525,-0.40711037406469774,-0.6982208754395988,-0.24492650498741353,-0.6185677000086734,0.5581180279026576,-0.3854417902274114,0.2939565253401415,0.11027489961995425,-0.12086884935980913,-0.09054943436110503,-2.120499257588219,-0.4440920420100583,-3.0357534808314166,-0.9369789618514247,0.16121668520217625,-0.10355156222327933,0.04318974825727647,0.12548515675679336,-0.21162546105778862,-0.17282574530417336,0.13726520168596693,-0.022041395814694158,-0.15481517230185718,0.0014764575181038836,6,6,2,0,2,12,13,7,6,4
IL_009,31.815,34.999,True,0.466425029660814,0.0004765387374880937,1.4942806404292928,-0.9420023681792818,0.33631196253385476,0.10492668671530322,0.08068238641051206,-0.37826446461042884,0.13564492624922037,1.2484539048354044,0.12210926696131276,1.1747971869289109,-0.5713529866762578,-0.6682348767831644,0.035564377433888225,1.3814167777217607,-0.6012575889291134,-0.0022566440680208797,-0.46075629118673334,0.3132881380505347,-0.9006502933181119,-0.059421035455516594,-0.7136934512833535,-0.26512046855105237,0.7629419194991308,0.5730159565393489,0.22907480642619552,-0.000992927536742036,0.07036715203432793,-0.0843693708310462,-0.2168943304382987,-0.47053053508362536,-0.564618404666536,0.2649703312359436,0.05753027959897934,-0.09226553927193881,-0.3789574297633535,-0.1889406451384228,0.9111932131156929,-0.22627863063810233,-0.16789457412041106,-0.08686995826349626,-0.1711534724157458,0.5932626996964049,-0.23830992649976981,-0.18547173453098575,-0.1232948716050105,-0.15309097023168255,-0.5050960467941736,-0.3470872794937618,0.5671792085278956,-0.1808981911111381,-0.007868398539594996,-0.36558711679020406,-0.23882187443519778,-0.5468846419569181,-0.7783453774757525,-0.40711037406469774,-0.6982208754395988,-0.24492650498741353,-0.6185677000086734,0.046727599797912286,-0.4285717977572645,0.2939565253401415,0.28025593814834865,-0.12086884935980913,-0.19312772905011366,-2.633107945669415,-0.47799252648288326,-1.3567562642348636,-1.993293443781539,0.16121668520217625,-0.10355156222327933,0.04318974825727647,0.12548515675679336,-0.21162546105778862,-0.17282574530417336,0.13726520168596693,-0.022041395814694158,-0.15481517230185718,0.0014764575181038836,6,6,2,0,0,12,13,7,6,4
IL_010,31.865,34.761,True,0.466425029660814,-1.1386482071269648,-1.2253391508949578,1.4328943319786216,-0.43083340164495737,-0.0517822110197069,-0.64577487361838,-0.5867940937886785,-0.49626102128175936,-0.8020801985533434,-0.6343769928459315,-0.21697553949858417,-0.4035456561449128,-0.7215282215159198,-1.235509190882486,1.2160054133347549,-0.577832623580014,0.040196525058994265,-0.5823010306170158,-0.3167252218480023,-1.2022052999013864,-0.9841801882250418,-0.7136934512833535,-0.49807725519231255,0.020449374724883774,0.23641285151675515,1.002151454311305,-0.15889292138754552,0.46446732164046467,-0.0843693708310462,-0.2168943304382987,-0.47053053508362536,-0.564618404666536,-0.019009390233904522,-0.15175964533398406,-0.09226553927193881,-0.3789574297633535,-0.1889406451384228,-0.2805277806612867,11.656820009007028,-0.16789457412041106,-0.1194957411143004,-0.1711534724157458,-0.29331703309012197,-0.23830992649976981,-0.18547173453098575,-0.1232948716050105,-0.15309097023168255,1.0901402687481185,0.16576312013891467,0.2750580277217112,-0.1808981911111381,-0.007868398539594996,-0.4360062373960579,-0.7098622535055418,-0.5468846419569181,-0.7783453774757525,-0.40711037406469774,-0.6982208754395988,-0.24492650498741353,-0.6185677000086734,2.1327590583259024,1.3208439545918909,-0.9964372474350444,-0.5045566970898281,-0.02495808685506159,-0.7938675274064692,-2.2460360791591243,-0.46368155098925307,-2.2592172681555107,-0.9985056541745007,0.16121668520217625,-0.10355156222327933,0.04318974825727647,0.12548515675679336,-0.21162546105778862,-0.17282574530417336,0.13726520168596693,-0.022041395814694158,-0.15481517230185718,0.0014764575181038836,6,6,10,0,1,9,13,7,6,4
IL_011,31.862,34.76,True,0.466425029660814,0.12945874617606093,0.8030518256016081,-0.5812134103466767,-2.7948936055429265,-0.0978730632947115,-0.30788777593052336,-0.5020789319350145,0.24140324382762704,4.29435143757744,-0.21700526329710706,0.22677808342032726,7.027921838814652,-0.4596957017419474,0.7292841066206418,1.1829231404573537,-0.44427631842998166,-0.32520537438640973,-0.2933978797505377,0.3591581432571388,-1.0314047731000222,0.4029585409292461,0.5629686866862894,0.46402266384340757,0.15881851152178478,0.4697868784844362,0.3673264326246495,1.1996083633730152,-1.074403325437568,-0.0843693708310462,-0.2168943304382987,-0.47053053508362536,-0.564618404666536,-0.019009390233904522,0.05753027959897934,-0.06406770942553958,0.19757782284027323,-0.08106098115864031,-0.2805277806612867,0.07841620627587534,-0.16789457412041106,-0.1194957411143004,-0.1711534724157458,-0.29331703309012197,-0.23830992649976981,-0.18547173453098575,-0.1232948716050105,-0.15309097023168255,0.026649391719923816,-0.3193656362703738,1.1514215701402646,-0.1808981911111381,-0.007868398539594996,-0.25995843588142326,0.23221850463514626,-0.17147706095040494,0.398798868317965,-0.40711037406469774,-0.6982208754395988,-0.24492650498741353,-0.6185677000086734,0.21228565206203848,1.5489029050220922,-3.577224792985416,-2.733745416520278,0.21481881940680725,0.17436223859962857,-1.900809819839135,-0.4646040131517789,-1.3497604424990446,-1.0846589629844035,0.16121668520217625,-0.10355156222327933,0.04318974825727647,0.12548515675679336,-0.21162546105778862,-0.17282574530417336,0.13726520168596693,-0.022041395814694158,-0.15481517230185718,0.0014764575181038836,6,6,10,0,2,9,13,7,6,4
IL_012,31.862,34.762,True,0.466425029660814,-1.5438021144653664,-1.272397515912076,1.6976278586061648,-1.5789421099397765,0.09570851626030352,-0.35857084058370176,-0.5998271956123191,0.07483389364163652,-0.4047892160217736,-0.6343769928459315,-0.6607291624174956,0.3995322828265241,-0.740065037075139,-1.0922896338890917,1.249087686212156,-0.6973711544049038,-0.47789594702834337,-0.6086098669663643,1.2727134511606475,-0.30931591865435315,0.2908624670635167,-0.7136934512833535,-0.681801986709993,-0.06515965834281101,1.0653552430473308,0.270597209732271,3.6187401325903177,-0.20832359816105514,-0.0843693708310462,-0.2168943304382987,-0.47053053508362536,-0.44617086168188874,-0.30298911170375264,4.452618703191211,-0.09226553927193881,-0.3789574297633535,-0.1889406451384228,0.9111932131156929,5.8676181076414515,-0.16789457412041106,-0.1194957411143004,-0.1711534724157458,-0.29331703309012197,-0.23830992649976981,-0.18547173453098575,-0.1232948716050105,-0.15309097023168255,0.5583948302340213,0.5261444820429576,0.5671792085278956,-0.1808981911111381,-0.007868398539594996,-0.3303775564872771,-0.23882187443519778,-0.5468846419569181,-0.7783453774757525,-0.40711037406469774,-0.6982208754395988,-0.24492650498741353,-0.6185677000086734,0.6096249774959414,1.5275788510199022,1.5843502981153275,-0.6369012806264546,0.5145399522341433,0.8110917569282936,-1.806657203660956,-0.4628487726480839,-1.4337103033288723,0.5965658745224444,0.16121668520217625,-0.10355156222327933,0.04318974825727647,0.12548515675679336,-0.21162546105778862,-0.17282574530417336,0.13726520168596693,-0.022041395814694158,-0.15481517230185718,0.0014764575181038836,6,6,10,0,0,9,13,7,6,4
IL_013,31.986,34.829,True,0.466425029660814,-0.6363609264151224,-0.21066237840167765,0.5019898753586141,0.33631196253385476,0.5381806981003373,-0.9329789066530579,-0.44994652464045215,-0.06000796127083191,-0.6568340328966404,-0.6343769928459315,-0.09595182415706287,-0.39555483088151533,-0.46664700757665467,-0.9199786043814143,1.2573582544315063,-0.717183360474721,-0.8118507707117151,-0.6714140921059636,0.7134270076937493,-0.9255918821738388,-0.9841801882250418,-0.7136934512833535,-1.4706379879812788,0.08139467771460515,1.2828329876453959,0.21385240244571732,-3.3313503160493716,0.7669082985177501,-0.0843693708310462,-0.2168943304382987,-0.47053053508362536,-0.564618404666536,-0.30298911170375264,0.8946899793308329,-0.09226553927193881,-0.3789574297633535,-0.1889406451384228,-0.2805277806612867,5.258228433813496,-0.16789457412041106,-0.08686995826349626,0.08884186456363026,4.139581630842513,-0.23830992649976981,-0.18547173453098575,-0.1232948716050105,-0.15309097023168255,1.0901402687481185,0.05487654724536304,0.8593003893340802,-0.1808981911111381,-0.007868398539594996,-0.400796677093131,-0.4743420639703698,-0.3591808514536615,-0.18977325457889377,-0.16352709340343405,0.3540274861383882,0.2359383763640222,0.6461955289172611,0.5728342992150244,2.1745289639676995,0.2939565253401415,0.013407302346059798,1.6534802569780203,2.116060780481211,0.6099266115789681,1.1025438932093243,-0.3773412212202078,0.18229677258546426,0.16121668520217625,-0.10355156222327933,0.04318974825727647,0.12548515675679336,-0.21162546105778862,-0.17282574530417336,0.13726520168596693,-0.022041395814694158,-0.15481517230185718,0.0014764575181038836,6,6,10,0,1,9,13,7,6,4
IL_014,31.984,34.83,True,0.466425029660814,-0.8862517717576288,-0.46410089326511006,0.8067023804719202,0.33631196253385476,0.611926061740344,-0.9667676164218438,-0.5607278901413973,-0.2583048067303444,-0.32789418714469554,-0.16483379710350402,-0.23714615872217107,-0.0359676940286332,-0.638112551499433,-0.9177407988033925,1.1167585947025513,-0.6936845727380042,-0.7881207057198889,-0.7012367707175714,1.2098130557721802,-1.0271956415158943,-0.38306600430124865,-0.7136934512833535,0.10765496055020878,0.34702305812106915,0.8468861137912655,-0.2545165037981225,-0.7738814752098515,0.7086319474894193,-0.0843693708310462,-0.2168943304382987,-0.47053053508362536,-0.564618404666536,0.8329297741756398,0.6854000543978697,-0.09226553927193881,3.080254085858407,-0.1889406451384228,2.1029142068926725,0.9925007170178083,-0.16789457412041106,-0.1194957411143004,2.4287998973780147,-0.29331703309012197,-0.23830992649976981,-0.18547173453098575,-0.1232948716050105,-0.15309097023168255,0.5583948302340213,0.1380414769155268,1.1514215701402646,-0.1808981911111381,-0.007868398539594996,-0.18953931527556936,-0.003301684900025763,-0.5468846419569181,-0.7783453774757525,-0.40711037406469774,-0.6982208754395988,-0.24492650498741353,-0.6185677000086734,-0.12618858812239728,0.5817305573973404,-0.9964372474350444,-0.9506412374020935,1.2338706710197498,0.42264574980100406,0.5053125936032138,0.38731541788980245,-0.013558490957621357,-0.38810029601072016,0.16121668520217625,-0.10355156222327933,0.04318974825727647,0.12548515675679336,-0.21162546105778862,-0.17282574530417336,0.13726520168596693,-0.022041395814694158,-0.15481517230185718,0.0014764575181038836,6,6,10,0,2,9,13,7,6,4
IL_015,31.987,34.825,True,0.466425029660814,-0.8939441602504127,-0.9305088049959755,1.105105316540912,-2.466117020894865,0.5013080162803354,-1.0681337457282005,-0.5476947883177566,-0.23715314321466313,-0.4047892160217736,-0.6343769928459315,-0.23714615872217107,-0.45149060772529703,-0.7701873623588705,-1.1661372179638108,1.2160054133347549,-0.7672931872779005,-0.8480803987586409,-0.7417587910656913,-0.17840533488402383,-1.0444649733101106,-0.9841801882250418,-0.7136934512833535,-0.2574463719219461,-0.6031620822335177,0.4203825966152756,-0.04376331438805241,-1.3377230369069864,0.20325213016039287,-0.0843693708310462,-0.2168943304382987,-0.47053053508362536,-0.564618404666536,0.5489500527057918,-0.36104957026694745,-0.09226553927193881,-0.3789574297633535,-0.1889406451384228,1.5070537100041828,0.23076362473286416,-0.16789457412041106,-0.1194957411143004,-0.1711534724157458,1.0365525660896684,-0.23830992649976981,-0.18547173453098575,-0.1232948716050105,-0.15309097023168255,-0.5050960467941736,-0.3540176902996087,-0.017063153084473304,-0.1808981911111381,-0.007868398539594996,-0.4360062373960579,-0.7098622535055418,-0.5468846419569181,-0.7783453774757525,-0.40711037406469774,-0.6982208754395988,-0.24492650498741353,-0.6185677000086734,0.006257853688903667,1.9963466144239765,0.2939565253401415,-1.629639904917513,0.6104507147388909,1.0558825948834112,-2.1728062665760963,-0.45663496502551393,-2.692958215776287,1.0418374159849122,0.16121668520217625,-0.10355156222327933,0.04318974825727647,0.12548515675679336,-0.21162546105778862,-0.17282574530417336,0.13726520168596693,-0.022041395814694158,-0.15481517230185718,0.0014764575181038836,6,6,10,0,0,9,13,7,6,4
IL_016,31.982,34.827,True,0.466425029660814,-1.5168974043478385,-1.7495824319064277,1.9827489234623967,-0.5508629484212335,0.6027078912853412,-1.2032885848033432,-0.5476947883177566,-0.4248741569163349,-0.6482901407991873,-0.6343769928459315,-0.6607291624174956,-0.01599063087013972,-0.7099427117914078,2.1614796765545847,1.1581114357993025,-0.7298178639091152,-0.8246096241043588,-0.7307746870330835,-1.2104804520286392,-1.2022052999013864,-0.9841801882250418,-0.7136934512833535,-2.5211962374111625,0.061247500872756024,0.7630987823295836,-0.8032032628654796,-0.6609055945368019,0.37826237505141597,-0.0843693708310462,-0.2168943304382987,-0.47053053508362536,-0.564618404666536,-0.30298911170375264,-0.04711468286750234,-0.09226553927193881,-0.3789574297633535,-0.1889406451384228,-0.2805277806612867,-0.22627863063810233,-0.16789457412041106,-0.1194957411143004,0.21883953305331832,-0.29331703309012197,-0.23830992649976981,-0.18547173453098575,-0.1232948716050105,-0.15309097023168255,-0.5050960467941736,-0.41639138755223154,-0.6013055146968422,-0.1808981911111381,-0.007868398539594996,-0.4360062373960579,-0.7098622535055418,-0.5468846419569181,-0.7783453774757525,-0.40711037406469774,-0.6982208754395988,-0.24492650498741353,-0.6185677000086734,-0.7663463902103519,2.097665989654721,-0.9964372474350444,-0.12695816504127133,1.7613798647958614,0.9193646275622879,-1.994962436017314,-0.2744486879266586,-1.5946142032527086,-0.5007929682190484,0.16121668520217625,-0.10355156222327933,0.04318974825727647,0.12548515675679336,-0.21162546105778862,-0.17282574530417336,0.13726520168596693,-0.022041395814694158,-0.15481517230185718,0.0014764575181038836,6,6,10,0,0,9,13,7,6,4
IL_017,31.987,34.824,True,0.466425029660814,-0.3737750916033444,0.3170525874683876,0.017056981168274886,0.33631196253385476,0.17867205035530936,0.18204851571686914,-0.5020789319350145,-0.3429114607930698,1.9148774884367474,0.22645219934851885,-0.2976580163929317,2.7128761965800656,-0.7029914059567005,-0.5798321565221028,1.2573582544315063,-0.6274579866475049,-0.6609645561209733,-0.5291378518034177,0.4182107796174773,-0.9553539921799334,-0.9841801882250418,-0.7136934512833535,-1.9984378293961058,-0.4034472736814838,0.7040436240950463,-0.19143481943269902,-0.28322980521807345,0.4595129346389282,-0.0843693708310462,-0.2168943304382987,-0.47053053508362536,-0.564618404666536,0.5489500527057918,0.5807550919313879,-0.09226553927193881,-0.3789574297633535,-0.1889406451384228,-0.2805277806612867,0.23076362473286416,-0.16789457412041106,-0.1194957411143004,0.21883953305331832,-0.29331703309012197,-0.23830992649976981,-0.18547173453098575,-0.1232948716050105,-0.15309097023168255,-0.5050960467941736,-0.250061528211904,0.2750580277217112,-0.1808981911111381,-0.007868398539594996,-0.400796677093131,-0.4743420639703698,-0.5468846419569181,-0.7783453774757525,-0.40711037406469774,-0.6982208754395988,-0.24492650498741353,-0.6185677000086734,-0.38372333608881576,1.2662688333320489,0.2939565253401415,-1.7471767028836078,-1.0440099384680042,-1.3302965814241199,-1.754350194673079,0.17486725707030742,-3.2596197763776233,-1.391017259992051,0.16121668520217625,-0.10355156222327933,0.04318974825727647,0.12548515675679336,-0.21162546105778862,-0.17282574530417336,0.13726520168596693,-0.022041395814694158,-0.15481517230185718,0.0014764575181038836,6,6,10,0,1,19,13,7,6,4
IL_018,31.983,34.83,True,0.466425029660814,-1.4475874574350964,-1.5397536191220738,1.8102958888842242,-1.4223818315359373,0.22476290263031395,-1.2032885848033432,-0.7627409684078266,-0.06000796127083191,-0.21682358987780506,-0.6343769928459315,-0.4590229701816268,-0.047953931923729154,-0.6172586339953113,-0.7208139079374752,0.9761589349735965,-0.6857961441666381,-0.7801546385006253,-0.6829869418869225,0.568103198470724,-1.2022052999013864,-0.9841801882250418,-0.7136934512833535,-1.3838585615229604,0.3169064938704723,-1.1758293306468202,0.17653950124490728,-1.263693084734826,1.1654427484282772,-0.0843693708310462,-0.2168943304382987,-0.47053053508362536,-0.564618404666536,-0.30298911170375264,-0.04711468286750234,-0.09226553927193881,-0.3789574297633535,-0.1889406451384228,1.5070537100041828,0.23076362473286416,-0.16789457412041106,-0.1194957411143004,-0.1711534724157458,-0.29331703309012197,-0.23830992649976981,-0.18547173453098575,-0.1232948716050105,-0.15309097023168255,-0.5050960467941736,-0.3540176902996087,-0.017063153084473304,-0.1808981911111381,-0.007868398539594996,-0.400796677093131,-0.4743420639703698,-0.5468846419569181,-0.7783453774757525,-0.40711037406469774,-0.6982208754395988,-0.24492650498741353,-0.6185677000086734,0.1387042955002046,2.2783783117071783,0.2939565253401415,-0.47154767508885126,0.6344284053650777,-0.17566436281882425,-2.14142206118337,-0.3049027512644912,-0.9509986035573633,-0.2141997226312491,0.16121668520217625,-0.10355156222327933,0.04318974825727647,0.12548515675679336,-0.21162546105778862,-0.17282574530417336,0.13726520168596693,-0.022041395814694158,-0.15481517230185718,0.0014764575181038836,6,6,10,0,0,19,13,7,6,4
IL_019,32.627,35.262,True,0.466425029660814,0.033967925429448896,1.9318772994365128,-1.2372168371917278,-2.5183037803628108,-0.7247086542347596,0.16515416083247592,-0.3587148118749679,0.13564492624922037,2.077211438288357,-0.060490864716297874,0.79155542168076,-0.24372915087696512,-0.6010389203809944,-0.07632590146720106,1.240817117992806,-0.6788800365898676,-0.4447560039790276,-0.6757139929751802,-1.2104804520286392,-0.9313009739618762,0.15941465657071224,-0.7136934512833535,-2.954217653005179,-3.7251593655865016,-2.6353951120212926,0.22907480642619552,-0.000992927536742036,0.07036715203432793,-0.0843693708310462,-0.2168943304382987,-0.47053053508362536,-0.564618404666536,-0.30298911170375264,-0.36104957026694745,-0.09226553927193881,-0.3789574297633535,-0.1889406451384228,-0.2805277806612867,-0.22627863063810233,-0.16789457412041106,-0.1194957411143004,-0.1711534724157458,-0.29331703309012197,-0.23830992649976981,-0.18547173453098575,-0.1232948716050105,-0.15309097023168255,-0.5050960467941736,-0.45797385238731336,-1.185547876309211,-0.1808981911111381,-0.007868398539594996,0.09213716714784619,0.23221850463514626,-0.5468846419569181,-0.7783453774757525,-0.40711037406469774,-0.6982208754395988,-0.24492650498741353,-0.6185677000086734,0.046727599797912286,-0.4285717977572645,0.2939565253401415,0.013407302346059798,-0.12086884935980913,-0.19312772905011366,0.0659337181050458,-0.2134636894041163,0.05639972640056835,-0.03127337476267395,0.16121668520217625,-0.10355156222327933,0.04318974825727647,0.12548515675679336,-0.21162546105778862,-0.17282574530417336,0.13726520168596693,-0.022041395814694158,-0.15481517230185718,0.0014764575181038836,6,6,6,0,2,21,13,7,6,4
IL_020,32.634,35.265,True,-1.080494092344831,-0.18234801355353697,2.193312660642723,-1.2764689251595678,-3.1080141623506052,-0.7984540178747652,-0.2572047112773448,-0.30006585366858524,0.1092053468546187,1.3851561783946544,0.0960235338645112,0.5898492294448912,0.14382587439780778,-0.6751861826178716,-0.2105942361485082,1.3317933684056587,-0.7149159766816856,-0.6189416353168277,-0.6873804162150058,-1.2104804520286392,-0.7558953524293069,-0.31657057483722917,-0.7136934512833535,-2.954217653005179,-3.7251593655865016,-2.6353951120212926,0.22907480642619552,-0.000992927536742036,0.07036715203432793,-0.0843693708310462,-0.2168943304382987,-0.47053053508362536,-0.564618404666536,-0.30298911170375264,-0.36104957026694745,-0.09226553927193881,-0.3789574297633535,-0.1889406451384228,-0.2805277806612867,-0.22627863063810233,-0.16789457412041106,-0.1194957411143004,-0.1711534724157458,-0.29331703309012197,-0.23830992649976981,-0.18547173453098575,-0.1232948716050105,-0.15309097023168255,-0.5050960467941736,-0.45797385238731336,-1.185547876309211,-0.1808981911111381,-0.007868398539594996,-0.25995843588142326,-0.23882187443519778,-0.5468846419569181,-0.7783453774757525,-0.40711037406469774,-0.6982208754395988,-0.24492650498741353,-0.6185677000086734,0.046727599797912286,-0.4285717977572645,0.2939565253401415,0.013407302346059798,-0.12086884935980913,-0.19312772905011366,0.0659337181050458,-0.2134636894041163,0.05639972640056835,-0.03127337476267395,0.16121668520217625,-0.10355156222327933,0.04318974825727647,0.12548515675679336,-0.21162546105778862,-0.17282574530417336,0.13726520168596693,-0.022041395814694158,-0.15481517230185718,0.0014764575181038836,6,6,6,0,1,11,13,7,6,4
IL_021,32.631,35.267,True,-3.4008727753532986,0.1561017865584231,1.8864046603165132,-1.2794229645911557,-3.1288888661377836,-0.8168903587847667,0.08068238641051206,-0.143668631784898,-0.022992550118389618,1.4406914770280994,-0.07353373126469871,0.3074605603146748,0.2197387144000831,-0.6520151631688476,-0.23297229192872607,1.3400639366250096,-0.7034781696778183,-0.5874744740424854,-0.6607246704684773,-1.2104804520286392,-1.0436314338663257,1.4440658815192706,-0.7136934512833535,-2.954217653005179,-3.7251593655865016,-2.6353951120212926,0.22907480642619552,-0.000992927536742036,0.07036715203432793,-0.0843693708310462,-0.2168943304382987,-0.47053053508362536,-0.564618404666536,-0.30298911170375264,-0.36104957026694745,-0.09226553927193881,-0.3789574297633535,-0.1889406451384228,-0.2805277806612867,-0.22627863063810233,-0.16789457412041106,-0.1194957411143004,-0.1711534724157458,-0.29331703309012197,-0.23830992649976981,-0.18547173453098575,-0.1232948716050105,-0.15309097023168255,-0.5050960467941736,-0.45797385238731336,-1.185547876309211,-0.1808981911111381,-0.007868398539594996,-0.11912019466971548,0.7032588837054903,-0.3591808514536615,-0.18977325457889377,-0.40711037406469774,-0.6982208754395988,-0.24492650498741353,-0.6185677000086734,0.046727599797912286,-0.4285717977572645,0.2939565253401415,0.013407302346059798,-0.12086884935980913,-0.19312772905011366,0.0659337181050458,-0.2134636894041163,0.05639972640056835,-0.03127337476267395,0.16121668520217625,-0.10355156222327933,0.04318974825727647,0.12548515675679336,-0.21162546105778862,-0.17282574530417336,0.13726520168596693,-0.022041395814694158,-0.15481517230185718,0.0014764575181038836,6,6,6,0,2,11,13,7,6,4
IL_022,32.606,35.163,True,0.466425029660814,0.10554428052922359,1.9594817978697563,-1.2961434285113493,0.33631196253385476,-0.6417451201397532,-0.17273293685538035,-0.35219826096314766,0.2678428232222287,0.9707774116681779,0.2916665320905227,0.9327497562458682,0.19177082597819228,-0.677503284562774,-0.009191734126547491,1.2738993908702072,-0.6658374994794403,-0.5442653013972707,-0.6381549403211113,-1.2104804520286392,-1.2022052999013864,-0.9841801882250418,-0.7136934512833535,-2.954217653005179,-3.7251593655865016,-2.6353951120212926,0.22907480642619552,-0.000992927536742036,0.07036715203432793,-0.0843693708310462,-0.2168943304382987,-0.47053053508362536,-0.564618404666536,-0.30298911170375264,-0.36104957026694745,-0.09226553927193881,-0.3789574297633535,-0.1889406451384228,-0.2805277806612867,-0.22627863063810233,-0.16789457412041106,-0.1194957411143004,-0.1711534724157458,-0.29331703309012197,-0.23830992649976981,-0.18547173453098575,-0.1232948716050105,-0.15309097023168255,-0.5050960467941736,-0.45797385238731336,-1.185547876309211,-0.1808981911111381,-0.007868398539594996,-0.4360062373960579,-0.7098622535055418,-0.5468846419569181,-0.7783453774757525,-0.32591594717760985,-0.17209669465060531,4.563722308526944,-0.6185677000086734,0.046727599797912286,-0.4285717977572645,0.2939565253401415,0.013407302346059798,-0.12086884935980913,-0.19312772905011366,0.0659337181050458,-0.2134636894041163,0.05639972640056835,-0.03127337476267395,0.16121668520217625,-0.10355156222327933,0.04318974825727647,0.12548515675679336,-0.21162546105778862,-0.17282574530417336,0.13726520168596693,-0.022041395814694158,-0.15481517230185718,0.0014764575181038836,6,6,6,0,0,1,13,7,6,4
IL_023,32.609,35.166,True,0.466425029660814,-0.0067061526727579136,1.8847420416660985,-1.183911532544044,-2.8836110966384356,-0.6509632905947538,-0.45993696989005883,-0.37826446461042884,0.13564492624922037,1.3937000704921072,-0.16483379710350402,1.0336028523638026,0.31962403019255037,-0.751650546799651,0.23696687945584893,1.265628822650857,-0.6263570375176299,-0.2972890526744155,-0.5628354973369315,-1.2104804520286392,-1.2022052999013864,0.320514297166004,1.2292945241716924,-2.954217653005179,-3.7251593655865016,-2.6353951120212926,0.22907480642619552,-0.000992927536742036,0.07036715203432793,-0.0843693708310462,-0.2168943304382987,-0.47053053508362536,-0.564618404666536,-0.30298911170375264,-0.36104957026694745,-0.09226553927193881,-0.3789574297633535,-0.1889406451384228,-0.2805277806612867,-0.22627863063810233,-0.16789457412041106,-0.1194957411143004,-0.1711534724157458,-0.29331703309012197,-0.23830992649976981,-0.18547173453098575,-0.1232948716050105,-0.15309097023168255,-0.5050960467941736,-0.45797385238731336,-1.185547876309211,-0.1808981911111381,-0.007868398539594996,0.16255628775370007,-0.003301684900025763,0.016226729552851628,0.398798868317965,-0.24472152029052197,-0.17209669465060531,-0.24492650498741353,-0.6185677000086734,0.046727599797912286,-0.4285717977572645,0.2939565253401415,0.013407302346059798,-0.12086884935980913,-0.19312772905011366,0.0659337181050458,-0.2134636894041163,0.05639972640056835,-0.03127337476267395,0.16121668520217625,-0.10355156222327933,0.04318974825727647,0.12548515675679336,-0.21162546105778862,-0.17282574530417336,0.13726520168596693,-0.022041395814694158,-0.15481517230185718,0.0014764575181038836,6,6,6,0,1,11,13,7,6,4
IL_024,32.612,35.163,True,-3.4008727753532986,0.47662216350273784,1.6462207209420796,-1.3140249352522542,-2.9879846155743284,-0.5403452451347456,-0.12204987220220183,-0.2805162009331243,0.05632618806541538,1.329620879761209,-0.6343769928459315,0.5898492294448912,0.5233900744091834,-0.6427467553892379,-0.09870395724741891,1.397957914160461,-0.6525504404154768,-0.4253023405412812,-0.6162204228449962,-1.2104804520286392,-1.0456554341604352,-0.518787436935039,-0.7136934512833535,-2.954217653005179,-3.7251593655865016,-2.6353951120212926,0.22907480642619552,-0.000992927536742036,0.07036715203432793,-0.0843693708310462,-0.2168943304382987,-0.47053053508362536,-0.564618404666536,-0.30298911170375264,-0.36104957026694745,-0.09226553927193881,-0.3789574297633535,-0.1889406451384228,-0.2805277806612867,-0.22627863063810233,-0.16789457412041106,-0.1194957411143004,-0.1711534724157458,-0.29331703309012197,-0.23830992649976981,-0.18547173453098575,-0.1232948716050105,-0.15309097023168255,-0.5050960467941736,-0.45797385238731336,-1.185547876309211,-0.1808981911111381,-0.007868398539594996,-0.400796677093131,-0.4743420639703698,-0.5468846419569181,-0.7783453774757525,-0.40711037406469774,-0.6982208754395988,-0.24492650498741353,-0.6185677000086734,0.046727599797912286,-0.4285717977572645,0.2939565253401415,0.013407302346059798,-0.12086884935980913,-0.19312772905011366,0.0659337181050458,-0.2134636894041163,0.05639972640056835,-0.03127337476267395,0.16121668520217625,-0.10355156222327933,0.04318974825727647,0.12548515675679336,-0.21162546105778862,-0.17282574530417336,0.13726520168596693,-0.022041395814694158,-0.15481517230185718,0.0014764575181038836,6,6,6,0,2,11,13,7,6,4
IL_025,31.845,34.981,True,0.466425029660814,0.2045150865890059,1.5578709474050396,-1.1004645010864877,-0.5195508927404656,-0.31910915421472835,-0.5275143894276298,2.5672165475323476,0.0034470292762120484,0.5222230765518895,-0.6343769928459315,0.36797241798543545,-0.5873346372030525,-0.4851838231358739,-0.05394784568698321,1.2325465497734558,-0.5533695494548823,0.08555933415620744,-0.558663218058419,-1.2104804520286392,-0.6419765557241999,1.0398603990474253,1.3097681634893428,-2.954217653005179,-3.7251593655865016,-2.6353951120212926,0.22907480642619552,-0.000992927536742036,0.07036715203432793,-0.0843693708310462,-0.2168943304382987,-0.47053053508362536,-0.564618404666536,-0.30298911170375264,-0.36104957026694745,-0.09226553927193881,-0.3789574297633535,-0.1889406451384228,-0.2805277806612867,-0.22627863063810233,-0.16789457412041106,-0.1194957411143004,-0.1711534724157458,-0.29331703309012197,-0.23830992649976981,-0.18547173453098575,-0.1232948716050105,-0.15309097023168255,-0.5050960467941736,-0.45797385238731336,-1.185547876309211,-0.1808981911111381,-0.007868398539594996,-0.013491513760934644,0.9387790732406623,0.016226729552851628,0.9873709912148237,-0.40711037406469774,-0.6982208754395988,5.04458718987838,-0.6185677000086734,0.046727599797912286,-0.4285717977572645,0.2939565253401415,0.013407302346059798,-0.12086884935980913,-0.19312772905011366,0.0659337181050458,-0.2134636894041163,0.05639972640056835,-0.03127337476267395,0.16121668520217625,-0.10355156222327933,0.04318974825727647,0.12548515675679336,-0.21162546105778862,-0.17282574530417336,0.13726520168596693,-0.022041395814694158,-0.15481517230185718,0.0014764575181038836,6,6,6,0,0,11,13,7,6,4
IL_026,31.849,34.983,True,0.466425029660814,2.354812447614463,-0.5304593393595102,-1.0319914142981448,-2.690520086607034,-0.7984540178747652,-0.6964579382715586,-0.2805162009331243,0.029886608670813712,0.8084434618165689,-0.6343769928459315,0.24694870264391416,-0.27169703929885597,-0.5153061484196052,-0.32248451504959746,1.3648756412830598,-0.7203784393322067,-0.4755802798933451,-0.6986854974504991,-1.2104804520286392,-1.2022052999013864,0.7931404084867344,-0.7136934512833535,-2.954217653005179,-3.7251593655865016,-2.6353951120212926,0.22907480642619552,-0.000992927536742036,0.07036715203432793,-0.0843693708310462,-0.2168943304382987,-0.47053053508362536,-0.564618404666536,-0.30298911170375264,-0.36104957026694745,-0.09226553927193881,-0.3789574297633535,-0.1889406451384228,-0.2805277806612867,-0.22627863063810233,-0.16789457412041106,-0.1194957411143004,-0.1711534724157458,-0.29331703309012197,-0.23830992649976981,-0.18547173453098575,-0.1232948716050105,-0.15309097023168255,-0.5050960467941736,-0.45797385238731336,-1.185547876309211,-0.1808981911111381,-0.007868398539594996,-0.25995843588142326,0.23221850463514626,-0.5468846419569181,-0.7783453774757525,-0.40711037406469774,-0.6982208754395988,-0.24492650498741353,-0.6185677000086734,0.046727599797912286,-0.4285717977572645,0.2939565253401415,0.013407302346059798,-0.12086884935980913,-0.19312772905011366,0.0659337181050458,-0.2134636894041163,0.05639972640056835,-0.03127337476267395,0.16121668520217625,-0.10355156222327933,0.04318974825727647,0.12548515675679336,-0.21162546105778862,-0.17282574530417336,0.13726520168596693,-0.022041395814694158,-0.15481517230185718,0.0014764575181038836,6,6,6,0,1,11,13,7,6,4
IL_027,31.851,34.98,True,-3.4008727753532986,0.3221107785148919,1.6698267962039348,-1.2392521306419122,-3.0558274028826586,-0.6601814610497547,-0.6795635833871654,-0.3261320573158664,0.0034470292762120484,1.53894623614881,0.18732359970331658,0.40831365643260925,0.1518166996612053,-0.5153061484196052,-0.3940942935462947,1.4806635963539643,-0.742864318331062,-0.5633191356741146,-0.7130675476183136,-1.2104804520286392,-0.7558953524293069,0.6648942022087961,-0.7136934512833535,-2.954217653005179,-3.7251593655865016,-2.6353951120212926,0.22907480642619552,-0.000992927536742036,0.07036715203432793,-0.0843693708310462,-0.2168943304382987,-0.47053053508362536,-0.564618404666536,-0.30298911170375264,-0.36104957026694745,-0.09226553927193881,-0.3789574297633535,-0.1889406451384228,-0.2805277806612867,-0.22627863063810233,-0.16789457412041106,-0.1194957411143004,-0.1711534724157458,-0.29331703309012197,-0.23830992649976981,-0.18547173453098575,-0.1232948716050105,-0.15309097023168255,-0.5050960467941736,-0.45797385238731336,-1.185547876309211,-0.1808981911111381,-0.007868398539594996,0.23297540835955396,0.46773869417031827,-0.3591808514536615,-0.18977325457889377,-0.40711037406469774,-0.6982208754395988,-0.24492650498741353,-0.6185677000086734,0.046727599797912286,-0.4285717977572645,0.2939565253401415,0.013407302346059798,-0.12086884935980913,-0.19312772905011366,0.0659337181050458,-0.2134636894041163,0.05639972640056835,-0.03127337476267395,0.16121668520217625,-0.10355156222327933,0.04318974825727647,0.12548515675679336,-0.21162546105778862,-0.17282574530417336,0.13726520168596693,-0.022041395814694158,-0.15481517230185718,0.0014764575181038836,6,6,6,0,0,11,13,7,6,4
IL_028,31.474,34.752,True,0.07969524915940275,-0.19888490773061435,1.4840539042409326,-0.8198847611682241,-0.5508629484212335,-0.4942543928597419,-0.9329789066530579,-0.4238803209931709,-0.15519044709139795,0.7059167566471315,0.161237866606515,0.10575436807880596,-0.6153025256249433,-0.677503284562774,-0.6715821852209961,1.2573582544315063,-0.7445412230542832,-0.32395163444728986,-0.6551593219432107,1.5042561725618413,-1.2022052999013864,-0.31657057483722917,2.1064369982099227,-0.16114159053574723,-0.39963324538495704,0.3220206705520736,-0.8369924410591261,0.1401282192618243,-0.332179951808671,-0.0843693708310462,-0.2168943304382987,-0.47053053508362536,-0.564618404666536,-0.30298911170375264,0.4761101294649061,-0.09226553927193881,2.215451206952967,-0.08106098115864031,-0.2805277806612867,4.344143923071563,-0.16789457412041106,-0.1194957411143004,1.3888185494605108,0.5932626996964049,-0.23830992649976981,-0.18547173453098575,-0.1232948716050105,-0.15309097023168255,1.621885707262216,0.1103198336921389,1.1514215701402646,-0.1808981911111381,-0.007868398539594996,-0.400796677093131,-0.4743420639703698,3.582598749114726,2.7530873599054,-0.40711037406469774,-0.6982208754395988,-0.24492650498741353,-0.6185677000086734,-1.0091648668644035,-0.1529252691865829,0.2939565253401415,-1.509943638222382,0.9221606928793203,2.704120656400065,-2.266958882754275,-0.4765319613922173,-2.930816154794132,0.08379030663815618,0.16121668520217625,-0.10355156222327933,0.04318974825727647,0.12548515675679336,-0.21162546105778862,-0.17282574530417336,0.13726520168596693,-0.022041395814694158,-0.15481517230185718,0.0014764575181038836,6,6,10,0,2,11,13,7,6,4
IL_029,31.477,34.749,True,0.466425029660814,-0.13824962908132982,1.1391899057086243,-0.6377259973767297,-1.8555319351198922,-0.08865489283971181,-0.9836619713062364,-0.46949617737591304,-0.04943212951299128,0.9494176814245452,0.20036646625171742,0.1864368449731535,0.11985339860761571,-0.6636006728933596,-0.6335394903946256,1.2160054133347549,-0.726695999879589,-0.37645762082303474,-0.6177121913002679,0.9884111481949546,-1.2022052999013864,-0.23394331719026829,-0.7136934512833535,-0.3166788805086188,-0.04600378240186923,-0.652877862515732,0.35792803092170516,-0.06456920655160628,0.28571212655374767,-0.0843693708310462,-0.2168943304382987,-0.47053053508362536,-0.564618404666536,-0.30298911170375264,1.522559754129723,-0.09226553927193881,2.5037188332547804,-0.1889406451384228,-0.2805277806612867,-0.22627863063810233,-0.16789457412041106,-0.1194957411143004,-0.1711534724157458,-0.29331703309012197,-0.08637092971457469,-0.18547173453098575,-0.1232948716050105,-0.15309097023168255,1.621885707262216,-0.04214920403649461,0.5671792085278956,-0.1808981911111381,-0.007868398539594996,-0.400796677093131,-0.4743420639703698,-0.3591808514536615,-0.18977325457889377,-0.40711037406469774,-0.6982208754395988,1.6785330204183293,-0.6185677000086734,0.013615989345087053,0.051400129614062214,0.2939565253401415,0.013407302346059798,-1.2478203087905926,-1.401668599934607,-2.2564974809566998,-0.47904310839020436,-2.3711504159286143,-0.5539513928038821,0.16121668520217625,-0.10355156222327933,0.04318974825727647,0.12548515675679336,-0.21162546105778862,-0.17282574530417336,0.13726520168596693,-0.022041395814694158,-0.15481517230185718,0.0014764575181038836,6,6,10,0,1,33,13,7,6,4
IL_030,31.475,34.749,True,0.466425029660814,-0.661647456023735,1.8807914331936386,-0.8014149799251685,-2.4139302614269185,-0.2638001314847241,-0.8147184224623082,-0.43039687190499126,0.029886608670813712,2.085755330385809,0.3699237313809273,0.26711932186750104,0.3236194428242489,-0.677503284562774,-0.39633209912431633,1.265628822650857,-0.6973441831251141,-0.4653965604482376,-0.6042782556705242,1.45824938133482,-1.2022052999013864,0.3274018656501827,-0.7136934512833535,-1.8670607384683395,-0.02864257045080273,0.21395717410660364,-1.0743141009975294,0.015599685353806278,0.278065065217536,-0.0843693708310462,-0.2168943304382987,-0.47053053508362536,-0.564618404666536,-0.30298911170375264,1.522559754129723,-0.09226553927193881,1.3506483280475268,-0.08106098115864031,-0.2805277806612867,-0.22627863063810233,-0.16789457412041106,-0.08686995826349626,3.7287765822748953,5.026161363629039,-0.23830992649976981,-0.18547173453098575,-0.1232948716050105,-0.15309097023168255,3.2171220228045088,0.2766496930324662,1.4435427509464491,-0.1808981911111381,-0.007868398539594996,-0.2247488755784963,0.46773869417031827,-0.5468846419569181,-0.7783453774757525,-0.40711037406469774,-0.6982208754395988,-0.24492650498741353,-0.6185677000086734,-0.7589882545541685,0.9338786356368955,0.2939565253401415,-0.13127710249934305,-0.02495808685506159,-0.25288281263283,-0.15375571964403822,-0.03492882503192579,-0.4053245081634837,0.953452569111478,0.16121668520217625,-0.10355156222327933,0.04318974825727647,0.12548515675679336,-0.21162546105778862,-0.17282574530417336,0.13726520168596693,-0.022041395814694158,-0.15481517230185718,0.0014764575181038836,6,6,10,0,0,33,13,7,6,4
IL_031,32.709,35.182,True,0.466425029660814,0.653400219590244,1.537911338403409,-1.3483354605812237,-2.10080970461924,0.12336302762530567,-0.7809297126935228,-0.37174791369860855,-0.1816300264859996,1.3039892034688494,-0.6343769928459315,0.2872899410910879,-0.5753483993079564,-0.7354308331853342,-0.4119967381704689,1.2904405273089075,-0.6768008050408227,0.26340295404195435,-0.5419365769216777,-1.2104804520286392,-0.7558953524293069,0.5550793678542377,0.5258824104959325,-2.954217653005179,-3.7251593655865016,-2.6353951120212926,0.22907480642619552,-0.000992927536742036,0.07036715203432793,-0.0843693708310462,-0.2168943304382987,-0.47053053508362536,-0.564618404666536,-0.30298911170375264,-0.36104957026694745,-0.09226553927193881,-0.3789574297633535,-0.1889406451384228,-0.2805277806612867,-0.22627863063810233,-0.16789457412041106,-0.1194957411143004,-0.1711534724157458,-0.29331703309012197,-0.23830992649976981,-0.18547173453098575,-0.1232948716050105,-0.15309097023168255,-0.5050960467941736,-0.45797385238731336,-1.185547876309211,-0.1808981911111381,-0.007868398539594996,-0.18953931527556936,0.23221850463514626,-0.17147706095040494,-0.18977325457889377,0.8108060292416207,0.3540274861383882,-0.24492650498741353,0.16168237426376952,0.046727599797912286,-0.4285717977572645,0.2939565253401415,0.013407302346059798,-0.12086884935980913,-0.19312772905011366,0.0659337181050458,-0.2134636894041163,0.05639972640056835,-0.03127337476267395,0.16121668520217625,-0.10355156222327933,0.04318974825727647,0.12548515675679336,-0.21162546105778862,-0.17282574530417336,0.13726520168596693,-0.022041395814694158,-0.15481517230185718,0.0014764575181038836,6,6,6,0,2,33,13,7,6,4
IL_032,32.71,35.184,True,0.466425029660814,-0.20448072545720122,2.2425240227521273,-1.2946411881076418,-2.1373404362468027,-0.28223647239472593,0.2665202901388327,-0.22186724272674155,0.0034470292762120484,1.7739032688287708,-0.6343769928459315,0.6907023255628256,-0.20377502455997823,-0.6983572020668957,-0.18821618036829035,1.3400639366250096,-0.6542546837801619,-0.1859326833871769,-0.5205730872142418,-1.2104804520286392,-1.2022052999013864,-0.9841801882250418,-0.7136934512833535,-2.954217653005179,-3.7251593655865016,-2.6353951120212926,0.22907480642619552,-0.000992927536742036,0.07036715203432793,-0.0843693708310462,-0.2168943304382987,-0.47053053508362536,-0.564618404666536,-0.30298911170375264,-0.36104957026694745,-0.09226553927193881,-0.3789574297633535,-0.1889406451384228,-0.2805277806612867,-0.22627863063810233,-0.16789457412041106,-0.1194957411143004,-0.1711534724157458,-0.29331703309012197,-0.23830992649976981,-0.18547173453098575,-0.1232948716050105,-0.15309097023168255,-0.5050960467941736,-0.45797385238731336,-1.185547876309211,-0.1808981911111381,-0.007868398539594996,-0.36558711679020406,-0.4743420639703698,-0.5468846419569181,-0.7783453774757525,-0.32591594717760985,-0.17209669465060531,-0.24492650498741353,-0.6185677000086734,0.046727599797912286,-0.4285717977572645,0.2939565253401415,0.013407302346059798,-0.12086884935980913,-0.19312772905011366,0.0659337181050458,-0.2134636894041163,0.05639972640056835,-0.03127337476267395,0.16121668520217625,-0.10355156222327933,0.04318974825727647,0.12548515675679336,-0.21162546105778862,-0.17282574530417336,0.13726520168596693,-0.022041395814694158,-0.15481517230185718,0.0014764575181038836,6,6,6,0,2,33,13,7,6,4
IL_033,32.713,35.185,True,0.466425029660814,0.022024612968225523,2.096427791489833,-1.333990194811205,0.33631196253385476,-0.4112908587647357,-0.22341600150855892,-0.3456817100513273,-0.04943212951299128,0.863978760450014,-0.6343769928459315,0.5495079909977174,0.9748717017911356,-0.6612835709484571,-0.09870395724741891,1.397957914160461,-0.6891627619388802,-0.514408119001153,-0.5707620593524602,-1.2104804520286392,-1.2022052999013864,-0.9841801882250418,-0.7136934512833535,-2.954217653005179,-3.7251593655865016,-2.6353951120212926,0.22907480642619552,-0.000992927536742036,0.07036715203432793,-0.0843693708310462,-0.2168943304382987,-0.47053053508362536,-0.564618404666536,-0.30298911170375264,-0.36104957026694745,-0.09226553927193881,-0.3789574297633535,-0.1889406451384228,-0.2805277806612867,-0.22627863063810233,-0.16789457412041106,-0.1194957411143004,-0.1711534724157458,-0.29331703309012197,-0.23830992649976981,-0.18547173453098575,-0.1232948716050105,-0.15309097023168255,-0.5050960467941736,-0.45797385238731336,-1.185547876309211,-0.1808981911111381,-0.007868398539594996,-0.4360062373960579,-0.7098622535055418,-0.3591808514536615,-0.18977325457889377,-0.40711037406469774,-0.6982208754395988,0.7168032577154579,-0.6185677000086734,0.046727599797912286,-0.4285717977572645,0.2939565253401415,0.013407302346059798,-0.12086884935980913,-0.19312772905011366,0.0659337181050458,-0.2134636894041163,0.05639972640056835,-0.03127337476267395,0.16121668520217625,-0.10355156222327933,0.04318974825727647,0.12548515675679336,-0.21162546105778862,-0.17282574530417336,0.13726520168596693,-0.022041395814694158,-0.15481517230185718,0.0014764575181038836,6,6,6,0,0,33,13,7,6,4
IL_034,32.256,34.844,True,0.07969524915940275,-0.7953823734512628,-1.4355639384060694,1.366214241801155,-1.5789421099397765,0.35381728900032194,-0.30788777593052336,-0.339165159139507,0.13564492624922037,-0.23818332012143778,0.17428073315491585,0.8520672793515207,-0.2477245635086638,-0.5616481873176534,0.013186321653670365,0.8355592752446417,-0.5972038206933314,-0.6906903811375269,-0.5435024220386419,-1.2104804520286392,-0.7702509299397373,-0.9841801882250418,0.45866007150896654,-2.954217653005179,-3.7251593655865016,-2.6353951120212926,0.22907480642619552,-0.000992927536742036,0.07036715203432793,-0.0843693708310462,-0.2168943304382987,-0.47053053508362536,-0.564618404666536,-0.30298911170375264,-0.36104957026694745,-0.09226553927193881,-0.3789574297633535,-0.1889406451384228,-0.2805277806612867,-0.22627863063810233,-0.16789457412041106,-0.1194957411143004,-0.1711534724157458,-0.29331703309012197,-0.23830992649976981,-0.18547173453098575,-0.1232948716050105,-0.15309097023168255,-0.5050960467941736,-0.45797385238731336,-1.185547876309211,-0.1808981911111381,-0.007868398539594996,-0.4360062373960579,-0.7098622535055418,0.016226729552851628,0.398798868317965,-0.24472152029052197,-0.17209669465060531,7.929776477986994,-0.6185677000086734,0.046727599797912286,-0.4285717977572645,0.2939565253401415,0.013407302346059798,-0.12086884935980913,-0.19312772905011366,0.0659337181050458,-0.2134636894041163,0.05639972640056835,-0.03127337476267395,0.16121668520217625,-0.10355156222327933,0.04318974825727647,0.12548515675679336,-0.21162546105778862,-0.17282574530417336,0.13726520168596693,-0.022041395814694158,-0.15481517230185718,0.0014764575181038836,6,6,10,6,2,17,13,7,6,4
IL_035,32.254,34.848,True,-3.207507885102593,0.10342870841618422,1.3782066868542484,-0.9285846136731127,-2.659208030926266,-0.04256404056470721,0.46925254875154687,-0.5085954828468349,-0.5253445586158213,0.9024262748885532,-0.6343769928459315,-0.39851111251086613,0.5633442007261704,-0.7307966292955295,-1.235509190882486,1.265628822650857,-0.6045274151049309,-0.47644521903335607,-0.3743651607050751,-1.2104804520286392,-0.831750881644324,-0.9841801882250418,-0.7136934512833535,-2.954217653005179,-3.7251593655865016,-2.6353951120212926,0.22907480642619552,-0.000992927536742036,0.07036715203432793,-0.0843693708310462,-0.2168943304382987,-0.47053053508362536,-0.564618404666536,-0.30298911170375264,-0.36104957026694745,-0.09226553927193881,-0.3789574297633535,-0.1889406451384228,-0.2805277806612867,-0.22627863063810233,-0.16789457412041106,-0.1194957411143004,-0.1711534724157458,-0.29331703309012197,-0.23830992649976981,-0.18547173453098575,-0.1232948716050105,-0.15309097023168255,-0.5050960467941736,-0.45797385238731336,-1.185547876309211,-0.1808981911111381,-0.007868398539594996,-0.4360062373960579,-0.7098622535055418,-0.5468846419569181,-0.7783453774757525,-0.40711037406469774,-0.6982208754395988,-0.24492650498741353,-0.6185677000086734,0.046727599797912286,-0.4285717977572645,0.2939565253401415,0.013407302346059798,-0.12086884935980913,-0.19312772905011366,0.0659337181050458,-0.2134636894041163,0.05639972640056835,-0.03127337476267395,0.16121668520217625,-0.10355156222327933,0.04318974825727647,0.12548515675679336,-0.21162546105778862,-0.17282574530417336,0.13726520168596693,-0.022041395814694158,-0.15481517230185718,0.0014764575181038836,6,6,10,6,2,17,13,7,6,4
IL_036,32.247,34.85,True,-0.6937643118434198,0.3756165831187297,1.8259487118762816,-1.368688191555757,-2.659208030926266,-0.6878359724147566,0.4692525487515475,-0.05243691901941375,-0.022992550118389618,0.8938823827911001,-0.6343769928459315,0.448654894879783,0.12384881123931431,-0.5037206386950932,0.035564377433888225,1.3235228001863086,-0.5009580178461236,-0.3190151447782933,-0.3093512918872282,-1.2104804520286392,-0.8518073795749798,-0.059421035455516594,-0.7136934512833535,-2.954217653005179,-3.7251593655865016,-2.6353951120212926,0.22907480642619552,-0.000992927536742036,0.07036715203432793,-0.0843693708310462,-0.2168943304382987,-0.47053053508362536,-0.564618404666536,-0.30298911170375264,-0.36104957026694745,-0.09226553927193881,-0.3789574297633535,-0.1889406451384228,-0.2805277806612867,-0.22627863063810233,-0.16789457412041106,-0.1194957411143004,-0.1711534724157458,-0.29331703309012197,-0.23830992649976981,-0.18547173453098575,-0.1232948716050105,-0.15309097023168255,-0.5050960467941736,-0.45797385238731336,-1.185547876309211,-0.1808981911111381,-0.007868398539594996,-0.400796677093131,-0.4743420639703698,-0.5468846419569181,-0.7783453774757525,-0.40711037406469774,-0.6982208754395988,-0.24492650498741353,-0.6185677000086734,0.046727599797912286,-0.4285717977572645,0.2939565253401415,0.013407302346059798,-0.12086884935980913,-0.19312772905011366,0.0659337181050458,-0.2134636894041163,0.05639972640056835,-0.03127337476267395,0.16121668520217625,-0.10355156222327933,0.04318974825727647,0.12548515675679336,-0.21162546105778862,-0.17282574530417336,0.13726520168596693,-0.022041395814694158,-0.15481517230185718,0.0014764575181038836,6,6,10,6,2,17,13,7,6,4
IL_037,32.245,34.852,True,-3.014142994851887,-0.23836554800551632,2.204359374742388,-1.250928571344643,0.33631196253385476,-0.8721993815147709,1.2294985185492244,-0.1697348354321792,0.0034470292762120484,0.8212592999627486,-0.15179093055510323,0.2872899410910879,0.28766072913896074,-0.49213512897058115,0.12507660055475964,1.3566050730637098,-0.4963803783790138,-0.33950004223740465,-0.36641951224561015,-1.2104804520286392,-0.9687444605966927,-0.9841801882250418,-0.7136934512833535,-2.954217653005179,-3.7251593655865016,-2.6353951120212926,0.22907480642619552,-0.000992927536742036,0.07036715203432793,-0.0843693708310462,-0.2168943304382987,-0.47053053508362536,-0.564618404666536,-0.30298911170375264,-0.36104957026694745,-0.09226553927193881,-0.3789574297633535,-0.1889406451384228,-0.2805277806612867,-0.22627863063810233,-0.16789457412041106,-0.1194957411143004,-0.1711534724157458,-0.29331703309012197,-0.23830992649976981,-0.18547173453098575,-0.1232948716050105,-0.15309097023168255,-0.5050960467941736,-0.45797385238731336,-1.185547876309211,-0.1808981911111381,-0.007868398539594996,-0.4360062373960579,-0.7098622535055418,-0.5468846419569181,-0.7783453774757525,-0.40711037406469774,-0.6982208754395988,-0.24492650498741353,-0.6185677000086734,0.046727599797912286,-0.4285717977572645,0.2939565253401415,0.013407302346059798,-0.12086884935980913,-0.19312772905011366,0.0659337181050458,-0.2134636894041163,0.05639972640056835,-0.03127337476267395,0.16121668520217625,-0.10355156222327933,0.04318974825727647,0.12548515675679336,-0.21162546105778862,-0.17282574530417336,0.13726520168596693,-0.022041395814694158,-0.15481517230185718,0.0014764575181038836,6,6,10,6,2,17,13,7,6,4
IL_038,31.853,34.772,True,0.466425029660814,-0.2978321459749271,1.4381154257088136,-0.733522726628631,0.33631196253385476,-0.6970541428697572,1.1450267441272606,-0.4955623810231943,-0.22922126939628262,0.8810665446449202,0.04385206767090822,0.1864368449731535,0.2916561417706595,-0.6636006728933596,-0.6066858234583643,1.249087686212156,-0.7056655887486981,-0.354985352086606,-0.6273483905620016,-1.2104804520286392,-0.5917429205190408,-0.9841801882250418,0.5629686866862894,-2.954217653005179,-3.7251593655865016,-2.6353951120212926,0.22907480642619552,-0.000992927536742036,0.07036715203432793,-0.0843693708310462,-0.2168943304382987,-0.47053053508362536,-0.564618404666536,-0.30298911170375264,-0.36104957026694745,-0.09226553927193881,-0.3789574297633535,-0.1889406451384228,-0.2805277806612867,-0.22627863063810233,-0.16789457412041106,-0.1194957411143004,-0.1711534724157458,-0.29331703309012197,-0.23830992649976981,-0.18547173453098575,-0.1232948716050105,-0.15309097023168255,-0.5050960467941736,-0.45797385238731336,-1.185547876309211,-0.1808981911111381,-0.007868398539594996,-0.400796677093131,-0.4743420639703698,-0.3591808514536615,-0.18977325457889377,-0.40711037406469774,-0.6982208754395988,-0.24492650498741353,-0.6185677000086734,0.046727599797912286,-0.4285717977572645,0.2939565253401415,0.013407302346059798,-0.12086884935980913,-0.19312772905011366,0.0659337181050458,-0.2134636894041163,0.05639972640056835,-0.03127337476267395,0.16121668520217625,-0.10355156222327933,0.04318974825727647,0.12548515675679336,-0.21162546105778862,-0.17282574530417336,0.13726520168596693,-0.022041395814694158,-0.15481517230185718,0.0014764575181038836,6,6,6,6,2,17,13,7,6,4
IL_039,31.859,34.768,True,0.466425029660814,-0.22622012295876154,0.20483500527495493,0.002165157345599929,-2.7792375777025433,0.17867205035530936,-0.35857084058370176,-0.5216285846704756,-0.36141916636929095,0.3513452346028272,-0.6343769928459315,-0.13629306260423663,-0.09589888350411364,-0.7701873623588705,-1.02739327212646,1.406228482379812,-0.7797692802970732,-0.47734784914282447,-0.6973941780546467,-1.2104804520286392,-0.37095734550853354,-0.059421035455516594,-0.7136934512833535,-2.954217653005179,-3.7251593655865016,-2.6353951120212926,0.22907480642619552,-0.000992927536742036,0.07036715203432793,-0.0843693708310462,-0.2168943304382987,-0.47053053508362536,-0.564618404666536,-0.30298911170375264,-0.36104957026694745,-0.09226553927193881,-0.3789574297633535,-0.1889406451384228,-0.2805277806612867,-0.22627863063810233,-0.16789457412041106,-0.1194957411143004,-0.1711534724157458,-0.29331703309012197,-0.23830992649976981,-0.18547173453098575,-0.1232948716050105,-0.15309097023168255,-0.5050960467941736,-0.45797385238731336,-1.185547876309211,-0.1808981911111381,-0.007868398539594996,-0.36558711679020406,-0.23882187443519778,-0.5468846419569181,-0.7783453774757525,-0.40711037406469774,-0.6982208754395988,0.2359383763640222,-0.6185677000086734,0.046727599797912286,-0.4285717977572645,0.2939565253401415,0.013407302346059798,-0.12086884935980913,-0.19312772905011366,0.0659337181050458,-0.2134636894041163,0.05639972640056835,-0.03127337476267395,0.16121668520217625,-0.10355156222327933,0.04318974825727647,0.12548515675679336,-0.21162546105778862,-0.17282574530417336,0.13726520168596693,-0.022041395814694158,-0.15481517230185718,0.0014764575181038836,6,6,6,6,0,17,13,7,6,4
IL_040,32.758,35.183,True,0.466425029660814,0.44747379952394917,1.4499904145308289,-1.1734443090859534,0.33631196253385476,-0.5956542678647498,0.384780774329583,-0.3196155064040461,0.1092053468546187,1.3253489337124822,-0.6343769928459315,0.6503610871156519,0.09188551018572504,-0.6311612456647258,0.12507660055475964,1.1415702993606025,-0.5394389213095993,-0.06966030487609393,-0.487782611278418,-1.2104804520286392,0.18059973395277099,0.4029585409292461,-0.7136934512833535,-2.954217653005179,-3.7251593655865016,-2.6353951120212926,0.22907480642619552,-0.000992927536742036,0.07036715203432793,-0.0843693708310462,-0.2168943304382987,-0.47053053508362536,-0.564618404666536,-0.30298911170375264,-0.36104957026694745,-0.09226553927193881,-0.3789574297633535,-0.1889406451384228,-0.2805277806612867,-0.22627863063810233,-0.16789457412041106,-0.1194957411143004,-0.1711534724157458,-0.29331703309012197,-0.23830992649976981,-0.18547173453098575,-0.1232948716050105,-0.15309097023168255,-0.5050960467941736,-0.45797385238731336,-1.185547876309211,-0.1808981911111381,-0.007868398539594996,-0.2247488755784963,0.46773869417031827,-0.5468846419569181,-0.7783453774757525,-0.32591594717760985,-0.17209669465060531,-0.24492650498741353,-0.6185677000086734,0.046727599797912286,-0.4285717977572645,0.2939565253401415,0.013407302346059798,-0.12086884935980913,-0.19312772905011366,0.0659337181050458,-0.2134636894041163,0.05639972640056835,-0.03127337476267395,0.16121668520217625,-0.10355156222327933,0.04318974825727647,0.12548515675679336,-0.21162546105778862,-0.17282574530417336,0.13726520168596693,-0.022041395814694158,-0.15481517230185718,0.0014764575181038836,6,6,6,6,2,17,13,7,6,4
IL_041,32.744,35.225,True,0.466425029660814,0.32637028156050235,1.6156942978835893,-1.2076081634283324,0.33631196253385476,-0.31910915421472835,0.4354638389827616,-0.3456817100513273,0.08276576746001704,0.6503814580136861,-0.1778766636519048,0.6907023255628256,0.12384881123931431,-0.6728690806729691,0.12507660055475964,1.389687345941111,-0.6819058482700063,-0.09144125682158723,-0.6103478989978062,-1.2104804520286392,-0.9587315771001679,-0.9841801882250418,-0.7136934512833535,-2.954217653005179,-3.7251593655865016,-2.6353951120212926,0.22907480642619552,-0.000992927536742036,0.07036715203432793,-0.0843693708310462,-0.2168943304382987,-0.47053053508362536,-0.564618404666536,-0.30298911170375264,-0.36104957026694745,-0.09226553927193881,-0.3789574297633535,-0.1889406451384228,-0.2805277806612867,-0.22627863063810233,-0.16789457412041106,-0.1194957411143004,-0.1711534724157458,-0.29331703309012197,-0.23830992649976981,-0.18547173453098575,-0.1232948716050105,-0.15309097023168255,-0.5050960467941736,-0.45797385238731336,-1.185547876309211,-0.1808981911111381,-0.007868398539594996,-0.400796677093131,-0.4743420639703698,-0.5468846419569181,-0.7783453774757525,-0.40711037406469774,-0.6982208754395988,0.7168032577154579,-0.6185677000086734,0.046727599797912286,-0.4285717977572645,0.2939565253401415,0.013407302346059798,-0.12086884935980913,-0.19312772905011366,0.0659337181050458,-0.2134636894041163,0.05639972640056835,-0.03127337476267395,0.16121668520217625,-0.10355156222327933,0.04318974825727647,0.12548515675679336,-0.21162546105778862,-0.17282574530417336,0.13726520168596693,-0.022041395814694158,-0.15481517230185718,0.0014764575181038836,6,6,6,6,0,17,13,7,6,4
IL_042,32.707,35.185,True,0.466425029660814,0.16776643286216752,1.7181154452737883,-1.1801317018508446,0.33631196253385476,-0.964381086064778,1.7025404553122234,-0.40433066825771,-0.022992550118389618,2.6880997232562547,0.1481950000581143,0.46882551410336987,0.37555980703633185,-0.5987218184360921,-0.23297229192872607,1.249087686212156,-0.5455399442699829,-0.2693675864186267,-0.4386372523103101,-1.2104804520286392,-1.2022052999013864,-0.9841801882250418,-0.7136934512833535,-2.954217653005179,-3.7251593655865016,-2.6353951120212926,0.22907480642619552,-0.000992927536742036,0.07036715203432793,-0.0843693708310462,-0.2168943304382987,-0.47053053508362536,-0.564618404666536,-0.30298911170375264,-0.36104957026694745,-0.09226553927193881,-0.3789574297633535,-0.1889406451384228,-0.2805277806612867,-0.22627863063810233,-0.16789457412041106,-0.1194957411143004,-0.1711534724157458,-0.29331703309012197,-0.23830992649976981,-0.18547173453098575,-0.1232948716050105,-0.15309097023168255,-0.5050960467941736,-0.45797385238731336,-1.185547876309211,-0.1808981911111381,-0.007868398539594996,-0.400796677093131,-0.4743420639703698,-0.5468846419569181,-0.7783453774757525,-0.40711037406469774,-0.6982208754395988,-0.24492650498741353,-0.6185677000086734,0.046727599797912286,-0.4285717977572645,0.2939565253401415,0.013407302346059798,-0.12086884935980913,-0.19312772905011366,0.0659337181050458,-0.2134636894041163,0.05639972640056835,-0.03127337476267395,0.16121668520217625,-0.10355156222327933,0.04318974825727647,0.12548515675679336,-0.21162546105778862,-0.17282574530417336,0.13726520168596693,-0.022041395814694158,-0.15481517230185718,0.0014764575181038836,6,6,6,6,2,17,13,7,6,4
IL_043,32.703,35.183,True,0.07969524915940275,0.057603991349210265,1.9560216239714387,-1.2661470798050618,0.33631196253385476,-0.7984540178747652,1.364653357624367,-0.33264860822768677,0.13564492624922037,1.778175214877498,0.161237866606515,0.5898492294448912,0.3316102680876465,-0.6334783476096282,-0.18821618036829035,1.3235228001863086,-0.5754170943406742,-0.34229096251833424,-0.5315478572794514,-1.2104804520286392,-0.9313009739618762,-0.9841801882250418,-0.7136934512833535,-2.954217653005179,-3.7251593655865016,-2.6353951120212926,0.22907480642619552,-0.000992927536742036,0.07036715203432793,-0.0843693708310462,-0.2168943304382987,-0.47053053508362536,-0.564618404666536,-0.30298911170375264,-0.36104957026694745,-0.09226553927193881,-0.3789574297633535,-0.1889406451384228,-0.2805277806612867,-0.22627863063810233,-0.16789457412041106,-0.1194957411143004,-0.1711534724157458,-0.29331703309012197,-0.23830992649976981,-0.18547173453098575,-0.1232948716050105,-0.15309097023168255,-0.5050960467941736,-0.45797385238731336,-1.185547876309211,-0.1808981911111381,-0.007868398539594996,-0.4360062373960579,-0.7098622535055418,-0.3591808514536615,-0.18977325457889377,-0.0011382396292582732,-0.17209669465060531,10.81496576609561,-0.6185677000086734,0.046727599797912286,-0.4285717977572645,0.2939565253401415,0.013407302346059798,-0.12086884935980913,-0.19312772905011366,0.0659337181050458,-0.2134636894041163,0.05639972640056835,-0.03127337476267395,0.16121668520217625,-0.10355156222327933,0.04318974825727647,0.12548515675679336,-0.21162546105778862,-0.17282574530417336,0.13726520168596693,-0.022041395814694158,-0.15481517230185718,0.0014764575181038836,6,6,6,6,0,17,13,7,6,4
IL_044,31.995,34.819,True,0.466425029660814,-0.424555049480431,-0.14730274968581974,0.3391663993438705,-2.152996464087187,0.5658352094653394,-0.5781974540808085,-0.5802775428768582,-0.36141916636929095,0.24881852943338978,-0.1778766636519048,-0.23714615872217107,-0.4794584961471879,-0.6960401001219932,-0.9423566601616322,1.1332997311412523,-0.6738968566623035,-0.6576245713584067,-0.6362322915926654,2.3667100094526257,-0.7566425719787748,-0.9841801882250418,-0.7136934512833535,-0.04502634110625588,0.08536689551146102,0.0033592172604742353,0.2936045591869742,-0.6164036356494839,0.36344529636022394,-0.0843693708310462,-0.2168943304382987,-0.47053053508362536,-0.564618404666536,2.2528283815248806,0.6854000543978697,-0.09226553927193881,1.3506483280475268,0.35045767476048967,-0.2805277806612867,-0.22627863063810233,-0.16789457412041106,-0.1194957411143004,0.08884186456363026,2.3664221652694586,0.06556806707062045,-0.18547173453098575,-0.1232948716050105,-0.15309097023168255,1.0901402687481185,0.13804147691552685,1.4435427509464491,-0.1808981911111381,-0.007868398539594996,-0.400796677093131,-0.4743420639703698,-0.5468846419569181,-0.7783453774757525,-0.40711037406469774,-0.6982208754395988,-0.24492650498741353,-0.6185677000086734,1.5073175275503143,3.781904831183623,0.2939565253401415,0.1941856845196335,0.5984618694257974,-0.19001469420018816,-0.708210014915536,-0.06253863003530366,-0.6291908037096907,-0.02324382262336061,0.16121668520217625,-0.10355156222327933,0.04318974825727647,0.12548515675679336,-0.21162546105778862,-0.17282574530417336,0.13726520168596693,-0.022041395814694158,-0.15481517230185718,0.0014764575181038836,6,6,10,5,2,30,13,7,6,4
IL_045,31.991,34.816,True,-0.30703453134200853,0.20727123561851893,-0.33876570539272105,0.09323510744660134,-2.6748640587666506,0.16945387990030966,-0.6964579382715586,-0.5672444410532176,-0.4592456101293171,-0.49022813699630474,-0.060490864716297874,-0.27748739716934484,-0.4395043698302009,-0.6056731242707993,-0.5350760449616672,0.8107475705865905,-0.37643308465301223,-0.3040990929667359,-0.3567551449870201,1.740908569409029,-0.5530209905044912,-0.9841801882250418,-0.7136934512833535,-1.0167284416627866,-1.179864542987857,-0.3421015185315195,-0.1992213399808757,0.8556028731480197,0.17503918408268723,-0.0843693708310462,-0.2168943304382987,-0.47053053508362536,-0.564618404666536,-0.30298911170375264,0.8946899793308329,-0.09226553927193881,-0.3789574297633535,-0.1889406451384228,-0.2805277806612867,0.6878058801038307,-0.16789457412041106,-0.021618392561887967,-0.1711534724157458,2.3664221652694586,-0.23830992649976981,-0.18547173453098575,-0.1232948716050105,-0.15309097023168255,2.685376584290411,-0.042149204036494685,0.8593003893340802,-0.1808981911111381,-0.007868398539594996,-0.400796677093131,-0.4743420639703698,0.39163431055936476,-0.18977325457889377,-0.40711037406469774,-0.6982208754395988,-0.24492650498741353,-0.6185677000086734,0.05776480328218737,1.944060515910132,0.2939565253401415,-1.4544144423328886,-0.4565565181264255,0.1698825055229065,0.8923844601135047,2.4205885797650093,-1.055935929594648,-0.2556425723825438,0.16121668520217625,-0.10355156222327933,0.04318974825727647,0.12548515675679336,-0.21162546105778862,-0.17282574530417336,0.13726520168596693,-0.022041395814694158,-0.15481517230185718,0.0014764575181038836,6,6,10,5,0,13,13,7,6,4
IL_046,32.705,35.182,True,0.466425029660814,0.9007830010781063,1.058566707802799,-1.1897779945129554,-0.8326714495481435,-1.2317080292597986,1.1957098087804385,-0.339165159139507,-0.04943212951299128,4.085026081189839,-0.6343769928459315,0.2066074641967404,0.8070643712597906,-0.5500626775931414,0.997820775983256,0.9513472303155455,0.5787875414917575,1.0358320899081006,0.5431974444748405,1.629044835037675,-0.5108027829753053,0.9534139521198306,-0.7136934512833535,0.4622977956198144,-0.33052142447312793,-1.1929448828469025,-0.02049717007817991,-0.215008168164146,1.5197800982227894,-0.0843693708310462,-0.2168943304382987,-0.47053053508362536,-0.564618404666536,3.104767545934425,4.034038853325284,-0.09226553927193881,0.4858454491420866,-0.1889406451384228,-0.2805277806612867,-0.22627863063810233,-0.16789457412041106,-0.1194957411143004,0.6088325385223824,2.3664221652694586,-0.23830992649976981,-0.18547173453098575,-0.1232948716050105,-0.15309097023168255,-0.5050960467941736,0.16576312013891467,0.5671792085278956,-0.1808981911111381,-0.007868398539594996,0.37381364957126173,0.7032588837054903,-0.3591808514536615,-0.18977325457889377,-0.16352709340343405,-0.17209669465060531,5.525452071229815,-0.6185677000086734,-0.14090485943476405,1.032065663952064,0.2939565253401415,-0.27411053414842945,2.6125878820254957,3.2927120260737843,0.5157739954007893,-0.2333606857708197,-0.4472994385783975,1.706198176613359,0.16121668520217625,-0.10355156222327933,0.04318974825727647,0.12548515675679336,-0.21162546105778862,-0.17282574530417336,0.13726520168596693,-0.022041395814694158,-0.15481517230185718,0.0014764575181038836,6,6,6,5,1,17,13,7,6,4
IL_047,32.706,35.178,True,0.466425029660814,0.5360046471386073,1.3459545193214173,-1.1592457143025248,0.33631196253385476,-0.9735992565197786,1.5335969064682957,-0.43039687190499126,0.1092053468546187,1.6756485097080602,-0.09961946436150025,0.48899613332695674,-0.1598254856112926,-0.5153061484196052,0.48312549303824537,1.1084880264832013,-0.37087985366521126,-0.10271341873516715,-0.2674838916157448,0.5247323706138538,-0.9768455415817475,0.40321497737069,1.5239317840300237,0.6670307522793827,-0.47825005884914185,-1.0894773441931211,-0.46504048897127026,1.2556501581575503,-0.5910609179112558,-0.0843693708310462,-0.2168943304382987,-0.47053053508362536,-0.564618404666536,-0.30298911170375264,0.2668202045319428,-0.09226553927193881,0.053444009689366564,-0.1889406451384228,3.294635200669652,-0.22627863063810233,-0.16789457412041106,-0.1194957411143004,-0.1711534724157458,-0.29331703309012197,-0.23830992649976981,-0.18547173453098575,-0.1232948716050105,-0.15309097023168255,-0.5050960467941736,-0.31243522546452684,-0.017063153084473304,-0.1808981911111381,-0.007868398539594996,2.169501225020536,0.7032588837054903,0.39163431055936476,0.9873709912148237,-0.40711037406469774,-0.6982208754395988,-0.24492650498741353,-0.6185677000086734,-0.05996536721674681,1.7492526327375832,-0.9964372474350444,0.09423313191854497,-0.3726346009347714,0.027366251539731684,-0.3106767466076697,-0.26995168488434507,-2.3851420594002524,-1.279918543543388,0.16121668520217625,-0.10355156222327933,0.04318974825727647,0.12548515675679336,-0.21162546105778862,-0.17282574530417336,0.13726520168596693,-0.022041395814694158,-0.15481517230185718,0.0014764575181038836,6,6,6,5,0,13,13,7,6,4
IL_048,31.365,34.72,True,0.466425029660814,-0.8419863479502997,0.5545743023995592,0.139029210075748,-1.1249173025686434,-0.7431449951447608,-0.8822958419998794,-0.5216285846704756,-0.34555541873252993,0.3128977201642883,0.04385206767090822,-0.015269347262715335,-0.179802548769786,-0.7122598137363101,-0.5999724067242989,1.0836763218251502,-0.5276240420614122,0.14124645788814447,-0.3159067290536081,0.4541754846178471,-0.9383795898773962,0.19730453117283706,-0.7136934512833535,-0.6582186133359159,-0.11392756223611332,0.42158743303396656,0.8162713436994686,0.21805189582658263,-0.36733675769176644,-0.0843693708310462,-0.2168943304382987,-0.47053053508362536,-0.564618404666536,0.12298047050101955,-0.36104957026694745,-0.09226553927193881,-0.3789574297633535,-0.1889406451384228,-0.2805277806612867,0.6878058801038307,-0.16789457412041106,-0.1194957411143004,0.9988255439914465,-0.29331703309012197,-0.12435567891087347,-0.18547173453098575,-0.1232948716050105,-0.15309097023168255,1.8877584265192648,-0.2292702957943631,0.5671792085278956,-0.1808981911111381,-0.007868398539594996,-0.04870107406386159,0.23221850463514626,-0.5468846419569181,-0.7783453774757525,-0.40711037406469774,-0.6982208754395988,7.929776477986994,-0.6185677000086734,1.4263780353322972,1.2854243394696092,0.2939565253401415,-0.1911252358469084,-0.36064575562167794,0.045968532960018224,-1.3045099173773356,-0.3938819140247971,0.1613370524378529,1.2954357773476424,0.16121668520217625,-0.10355156222327933,0.04318974825727647,0.12548515675679336,-0.21162546105778862,-0.17282574530417336,0.13726520168596693,-0.022041395814694158,-0.15481517230185718,0.0014764575181038836,6,6,10,5,0,13,13,7,6,4
IL_049,31.365,34.72,True,0.466425029660814,0.10111773814849033,0.6819855946109391,-0.4884711443632148,-2.711394790394212,-0.2638001314847247,-0.5275143894276298,-0.46949617737591304,-0.12875086769679628,3.0939345978852777,0.08298066731611049,-0.15646368182782353,0.8550093228401751,-0.6867716923423837,-0.09870395724741891,1.1663820040186534,-0.48948045615255614,0.15456066331379886,-0.432868187953736,0.8112035966854372,-1.1116442625198673,0.3651802032903818,-0.7136934512833535,-0.23667122903372462,0.18218261501865965,-0.8862973978960571,-1.4964342862691118,0.26213138672473174,0.07789263621601306,-0.0843693708310462,-0.2168943304382987,-0.47053053508362536,-0.564618404666536,-0.30298911170375264,3.406169078526394,-0.09226553927193881,8.557338985592862,-0.08106098115864031,0.9111932131156929,1.6018903908457638,-0.16789457412041106,-0.1194957411143004,-0.1711534724157458,-0.29331703309012197,-0.16234042810717228,-0.18547173453098575,-0.1232948716050105,-0.15309097023168255,0.5583948302340213,0.4707011955961817,1.1514215701402646,-0.1808981911111381,-0.007868398539594996,-0.3303775564872771,-0.23882187443519778,-0.3591808514536615,-0.18977325457889377,-0.40711037406469774,-0.6982208754395988,0.2359383763640222,-0.6185677000086734,-1.3182065644241059,1.672148708661868,0.2939565253401415,-0.789606569322562,-0.04893577748124847,-0.1742976645920277,0.4634669864129121,0.9290569467820669,-0.8950320296708116,-0.679794200029448,0.16121668520217625,-0.10355156222327933,0.04318974825727647,0.12548515675679336,-0.21162546105778862,-0.17282574530417336,0.13726520168596693,-0.022041395814694158,-0.15481517230185718,0.0014764575181038836,6,6,10,5,2,13,13,7,6,4
IL_050,31.744,34.757,True,0.466425029660814,-0.250750621285994,0.3365064540522615,-0.06658388776072731,-0.7074232268250727,-0.10709123374971119,-0.44304261500566616,-0.5802775428768582,-0.22128939557790211,2.34634403935813,0.04385206767090822,-0.015269347262715335,3.148376173435223,-0.6520151631688476,-0.6782956019550613,1.2160054133347549,-0.6397989468582514,-0.3618205667153481,-0.6099076767477621,0.9655653401466473,-0.8129590586565347,0.6767691464458127,-0.7136934512833535,0.7455312661296889,-0.012960144091174106,-0.6546468720522747,-0.5493275906006322,-0.000992927536742036,-1.8966069280001687,-0.0843693708310462,-0.2168943304382987,-0.47053053508362536,-0.564618404666536,1.4008892171153362,1.3132698291967597,-0.09226553927193881,0.19757782284027323,-0.1889406451384228,-0.2805277806612867,0.07841620627587534,-0.16789457412041106,-0.1194957411143004,-0.1711534724157458,-0.29331703309012197,-0.23830992649976981,-0.18547173453098575,-0.1232948716050105,-0.15309097023168255,0.026649391719923816,-0.09759249048327054,0.5671792085278956,-0.1808981911111381,-0.007868398539594996,0.09213716714784619,0.23221850463514626,-0.5468846419569181,-0.7783453774757525,-0.40711037406469774,-0.6982208754395988,-0.24492650498741353,-0.6185677000086734,-0.9723741885834867,1.1756717225430835,0.2939565253401415,0.013407302346059798,-1.3197533806691533,-0.24863086259390738,0.7982318439353259,0.12484930870223912,-1.6365891336676224,-1.1113577219587953,0.16121668520217625,-0.10355156222327933,0.04318974825727647,0.12548515675679336,-0.21162546105778862,-0.17282574530417336,0.13726520168596693,-0.022041395814694158,-0.15481517230185718,0.0014764575181038836,6,6,6,5,2,30,13,7,6,4
IL_051,31.744,34.754,True,0.466425029660814,-0.35665355975333995,1.0730621378741108,-0.46932969405791014,-0.4830201611129032,-0.5126907337697434,-0.39235955035248704,-0.36523136278678825,-0.1763421106070793,0.9451457353758187,-0.04744799816789715,0.004901271960871549,0.21174788913668574,-0.7099427117914078,-0.38514307123420743,1.050594048947749,-0.5128550354718516,-0.12673548943808657,-0.4105428422201378,1.6170607964593025,-0.9600730694562817,1.2892974920154032,-0.7136934512833535,-0.1637142272999446,0.8001220316007,0.7195984401026949,0.17281258946403136,1.208144826536438,-2.7464115810250918,-0.0843693708310462,-0.2168943304382987,-0.47053053508362536,1.8043324550264095,0.8329297741756398,2.7782993037275037,-0.09226553927193881,-0.09068980346154015,-0.1889406451384228,2.1029142068926725,-0.22627863063810233,-0.16789457412041106,-0.1194957411143004,14.908576072388065,0.5932626996964049,-0.08637092971457469,-0.18547173453098575,-0.1232948716050105,-0.15309097023168255,0.5583948302340213,1.2746288490744309,1.7356639317526334,-0.1808981911111381,-0.007868398539594996,0.197765848056627,0.9387790732406623,0.39163431055936476,-0.18977325457889377,-0.24472152029052197,-0.17209669465060531,-0.24492650498741353,-0.6185677000086734,0.12398802418783784,-0.477364124711428,-0.9964372474350444,0.47553361035973457,-3.15404671357245,-2.7136229699800403,0.9028458619110802,0.17598189885002616,0.14034958723039598,-1.8010623791659184,0.16121668520217625,-0.10355156222327933,0.04318974825727647,0.12548515675679336,-0.21162546105778862,-0.17282574530417336,0.13726520168596693,-0.022041395814694158,-0.15481517230185718,0.0014764575181038836,6,6,6,5,0,13,13,7,6,4
IT_001,37.515,15.084,True,0.466425029660814,-0.6777847877597943,-0.5154831628880566,0.7181288447393701,0.33631196253385476,0.28929009581531795,1.533596906468294,-0.09153622449033554,2.3830091747903617,2.8942766554059443,-0.008319398522694886,-0.2976580163929317,3.4635662851246694,0.8332471835135977,1.2216013337854346,1.1167585947025513,-0.4278292443615248,-0.4432414970868768,-0.4910057821752236,0.09773041480809504,-0.04986777168992108,-0.059421035455516594,-0.7136934512833535,0.25154858875210095,0.2567089720127564,0.2331696111438635,0.6620580427106497,-1.2819144600083874,0.19252236645268975,-0.0843693708310462,-0.2168943304382987,-0.47053053508362536,-0.564618404666536,-0.30298911170375264,-0.36104957026694745,-0.09226553927193881,-0.3789574297633535,-0.1889406451384228,-0.2805277806612867,-0.22627863063810233,-0.16789457412041106,-0.1194957411143004,-0.1711534724157458,-0.29331703309012197,-0.23830992649976981,-0.18547173453098575,-0.1232948716050105,-0.15309097023168255,-0.5050960467941736,-0.45797385238731336,-1.185547876309211,-0.1808981911111381,-0.007868398539594996,-0.25995843588142326,-0.23882187443519778,-0.5468846419569181,-0.7783453774757525,-0.40711037406469774,-0.6982208754395988,-0.24492650498741353,-0.6185677000086734,1.3307222718019132,2.441862725723968,0.2939565253401415,-0.4459425458731403,-0.10888000404671569,-0.037172275836772635,-1.8589642126488333,-0.3233263705660491,-1.083919216537924,1.1708681347298084,1.9857840123885195,-0.9213796137602591,0.14506042858847654,1.0195550590455735,-0.21162546105778862,-0.17282574530417336,0.13726520168596693,0.5855738203432391,-0.9857227636867705,0.21810421549753062,7,6,4,5,2,30,3,3,1,2
IT_002,36.804,15.133,True,-0.6937643118434198,1.3015034272814094,0.44775579860125453,-1.0373366302617637,0.33631196253385476,0.28929009581531795,-0.8822958419998829,0.6774167831044601,0.29428240261683036,1.7586951408953042,-0.09961946436150025,0.16626622574956662,-0.5969795632959731,-0.10981330806168346,-0.09870395724741891,1.2160054133347549,-0.17236492716323992,-0.1623985757480955,0.11035010905794891,0.09773041480809504,-0.04986777168992108,-0.059421035455516594,-0.7136934512833535,0.25154858875210095,0.2567089720127564,0.2331696111438635,0.47804625065625206,0.44718788485766037,-1.829522236971442,-0.0843693708310462,-0.2168943304382987,-0.47053053508362536,-0.564618404666536,-0.30298911170375264,-0.36104957026694745,-0.09226553927193881,-0.3789574297633535,-0.1889406451384228,-0.2805277806612867,-0.22627863063810233,-0.16789457412041106,-0.1194957411143004,-0.1711534724157458,-0.29331703309012197,-0.23830992649976981,-0.18547173453098575,-0.1232948716050105,-0.15309097023168255,-0.5050960467941736,-0.45797385238731336,-1.185547876309211,-0.1808981911111381,-0.007868398539594996,-0.2951679961843502,-0.4743420639703698,-0.5468846419569181,-0.7783453774757525,-0.40711037406469774,-0.6982208754395988,-0.24492650498741353,-0.6185677000086734,1.0363968455545778,1.1907310827141215,0.2939565253401415,1.2023490854466623,-2.03908409945476,-0.5975185488233631,-1.9321940252318612,-0.46568021900805906,-1.734530637969088,-1.00631603739686,0.16121668520217625,-0.10355156222327933,0.04318974825727647,0.12548515675679336,-0.21162546105778862,-0.17282574530417336,0.13726520168596693,-0.022041395814694158,-1.2873439333958654,0.0014764575181038836,7,6,4,3,1,13,16,7,1,4
NL_001,52.071,5.736,True,0.466425029660814,-1.862847244548379,-1.8507079134508722,2.2472055495237857,0.8373048534261397,0.7501986185653541,-1.0005563261906296,-0.5672444410532176,-0.3984345775217332,-0.913150795820234,-0.1778766636519048,-0.6607291624174956,0.21174788913668574,-0.4805496192460691,-0.8617956593528479,-0.7358486864319136,-0.4125169900291124,-0.5041858455036119,-0.6064018232580046,0.44531641382477705,0.5903184775718283,0.7553794084118929,2.413250230020504,-2.954217653005179,-3.7251593655865016,-1.4244656562365543,0.6313350401131317,0.3948126136385343,1.6519691404402024,-0.0843693708310462,-0.2168943304382987,-0.47053053508362536,2.041227540995704,-0.30298911170375264,-0.36104957026694745,-0.09226553927193881,-0.09068980346154015,-0.1889406451384228,-0.2805277806612867,0.38311104318985295,0.018800353714184766,-0.1194957411143004,-0.1711534724157458,-0.29331703309012197,-0.23830992649976981,-0.18547173453098575,-0.1232948716050105,-0.08599119014037673,1.621885707262216,0.01329408241028117,0.5671792085278956,-0.11244326249064997,-0.007868398539594996,-0.013491513760934644,0.23221850463514626,1.8932646345854174,2.7530873599054,-0.16352709340343405,0.8801516669273817,-0.24492650498741353,1.5643914464875361,0.41831345043517326,-0.2364143619748182,-0.9964372474350444,0.25711877319439297,1.018071455384068,-0.9404838760700337,0.0659337181050458,-0.2134636894041163,0.05639972640056835,-0.03127337476267395,-2.0767770203715865,2.5283167765796546,-2.497323149525498,-2.3086930439059317,3.2365596372893237,0.774571087416324,-1.7186867717754812,-1.6910261623221605,0.024799052718388545,-2.297711087726307,8,1,1,3,1,13,2,0,6,9
NL_002,52.059,5.752,True,0.466425029660814,-1.7353127121827352,-1.7372911023393542,2.1017305272034705,0.2110637398107834,0.9529983685753688,-0.8147184224623082,-0.44342997372863185,-0.4037224934006536,-0.9772299865511322,-0.6343769928459315,-0.6607291624174956,0.878981798630367,-0.4133536628438992,-0.47017968319903536,-0.7193075499932126,-0.14919445064694334,-0.2382716611906888,-0.31873092615442344,0.5427822312262325,-0.566675714772978,0.9474376313609008,2.5495241817457623,-2.954217653005179,-3.7251593655865016,-0.4907415732217663,0.4967430640881308,0.026772899543143727,1.0721591636497627,-0.0843693708310462,-0.2168943304382987,-0.1319510646468539,-0.0908282327279469,-0.30298911170375264,-0.36104957026694745,-0.09226553927193881,0.19757782284027323,-0.1889406451384228,-0.2805277806612867,-0.22627863063810233,0.39219020938337645,-0.1194957411143004,-0.1711534724157458,-0.29331703309012197,-0.23830992649976981,-0.18547173453098575,-0.1232948716050105,-0.15309097023168255,0.026649391719923816,-0.18075742015343427,0.2750580277217112,-0.24935311973162627,0.36631766534336446,0.09213716714784619,0.46773869417031827,3.582598749114726,3.341659482802259,0.08005618725782962,0.3540274861383882,-0.24492650498741353,0.7587261763467392,0.5728342992150244,0.3042769056061342,0.2939565253401415,-0.7130996772081486,1.1379599085150023,-0.14833039828289302,0.0659337181050458,-0.2134636894041163,0.05639972640056835,-0.03127337476267395,-2.067608918155832,2.449325641577525,-2.3844679192721983,-2.4462946599006097,2.8808195898136835,1.2575615930044157,-1.6783505126113203,-1.6471393380415453,0.024799052718388545,-2.628499121368124,8,1,1,3,1,13,2,0,6,9
NL_003,52.041,5.809,True,0.466425029660814,-1.686871304997356,-1.8858479017071188,2.1672475925522603,0.701619278809479,0.7501986185653541,-0.5950918089652016,-0.5216285846704756,-0.37199499812713155,-0.9900458246973121,-0.19091953020030558,-0.6607291624174956,0.46345888493370313,-0.27664464809465694,-0.7946614920121943,-0.8433660732834672,-0.3750072464246228,-0.4663069275128561,-0.6342487061387055,-0.029550967174987754,0.5590449491584208,0.4205716557092194,-0.7136934512833535,-2.954217653005179,-3.7251593655865016,-0.7903671402857836,0.3753340772097293,-0.6161690159523091,1.192558705276853,-0.0843693708310462,-0.2168943304382987,-0.47053053508362536,0.38296193921064214,-0.30298911170375264,-0.36104957026694745,-0.09226553927193881,-0.09068980346154015,-0.1889406451384228,-0.2805277806612867,-0.22627863063810233,1.6057072403082493,-0.1194957411143004,-0.1711534724157458,-0.29331703309012197,-0.23830992649976981,-0.18547173453098575,-0.1232948716050105,-0.15309097023168255,0.026649391719923816,0.20734558497399655,-0.017063153084473304,-0.12765546885075843,0.36631766534336446,0.16255628775370007,-0.003301684900025763,-0.5468846419569181,-0.7783453774757525,-0.16352709340343405,0.8801516669273817,-0.24492650498741353,1.5643914464875361,0.3447320938733394,0.6158249488245706,0.2939565253401415,-0.5798296070733638,0.28675189128536793,-1.5578518361857474,0.0659337181050458,-0.2134636894041163,0.05639972640056835,-0.03127337476267395,-1.8623004608043285,1.874283940088354,-1.6494047588094567,-2.603214225968721,1.3694451214483894,2.3914820805586223,-0.6855008948936189,-1.5938846677387741,0.024799052718388545,-2.6831691255909185,8,1,1,3,2,13,13,1,6,9
NL_004,52.028,5.798,True,0.466425029660814,-1.6789369365790612,-1.5331408423386226,1.940360832224573,0.6494325193415327,0.8884711753903649,-0.7640353578091298,-0.40433066825771,-0.538564348313122,-1.0071336088922183,-0.6343769928459315,-0.4590229701816268,-0.41947936172012706,-0.46664700757665467,-0.9065517709132835,-0.9674245965737212,-0.2905878839579116,-0.3810567018268106,-0.5053085505647921,-0.5223457382286988,0.540295568693028,-0.9841801882250418,1.3097681634893428,0.589423909588805,0.38552405582367183,-0.6489700757977857,0.8645547700536514,-0.02264815799829857,1.6903419981451426,-0.0843693708310462,-0.2168943304382987,-0.47053053508362536,3.817940685765413,-0.30298911170375264,-0.36104957026694745,-0.09226553927193881,0.4858454491420866,-0.08106098115864031,-0.2805277806612867,-0.22627863063810233,-0.16789457412041106,-0.1194957411143004,-0.1711534724157458,-0.29331703309012197,-0.23830992649976981,-0.18547173453098575,-0.1232948716050105,-0.15309097023168255,0.026649391719923816,0.12418065530383288,-0.017063153084473304,-0.21132260383135507,-0.3820544624225545,-0.4360062373960579,-0.7098622535055418,0.016226729552851628,0.9873709912148237,-0.40711037406469774,-0.6982208754395988,-0.24492650498741353,-0.6185677000086734,1.5588244771435982,1.3185549318458931,0.2939565253401415,-0.2793549582046594,1.9052460085529825,0.07595996627027611,0.4948511918056384,-0.14037137499842223,1.3646183909987157,0.47096216066082824,-2.0577927397152966,2.3925971914108475,-2.3054368676294286,-2.251256724520049,2.5787980431531885,0.8547455513195927,-1.0543050501699684,-1.7331807045498857,0.024799052718388545,-2.6468741117918024,8,1,1,3,1,13,0,1,6,9
NL_005,52.012,5.805,True,-1.080494092344831,-2.078077427853071,-2.3689650706655363,2.698701479889669,0.33631196253385476,0.5013080162803354,-0.9160845517686653,-0.554211339229577,-0.5015489371606798,-0.7422729538711716,-0.6343769928459315,-0.6607291624174956,1.5582019460191445,-0.6033560223258968,-1.1146676896693095,-0.032850387787138564,-0.3420604924206284,-0.43303590849076035,-0.644783438187461,0.0531865886458512,0.5995423658978991,-0.9841801882250418,-0.7136934512833535,-0.4500761971030207,0.3264717553807361,-0.038266290702316505,0.610888438503203,-0.4332459259476007,1.3551926423238139,-0.0843693708310462,-0.2168943304382987,-0.47053053508362536,-0.20927577571259415,-0.30298911170375264,-0.36104957026694745,-0.09226553927193881,1.3506483280475268,-0.1889406451384228,-0.2805277806612867,-0.22627863063810233,-0.16789457412041106,-0.1194957411143004,-0.1711534724157458,-0.29331703309012197,-0.23830992649976981,-0.18547173453098575,-0.1232948716050105,-0.15309097023168255,-0.5050960467941736,-0.3332264578820678,-0.6013055146968422,-0.23414091337151777,-0.3820544624225545,-0.4360062373960579,-0.7098622535055418,-0.5468846419569181,-0.7783453774757525,-0.24472152029052197,-0.17209669465060531,-0.24492650498741353,-0.6185677000086734,0.47717853568464036,0.5484794901396882,1.5843502981153275,0.5995488145129371,0.6224395600519843,-0.40170106399512234,-0.20606272863191538,-0.04042516208364231,1.53951393439419,1.6143863248566446,-1.681919909946367,1.9274019118378867,-1.8417524785323571,-2.192074495344639,0.7576242110263163,3.4294585608552617,-0.7060662760432274,-1.0162974075407527,0.024799052718388545,-2.0018408987522203,8,1,1,3,0,13,13,1,6,9
NL_006,52.016,5.772,True,0.466425029660814,-1.3102811239648158,-1.2536356841078653,1.5503113803071114,0.6285578155543541,0.5105261867353351,-0.6119861638495943,-0.43691342281681156,-0.2715245964276452,-0.7422729538711716,-0.13874806400670253,-0.6607291624174956,0.9189359249473535,-0.46664700757665467,-0.5395516561177107,-0.620060731361009,-0.11257335767463311,-0.20129014001430975,-0.4469216758591447,0.6460478054776486,-0.9025872076453775,1.1425224697358018,-0.7136934512833535,-0.7343409475428461,0.4960090583230781,0.3514067407978414,0.22907480642619552,-0.6798281410344502,1.4484888429258769,-0.0843693708310462,-0.2168943304382987,0.03733867057153182,1.212094740103173,-0.30298911170375264,-0.36104957026694745,-0.09226553927193881,0.053444009689366564,-0.1889406451384228,-0.2805277806612867,-0.22627863063810233,-0.16789457412041106,-0.07055706683809418,-0.1711534724157458,1.0365525660896684,-0.23830992649976981,-0.18547173453098575,-0.1232948716050105,-0.15309097023168255,0.29252211097697256,-0.14610536612419936,0.5671792085278956,-0.1428676752108669,0.36631766534336446,0.47944233048004253,0.9387790732406623,-0.5468846419569181,-0.7783453774757525,-0.16352709340343405,-0.17209669465060531,-0.24492650498741353,-0.6185677000086734,0.05040666762600398,0.8878572309542031,-0.9964372474350444,0.4113665395540975,1.1739264444542827,-0.10588682557293312,2.356980711774065,4.515717954427366,3.0156323206519926,2.273805822630129,-2.110653566074529,2.4960176722478016,-2.427688139665565,-2.367035616358458,1.5407006822511315,2.624279176648726,-0.5505893625418015,-1.468832841750241,0.024799052718388545,-2.4139453541625353,8,1,1,3,2,13,12,2,6,9
NL_007,52.044,5.674,True,0.466425029660814,-1.681191967603208,-1.515916865600331,1.9308143367558512,0.701619278809479,0.9069075163003648,-1.0174506810750223,-0.45646307555227245,-0.32704771315630876,-0.8106240906507965,-0.23004812984550785,-0.6607291624174956,0.34759191861444116,0.6664158434806241,-0.36947843218805504,-1.1990005067155294,-0.3502914126056009,-0.44134783815795525,-0.49258698893425934,-0.3712791134564653,0.870153099047652,0.09606779833927985,1.750805432300322,-0.49144426051324563,0.5371734196989552,0.7986954146567637,0.2982353606197667,-0.9390205753226389,0.5305551887577554,-0.0843693708310462,-0.2168943304382987,-0.47053053508362536,0.5014094821952895,-0.30298911170375264,-0.36104957026694745,-0.09226553927193881,-0.3789574297633535,-0.1889406451384228,-0.2805277806612867,-0.22627863063810233,2.212465755770686,-0.1194957411143004,-0.1711534724157458,-0.29331703309012197,-0.23830992649976981,-0.18547173453098575,-0.1232948716050105,-0.15309097023168255,-0.5050960467941736,0.37367544431432403,-0.6013055146968422,0.0016482852101636356,0.36631766534336446,3.9651888004698095,-0.003301684900025763,9.026008673709168,3.341659482802259,1.8663335787737634,0.8801516669273817,-0.24492650498741353,1.0143741814405645,0.4624622643722736,0.878339715326107,-0.9964372474350444,0.30524407629862077,-0.3966122915609583,-1.3696271192841543,2.555747345927998,6.70410569132619,2.3510292557491907,1.0344255217024692,-1.347974040378116,1.8953028702665902,-2.002042619208032,-1.8432664372876697,0.861371088978644,1.3700284927083557,0.3487986863828461,-1.5172109942781944,2.7972616419705494,-1.7560857858099481,8,1,15,5,2,13,4,1,6,9
NL_008,52.044,5.675,True,-3.4008727753532986,-1.7775736639686002,-2.0297142431238306,2.310541943318807,-1.9285933983750172,0.7594167890203545,-1.3215490689940934,-0.4890458301113739,-0.4037224934006536,-0.7807204683097108,-0.19091953020030558,-0.6607291624174956,0.7071790554673233,1.264228145265446,-0.9132651876473489,-0.33059084368374925,-0.564808575205071,-0.6579762986292864,-0.7703784709642787,-0.6522804751374541,-0.35299735649677844,-0.9841801882250418,-0.7136934512833535,-0.056958274178824986,0.45750735288307587,0.7184666252247428,0.5498097514915832,1.1576988051214725,1.253128093519036,-0.0843693708310462,-0.2168943304382987,-0.47053053508362536,0.14606685324134766,-0.30298911170375264,-0.36104957026694745,-0.09226553927193881,-0.3789574297633535,-0.1889406451384228,-0.2805277806612867,-0.22627863063810233,-0.16789457412041106,-0.1194957411143004,-0.1711534724157458,-0.29331703309012197,-0.23830992649976981,-0.18547173453098575,-0.1232948716050105,-0.15309097023168255,0.29252211097697256,-0.3540176902996087,-0.6013055146968422,-0.272171429271789,-0.007868398539594996,-0.4360062373960579,-0.7098622535055418,-0.3591808514536615,-0.18977325457889377,-0.40711037406469774,-0.6982208754395988,-0.24492650498741353,-0.6185677000086734,1.1688432873658787,2.0503193612769772,0.2939565253401415,0.16734657317304494,1.0300603006971614,-0.02995914630645745,1.1748423086480413,1.0607640444315911,2.6588454121252254,3.494935330109623,-1.4748551303383808,2.0756424342248456,-2.193552789980042,-1.8432664372876697,0.9962081762637318,1.285170912393355,-0.11122702884763337,-0.005615923088887115,2.7972616419705494,-0.8753284667514827,8,1,15,1,0,33,4,1,6,9
NL_009,52.0287,5.753,True,0.466425029660814,-1.6309966473990485,-1.5805836711222203,1.9424445850426184,0.09103419303450667,1.3309433572303992,-0.7978240675779156,-0.5085954828468349,-0.40901040927957394,-0.9985897167947652,-0.6343769928459315,-0.4590229701816268,0.5833212638846639,-0.5129890464747029,-0.9065517709132835,-0.9922363012317722,-0.002061135246935169,-0.08969024601199804,-0.26245625429324215,0.239998845937917,-0.3955690301541256,-0.9841801882250418,-0.7136934512833535,-0.28676355959391364,0.48640008892570086,-0.8867470886076622,0.4961955678245957,-0.000992927536742036,0.2485846857557555,-0.0843693708310462,-0.2168943304382987,-0.47053053508362536,0.38296193921064214,-0.30298911170375264,-0.36104957026694745,-0.09226553927193881,0.7741130754439,-0.1889406451384228,-0.2805277806612867,-0.22627863063810233,-0.12122084216176211,-0.1194957411143004,-0.1711534724157458,-0.29331703309012197,-0.23830992649976981,-0.18547173453098575,-0.1232948716050105,-0.15309097023168255,-0.5050960467941736,-0.27778317143529196,-0.3091843338906578,-0.0896249529504872,0.740503729226324,-0.4360062373960579,-0.7098622535055418,-0.17147706095040494,-0.18977325457889377,0.7296116023545328,1.4062758477163753,-0.24492650498741353,1.599670474629379,-0.22920248730896467,-0.4672442346764904,0.2939565253401415,0.013407302346059798,0.38266265379011544,-0.22775075079562657,-0.30021534481009426,0.12360654717772512,-0.8600529209917167,-1.5614111307002587,-2.169424283912611,2.6671977273143384,-2.6479685659885477,-2.2730535616962984,4.191018661900006,-0.36464588629519973,-2.199772770108419,-1.9273351952245685,0.024799052718388545,-2.6422832559255967,8,1,1,3,2,13,2,1,6,9
NL_010,52.0133,5.751,True,-3.4008727753532986,-1.5755395881385457,-1.7570525399364123,2.0214818140247752,0.5607150282460244,1.0359619026703752,-0.6626692285027727,-0.4955623810231943,-0.3429114607930698,-0.652562086847914,-0.08657659781309943,-0.6607291624174956,2.0176743986644934,-0.5801850028768727,-0.8282285756825211,-0.26442629792894684,-0.19531020993098042,-0.28484129606796893,-0.5330304020013347,-1.2104804520286392,0.884498878541812,-0.9841801882250418,-0.7136934512833535,0.601922804614517,0.2271959727932491,-1.7498522388312903,-0.18493239780280984,-1.5062968323544177,2.4999804586248584,-0.0843693708310462,-0.2168943304382987,-0.47053053508362536,-0.564618404666536,-0.30298911170375264,-0.36104957026694745,-0.09226553927193881,0.4858454491420866,-0.1889406451384228,-0.2805277806612867,-0.22627863063810233,-0.16789457412041106,-0.1194957411143004,-0.1711534724157458,-0.29331703309012197,-0.23830992649976981,-0.18547173453098575,-0.1232948716050105,-0.15309097023168255,-0.5050960467941736,-0.41639138755223154,-0.8934266955030267,-0.18850429429119234,0.36631766534336446,-0.4360062373960579,-0.7098622535055418,-0.5468846419569181,-0.7783453774757525,-0.40711037406469774,-0.6982208754395988,0.2359383763640222,-0.6185677000086734,-0.46466282830683303,0.9844780858115837,-0.9964372474350444,0.6951824296559539,1.8812683179267957,-0.29054294154900195,0.6936178259595716,0.0043270647733409315,1.070793878094319,0.23091242325525224,-2.1496802285103804,2.5915818567547926,-2.5467823236991523,-2.2646766184684406,3.7309628224627156,0.37349561758301614,-2.083826412591904,-1.755252462207888,0.024799052718388545,-2.713030982440966,8,1,15,1,0,33,2,0,6,9
NL_011,52.0154,5.832,True,0.466425029660814,-1.5016246823470625,-1.014114757590999,1.510380861189209,0.33631196253385476,0.5381806981003373,-0.7471410029247372,-0.15670173360853853,-0.1789860685465394,-0.7422729538711716,-0.6343769928459315,-0.6607291624174956,0.6991882302039258,1.1970321888632762,0.08703390572838923,0.17391381769661865,0.014228281911102739,-0.07324050689480838,-0.0017599892518059945,-0.5584134807748714,1.3614458306323738,-0.9841801882250418,-0.7136934512833535,0.29689431545558037,0.07051193150717508,-0.05430822942832721,0.6919011839166963,-0.36473174926710517,0.5650432555875319,-0.0843693708310462,-0.2168943304382987,-0.47053053508362536,0.7383045681645839,-0.30298911170375264,-0.36104957026694745,-0.09226553927193881,-0.3789574297633535,-0.1889406451384228,-0.2805277806612867,-0.22627863063810233,-0.16789457412041106,-0.1194957411143004,-0.1711534724157458,-0.29331703309012197,-0.23830992649976981,-0.18547173453098575,-0.1232948716050105,-0.018891410049070915,0.026649391719923816,-0.263922349823598,-0.3091843338906578,0.18419476153146536,1.1146897931092834,-0.4360062373960579,-0.7098622535055418,-0.5468846419569181,-0.7783453774757525,-0.0011382396292582732,0.8801516669273817,-0.24492650498741353,1.2696341585195547,0.6096249774959414,1.1744669737294005,2.874744070890513,0.035618980701857254,2.3608221304505332,3.1530810239027356,1.1329967014577396,0.2381968469226029,-0.4752827255216734,-0.6323740161794089,-2.0487236066043284,2.3127160575860555,-2.191183851258357,-2.2963299232870376,1.4188426836688979,1.8476063590643852,-0.5149473219007104,-1.62044790661851,0.024799052718388545,-2.441051295437241,8,1,1,5,2,13,9,1,6,9
NL_012,52.0449,5.921,True,0.466425029660814,-1.70140372715297,-0.8336474656054178,1.5125615327429782,0.49287224093769455,0.5566170390103398,-0.64577487361838,-0.4825292791995537,-0.5015489371606798,-0.7935363064558904,-0.6343769928459315,-0.39851111251086613,-0.12786218455770298,-0.457378599797045,-0.8550822426187824,0.33105461386427376,0.2913509449827365,0.20660962320882256,-0.10471345562820422,-0.13211399199927776,0.9932741862748666,-0.9841801882250418,0.45866007150896654,0.6026997701763532,0.1528823050070421,0.0748121718408884,0.27032481118374857,-1.7568415824601562,1.5176909149971614,-0.0843693708310462,-0.2168943304382987,-0.47053053508362536,-0.3869470901895651,-0.30298911170375264,-0.36104957026694745,-0.09226553927193881,-0.3789574297633535,-0.1889406451384228,-0.2805277806612867,-0.22627863063810233,0.6722326011352702,-0.1194957411143004,-0.1711534724157458,-0.29331703309012197,-0.23830992649976981,-0.18547173453098575,-0.1232948716050105,0.14885804017919366,-0.5050960467941736,-0.12531413370665842,-0.3091843338906578,-0.05920054023027027,0.740503729226324,-0.4360062373960579,-0.7098622535055418,0.016226729552851628,0.398798868317965,-0.08233266651634617,0.3540274861383882,0.2359383763640222,0.7587261763467392,0.7199970123386921,3.504330704511049,-2.28683102021023,-1.9029669469069093,1.4976252679078055,-0.29259298888919677,0.12870212889049837,-0.352178937093941,0.40619081319151684,-0.01583192834091753,-2.116678795057806,2.480176441102583,-2.4001467009064816,-2.2208647836794886,2.9971550064142325,1.3498441920030053,-1.3454998992052245,-1.7323465351720677,0.024799052718388545,-2.7006271716400216,8,1,1,5,2,13,11,0,6,9
NL_013,52.0445,5.963,True,0.466425029660814,-1.7451589384073867,-1.109905220465353,1.7120521876205272,0.5763710560864088,0.8700348344803625,-0.45993696989005883,-0.22838379363856195,2.1186133808443453,-0.9644141484049527,-0.19091953020030558,-0.6607291624174956,1.2505551733783453,0.214580964224654,-0.38066746007816393,-0.620060731361009,-0.08165164579725798,-0.1700640937718428,-0.021426014473385272,0.4339420337023176,0.11075448314186027,-0.1349777107332456,0.5629686866862894,0.9117451507639843,0.24153414486649308,-0.39275452916429515,1.0427378617659773,-1.1138967841441114,1.494000279393512,-0.0843693708310462,-0.2168943304382987,-0.47053053508362536,-0.20927577571259415,-0.30298911170375264,-0.15175964533398406,-0.09226553927193881,-0.3789574297633535,-0.1889406451384228,-0.2805277806612867,-0.22627863063810233,-0.12122084216176211,-0.1194957411143004,-0.1711534724157458,-0.29331703309012197,-0.16234042810717228,-0.18547173453098575,-0.1232948716050105,-0.08599119014037673,-0.5050960467941736,-0.3609481011054557,0.2750580277217112,0.08531542019076034,0.36631766534336446,-0.3303775564872771,-0.23882187443519778,-0.17147706095040494,0.398798868317965,0.4048338948061812,0.3540274861383882,-0.24492650498741353,0.5952288587895147,1.6912709189548991,1.4898702131516226,-0.9964372474350444,-0.5057906792207056,3.104130539862327,2.916718158346197,1.2062265140407675,-0.047599867792176696,1.784367695147854,3.1030613065959387,-2.1166090783204483,2.5331639046213974,-2.4797329374771535,-2.3280821831744185,3.8277503154137413,0.35742887283908537,-1.808987828097366,-1.7615403217541614,0.07546894609740691,-2.695118495114479,8,1,1,3,0,13,11,1,6,9
NL_014,52.0029,6.11,True,0.07969524915940275,-1.9530484855142571,-1.9566661274926833,2.366318675727429,0.6285578155543541,0.5289625276453376,-1.1188168103813791,-0.5867940937886785,-0.4195862410374146,-0.7721765762122577,-0.3083053291359124,-0.4590229701816268,1.5621973586508426,-0.6195757359402138,-1.195228690478094,-1.0170480058898232,-0.4714186863223845,-0.5636672577717088,-0.7566009427516046,0.6808019222996587,0.7355807457897121,-0.9841801882250418,-0.7136934512833535,0.8277757730839852,0.45974546930355525,0.09408921045456942,-0.5827107281931162,-0.09823731856141825,1.047018415556233,-0.0843693708310462,-0.2168943304382987,-0.1319510646468539,0.9751996541338784,-0.30298911170375264,-0.36104957026694745,-0.09226553927193881,-0.3789574297633535,-0.1889406451384228,-0.2805277806612867,-0.22627863063810233,-0.16789457412041106,-0.1194957411143004,-0.1711534724157458,2.3664221652694586,-0.08637092971457469,-0.18547173453098575,-0.1232948716050105,-0.15309097023168255,2.1536311457763135,-0.12531413370665842,0.2750580277217112,-0.18850429429119234,0.36631766534336446,-0.36558711679020406,-0.4743420639703698,-0.3591808514536615,-0.18977325457889377,0.4860283216932691,0.3540274861383882,0.2359383763640222,0.32355424858871473,-0.1703374020594976,-0.5296502232252723,-0.9964372474350444,-1.3609402959189076,0.4306180350424892,-0.3918304656904805,0.22285474506867722,-0.3747152002034267,0.7279986130391894,-0.6229696771973844,0.9075548999046064,0.17632922824983224,-0.8296638276040794,1.1104542666597899,-0.7820271661556462,2.0684718225722083,0.5453699620398564,-1.392223264561311,-0.42506448686726633,-0.8477633522616803,8,1,1,1,1,33,15,7,6,2
NL_015,51.9967,6.12,True,-2.8207781046011817,-1.3286554508282353,-0.3978193399240057,1.0216196769378092,0.6285578155543541,-0.4573817110397391,-0.8654014871154867,-0.5020789319350145,-0.4301620727952552,-0.584210950068289,0.004723468025705948,-0.47919358940521367,-0.09190347087241488,-0.46201280368684977,-0.9915883828781114,-0.4794610716320542,-0.597195099502318,-0.6906815741117401,-0.8024348489657719,-1.2104804520286392,1.0013502458995693,-0.9841801882250418,-0.7136934512833535,0.5341547695195121,0.4174134234021491,0.300426374108959,0.1746726712822791,-0.000992927536742036,1.7416775666874742,-0.0843693708310462,-0.2168943304382987,-0.47053053508362536,-0.564618404666536,-0.30298911170375264,-0.36104957026694745,-0.09226553927193881,-0.3789574297633535,-0.1889406451384228,-0.2805277806612867,-0.22627863063810233,-0.16789457412041106,-0.1194957411143004,-0.1711534724157458,-0.29331703309012197,-0.23830992649976981,-0.18547173453098575,-0.1232948716050105,-0.15309097023168255,1.0901402687481185,-0.41639138755223154,-0.8934266955030267,0.12334593609103149,1.8630619208752024,-0.4360062373960579,-0.7098622535055418,-0.5468846419569181,-0.7783453774757525,-0.40711037406469774,-0.6982208754395988,0.2359383763640222,-0.6185677000086734,0.4109553147789899,-0.5001338772900377,0.2939565253401415,0.013407302346059798,1.3297814335244973,-0.10634239164853197,-0.9488222562597709,-0.41590569815510176,2.455966581786475,2.0239532573026127,-0.6061247855142287,0.9968969242719085,-1.116509186566877,-1.0775859351281512,-0.824940448792621,2.3451506411407497,0.4868133309793354,-0.4378117287188681,-0.42506448686726633,-0.7986062307312849,8,1,1,1,0,33,15,2,6,2
NL_016,51.9875,6.115,True,0.466425029660814,-1.864851716569843,-1.0477937835346225,1.742355855142358,0.5763710560864088,0.04039949353029923,-0.18962729173977302,-0.5998271956123191,-0.48304123158445855,-0.8704313353329683,0.08298066731611049,-0.6607291624174956,0.5273854870408822,-0.4550614978521426,-0.8103261310583467,-0.4711905034127041,-0.1664808355050802,-0.25572818025683447,-0.30157282609334757,-0.7651053638013792,1.263972280706485,-0.9841801882250418,-0.7136934512833535,-0.48066690423014224,0.39152254840856304,0.24175491116690023,-0.26137781813951105,-1.0538512206633657,1.5845933065023587,-0.0843693708310462,-0.2168943304382987,-0.47053053508362536,-0.3277233186972414,-0.30298911170375264,-0.36104957026694745,-0.09226553927193881,-0.3789574297633535,0.13469834680092466,-0.2805277806612867,-0.22627863063810233,-0.16789457412041106,-0.1194957411143004,-0.1711534724157458,-0.29331703309012197,-0.16234042810717228,-0.18547173453098575,-0.1232948716050105,-0.018891410049070915,-0.5050960467941736,-0.3470872794937618,-0.017063153084473304,0.3667412378527671,1.1146897931092834,-0.4360062373960579,-0.7098622535055418,-0.5468846419569181,-0.7783453774757525,-0.32591594717760985,-0.17209669465060531,-0.24492650498741353,-0.6185677000086734,-0.4499465569944663,-0.3129159116436918,1.5843502981153275,0.22287576906253856,2.2769002132588794,2.664258624785165,-0.708210014915536,-0.1791916576713851,0.5181239609646203,0.2453377228802221,-0.11652569194783796,0.6107312964568481,-0.8424583421407276,-0.6930594813256833,-0.6849662243510087,1.9996032381143996,0.05265341781356822,-0.908889954260138,-0.42506448686726633,-1.0002926324970243,8,1,1,3,0,13,15,7,6,2
NL_017,52.2114,5.666,True,0.07969524915940275,-1.992970886608414,-1.9245249566149787,2.3692262377991207,0.054503461406943614,0.35381728900032194,-0.7133522931559513,-0.5411782374059364,-0.1366827415151768,-0.6354743026530077,0.04385206767090822,-0.6607291624174956,1.6940459754969,-0.5407942698135317,-0.830466381260543,-0.8185543686254162,-0.3465063660030264,-0.4375255387745772,-0.666328494796641,-1.2104804520286392,-0.21283625634595216,-0.9841801882250418,-0.7136934512833535,0.42959264802570796,0.34478503681504064,0.34035157793107035,-0.775605094001758,-1.801838310546168,1.0560368975668517,-0.0843693708310462,-0.2168943304382987,-0.47053053508362536,-0.564618404666536,-0.30298911170375264,-0.36104957026694745,-0.09226553927193881,-0.3789574297633535,-0.1889406451384228,-0.2805277806612867,-0.22627863063810233,-0.16789457412041106,-0.1194957411143004,-0.1711534724157458,-0.29331703309012197,-0.23830992649976981,-0.18547173453098575,-0.1232948716050105,-0.15309097023168255,-0.5050960467941736,-0.45797385238731336,-1.185547876309211,-0.24935311973162627,-0.756240526305514,-0.400796677093131,-0.4743420639703698,-0.3591808514536615,-0.18977325457889377,-0.40711037406469774,-0.6982208754395988,-0.24492650498741353,-0.6185677000086734,-1.399146056642123,-1.5089905338682228,-0.9964372474350444,-0.08191781726423761,2.456732892955281,3.15535885428073,-1.3358941227700618,-0.2783947760663525,-0.04853759963671621,-0.3453025838637101,-2.110717072655113,2.6272752969325723,-2.624688410129065,-2.2910128628506548,2.588456499161139,-0.06651041275989338,-2.290100426535266,-1.8755564218880887,0.024799052718388545,-2.853157853930984,8,1,1,1,2,33,10,1,6,9
NL_018,52.2566,5.68,True,-0.6937643118434198,-1.948621943133524,-1.9713526433722088,2.37300606849232,-0.7804846900801972,-0.3375454951247299,-0.7302466480403439,-0.5998271956123191,-0.3799268719455121,-0.5371768240718096,-0.09961946436150025,-0.6607291624174956,0.30364237966575547,-0.5732336970421655,-1.2511738299286386,-0.6614135724577603,-0.3343570360985225,-0.425256634034843,-0.6420402815349256,-0.42063194525314096,-0.50069535631125,-0.9841801882250418,-0.7136934512833535,-0.38229648732349636,0.42885105153325975,-0.3578038875388136,-0.10287680453438058,0.15124175085440206,1.7912211491383494,-0.0843693708310462,-0.2168943304382987,-0.47053053508362536,-0.20927577571259415,-0.30298911170375264,-0.36104957026694745,-0.09226553927193881,-0.09068980346154015,-0.1889406451384228,-0.2805277806612867,-0.22627863063810233,-0.16789457412041106,-0.1194957411143004,-0.1711534724157458,-0.29331703309012197,-0.23830992649976981,-0.18547173453098575,-0.1232948716050105,0.11530815013354072,-0.5050960467941736,-0.3470872794937618,-0.3091843338906578,-0.24935311973162627,-0.3820544624225545,-0.4360062373960579,-0.7098622535055418,-0.5468846419569181,-0.7783453774757525,-0.40711037406469774,-0.6982208754395988,-0.24492650498741353,-0.6185677000086734,0.006257853688903667,-0.11039763606357127,0.2939565253401415,-0.8170626717345895,1.6414914116649268,0.1733751787691644,-2.02634664141004,-0.4582108378864956,1.4345766083569054,1.5338118612055698,-2.040928005236121,2.3098302924959357,-2.1917182658704526,-2.1005274869320365,2.2988687388804854,-0.4413003320520686,-2.504894874099685,-0.29697585164421075,0.07546894609740691,-0.6658319141622422,8,1,1,1,2,33,10,1,6,9
NL_019,52.1306,5.667,True,-0.30703453134200853,-1.8929143248703386,-1.841480783055359,2.2588357978105535,0.1588769803428376,-0.18083659738971794,-0.5781974540808085,-0.7627409684078266,-0.15519044709139795,0.043765119094514984,-0.15179093055510323,-0.6607291624174956,2.7847936239506423,-0.5129890464747029,-0.8976005486011964,-0.768930959309314,-0.2268125862626937,-0.3166537217183556,-0.6313280386686465,-0.4171247872096857,-0.7789305992702085,-0.9841801882250418,-0.7136934512833535,0.5790742775998885,0.5062603290774883,-0.08364731779916217,-0.4497375998448828,-1.483175696838582,0.9129129123652301,-0.0843693708310462,-0.2168943304382987,-0.47053053508362536,-0.20927577571259415,-0.30298911170375264,-0.36104957026694745,-0.09226553927193881,0.7741130754439,-0.1889406451384228,-0.2805277806612867,-0.22627863063810233,-0.16789457412041106,-0.1194957411143004,-0.1711534724157458,-0.29331703309012197,-0.23830992649976981,-0.18547173453098575,-0.1232948716050105,-0.15309097023168255,0.026649391719923816,-0.3470872794937618,-0.3091843338906578,-0.005957817969890577,-0.007868398539594996,-0.36558711679020406,-0.4743420639703698,-0.17147706095040494,-0.18977325457889377,0.7296116023545328,0.8801516669273817,-0.24492650498741353,1.2804223623897593,-0.4793790996191998,-0.9696244899823218,0.2939565253401415,-1.365876224442418,2.192978296067225,2.7441345433734976,-0.8965152472718937,-0.3976614464962572,0.7909610086615602,-0.5766652623791109,-1.989032984706387,2.2978463461640626,-2.2061255673614615,-2.1586237155424435,-0.3203944489650926,3.4266784111471855,-0.16293833289695525,-1.6336652003251353,0.1905227939542714,-1.7693813039843325,8,1,1,1,2,33,1,1,6,9
NL_020,52.1301,6.071,True,-1.8539536533476535,-1.4202888693908868,0.2840337491823381,0.645069161724486,-0.5195508927404656,0.36303545945532467,-0.5275143894276298,-0.339165159139507,-0.33497958697468927,-0.5713951119221093,0.20036646625171742,-0.6607291624174956,1.0947340807420964,0.11031137670404553,-0.6961980465792358,-0.620060731361009,-0.4560765634843799,-0.5481741363333815,-0.6702330695472117,-0.5786469316923867,0.3843078139235073,-0.9841801882250418,-0.7136934512833535,-0.9548083273274925,0.45317315973709843,1.5758979557612884,-0.6267914157700917,-0.10734068195954231,1.5817169152880421,-0.0843693708310462,-0.2168943304382987,-0.47053053508362536,0.32373816771831854,-0.30298911170375264,-0.36104957026694745,-0.09226553927193881,-0.3789574297633535,-0.1889406451384228,-0.2805277806612867,-0.22627863063810233,-0.09788397618243763,-0.1194957411143004,-0.1711534724157458,-0.29331703309012197,-0.23830992649976981,-0.18547173453098575,-0.1232948716050105,-0.15309097023168255,-0.5050960467941736,-0.3332264578820678,-0.6013055146968422,0.5264694046339061,-0.007868398539594996,-0.4360062373960579,-0.7098622535055418,0.2039305200561082,-0.18977325457889377,-0.32591594717760985,-0.17209669465060531,-0.24492650498741353,-0.6185677000086734,-0.8914346963654695,-1.1620228755275048,-0.9964372474350444,0.41013255742321986,2.948275550792112,2.7977394849356294,-0.6559030059276588,1.2335975801603927,0.07738719160802525,-0.24089848160564084,-0.0662068991281434,0.7975796312167205,-1.1543622450839324,-0.7094630584872669,-0.990619503627377,1.2246581387349762,-0.1437407571446147,-0.5069142404306224,0.24316446161217575,-1.132620043837633,8,1,1,1,1,33,15,2,6,9
NL_021,52.1256,6.072,True,-0.5003994215927141,-1.4952771876124265,0.07091888416807006,0.822887809337671,0.47199753715051485,0.6027078912853412,-0.4768313247744515,-0.41736377008135067,-0.3693510401876714,-0.3706136476319611,-0.6343769928459315,-0.6607291624174956,1.6700734997067077,-0.4272562745133136,-0.9289298266935014,-0.595249026702958,-0.49304334072608097,-0.5855047440358914,-0.7322619071809231,0.12655866038237665,-0.08753081643648704,-0.9841801882250418,-0.7136934512833535,0.38504283574800846,0.5767719264085349,0.24703667999777784,0.6141856946164402,-0.7493182343297499,1.1157581160467318,-0.0843693708310462,-0.2168943304382987,-0.47053053508362536,0.5014094821952895,-0.30298911170375264,-0.36104957026694745,-0.09226553927193881,-0.3789574297633535,-0.1889406451384228,-0.2805277806612867,-0.22627863063810233,-0.16789457412041106,-0.1194957411143004,-0.1711534724157458,-0.29331703309012197,-0.16234042810717228,-0.18547173453098575,-0.1232948716050105,0.7863059510465991,0.026649391719923816,-0.11145331209496444,-0.017063153084473304,-0.12765546885075843,0.36631766534336446,-0.4360062373960579,-0.7098622535055418,-0.17147706095040494,-0.18977325457889377,-0.40711037406469774,-0.6982208754395988,-0.24492650498741353,-0.6185677000086734,0.7935783689005259,1.1451915775569024,-0.9964372474350444,1.3738726016386538,3.0681640039230467,3.170544390134025,-0.854669640081592,-0.35376762192940214,1.4205849648852675,1.4779437118293053,-0.5174020460016155,0.9936575903217774,-1.1670343831652896,-1.207279287492901,-0.9053640859006434,1.3997053681781204,0.015290070380316486,-0.5471440588161128,0.24316446161217575,-1.0701251672073424,8,1,1,1,1,33,15,2,6,9
NL_022,52.1905,5.738,True,0.27306013941010837,-1.2052969018406412,-1.4342567616000381,1.6032290100119024,0.179751684130015,0.9990892208503734,-0.7302466480403444,-0.7627409684078266,-0.7368611937726346,-1.1651956126951009,-0.6343769928459315,-0.6607291624174956,-0.8110777445781792,-0.8814082557141861,-1.7099239734231046,0.09120813550311532,-0.1891572434451484,-0.27862777151354345,-0.6231904662644979,0.4050281484637429,-0.25209004434411986,0.7654599554113047,1.4019402879528327,0.33075711512811323,0.5455446688523288,0.5202893641326659,-0.14581402864598225,0.1724855366985383,1.509374315751547,-0.0843693708310462,-0.2168943304382987,-0.47053053508362536,0.14606685324134766,-0.30298911170375264,0.6854000543978697,-0.09226553927193881,0.19757782284027323,-0.1889406451384228,-0.2805277806612867,-0.22627863063810233,-0.16789457412041106,-0.1194957411143004,-0.1711534724157458,-0.29331703309012197,-0.16234042810717228,-0.18547173453098575,-0.1232948716050105,-0.08599119014037673,-0.5050960467941736,-0.250061528211904,0.2750580277217112,-0.1428676752108669,-0.007868398539594996,-0.18953931527556936,0.23221850463514626,4.333413911127753,1.5759431141116824,2.1911112863221147,0.8801516669273817,-0.24492650498741353,1.0996838820353827,-0.42051401436973274,-0.9534808558789689,-0.9964372474350444,-1.4969868258481671,1.293814897585217,-0.39942323361712806,-0.6872872113203852,-0.34921937098917055,1.0987771650375948,0.5895524691799175,-2.0238488376965758,2.6059867494639413,-2.646960924992001,-2.3106297657901176,3.8587505450770516,0.19089577350102946,-1.701820205221146,-1.8385347825217802,0.024799052718388545,-2.8508588332303586,8,1,1,1,2,33,2,1,6,9
NL_023,52.1883,5.737,True,0.07969524915940275,-1.9316674506186415,-2.0352505213611383,2.4034385515093617,0.33631196253385476,0.6395805731053461,-0.8991901968842726,-0.5933106447004988,-0.4592456101293171,-0.18691996753671924,-0.6343769928459315,-0.6607291624174956,1.7140230386553934,-0.5153061484196052,-0.922216409959436,-0.38848482121920075,-0.3397622778091265,-0.4307150746372381,-0.8158568313944696,0.23304921283217866,-0.10830082586981135,0.3651802032903818,1.350911245963664,-0.9775341328743806,0.2766694022310994,-0.11328685014892863,-0.5113755053841222,-0.000992927536742036,1.455709972357114,-0.0843693708310462,-0.2168943304382987,-0.47053053508362536,1.685884912041762,-0.30298911170375264,0.05753027959897934,-0.09226553927193881,0.4858454491420866,-0.1889406451384228,-0.2805277806612867,-0.22627863063810233,-0.12122084216176211,-0.1194957411143004,-0.1711534724157458,-0.29331703309012197,-0.23830992649976981,-0.18547173453098575,-0.1232948716050105,-0.15309097023168255,0.5583948302340213,-0.08373166887157656,0.2750580277217112,-0.30259584199200595,-1.1304265901884734,-0.3303775564872771,-0.23882187443519778,1.5178570535789042,1.5759431141116824,2.1911112863221147,1.9324000285053686,0.2359383763640222,1.2916842187037845,-0.5529604561810336,-0.932156801876779,0.2939565253401415,0.013407302346059798,3.271974374245635,3.154144011412466,-0.2165241304294908,1.527312095103519,0.3852033479840599,0.508101329861027,-2.0763075212793765,2.626186357196609,-2.644534727561877,-2.4379788851013457,3.289375788795236,0.6099431493069528,-1.533127939572831,-1.8040156512889256,0.024799052718388545,-2.6404420063844487,8,1,1,1,2,33,11,1,6,9
NL_024,52.1876,5.737,True,-0.30703453134200853,-1.12737305200623,-1.67746854027511,1.7112934003431164,-1.8398759072795086,0.7133259367453498,-0.8991901968842726,-0.40433066825771,-0.15519044709139795,-0.24672721221889085,-0.6343769928459315,-0.43885235095803987,0.9269267502107511,0.9630048924281326,-0.4142345437484907,0.24834893167077116,-0.5758241164492955,-0.6691002558552651,-0.8610409278903064,0.07968032043156047,-0.0943828357120039,-0.9841801882250418,1.2292945241716924,-1.151433437886214,0.2066064835212964,-0.03364668251084219,0.31291258151316004,-0.24310547727110213,2.337224773674616,-0.0843693708310462,-0.2168943304382987,-0.1319510646468539,1.4489898260724676,-0.30298911170375264,-0.36104957026694745,-0.09226553927193881,-0.09068980346154015,-0.1889406451384228,-0.2805277806612867,0.07841620627587534,-0.16789457412041106,-0.1194957411143004,-0.1711534724157458,0.5932626996964049,-0.23830992649976981,-0.18547173453098575,-0.1232948716050105,-0.15309097023168255,0.5583948302340213,-0.13917495531835242,0.5671792085278956,0.10813372973092299,-0.007868398539594996,-0.4360062373960579,-0.7098622535055418,0.39163431055936476,0.9873709912148237,0.2424450410320054,1.4062758477163753,0.2359383763640222,2.0060573109437794,-0.09675604549766374,-0.2506303979762782,0.2939565253401415,-0.16120116917312574,2.34883328513744,-0.1364856803173228,-2.2251132755639733,-0.09272364190906618,-0.804086347105165,1.3359222536431379,-2.0763075212793765,2.626186357196609,-2.644534727561877,-2.4379788851013457,3.289375788795236,0.6099431493069528,-1.533127939572831,-1.731833306075684,0.024799052718388545,-2.6528677243044343,8,1,1,1,2,33,11,1,6,9
NL_051,52.0259,6.034,True,0.466425029660814,-2.200099662159689,-2.220408271297772,2.675877117626888,0.33631196253385476,0.13027665546655606,-1.1061460442180846,-0.7627409684078266,-0.7368611937726346,-0.25954305036507064,-0.37351966187791624,-0.6607291624174956,1.4703028681217734,-0.7145769156812126,-1.6271251670362985,-2.3237977845471685,-0.5623751164162276,-0.655518889512647,-0.9338803573340413,-1.2104804520286392,-0.5501405768923826,1.0500012331873654,-0.28819577546292297,-0.00030503569886134363,-0.09739325602217765,0.4258668972657699,1.2125389383162608,0.5761983907512691,-0.9906340244623952,-0.0843693708310462,-0.2168943304382987,-0.47053053508362536,-0.564618404666536,-0.30298911170375264,-0.36104957026694745,-0.09226553927193881,0.4858454491420866,-0.1889406451384228,-0.2805277806612867,-0.22627863063810233,-0.16789457412041106,-0.1194957411143004,-0.1711534724157458,-0.29331703309012197,-0.23830992649976981,-0.18547173453098575,-0.1232948716050105,-0.15309097023168255,-0.5050960467941736,-0.41639138755223154,-0.8934266955030267,-0.3102019451720602,-1.5046126540714329,0.0217180465419923,0.46773869417031827,3.770302539617983,0.398798868317965,-0.40711037406469774,-0.6982208754395988,-0.24492650498741353,-0.6185677000086734,1.1982758299906122,1.5435417728012026,-0.9964372474350444,-1.995515606722732,-0.9660824439328968,-0.3694318003068702,-0.7709784257009886,-0.377002137648022,-0.4018265972955742,0.17213530461759874,-1.8534651780312446,1.9127902252846487,-1.712725031304404,-1.8759024035171608,2.2522043888887215,0.41140635096131767,-1.955697907005453,-1.6067170778667106,-0.9633468060110499,-1.8189895369100177,8,1,7,2,1,30,11,1,6,9
NL_052,52.0266,6.034,True,0.466425029660814,-2.091440574662831,-2.1229082601185145,2.551385001590615,0.33631196253385476,0.33768549070407183,-0.7893768901357191,-0.5476947883177566,-0.5861555912234051,-1.1224761522078353,-0.3083053291359124,-0.6607291624174956,-0.787105268787987,-0.4828667211909715,-1.600271500100037,-2.265903807011717,0.13786361236624678,0.051611653985061026,-0.6527407174251909,0.0531865886458512,-1.2022052999013864,0.3651802032903818,0.46234919425772714,0.9674954950813132,0.39159219396819384,0.08614387222305582,1.296634803669274,1.8275166706766617,-0.15685025344211087,-0.0843693708310462,-0.2168943304382987,-0.47053053508362536,-0.20927577571259415,-0.30298911170375264,-0.36104957026694745,-0.09226553927193881,-0.3789574297633535,-0.1889406451384228,-0.2805277806612867,-0.22627863063810233,0.1121478176314827,-0.1194957411143004,-0.1711534724157458,-0.29331703309012197,-0.23830992649976981,-0.18547173453098575,-0.1232948716050105,-0.15309097023168255,-0.5050960467941736,-0.3332264578820678,-0.6013055146968422,-0.3102019451720602,-1.5046126540714329,-0.25995843588142326,-0.003301684900025763,0.767041891565878,1.5759431141116824,-0.32591594717760985,-0.17209669465060531,1.6785330204183293,-0.6185677000086734,1.8678661747033003,1.6104053319606118,-0.9964372474350444,-0.7524328576298732,-0.918127062680523,-0.9744615125417816,-1.1894344976040057,-0.4353158394915832,-0.1849561234851861,1.0768645938035546,-1.8534651780312446,1.9127902252846487,-1.712725031304404,-1.8759024035171608,2.2522043888887215,0.41140635096131767,-1.955697907005453,-1.6067170778667106,-0.9633468060110499,-1.8189895369100177,8,1,7,2,0,30,11,1,6,9
NL_053,52.0,6.034,True,0.466425029660814,-2.047676268860868,-1.8840793683813122,2.375477496253258,0.33631196253385476,0.3584263742278236,-0.9287553179319599,-0.5737609919650378,-0.6205270444363873,-1.096844475915476,-0.6343769928459315,-0.6607291624174956,-0.7431557298393013,-0.5570139834278487,-1.7099239734231046,-2.423044603179372,-0.4155046834211251,-0.5072029440519482,-0.8180270908181594,-0.52243037393256,-1.2022052999013864,-0.9841801882250418,-0.7136934512833535,-1.343866006114338,0.0720966555811531,0.2612365689054643,0.3630883972148919,0.29813874470212315,-0.7023510571324162,-0.0843693708310462,-0.2168943304382987,0.03733867057153182,-0.564618404666536,-0.30298911170375264,-0.36104957026694745,-0.09226553927193881,-0.3789574297633535,-0.1889406451384228,-0.2805277806612867,-0.22627863063810233,-0.16789457412041106,-0.1194957411143004,-0.1711534724157458,1.0365525660896684,-0.23830992649976981,-0.18547173453098575,-0.1232948716050105,-0.052441300094723815,-0.5050960467941736,-0.3956001551346906,-0.3091843338906578,-0.3102019451720602,-1.5046126540714329,-0.400796677093131,-0.4743420639703698,0.016226729552851628,-0.18977325457889377,-0.40711037406469774,-0.6982208754395988,-0.24492650498741353,-0.6185677000086734,1.2387455760996209,1.6418492759977394,-0.9964372474350444,-1.717252636209825,-1.2538147314471395,-0.511948054290045,-0.7866705283973517,-0.18233699740610865,0.4026929023236074,0.48606489148365584,-0.9881015811862564,1.1347068848267163,-1.0849237111843286,-1.5450584482318095,0.39379971360441135,1.7537004385515402,0.4255938894115434,-1.5613545095941992,0.1466643503472168,-1.5212807272490678,8,1,7,2,2,30,4,2,6,9
NL_054,52.0039,5.804,True,0.466425029660814,-2.208284589580667,-2.027945709798024,2.559332337919906,0.33631196253385476,0.8492939509566112,-1.0047799149117278,-0.4108472191695303,-0.49890497922121957,-1.1011164219642027,-0.19091953020030558,-0.6607291624174956,-0.7711236182611922,-0.11213041000658575,-1.4704787765747735,-2.3237977845471685,-0.1195677022543661,-0.2083533235841138,-0.7364888684605208,-0.48345807042843547,-1.2022052999013864,0.21433556156483524,1.0985792459640056,-0.019071252308519242,0.1429911698790219,-0.07617908188039046,0.5878147520079618,-1.521177160275965,-0.2930406364964914,-0.0843693708310462,-0.2168943304382987,-0.47053053508362536,-0.564618404666536,-0.30298911170375264,-0.15175964533398406,-0.09226553927193881,0.19757782284027323,-0.1889406451384228,-0.2805277806612867,-0.22627863063810233,-0.16789457412041106,-0.1194957411143004,-0.1711534724157458,-0.29331703309012197,-0.23830992649976981,-0.18547173453098575,-0.1232948716050105,-0.08599119014037673,0.5583948302340213,-0.37480892271714966,-0.017063153084473304,-0.3102019451720602,-1.5046126540714329,-0.400796677093131,-0.4743420639703698,-0.5468846419569181,-0.7783453774757525,-0.40711037406469774,-0.6982208754395988,-0.24492650498741353,-0.6185677000086734,1.1099782021164115,1.0764004202956003,0.2939565253401415,-1.1553280233614214,-0.8461939908019623,0.8517889930151246,-0.598365296040994,-0.33685581561642824,-0.3983286864276647,0.8294826599035187,-1.910017647539867,2.2266830873614243,-2.148625474171357,-2.146799419886693,1.940403775173993,1.4132333609671575,-1.2710952056093163,-1.8493141232897874,0.024799052718388545,-2.6900597031855598,8,1,7,2,2,30,2,1,6,9
NL_055,51.966,5.804,True,0.466425029660814,-2.154502924779067,-2.064862589538779,2.551393170789157,0.33631196253385476,0.33077186286282145,-1.194841407361147,-0.47601272828773333,-0.617883086496927,-0.9345105260638666,-0.6343769928459315,-0.6607291624174956,-0.6272887635200394,-0.2905472597640714,-1.5219483048692746,-2.307256648108468,-0.5365952846407804,-0.6294853302344449,-0.8773839642697454,-1.2104804520286392,-1.2022052999013864,1.336766810431524,1.9940386522647278,-0.5779410065904343,0.08221723853857256,-0.19486440887664006,0.8625645849245636,0.22429565924574876,-1.0430375033041395,-0.0843693708310462,-0.2168943304382987,-0.47053053508362536,-0.564618404666536,-0.30298911170375264,-0.36104957026694745,-0.09226553927193881,-0.3789574297633535,-0.1889406451384228,-0.2805277806612867,-0.22627863063810233,-0.16789457412041106,-0.1194957411143004,-0.1711534724157458,-0.29331703309012197,-0.23830992649976981,-0.18547173453098575,-0.1232948716050105,-0.15309097023168255,-0.5050960467941736,-0.45797385238731336,-1.185547876309211,-0.3102019451720602,-1.5046126540714329,1.6413578204766317,0.46773869417031827,0.9547456820691346,2.7530873599054,-0.40711037406469774,-0.6982208754395988,-0.24492650498741353,-0.6185677000086734,1.3822292213951968,1.1530826822865263,-0.35124036104745143,-1.5340062897744962,-0.7862497642364952,1.3078485985292105,-0.708210014915536,-0.3202002487930449,-0.02405222356134981,1.7291511395525376,-0.5441152742167565,1.383193060317687,-1.7351154317435382,-1.2031544894991808,-0.1665199609777143,1.798671585955053,1.0432658267033943,-1.1788842549663732,0.024799052718388545,-0.6832906612391549,8,1,7,2,0,30,20,2,6,2
NL_056,52.1883,5.804,True,0.466425029660814,-2.1791362256018787,-2.060548237195504,2.5629667905095213,0.8581795572133183,0.11644939978405468,-0.9667676164218438,-0.5867940937886785,-0.7368611937726346,-1.0626689075256635,-0.11266233090990098,-0.6607291624174956,-0.7431557298393013,-0.4272562745133136,-1.551039777383558,-2.2989860798891177,-0.3611300324246413,-0.45229313268162324,-0.7756015543186988,-0.52243037393256,-1.2022052999013864,1.9751936757797348,1.3608825229159343,-0.3246881146946742,0.35178124986590564,0.6596995859068435,1.1888195364435048,0.5108239311806687,-0.6732260909924792,-0.0843693708310462,-0.2168943304382987,-0.47053053508362536,-0.3869470901895651,-0.30298911170375264,-0.36104957026694745,-0.09226553927193881,0.4858454491420866,-0.1889406451384228,-0.2805277806612867,-0.22627863063810233,-0.16789457412041106,-0.1194957411143004,-0.1711534724157458,-0.29331703309012197,-0.23830992649976981,-0.18547173453098575,-0.1232948716050105,-0.052441300094723815,-0.5050960467941736,-0.37480892271714966,-0.3091843338906578,-0.3102019451720602,-1.5046126540714329,-0.4360062373960579,-0.7098622535055418,-0.17147706095040494,0.398798868317965,-0.40711037406469774,-0.6982208754395988,-0.24492650498741353,-0.6185677000086734,1.452131510128939,1.3395175612039782,-0.9964372474350444,-1.6271719406557577,-1.1878760822251255,0.45123252104483214,-0.854669640081592,-0.3542736949213434,0.42368036753106425,0.39807853355013795,-2.1654961068508034,2.6024009516864166,-2.55315039025337,-2.5302528166141673,3.461524764755635,0.22711170654984764,-1.7448262749201997,-1.9133478284117749,0.07546894609740691,-2.886234799571471,8,1,7,2,1,30,11,1,3,9
NL_057,52.1876,5.804,True,0.466425029660814,-1.7085028988956548,-1.0847023051166758,1.6749004150791071,0.179751684130015,-0.6163951513885013,-0.8273891886256028,-0.30006585366858524,-0.7368611937726346,-1.0883005838180229,-0.23004812984550785,-0.6607291624174956,-0.7311694919442053,-0.047251555549318314,-1.4794299988868607,-2.2493626705730163,0.07024847557091962,-0.016668957277165147,-0.622310203471124,-0.7517803999652483,-1.2022052999013864,1.3826260832006358,0.9748676913954405,1.7172369912214276,0.2738155801076143,0.12477575467574532,0.6354742226017286,-0.000992927536742036,-1.6298390103521334,-0.0843693708310462,-0.2168943304382987,-0.47053053508362536,-0.0908282327279469,-0.30298911170375264,-0.36104957026694745,-0.09226553927193881,-0.3789574297633535,-0.1889406451384228,-0.2805277806612867,-0.22627863063810233,-0.16789457412041106,-0.1194957411143004,-0.1711534724157458,-0.29331703309012197,-0.23830992649976981,-0.18547173453098575,-0.1232948716050105,-0.15309097023168255,0.026649391719923816,-0.3886697443288436,-0.6013055146968422,-0.3102019451720602,-1.5046126540714329,-0.3303775564872771,-0.003301684900025763,-0.3591808514536615,-0.18977325457889377,-0.40711037406469774,-0.6982208754395988,-0.24492650498741353,-0.6185677000086734,1.3638338822547384,1.0891707577206406,0.2939565253401415,0.5273608598565953,-0.6783501564186541,-0.14582478486709932,-0.03344959897192079,-0.4117994603344138,0.15434123070203393,-0.02814523658433104,-2.136299911836119,2.5467861218953227,-2.487889496630255,-2.13946359254074,2.288330268942244,1.620062015382808,-0.9182735133986891,-1.943247438853992,0.07546894609740691,-2.7915934164605978,8,1,7,2,2,30,11,1,3,9
NL_058,52.0259,5.865,True,0.466425029660814,-1.7065381302574474,-1.0102480753034575,1.6268378656938762,0.3676240182146232,-0.3882454326272337,-0.6246569300128889,-0.38478101552224914,-0.6073072547390864,-1.0626689075256635,-0.021362265071095603,-0.6607291624174956,-0.7191832540491093,-0.05420286138402548,-1.4928568323549913,-2.36515062564392,0.38537459739880153,0.30155866515943636,-0.3980029172252456,-0.1229252909102491,-1.2022052999013864,0.7289706779378584,1.7881219837512585,1.0310693076126507,0.447327820508623,-0.9624268222868172,-0.11789481104533175,-1.0244645181161711,-0.6375729388817242,-0.0843693708310462,-0.2168943304382987,-0.47053053508362536,-0.0908282327279469,-0.30298911170375264,-0.36104957026694745,-0.09226553927193881,-0.09068980346154015,-0.1889406451384228,-0.2805277806612867,-0.22627863063810233,-0.16789457412041106,-0.08686995826349626,-0.1711534724157458,-0.29331703309012197,-0.23830992649976981,-0.18547173453098575,-0.1232948716050105,-0.15309097023168255,0.5583948302340213,-0.3470872794937618,-0.017063153084473304,-0.3102019451720602,-1.5046126540714329,-0.3303775564872771,-0.23882187443519778,0.2039305200561082,0.9873709912148237,-0.40711037406469774,-0.6982208754395988,-0.24492650498741353,-0.6185677000086734,0.21228565206203848,0.7346131818537193,-0.9964372474350444,-1.3779075502184752,-0.3786290235913181,-0.42136633292513953,-0.4362135681785748,-0.4163156813384466,0.6650362174168187,0.7565591838988368,-1.940479197122556,2.316786493377937,-2.264869072700508,-2.1664599549134467,3.058477108374718,0.6403620877400708,-1.7623361440129635,-1.8178104233379793,0.024799052718388545,-2.6900597031855598,8,1,7,2,1,30,17,0,6,9
NL_059,52.0266,5.865,True,0.466425029660814,-1.5466417831624406,-0.8411829554284208,1.4275153421459925,-0.01333932590138613,-0.37441817694473295,-0.8147184224623082,-0.2805162009331243,-0.6284589182547677,-1.0028616628434917,-0.008319398522694886,-0.6607291624174956,-0.6952107782589171,0.0593351339161926,-1.4615275542626864,-2.4395857396180727,0.5845668665929258,0.5027114031987783,-0.36767635967703427,0.1656197041655049,-0.7034638086855254,1.9403845955913595,0.40641334104315957,-0.3435418027313556,0.27773180465234115,1.0394130106832171,0.9106367514982195,0.1900609149484044,-0.29127887791980794,-0.0843693708310462,-0.2168943304382987,-0.47053053508362536,-0.20927577571259415,-0.30298911170375264,-0.36104957026694745,-0.09226553927193881,0.4858454491420866,-0.1889406451384228,-0.2805277806612867,-0.22627863063810233,-0.16789457412041106,-0.1194957411143004,-0.1711534724157458,-0.29331703309012197,-0.23830992649976981,-0.18547173453098575,-0.1232948716050105,-0.15309097023168255,-0.5050960467941736,-0.37480892271714966,-0.6013055146968422,3.397773355104382,-0.3820544624225545,-0.013491513760934644,1.1742992627758344,3.0194873776049564,0.398798868317965,-0.40711037406469774,-0.6982208754395988,-0.24492650498741353,-0.6185677000086734,1.8384336320785668,1.5627575163794472,-0.35124036104745143,-1.0061704332915873,-0.24675172514729027,1.0418359742191132,-0.3943679609882731,-0.26957373163719905,0.9588607303212154,1.1056753441595026,-1.940479197122556,2.316786493377937,-2.264869072700508,-2.1664599549134467,3.058477108374718,0.6403620877400708,-1.7623361440129635,-1.8376365168723126,0.024799052718388545,-2.6900597031855598,8,1,7,2,0,30,17,0,6,9
RO_001,44.461,26.519,True,0.466425029660814,0.36086390426319426,1.3780187974458262,-1.077833976295153,-1.5789421099397765,0.6395805731053461,-0.8991901968842726,-0.24141689546220252,0.1092053468546187,-0.11002493865964111,-0.6343769928459315,0.04524251040804532,0.4035276954582227,-0.3507919103315341,-0.30234426484740146,-0.33059084368374925,-0.4844716745329195,-0.5768487147065937,-0.5714487467782502,1.3775377727555063,0.01732930920479624,-0.9841801882250418,-0.7136934512833535,0.4355751066934815,0.1337718950046539,-1.4677961322031243,1.4448437958245084,-1.3019767783506708,1.4823798388892424,0.12680075031332677,0.7409468399237839,-0.0642351705594996,-0.49354987887574764,0.5489500527057918,-0.2354756153071694,-0.07534684136409928,-0.20599685398226547,-0.1242128467505533,1.149537411871089,-0.043461728489715704,-0.13989033494522168,-0.09992027140381793,-0.1711534724157458,0.2386308065817942,-0.19272822746421128,2.6837536526712515,2.204802409877835,-0.15309097023168255,0.13299847942274337,-0.25006152821190397,4.072633378202109,-0.2797775324518432,-0.756240526305514,-0.4360062373960579,-0.7098622535055418,-0.5468846419569181,-0.7783453774757525,-0.40711037406469774,-0.6982208754395988,-0.24492650498741353,-0.6185677000086734,2.5153821124474383,1.512880915492969,0.2939565253401415,0.03469349410369903,1.2338706710197498,-0.23974732411972974,-0.007296094477982218,-0.1283921788600657,0.6790278608884567,0.5137598728078383,-0.28185861143877133,0.3023835383892523,-0.2763628234815787,-0.1596891553912857,-0.883732271395887,-0.8093773560325417,1.8186049861394813,-0.6901613507683941,-0.30622389422748253,0.9485906154083381,9,8,14,0,2,33,1,7,7,8
RO_002,44.459,26.522,True,-1.4672238728462423,0.47854311585664105,1.209316096714525,-1.039793372523851,-1.2658215531320987,1.0359619026703752,-1.0005563261906296,-0.30006585366858524,-0.04943212951299128,0.2573624215308429,0.17428073315491585,0.22677808342032726,0.4834359480921965,-0.31371827921309553,-0.25087473655290027,-0.12382663819999201,-0.48163796686352045,-0.573987117422679,-0.5450493180351546,-0.10269723268218614,-1.2022052999013864,0.5081156510627283,-0.7136934512833535,0.1348937309923906,0.20374609667122315,-0.4472754007651933,1.4239293383664609,-1.7852997147216503,0.17609058427967156,-0.0843693708310462,2.1777085954669073,1.222366817100232,-0.564618404666536,0.5489500527057918,-0.36104957026694745,-0.09226553927193881,-0.3789574297633535,-0.1889406451384228,-0.2805277806612867,-0.22627863063810233,-0.16789457412041106,-0.1194957411143004,-0.1711534724157458,-0.29331703309012197,-0.23830992649976981,-0.18547173453098575,-0.1232948716050105,-0.15309097023168255,-0.5050960467941736,-0.3193656362703738,-0.017063153084473304,-0.3102019451720602,-1.5046126540714329,0.16255628775370007,0.46773869417031827,-0.5468846419569181,-0.7783453774757525,-0.32591594717760985,-0.17209669465060531,-0.24492650498741353,-0.6185677000086734,1.8310754964223834,1.0862793605678014,0.2939565253401415,-0.24542044960552442,-0.27672383843002385,-0.3085378015351567,0.3274687630444315,4.122146910390816,-0.06252924310835414,-0.2794722109895382,0.7076586644322043,-0.7390536322616752,0.669269798624895,0.7056545497147889,-0.7452918493338656,-0.32386408717190973,1.3086158737568028,-0.5604898510148281,-0.30622389422748253,1.1893302248889157,9,8,14,0,2,10,1,7,7,8
RO_003,44.458,26.525,True,-0.6937643118434198,0.5013439851007926,1.2369205951477673,-1.0704196930123386,-2.048622945151294,0.47365350491533326,-1.0005563261906296,-0.09805277540215593,-0.022992550118389618,0.2616343675795694,-0.008319398522694886,0.0654131296316322,0.6672249291503364,-0.3623774200560462,-0.25535034770894394,-0.22307345683219557,-0.48411876702407963,-0.5764923338492192,-0.5463084232518893,0.10794151845367576,1.088778307671257,0.4029585409292461,-0.7136934512833535,0.4186412674115025,0.48252477227199503,-1.5594504471363355,-1.3009906640993554,-2.1242048678731815,-0.6891360579034491,-0.0843693708310462,5.370512496673849,5.454610197559875,-0.564618404666536,1.4008892171153362,-0.36104957026694745,-0.04996879450233996,-0.3789574297633535,-0.1889406451384228,0.3153327162272031,0.8401532985608196,-0.16789457412041106,-0.1194957411143004,-0.1711534724157458,-0.29331703309012197,-0.23830992649976981,2.2055494214708786,-0.1232948716050105,-0.15309097023168255,-0.5050960467941736,0.02022449321612805,1.1514215701402646,-0.272171429271789,-0.756240526305514,-0.2951679961843502,-0.003301684900025763,-0.5468846419569181,-0.7783453774757525,-0.40711037406469774,-0.6982208754395988,-0.24492650498741353,-0.6185677000086734,-1.759694703795109,0.8214755713202672,-2.28683102021023,-1.298624198309587,-0.660366888449014,0.25871789026468306,-0.017757496275557647,0.27877237009926076,1.4555640735643625,-0.020693493407896325,0.7076586644322043,-0.7390536322616752,0.669269798624895,0.7056545497147889,-0.7452918493338656,-0.32386408717190973,1.3086158737568028,-0.6229196196016201,-0.30622389422748253,0.9954518708632496,9,8,14,0,2,29,1,7,7,8
RO_004,44.461,26.519,True,-3.4008727753532986,0.4833037369076175,1.3449549135285703,-1.1280378813996987,-2.7427068460749804,0.9622165390303692,-0.9836619713062364,-0.15670173360853853,0.05632618806541538,-0.12284077680582074,0.161237866606515,0.24694870264391416,0.07190844702723155,-0.30676697337838826,-0.16583812458807248,-0.17345004751609341,-0.5336162379034275,-0.6264769634419479,-0.6546770505771635,-0.17847418156637895,-1.2022052999013864,2.105673399009767,2.1608762554678753,1.0892900466937745,0.21527573241707806,-1.775631017377674,1.1658507048907196,1.2671690668884976,0.19249867856527852,-0.0843693708310462,3.7741105460703785,0.8837873466634604,-0.564618404666536,-0.30298911170375264,-0.36104957026694745,-0.09226553927193881,-0.3789574297633535,-0.1889406451384228,5.082216691335121,1.1448481354747972,-0.16789457412041106,-0.1194957411143004,-0.1711534724157458,-0.29331703309012197,-0.23830992649976981,-0.18547173453098575,-0.1232948716050105,-0.15309097023168255,-0.5050960467941736,-0.2362007066002101,0.2750580277217112,-0.3102019451720602,-1.5046126540714329,0.8315379335093119,2.5874203999868666,0.5793381010626214,2.1645152370085414,1.0543893099028845,-0.17209669465060531,-0.24492650498741353,-0.6185677000086734,2.0886102443888017,0.5220954911200294,1.5843502981153275,-0.18649780285611728,-0.6843445790752009,-0.05660976172899041,-0.9174380508670446,-0.4310110160664626,0.3572200610407841,0.20819855368002343,-0.28185861143877133,0.3023835383892523,-0.2763628234815787,-0.1596891553912857,-0.883732271395887,-0.8093773560325417,1.8186049861394813,-0.6901613507683941,-0.30622389422748253,0.9485906154083381,9,8,14,0,0,33,1,7,7,8
RO_005,44.459,26.521,True,-3.4008727753532986,0.2389251896241376,1.4045467973329275,-1.0238017811295461,-1.8398759072795086,0.3169446071803201,-1.135711165265772,-0.28703275184494464,0.1092053468546187,0.37697691089518665,0.22645219934851885,0.24694870264391416,0.06391762176383403,-0.29981566754368105,-0.2777284034891618,0.19045495413531888,-0.4769075023123573,-0.5692100951993057,-0.5411544739762622,-0.15457357328158247,0.40960087705009,-0.9841801882250418,-0.7136934512833535,0.1830868724747555,0.11725687370091435,-1.8612656060947743,-0.3639483221463954,-1.492862919595183,-0.3416897150054879,-0.0843693708310462,-0.2168943304382987,1.9672416520611289,-0.564618404666536,-0.30298911170375264,-0.36104957026694745,-0.09226553927193881,-0.3789574297633535,-0.1889406451384228,0.4345048156049011,0.6878058801038307,-0.16789457412041106,-0.1194957411143004,-0.1711534724157458,-0.29331703309012197,-0.23830992649976981,-0.18547173453098575,-0.1232948716050105,-0.15309097023168255,-0.5050960467941736,-0.3082769789810187,-0.3091843338906578,-0.30259584199200595,-1.1304265901884734,-0.400796677093131,-0.4743420639703698,-0.5468846419569181,-0.7783453774757525,-0.40711037406469774,-0.6982208754395988,-0.24492650498741353,-0.6185677000086734,-0.9723741885834867,0.8624370309854907,0.2939565253401415,0.42000441447024095,-1.151909546285845,-0.4057252309962455,1.3317633356116727,2.0117072262254263,0.46915320881388756,1.4047014446726904,0.7076586644322043,-0.7390536322616752,0.669269798624895,0.7056545497147889,-0.7452918493338656,-0.32386408717190973,1.3086158737568028,-0.5604898510148281,-0.30622389422748253,1.1893302248889157,9,8,14,0,0,10,1,7,7,8
RO_006,44.459,26.525,True,-3.4008727753532986,0.30098030262195874,1.3478768381538164,-1.0240925373367153,-1.9077186945878386,0.03118132307529954,-1.1694998750345578,-0.1762513863439995,0.029886608670813712,0.49231945421080364,0.06993780076770977,0.2066074641967404,0.5593487880944716,-0.3507919103315341,-0.09870395724741891,-0.07420322888388986,-0.47275980657176075,-0.5650215774513502,-0.5662119474009295,0.9010129992689686,-1.2022052999013864,-0.1349777107332456,-0.7136934512833535,0.6031447550985417,0.20035240559635817,1.393617091147935,-1.7421538764224962,-0.30903922702689424,-1.174366583030745,-0.0843693708310462,0.9804071325143044,2.5766846988473175,-0.564618404666536,1.18790442601295,-0.36104957026694745,-0.09226553927193881,-0.1627567100369935,-0.1889406451384228,0.613262964671448,0.45928475241834743,-0.16789457412041106,-0.0950264039761973,-0.1711534724157458,-0.29331703309012197,-0.23830992649976981,-0.18547173453098575,-0.1232948716050105,-0.15309097023168255,-0.10628696790860051,-0.15650098233296983,1.4435427509464491,-0.3102019451720602,-1.5046126540714329,-0.3303775564872771,-0.23882187443519778,-0.5468846419569181,-0.7783453774757525,-0.40711037406469774,-0.6982208754395988,-0.24492650498741353,-0.6185677000086734,-2.0540201300424443,0.5719720920065077,0.2939565253401415,0.3848359237402283,-1.9431733369500124,0.16471942333278616,1.1957651122431923,0.304588498675505,0.9168857999063017,0.11216271916019638,0.7076586644322043,-0.7390536322616752,0.669269798624895,0.11189950262989118,-0.7452918493338656,-0.32386408717190973,1.3086158737568028,-0.6229196196016201,-0.30622389422748253,0.9954518708632496,9,8,14,0,0,29,1,7,7,8
RO_007,44.444,26.513,True,0.27306013941010837,0.49783615906323114,1.2090085257013408,-1.0507936490284187,-0.8326714495481435,0.39990814127532653,-0.8991901968842726,-0.22838379363856195,-0.04943212951299128,0.38124885694391314,-0.008319398522694886,0.3074605603146748,-0.4195273066717074,-0.3507919103315341,-0.24192351424081332,0.04158472618701392,-0.3836119439371753,-0.47499631325886327,-0.43276556169847163,1.5689574293248156,0.8804768765758924,0.6442874323459323,-0.7136934512833535,0.3722270398930253,0.21393662008373807,0.6048251349609493,-0.9123282149097565,-1.2369211390105224,1.1501268335880122,-0.0843693708310462,6.96691444727732,3.0845539045024744,-0.564618404666536,0.974919634910564,-0.36104957026694745,-0.03586987957914034,-0.2348236166124468,-0.1889406451384228,8.65737967266606,2.363627483130708,-0.16789457412041106,-0.1194957411143004,-0.1711534724157458,-0.29331703309012197,-0.23830992649976981,-0.18547173453098575,-0.1232948716050105,-0.15309097023168255,-0.23922332753712489,0.09645901208044491,1.4435427509464491,-0.12765546885075843,-0.3820544624225545,0.26818496866248087,0.23221850463514626,-0.3591808514536615,-0.18977325457889377,-0.16352709340343405,0.3540274861383882,-0.24492650498741353,0.6461955289172611,-1.5095180914848738,0.4060781803623518,-0.9964372474350444,1.1755099741000739,0.7423280131829187,0.5092792318440528,-0.5826731933446309,-0.29785616530075204,0.17532869590949082,0.29562702709765853,0.28477497598506174,-0.6480561139825631,0.7966664953821143,0.10130629988683275,-0.5891260705439405,-0.3295170268946397,1.194273922571167,-0.6077130468579245,-0.862561732889263,1.0064786877897607,9,8,14,0,1,21,1,5,7,1
RO_008,44.444,26.514,True,-0.30703453134200853,0.8982649741373275,0.8555701012854949,-1.060384431471705,-1.8242198794391247,0.1971083912653118,-1.1188168103813791,-0.37826446461042884,0.1092053468546187,0.5991181054289676,0.05689493421930893,0.04524251040804532,-0.42751813193510485,-0.3438406044968269,-0.3135332927375104,-0.37194368478050055,-0.4305935517211598,-0.5224403183975813,-0.5412560962675514,1.4248493023603659,-1.2022052999013864,-0.9841801882250418,0.5629686866862894,-0.05823283132403353,0.23743342413866675,-0.1299987172556448,-1.765164767077478,-0.000992927536742036,-0.8281494717194505,-0.0843693708310462,10.159718348484262,1.0530770818818462,-0.564618404666536,-0.16099925096882858,-0.36104957026694745,-0.021770964655940712,0.19757782284027323,-0.1889406451384228,3.294635200669652,0.6878058801038307,-0.16789457412041106,-0.021618392561887967,-0.1711534724157458,-0.29331703309012197,-0.23830992649976981,-0.18547173453098575,-0.1232948716050105,-0.15309097023168255,-0.5050960467941736,-0.04907961484234171,1.4435427509464491,-0.3102019451720602,-1.5046126540714329,-0.400796677093131,-0.4743420639703698,-0.17147706095040494,0.398798868317965,-0.40711037406469774,-0.6982208754395988,-0.24492650498741353,-0.6185677000086734,-1.7670528394512923,0.6811223345261919,0.2939565253401415,0.013407302346059798,-1.1758872369120321,-0.6816464174506182,-0.5512889879519045,-0.053672743695471876,1.049806412886862,1.4031871867010084,0.28477497598506174,-0.6480561139825631,0.7966664953821143,0.10130629988683275,-0.5891260705439405,-0.3295170268946397,1.194273922571167,-0.6077130468579245,-0.862561732889263,1.0064786877897607,9,8,14,0,1,13,1,5,7,1
RO_009,44.444,26.514,True,-0.5003994215927141,0.8271542082562464,0.8280818258732324,-1.001801228120411,-1.803345175651946,0.9253438572103667,-0.9667676164218438,-0.39129756643406943,-0.11553107799949544,0.2317307452384836,0.2525379324453204,0.12592498730239285,-0.4315135445668035,-0.406402357009192,-0.39856990470233816,-0.5290844809481563,-0.4466031465802264,-0.5386074811786999,-0.6106197889502769,1.5866195075313094,-1.2022052999013864,0.45535234972142785,-0.7136934512833535,0.850952868830088,0.10362616662507183,-0.11360611906744947,-1.6787848622074137,-0.45768247310761706,1.7560901996222726,-0.0843693708310462,6.96691444727732,2.5766846988473175,-0.564618404666536,0.12298047050101955,-0.20408212656722488,-0.07111716688713939,0.9182468885948067,-0.1889406451384228,5.082216691335121,2.0589326462167303,-0.16789457412041106,-0.0950264039761973,0.02384303031878626,-0.29331703309012197,-0.23830992649976981,-0.18547173453098575,-0.1232948716050105,-0.15309097023168255,-0.5050960467941736,0.04101572563366906,2.027785112558818,-0.3102019451720602,-1.5046126540714329,-0.18953931527556936,-0.003301684900025763,-0.5468846419569181,-0.7783453774757525,-0.16352709340343405,0.8801516669273817,-0.24492650498741353,1.5643914464875361,-1.6493226689523581,1.1560343168800498,1.5843502981153275,0.672662255767437,0.6584060959912647,-1.0062372463148017,0.33793016484200694,-0.18814722783257354,-0.5172576559365872,-0.8168743953606534,0.28477497598506174,-0.6480561139825631,0.7966664953821143,0.10130629988683275,-0.5891260705439405,-0.3295170268946397,1.194273922571167,-0.6077130468579245,-0.862561732889263,1.0064786877897607,9,8,14,0,1,32,1,5,7,1
RO_010,44.416,26.535,True,-1.9506360984730065,0.6519299457132725,1.0452269611809788,-1.0369827291878824,-2.377399529799356,0.7041077662903501,-0.890743019442076,-0.15670173360853853,0.029886608670813712,1.126558196281041,-0.09961946436150025,0.24694870264391416,0.3143101313923911,-0.38323133756016786,-0.22849668077268243,-0.6614135724577603,-0.40039628992664905,-0.4919458523430934,-0.4546997942881125,-0.40399371660313493,-1.0034600286160478,1.257872122034831,-0.07536238229853191,-1.1997106300988827,0.4009962902255002,1.0566551817695824,-1.5402424423450178,-1.6254608648147848,0.9290368161358832,-0.0843693708310462,-0.2168943304382987,0.2066284057899175,-0.564618404666536,-0.30298911170375264,-0.36104957026694745,-0.09226553927193881,-0.2348236166124468,-0.1889406451384228,6.2739376851121005,1.1448481354747972,-0.16789457412041106,-0.1194957411143004,-0.1711534724157458,-0.29331703309012197,-0.23830992649976981,-0.18547173453098575,-0.1232948716050105,-0.15309097023168255,-0.5050960467941736,-0.263922349823598,0.2750580277217112,-0.2797775324518432,-0.756240526305514,1.0075857350239468,1.4098194523110064,-0.17147706095040494,0.398798868317965,-0.40711037406469774,-0.6982208754395988,-0.24492650498741353,-0.6185677000086734,-1.722904025514192,0.4392087727386357,-0.9964372474350444,0.1799948900145407,0.38266265379011544,-0.4707952521276152,-0.6140573987373571,0.0649020801125384,0.7699735434541033,-0.4816654991030662,-0.74673734700905,0.42836343266072713,-0.17526359197461472,0.04096124427023307,-0.6524178338502167,-0.7376804990678083,0.8660251273235355,-1.1024671195667877,-0.862561732889263,-1.1307696809349643,9,8,14,2,0,30,0,5,7,1
RO_011,44.469,26.298,True,-1.7572712082223008,0.6595806131858228,1.0080486740677006,-1.0179912533112407,-0.5717376522084121,0.09570851626030352,-0.7386938254825405,-0.16321828452035894,0.029886608670813712,-0.2125516438290785,0.06993780076770977,0.04524251040804532,-0.5553713361494629,0.3976320178719446,0.1026985447745418,0.12429040838051651,-0.35015349932533185,-0.44120856752235105,-0.36678099802135455,1.2098026637966977,-1.2022052999013864,-0.9841801882250418,-0.07536238229853191,0.6419744453385181,0.4041244857761656,0.9182336348303214,-2.009989934574951,-0.44408594310960564,1.1728693428531587,-0.0843693708310462,2.6566291806479487,1.9672416520611289,-0.564618404666536,1.0601135513515185,-0.36104957026694745,-0.09226553927193881,0.3128848733609986,-0.1889406451384228,0.4345048156049011,0.5049889779554442,-0.16789457412041106,-0.1194957411143004,-0.1711534724157458,-0.29331703309012197,-0.23830992649976981,-0.18547173453098575,-0.1232948716050105,-0.15309097023168255,-0.18604878368571512,-0.11699764073964208,1.1514215701402646,-0.3102019451720602,-1.5046126540714329,-0.400796677093131,-0.4743420639703698,-0.5468846419569181,-0.7783453774757525,-0.40711037406469774,-0.6982208754395988,-0.24492650498741353,-0.6185677000086734,-1.9289318238873268,1.2441014551602807,0.2939565253401415,-0.9074518628213762,0.28675189128536793,-0.5293354928420679,0.2751617540565544,-0.2864406960394946,1.070793878094319,-0.3820432641239925,-0.3106229336052289,0.47706656151095256,-0.5206340872805499,0.2999274943403871,-0.41371932002651596,-1.0292624938595856,0.0133979629141879,-0.4981240257252904,-0.12897706693311706,0.4064682847751795,9,8,13,2,0,30,0,7,7,7
RO_012,44.138,26.145,True,0.466425029660814,0.8638193423155252,0.899284515425277,-1.0679482652514005,-1.959905454055785,-0.17392296954846756,-1.2075121735244416,-0.18276793725581977,-0.12346295181787596,-0.13138466890327383,0.4090523310261296,0.08558374885521908,-0.5114217972007774,-0.32762089088251,-0.32248451504959746,-0.8599072097221675,-0.48227228187886845,-0.5746276754254215,-0.6213650792456044,0.6922925870178426,-1.2022052999013864,-0.5218006118402791,-0.7136934512833535,-0.39539067688218926,0.49306905817446106,0.6292822405499005,-2.2568607341403,1.2804665732674396,0.6926207062285947,-0.0843693708310462,2.1777085954669073,0.8837873466634604,-0.564618404666536,-0.30298911170375264,-0.36104957026694745,-0.09226553927193881,-0.3789574297633535,-0.1889406451384228,2.1029142068926725,2.0589326462167303,-0.16789457412041106,-0.10318284968889832,-0.1711534724157458,-0.29331703309012197,-0.23830992649976981,-0.18547173453098575,-0.1232948716050105,-0.15309097023168255,-0.5050960467941736,-0.19461824176512818,0.5671792085278956,-0.3102019451720602,-1.5046126540714329,-0.36558711679020406,-0.23882187443519778,-0.5468846419569181,-0.7783453774757525,-0.40711037406469774,-0.6982208754395988,-0.24492650498741353,-0.6185677000086734,-1.5720622445624326,0.9958027246602044,-0.9964372474350444,-0.30341760975677334,-0.3186847970258509,0.49451129822672324,0.7197713304535102,0.5942672416575809,0.24878482413559003,0.3956875999106402,-0.07046824688583266,0.39552098030814803,-0.5481446512458674,-0.22881240242604234,-0.15925202867017915,-1.1461272217214964,-0.749033845590362,-1.019248895524545,-0.1778382590088841,-0.04285023189225431,9,8,13,2,0,30,0,7,7,7
RO_013,44.433,25.539,True,0.466425029660814,0.6140120166405799,0.8327722838242856,-0.8810889427773377,0.3519679903742387,-0.4228135718334863,-1.2455244720143255,-0.3587148118749679,-0.15519044709139795,0.04803706514324153,-0.021362265071095603,-0.03543996648630222,-0.387564005618118,-0.1376185314005123,-0.06961248473313576,-0.16517947929674331,0.12227993000853689,0.03587459557576209,0.17735937944537758,0.35239244699139555,-1.2022052999013864,-0.17666413507830805,-0.7136934512833535,0.7410222378158433,0.39025059469079115,0.6323747162358436,-2.0062993646694496,-0.3613440613022488,-0.2825885488931582,-0.0843693708310462,1.6987880102858663,2.982980063371443,-0.564618404666536,-0.30298911170375264,-0.36104957026694745,-0.09226553927193881,-0.3789574297633535,-0.1889406451384228,3.294635200669652,2.88160870588447,-0.16789457412041106,-0.1194957411143004,-0.1711534724157458,-0.29331703309012197,-0.23830992649976981,-0.18547173453098575,-0.1232948716050105,-0.15309097023168255,-0.5050960467941736,-0.008883232168429228,0.2750580277217112,-0.3102019451720602,-1.5046126540714329,0.23297540835955396,0.23221850463514626,-0.17147706095040494,-0.18977325457889377,-0.32591594717760985,-0.17209669465060531,-0.24492650498741353,-0.6185677000086734,-1.8994992812625933,0.5031809347452055,-0.35124036104745143,-0.8972715102416358,-1.265803576760233,0.7612072716502191,0.26993105315776666,-0.32481255960567407,0.05639972640056835,-0.30270411618665816,-1.0478683547803846,0.43243629912166254,0.006613081782503826,-1.2431561366080341,-0.30593643909947527,-1.3132887389767647,0.12589750682980888,-0.9951880118038676,-0.12897706693311706,0.0003369368140736256,9,8,13,2,2,30,0,5,7,7
RO_014,44.65,26.101,True,-2.6274132143504763,0.5931831414495461,1.0712538852248543,-1.0192996431596038,0.3154372587466762,-0.4988634780872423,-1.0047799149117278,-0.2609665481976634,-0.20542564794114107,-0.2723588885112503,0.17428073315491585,0.16626622574956662,-0.5993208750981486,-0.2163999975271943,-0.17031373574411612,-0.33059084368374925,-0.15900624866224658,-0.24818002783489715,-0.18136039840684937,0.6971696971314515,-1.2022052999013864,0.76317722958124,3.0241613743683873,0.5754850436714385,0.5307283154489213,0.5121346959216512,-1.735545817489179,0.8171583477113556,0.6226658638384597,-0.0843693708310462,2.9759095707686427,3.9310025805944027,-0.564618404666536,0.6909399134407159,-0.36104957026694745,-0.06406770942553958,0.6299792622929934,-0.1889406451384228,2.1029142068926725,0.6878058801038307,-0.16789457412041106,-0.10318284968889832,-0.1711534724157458,-0.29331703309012197,-0.23830992649976981,-0.18547173453098575,-0.1232948716050105,-0.15309097023168255,-0.5050960467941736,-0.049079614842341635,1.4435427509464491,-0.3102019451720602,-1.5046126540714329,-0.2951679961843502,0.23221850463514626,1.7055608440821608,4.518803728595977,-0.40711037406469774,-0.6982208754395988,-0.24492650498741353,-0.6185677000086734,-1.6419645332961748,0.6796766359497722,-0.35124036104745143,-0.5623996094747172,-0.8521884134585092,-1.0646256316707214,-0.0700645052634348,-0.2667230673155046,-0.7621114166902512,-1.024287888587085,-1.166966010783678,0.8179907071570417,-0.4978176146874443,-1.4357540153558077,-0.24118234662622073,-1.0811653620705421,-0.08092110926251646,-0.7438650009215039,-0.12897706693311706,0.9632929211390514,9,8,13,2,2,30,0,5,7,7
RO_015,44.629,26.228,True,0.466425029660814,0.4902358693151808,1.0202368163597968,-0.9274160984529612,0.23193844359796198,-0.3191091542147287,-0.9160845517686653,-0.31309895549222583,-0.1366827415151768,0.2616343675795694,0.21340933280011812,0.004901271960871549,-0.631284176151738,-0.2673762403150473,-0.4119967381704689,-0.5456256173868566,-0.36013838385476005,-0.4512917242142594,-0.4242862825502814,1.4150086794229857,-1.2022052999013864,1.483022902262596,1.201299755671111,0.464445617958831,0.6655516185671229,0.7707470610816898,-1.8252885603490132,-0.996645533051968,0.44405398857321904,-0.0843693708310462,1.3795076201651721,2.407394963628932,-0.564618404666536,1.8268587993201084,-0.36104957026694745,-0.03586987957914034,2.0713173938020604,-0.1889406451384228,5.678077188223611,0.23076362473286416,-0.16789457412041106,-0.1194957411143004,-0.1711534724157458,-0.29331703309012197,-0.23830992649976981,-0.18547173453098575,-0.1232948716050105,-0.15309097023168255,-0.5050960467941736,0.04794613643951609,1.1514215701402646,-0.3102019451720602,-1.5046126540714329,0.12734672745077313,1.1742992627758344,-0.17147706095040494,0.398798868317965,-0.16352709340343405,0.3540274861383882,-0.24492650498741353,0.6461955289172611,-1.5904575837028911,0.6158851862652548,-0.35124036104745143,-0.20994346334279237,-0.7382943829841214,-0.6808112129786869,-0.47805917536887654,-0.35935364280247534,0.500634406625073,0.3142364605917495,-0.8717236928473651,0.605115329096032,-0.3625708612752369,-1.377510397972065,-0.21136461573943713,-2.0521223803739255,-0.07323017891462345,-0.7609962975074341,-0.12897706693311706,0.551647638943833,9,8,13,2,2,30,0,7,7,8
RO_016,44.15,26.121,True,0.466425029660814,1.397426498362742,0.6171650035824584,-1.1997577458347646,0.023191405726176353,-0.3951590604684844,-1.0047799149117278,-0.2935493027567649,0.0034470292762120484,0.7998995697191158,-0.11266233090990098,0.22677808342032726,0.29565155440235813,-0.31603538115799795,0.013186321653670365,-0.01630925134843834,-0.1556921919633112,-0.2448333538816083,-0.16668095776610406,0.6566711973126714,-1.2022052999013864,0.19762182599869835,-0.7136934512833535,0.9030313492628934,0.4800335641806753,0.983978385968337,0.6120450444106526,-2.2117509170708978,0.4824482541703135,-0.0843693708310462,1.3795076201651721,3.9310025805944027,-0.564618404666536,-0.30298911170375264,-0.36104957026694745,-0.0781666243487392,-0.3789574297633535,-0.1889406451384228,6.2739376851121005,1.9065852277597415,-0.16789457412041106,-0.1194957411143004,-0.1711534724157458,-0.29331703309012197,-0.23830992649976981,2.2055494214708786,-0.1232948716050105,-0.15309097023168255,-0.5050960467941736,-0.028288382424800775,0.8593003893340802,-0.3102019451720602,-1.5046126540714329,-0.3303775564872771,-0.003301684900025763,-0.3591808514536615,-0.18977325457889377,-0.40711037406469774,-0.6982208754395988,-0.24492650498741353,-0.6185677000086734,-0.7258766441013432,0.9324329370604759,-0.9964372474350444,-1.4209426770328326,-0.24675172514729027,0.3081088456275255,-0.017757496275557647,-0.3269521593437549,0.05639972640056835,-0.5139431032362861,0.42278388007697343,-0.13821411826056557,-0.05484796676784103,0.05039579589146001,-0.25306795899147155,-1.01964075562204,-0.5534453738114296,-0.7788334179534877,-0.1778382590088841,0.37981625900700083,9,8,13,2,1,30,0,7,7,7
RO_017,44.697,26.027,True,-2.588740236300335,0.5208358221376578,0.9934401866459761,-0.9282828736655939,-0.1333688726776623,-0.1946638530722187,-0.6373276961761836,-0.1762513863439995,-0.08380358272597346,-0.045945747928742786,0.10906640041291203,0.16626622574956662,-0.42751813193510485,-0.2395710169762184,-0.09422834609137529,0.03331415796766381,0.002823174635451018,-0.08475786429733871,0.061455712249672174,0.25048149637309847,-1.2022052999013864,1.3705601993587277,2.239107716847185,1.1326225445439475,0.583049956762706,0.4744983810832432,-0.49036384418525103,-0.000992927536742036,0.6609940500434393,-0.0843693708310462,1.3795076201651721,0.3759181410083033,-0.564618404666536,-0.30298911170375264,-0.36104957026694745,-0.0781666243487392,-0.3789574297633535,-0.1889406451384228,0.9111932131156929,1.9065852277597415,-0.16789457412041106,-0.1194957411143004,-0.1711534724157458,-0.29331703309012197,-0.23830992649976981,2.2055494214708786,-0.1232948716050105,-0.15309097023168255,-0.5050960467941736,-0.26392234982359797,0.8593003893340802,-0.30259584199200595,-1.1304265901884734,0.056927606844919244,0.9387790732406623,0.2039305200561082,0.9873709912148237,-0.0011382396292582732,1.4062758477163753,-0.24492650498741353,2.028492095875116,0.0945554815631043,0.46240018740203437,0.2939565253401415,-0.34167105581398005,-0.8461939908019623,-0.6484660216111683,0.4686976873116998,-0.23361692526041022,0.4586594762101591,0.2696455482151161,-0.5358811121391811,0.04902574119146115,0.2625516494657193,-1.4614823332395042,0.14169135734112956,-1.0322688363974286,-0.21949645607149887,-0.7762669665227795,-0.07871887565721612,0.7744668745350686,9,8,13,2,1,30,0,7,7,7
RO_018,44.236,26.716,True,-0.30703453134200853,0.7042967772740185,1.0835964450756563,-1.0915479773999661,-0.39430267001739433,0.2132401895615625,-0.8147184224623082,-0.19580103907946045,0.08276576746001704,0.4367841555773584,0.06993780076770977,0.14609560652597975,-0.155830072979594,-0.4087194589540944,-0.192691791524334,0.17391381769661865,-0.21342345230142162,-0.30313281065498154,-0.33460623126290395,-0.27494594895924396,-0.7558953524293069,0.42166570280821913,0.654951254769528,0.8127073791509043,0.4644006622661021,0.5409349789523419,-0.09109158970047347,-1.2637510839320603,1.1375817298570252,-0.0843693708310462,1.3795076201651721,0.03733867057153182,-0.564618404666536,-0.30298911170375264,-0.36104957026694745,-0.09226553927193881,-0.09068980346154015,-0.1889406451384228,0.3153327162272031,2.6683223200446853,-0.16789457412041106,-0.1194957411143004,-0.1711534724157458,-0.29331703309012197,-0.23830992649976981,2.2055494214708786,-0.1232948716050105,-0.15309097023168255,-0.5050960467941736,-0.26392234982359797,0.5671792085278956,-0.30259584199200595,-1.1304265901884734,-0.36558711679020406,-0.4743420639703698,0.2039305200561082,0.398798868317965,-0.40711037406469774,-0.6982208754395988,-0.24492650498741353,-0.6185677000086734,0.15709963464066307,0.2427142412269304,0.2939565253401415,0.3954790196190479,-0.09089673607707552,-0.5038617564481653,0.04501091450989493,-0.1307559881515382,0.6650362174168187,0.775567106332844,0.5813646450390002,-0.2069369853335004,-0.050682676408858526,1.1783791970388144,-0.6553906727873184,-0.30028720752362503,1.0017416628518412,-0.9155628503594956,-0.22504976621535197,1.0910124766890783,9,8,14,2,1,30,0,7,7,1
RO_019,44.825,24.867,True,0.466425029660814,0.38717259954490907,0.6075534094204648,-0.6075358111989961,-0.15424357646484085,-0.6048724383197505,-1.034345035959415,-0.33264860822768677,-0.18956190030438014,-0.3919733778755939,0.3699237313809273,-0.03543996648630222,-0.7511465551026987,-0.3253037889376076,-0.5417894616957324,-0.7441192546512637,-0.5345162117915221,-0.627385794956778,-0.7357500559092542,1.3279131463874405,0.7458490906998914,0.4232367473791912,-0.7136934512833535,0.7483297670537251,0.33011334739918696,0.5786460625352088,0.3899248110613346,-2.239919882942382,-0.09493551071973126,-0.0843693708310462,5.370512496673849,2.5766846988473175,-0.564618404666536,0.8329297741756398,-0.36104957026694745,-0.0781666243487392,0.9182468885948067,-0.1889406451384228,2.1029142068926725,4.64883875998554,-0.16789457412041106,-0.10318284968889832,-0.1711534724157458,-0.29331703309012197,-0.23830992649976981,2.2055494214708786,-0.1232948716050105,-0.08599119014037673,-0.5050960467941736,0.13111106610967982,2.027785112558818,-0.2645653260917347,-0.756240526305514,-0.3303775564872771,-0.23882187443519778,-0.5468846419569181,-0.7783453774757525,-0.40711037406469774,-0.6982208754395988,-0.24492650498741353,-0.6185677000086734,-0.2659931655898816,0.14079249158934445,0.2939565253401415,-2.079734887155131,-1.0200322478418173,-0.1346634160149274,1.0179212816844099,-0.1949631982556812,-1.3987311946497774,-1.6263648279066147,0.4665957774099453,-0.658461995175094,0.6987799265064788,-0.30348339629170895,-0.7759321603193771,-0.10107292795120232,0.6554453963901045,-0.4487836642506149,-0.9262609062534592,0.3430680307291675,9,8,13,3,2,13,15,7,7,7
RO_020,44.811,24.948,True,0.35040609551039065,0.47007638253222384,0.9832125631142203,-0.8923858278684073,-0.49867618895328714,-0.3836363473997333,-1.135711165265772,-0.2935493027567649,-0.15254648915193775,-0.46032451465521884,-0.060490864716297874,-0.09595182415706287,-0.5513759235177642,-0.3577432161662413,-0.14346006880785464,-0.7358486864319136,-0.5819641587268224,-0.6753007290001249,-0.787191167389967,0.6123345382014262,-1.2022052999013864,-0.9841801882250418,-0.7136934512833535,0.3251504680026855,0.10252914065108744,1.0956880549036458,-0.07355044303790506,0.8853572004230406,-0.6184637761065255,-0.0843693708310462,3.7741105460703785,0.545207876226689,-0.564618404666536,-0.30298911170375264,-0.36104957026694745,-0.09226553927193881,1.6389159543493403,-0.1889406451384228,0.3153327162272031,-0.0739312121811135,-0.16789457412041106,-0.08686995826349626,-0.04115580392605777,-0.29331703309012197,-0.23830992649976981,-0.18547173453098575,-0.1232948716050105,-0.15309097023168255,-0.23922332753712489,-0.20154865257097512,1.4435427509464491,-0.3102019451720602,-1.5046126540714329,-0.4360062373960579,-0.7098622535055418,-0.5468846419569181,-0.7783453774757525,-0.40711037406469774,-0.6982208754395988,-0.24492650498741353,-0.6185677000086734,0.3520902295295228,1.4592695932840734,2.874744070890513,1.6114141618325988,-0.40860113687405175,0.6353951071056688,1.7083738003243882,0.5804687451431317,-0.2514164299754663,-0.4231673227233541,-0.1160324762388081,-0.21957945600432674,0.4036685432126814,-1.1673966369857496,-0.659483471439911,-0.9209325873387499,0.0630743589338998,-0.6304906283760501,-0.9262609062534592,0.06327731661717953,9,8,21,3,0,13,13,7,7,7
RO_021,44.61,25.346,True,0.07969524915940275,-0.11569931883986066,-0.5036237684592251,0.3845243676622634,0.33631196253385476,0.6856714253803476,-1.4735982629536286,-0.3978141173458898,-0.3693510401876714,0.009589550704702458,-0.6343769928459315,-0.015269347262715335,0.683206579677131,-0.4318904784031185,-0.2978686536913578,-0.7358486864319136,-0.29284630958613217,-0.38333735509017636,-0.3328019740586255,0.9692452442963025,-1.2022052999013864,-0.9841801882250418,-0.7136934512833535,0.6342107598517529,0.37768559077496067,1.182243782084903,0.3496871051407163,1.0185412872338289,-2.1009789520033406,-0.0843693708310462,2.6566291806479487,1.5609462875370033,-0.49354987887574764,-0.13260127882184375,-0.36104957026694745,-0.07534684136409928,0.3128848733609986,-0.1889406451384228,0.4345048156049011,3.247242510181243,-0.16789457412041106,-0.1194957411143004,-0.1711534724157458,-0.29331703309012197,-0.23830992649976981,-0.18547173453098575,-0.1232948716050105,-0.15309097023168255,-0.5050960467941736,-0.10868114777262566,1.4435427509464491,-0.3102019451720602,-1.5046126540714329,-0.4360062373960579,-0.7098622535055418,-0.5468846419569181,-0.7783453774757525,-0.40711037406469774,-0.6982208754395988,-0.24492650498741353,-0.6185677000086734,0.1387042955002046,0.8578589854934952,-2.28683102021023,1.2470809376909766,-1.9431733369500124,0.6484546679395027,2.220982488405584,0.530732660213613,-0.13248746046654386,-0.5924454243997962,-0.3725761319878824,0.035275446355871355,0.18124456416250542,-1.0301158942837303,-0.7842709145087319,-0.2380681906552548,1.2901449008715882,-1.0418981315249758,-0.2185740505840888,-0.8312243536705798,9,8,7,3,1,13,13,7,7,7
RO_022,44.531,25.493,True,0.466425029660814,-1.263273464530259,-0.9186337784442489,1.3119118544400845,0.33631196253385476,-0.7984540178747652,-1.3553377787628789,-0.5476947883177566,-0.4486697783714765,0.2958099359693821,-0.6343769928459315,-0.27748739716934484,-0.46347684562039315,-0.2905472597640714,-0.44108821068475207,-0.5621667538255568,-0.23645363902568675,-0.3263896626195953,-0.2743189707740223,0.25921350802042525,-1.2022052999013864,0.21038683198500754,-0.7136934512833535,0.25011376080438535,0.2954944884146074,0.21486206660537627,-0.1559692107354738,-0.23064933545561644,-0.26590287452389544,-0.0843693708310462,1.3795076201651721,2.407394963628932,-0.564618404666536,0.4069601919708677,-0.36104957026694745,-0.09226553927193881,0.9182468885948067,-0.1889406451384228,2.1029142068926725,0.5354584616468419,-0.16789457412041106,-0.1194957411143004,-0.1711534724157458,-0.29331703309012197,-0.23830992649976981,-0.18547173453098575,-0.1232948716050105,-0.15309097023168255,-0.5050960467941736,-0.1668965985417403,0.5671792085278956,-0.3102019451720602,-1.5046126540714329,0.23297540835955396,0.23221850463514626,-0.5468846419569181,-0.7783453774757525,-0.40711037406469774,-0.6982208754395988,-0.24492650498741353,-0.6185677000086734,0.13134615984402123,1.0847131871100133,0.2939565253401415,-0.47710059467780064,-0.8521884134585092,-0.35196843407558076,0.7145406295547224,0.031501262644414926,0.11236630028712011,-0.16128039141036515,-0.6026527177722203,-0.6007863319757261,1.2797121869699277,-1.0054468549211462,-0.819764065184528,0.1767404600572947,0.6566711012266532,-0.9525202404797591,-0.12897706693311706,0.05271107496138374,9,8,4,3,0,13,15,7,7,10
RO_023,45.089,23.205,True,0.466425029660814,0.8312118137116683,0.14908831660228186,-0.5762400733973247,-0.01333932590138613,-0.6048724383197505,-1.0681337457282005,-0.39129756643406943,-0.2609487646698046,-0.9345105260638666,0.6959953950909463,-0.23714615872217107,-0.735164904575904,-0.21871709947209667,-0.7387163525616497,-0.45464936697400316,-0.5493026110237552,-0.6423177233059042,-0.7052538119266243,0.10479653579712112,0.40960087705009,-0.9841801882250418,-0.7136934512833535,-0.00749852855080933,0.29866406743335294,0.47290538135849136,-0.5131261626943749,0.3559643973099011,0.07036715203432793,-0.0843693708310462,2.9759095707686427,1.0530770818818462,-0.564618404666536,-0.16099925096882858,-0.36104957026694745,-0.0781666243487392,0.7741130754439,-0.1889406451384228,0.3153327162272031,1.7542378093027524,-0.16789457412041106,-0.1194957411143004,-0.1711534724157458,-0.29331703309012197,-0.23830992649976981,-0.18547173453098575,-0.1232948716050105,-0.15309097023168255,-0.5050960467941736,-0.1946182417651282,1.1514215701402646,-0.30259584199200595,-1.1304265901884734,-0.400796677093131,-0.4743420639703698,-0.5468846419569181,-0.7783453774757525,-0.40711037406469774,-0.6982208754395988,-0.24492650498741353,-0.6185677000086734,-0.3910814717449992,-0.8577033251911665,0.2939565253401415,-0.7254394985169249,-0.3846234462478649,0.23867298293833347,1.1957651122431923,-0.014954956818345235,-1.048940107858829,-1.3462271031454596,1.1604408014141068,-0.7921428099316511,0.4663017112063626,0.5916044488565397,-0.8793749580412596,-0.4506153070409277,0.5684994533072707,-0.5395730500416829,-0.7563455404970965,0.5259188668005131,9,8,13,3,1,13,1,7,7,7
RO_024,45.077,23.25,True,-0.5003994215927141,0.781051351762576,0.2423128312647297,-0.605888192691704,-0.7439539584526347,-0.6509632905947538,-1.0174506810750223,-0.3196155064040461,-0.2979641758222469,-0.5286756514348437,-0.1778766636519048,-0.27748739716934484,-0.7032016035223145,-0.38323133756016786,-0.15017348554191992,-0.23134402505154567,-0.4448381387311825,-0.5368251019581988,-0.5635757929251349,0.00684640047892119,0.40960087705009,-0.9841801882250418,-0.7136934512833535,-0.09594011548166723,0.23332254678713873,-0.10702295451373971,-0.3003254426961534,0.8928461593398206,-1.8007673110063396,-0.0843693708310462,6.96691444727732,2.5766846988473175,-0.564618404666536,0.12298047050101955,-0.36104957026694745,-0.09226553927193881,-0.3789574297633535,-0.1889406451384228,-0.2805277806612867,-0.22627863063810233,-0.16789457412041106,-0.1194957411143004,-0.1711534724157458,-0.29331703309012197,-0.23830992649976981,-0.18547173453098575,-0.1232948716050105,-0.15309097023168255,-0.5050960467941736,-0.21887467958559262,-0.017063153084473304,-0.30259584199200595,-1.1304265901884734,-0.400796677093131,-0.4743420639703698,-0.3591808514536615,-0.18977325457889377,-0.40711037406469774,-0.6982208754395988,-0.24492650498741353,-0.6185677000086734,-0.3175001151831653,-0.8428849147828651,1.5843502981153275,0.5819645691479307,-1.199864927538219,0.06472266973883771,0.02408811091474407,-0.002962948705509187,-0.580220051558958,-0.9693362637726278,0.51108994898034,-0.6502066951712735,0.6586101357371971,-0.03304754394526247,-0.16274592009029987,-2.034103448864976,-0.594949937585642,-0.022041395814694158,-0.07871887565721612,0.41979131829107924,9,8,4,3,0,13,15,7,7,11
RO_025,45.075,26.719,False,-1.080494092344831,1.115547620344373,1.0752151349663976,-1.324879833653237,-1.6676596010352853,0.3722536299103244,-0.8485071322310941,-0.13063552996125743,0.3471615614060337,0.7101887026958581,-0.6343769928459315,0.7310435640099994,-0.09589888350411364,-0.2395710169762184,0.6845279950602061,1.3069816637476084,-0.39404677174784164,-0.3173559897724229,-0.4174688766925062,-1.2104804520286392,-1.2022052999013864,1.0476633761071903,1.201299755671111,0.823729002165807,-0.15148764079454957,0.5376987775880149,0.5262209217023582,0.5208755909390101,0.6377821806184266,-0.0843693708310462,-0.2168943304382987,-0.47053053508362536,-0.564618404666536,-0.30298911170375264,-0.36104957026694745,-0.09226553927193881,-0.3789574297633535,-0.1889406451384228,-0.2805277806612867,-0.22627863063810233,-0.16789457412041106,-0.1194957411143004,-0.1711534724157458,-0.29331703309012197,-0.23830992649976981,-0.18547173453098575,-0.1232948716050105,-0.15309097023168255,-0.5050960467941736,-0.45797385238731336,-1.185547876309211,-0.3102019451720602,-1.5046126540714329,-0.15432975497264242,0.23221850463514626,0.2039305200561082,0.9873709912148237,-0.24472152029052197,-0.17209669465060531,-0.24492650498741353,-0.6185677000086734,0.6243412488083081,1.3752986009703647,-0.9964372474350444,-0.9105368181485703,0.46658457098176953,0.27018296983392087,1.5305299697656058,-0.058823157436241204,0.16833287417367188,-0.5609647981464089,-0.22788656042060623,-0.17084659820183168,0.40034080180458864,-0.6357711770110398,-0.7625274231092684,-0.9238197985178799,1.9148182657906008,-0.6582729202122928,-0.12897706693311706,0.9449130235207079,9,8,5,3,2,13,15,7,7,3
RO_026,44.809,25.475,False,0.466425029660814,0.7154048930596315,0.8575317503855793,-0.9555225318126491,-0.4464894294853407,-0.5772179269547486,-0.9836619713062364,-0.2479334463740228,-0.14725857327301742,-0.5329475974835703,0.20036646625171742,-0.15646368182782353,-0.7032016035223145,-0.2743275461497546,-0.3403869596737717,-0.9012600508189188,-0.4811512236576677,-0.5734955836449103,-0.6279866129829015,-1.2104804520286392,-1.2022052999013864,0.8653381173140092,-0.7136934512833535,-0.9330739791604375,0.22094561830583537,0.33474752713548345,-0.13939855899139433,-1.4358347318181524,-0.562696162755281,-0.0843693708310462,-0.2168943304382987,-0.47053053508362536,-0.564618404666536,-0.30298911170375264,-0.36104957026694745,-0.09226553927193881,-0.3789574297633535,-0.1889406451384228,-0.2805277806612867,-0.22627863063810233,-0.16789457412041106,-0.1194957411143004,-0.1711534724157458,-0.29331703309012197,-0.23830992649976981,-0.18547173453098575,-0.1232948716050105,-0.15309097023168255,-0.5050960467941736,-0.45797385238731336,-1.185547876309211,-0.3102019451720602,-1.5046126540714329,-0.3303775564872771,-0.003301684900025763,-0.5468846419569181,-0.7783453774757525,-0.40711037406469774,-0.6982208754395988,-0.24492650498741353,-0.6185677000086734,-0.4278721500259161,-0.93492772414825,-0.9964372474350444,1.1317036084539176,-0.6124115071966403,-0.4502188510464003,0.4216213792226104,0.29815688748678315,-0.20244567782473355,-0.286485616332065,0.11832096864502537,-0.14881258323194987,0.1511329391623705,-0.23680020588973913,-0.6803976821269642,-0.30079649408212406,0.12200199145836768,-0.9342339872089718,-0.940182736041732,0.45287001650108955,9,8,13,3,2,13,15,7,7,7
RO_027,45.051,23.136,True,0.466425029660814,1.3995144900517662,0.2332394863758081,-0.9590116062986792,0.0023167019389977914,-0.4665998814947394,-0.7978240675779156,-0.09805277540215593,0.0034470292762120484,-0.14420050704945364,-0.11266233090990098,0.08558374885521908,-0.7511465551026987,0.00604178918343706,0.08032048899432394,-0.1982617521741445,-0.4603411402663884,-0.5524806854768324,-0.5738584574762463,-1.2104804520286392,-1.2022052999013864,1.0175302807484485,1.201299755671111,0.5582062780622615,-0.009980044809430185,0.34364263992031235,0.14407453955797056,-0.44737568960390045,-0.9782128444222881,-0.0843693708310462,-0.2168943304382987,-0.47053053508362536,-0.564618404666536,-0.30298911170375264,-0.36104957026694745,-0.09226553927193881,-0.3789574297633535,-0.1889406451384228,-0.2805277806612867,-0.22627863063810233,-0.16789457412041106,-0.1194957411143004,-0.1711534724157458,-0.29331703309012197,-0.23830992649976981,-0.18547173453098575,-0.1232948716050105,-0.15309097023168255,-0.5050960467941736,-0.45797385238731336,-1.185547876309211,-0.3102019451720602,-1.5046126540714329,2.028662983808828,1.1742992627758344,0.2039305200561082,0.9873709912148237,-0.40711037406469774,-0.6982208754395988,-0.24492650498741353,-0.6185677000086734,-0.4867372352753832,-0.9878161970689359,0.2939565253401415,-0.09919356709652451,-0.8042330322061353,0.6145909229866545,0.37977577203230867,0.06838693717096939,0.5950780000586291,1.6469827201417975,1.5583768569873666,-1.1824222516324712,0.8037516991915344,0.6584179092224777,-0.33796409619409046,-0.395398862788078,1.1222926385378695,-0.8260567667709795,-0.7563455404970965,-0.3166671375272236,9,8,16,3,1,13,15,7,7,7
RO_028,44.113,25.641,False,0.466425029660814,1.259491148600389,0.23465490926882507,-0.8786599847464969,0.33631196253385476,-0.9275084042447753,0.36788641944519035,-0.05895346993123402,0.13564492624922037,-0.09720910051346149,0.4220951975745303,0.22677808342032726,-0.2637062140354586,-0.28359595392936415,0.5055035488184633,0.18218438591596878,1.6954391236627033,1.6245169683723935,1.528316155596344,-1.2104804520286392,-1.2022052999013864,1.5637681175676874,-0.7136934512833535,0.6515048134221977,0.3017024115494117,0.42337769908734985,-0.18091301259728004,-0.7656523958931314,0.6853594821925644,-0.0843693708310462,-0.2168943304382987,-0.47053053508362536,-0.564618404666536,-0.30298911170375264,-0.36104957026694745,-0.09226553927193881,-0.3789574297633535,-0.1889406451384228,-0.2805277806612867,-0.22627863063810233,-0.16789457412041106,-0.1194957411143004,-0.1711534724157458,-0.29331703309012197,-0.23830992649976981,-0.18547173453098575,-0.1232948716050105,-0.15309097023168255,-0.5050960467941736,-0.45797385238731336,-1.185547876309211,-0.3102019451720602,-1.5046126540714329,0.12734672745077313,0.9387790732406623,-0.5468846419569181,-0.7783453774757525,-0.40711037406469774,-0.6982208754395988,-0.24492650498741353,-0.6185677000086734,-0.2880675725584318,-0.8881834701773477,0.2939565253401415,-0.7235885253206085,0.8262499303745728,-0.41415320339482437,1.1957651122431923,-0.001809871002351875,0.6860236826242757,1.4557877267699593,-0.21035941858563273,0.797171839739362,-1.0637576366579895,-0.09270408939973596,-0.5874761241938543,-0.45333980986434147,0.7051434924954434,-0.7223066253342804,-0.1778382590088841,1.024855781296867,9,8,8,6,0,18,4,7,7,8
RO_029,44.232,25.733,False,0.27306013941010837,-0.6075261702313499,1.2237362857283205,-0.4187275250481109,-0.7282979306122501,0.13258119808030536,-0.1558385819709877,-0.39129756643406943,-0.22128939557790211,1.039128548447803,-0.6343769928459315,0.004901271960871549,1.8418762428697517,-0.41103656089899676,-0.3314357373616846,1.0588646171671,-0.18130033020029845,-0.07735971686012452,-0.14112897700337582,-1.2104804520286392,-1.2022052999013864,-0.9841801882250418,-0.7136934512833535,1.4345908868595167,0.34953686845687865,0.1099942289167025,0.14532220168280782,0.6411701789162745,2.292649546307216,-0.0843693708310462,-0.2168943304382987,-0.47053053508362536,-0.564618404666536,-0.30298911170375264,-0.36104957026694745,-0.09226553927193881,-0.3789574297633535,-0.1889406451384228,-0.2805277806612867,-0.22627863063810233,-0.16789457412041106,-0.1194957411143004,-0.1711534724157458,-0.29331703309012197,-0.23830992649976981,-0.18547173453098575,-0.1232948716050105,-0.15309097023168255,-0.5050960467941736,-0.45797385238731336,-1.185547876309211,-0.30259584199200595,-1.1304265901884734,-0.4360062373960579,-0.7098622535055418,-0.17147706095040494,-0.18977325457889377,-0.40711037406469774,-0.6982208754395988,-0.24492650498741353,-0.6185677000086734,-0.3322163864955321,-0.8615585213949523,0.2939565253401415,1.2569527947379977,2.6605432632778694,-0.37148184764706504,1.969908845263774,-0.05695260916223045,1.1687353823957847,1.6622049976466,0.7100368453737844,0.10395063492044927,-0.5977043088392328,-0.07760571706944798,-0.5117962024961455,-1.1986240224563536,0.6757615765563826,-0.7555426073389786,-0.30622389422748253,0.5479703975701076,9,8,13,6,2,18,8,4,7,7
RO_030,44.39,25.73,False,0.466425029660814,0.87091851405821,0.6592253396353391,-0.9207771650559314,-0.20643033593278726,0.05883583444030107,-0.2572047112773448,-0.45646307555227245,-0.0970233724232743,1.1893600751433702,-0.16483379710350402,0.04524251040804532,-0.21087087739387508,-0.31603538115799795,0.05794243321410608,0.9761589349735965,0.06743885709296135,-0.019506228281575725,0.0687770963486375,-1.2104804520286392,0.2445857757252864,0.8640606573806537,-0.7136934512833535,0.37159140523409573,0.44945186264862524,0.44492723996243,0.7663184766406324,-0.5868951267662385,1.176376271793542,-0.0843693708310462,-0.2168943304382987,-0.47053053508362536,-0.564618404666536,-0.30298911170375264,-0.36104957026694745,-0.09226553927193881,-0.3789574297633535,-0.1889406451384228,-0.2805277806612867,-0.22627863063810233,-0.16789457412041106,-0.1194957411143004,-0.1711534724157458,-0.29331703309012197,-0.23830992649976981,-0.18547173453098575,-0.1232948716050105,-0.15309097023168255,-0.5050960467941736,-0.45797385238731336,-1.185547876309211,-0.2797775324518432,-0.007868398539594996,0.5850710113888233,0.46773869417031827,-0.3591808514536615,-0.18977325457889377,0.4048338948061812,1.4062758477163753,-0.24492650498741353,1.2501166027383774,1.36751295008283,2.03947662195383,1.5843502981153275,1.7832461735573097,1.4736475772816187,-0.35606852875597045,0.2856231558541298,-0.22555819331278856,-0.0275501344292593,-1.08115226031314,0.812075622223011,-0.7207379800200044,0.576589281338101,0.42883546913390636,-0.6153561014190495,-0.6014810651903177,0.5327986124341579,-0.7815282149018906,-0.12897706693311706,0.9132149995811298,9,8,4,6,1,18,8,5,7,7
RO_031,44.008,25.767,False,-1.080494092344831,0.965817821387773,0.846047442931083,-1.0935782380935493,-1.4902246188442676,0.43678082309532834,-0.6964579382715586,-0.13063552996125743,0.9817114668764737,1.1373833075685138,0.017766334574106667,0.4284842756561961,-0.047953931923729154,-0.32298668699270516,-0.09870395724741891,0.8107475705865905,-0.3402853846675342,-0.4312433299620135,-0.5839502861130144,-1.2104804520286392,-1.2022052999013864,1.2473454298004145,-0.7136934512833535,0.44447024509375355,0.3436334609773358,0.6950220498921813,-0.0529481581746859,-1.055574047535661,0.7236650143238857,-0.0843693708310462,-0.2168943304382987,-0.47053053508362536,-0.564618404666536,-0.30298911170375264,-0.36104957026694745,-0.09226553927193881,-0.3789574297633535,-0.1889406451384228,-0.2805277806612867,-0.22627863063810233,-0.16789457412041106,-0.1194957411143004,-0.1711534724157458,-0.29331703309012197,-0.23830992649976981,-0.18547173453098575,-0.1232948716050105,-0.15309097023168255,-0.5050960467941736,-0.45797385238731336,-1.185547876309211,-0.3102019451720602,-1.5046126540714329,-0.11912019466971548,0.7032588837054903,-0.5468846419569181,-0.7783453774757525,-0.32591594717760985,-0.17209669465060531,-0.24492650498741353,-0.6185677000086734,-0.42051401436973274,-1.0279343325645813,0.2939565253401415,0.14575188588268628,0.370673808477022,-0.37702456823351777,0.8400774511256276,0.07967428668743153,0.042408082928930405,-0.992767413439706,0.3881234496076738,-0.41631799616830506,0.38427019096942,0.5918461998473651,-0.16470026574767332,-0.7495856405979533,0.5670525475978783,-0.7697224159411166,-0.30622389422748253,1.1819792472805113,9,8,14,4,1,8,13,5,7,8
RO_032,44.063,25.812,False,0.07969524915940275,0.7504028243502935,1.2034765785283421,-1.1938502837039942,-1.52675535047183,0.6211442321953436,-0.7302466480403444,-0.11760242813761676,0.0034470292762120484,0.7742678934267562,-0.1778766636519048,0.36797241798543545,-0.34760987930113113,-0.31603538115799795,-0.05394784568698321,0.0746669990644151,-0.3769071817847285,-0.468225562213536,-0.5931691699397664,-1.2104804520286392,-1.2022052999013864,0.9771896150507271,-0.7136934512833535,0.44418162354996793,0.1305209386260061,1.1861337399465746,0.8382384360098326,-0.06796229577137818,-0.3208750481879296,-0.0843693708310462,-0.2168943304382987,-0.47053053508362536,-0.564618404666536,-0.30298911170375264,-0.36104957026694745,-0.09226553927193881,-0.3789574297633535,-0.1889406451384228,-0.2805277806612867,-0.22627863063810233,-0.16789457412041106,-0.1194957411143004,-0.1711534724157458,-0.29331703309012197,-0.23830992649976981,-0.18547173453098575,-0.1232948716050105,-0.15309097023168255,-0.5050960467941736,-0.45797385238731336,-1.185547876309211,-0.3102019451720602,-1.5046126540714329,-0.013491513760934644,0.23221850463514626,-0.5468846419569181,-0.7783453774757525,-0.0011382396292582732,0.8801516669273817,-0.24492650498741353,1.2696341585195547,0.9628154889927438,1.4380660141632515,0.2939565253401415,0.03469349410369903,-0.40860113687405175,-0.20102420769382714,0.5366967989959401,0.06997562200643058,1.280668530168888,1.7273180904289227,0.6390445811550407,-0.4022332038760466,0.2064807785470389,0.43012940060293553,-0.25785315439124784,0.05474211114557074,0.2365007432627283,-0.8494116736571382,-0.30622389422748253,1.2839717832567414,9,8,14,4,1,15,13,5,7,8
RO_033,44.061,25.81,True,-0.6937643118434198,1.1779368120124385,0.8552249677867009,-1.222436729993961,-2.1164657324596243,0.22476290263031395,-0.8991901968842726,-0.1762513863439995,0.637996934746652,0.9494176814245452,-0.15179093055510323,0.24694870264391416,-0.28767868982565076,-0.31603538115799795,-0.12108201302763677,0.3062429092062234,-0.43935810969979905,-0.531291137971255,-0.707888977140926,-1.2104804520286392,-1.2022052999013864,-0.9841801882250418,-0.7136934512833535,0.4002821063387092,0.1720270738936676,0.6348561740985263,0.0233694394577995,-0.000992927536742036,-0.2712575131167066,-0.0843693708310462,-0.2168943304382987,-0.47053053508362536,-0.564618404666536,-0.30298911170375264,-0.36104957026694745,-0.09226553927193881,-0.3789574297633535,-0.1889406451384228,-0.2805277806612867,-0.22627863063810233,-0.16789457412041106,-0.1194957411143004,-0.1711534724157458,-0.29331703309012197,-0.23830992649976981,-0.18547173453098575,-0.1232948716050105,-0.15309097023168255,-0.5050960467941736,-0.45797385238731336,-1.185547876309211,-0.3102019451720602,-1.5046126540714329,-0.4360062373960579,-0.7098622535055418,-0.5468846419569181,-0.7783453774757525,-0.40711037406469774,-0.6982208754395988,-0.24492650498741353,-0.6185677000086734,0.1975693807496717,-0.5572389710586141,0.2939565253401415,0.013407302346059798,-0.3846234462478649,-0.3266085892005779,0.1077793252953475,-0.015698051338157725,-0.8600529209917167,-1.5804589020282576,0.019435265421529478,-0.08713136440697396,0.12027161803360738,-0.1468421152588051,-0.2777038819638478,-0.3390006668071507,0.4867685308025569,-0.822720242234103,-0.30622389422748253,1.2641985928673982,9,8,14,4,1,26,13,5,7,8
RO_034,44.469,26.065,True,-2.240683433849065,0.05921800334983334,1.1700646072109664,-0.7717575502196147,-0.1333688726776623,0.11414485717030537,-0.7302466480403444,-0.3196155064040461,1.0874697844548804,0.5692144830878818,-0.07353373126469871,0.1864368449731535,4.842431129275468,-0.1144475119514882,0.7964182739612954,1.0423234807283988,-0.250275890105712,-0.29929376488633225,-0.2004084754870085,-1.2104804520286392,0.2808908141703579,-0.059421035455516594,-0.7136934512833535,0.3091992611065156,0.2813441747870496,0.40762859170906357,0.015224391430469886,-0.03751452502960951,-3.1091413399486068,-0.0843693708310462,-0.2168943304382987,-0.47053053508362536,-0.564618404666536,-0.30298911170375264,-0.36104957026694745,-0.09226553927193881,-0.3789574297633535,-0.1889406451384228,-0.2805277806612867,-0.22627863063810233,-0.16789457412041106,-0.1194957411143004,-0.1711534724157458,-0.29331703309012197,-0.23830992649976981,-0.18547173453098575,-0.1232948716050105,-0.15309097023168255,-0.5050960467941736,-0.45797385238731336,-1.185547876309211,-0.24935311973162627,-0.756240526305514,-0.36558711679020406,-0.23882187443519778,-0.3591808514536615,-0.18977325457889377,-0.08233266651634617,0.3540274861383882,-0.24492650498741353,0.49880069282999445,-0.9502997816149364,-0.9166155421802676,0.2939565253401415,1.3840529542183944,0.8262499303745728,5.843274627993236,1.3317633356116727,7.358246672327334,1.1477479171883276,1.2136658468768187,-0.9344683068652234,0.9395929664631819,-0.8255075190032833,-0.1982874776639314,-0.46176335828317494,-1.1981443619857453,1.1908390090172294,-0.4069497563555337,-0.228265644950595,0.4965160079086096,9,8,13,4,0,22,6,5,7,3
RO_035,44.469,26.065,True,-2.240683433849065,0.8112366102551289,0.9171618125926595,-1.0487056070288316,-0.31080385486868006,-0.31910915421472896,-0.6795635833871654,-0.33264860822768677,2.620965389341777,1.3125330955663028,0.08298066731611049,0.04524251040804532,0.3515873312461398,-0.1607895508495364,0.19221076789541322,0.6866890472963366,-0.219480289988532,-0.30924926030210503,-0.3514416850351015,-1.2104804520286392,-1.2022052999013864,-0.07308145186134822,-0.7136934512833535,0.14222752747355866,0.34576994009348977,0.43679740699683955,-0.03108929759763621,1.5316518018328316,0.22387135251918708,-0.0843693708310462,-0.2168943304382987,-0.47053053508362536,-0.564618404666536,-0.30298911170375264,-0.36104957026694745,-0.09226553927193881,-0.3789574297633535,-0.1889406451384228,-0.2805277806612867,-0.22627863063810233,-0.16789457412041106,-0.1194957411143004,-0.1711534724157458,-0.29331703309012197,-0.23830992649976981,-0.18547173453098575,-0.1232948716050105,-0.15309097023168255,-0.5050960467941736,-0.45797385238731336,-1.185547876309211,-0.3102019451720602,-1.5046126540714329,-0.18953931527556936,-0.23882187443519778,-0.3591808514536615,-0.18977325457889377,-0.40711037406469774,-0.6982208754395988,-0.24492650498741353,-0.6185677000086734,-0.0673235028729302,-0.023776196359760044,0.2939565253401415,-0.2932372571770328,0.6344284053650777,0.05097975979160562,0.9028458619110802,1.2125603180650113,-0.3983286864276647,-1.2415839075234405,-0.9344683068652234,0.9395929664631819,-0.8255075190032833,-0.1982874776639314,-0.46176335828317494,-1.1981443619857453,1.1908390090172294,-0.4069497563555337,-0.228265644950595,0.4965160079086096,9,8,13,4,0,8,6,5,7,3
RO_036,44.469,26.066,True,-0.5003994215927141,0.5400455377738433,0.8201221875369269,-0.8302001322864417,-0.796140717920581,-0.11630940420471396,-0.8147184224623082,-0.2805162009331243,2.1450529602389468,1.620113211074615,0.04385206767090822,0.2066074641967404,0.39154145756312675,-0.20944869169248706,0.2145888236756311,0.537818819348031,-0.2596436641816294,-0.3498079261606016,-0.45508471302101844,-1.2104804520286392,0.40960087705009,-0.1349777107332456,-0.7136934512833535,0.7201155707721446,0.317644833971901,1.159995931142155,-0.001675041469999751,-1.2677097832011517,0.44403800810765837,-0.0843693708310462,-0.2168943304382987,-0.47053053508362536,-0.564618404666536,-0.30298911170375264,-0.36104957026694745,-0.09226553927193881,-0.3789574297633535,-0.1889406451384228,-0.2805277806612867,-0.22627863063810233,-0.16789457412041106,-0.1194957411143004,-0.1711534724157458,-0.29331703309012197,-0.23830992649976981,-0.18547173453098575,-0.1232948716050105,-0.15309097023168255,-0.5050960467941736,-0.45797385238731336,-1.185547876309211,-0.28738363563189745,-0.756240526305514,-0.3303775564872771,-0.23882187443519778,-0.3591808514536615,-0.18977325457889377,-0.24472152029052197,-0.17209669465060531,-0.24492650498741353,-0.6185677000086734,-0.6780487623361512,-0.6533779263905215,-2.28683102021023,-0.08346029492783465,-0.04893577748124847,-0.5449006670916955,1.0911510942674378,-0.04597274703327694,0.1823245176453098,-0.8377552158122673,-0.8286453246203933,1.0279081479544971,-1.0241463989759299,-0.02072534145607637,-0.21162546105778862,-0.17282574530417336,0.13726520168596693,-0.18154840973882763,-0.228265644950595,0.6876354669907438,9,8,13,4,0,2,3,5,7,3
RO_037,44.431,26.089,True,-3.207507885102593,0.019853101611639293,1.1166603289929118,-0.7152609859551792,0.33631196253385476,0.003526811710297394,-0.7809297126935224,-0.21535069181492128,0.1092053468546187,1.8892458121443882,-0.021362265071095603,0.025071891184458434,1.9217844955037258,0.10567717281424081,0.3041010467965025,0.9182649574381442,-0.4167423623419885,-0.39576233783244236,-0.37688808121622913,-1.2104804520286392,-1.2022052999013864,-0.9841801882250418,-0.7136934512833535,0.7447266257115313,0.10328627223328529,-0.9415553203598466,-0.11645016108879026,-2.2384862920919852,-1.1200980124469337,-0.0843693708310462,-0.2168943304382987,-0.47053053508362536,-0.564618404666536,-0.30298911170375264,-0.36104957026694745,-0.09226553927193881,-0.3789574297633535,-0.1889406451384228,-0.2805277806612867,-0.22627863063810233,-0.16789457412041106,-0.1194957411143004,-0.1711534724157458,-0.29331703309012197,-0.23830992649976981,-0.18547173453098575,-0.1232948716050105,-0.15309097023168255,-0.5050960467941736,-0.45797385238731336,-1.185547876309211,-0.3102019451720602,-1.5046126540714329,-0.4360062373960579,-0.7098622535055418,-0.3591808514536615,-0.18977325457889377,-0.40711037406469774,-0.6982208754395988,-0.24492650498741353,-0.6185677000086734,-0.6191836770866841,-0.6018146771648869,1.5843502981153275,0.04980977520695007,-0.9241214853370697,-0.3384533071661481,0.22285474506867722,-0.3894617828293607,0.9308774433779397,0.6412763335810526,0.8363998789979239,-0.25832637743691683,-0.132752649798037,0.7918427444974286,-0.10294517651256624,-0.8736603236906184,1.080274972738991,-0.44140479131673865,-0.1778382590088841,0.483651797093902,9,8,19,5,0,13,6,3,7,0
RO_038,44.456,26.082,True,-0.6937643118434198,0.3543794601249684,1.1706797553888162,-0.9434023476331312,-2.622677299298704,1.4876522549654094,-0.7302466480403439,-0.15018518269671827,-0.022992550118389618,-0.14847245309818,0.22645219934851885,0.3478017987618486,-0.4035456561449128,-0.14456983723521954,0.2145888236756311,0.5460893875673818,-0.5159543997213146,-0.6086412958052814,-0.6370437739735918,-1.2104804520286392,-1.2022052999013864,0.7931404084867344,-0.7136934512833535,0.6594256639827024,0.18240180773625717,-0.6790837313310121,-0.8937799935614998,-1.298567636349241,-0.5706484407957562,-0.0843693708310462,-0.2168943304382987,-0.47053053508362536,-0.564618404666536,-0.30298911170375264,-0.36104957026694745,-0.09226553927193881,-0.3789574297633535,-0.1889406451384228,-0.2805277806612867,-0.22627863063810233,-0.16789457412041106,-0.1194957411143004,-0.1711534724157458,-0.29331703309012197,-0.23830992649976981,-0.18547173453098575,-0.1232948716050105,-0.15309097023168255,-0.5050960467941736,-0.45797385238731336,-1.185547876309211,-0.3102019451720602,-1.5046126540714329,-0.3303775564872771,-0.003301684900025763,-0.3591808514536615,-0.18977325457889377,-0.40711037406469774,-0.6982208754395988,-0.24492650498741353,-0.6185677000086734,-1.4800855488601403,-1.5824802115028889,-0.9964372474350444,1.6185095590851453,0.38266265379011544,0.02584769795440217,1.237610719433494,-0.1319795317143329,1.4205849648852675,2.8727346993243206,-0.3475707249858225,0.38265675782982644,-0.35584296303367285,1.198885025469585,-0.4721607962572437,-0.8245778903971972,1.0024367655946698,-0.2613658599981487,-0.228265644950595,1.010152073510535,9,8,13,5,2,30,6,5,7,0
RO_039,44.484,26.084,True,-3.207507885102593,0.1660960395109473,1.0616820103863107,-0.765464891059725,0.12756492466206917,0.17867205035530936,-0.7133522931559513,-0.21535069181492128,0.05632618806541538,1.0733041168376154,-0.16483379710350402,0.22677808342032726,0.799073545996393,-0.16774085668424366,0.2145888236756311,0.8190181388059414,-0.34815841459721325,-0.4939756691754886,-0.4945841763800642,-1.2104804520286392,-1.2022052999013864,1.2685672164520123,-0.7136934512833535,0.7309540545799936,0.3036837243708196,-0.5777206760502188,-0.2567100063182068,-0.8908110637254621,0.3264291079236018,-0.0843693708310462,-0.2168943304382987,-0.47053053508362536,-0.564618404666536,-0.30298911170375264,-0.36104957026694745,-0.09226553927193881,-0.3789574297633535,-0.1889406451384228,-0.2805277806612867,-0.22627863063810233,-0.16789457412041106,-0.1194957411143004,-0.1711534724157458,-0.29331703309012197,-0.23830992649976981,-0.18547173453098575,-0.1232948716050105,-0.15309097023168255,-0.5050960467941736,-0.45797385238731336,-1.185547876309211,-0.3102019451720602,-1.5046126540714329,0.8667474938122389,0.9387790732406623,-0.5468846419569181,-0.7783453774757525,-0.40711037406469774,-0.6982208754395988,-0.24492650498741353,-0.6185677000086734,-0.24391875862133144,-0.48880923844141694,0.2939565253401415,0.10379649343284665,0.6224395600519843,-0.360776044870492,1.3003791302189465,-0.08922597287615568,0.20331198285276672,0.0030564474111148474,0.3609821982795005,-0.19734182575757953,0.07249427808037272,1.0256526954359257,-0.3337816369488903,-0.6251588929899331,1.012680606016174,-0.5353381068809433,-1.2873439333958654,0.617803633308235,9,8,13,5,1,13,6,3,7,0
RO_040,44.398,26.158,False,-0.11366964109130288,-0.4263924821667734,1.1442648274261558,-0.4737394965333093,-1.1092612747282595,-0.25458196102972375,-0.7978240675779156,-0.2609665481976634,0.29428240261683036,0.5307669686493429,-0.13874806400670253,0.3074605603146748,0.30763779229745425,0.2562887992328975,1.7139185609502274,1.224275981554105,-0.667745299781622,-0.6725968591647323,-0.856347359358158,-1.2104804520286392,-1.2022052999013864,0.7931404084867344,-0.7136934512833535,0.8743332967928704,0.08138145724239419,0.43763402258107587,-1.0596495083981858,1.7550305171784693,1.3716377805158075,-0.0843693708310462,-0.2168943304382987,-0.47053053508362536,-0.564618404666536,-0.30298911170375264,-0.36104957026694745,-0.09226553927193881,-0.3789574297633535,-0.1889406451384228,-0.2805277806612867,-0.22627863063810233,-0.16789457412041106,-0.1194957411143004,-0.1711534724157458,-0.29331703309012197,-0.23830992649976981,-0.18547173453098575,-0.1232948716050105,-0.15309097023168255,-0.5050960467941736,-0.45797385238731336,-1.185547876309211,-0.3102019451720602,-1.5046126540714329,-0.25995843588142326,0.23221850463514626,-0.17147706095040494,-0.18977325457889377,-0.40711037406469774,-0.6982208754395988,-0.24492650498741353,-0.6185677000086734,-0.03789096024819665,-0.4585700432179724,0.2939565253401415,0.14513489481724748,0.29874073659846134,-1.0127670267317186,-0.25836973761979254,-0.41271551650969984,1.6444512604314745,1.820086315641436,2.0960210953875227,-0.6560799395026743,-0.3220176617033696,1.8458566054312522,-0.21162546105778862,-0.17282574530417336,0.13726520168596693,-0.14504015244329793,-0.27293871588278973,0.8171948700262998,9,8,19,5,0,13,15,5,7,0
RO_041,44.393,26.133,False,0.27306013941010837,-0.4719942206550783,1.6745172541549862,-0.7814564824540301,-0.1333688726776623,0.012744982165297085,-0.5275143894276298,-0.23490034455038222,0.47935945837904204,1.837982459559669,-0.15179093055510323,0.16626622574956662,1.3664221396976073,0.06165223586109504,1.1992232780052168,0.9844295031929466,-0.4473137226042529,-0.47649706627736715,-0.5316436375790289,-1.2104804520286392,0.26281650836618003,-0.9841801882250418,-0.7136934512833535,0.925692401404742,0.19291924441662506,0.40452587525638944,0.5205639959811311,-0.6710370369538935,1.200634014348028,-0.0843693708310462,-0.2168943304382987,-0.47053053508362536,-0.564618404666536,-0.30298911170375264,-0.36104957026694745,-0.09226553927193881,-0.3789574297633535,-0.1889406451384228,-0.2805277806612867,-0.22627863063810233,-0.16789457412041106,-0.1194957411143004,-0.1711534724157458,-0.29331703309012197,-0.23830992649976981,-0.18547173453098575,-0.1232948716050105,-0.15309097023168255,-0.5050960467941736,-0.45797385238731336,-1.185547876309211,-0.2569592229116805,-0.3820544624225545,-0.4360062373960579,-0.7098622535055418,-0.5468846419569181,-0.7783453774757525,-0.40711037406469774,-0.6982208754395988,-0.24492650498741353,-0.6185677000086734,0.5507598922464743,1.3997550018881306,1.5843502981153275,-1.220883324064296,0.27476304597227447,0.6347117579922705,1.844372023692869,-0.12794375975328232,0.6720320391526378,-0.10302130839460284,0.7626600840609654,-0.28493061115098656,-0.04678066383671736,1.2490406317250402,-0.21162546105778862,-0.17282574530417336,0.13726520168596693,-0.258286179471057,-0.1778382590088841,1.0257748287548698,9,8,8,5,2,30,19,5,7,0
RO_042,44.397,26.022,False,-0.6937643118434198,-0.25076918344301324,1.7005326326059573,-0.9262099953946336,-0.6917671989846889,0.33538094809032254,-1.0850281006125935,-0.15670173360853853,-0.04943212951299128,0.15056377031267892,0.08298066731611049,0.36797241798543545,-0.09589888350411364,-0.3021327694885835,0.48312549303824537,1.1415702993606025,-0.551472606312954,-0.5043305516692259,-0.6851217033593192,-1.2104804520286392,-1.2022052999013864,1.3479959001473822,0.2079648137948735,0.7166201527617028,-0.1115877666555897,0.44518251543588244,-0.4066168931975447,-0.5837420015969345,0.7662179232689618,-0.0843693708310462,-0.2168943304382987,-0.47053053508362536,-0.564618404666536,-0.30298911170375264,-0.36104957026694745,-0.09226553927193881,-0.3789574297633535,-0.1889406451384228,-0.2805277806612867,-0.22627863063810233,-0.16789457412041106,-0.1194957411143004,-0.1711534724157458,-0.29331703309012197,-0.23830992649976981,-0.18547173453098575,-0.1232948716050105,-0.15309097023168255,-0.5050960467941736,-0.45797385238731336,-1.185547876309211,-0.3102019451720602,-1.5046126540714329,-0.15432975497264242,0.46773869417031827,0.39163431055936476,0.398798868317965,-0.40711037406469774,-0.6982208754395988,-0.24492650498741353,-0.6185677000086734,-1.1195369017071544,-1.4071892591120052,0.2939565253401415,0.7806356922192301,-0.252746147803837,-0.25705883499248616,0.8923844601135047,-0.0625642539842627,-0.46129108205003544,2.6410532296569866,-0.4587892937576719,-0.1384525108023501,0.49586067739808537,-0.3010496026379591,-0.8088082427369239,-0.617895328647758,0.8936906364897709,-0.4809930350881508,-0.30622389422748253,1.2954570723705403,9,8,19,5,1,13,15,7,7,8
RO_043,44.457,26.111,False,-0.30703453134200853,0.4164880028588193,0.9206607008415499,-0.821871595250547,-0.1855556321456087,0.4459989935503311,-0.5781974540808085,-0.7627409684078266,0.16208450564382204,0.5478547528442491,-0.20396239674870634,0.08558374885521908,0.9469038133692448,0.3258018575799698,0.6845279950602061,0.7280418883930879,-0.39312193471510903,-0.4430017837781518,-0.4256846719362904,-1.2104804520286392,-1.2022052999013864,-0.1349777107332456,-0.7136934512833535,0.05650145492326292,0.15145883138710944,0.2851968120107222,-0.07862921531345135,-1.0019418513081104,1.3105867454110727,-0.0843693708310462,-0.2168943304382987,-0.47053053508362536,-0.564618404666536,-0.30298911170375264,-0.36104957026694745,-0.09226553927193881,-0.3789574297633535,-0.1889406451384228,-0.2805277806612867,-0.22627863063810233,-0.16789457412041106,-0.1194957411143004,-0.1711534724157458,-0.29331703309012197,-0.23830992649976981,-0.18547173453098575,-0.1232948716050105,-0.15309097023168255,-0.5050960467941736,-0.45797385238731336,-1.185547876309211,-0.3102019451720602,-1.5046126540714329,-0.3303775564872771,-0.23882187443519778,-0.17147706095040494,-0.18977325457889377,-0.0011382396292582732,0.3540274861383882,-0.24492650498741353,0.37573944424862,-0.6706906266799678,-0.5792858743490139,-0.9964372474350444,-0.469079710827096,1.161937599141189,-0.007864191639913028,-1.1789730958064304,-0.4244384731584659,0.14034958723039598,0.9314559796280986,-0.6431834043080181,0.27389347943875997,-0.008025499981807072,0.5745328205976838,-0.21162546105778862,-0.17282574530417336,0.13726520168596693,-0.7507303388102059,-0.27293871588278973,0.023737946116586108,9,8,19,5,0,13,6,5,7,0
RO_044,44.464,26.134,True,-0.5003994215927141,-0.3154783636457674,1.0842115871020235,-0.5002467707535666,-0.5352069205808491,0.04039949353029923,-1.051239390843808,-0.2935493027567649,1.0874697844548804,1.4193317467844668,-0.08657659781309943,0.1864368449731535,2.5211683076858993,0.5297068287313819,1.3111135569063062,1.0588646171671,-0.44685136670628456,-0.5532390274899148,-0.6818169981867753,-1.2104804520286392,-1.2022052999013864,0.10735503487944333,1.3097681634893428,0.6854141120371479,0.20942612124394613,1.226240444197768,1.343751787970401,-0.6783875483385388,1.3901310477577116,-0.0843693708310462,-0.2168943304382987,-0.47053053508362536,-0.564618404666536,-0.30298911170375264,-0.36104957026694745,-0.09226553927193881,-0.3789574297633535,-0.1889406451384228,-0.2805277806612867,-0.22627863063810233,-0.16789457412041106,-0.1194957411143004,-0.1711534724157458,-0.29331703309012197,-0.23830992649976981,-0.18547173453098575,-0.1232948716050105,-0.15309097023168255,-0.5050960467941736,-0.45797385238731336,-1.185547876309211,-0.3102019451720602,-1.5046126540714329,1.1132144159327275,0.7032588837054903,0.016226729552851628,0.9873709912148237,-0.40711037406469774,-0.6982208754395988,-0.24492650498741353,-0.6185677000086734,4.281334669931451,3.741425271043873,-0.9964372474350444,0.10441348449828547,1.857290627300609,0.3537034170270441,0.5890038079838172,-0.3163438444747076,-0.36334957774856985,1.6990253756948657,0.12137018372127019,0.23314499552789258,-0.42415260220121265,0.763045566885638,-0.4592206349291163,-0.6712611612940705,1.014095311598507,-0.1945732616561085,-0.1778382590088841,-0.30380362774032527,9,8,19,5,2,30,17,5,7,0
RO_045,44.483,26.156,True,-3.3235268192530163,0.27441362607979686,1.060804599424465,-0.827759422541509,0.26325049927872923,0.06805400489530138,-0.9836619713062364,-0.31309895549222583,-0.030924423936770133,0.4795036160646238,-0.12570519745830175,-0.0556105857098891,-0.4395043698302009,0.16360472143680108,-0.17702715247818143,-0.5621667538255568,-0.27279715725317427,-0.36309087713468896,-0.4272193023367778,-1.2104804520286392,-1.2022052999013864,0.8189999104822295,1.201299755671111,0.48105195330824463,0.44905908599878497,0.30652440416241084,1.185951181731638,1.3165177183355714,-1.7193843403295412,-0.0843693708310462,-0.2168943304382987,-0.47053053508362536,-0.564618404666536,-0.30298911170375264,-0.36104957026694745,-0.09226553927193881,-0.3789574297633535,-0.1889406451384228,-0.2805277806612867,-0.22627863063810233,-0.16789457412041106,-0.1194957411143004,-0.1711534724157458,-0.29331703309012197,-0.23830992649976981,-0.18547173453098575,-0.1232948716050105,-0.15309097023168255,-0.5050960467941736,-0.45797385238731336,-1.185547876309211,-0.3102019451720602,-1.5046126540714329,0.16255628775370007,0.23221850463514626,0.2039305200561082,0.9873709912148237,-0.40711037406469774,-0.6982208754395988,-0.24492650498741353,-0.6185677000086734,1.5845779519402399,1.549685991750986,-0.35124036104745143,-0.0678812705255045,-0.6483780431359206,-0.5863951438108244,-0.22175483132827853,-0.26963138552235694,0.38870125885196943,1.6390129413434718,-0.02484804182112136,-0.5785217773948479,0.8855757969503579,0.5354910794092238,-1.2551712185757609,-0.3402488812932472,1.5590565619788859,-0.34253101468046193,-0.228265644950595,0.7335790770432711,9,8,13,5,1,13,0,3,7,0
RO_046,44.169,26.129,True,0.466425029660814,-1.153279162295447,-0.6127574645961213,1.0553220675111483,0.12756492466206917,-0.4389453701297379,0.8409283562081891,-0.554211339229577,-0.5650039277077238,-0.9003349576740544,-0.6343769928459315,-0.4590229701816268,-0.3516052919328298,-0.5940876145462872,-1.0408201055945907,1.1167585947025513,-0.5514377495576669,-0.5995004363739201,-0.7137551463694976,-1.2104804520286392,-0.7558953524293069,1.0632879779857036,0.5629686866862894,0.002256904133752286,0.16107442011539616,0.8282705876979726,0.3792174330231494,0.9457064444006752,0.2496255646724767,-0.0843693708310462,-0.2168943304382987,-0.47053053508362536,-0.564618404666536,-0.30298911170375264,-0.36104957026694745,-0.09226553927193881,-0.3789574297633535,-0.1889406451384228,-0.2805277806612867,-0.22627863063810233,-0.16789457412041106,-0.1194957411143004,-0.1711534724157458,-0.29331703309012197,-0.23830992649976981,-0.18547173453098575,-0.1232948716050105,-0.15309097023168255,-0.5050960467941736,-0.45797385238731336,-1.185547876309211,-0.30259584199200595,-1.1304265901884734,2.7680637501702936,0.9387790732406623,-0.3591808514536615,-0.18977325457889377,-0.0011382396292582732,0.3540274861383882,-0.24492650498741353,0.37573944424862,0.17549497378112155,1.5796239997710098,-0.9964372474350444,4.698837453288445,1.161937599141189,0.16077118401092944,0.5890038079838172,0.15283066096552322,-1.279802225140855,-0.24926674934388304,-0.2603895655664967,0.9287772370733243,-1.2300863256344157,-0.06090109938215611,-0.6623841990107162,-1.1263750856950572,0.7600034089689778,-0.689840563461355,-0.22504976621535197,0.6922307042807582,9,8,8,6,1,16,8,7,7,7
RO_047,44.68,25.313,True,-0.30703453134200853,-1.2344452658194294,-0.02089106326728755,0.7294096887327782,0.33631196253385476,1.8563790731654395,-0.18962729173977302,-0.44342997372863185,-0.1816300264859996,-0.7550887920173514,0.20036646625171742,0.04524251040804532,-0.3635915298279258,-0.4805496192460691,-0.5171736003374929,1.3317933684056587,-0.8234303167828801,-0.8560668928101267,-0.8041070357149223,-1.2104804520286392,-0.7558953524293069,-0.9841801882250418,-0.7136934512833535,1.268611982241952,0.7509294654624588,0.5894855925272163,0.22907480642619552,-0.000992927536742036,0.07036715203432793,-0.0843693708310462,-0.2168943304382987,-0.47053053508362536,-0.564618404666536,-0.30298911170375264,-0.36104957026694745,-0.09226553927193881,-0.3789574297633535,-0.1889406451384228,-0.2805277806612867,-0.22627863063810233,-0.16789457412041106,-0.1194957411143004,-0.1711534724157458,-0.29331703309012197,-0.23830992649976981,-0.18547173453098575,-0.1232948716050105,-0.15309097023168255,-0.5050960467941736,-0.45797385238731336,-1.185547876309211,-0.30259584199200595,-1.1304265901884734,-0.4360062373960579,-0.7098622535055418,-0.5468846419569181,-0.7783453774757525,-0.40711037406469774,-0.6982208754395988,-0.24492650498741353,-0.6185677000086734,0.046727599797912286,-0.4285717977572645,0.2939565253401415,1.9001659804579656,-0.12086884935980913,-0.19312772905011366,0.14962493248564923,-0.43539271133846036,-1.8884387161571055,-2.093314167700529,0.48089004088960496,-0.44230334414644784,0.3653658354264153,-0.3378579655018511,-0.21162546105778862,-0.17282574530417336,0.13726520168596693,-0.7772293284438968,-0.1731473479625974,-0.3387228744636739,9,8,8,6,1,16,20,7,7,7
RO_048,44.67,26.036,False,0.27306013941010837,-0.3853008057267623,0.17111014171268518,0.11572025413435193,0.33631196253385476,0.2524174139953161,0.8071396464394037,-0.45646307555227245,-0.07322775096813275,0.4752316700158973,-0.16483379710350402,-0.11612244338064975,1.606146897599529,-0.30908407532329074,0.48312549303824537,0.7197713201737379,0.24790227927400946,0.16273333168995313,0.20097291883149732,-1.2104804520286392,0.9224181854460949,-0.9841801882250418,-0.7136934512833535,1.126620639762858,0.3873218044200607,0.2894184630964739,0.17738351852670567,0.37391228465231224,-0.9863030448370477,-0.0843693708310462,-0.2168943304382987,-0.47053053508362536,-0.564618404666536,-0.30298911170375264,-0.36104957026694745,-0.09226553927193881,-0.3789574297633535,-0.1889406451384228,-0.2805277806612867,-0.22627863063810233,-0.16789457412041106,-0.1194957411143004,-0.1711534724157458,-0.29331703309012197,-0.23830992649976981,-0.18547173453098575,-0.1232948716050105,-0.15309097023168255,-0.5050960467941736,-0.45797385238731336,-1.185547876309211,-0.15047377839092116,0.740503729226324,-0.4360062373960579,-0.7098622535055418,-0.5468846419569181,-0.7783453774757525,-0.32591594717760985,-0.17209669465060531,-0.24492650498741353,-0.6185677000086734,-0.34693265780789884,-0.5080852194603458,-0.9964372474350444,-0.5190559871276402,0.38266265379011544,0.37359646899486076,1.1957651122431923,-0.19015870782585909,0.1823245176453098,-1.002012356845764,-0.11544371965633352,-0.023187192693199375,0.10848362177373222,-0.3160903555611074,-0.6852301008993594,-0.9133103749061329,1.1183775230890878,-0.5278952906498128,-0.2630167099487201,0.7106088493295784,9,8,8,6,0,16,13,5,7,7
RO_049,44.255,26.589,True,-0.30703453134200853,-0.3208236223696716,1.0860570131811251,-0.49830839603910554,-2.346087474118588,0.9990892208503734,-0.39235955035248704,-0.3978141173458898,0.08276576746001704,5.22721202429181,0.004723468025705948,-0.015269347262715335,7.310013952263107,-0.2720104442048521,0.7516621624008596,1.3483345048443596,-0.17880294234471483,-0.2681715624183693,-0.4567699362747766,-1.2104804520286392,-0.7558953524293069,1.7328692563580212,1.2292945241716924,1.0737572382625828,0.34688448293491725,0.8086714469460193,0.5805411655365231,0.14967777398193513,1.7711934461366223,-0.0843693708310462,-0.2168943304382987,-0.47053053508362536,-0.564618404666536,-0.30298911170375264,-0.36104957026694745,-0.09226553927193881,-0.3789574297633535,-0.1889406451384228,-0.2805277806612867,-0.22627863063810233,-0.16789457412041106,-0.1194957411143004,-0.1711534724157458,-0.29331703309012197,-0.23830992649976981,-0.18547173453098575,-0.1232948716050105,-0.15309097023168255,-0.5050960467941736,-0.45797385238731336,-1.185547876309211,-0.30259584199200595,-1.1304265901884734,0.47944233048004253,1.4098194523110064,0.39163431055936476,0.9873709912148237,-0.24472152029052197,-0.17209669465060531,-0.24492650498741353,-0.6185677000086734,0.697922605370142,-0.058593437075200164,0.2939565253401415,0.3910058343946165,2.1690006054410382,0.777152084296179,2.011754452454076,0.11082019664715849,-0.48227854725749236,-0.6906330991951712,0.3631787391605082,-0.41090807475340785,0.3917216821048828,0.29412338290089896,-0.5320132302833847,-0.8126392039844672,1.2660648058531556,-0.6743133563850157,-1.2873439333958654,1.010152073510535,9,8,8,6,2,16,13,7,7,1
RO_050,44.355,25.876,True,-1.660588763096948,-0.8626157058378662,1.1802506359686575,-0.2433152023517302,-0.4830201611129032,1.1004890958553792,0.09757674129490472,-0.339165159139507,-0.14990253121247762,-0.3150783489985159,-0.12570519745830175,0.004901271960871549,-0.3316282287743363,-0.3206695850478028,-0.009191734126547491,1.0754057536058002,-0.4486218548237198,-0.540646057736536,-0.6763987507006264,-1.2104804520286392,-0.3963022114266457,0.973990346175008,-0.7136934512833535,0.08726883537896805,0.45719236041729044,-0.016890094566560945,0.8995479276411402,1.0427924781418563,-1.8188266188336368,-0.0843693708310462,-0.2168943304382987,-0.47053053508362536,-0.564618404666536,-0.30298911170375264,-0.36104957026694745,-0.09226553927193881,-0.3789574297633535,-0.1889406451384228,-0.2805277806612867,-0.22627863063810233,-0.16789457412041106,-0.1194957411143004,-0.1711534724157458,-0.29331703309012197,-0.23830992649976981,-0.18547173453098575,-0.1232948716050105,-0.15309097023168255,-0.5050960467941736,-0.45797385238731336,-1.185547876309211,-0.272171429271789,-0.756240526305514,-0.11912019466971548,0.7032588837054903,-0.5468846419569181,-0.7783453774757525,-0.32591594717760985,-0.17209669465060531,-0.24492650498741353,-0.6185677000086734,0.756787690619609,0.9898994554731574,0.2939565253401415,0.7272659650587724,0.1668634381544335,2.7728352061362256,-1.095281881425827,-0.36938541881994397,1.1897228476032415,0.23322365910676673,-0.3436027439101223,0.7051661547266794,-0.8424605875802742,-0.034366527330439316,-0.7215349830612549,-0.789253404765487,0.8126338166450207,-0.28042218637510435,-0.27293871588278973,0.5001918472267165,9,8,8,6,2,16,4,7,7,7
RO_051,44.604,25.873,True,0.27306013941010837,-0.4890322328375216,0.8014000404795397,-0.221314649342595,0.8738355850537016,0.14179936853530506,0.8747170659769746,-0.41736377008135067,0.03517452454973403,0.4666877779184444,-0.20396239674870634,0.025071891184458434,4.734554988219604,0.24702039145328789,0.8859304970821668,0.9348060938768452,0.36696844912376997,0.28297136186066996,0.6166982917621976,-1.2104804520286392,1.0800518025550758,-0.9841801882250418,1.8396308246559332,0.26121709643219354,0.04826811310370618,-0.01638209990901038,0.7545640772114375,2.614698956120768,0.7679794902986419,-0.0843693708310462,-0.2168943304382987,-0.47053053508362536,-0.564618404666536,-0.30298911170375264,-0.36104957026694745,-0.09226553927193881,-0.3789574297633535,-0.1889406451384228,-0.2805277806612867,-0.22627863063810233,-0.16789457412041106,-0.1194957411143004,-0.1711534724157458,-0.29331703309012197,-0.23830992649976981,-0.18547173453098575,-0.1232948716050105,-0.15309097023168255,-0.5050960467941736,-0.45797385238731336,-1.185547876309211,-0.28738363563189745,-0.756240526305514,-0.4360062373960579,-0.7098622535055418,0.2039305200561082,1.5759431141116824,-0.40711037406469774,-0.6982208754395988,-0.24492650498741353,-0.6185677000086734,0.6905644697139586,0.6982297676804912,0.2939565253401415,-0.27411053414842945,0.5744841787996106,-0.13906722141238298,0.12870212889049837,-0.2040468881616649,-1.1188983252170186,-0.29883877346947013,-0.6451126555454357,0.05674928559619515,0.31914851459819576,-0.4097907849325732,-0.21162546105778862,-0.17282574530417336,0.13726520168596693,-0.6220852972494069,-0.12897706693311706,1.002343675256557,9,8,8,6,0,16,4,5,7,7
SE_001,59.792,17.679,True,-0.8871292020941254,-1.8311932905427606,-1.6869263489305113,2.125620995559205,0.33631196253385476,0.6211442321953436,-0.6626692285027727,-0.7627409684078266,-0.7368611937726346,-1.0541250154282105,-0.6343769928459315,-0.6607291624174956,-0.7471511424710001,-0.37396292978055823,-1.1885152737440285,-1.4471175532960379,-0.4714563552895775,-0.5637052974803813,-0.7235487261632486,-1.2104804520286392,0.47598920857740923,0.2697754596538816,0.5551640498362695,0.5211035288178921,0.3662434377967482,-0.3333319327243424,0.646784840612293,0.9516894858329439,-0.9605493905830889,-0.0843693708310462,-0.2168943304382987,-0.47053053508362536,-0.564618404666536,-0.30298911170375264,-0.36104957026694745,-0.09226553927193881,-0.3789574297633535,-0.1889406451384228,-0.2805277806612867,-0.22627863063810233,-0.16789457412041106,-0.1194957411143004,-0.1711534724157458,-0.29331703309012197,-0.23830992649976981,-0.18547173453098575,-0.1232948716050105,-0.15309097023168255,-0.5050960467941736,-0.45797385238731336,-1.185547876309211,-0.28738363563189745,-0.756240526305514,-0.4360062373960579,-0.7098622535055418,-0.3591808514536615,-0.18977325457889377,-0.40711037406469774,-0.6982208754395988,-0.24492650498741353,-0.6185677000086734,1.0952619308040448,2.202720086207883,-0.9964372474350444,-1.5256769103910721,-1.5715191322441155,-0.04780215093407923,-0.36821445649433454,-0.32866896392401135,0.4901406740213445,0.07474460770205629,-2.0000142559983236,2.1834672873867227,-2.027568214614136,-1.4205834100006272,4.628082462255007,-1.2730319015907516,-2.403951675784625,-2.3049292380263675,-0.267694197529803,-1.7183748710929825,10,2,4,2,1,30,2,2,2,2
SE_002,59.773,17.578,True,0.466425029660814,1.9107840291698577,-0.6027155478285783,-0.7288221209400056,0.023191405726176353,0.24319924354031394,0.8240340013237967,-0.44994652464045215,-0.3164718813984681,-0.3962453239243205,-0.19091953020030558,-0.11612244338064975,-0.6512612393102315,-0.17700926446385334,0.1474546563349775,-0.8847189143802185,-0.15274693992674035,-0.24185911440048263,-0.26089866318317834,-1.2104804520286392,0.9787563384552075,1.5986034068255446,2.4984241566952075,0.13016660846739606,0.3377694488469024,-1.1215841865075054,1.1417439831946388,-1.8505304179118778,-1.5403370631019235,-0.0843693708310462,-0.2168943304382987,-0.47053053508362536,-0.564618404666536,-0.30298911170375264,-0.36104957026694745,-0.09226553927193881,-0.3789574297633535,-0.1889406451384228,-0.2805277806612867,-0.22627863063810233,-0.16789457412041106,-0.1194957411143004,-0.1711534724157458,-0.29331703309012197,-0.23830992649976981,-0.18547173453098575,-0.1232948716050105,-0.15309097023168255,-0.5050960467941736,-0.45797385238731336,-1.185547876309211,-0.005957817969890577,0.36631766534336446,0.056927606844919244,0.7032588837054903,0.5793381010626214,1.5759431141116824,0.8920004561287086,1.9324000285053686,-0.24492650498741353,2.341784273755027,1.2681781187243544,1.1733224623564016,-0.9964372474350444,-1.321607115497183,-1.5055804830221018,-1.2686433058597415,-0.15898642054282594,-0.292077964810486,0.010926885117745038,0.6619579095627084,-0.7185716727154943,1.1510192918192268,-1.2776739259459609,-0.35992035298926617,2.2940723757912385,-0.9283927184228018,-1.7239682926160067,-2.0661820227237486,0.6666637254952246,-1.0503807189581806,10,2,4,2,1,30,2,7,2,2
SE_003,59.808,17.601,False,0.466425029660814,1.445533826877877,-0.651565425800622,-0.42809077200774726,0.3519679903742387,0.7225441072003496,0.6213017427110823,-0.554211339229577,-0.31382792345900795,-0.40906116207050014,-0.11266233090990098,-0.015269347262715335,-0.5713529866762578,-0.12835012362090267,0.32647910257672036,-0.4050259576579017,0.06228828061121865,-0.02470749721623449,0.17539120562445432,-1.2104804520286392,1.3600425244695333,-0.059421035455516594,-0.12751668988719347,-1.1083114658615094,0.2302093643940537,0.4682968320447255,0.1723344794576813,-1.9524697814167393,-2.3443460234694866,-0.0843693708310462,-0.2168943304382987,-0.47053053508362536,-0.564618404666536,-0.30298911170375264,-0.36104957026694745,-0.09226553927193881,-0.3789574297633535,-0.1889406451384228,-0.2805277806612867,-0.22627863063810233,-0.16789457412041106,-0.1194957411143004,-0.1711534724157458,-0.29331703309012197,-0.23830992649976981,-0.18547173453098575,-0.1232948716050105,-0.15309097023168255,-0.5050960467941736,-0.45797385238731336,-1.185547876309211,0.1613764519913027,0.36631766534336446,-0.36558711679020406,-0.23882187443519778,-0.3591808514536615,-0.18977325457889377,-0.40711037406469774,-0.6982208754395988,-0.24492650498741353,-0.6185677000086734,0.06512293893837075,0.9365290830269983,0.2939565253401415,1.3121734950947719,-0.876166104084696,-0.06222840999470961,-2.39249570432518,-0.4697928628159868,1.7214052995254832,2.956576772282709,-1.2561984889563753,1.371830991314422,-1.2735181787050514,-0.9120533115224898,2.482383231953642,-1.057353197988799,-1.8227022822136778,-2.0801052167776946,-0.267694197529803,-1.4918806724684017,10,7,4,2,1,30,10,2,2,2
SE_004,59.991,17.747,True,0.466425029660814,-0.5135034954328943,-0.05618483703012565,0.3333512752004869,0.9260223445216486,0.49208984582533266,0.6213017427110823,-0.7627409684078266,-0.5412083062525823,-0.8704313353329683,-0.008319398522694886,-0.6607291624174956,-0.6792291277321224,0.03384701252226605,-0.49927115571331854,-1.0253185741091735,0.013708417511046048,-0.0737654878486559,-0.32311016496778205,-1.2104804520286392,-0.17753790521878657,1.9845659746813713,1.5032543676288077,0.9591192768047913,0.3876045476274675,-0.7480521224268207,0.8168940374913157,0.240442235353715,-0.753389566884677,-0.0843693708310462,-0.2168943304382987,-0.47053053508362536,-0.564618404666536,-0.30298911170375264,-0.36104957026694745,-0.09226553927193881,-0.3789574297633535,-0.1889406451384228,-0.2805277806612867,-0.22627863063810233,-0.16789457412041106,-0.1194957411143004,-0.1711534724157458,-0.29331703309012197,-0.23830992649976981,-0.18547173453098575,-0.1232948716050105,-0.15309097023168255,-0.5050960467941736,-0.45797385238731336,-1.185547876309211,-0.24935311973162627,-0.3820544624225545,0.6554901319946773,1.6453396418461785,0.5793381010626214,1.5759431141116824,-0.40711037406469774,-0.6982208754395988,-0.24492650498741353,-0.6185677000086734,0.5397226887621991,1.0137534819840817,-0.9964372474350444,-0.24017602554929446,-1.1818816595685788,0.49591596029315305,-0.19037062593555223,-0.41580320235926554,0.602073821794448,1.216853758396149,-0.6852130709476496,1.1415075228892948,-1.284220504944135,-1.5620198480596155,2.9857582197709567,-0.606475177149006,-1.7760232980215511,-2.30486506526752,1.7674364031929153,-2.1405869207148536,10,7,4,2,2,30,2,2,2,2
SE_005,60.009,17.881,True,0.466425029660814,-0.7596359557351553,1.2839789601648866,-0.3684372901702027,0.8894916128940861,0.04039949353029923,-0.6626692285027727,-0.7627409684078266,-0.7368611937726346,-0.8319838208944295,-0.09961946436150025,-0.43885235095803987,-0.6392750014151355,-0.42493917256841124,-1.1079542729352443,-1.3561413028831852,-0.34181134588136264,-0.43278430982807586,-0.6580553259236824,-1.2104804520286392,0.15654336481051473,1.1973970711237127,1.636410674619355,1.4694325761603277,-0.28137271540258607,0.8500340923136406,0.6695776986335534,-2.6515949067421536,-3.759900863549775,-0.0843693708310462,-0.2168943304382987,-0.47053053508362536,-0.564618404666536,-0.30298911170375264,-0.36104957026694745,-0.09226553927193881,-0.3789574297633535,-0.1889406451384228,-0.2805277806612867,-0.22627863063810233,-0.16789457412041106,-0.1194957411143004,-0.1711534724157458,-0.29331703309012197,-0.23830992649976981,-0.18547173453098575,-0.1232948716050105,-0.15309097023168255,-0.5050960467941736,-0.45797385238731336,-1.185547876309211,-0.30259584199200595,-1.1304265901884734,-0.15432975497264242,0.9387790732406623,0.016226729552851628,0.398798868317965,-0.40711037406469774,-0.6982208754395988,-0.24492650498741353,-0.6185677000086734,0.046727599797912286,0.15320140437027985,-0.9964372474350444,-0.6692933115619925,-2.1949390885249747,-0.49892645729584445,0.5785424061862419,-0.3220515791053363,-0.8740445644633547,0.6037386754409377,-1.9931029978148749,2.073697525032969,-1.8671001228543915,-1.956794414460207,3.6529549161256276,-1.2025465791937742,-2.0544122965257836,-2.2654695692342433,1.747393252005819,-2.2903615121735217,10,7,4,2,2,30,2,2,2,2
SE_006,60.126,17.961,True,0.466425029660814,2.262154784306529,0.26195210966088955,-1.4776237611527823,0.9260223445216486,-0.24536379057472316,1.364653357624367,-0.39129756643406943,-0.39050270370335277,-0.8405277129918826,-0.04744799816789715,-0.6607291624174956,-0.723178666680808,-0.27664464809465694,0.12507660055475964,-1.0914831198639758,0.7821607431675857,0.702250017089789,0.058456221920083054,-1.2104804520286392,0.10229790816779133,1.1563872288769057,0.9114710191945592,0.5349181357366396,0.3942433864632848,0.6916012447669198,1.2989816190083743,-2.122393497707194,-1.4855208853756303,-0.0843693708310462,-0.2168943304382987,-0.47053053508362536,-0.564618404666536,-0.30298911170375264,-0.36104957026694745,-0.09226553927193881,-0.3789574297633535,-0.1889406451384228,-0.2805277806612867,-0.22627863063810233,-0.16789457412041106,-0.1194957411143004,-0.1711534724157458,-0.29331703309012197,-0.23830992649976981,-0.18547173453098575,-0.1232948716050105,-0.15309097023168255,-0.5050960467941736,-0.45797385238731336,-1.185547876309211,-0.20371650065130084,-0.3820544624225545,-0.25995843588142326,0.23221850463514626,-0.17147706095040494,-0.18977325457889377,-0.40711037406469774,-0.6982208754395988,-0.24492650498741353,-0.6185677000086734,2.769237792585765,1.4356565165358854,-1.6416341338226372,-0.9494072552712159,-1.0500043611245509,0.026606974747066928,0.16531703518201238,-0.30314751076079616,0.5321156044362583,1.0598092671751371,-1.949139949200062,1.6948321312582502,-1.325805483987675,-1.9852398214160902,3.2903764137718112,-0.9379273026663415,-1.7743537914337906,-2.320648963379249,1.747393252005819,-1.817610790466061,10,7,4,2,2,30,2,2,2,2
SE_007,59.999,17.748,True,0.466425029660814,-0.653565977932688,-0.27986585636802735,0.5555859362134673,0.701619278809479,0.6073169765128423,0.38478077432958246,-0.7627409684078266,-0.5808676753444848,-0.8234399287969763,-0.08657659781309943,-0.6607291624174956,-0.7391603172076028,-0.09822779833717142,-0.5283626282276018,-1.728316872753948,-0.09608106347002553,-0.18463552711578346,-0.5243217148601955,-1.2104804520286392,0.8992956907312915,1.7498951291994462,0.813203663956939,1.5531248416924732,0.2836272519913494,-0.48872436757037335,-1.1470466324813695,0.4915889003114609,-2.1598304841799183,-0.0843693708310462,-0.2168943304382987,-0.47053053508362536,-0.564618404666536,-0.30298911170375264,-0.36104957026694745,-0.09226553927193881,-0.3789574297633535,-0.1889406451384228,-0.2805277806612867,-0.22627863063810233,-0.16789457412041106,-0.1194957411143004,-0.1711534724157458,-0.29331703309012197,-0.23830992649976981,-0.18547173453098575,-0.1232948716050105,-0.15309097023168255,-0.5050960467941736,-0.45797385238731336,-1.185547876309211,-0.2645653260917347,-0.3820544624225545,0.40902320987418866,0.9387790732406623,0.016226729552851628,-0.18977325457889377,0.5672227485803569,1.4062758477163753,-0.24492650498741353,1.3348424670949677,0.43302972174754006,-0.4099584285858614,-0.9964372474350444,0.19310595015511559,-1.2717979994167796,1.0667782168581503,1.0022291789880466,-0.373626182372667,-0.5487388537477725,-0.24193455284942322,-1.8456462253495571,1.6167081841845885,-1.273137576701899,-1.9677596381580589,4.056307609967516,-0.5622438981838173,-2.1264663808463458,-2.3122437087398033,1.7674364031929153,-2.200312036470568,10,7,4,2,0,30,2,2,2,2
SE_008,60.024,17.895,False,0.466425029660814,-2.1017970134403945,-2.3553550533321546,2.703886632250853,0.33631196253385476,1.9209062663504433,0.1313654510636906,-0.7627409684078266,-0.5015489371606798,-1.0626689075256635,-0.20396239674870634,-0.6607291624174956,-0.735164904575904,-0.5825021048217752,-1.351875080939619,-1.0997536880833259,-0.5738570870813364,-0.6671138668012644,-0.6823039286343547,-1.2104804520286392,0.43797884658470454,-0.5595789494791438,-0.7136934512833535,0.8281041319440177,0.21403459782465264,-1.0322804116702855,0.5566389756336697,0.3032149036650144,-0.5468904677468448,-0.0843693708310462,-0.2168943304382987,-0.47053053508362536,-0.564618404666536,-0.30298911170375264,-0.36104957026694745,-0.09226553927193881,-0.3789574297633535,-0.1889406451384228,-0.2805277806612867,-0.22627863063810233,-0.16789457412041106,-0.1194957411143004,-0.1711534724157458,-0.29331703309012197,-0.23830992649976981,-0.18547173453098575,-0.1232948716050105,-0.15309097023168255,-0.5050960467941736,-0.45797385238731336,-1.185547876309211,-0.24174701655157202,-0.007868398539594996,-0.400796677093131,-0.4743420639703698,-0.5468846419569181,-0.7783453774757525,-0.40711037406469774,-0.6982208754395988,-0.24492650498741353,-0.6185677000086734,0.28218794079578063,-0.7153622528545143,-0.35124036104745143,-0.09965631039560363,-0.2227740345211034,0.905014296180924,0.813923946631689,-0.23073423100251694,-0.1709644800135482,0.6850304191838619,0.9294845651879121,-0.13899847646667235,-0.3699948457762536,0.676285353350959,1.7289215587440856,-0.048286293160738895,-0.496738150048545,-2.091205268365543,1.747393252005819,-1.1845311531168952,10,7,4,2,0,30,2,4,2,2
SE_009,60.126,17.954,True,0.466425029660814,-0.38833017659412244,-0.8558130272089747,0.7646656856415047,0.8738355850537016,0.5473988685553369,0.16515416083247592,-0.5476947883177566,-0.4407379045530959,-1.1011164219642027,0.05689493421930893,-0.37834049328727926,-0.7911006814196857,-0.4596957017419474,-0.24863693097487863,-1.281706188909032,-0.3147538381891676,-0.40546049962788494,-0.468442508884894,-1.2104804520286392,1.4117471188808135,0.33084209312732415,0.46234919425772714,0.3776947868567619,0.4787911367353952,-0.10667258781829997,-0.0687794976980969,1.0030021317537055,-0.7687574979393655,-0.0843693708310462,-0.2168943304382987,-0.47053053508362536,-0.564618404666536,-0.30298911170375264,-0.36104957026694745,-0.09226553927193881,-0.3789574297633535,-0.1889406451384228,-0.2805277806612867,-0.22627863063810233,-0.16789457412041106,-0.1194957411143004,-0.1711534724157458,-0.29331703309012197,-0.23830992649976981,-0.18547173453098575,-0.1232948716050105,-0.15309097023168255,-0.5050960467941736,-0.45797385238731336,-1.185547876309211,-0.07441274659037873,0.740503729226324,-0.400796677093131,-0.4743420639703698,-0.5468846419569181,-0.7783453774757525,-0.32591594717760985,-0.17209669465060531,-0.24492650498741353,-0.6185677000086734,-0.920867238990203,-0.5538656743803017,-0.35124036104745143,0.3433432745894678,-0.4265844048436919,-0.3041339961377011,0.7563862367450241,-0.17550821500852146,0.6720320391526378,0.57273623591545,-1.949139949200062,1.6948321312582502,-1.325805483987675,-1.1846974902773568,3.2903764137718112,-0.9379273026663415,-1.7743537914337906,-2.2264589567796547,1.747393252005819,-1.5497655902246825,10,7,4,2,0,30,2,2,2,2
SE_010,59.747,17.513,False,0.466425029660814,0.550537069294221,-0.7266127530174635,0.13849615702927137,0.8216488255857558,0.8147258117503587,1.38154771250876,-0.5607278901413973,-0.3058960496406274,-0.2125516438290785,-0.6343769928459315,-0.3581698740636924,-0.45948143298869437,-0.33920640060702206,0.05794243321410608,-0.8847189143802185,-0.09475107665481876,-0.1832924504466064,-0.01127721698856494,-1.2104804520286392,1.2744906194341414,-0.9841801882250418,1.2292945241716924,-0.8042302710784701,0.16004656984679802,0.01929431660768096,-1.1010428254555833,0.9708370301856621,-0.4862927960588195,-0.0843693708310462,-0.2168943304382987,-0.47053053508362536,-0.564618404666536,-0.30298911170375264,-0.36104957026694745,-0.09226553927193881,-0.3789574297633535,-0.1889406451384228,-0.2805277806612867,-0.22627863063810233,-0.16789457412041106,-0.1194957411143004,-0.1711534724157458,-0.29331703309012197,-0.23830992649976981,-0.18547173453098575,-0.1232948716050105,-0.15309097023168255,-0.5050960467941736,-0.45797385238731336,-1.185547876309211,-0.15047377839092116,-0.007868398539594996,-0.4360062373960579,-0.7098622535055418,0.39163431055936476,0.9873709912148237,-0.24472152029052197,-0.17209669465060531,-0.24492650498741353,-0.6185677000086734,-1.3255647000802893,-0.6286805757100189,1.5843502981153275,1.5555764704103858,-0.8881549493977894,-1.3067590008515124,-1.6811203820900509,-0.4188012043874746,0.133353765494577,0.39293802622521773,0.4279891716642964,0.4446960329038356,-0.9331426636705753,0.21471047884040692,0.20758263967934396,-0.4918762963794629,-0.27964209340213164,-2.0469975802906912,1.651470644765835,-0.33642350324914344,10,7,4,3,1,13,13,5,2,2
SE_011,59.766,17.587,True,0.466425029660814,-1.1058094897334594,-1.0198629059326567,1.2843455298080775,0.7851180939581933,0.5934897208303416,0.41856948409836836,-0.7627409684078266,-0.5332764324342018,-0.7508168459686247,-0.2561338629423094,-0.6607291624174956,-0.671238302468725,-0.47591541535626425,-0.8416554091506518,-0.8929894825995687,-0.4378901904482083,-0.5298087713218227,-0.43757162976531033,-1.2104804520286392,1.0479338072501552,-0.1349777107332456,-0.7136934512833535,-0.3912857269776628,0.5392084684664132,-0.2877265255523441,0.12474962242951362,2.0426760089648703,-2.080197469485338,-0.0843693708310462,-0.2168943304382987,-0.47053053508362536,-0.564618404666536,-0.30298911170375264,-0.36104957026694745,-0.09226553927193881,-0.3789574297633535,-0.1889406451384228,-0.2805277806612867,-0.22627863063810233,-0.16789457412041106,-0.1194957411143004,-0.1711534724157458,-0.29331703309012197,-0.23830992649976981,-0.18547173453098575,-0.1232948716050105,-0.15309097023168255,-0.5050960467941736,-0.45797385238731336,-1.185547876309211,0.1613764519913027,-0.007868398539594996,-0.36558711679020406,-0.4743420639703698,-0.3591808514536615,-0.18977325457889377,0.1612506141449175,1.9324000285053686,-0.24492650498741353,2.4609599706943985,-0.9061509676778362,-1.5651318285858529,0.2939565253401415,-0.23986753001657504,-1.0200322478418173,-0.3017043104011739,-0.8651310418791675,-0.3510771072887018,-0.6291908037096907,-1.3566675133712665,1.0661048669850757,-0.0068005568072864115,-0.6537358845658473,0.12548515675679336,0.4731129633022036,0.70070462895692,-0.31173022001971745,-1.7749502102245265,-0.2770241696441443,-1.5543599512299353,10,7,4,3,1,13,13,7,2,2
SE_012,59.779,17.581,True,0.466425029660814,1.4518388664705466,-0.9822619735616167,-0.22333739992916732,0.6129017877139702,-0.8261085292397676,2.428997715341115,-0.2935493027567649,0.13564492624922037,0.2317307452384836,-0.07353373126469871,-0.11612244338064975,-0.5154172098324761,-0.20249738585777982,0.527881604598681,-0.7110369817738625,0.4687279528720211,0.3857323921119845,0.8691050949294172,-1.2104804520286392,1.1171120371201657,1.646789660151358,0.8842141174982335,-0.2483528441557619,0.5125713029308339,0.390644761714387,-2.868295581043613,0.9948124326737844,-0.38482491654735634,-0.0843693708310462,-0.2168943304382987,-0.47053053508362536,-0.564618404666536,-0.30298911170375264,-0.36104957026694745,-0.09226553927193881,-0.3789574297633535,-0.1889406451384228,-0.2805277806612867,-0.22627863063810233,-0.16789457412041106,-0.1194957411143004,-0.1711534724157458,-0.29331703309012197,-0.23830992649976981,-0.18547173453098575,-0.1232948716050105,-0.15309097023168255,-0.5050960467941736,-0.45797385238731336,-1.185547876309211,0.06249711065059754,-0.007868398539594996,0.47944233048004253,1.1742992627758344,0.5793381010626214,0.9873709912148237,0.8108060292416207,0.8801516669273817,-0.24492650498741353,1.2696341585195547,-1.759694703795109,-0.45652197023471125,0.2939565253401415,-1.8967970362525213,-0.6004226618835468,-0.9590102298110538,-1.2522029083894584,-0.4097303264559704,1.3646183909987157,0.5258739365812937,-0.5725393584727234,0.9854566999098465,-1.1203022953210071,-0.7065394998728293,2.3603088992725185,-1.1752548389268782,-1.6200738826556647,-2.0034956395887646,1.651470644765835,-0.6814515147814352,10,7,4,3,1,13,9,2,2,2
SE_013,59.837,17.597,False,0.466425029660814,1.0880696497168039,-0.9045425841442785,-0.0612533572959586,0.8894916128940861,0.1417993685353075,1.364653357624367,-0.534661686494116,-0.04943212951299128,0.7101887026958581,-0.2561338629423094,-0.09595182415706287,-0.23973373824526634,-0.19554608002307255,0.4159913256975918,0.04158472618701392,-0.04552275473892507,-0.13357961880647035,0.03971564524381265,-1.2104804520286392,1.133368101490077,0.8335229164460014,-0.7136934512833535,-0.17655201618353514,0.3378694802812787,0.5286111929303304,-0.003930479934028025,0.4434601119099086,-0.812831816222918,-0.0843693708310462,-0.2168943304382987,-0.47053053508362536,-0.564618404666536,-0.30298911170375264,-0.36104957026694745,-0.09226553927193881,-0.3789574297633535,-0.1889406451384228,-0.2805277806612867,-0.22627863063810233,-0.16789457412041106,-0.1194957411143004,-0.1711534724157458,-0.29331703309012197,-0.23830992649976981,-0.18547173453098575,-0.1232948716050105,-0.15309097023168255,-0.5050960467941736,-0.45797385238731336,-1.185547876309211,-0.01356392114994483,0.36631766534336446,0.0217180465419923,0.23221850463514626,-0.5468846419569181,-0.7783453774757525,-0.08233266651634617,0.8801516669273817,-0.24492650498741353,1.4473731145244455,-0.40579774305736593,-0.7612029452151543,0.2939565253401415,-0.5767446517461697,-0.7802553415799485,-0.7057154917780909,-1.513737953328844,-0.4201080257843862,-0.1394832822023628,-0.4728987424249077,0.9427379951521623,0.18932246316253135,-0.8711331665109682,0.5908787783521278,-0.43601896236162063,-0.05311142669219977,-0.1180177556433838,-1.7263153666611835,0.6666637254952246,-0.05112025695866154,10,7,4,3,0,13,13,5,2,2
SE_014,59.838,17.587,False,0.466425029660814,0.7154048930596315,-0.7527562891380842,0.05931354994352995,0.8894916128940861,0.05883583444030107,1.73632916508101,-0.45646307555227245,-0.5306324744947416,-0.1612882912443598,-0.6343769928459315,-0.418681731734453,-0.6153025256249433,-0.25115652670073046,-0.4187101549045342,-1.2072710749348796,0.21501223388125829,0.12951957941052836,0.05446354911691079,-1.2104804520286392,1.367494322687058,1.664169477949983,-0.7136934512833535,-0.7208002908771987,0.4671508916914255,-0.3810367718042034,0.43417465925396487,-0.19863335762496032,-0.8531905285019356,-0.0843693708310462,-0.2168943304382987,-0.47053053508362536,-0.564618404666536,-0.30298911170375264,-0.36104957026694745,-0.09226553927193881,-0.3789574297633535,-0.1889406451384228,-0.2805277806612867,-0.22627863063810233,-0.16789457412041106,-0.1194957411143004,-0.1711534724157458,-0.29331703309012197,-0.23830992649976981,-0.18547173453098575,-0.1232948716050105,-0.15309097023168255,-0.5050960467941736,-0.45797385238731336,-1.185547876309211,-0.04398833387016177,-0.007868398539594996,0.197765848056627,1.4098194523110064,-0.3591808514536615,-0.18977325457889377,-0.24472152029052197,-0.17209669465060531,-0.24492650498741353,-0.6185677000086734,0.1387042955002046,-0.724699056160558,-0.9964372474350444,0.43728016430252786,-0.552467280631173,-0.827199778604452,-1.5974291677094474,-0.41258739676490463,0.12635794375875806,-0.03440151294101687,0.7606060676829317,0.2550174644929886,-0.856050549076313,0.6990191321911327,-0.11705443538985552,-0.26982641636316973,-0.15097248568052832,-1.7784791765507473,0.6487842598862462,0.2291303313962325,10,7,4,3,0,13,13,5,2,2
SE_015,59.845,17.572,True,0.466425029660814,1.8414170511170074,-0.9858182243780916,-0.44713530357732895,0.1588769803428376,0.9714347094853713,1.178815453896046,-0.44994652464045215,-0.022992550118389618,1.0305846563503498,-0.6343769928459315,0.04524251040804532,-0.3276328161426376,-0.0009095166512701057,4.063614417873103,-0.01630925134843834,-0.060354915147261844,-0.14855775871745275,-0.008667120527982053,-1.2104804520286392,1.5952267250516459,0.932162625040922,2.9188583587347177,0.06305075860728986,0.2837340878836427,0.4828946732504087,-0.6313425072428117,1.3579066310017243,-0.055365311027334205,-0.0843693708310462,-0.2168943304382987,-0.47053053508362536,-0.564618404666536,-0.30298911170375264,-0.36104957026694745,-0.09226553927193881,-0.3789574297633535,-0.1889406451384228,-0.2805277806612867,-0.22627863063810233,-0.16789457412041106,-0.1194957411143004,-0.1711534724157458,-0.29331703309012197,-0.23830992649976981,-0.18547173453098575,-0.1232948716050105,-0.15309097023168255,-0.5050960467941736,-0.45797385238731336,-1.185547876309211,0.07770931701070605,0.36631766534336446,2.2047107853234627,0.9387790732406623,1.3301532630756476,3.341659482802259,2.1911112863221147,3.510772570872349,-0.24492650498741353,2.7670805985125027,-1.266699614830822,-0.17979116773171488,0.2939565253401415,0.6714282736365593,-0.5404784353180796,-0.7205973169143202,0.1705477360808001,-0.08734261262766539,-0.5872158732947769,-1.0282329290922563,0.3382918028415197,0.6230959229574063,-1.1449544147434756,-0.15702530164091272,0.4154296136481157,-0.4588037069310081,-0.5887360130659144,-1.6728041582974182,-0.267694197529803,-0.5229529827498332,10,7,4,3,0,13,13,5,2,2
SE_016,59.828,17.607,True,0.466425029660814,0.2932424521002375,-1.3861067523197035,0.703408818516933,0.7329313344902468,0.003526811710297394,0.7564565817862252,-0.7627409684078266,-0.3693510401876714,-0.2424552661701643,0.08298066731611049,-0.27748739716934484,-0.5313988603592708,-0.3461577064417292,-0.5395516561177107,-0.46291993519335395,-0.37997091426691776,-0.4713194482358487,-0.382720142002519,-1.2104804520286392,1.6698367869069255,0.8829411614830708,1.739959379359181,0.0564047386772582,0.2242796449998281,1.1606696098526104,-0.22168759417097492,1.578078266344441,-1.238457640335007,-0.0843693708310462,-0.2168943304382987,-0.47053053508362536,-0.564618404666536,-0.30298911170375264,-0.36104957026694745,-0.09226553927193881,-0.3789574297633535,-0.1889406451384228,-0.2805277806612867,-0.22627863063810233,-0.16789457412041106,-0.1194957411143004,-0.1711534724157458,-0.29331703309012197,-0.23830992649976981,-0.18547173453098575,-0.1232948716050105,-0.15309097023168255,-0.5050960467941736,-0.45797385238731336,-1.185547876309211,0.054891007470543325,0.740503729226324,0.0217180465419923,0.23221850463514626,0.39163431055936476,1.5759431141116824,0.4048338948061812,1.4062758477163753,-0.24492650498741353,1.7028271056108533,-0.8031370684912688,-1.1461201911868886,-0.9964372474350444,0.12354020752688884,1.3537591241506843,3.8516156731543116,0.9342300673038064,0.04686282004536623,-0.4123203298993027,-0.07353312684079702,-0.4627134384326151,0.9783677471026159,-1.1782228470662168,0.11530948594953007,0.6429700103063716,-0.578681360905849,-1.1131066821972468,-2.0117725487105154,1.651470644765835,-0.8597158764103828,10,7,4,3,2,13,13,7,2,2
SE_017,59.838,17.598,False,0.466425029660814,2.0979894698643933,-0.9105402189013624,-0.6434442027843905,0.665088547181916,0.7225441072003526,1.1450267441272601,-0.4955623810231943,-0.10231128830219462,-0.11429688470836766,-0.6343769928459315,-0.11612244338064975,-0.671238302468725,-0.17237506057404844,0.4383693814778096,-0.2809674343676471,-0.17877128755271082,-0.2681395960769574,-0.14776789543788982,-1.2104804520286392,0.38617593818202584,1.729704904133436,2.1408290638523964,-0.3792738708197849,0.2366755546071746,-0.3218497601424212,-0.11073368179638457,-0.2808829794240393,-1.023235508966167,-0.0843693708310462,-0.2168943304382987,-0.47053053508362536,-0.564618404666536,-0.30298911170375264,-0.36104957026694745,-0.09226553927193881,-0.3789574297633535,-0.1889406451384228,-0.2805277806612867,-0.22627863063810233,-0.16789457412041106,-0.1194957411143004,-0.1711534724157458,-0.29331703309012197,-0.23830992649976981,-0.18547173453098575,-0.1232948716050105,-0.15309097023168255,-0.5050960467941736,-0.45797385238731336,-1.185547876309211,-0.09723105613054146,-0.3820544624225545,0.40902320987418866,1.1742992627758344,0.767041891565878,2.1645152370085414,-0.40711037406469774,-0.6982208754395988,-0.24492650498741353,-0.6185677000086734,-1.0238811381767703,-1.5062196115967519,0.2939565253401415,0.9243946104664748,-1.1758872369120321,-0.32106586861412517,-0.23744693402464168,-0.2787022634538611,0.6090696435302669,0.021944823163147224,1.0937182026290935,-0.1176848744093363,-0.5045185676544489,0.7308509319122823,0.27117912136974937,-0.06649724560971981,-0.4146187260108303,-1.9486370327507978,0.6666637254952246,-1.5405780950128434,10,7,4,3,2,13,13,5,2,2
SE_018,60.005,17.457,True,0.466425029660814,2.6460455283996627,-0.86394321040402,-0.9908009516158435,0.5607150282460244,1.109707266310382,0.5537243231735111,-0.41736377008135067,-0.10231128830219462,-0.2509991582676176,-0.08657659781309943,-0.015269347262715335,-0.4035456561449128,-0.1932289780781702,0.5055035488184633,-0.30577913902569814,-0.4455218052140004,-0.5375154971501453,-0.4833125560079702,-1.2104804520286392,0.646790599731761,1.0092667646383464,0.45866007150896654,-0.4073556743985244,0.4220191431441229,-0.17196084388430527,-0.7502798255684432,0.7573432624925558,-0.5348573844892854,-0.0843693708310462,-0.2168943304382987,-0.47053053508362536,-0.564618404666536,-0.30298911170375264,-0.36104957026694745,-0.09226553927193881,-0.3789574297633535,-0.1889406451384228,-0.2805277806612867,-0.22627863063810233,-0.16789457412041106,-0.1194957411143004,-0.1711534724157458,-0.29331703309012197,-0.23830992649976981,-0.18547173453098575,-0.1232948716050105,-0.15309097023168255,-0.5050960467941736,-0.45797385238731336,-1.185547876309211,-0.1428676752108669,-0.3820544624225545,-0.18953931527556936,0.23221850463514626,0.016226729552851628,0.398798868317965,0.1612506141449175,1.9324000285053686,-0.24492650498741353,2.4609599706943985,-1.2593414791746387,-0.6854242448344906,0.2939565253401415,-0.04952578632869965,0.10691921158896628,-0.3458942197342627,0.5785424061862419,1.2147767896499693,1.2596810649614312,0.764489113803171,-0.4530545933304376,1.0012594142992943,-1.2186171817901608,-0.717916827591311,0.8114314152035433,-0.629305448032092,-0.8838781776770117,-1.9609561372951532,1.6786093511532734,-1.1914138441486817,10,7,15,3,2,13,2,7,2,2
SE_019,59.831,17.808,True,0.466425029660814,2.857211649408002,-0.7613896703951236,-1.1779540269944173,0.33631196253385476,1.4231250617804054,0.7733509366706178,-0.208834140903101,0.21496366443302536,0.6204778356726003,0.34383799828412576,0.2872899410910879,-0.17580713613808732,-0.25810783253543773,1.020198831763474,-0.08247379710324071,-0.2510532763155532,-0.3411329908979426,-0.07483329817563644,-1.2104804520286392,1.4286816387147108,-0.1349777107332456,1.1491454480824497,0.4996889048887435,0.528493064408538,1.42568495369906,0.22357168187909682,0.9335284854012087,-1.5179885155696107,-0.0843693708310462,-0.2168943304382987,-0.47053053508362536,-0.564618404666536,-0.30298911170375264,-0.36104957026694745,-0.09226553927193881,-0.3789574297633535,-0.1889406451384228,-0.2805277806612867,-0.22627863063810233,-0.16789457412041106,-0.1194957411143004,-0.1711534724157458,-0.29331703309012197,-0.23830992649976981,-0.18547173453098575,-0.1232948716050105,-0.15309097023168255,-0.5050960467941736,-0.45797385238731336,-1.185547876309211,-0.1808981911111381,0.740503729226324,-0.3303775564872771,-0.23882187443519778,0.5793381010626214,0.9873709912148237,3.1654444089671694,2.984648390083356,0.2359383763640222,2.42126486340038,0.31529955124860587,-0.20484994305632231,-2.28683102021023,0.582890055746089,-1.5475414416179287,-0.2800649218102283,1.3945317463971254,0.3414485492531005,1.2456894214897933,0.43677180961601014,0.49575147995444346,0.431628008174106,-0.9558283394100903,0.3991840211814789,-0.23208961385917234,-0.3500051125647086,-0.051902494757018657,-1.7900925337221771,-0.2770241696441443,-0.5280031870880885,10,7,4,0,1,21,13,5,2,2
SE_020,60.011,17.698,True,-3.014142994851887,1.5422915709661524,-0.3183633026177248,-0.6942217862835258,0.33631196253385476,3.0178685504955287,-0.0544724526646309,-0.4825292791995537,-0.09966733036273441,-0.37915753972941435,-0.6343769928459315,-0.21697553949858417,-0.4235227193034062,-0.2627420364252425,0.035564377433888225,-0.21480288861284472,-0.547889245241841,-0.6408904470464722,-0.5836561749245806,-1.2104804520286392,1.3470217959498327,0.7257060399462996,-0.7136934512833535,0.40909234222512925,0.35728474409306793,0.9261986932514326,0.360851431334516,-0.04810932170966107,0.436916631432598,-0.0843693708310462,-0.2168943304382987,-0.47053053508362536,-0.564618404666536,-0.30298911170375264,-0.36104957026694745,-0.09226553927193881,-0.3789574297633535,-0.1889406451384228,-0.2805277806612867,-0.22627863063810233,-0.16789457412041106,-0.1194957411143004,-0.1711534724157458,-0.29331703309012197,-0.23830992649976981,-0.18547173453098575,-0.1232948716050105,-0.15309097023168255,-0.5050960467941736,-0.45797385238731336,-1.185547876309211,-0.17329208793108386,0.36631766534336446,0.6202805716917503,0.9387790732406623,-0.17147706095040494,-0.18977325457889377,-0.24472152029052197,0.3540274861383882,-0.24492650498741353,0.7587261763467392,-0.17769553771568097,-0.810838596338896,0.2939565253401415,0.029140574514749662,-0.6843445790752009,-1.2398667154177472,-0.9069766490694692,-0.42054363291669006,1.756384408204578,1.1697523656980429,1.368520506100645,-0.1113623302521251,-0.6855638674194309,1.1373562668150063,0.1880666237140231,-0.6763811449383467,-0.40635309339520087,-1.9150161671674109,1.6786093511532734,-0.3989369571163808,10,7,4,0,1,33,13,5,2,2
SE_021,59.577,17.654,True,-3.4008727753532986,0.1588579631497023,-0.5506586332780784,0.25486442414665955,-2.3252127703314094,2.197451380000465,-0.30788777593052336,-0.4108472191695303,-0.15519044709139795,-0.45178062255776574,-0.13874806400670253,-0.23714615872217107,-0.179802548769786,-0.24420522086602323,0.6621499392799882,-0.7027664135545124,-0.5734072649829244,-0.6666596175119107,-0.666090237396539,-1.2104804520286392,1.6644320947190288,-0.9841801882250418,-0.7136934512833535,0.7287139595547117,0.4911771063256408,0.9211153904087156,0.026485322688643738,1.2509795991189656,0.7107577417840573,-0.0843693708310462,-0.2168943304382987,-0.47053053508362536,-0.564618404666536,-0.30298911170375264,-0.36104957026694745,-0.09226553927193881,-0.3789574297633535,-0.1889406451384228,-0.2805277806612867,-0.22627863063810233,-0.16789457412041106,-0.1194957411143004,-0.1711534724157458,-0.29331703309012197,-0.23830992649976981,-0.18547173453098575,-0.1232948716050105,-0.15309097023168255,-0.5050960467941736,-0.45797385238731336,-1.185547876309211,-0.18850429429119234,1.1146897931092834,-0.4360062373960579,-0.7098622535055418,-0.5468846419569181,-0.7783453774757525,-0.24472152029052197,-0.17209669465060531,-0.24492650498741353,-0.6185677000086734,-0.4352302856820995,-0.7638533926052571,0.2939565253401415,-1.1264836910521567,0.370673808477022,-0.4919790746429619,0.9760756744941081,-0.25845934377621055,0.8958983346988447,0.16093776540595087,0.7251974959740463,0.1478520705427776,-0.6730724872215766,0.13027090780487724,-0.07065842902223067,-0.10365651091740134,-0.3548580901993876,-1.9209832394066453,1.651470644765835,-0.5445449897904261,10,7,4,0,1,21,13,7,2,2
SE_022,59.833,17.801,True,-0.30703453134200853,2.4757489262427876,-0.6682511532658415,-1.0153213917537782,0.33631196253385476,2.225105891365467,0.4354638389827616,-0.4108472191695303,0.2678428232222287,-0.23391137407271123,0.3960094644777289,-0.015269347262715335,-0.039963106660331794,-0.2256684053068039,0.550259660378899,0.04158472618701392,-0.35178415589199474,-0.44285527316265083,-0.29506516440427033,-1.2104804520286392,0.36343424311945777,1.212876093323554,0.45866007150896654,0.135666294891264,0.4412624199776716,0.5486262496030646,0.1276394730927826,1.0136677526365123,-0.7388400428767339,-0.0843693708310462,-0.2168943304382987,-0.47053053508362536,-0.564618404666536,-0.30298911170375264,-0.36104957026694745,-0.09226553927193881,-0.3789574297633535,-0.1889406451384228,-0.2805277806612867,-0.22627863063810233,-0.16789457412041106,-0.1194957411143004,-0.1711534724157458,-0.29331703309012197,-0.23830992649976981,-0.18547173453098575,-0.1232948716050105,-0.15309097023168255,-0.5050960467941736,-0.45797385238731336,-1.185547876309211,-0.1808981911111381,0.36631766534336446,-0.013491513760934644,1.1742992627758344,-0.17147706095040494,-0.18977325457889377,2.109916859435027,5.08914511323933,-0.24492650498741353,3.8621260286031354,-0.1114723168100305,-0.7302409007035,0.2939565253401415,-0.9614385810472729,-1.1159430103465648,-0.48119734418712234,1.6351439877413603,0.6068357886219956,0.832935939076474,0.45573988315602576,2.3620824205481314,-0.9262951744845851,-0.08247697766924279,1.9442647073788082,-1.0539131813947054,0.5478537661670771,0.2941228706357608,-1.583169576216812,-0.2770241696441443,0.6407763146192602,10,7,4,0,0,21,13,3,2,2
SE_023,59.728,18.404,False,0.07969524915940275,0.36899493290501106,-0.851955351413565,0.32282307615125216,0.1588769803428376,2.1144878459054586,0.4692525487515475,-0.45646307555227245,-0.13403878357571658,0.8767945985961936,-0.11266233090990098,-0.33799925484010546,-0.27169703929885597,-0.2974985655987787,0.2145888236756311,-0.5373550491675064,-0.24281042452404317,-0.33280901219222864,-0.19920253558753498,-1.2104804520286392,-0.7558953524293069,0.2836189219913901,-0.7136934512833535,0.6422273567307797,0.4764515347288595,0.6842701461686569,-0.49593781530179115,-1.1938623468416745,0.6709405464570224,-0.0843693708310462,-0.2168943304382987,-0.47053053508362536,-0.564618404666536,-0.30298911170375264,-0.36104957026694745,-0.09226553927193881,-0.3789574297633535,-0.1889406451384228,-0.2805277806612867,-0.22627863063810233,-0.16789457412041106,-0.1194957411143004,-0.1711534724157458,-0.29331703309012197,-0.23830992649976981,-0.18547173453098575,-0.1232948716050105,-0.15309097023168255,-0.5050960467941736,-0.45797385238731336,-1.185547876309211,-0.30259584199200595,-1.1304265901884734,-0.36558711679020406,-0.23882187443519778,-0.5468846419569181,-0.7783453774757525,-0.0011382396292582732,1.9324000285053686,-0.24492650498741353,2.5794096464172807,-0.9650160529273033,-1.0156458946650142,0.2939565253401415,-0.17230700835102447,1.7134244835434875,1.0648420610368552,-0.04914170166828394,-0.4072960513048605,1.3856058562061726,0.45151590039291306,-1.0351426476406318,0.9613137990742487,-0.7952648164696144,-1.0661618438328604,1.455680105080125,-1.255036482849969,-0.7412981150656905,-1.495267582137887,1.747393252005819,0.057764083410876264,10,7,4,0,0,10,13,7,2,2
SE_024,59.737,17.669,True,-2.240683433849065,1.384187259230066,-0.902523391007897,-0.2343377864375998,0.33631196253385476,2.455560152740483,0.16515416083247592,-0.339165159139507,0.0034470292762120484,-0.24672721221889085,0.4090523310261296,-0.2976580163929317,-0.4115364814083101,-0.21871709947209667,0.05794243321410608,-0.3967553894385516,-0.40747888720257636,-0.49909815720033823,-0.40724974457859164,-1.2104804520286392,1.1754346385197145,-0.9841801882250418,-0.7136934512833535,-0.22931475755121725,0.3026484587697493,0.6057465315687927,0.2371739093595904,-0.5291195382057723,1.0291239276698687,-0.0843693708310462,-0.2168943304382987,-0.47053053508362536,-0.564618404666536,-0.30298911170375264,-0.36104957026694745,-0.09226553927193881,-0.3789574297633535,-0.1889406451384228,-0.2805277806612867,-0.22627863063810233,-0.16789457412041106,-0.1194957411143004,-0.1711534724157458,-0.29331703309012197,-0.23830992649976981,-0.18547173453098575,-0.1232948716050105,-0.15309097023168255,-0.5050960467941736,-0.45797385238731336,-1.185547876309211,-0.16568598475102964,1.1146897931092834,-0.4360062373960579,-0.7098622535055418,-0.5468846419569181,-0.7783453774757525,-0.32591594717760985,-0.17209669465060531,-0.24492650498741353,-0.6185677000086734,-0.08939790984148036,-0.37616522436205185,0.2939565253401415,0.12816764051767998,1.9292236991791696,2.2936556222854976,1.823449220097718,9.357363110240124,0.5670947131153532,0.3377871569408025,1.1555374189868692,-0.09368070868432998,-0.5791451896265211,0.036856905341366875,0.10449242186789369,-0.8229357586684082,-0.5011313673838846,-1.8421279980940461,-1.2873439333958654,-0.6502172207377144,10,7,4,0,0,33,13,5,2,2
SE_025,59.397,17.552,True,0.466425029660814,1.468208885012687,-0.836548748933556,-0.3246669514231431,-1.1092612747282595,3.0731775732255295,-0.2572047112773448,-0.44994652464045215,0.05632618806541538,1.0861199549837952,-0.07353373126469871,-0.07578120493347598,0.4874313607238952,-0.09822779833717142,0.7292841066206418,0.40548972783842696,-0.4980247413943006,-0.590535172112931,-0.5442454551598913,-1.2104804520286392,1.0588704067541368,-0.9841801882250418,-0.7136934512833535,0.8388610167197776,0.02786027780435049,-0.7407065866802558,-0.08142477665495029,1.0165870773207974,-0.3684039698502943,-0.0843693708310462,-0.2168943304382987,-0.47053053508362536,-0.564618404666536,-0.30298911170375264,-0.36104957026694745,-0.09226553927193881,-0.3789574297633535,-0.1889406451384228,-0.2805277806612867,-0.22627863063810233,-0.16789457412041106,-0.1194957411143004,-0.1711534724157458,-0.29331703309012197,-0.23830992649976981,-0.18547173453098575,-0.1232948716050105,-0.15309097023168255,-0.5050960467941736,-0.45797385238731336,-1.185547876309211,-0.12765546885075843,-0.007868398539594996,-0.4360062373960579,-0.7098622535055418,-0.5468846419569181,-0.7783453774757525,1.2167781636770603,3.510772570872349,-0.24492650498741353,2.8548684216883635,-0.2512768942775148,-0.43411364230020655,0.2939565253401415,1.39670127105989,-0.3726346009347714,-0.10072374338281277,1.6874509967292375,-0.05186625529385876,-0.46129108205003544,-0.47536937385238875,0.6124585909031225,-0.0056265436544510085,-0.37229473723188045,0.12548515675679336,-0.42950756124651535,-0.4156079302758976,-0.2579924079739315,-1.9186092297652815,1.6170546501106806,0.0026159782221341415,10,7,4,0,2,21,13,7,2,2
SE_026,59.675,16.938,True,-2.240683433849065,2.0603220997943827,-0.747681367420552,-0.7242259690095623,0.33631196253385476,0.6487987435603458,1.3308646478555815,-0.7627409684078266,0.08276576746001704,0.5307669686493429,0.0960235338645112,-0.11612244338064975,0.8630001481035723,-0.14225273529031718,1.0649549433239096,-0.48773163985140433,-0.3231375196293681,-0.4139266940407939,-0.34562104244576664,-1.2104804520286392,0.8365351112981783,-0.9841801882250418,-0.7136934512833535,0.5973459945074256,0.3401966784187428,-0.5614182949479661,0.6595026751395267,1.0962225219814912,-1.653229087154403,-0.0843693708310462,-0.2168943304382987,-0.47053053508362536,-0.564618404666536,-0.30298911170375264,-0.36104957026694745,-0.09226553927193881,-0.3789574297633535,-0.1889406451384228,-0.2805277806612867,-0.22627863063810233,-0.16789457412041106,-0.1194957411143004,-0.1711534724157458,-0.29331703309012197,-0.23830992649976981,-0.18547173453098575,-0.1232948716050105,-0.15309097023168255,-0.5050960467941736,-0.45797385238731336,-1.185547876309211,-0.21892870701140932,-0.007868398539594996,-0.4360062373960579,-0.7098622535055418,-0.3591808514536615,-0.18977325457889377,0.3236394679190933,1.4062758477163753,-0.24492650498741353,1.6646312057792356,0.39623904346662314,-0.7139767917187788,-2.28683102021023,1.0021354847117658,0.8981830022531334,3.845465531133727,1.2480721212310693,-0.011828835045340966,0.6720320391526378,1.226098701802207,2.60679069769693,-1.185298667995462,0.15356334679164474,2.412038261008175,-0.5640526932211546,-0.1752759324989711,0.20529742013651747,-1.5288884477212739,1.651470644765835,-0.12049326793997825,10,7,4,0,2,33,13,3,2,2
SE_027,59.675,16.931,True,-0.30703453134200853,2.7256955226727095,-0.9142340601103964,-1.0053207664659924,-0.36299061433662644,0.5658352094653394,2.04042755300008,-0.4238803209931709,0.24140324382762704,0.3428013425053739,1.1655385908333742,0.22677808342032726,0.17978458808309616,-0.11213041000658575,0.8411743855217311,0.3475957503029747,0.529989936486518,0.4475973218687105,0.7364238627509293,-1.2104804520286392,0.18888374920467674,0.4029585409292461,-0.7136934512833535,0.6570453682341845,0.4291615922859414,0.19673382486622837,0.1309295105472805,-0.8857745472188486,0.13066091049359982,-0.0843693708310462,-0.2168943304382987,-0.47053053508362536,-0.564618404666536,-0.30298911170375264,-0.36104957026694745,-0.09226553927193881,-0.3789574297633535,-0.1889406451384228,-0.2805277806612867,-0.22627863063810233,-0.16789457412041106,-0.1194957411143004,-0.1711534724157458,-0.29331703309012197,-0.23830992649976981,-0.18547173453098575,-0.1232948716050105,-0.15309097023168255,-0.5050960467941736,-0.45797385238731336,-1.185547876309211,-0.23414091337151777,-0.007868398539594996,-0.2951679961843502,-0.003301684900025763,-0.5468846419569181,-0.7783453774757525,1.2167781636770603,2.458524209294362,-0.24492650498741353,2.2999666071193587,-0.3248582508393487,-0.7396379414502278,0.2939565253401415,-0.03502649629088743,1.61751372103874,2.5083790992510906,2.043138657846802,0.13933965183858268,0.7979568303973792,0.6747494045340214,2.60679069769693,-1.185298667995462,0.15356334679164474,2.412038261008175,-0.5640526932211546,-0.1752759324989711,0.20529742013651747,-1.6247466401021085,1.651470644765835,-0.28865336523946405,10,7,4,0,2,5,13,3,2,2
SI_001,45.623,15.099,True,0.466425029660814,-0.24308613189723982,0.4683387313055398,-0.15411430654384042,0.9260223445216486,-1.757143745194839,-0.35857084058370176,2.130607636440387,-0.2741685543671054,-0.797650190500814,8.886915587486625,0.5495079909977174,-0.7433714821214131,0.5644633579049181,1.020198831763474,0.901723820999444,1.079007349851176,1.002018215693418,0.565692674544594,1.7327318072314832,0.052335144172184433,-0.059421035455516594,-0.7136934512833535,0.65003523930801,0.5711374268985437,-1.5823015616183385,0.6887213440420766,-1.5678726506322833,0.15530724373846355,0.4435559320298862,2.1777085954669073,0.03733867057153182,-0.20927577571259415,0.12298047050101955,0.2668202045319428,-0.04996879450233996,0.053444009689366564,-0.027121149168749067,1.5070537100041828,0.23076362473286416,-0.09788397618243763,0.07625895599052447,0.21883953305331832,1.0365525660896684,-0.12435567891087347,6.987591733474607,5.696948332102103,-0.15309097023168255,1.0901402687481185,0.06180695805121,4.3647545590082935,-0.1808981911111381,-0.007868398539594996,-0.36558711679020406,-0.23882187443519778,-0.5468846419569181,-0.7783453774757525,0.4860283216932691,0.8801516669273817,-0.24492650498741353,0.8906643944434305,0.12398802418783784,-0.544528871074258,0.2939565253401415,-0.7888353304907635,-1.3257478033257,-1.0463650248071341,0.9499221700001695,-0.20259272905823875,0.9448690868495776,0.5689505909862451,0.8848435978754953,-1.0004223537361399,0.9510146416575425,1.3497121742965417,0.027905045631479632,-2.212017159063316,0.10216181317036083,-0.31551879595038756,0.3432799103351445,1.8104692555621373,11,5,4,2,2,30,0,5,4,6
SI_002,45.624,15.101,True,0.466425029660814,0.4301286169989333,-0.041316006034611455,-0.223528913449673,0.9260223445216486,-1.572780336094825,-0.27409906616173746,0.13002650651155462,-0.3561312504903706,-0.5886537739589647,0.18732359970331658,-0.07578120493347598,-0.7360518861801412,0.332753163414677,0.7516621624008596,0.901723820999444,1.6093118273505322,1.5375419991970836,0.9916379489733982,0.1656197041655049,1.0098952066138558,-0.9841801882250418,-0.7136934512833535,0.6756057780788987,0.4806515182268619,-1.5790339736259142,0.47577837186493316,-1.5073674523605034,-1.4300406290298346,-0.0843693708310462,-0.2168943304382987,-0.47053053508362536,0.14606685324134766,-0.30298911170375264,-0.36104957026694745,-0.09226553927193881,-0.3789574297633535,-0.1889406451384228,-0.2805277806612867,-0.22627863063810233,-0.16789457412041106,-0.1194957411143004,-0.1711534724157458,-0.29331703309012197,-0.23830992649976981,-0.18547173453098575,-0.1232948716050105,0.24950771031615238,-0.5050960467941736,-0.2916439930469859,-0.6013055146968422,-0.1808981911111381,-0.007868398539594996,-0.4360062373960579,-0.7098622535055418,-0.5468846419569181,-0.7783453774757525,-0.32591594717760985,-0.17209669465060531,-0.24492650498741353,-0.6185677000086734,-0.01581655327964649,-0.848366521885123,0.2939565253401415,0.24339072198837927,-0.1388521173294493,0.7689898587750328,1.1905344113444045,0.04722796131803271,0.9833461063965819,0.5835751350811732,0.8848435978754953,-1.0004223537361399,0.9510146416575425,1.3497121742965417,0.027905045631479632,-2.212017159063316,0.10216181317036083,-0.013571815442005865,0.2403875744422776,2.221200046980113,11,5,4,2,2,30,0,5,4,6
SI_003,45.625,15.094,True,0.466425029660814,0.4917550460036405,0.022916254568983975,-0.29976596424521246,0.9260223445216486,-1.5174713133648208,-0.3416764856993091,0.49495335757349157,-0.38257082988497226,-0.7894138785188691,1.4263959218013893,0.08558374885521908,-0.7232425932829152,0.7730025329461352,0.9306866086426026,0.7528535930511391,2.002304139982038,1.9344021787314627,1.299209380729817,-0.48345807042843547,0.4538623103178043,-0.9841801882250418,-0.7136934512833535,1.0140472328047556,0.4783117808280603,-1.0718766047412507,0.3299655711975629,1.1638259326907763,0.14369445795585842,-0.0843693708310462,-0.2168943304382987,-0.47053053508362536,-0.3277233186972414,-0.30298911170375264,-0.36104957026694745,-0.09226553927193881,-0.3789574297633535,-0.1889406451384228,-0.2805277806612867,-0.22627863063810233,-0.12122084216176211,-0.08686995826349626,-0.1711534724157458,-0.29331703309012197,-0.23830992649976981,-0.18547173453098575,-0.1232948716050105,-0.08599119014037673,-0.5050960467941736,-0.3886697443288436,-0.017063153084473304,-0.1808981911111381,-0.007868398539594996,-0.4360062373960579,-0.7098622535055418,-0.5468846419569181,-0.7783453774757525,-0.0011382396292582732,0.3540274861383882,-0.24492650498741353,0.37573944424862,0.09823454939119598,-0.7296987637373425,-0.9964372474350444,0.283186645709183,-0.9361103306501632,-0.8877900666590995,1.122535299660164,-0.1325112286552332,0.5566009805116247,0.658451206891445,0.5127269575460445,-0.6651100620109301,0.6799608976662457,1.285894088037998,-0.08395882810499886,-2.0009489566074055,0.6289285917565799,-0.10930166230514582,0.3432799103351445,2.221200046980113,11,5,4,2,2,30,0,5,4,6
SI_004,45.566,15.048,True,0.466425029660814,0.7176779178428175,-0.4134634684979002,-0.15583448914329798,0.9260223445216486,-1.1671808360747937,-0.49372567965884456,0.8598802086354284,-0.2900323020038665,-0.7121984536881366,1.3481387225109847,0.5293373717741305,-0.7708199669011832,0.462510872329212,0.6621499392799882,0.8686415481220429,1.435068186491387,1.361583436213884,0.8553619612017735,-0.2930803478998716,0.5621896610194901,-0.9841801882250418,-0.7136934512833535,-0.22531360519874666,0.10121233135697032,-0.9058566502196757,0.446659641325109,0.5485498980690042,0.4009497567842314,-0.0843693708310462,-0.2168943304382987,-0.47053053508362536,-0.0908282327279469,-0.30298911170375264,-0.36104957026694745,-0.09226553927193881,-0.3789574297633535,-0.1889406451384228,-0.2805277806612867,-0.22627863063810233,-0.16789457412041106,-0.1194957411143004,-0.1711534724157458,-0.29331703309012197,-0.23830992649976981,-0.18547173453098575,-0.1232948716050105,-0.018891410049070915,-0.5050960467941736,-0.37480892271714966,-0.6013055146968422,-0.1808981911111381,-0.007868398539594996,-0.400796677093131,-0.4743420639703698,-0.5468846419569181,-0.7783453774757525,-0.24472152029052197,-0.17209669465060531,-0.24492650498741353,-0.6185677000086734,0.10191361721928768,-0.5178436848511785,-0.9964372474350444,0.8457282496230255,-0.3126903743693042,-0.8839936826957758,-0.017757496275557647,-0.2950631548642154,0.028416439457292463,0.025371828046427358,1.1127726496268513,-1.4807251763492504,1.5297368282472295,1.3137413804958549,0.26192621202800687,-2.6616017817141846,0.14678488925001268,0.2366603350271505,0.15867894174700622,2.8974738633137003,11,5,4,2,0,30,0,3,4,6
SI_005,45.626,15.096,True,0.466425029660814,0.8458907213126088,-0.27892687804658794,-0.3150131665360673,0.9260223445216486,-0.42050902921973665,-0.37546519546809437,1.843879396320294,-0.04943212951299128,-0.7508168459686247,1.8959391175438167,1.356332759941193,-0.7591373803660962,0.6826355570949411,1.1097110548843454,0.5130071146899806,0.5110686866080015,0.4284898472885553,0.21500264420008636,0.10940314640567816,1.0335740003225766,-0.9841801882250418,-0.7136934512833535,0.4683669375960115,0.19642455666536296,0.309901621841808,0.2621955885583574,0.2409209891684966,0.4774600208291393,-0.0843693708310462,-0.2168943304382987,-0.47053053508362536,0.14606685324134766,-0.30298911170375264,-0.36104957026694745,-0.09226553927193881,-0.3789574297633535,-0.1889406451384228,-0.2805277806612867,-0.22627863063810233,-0.16789457412041106,-0.021618392561887967,-0.1711534724157458,-0.29331703309012197,-0.23830992649976981,-0.18547173453098575,-0.1232948716050105,-0.052441300094723815,-0.5050960467941736,-0.31243522546452684,-0.3091843338906578,-0.1808981911111381,-0.007868398539594996,-0.400796677093131,-0.4743420639703698,-0.5468846419569181,-0.7783453774757525,-0.16352709340343405,0.3540274861383882,-0.24492650498741353,0.6461955289172611,-0.2218443516527813,-0.6242230050993917,0.2939565253401415,0.29660620138247734,1.401714505403058,2.2279022520407294,0.8610002547207785,-0.13090332585805275,0.5321156044362583,1.1288674004626311,0.5127269575460445,-0.6651100620109301,0.6799608976662457,1.285894088037998,-0.08395882810499886,-2.0009489566074055,0.6289285917565799,-0.10930166230514582,0.5986293260349895,2.221200046980113,11,5,4,2,0,30,0,5,4,6
SI_006,45.626,15.096,True,0.466425029660814,0.4969183378435068,-0.1601199138477159,-0.18740868962478086,0.9260223445216486,-0.3744181769447327,-0.44304261500566616,8.686257853731611,0.2678428232222287,-0.6397462487017342,16.060492189107045,18.66272405377874,-0.7551419677343975,0.8564182029626218,3.504163023367656,0.5957127968834832,0.3429064300027294,0.2586725221088355,0.059234259769357596,-1.2104804520286392,0.40247414068447845,-0.9841801882250418,-0.7136934512833535,-0.07389331608485347,0.042688676360633365,-0.08496215827636626,0.7768321615733726,0.7492089614256556,0.0920573274045282,-0.0843693708310462,-0.2168943304382987,-0.47053053508362536,-0.564618404666536,-0.30298911170375264,-0.36104957026694745,-0.09226553927193881,-0.3789574297633535,-0.1889406451384228,-0.2805277806612867,-0.22627863063810233,-0.16789457412041106,-0.021618392561887967,-0.1711534724157458,-0.29331703309012197,-0.23830992649976981,-0.18547173453098575,-0.1232948716050105,-0.15309097023168255,-0.5050960467941736,-0.41639138755223154,-0.8934266955030267,-0.1808981911111381,-0.007868398539594996,-0.4360062373960579,-0.7098622535055418,-0.5468846419569181,-0.7783453774757525,-0.40711037406469774,-0.6982208754395988,-0.24492650498741353,-0.6185677000086734,0.21964378771822185,-0.812404769796684,0.2939565253401415,-0.2688661100921995,-0.2287684571776501,-0.6966041702661139,-1.2522029083894584,-0.43694296025048296,0.832935939076474,2.3317461144939586,0.5127269575460445,-0.6651100620109301,0.6799608976662457,1.285894088037998,-0.08395882810499886,-2.0009489566074055,0.6289285917565799,-0.10930166230514582,0.5986293260349895,2.221200046980113,11,5,4,2,0,30,0,5,4,6
SI_007,46.089,15.195,True,0.466425029660814,0.5091745028717412,0.008487641207121142,-0.3007797913550259,0.9260223445216486,-1.148744495164792,-0.4937256796588441,0.13654305742337502,-0.34555541873252993,-0.49496572516434245,0.3568808648325265,0.08558374885521908,-0.7799694618277732,-0.05188575943912321,0.1026985447745418,0.8686415481220429,1.3261698335347785,1.251613295536142,0.5014031297350893,-1.2104804520286392,0.28980690892074495,-0.9841801882250418,-0.7136934512833535,0.6278229187256548,-0.10684319663448444,-0.8707021142494824,0.60094072690886,-1.0838090867314254,0.18262547887454061,-0.0843693708310462,-0.2168943304382987,-0.47053053508362536,-0.20927577571259415,-0.30298911170375264,-0.36104957026694745,-0.09226553927193881,-0.3789574297633535,-0.1889406451384228,-0.2805277806612867,-0.22627863063810233,-0.16789457412041106,-0.1194957411143004,-0.1711534724157458,-0.29331703309012197,-0.23830992649976981,-0.18547173453098575,-0.1232948716050105,-0.15309097023168255,-0.5050960467941736,-0.41639138755223154,-0.8934266955030267,-0.1808981911111381,-0.007868398539594996,-0.4360062373960579,-0.7098622535055418,-0.5468846419569181,-0.7783453774757525,0.9731948830157965,0.3540274861383882,-0.24492650498741353,0.46553692708287514,0.24171819468677203,-0.6671120628665083,0.2939565253401415,1.091907684733114,-1.0200322478418173,-1.8131206938796387,0.9028458619110802,-0.2558969488803054,-0.5382451211440441,0.6804876452688161,0.513330775866215,-0.8294202984341356,0.9262407071396697,1.0856182145228876,0.3981889346432406,-1.5677713476437924,1.021282239957642,1.315610467761743,-0.1634272840490107,1.6542690432033518,11,5,4,2,1,30,0,6,4,6
SI_008,45.965,15.205,True,0.466425029660814,0.37626544976550713,0.10388985694189949,-0.2837883641678338,0.9260223445216486,-0.5864360974097489,-0.40925390523688027,0.7360657413108427,-0.24772897497250376,-0.6012987342631952,1.8437676513502137,0.6705317063392388,-0.7511465551026987,0.30494794007584813,0.5726377161591167,0.7445830248317882,0.7907354539864485,0.7109091210102774,0.2758670290332639,0.1656197041655049,0.9272007750410214,-0.9841801882250418,-0.7136934512833535,0.7939449342259928,0.7642947465957881,0.27945161042890393,0.0697555752457932,1.0312415465148532,0.11711316250664379,-0.0843693708310462,-0.2168943304382987,-0.47053053508362536,-0.03160446123562325,-0.30298911170375264,-0.36104957026694745,-0.09226553927193881,-0.3789574297633535,-0.1889406451384228,-0.2805277806612867,-0.22627863063810233,-0.16789457412041106,-0.1194957411143004,-0.1711534724157458,-0.29331703309012197,-0.23830992649976981,-0.18547173453098575,-0.1232948716050105,0.14885804017919366,-0.5050960467941736,-0.3332264578820678,-0.6013055146968422,-0.1808981911111381,-0.007868398539594996,-0.4360062373960579,-0.7098622535055418,-0.3591808514536615,-0.18977325457889377,-0.0011382396292582732,0.8801516669273817,-0.24492650498741353,1.2696341585195547,-0.17769553771568097,-0.8516795811227513,1.5843502981153275,0.809942767827574,-0.3846234462478649,-0.7278104464446353,1.070228290672287,-0.25640942785948645,-1.3077855120841309,-2.0634274972068067,0.5906973023591346,-0.5419585316450042,0.4464144145018244,0.5143389115418421,-0.3371424733258886,-2.12027355108701,-0.3000506739330155,1.1139489116098846,-0.9035850595144503,1.4387979811092833,11,5,4,2,1,30,9,6,4,2
SI_009,45.985,15.22,True,0.466425029660814,0.07536915264739402,-0.08147942733709844,0.007619666116912381,0.9260223445216486,-0.5956542678647498,-0.37546519546809437,0.9315622686654518,-0.20806960588060128,-0.7337290617737185,1.2437957901237784,1.1747971869289109,-0.7671282056294936,0.4069004256515542,0.5055035488184633,-0.032850387787138564,0.2508262041015096,0.16568603405763224,-0.058867991977859226,0.1656197041655049,0.3909820119654481,-0.9841801882250418,-0.7136934512833535,0.4802533601847209,-0.0637144045897657,-0.5180278947492903,0.5301484050941502,-1.6662757703573432,-0.21898979139089486,-0.0843693708310462,-0.2168943304382987,-0.47053053508362536,-0.20927577571259415,-0.30298911170375264,-0.36104957026694745,-0.09226553927193881,-0.3789574297633535,-0.1889406451384228,-0.2805277806612867,-0.22627863063810233,-0.16789457412041106,-0.1194957411143004,-0.1711534724157458,-0.29331703309012197,-0.23830992649976981,-0.18547173453098575,-0.1232948716050105,0.04820837004223492,-0.5050960467941736,-0.37480892271714966,-0.6013055146968422,-0.1808981911111381,-0.007868398539594996,-0.4360062373960579,-0.7098622535055418,-0.5468846419569181,-0.7783453774757525,-0.24472152029052197,-0.17209669465060531,-0.24492650498741353,-0.6185677000086734,0.146062431156388,-0.6869904182922785,-0.9964372474350444,-1.0728054683589796,-1.0320210931549108,-1.605686274123627,0.41115997742503496,-0.31298710716107186,-0.4123203298993027,1.0007133573855507,1.1701021193388912,-1.2325643365623622,1.1214165579715394,0.4835701481292268,-0.2118863063761401,-2.1112251717012183,-0.15466430024817987,1.0196307124669912,-0.9192312514166311,1.1488998480426917,11,5,4,2,1,30,9,6,4,2
SI_010,45.528,15.304,True,0.466425029660814,0.4511221489022795,-0.5177835220661149,0.06456978599142872,0.9260223445216486,-0.5864360974097489,-0.49372567965884456,0.4558540521025697,-0.2741685543671054,-0.7636326841148043,0.004723468025705948,0.48899613332695674,-0.7591373803660962,0.35360708091879867,0.4607474372580275,0.7776652977091894,0.4315540021743052,0.3481925719330313,0.07691042086076857,-1.2104804520286392,-0.13988051839719526,0.2836189219913901,0.45866007150896654,0.5510390053202634,0.3698769650642282,-0.7693393795656036,0.7253168113372928,0.08651764995684143,-0.17704676979220635,-0.0843693708310462,-0.2168943304382987,-0.47053053508362536,-0.03160446123562325,-0.30298911170375264,-0.36104957026694745,-0.09226553927193881,-0.3789574297633535,-0.1889406451384228,-0.2805277806612867,-0.22627863063810233,-0.16789457412041106,-0.1194957411143004,-0.1711534724157458,-0.29331703309012197,-0.23830992649976981,-0.18547173453098575,-0.1232948716050105,-0.15309097023168255,-0.5050960467941736,-0.3956001551346906,-0.8934266955030267,-0.1808981911111381,-0.007868398539594996,-0.36558711679020406,-0.23882187443519778,0.016226729552851628,0.398798868317965,-0.24472152029052197,0.3540274861383882,-0.24492650498741353,0.7587261763467392,0.469820400028457,-0.9105917981118524,-0.9964372474350444,-0.3105130070093197,-0.1688242306121829,-0.5959999952380336,0.850538852923203,-0.17015921566331946,0.05639972640056835,-0.1796108826465147,1.0633827388990944,-1.209038825666351,1.1527235988503068,1.184781214210361,-0.3462817913118719,-1.2004440674642736,0.5047089015940514,1.1033621656056172,-0.7484411477629246,1.051960320515954,11,5,4,2,1,30,1,3,0,7
SI_011,45.623,15.068,True,0.466425029660814,0.6069100784012508,-0.44926168478520373,-0.0690045622192303,0.9260223445216486,-1.2685807110798017,-0.2909934210461307,0.16912581198247653,-0.4513137363109366,-0.6696498710428201,0.18732359970331658,0.2066074641967404,-0.7111924287857119,0.15433631365719147,0.010948516075648708,0.7280418883930879,1.4131409989203458,1.3394404392227772,0.6143145742640318,0.1656197041655049,0.39997250939145496,0.4232367473791912,0.2079648137948735,0.7046444122616029,0.1216919409931457,-0.6458198086457246,0.37819922693199176,-1.6847409616160278,-0.7333965917570628,-0.0843693708310462,-0.2168943304382987,-0.47053053508362536,-0.3277233186972414,-0.30298911170375264,-0.36104957026694745,-0.09226553927193881,-0.09068980346154015,-0.1889406451384228,-0.2805277806612867,-0.22627863063810233,-0.16789457412041106,-0.08686995826349626,-0.1711534724157458,-0.29331703309012197,-0.23830992649976981,-0.18547173453098575,-0.1232948716050105,-0.018891410049070915,-0.5050960467941736,-0.37480892271714966,-0.017063153084473304,-0.1808981911111381,-0.007868398539594996,-0.3303775564872771,-0.23882187443519778,0.39163431055936476,0.398798868317965,-0.32591594717760985,-0.17209669465060531,-0.24492650498741353,-0.6185677000086734,-0.10411418115384712,-0.6860266192413321,0.2939565253401415,1.581490095158816,-0.40860113687405175,-0.8729082415228704,1.0283826834819854,-0.2122593638030409,-0.559232586351501,0.04027531439929678,1.162359936559042,-1.3849325089512314,1.3549798819325605,2.0656662930306027,0.312474046263998,-2.009013169893617,0.5936162524164679,-0.2739418850394864,0.5407095813610892,1.4939250554637462,11,5,4,2,1,30,2,5,4,6
SI_012,45.622,15.068,True,0.466425029660814,0.27613252167767494,-0.210519654939955,-0.027542500967686154,0.9260223445216486,-0.8353266996947682,-0.45993696989005883,0.6122512739862571,-0.1816300264859996,-0.691009601286453,0.7090382616393472,0.6301904678920649,-0.7671282056294936,0.4254372412107734,0.6621499392799882,0.5957127968834832,0.4754334902841955,0.39250392604721773,0.10642259728323086,0.1656197041655049,0.40960087705009,1.611946971018456,-0.7136934512833535,0.0495407150808615,0.19544488685857542,-0.14824380751861538,0.6827790762099415,-0.7758946968957843,-0.060497612180227374,-0.0843693708310462,-0.2168943304382987,-0.47053053508362536,-0.20927577571259415,-0.30298911170375264,-0.36104957026694745,-0.09226553927193881,-0.3789574297633535,-0.1889406451384228,-0.2805277806612867,-0.22627863063810233,-0.16789457412041106,-0.1194957411143004,-0.1711534724157458,-0.29331703309012197,-0.23830992649976981,-0.18547173453098575,-0.1232948716050105,0.04820837004223492,-0.5050960467941736,-0.37480892271714966,-0.6013055146968422,-0.1808981911111381,-0.007868398539594996,-0.18953931527556936,0.9387790732406623,-0.5468846419569181,-0.7783453774757525,-0.24472152029052197,-0.17209669465060531,-0.24492650498741353,-0.6185677000086734,0.7273551479948754,-0.7224100334145601,-0.9964372474350444,0.5390836900999328,-0.18081307592527635,-0.9050256498525896,1.404993148194701,0.18551400786279326,0.4901406740213445,0.801707980791353,1.162359936559042,-1.3849325089512314,1.3549798819325605,2.0656662930306027,0.312474046263998,-2.009013169893617,0.5936162524164679,-0.2739418850394864,0.5407095813610892,1.4939250554637462,11,5,4,2,1,30,2,5,4,6
SI_013,45.634,15.076,True,0.466425029660814,0.4630191882287467,-0.7864915764015321,0.2270121937458823,0.9260223445216486,-0.3836363473997333,-0.42614826012127294,0.8663967595472487,-0.04943212951299128,-0.691009601286453,1.6350817865758014,0.448654894879783,-0.7271740793125067,0.18909284283072764,0.6845279950602061,-0.9260717554769698,-0.14044781729152842,-0.22943894265604878,-0.08434562391025323,0.1594795864402423,1.088976490841945,1.0980344929590091,-0.7136934512833535,0.14879777317776924,-0.21470459420188395,-1.2077253433327062,0.2154491859419774,0.5249724800464984,-0.18866540282228647,-0.0843693708310462,-0.2168943304382987,-0.47053053508362536,0.32373816771831854,-0.30298911170375264,-0.36104957026694745,-0.09226553927193881,0.053444009689366564,-0.1889406451384228,-0.2805277806612867,-0.22627863063810233,-0.16789457412041106,-0.1194957411143004,-0.1711534724157458,-0.29331703309012197,-0.23830992649976981,-0.18547173453098575,-0.1232948716050105,0.3501573804531111,-0.5050960467941736,-0.2292702957943631,-0.3091843338906578,-0.1808981911111381,-0.007868398539594996,-0.2247488755784963,0.46773869417031827,-0.5468846419569181,-0.7783453774757525,-0.40711037406469774,-0.6982208754395988,-0.24492650498741353,-0.6185677000086734,-0.1703374020594976,-0.6078384212333022,0.2939565253401415,0.4021116735725152,-0.6363891978228271,-0.8337295590213689,0.1077793252953475,-0.20417500790646018,-0.9579944252931824,0.16269111674158257,0.6030924380767686,-1.2618037894794998,1.5192837457978206,1.417984073714212,-0.10230127944536956,-2.2250603969486416,0.4697423636184483,-0.11828462474861297,0.5407095813610892,1.4420142966983887,11,5,4,3,2,13,12,6,4,6
SI_014,45.634,15.079,True,0.466425029660814,0.37892061838588925,-0.8473972266333928,0.31419142168126807,0.9260223445216486,-0.4573817110397391,-0.42614826012127294,0.5275361121325931,-0.10231128830219462,-0.8148960366995232,1.726381852414607,0.3276311795382617,-0.7471511424710001,0.13811660004287452,0.5726377161591167,-0.7441192546512637,-0.19226802850418617,-0.2817691732085435,-0.15023668364148945,0.3079830622495726,0.6419583240091524,-0.9841801882250418,-0.7136934512833535,0.6355861426826938,0.10280719602587227,0.4359477031430027,0.7499866316074206,0.7611663401854067,-0.11204981377380487,-0.0843693708310462,-0.2168943304382987,-0.47053053508362536,1.5674373690571148,-0.30298911170375264,-0.36104957026694745,-0.09226553927193881,-0.3789574297633535,-0.1889406451384228,-0.2805277806612867,-0.22627863063810233,-0.16789457412041106,-0.1194957411143004,0.21883953305331832,-0.29331703309012197,-0.23830992649976981,-0.18547173453098575,-0.1232948716050105,1.155354741548781,-0.5050960467941736,0.08259819046875093,-0.3091843338906578,-0.1808981911111381,-0.007868398539594996,-0.400796677093131,-0.4743420639703698,-0.3591808514536615,-0.18977325457889377,-0.24472152029052197,0.3540274861383882,-0.24492650498741353,0.7587261763467392,0.2858670086238723,-0.5674793359749201,0.2939565253401415,0.36879415603881904,-0.8401995681454156,-0.7971324176149276,0.6203880133765436,-0.19948582524695377,-0.26540807344710426,1.618211818679841,1.3631771860514512,-1.7071782717430521,1.713357647172186,1.417984073714212,-0.1654577541706292,-1.7941808867577322,1.0274793644110776,-0.12123580678361465,0.5407095813610892,1.8729546683170024,11,5,4,3,2,13,12,5,4,6
SI_015,45.635,15.081,True,0.466425029660814,0.21055952665412989,-0.5215920173503877,0.20654802996361923,0.9260223445216486,-0.3467636655797308,-0.44304261500566616,1.8503959472321143,0.029886608670813712,-0.8020801985533434,3.943669165642737,0.7713848024571731,-0.7711236182611922,0.5436094404007964,0.8187963297415132,-0.09074436532259082,0.12151467974096852,0.03510181364386542,0.30688192195630415,0.4772080496945129,0.7477885496936775,-0.9841801882250418,-0.7136934512833535,0.28794538768510597,0.33350158695552473,0.12575689307135954,0.5295215419387291,1.2917862040010124,0.2493612967929635,-0.0843693708310462,-0.2168943304382987,-0.47053053508362536,0.38296193921064214,-0.30298911170375264,-0.36104957026694745,-0.09226553927193881,6.827733227781982,-0.1889406451384228,-0.2805277806612867,-0.22627863063810233,-0.16789457412041106,-0.1194957411143004,0.34883720154300635,-0.29331703309012197,-0.23830992649976981,-0.18547173453098575,-0.1232948716050105,2.1283015528727156,-0.5050960467941736,0.4984228388195696,-0.017063153084473304,-0.1808981911111381,-0.007868398539594996,-0.400796677093131,-0.4743420639703698,-0.5468846419569181,-0.7783453774757525,-0.16352709340343405,0.3540274861383882,-0.24492650498741353,0.6461955289172611,0.11662988853165446,-0.6478360818475795,-0.9964372474350444,0.8182721472109981,-0.6363891978228271,-1.1378199144836039,0.9446914691013819,-0.06266674978009891,-1.2028481860468463,-1.062343582349091,1.3631771860514512,-1.7071782717430521,1.713357647172186,2.044107449057756,-0.1654577541706292,-1.7941808867577322,1.0274793644110776,0.04699717259980586,0.5407095813610892,2.169743904749092,11,5,4,3,2,13,12,5,4,6
SI_016,45.654,15.332,True,0.466425029660814,-0.01917422078110933,-0.5770084712368755,0.37476757682357653,0.9260223445216486,0.6395805731053461,-0.6795635833871654,0.351589237513445,0.1092053468546187,-0.652562086847914,0.7742525943813511,0.3074605603146748,-0.5953254624664498,0.23311777978387338,0.32647910257672036,0.388948591399726,-0.3332390541858283,-0.42412764884015275,-0.17104367034956344,-0.06373032186751418,1.4248410956787825,-0.9841801882250418,-0.7136934512833535,0.16843884009034057,0.3513733425989312,0.7836839294941943,0.5484280872006925,-0.06351466330327843,0.35514421401358354,-0.0843693708310462,-0.2168943304382987,-0.47053053508362536,0.14606685324134766,-0.30298911170375264,-0.36104957026694745,-0.09226553927193881,-0.09068980346154015,-0.1889406451384228,-0.2805277806612867,-0.22627863063810233,-0.16789457412041106,-0.1194957411143004,-0.1711534724157458,-0.29331703309012197,-0.23830992649976981,-0.18547173453098575,-0.1232948716050105,0.24950771031615238,-0.5050960467941736,-0.2777831714352919,-0.3091843338906578,-0.1808981911111381,-0.007868398539594996,-0.400796677093131,-0.4743420639703698,-0.3591808514536615,-0.18977325457889377,0.2424450410320054,-0.17209669465060531,-0.24492650498741353,-0.6185677000086734,0.13134615984402123,-0.6653049396459836,1.5843502981153275,0.8154956874165233,0.03498613971040562,-0.1636677894947211,0.5890038079838172,0.15871135725162552,0.3921991697198789,0.9316153752040651,1.2764314682129783,-0.8214043258448125,0.43781718783769813,1.5650730591199948,-0.7497404186653106,-0.4205181800281233,0.8798193817547342,1.285325820766442,-0.9037719554530566,1.1488998480426917,11,5,4,3,1,13,1,6,0,7
SI_017,45.653,15.333,True,0.466425029660814,0.25070482338433786,-0.8337015904416064,0.37995288839108937,0.9260223445216486,0.5658352094653394,-0.6795635833871654,0.05834444648153133,0.1092053468546187,-0.7251851696762655,0.5394809965101373,0.5898492294448912,-0.567357574044559,0.2284835758940685,0.2817229910162847,0.388948591399726,-0.3022574855723829,-0.39284115674605047,-0.12772119802786044,0.43011588785053223,1.4117779395280916,-0.9841801882250418,-0.7136934512833535,-0.09434477393664183,0.25290409094166966,0.4084727937130954,0.5305227715103846,0.6380217820982553,0.6048851549083751,-0.0843693708310462,-0.2168943304382987,-0.47053053508362536,0.7383045681645839,-0.30298911170375264,-0.36104957026694745,-0.09226553927193881,-0.3789574297633535,-0.1889406451384228,-0.2805277806612867,-0.22627863063810233,0.018800353714184766,-0.1194957411143004,-0.1711534724157458,-0.29331703309012197,-0.23830992649976981,-0.18547173453098575,-0.1232948716050105,0.6521063908639873,-0.5050960467941736,-0.08373166887157656,-0.3091843338906578,-0.1808981911111381,-0.007868398539594996,-0.4360062373960579,-0.7098622535055418,-0.3591808514536615,-0.18977325457889377,-0.24472152029052197,-0.17209669465060531,-0.24492650498741353,-0.6185677000086734,0.05776480328218737,-0.7157839149393034,0.2939565253401415,0.17567595255646898,0.11890805690205972,-0.31043599351681855,-0.10144871065616108,-0.06593380327237797,-0.9789818905006392,-0.8329733485332718,1.2764314682129783,-0.8214043258448125,0.43781718783769813,1.5650730591199948,-0.7497404186653106,-0.4205181800281233,0.8798193817547342,1.4072338699562337,-0.9037719554530566,1.3197799332422928,11,5,4,3,1,13,1,6,0,7
SI_018,45.655,15.335,True,0.466425029660814,-0.10243546567566132,-0.5172284774102931,0.38540244313329425,0.9260223445216486,0.482871675370333,-0.6795635833871654,0.13654305742337502,-0.022992550118389618,-0.7807204683097108,0.4220951975745303,0.10575436807880596,-0.5873346372030525,0.03152991057736361,-0.07632590146720106,0.5212776829093307,-0.27063683415880796,-0.3609092919394427,-0.09046499856484558,0.1656197041655049,1.1861745449911236,-0.059421035455516594,-0.7136934512833535,0.19896141690385763,0.19929757248464539,-0.3031784657239233,0.42403780812612746,0.8025904306039058,0.315633874851489,-0.0843693708310462,-0.2168943304382987,-0.47053053508362536,0.14606685324134766,-0.30298911170375264,-0.36104957026694745,-0.09226553927193881,-0.3789574297633535,-0.1889406451384228,-0.2805277806612867,-0.22627863063810233,-0.16789457412041106,-0.1194957411143004,-0.1711534724157458,-0.29331703309012197,-0.23830992649976981,-0.18547173453098575,-0.1232948716050105,0.24950771031615238,-0.5050960467941736,-0.2916439930469859,-0.6013055146968422,-0.1808981911111381,-0.007868398539594996,-0.36558711679020406,-0.23882187443519778,-0.5468846419569181,-0.7783453774757525,-0.16352709340343405,-0.17209669465060531,-0.24492650498741353,-0.6185677000086734,-0.20712808034041452,-1.0144411458513312,0.2939565253401415,1.306929071038542,-0.4805342087526124,-0.2641201091642684,0.36931437023473324,-0.027523503782759938,-0.9649902470290013,0.6623962473966163,1.2764314682129783,-0.8214043258448125,0.43781718783769813,1.5650730591199948,-0.7497404186653106,-0.4205181800281233,0.8798193817547342,1.2846199969063186,-0.9037719554530566,1.4420142966983887,11,5,4,3,1,13,1,6,0,7
SI_019,45.651,15.306,True,0.466425029660814,-0.182026849749014,-0.22393463307307693,0.24674285084382233,0.9260223445216486,0.2524174139953161,-0.5444087443120226,0.4558540521025697,0.2678428232222287,-0.7550887920173514,0.030809201122507384,0.8520672793515207,-0.7631327929977948,0.13116529420816736,0.6621499392799882,-0.10728550176129105,-0.15765466565284275,-0.24681514241977054,-0.015597194184744149,-0.0841189551451497,2.313439130240994,0.6710731069756121,-0.7136934512833535,-0.1987822755579774,-0.4483438052562713,0.5778858099755333,0.5619045350096953,1.100409531603268,0.15034512045507803,-0.0843693708310462,-0.2168943304382987,-0.47053053508362536,-0.0908282327279469,-0.30298911170375264,-0.36104957026694745,-0.09226553927193881,-0.3789574297633535,-0.1889406451384228,-0.2805277806612867,-0.22627863063810233,15.981216683572129,0.011007390288916175,-0.1711534724157458,-0.29331703309012197,-0.23830992649976981,-0.18547173453098575,-0.1232948716050105,18.634847455333947,-0.5050960467941736,8.329787049426654,-0.017063153084473304,-0.1808981911111381,-0.007868398539594996,-0.04870107406386159,0.23221850463514626,1.1424494725723913,-0.18977325457889377,0.3236394679190933,0.3540274861383882,-0.24492650498741353,0.7464352882089605,0.2932251442800557,-0.6386799908635883,-0.9964372474350444,1.1230657335377743,-0.9361103306501632,-0.8749582888630651,0.11824072709292294,-0.008292730088991875,-0.9579944252931824,2.0435589131464944,1.3428247319871762,-1.0987769463165369,0.812751701574336,1.1293947678632645,-0.8471574502256425,-0.737817186626753,1.123761244332889,1.4087737102197795,-0.7484411477629246,1.441094898726481,11,5,4,3,0,13,1,5,0,7
SI_020,45.653,15.308,True,0.466425029660814,-0.20311724958344826,-0.07845927675183202,0.16729830718534675,0.9260223445216486,0.06805400489530138,-0.5950918089652016,0.29945683021888253,0.2678428232222287,-0.6440181947504608,0.34383799828412576,0.8520672793515207,-0.7271740793125067,0.4115346295413589,0.7292841066206418,0.09120813550311532,-0.17416375628300884,-0.2634867170558383,-0.00539116116019926,-0.11132475249965507,1.4567695697400633,0.4815283911135496,1.574699494071716,0.14153531843362857,0.2795424508045047,0.555143586608781,0.4330951732438811,-0.2645072670245254,-0.5007722860928848,-0.0843693708310462,-0.2168943304382987,-0.47053053508362536,-0.44617086168188874,-0.30298911170375264,-0.36104957026694745,-0.09226553927193881,-0.3789574297633535,-0.08106098115864031,-0.2805277806612867,-0.22627863063810233,-0.16789457412041106,0.04363317313972034,-0.1711534724157458,-0.29331703309012197,-0.23830992649976981,-0.18547173453098575,-0.1232948716050105,-0.08599119014037673,-0.5050960467941736,-0.34708727949376167,-0.017063153084473304,-0.1808981911111381,-0.007868398539594996,-0.3303775564872771,-0.003301684900025763,0.5793381010626214,1.5759431141116824,-0.24472152029052197,-0.17209669465060531,-0.24492650498741353,-0.6185677000086734,0.6537737914330416,-0.08690503419675182,0.2939565253401415,-0.002325969822630065,-1.0320210931549108,-1.6605060585540226,0.5053125936032138,-0.08448554231873116,-0.055533421372535176,1.5989249539878925,1.55538024559203,-1.1051561437601485,0.6896331285133169,1.0256343240307506,-0.7172925373697548,-0.5869718062097745,1.1017244573772125,1.422376193453884,-0.7484411477629246,1.441094898726481,11,5,4,3,0,13,1,3,0,7
SI_021,45.65,15.301,True,0.466425029660814,-0.07653139941059693,-0.41968576295294135,0.308899123183217,0.9260223445216486,0.39990814127532653,-0.64577487361838,0.3450726866016246,0.16208450564382204,-0.7465448999198983,0.04385206767090822,0.40831365643260925,-0.7391603172076028,0.4022662217617493,0.013186321653670365,-0.008038683129087494,-0.31746292360286715,-0.4081962481122653,-0.2082677849869615,0.9975740229064353,2.1406316006351473,0.8653381173140092,-0.7136934512833535,0.4262916668448074,0.2049070644284859,-1.0023375554974339,0.3088207643001124,1.1211147907813412,0.558916312746701,-0.0843693708310462,-0.2168943304382987,-0.47053053508362536,0.6790807966722604,-0.30298911170375264,-0.36104957026694745,-0.09226553927193881,0.053444009689366564,-0.1889406451384228,-0.2805277806612867,-0.22627863063810233,-0.027873378244464186,-0.07055706683809418,-0.1711534724157458,-0.29331703309012197,-0.23830992649976981,-0.18547173453098575,-0.1232948716050105,0.14885804017919366,-0.5050960467941736,-0.1668965985417403,0.2750580277217112,-0.1808981911111381,-0.007868398539594996,-0.25995843588142326,0.46773869417031827,-0.3591808514536615,-0.18977325457889377,-0.16352709340343405,0.8801516669273817,-0.24492650498741353,1.5643914464875361,-0.19976994468423115,-0.5586846696350338,1.5843502981153275,-0.10659745988179033,0.7183503225567318,-0.5503674599988817,-0.017757496275557647,-0.3396744500019239,0.39919499145569787,0.422266812203057,1.3352358642089492,-1.1555498964243471,0.9027146756498317,1.2446515360159618,-0.729199208806579,-0.35034683146207024,1.0951591314708786,1.3173427498146333,-0.9037719554530566,1.0303686639892655,11,5,4,3,0,13,1,3,0,7
SI_022,45.643,15.302,True,0.466425029660814,-0.2203208641449665,-0.4262393779457366,0.3964581549397945,0.9260223445216486,0.5842715503753418,-0.7809297126935224,0.19519201562975763,0.05632618806541538,-0.7892643604071639,0.5394809965101373,-0.015269347262715335,-0.7111924287857119,0.32348475563506734,-0.05394784568698321,0.04985529440636403,-0.5433467795680222,-0.6363032740028843,-0.4444071663399835,-1.2104804520286392,1.3952202479486941,-0.9841801882250418,0.5441100072539259,0.5885273306068465,0.12054772852969092,-0.23076266759644185,0.5492458387327429,0.907990937200083,-2.8911107027085485,-0.0843693708310462,-0.2168943304382987,-0.47053053508362536,-0.564618404666536,-0.30298911170375264,-0.36104957026694745,-0.09226553927193881,-0.3789574297633535,-0.1889406451384228,-0.2805277806612867,-0.22627863063810233,-0.16789457412041106,-0.1194957411143004,-0.1711534724157458,-0.29331703309012197,-0.23830992649976981,-0.18547173453098575,-0.1232948716050105,-0.15309097023168255,-0.5050960467941736,-0.45797385238731336,-1.185547876309211,-0.1808981911111381,-0.007868398539594996,-0.400796677093131,-0.4743420639703698,0.767041891565878,0.398798868317965,-0.16352709340343405,0.3540274861383882,-0.24492650498741353,0.6461955289172611,0.25643446599913877,-0.2913509078787652,0.2939565253401415,2.871926908524104,-0.3007015290562108,1.0636272181685917,0.6413108169716945,-0.2646347154753419,0.39919499145569787,0.7060706352114422,1.1408996579669188,-0.4227633825999888,-0.07599916525718368,0.9600605159821886,-0.2005265326465385,-0.8486662511290098,0.17693540822192927,1.227836513251722,-0.9037719554530566,1.342777851554453,11,5,4,0,1,27,13,3,0,7
SI_023,45.643,15.302,True,0.466425029660814,-0.1266846495005016,-0.44291604030994786,0.3526389840500681,0.9260223445216486,0.6027078912853412,-0.7640353578091298,0.26035752474796064,0.21496366443302536,-0.7337290617737185,0.5003523968649348,0.2872899410910879,-0.6992061908906158,0.3628754886984084,-0.05394784568698321,-0.032850387787138564,-0.5188992496756033,-0.6116151292467937,-0.39057688118738576,0.1656197041655049,1.667046259469033,-0.9841801882250418,-0.7136934512833535,0.9713149801976471,0.4717084388544099,-0.6423549959443913,0.5824252126133304,1.071543256178582,1.1595441146735477,-0.0843693708310462,-0.2168943304382987,-0.47053053508362536,-0.20927577571259415,-0.30298911170375264,-0.36104957026694745,-0.09226553927193881,-0.3789574297633535,-0.1889406451384228,-0.2805277806612867,-0.22627863063810233,-0.16789457412041106,-0.1194957411143004,-0.1711534724157458,-0.29331703309012197,-0.23830992649976981,-0.18547173453098575,-0.1232948716050105,0.04820837004223492,-0.5050960467941736,-0.37480892271714966,-0.6013055146968422,-0.1808981911111381,-0.007868398539594996,-0.4360062373960579,-0.7098622535055418,-0.5468846419569181,-0.7783453774757525,-0.32591594717760985,-0.17209669465060531,-0.24492650498741353,-0.6185677000086734,0.146062431156388,-0.6334995709647512,-0.9964372474350444,0.36910265157153843,0.586473024112704,-0.024036787323672346,1.5619141751583323,-0.03521068847047536,0.9588607303212154,1.090373368866717,1.1408996579669188,-0.4227633825999888,-0.07599916525718368,0.9600605159821886,-0.2005265326465385,-0.8486662511290098,0.17693540822192927,1.227836513251722,-0.9037719554530566,1.342777851554453,11,5,4,0,1,27,13,3,0,7
SI_024,45.648,15.324,True,0.466425029660814,0.07154165982741491,-0.6530106739548174,0.3700309827493104,0.9260223445216486,0.7225441072003526,-0.7640353578091298,0.4623706030143901,0.08276576746001704,-0.5671231658733827,0.1481950000581143,0.4284842756561961,-0.4714676708837905,0.17055602727150823,0.1474546563349775,0.2566194998901212,-0.46791997941343344,-0.5601341162638583,-0.33081184366802374,-0.28258444485781903,1.4438596212542725,-0.9841801882250418,-0.7136934512833535,0.5200287276858242,0.25366654838549957,-1.7752643971994784,0.1688366644104128,0.7408221397057627,0.36320871026340734,-0.0843693708310462,-0.2168943304382987,-0.47053053508362536,0.5014094821952895,-0.30298911170375264,-0.36104957026694745,-0.09226553927193881,0.053444009689366564,-0.1889406451384228,-0.2805277806612867,-0.22627863063810233,-0.16789457412041106,-0.1194957411143004,-0.1711534724157458,-0.29331703309012197,-0.23830992649976981,-0.18547173453098575,-0.1232948716050105,0.3501573804531111,-0.5050960467941736,-0.20847906337682218,-0.3091843338906578,-0.1808981911111381,-0.007868398539594996,-0.4360062373960579,-0.7098622535055418,0.767041891565878,-0.18977325457889377,0.5672227485803569,0.3540274861383882,-0.24492650498741353,-0.04862028615279417,0.05776480328218737,-0.5743464042129134,-0.9964372474350444,0.3225198261309077,-0.02495808685506159,-0.2613107850314088,1.237610719433494,0.36766184903821003,0.07039136987220629,0.5905088426357167,0.30856622708718073,-0.9011482203553536,1.1617474590282912,0.7803234559207766,-0.7166626796836071,-0.02683277322972953,0.9957216390972331,1.2105770241224922,-0.9200936353006691,1.429150085883681,11,5,4,0,1,33,4,7,0,7
SI_025,45.644,15.303,True,0.466425029660814,0.22866760301333447,-0.46638907331985124,0.16125144007799336,0.9260223445216486,0.7962894708403563,-0.7640353578091298,0.286423728395242,0.08276576746001704,-0.6354743026530077,1.0090241922525647,0.16626622574956662,-0.7711236182611922,0.0593351339161926,-0.07632590146720106,-0.17345004751609341,-0.6106191557307767,-0.7042377511505035,-0.6278154946984373,-0.06223572353627688,0.9587227120678768,-0.31657057483722917,-0.7136934512833535,0.48022389768024815,0.08101184923356297,-0.6183532174741246,0.5749380318782856,1.2911612138570017,0.372914434714826,-0.0843693708310462,-0.2168943304382987,-0.47053053508362536,-0.0908282327279469,-0.30298911170375264,-0.36104957026694745,-0.09226553927193881,-0.3789574297633535,-0.1889406451384228,-0.2805277806612867,-0.22627863063810233,-0.12122084216176211,-0.1194957411143004,-0.1711534724157458,-0.29331703309012197,-0.23830992649976981,-0.18547173453098575,-0.1232948716050105,-0.018891410049070915,-0.5050960467941736,-0.3609481011054557,-0.3091843338906578,-0.1808981911111381,-0.007868398539594996,-0.25995843588142326,-0.23882187443519778,-0.3591808514536615,-0.18977325457889377,-0.32591594717760985,-0.17209669465060531,-0.24492650498741353,-0.6185677000086734,0.984889895961294,-0.20966893831105451,0.2939565253401415,-0.5341722682308913,0.058963830336592506,-0.44414463670508225,-0.6035959969397817,-0.38523383125111726,1.0358147694152242,2.4382223592395924,0.9135067591171291,-0.5832174560571044,0.3068266650861114,0.5989525933945983,-0.6032123558886043,0.11747041457243997,0.6532410876920508,1.2196881791092586,-0.9037719554530566,1.3615632937604814,11,5,4,0,2,16,13,5,0,7
SI_026,45.661,15.315,True,0.466425029660814,-0.08191239174897673,-0.6100356765697208,0.431983620252009,0.9260223445216486,0.8700348344803625,-0.7302466480403444,0.051827895569711055,0.1885240850384237,-0.622658464506828,0.5916524627037403,0.5495079909977174,-0.6832245403638211,0.4022662217617493,0.12507660055475964,-0.1155560699806419,-0.5475943264824168,-0.64059262566918,-0.5739334327841813,-1.2104804520286392,1.4758659744299578,-0.059421035455516594,-0.7136934512833535,1.0969534735339377,0.28486261948771074,-0.9958305507184315,0.3599891415072107,0.44693476736016313,0.8815157994939155,-0.0843693708310462,-0.2168943304382987,-0.47053053508362536,-0.20927577571259415,-0.30298911170375264,-0.36104957026694745,-0.09226553927193881,-0.3789574297633535,-0.1889406451384228,-0.2805277806612867,-0.22627863063810233,-0.16789457412041106,-0.1194957411143004,-0.1711534724157458,-0.29331703309012197,-0.23830992649976981,-0.18547173453098575,-0.1232948716050105,-0.15309097023168255,-0.5050960467941736,-0.41639138755223154,-0.8934266955030267,-0.1808981911111381,-0.007868398539594996,-0.36558711679020406,-0.23882187443519778,-0.5468846419569181,-0.7783453774757525,-0.32591594717760985,-0.17209669465060531,-0.24492650498741353,-0.6185677000086734,-0.18505367337186437,-0.6173559368613983,0.2939565253401415,0.7874225939390571,0.5385176428603302,-0.28370945041501916,1.603759782348634,0.24819018701663295,0.28726184368259433,0.977122812142506,1.1097753638253494,-0.9311262227156667,0.706568514253878,1.4859090040932368,-0.46846110027402005,-0.9720683123003085,0.8314015907013926,1.3498730609336036,-0.8868799627225425,0.818573441213304,11,5,4,0,2,21,1,3,0,7
SI_027,45.662,15.313,True,0.466425029660814,-0.02759593874127445,-0.4529852567352673,0.301492046839334,0.9260223445216486,0.6487987435603458,-0.6795635833871654,0.22125821927703887,0.1092053468546187,-0.6781937631402732,0.5655667296069387,0.40831365643260925,-0.723178666680808,-0.09359359444736653,-0.03156978990676535,-0.3636731165611504,-0.3393805513762311,-0.4303295912172763,-0.26703567352845387,0.1656197041655049,0.8745086675232684,-0.9841801882250418,0.3220346135759499,1.1064137129044374,0.3524540810287976,0.7965794584916561,0.6351500077331557,-0.11080375367993255,-0.008570377931128434,-0.0843693708310462,-0.2168943304382987,-0.47053053508362536,-0.20927577571259415,-0.30298911170375264,-0.36104957026694745,-0.09226553927193881,-0.3789574297633535,-0.1889406451384228,-0.2805277806612867,-0.22627863063810233,-0.16789457412041106,-0.1194957411143004,-0.1711534724157458,-0.29331703309012197,-0.23830992649976981,-0.18547173453098575,-0.1232948716050105,0.04820837004223492,-0.5050960467941736,-0.37480892271714966,-0.6013055146968422,-0.1808981911111381,-0.007868398539594996,-0.4360062373960579,-0.7098622535055418,0.2039305200561082,0.398798868317965,-0.40711037406469774,-0.6982208754395988,-0.24492650498741353,-0.6185677000086734,0.1387042955002046,-0.5379629900396854,1.5843502981153275,0.45825786052744766,-0.552467280631173,-0.6472511787429046,1.237610719433494,-0.06936741243289085,0.2522827350034995,-0.22679197313260402,1.1212315013585632,-1.1122753864432766,0.9713515876312915,1.4859090040932368,-0.4286208467025413,-0.9334206887676507,0.5898789376692757,1.3852263615442764,-0.8868799627225425,1.1888254848662139,11,5,4,0,2,21,1,3,0,7
SI_028,45.649,15.355,True,0.466425029660814,0.05632022759198621,-0.6896418025813091,0.40194836469743184,0.9260223445216486,0.9253438572103667,-0.7809297126935224,0.32552303386616366,0.37360114080063533,-0.07584937026982859,0.8003383274781525,0.8318966601279338,-0.5913300498347512,0.47409638205372406,0.863552441301949,0.19872552235466973,-0.5235117240884588,-0.6162730000619412,-0.411750557175558,-0.52243037393256,1.5037553177932172,-0.9841801882250418,-0.7136934512833535,0.39233011669375767,0.19117492814638876,-0.29724360506900205,0.5619153411111065,0.28218343934152923,0.943595190518517,-0.0843693708310462,-0.2168943304382987,-0.47053053508362536,-0.3869470901895651,-0.30298911170375264,-0.36104957026694745,-0.09226553927193881,0.053444009689366564,-0.1889406451384228,-0.2805277806612867,-0.22627863063810233,-0.16789457412041106,-0.1194957411143004,-0.1711534724157458,-0.29331703309012197,-0.23830992649976981,-0.18547173453098575,-0.1232948716050105,-0.052441300094723815,-0.5050960467941736,-0.3956001551346906,-0.3091843338906578,-0.1808981911111381,-0.007868398539594996,-0.4360062373960579,-0.7098622535055418,-0.5468846419569181,-0.7783453774757525,-0.40711037406469774,-0.6982208754395988,-0.24492650498741353,-0.6185677000086734,0.06512293893837075,-0.7833703233869225,0.2939565253401415,0.789582062668093,0.4066403444163023,-0.7953860809917986,1.1539195050528905,0.19395709904480068,0.3012534871542323,0.048882675501488754,1.2605062658231034,-0.9082222151991782,0.5780869895156974,0.8838855720837878,-0.7104110071179062,-0.05477660093379255,0.486349929150783,0.93185675795697,-0.7833113275759072,0.7565489542430591,11,5,4,0,0,33,13,7,0,7
SI_029,45.649,15.355,True,0.466425029660814,-0.08082040505567586,-0.44518581535780744,0.32745831742062037,0.9260223445216486,0.934562027665367,-0.7978240675779156,0.13654305742337502,0.0034470292762120484,-0.7166412775788124,0.43513806412293105,0.04524251040804532,-0.6792291277321224,-0.07042257499834242,-0.10317956840346255,0.3972191596190761,-0.5389278583723301,-0.6318408613736709,-0.4299985991589649,0.1656197041655049,1.3102821488236156,-0.9841801882250418,-0.7136934512833535,0.502306437167813,0.39663645926139296,-0.6900291104624834,0.8021692729501093,1.0727253295783854,-1.0948768025239426,-0.0843693708310462,-0.2168943304382987,-0.47053053508362536,-0.3869470901895651,-0.30298911170375264,-0.36104957026694745,-0.04996879450233996,-0.3789574297633535,-0.1889406451384228,-0.2805277806612867,-0.22627863063810233,-0.16789457412041106,-0.1194957411143004,0.21883953305331832,-0.29331703309012197,-0.23830992649976981,-0.18547173453098575,-0.1232948716050105,-0.052441300094723815,-0.5050960467941736,-0.37480892271714966,-0.017063153084473304,-0.1808981911111381,-0.007868398539594996,-0.400796677093131,-0.4743420639703698,-0.5468846419569181,-0.7783453774757525,-0.16352709340343405,0.8801516669273817,-0.24492650498741353,1.5643914464875361,0.48453667134082373,-0.6953031851066915,-0.9964372474350444,0.6834595994126162,-0.3007015290562108,3.2287003800441994e-05,0.8714616565183538,0.1429526286418089,0.28726184368259433,-0.7775833858849067,1.2605062658231034,-0.9082222151991782,0.5780869895156974,0.8838855720837878,-0.7104110071179062,-0.05477660093379255,0.486349929150783,0.93185675795697,-0.7833113275759072,0.7565489542430591,11,5,4,0,0,29,13,7,0,7
SI_030,45.649,15.358,True,-1.080494092344831,0.1713975418173456,-0.7224805309703564,0.35587440599898434,0.9260223445216486,0.8515984935703605,-0.7471410029247372,0.22125821927703887,0.1092053468546187,-0.6781937631402732,0.5655667296069387,0.40831365643260925,-0.723178666680808,-0.09359359444736653,-0.03156978990676535,0.0746669990644151,-0.5883630374219829,-0.6817625860547215,-0.49543154065780554,0.1656197041655049,1.506369867485905,0.4815283911135496,-0.7136934512833535,0.13904443437495845,0.10811003962984578,-0.16283989095983928,0.6132513503173612,-0.12945596194992215,0.7057518874494052,-0.0843693708310462,-0.2168943304382987,-0.47053053508362536,-0.20927577571259415,-0.30298911170375264,-0.36104957026694745,-0.09226553927193881,-0.3789574297633535,-0.1889406451384228,-0.2805277806612867,-0.22627863063810233,-0.16789457412041106,-0.1194957411143004,-0.1711534724157458,-0.29331703309012197,-0.23830992649976981,-0.18547173453098575,-0.1232948716050105,0.04820837004223492,-0.5050960467941736,-0.37480892271714966,-0.6013055146968422,-0.1808981911111381,-0.007868398539594996,-0.3303775564872771,-0.003301684900025763,-0.5468846419569181,-0.7783453774757525,-0.16352709340343405,0.3540274861383882,-0.24492650498741353,0.6461955289172611,0.5949087061835745,-0.05907533660067338,0.2939565253401415,-0.3018751320931763,-0.144846539985996,-0.557428734170664,0.44254418281776126,-0.132517634642473,0.5810863565869911,1.1624998669915663,0.9945409311400498,-0.6813005616016808,0.40347740017127526,0.5012914560801798,-0.6661745128170736,-0.09870895423968386,0.45880902047621286,0.9704182375868243,-0.7833113275759072,0.7152005814805462,11,5,4,0,0,29,13,7,0,7
SI_031,45.99,14.335,True,0.4277520516106729,0.10190784860015512,-0.8526669575078742,0.4782394899442534,0.9260223445216486,-1.720271063374836,-0.27409906616173746,-0.05243691901941375,-0.04943212951299128,-0.2809027806087034,0.4090523310261296,0.1864368449731535,-0.7511465551026987,0.03384701252226605,-0.07632590146720106,-0.07420322888388986,3.7666841098578843,3.7161473404195298,4.17314589119721,-0.06373032186751418,-0.7558953524293069,-0.9841801882250418,-0.7136934512833535,1.1679457144754932,0.311388851984082,0.6463555778699059,0.5989081064385535,-0.2973283680453986,-0.046207193600679174,-0.0843693708310462,-0.2168943304382987,-0.47053053508362536,-0.20927577571259415,-0.30298911170375264,-0.36104957026694745,-0.09226553927193881,-0.09068980346154015,-0.1889406451384228,-0.2805277806612867,-0.22627863063810233,-0.16789457412041106,-0.1194957411143004,-0.1711534724157458,-0.29331703309012197,-0.23830992649976981,-0.18547173453098575,-0.1232948716050105,0.04820837004223492,-0.5050960467941736,-0.3609481011054557,-0.3091843338906578,-0.1808981911111381,-0.007868398539594996,-0.400796677093131,-0.4743420639703698,0.016226729552851628,-0.18977325457889377,-0.40711037406469774,-0.6982208754395988,-0.24492650498741353,-0.6185677000086734,0.07983921025073752,-0.8745698085827293,0.2939565253401415,1.0113903506933482,0.21481881940680725,-0.38659145582109367,1.2794563266237957,-0.11136506477677606,0.028416439457292463,-0.29899816904543663,1.6707189864309258,-0.9377095963597716,0.3662640112450638,0.8100408739190598,-0.6400526489914096,-0.89756230654676,0.2201787788573564,1.382210624314439,3.5447005409794774,1.0588531764509754,11,0,11,0,2,21,13,5,4,5
SI_032,45.997,14.344,True,0.4277520516106729,0.021367757099691333,-0.3585178081396136,0.2135472775513789,0.9260223445216486,-1.6649620406448318,-0.5444087443120226,-0.4108472191695303,-0.03621233981569045,0.04803706514324153,-0.1778766636519048,-0.33799925484010546,0.5273854870408822,0.281776920626824,0.10941196150860709,0.18218438591596878,2.55952583503444,2.497108101547568,2.573695355152017,-0.52243037393256,0.8253951831584233,-0.9841801882250418,0.5629686866862894,1.1989406230335125,0.21619140772220488,0.30216589758055756,0.8621668224745941,0.33650587634542284,-0.7329917321668531,-0.0843693708310462,-0.2168943304382987,-0.47053053508362536,-0.564618404666536,-0.30298911170375264,-0.36104957026694745,-0.09226553927193881,-0.3789574297633535,-0.1889406451384228,-0.2805277806612867,-0.22627863063810233,-0.16789457412041106,-0.07055706683809418,0.21883953305331832,-0.29331703309012197,-0.23830992649976981,-0.18547173453098575,-0.1232948716050105,-0.052441300094723815,-0.5050960467941736,-0.3956001551346906,-0.3091843338906578,-0.1808981911111381,-0.007868398539594996,-0.4360062373960579,-0.7098622535055418,-0.17147706095040494,0.398798868317965,-0.40711037406469774,-0.6982208754395988,-0.24492650498741353,-0.6185677000086734,0.7862202332443425,-0.3277343220519933,0.2939565253401415,1.00522044003896,0.262774200659181,-0.3914508272941481,1.6351439877413603,0.029297603033936505,-0.6991490210678805,-0.7637159707758197,1.2564674721000266,-0.7728133817201327,0.37733739636922675,1.0928795124183008,-0.41871957321781383,-0.9525983294918743,0.13739015217901315,1.7036627580757193,3.5447005409794774,0.7799503140594762,11,0,11,0,2,21,1,5,4,5
SI_033,45.998,14.345,True,0.4277520516106729,-0.15537540253154808,-0.5323686495464597,0.4256606337055811,0.9260223445216486,-1.563562165639824,-0.44304261500566616,-0.31309895549222583,0.1435768000676008,-0.2552711043163439,-0.12570519745830175,-0.37834049328727926,0.34759191861444116,0.5621462559600156,0.6151560221415309,-0.30577913902569814,2.879864034527146,2.8205990994022763,2.7874084076220136,0.1656197041655049,-0.7558953524293069,-0.9841801882250418,-0.7136934512833535,0.986055980919879,0.4719843154210036,-0.09300906076078308,0.6113491674202164,0.3208185011526474,1.1357500201375599,-0.0843693708310462,-0.2168943304382987,-0.47053053508362536,-0.20927577571259415,-0.30298911170375264,-0.36104957026694745,-0.09226553927193881,-0.3789574297633535,-0.1889406451384228,-0.2805277806612867,-0.22627863063810233,-0.16789457412041106,-0.021618392561887967,-0.1711534724157458,-0.29331703309012197,-0.23830992649976981,-0.18547173453098575,-0.1232948716050105,-0.15309097023168255,-0.5050960467941736,-0.37480892271714966,-0.6013055146968422,-0.1808981911111381,-0.007868398539594996,-0.4360062373960579,-0.7098622535055418,-0.5468846419569181,-0.7783453774757525,-0.40711037406469774,-0.6982208754395988,-0.24492650498741353,-0.6185677000086734,0.028332260657453825,-0.8542095536314858,0.2939565253401415,0.16518710444400905,0.7303391678698252,-1.170696599605988,1.0806896924698626,-0.07759270004874634,1.1127688085092329,0.9966487701984044,1.2564674721000266,-0.7728133817201327,0.37733739636922675,0.618455927647525,-0.41871957321781383,-0.9525983294918743,0.13739015217901315,1.7036627580757193,3.5447005409794774,0.7799503140594762,11,0,11,0,2,21,1,5,4,5
SI_034,45.989,14.335,True,-0.30703453134200853,0.08285059730238536,-1.0066914046330107,0.5863661147851223,0.9260223445216486,-1.6557438701898315,-0.1558385819709877,-0.44994652464045215,-0.04943212951299128,0.013861496753429185,-0.04744799816789715,-0.47919358940521367,0.8630001481035723,0.3883636100923348,-0.2173076528825735,-0.23134402505154567,3.696754350748568,3.6455293261151605,3.995443366056316,0.4447196926115936,-0.2577230283678311,0.4029585409292461,-0.7136934512833535,-0.22614813434228728,0.16083065300638588,1.2304966798477572,0.6333698256395419,0.6021846334159602,1.2876694100999924,-0.0843693708310462,-0.2168943304382987,-0.47053053508362536,0.14606685324134766,-0.30298911170375264,-0.36104957026694745,-0.09226553927193881,0.053444009689366564,-0.1889406451384228,-0.2805277806612867,-0.22627863063810233,-0.16789457412041106,-0.1194957411143004,-0.1711534724157458,-0.29331703309012197,-0.23830992649976981,-0.18547173453098575,-0.1232948716050105,0.3501573804531111,-0.5050960467941736,-0.250061528211904,-0.3091843338906578,-0.1808981911111381,-0.007868398539594996,-0.2951679961843502,-0.003301684900025763,-0.5468846419569181,-0.7783453774757525,-0.40711037406469774,-0.6982208754395988,-0.24492650498741353,-0.6185677000086734,0.7273551479948754,-0.535071592886846,0.2939565253401415,0.12940162264855762,1.0300603006971614,-0.5835478558383316,0.5053125936032138,0.03619044530392133,-0.6361866254455097,0.35890707075636613,1.6707189864309258,-0.9377095963597716,0.3662640112450638,1.1202767054493703,-0.6400526489914096,-0.89756230654676,0.2201787788573564,1.382210624314439,3.5447005409794774,1.0588531764509754,11,0,11,0,0,21,13,5,4,5
SI_035,45.996,14.344,True,-3.4008727753532986,-0.1740487298936182,-0.452237905783783,0.38599516429930186,0.9260223445216486,-1.6649620406448318,-0.5106200345432372,-0.37826446461042884,-0.07058379302867263,-0.622658464506828,-0.04744799816789715,-0.37834049328727926,0.023963495446847078,0.24933749339819017,-0.013667345282591127,0.5130071146899806,2.588094519584269,2.525957961748618,2.6812899237945036,-1.2104804520286392,0.24048428294183358,-0.9841801882250418,1.201299755671111,0.9119142176390085,0.6876016558776036,1.048996586812387,0.7909947431170962,-0.9976925657665867,-3.442884030236737,-0.0843693708310462,-0.2168943304382987,-0.47053053508362536,-0.20927577571259415,-0.30298911170375264,-0.36104957026694745,-0.09226553927193881,-0.3789574297633535,-0.1889406451384228,-0.2805277806612867,-0.22627863063810233,-0.16789457412041106,-0.1194957411143004,-0.1711534724157458,-0.29331703309012197,-0.23830992649976981,-0.18547173453098575,-0.1232948716050105,-0.15309097023168255,-0.5050960467941736,-0.41639138755223154,-0.8934266955030267,-0.1808981911111381,-0.007868398539594996,-0.4360062373960579,-0.7098622535055418,0.2039305200561082,0.9873709912148237,-0.40711037406469774,-0.6982208754395988,-0.24492650498741353,-0.6185677000086734,0.49925294265319053,-0.7155429651765668,-0.9964372474350444,5.4185575311228265,-0.984065711902537,0.22348744708503834,0.9446914691013819,-0.33636896058620624,-2.1262966551749503,-2.1463928944973794,1.2564674721000266,-0.7728133817201327,0.37733739636922675,1.0928795124183008,-0.41871957321781383,-0.9525983294918743,0.13739015217901315,1.516309509018089,3.5447005409794774,0.9531357292099869,11,0,11,0,0,21,1,5,4,5
SI_036,45.998,14.345,True,-2.240683433849065,-0.3943424932188497,0.05250118631092695,0.19571613918006012,0.9260223445216486,-1.0934354724347881,-0.27409906616173746,-0.30006585366858524,0.037818482489194234,0.0864845795817806,-0.13874806400670253,-0.3178286356165186,-0.28767868982565076,0.552877848180406,0.0758448778382803,-0.06593266066453975,1.8970405106213424,1.8281025349374203,2.1099164037355957,0.1656197041655049,0.4797649938287328,-0.9841801882250418,-0.7136934512833535,0.08634572799652314,-0.1294653924830722,-0.5464350525988148,0.6076829479699843,-0.24356970947296472,1.2733062335563974,-0.0843693708310462,-0.2168943304382987,-0.47053053508362536,0.14606685324134766,-0.30298911170375264,-0.36104957026694745,-0.09226553927193881,-0.3789574297633535,-0.1889406451384228,-0.2805277806612867,-0.22627863063810233,-0.16789457412041106,-0.1194957411143004,-0.1711534724157458,-0.29331703309012197,-0.23830992649976981,-0.18547173453098575,-0.1232948716050105,0.24950771031615238,-0.5050960467941736,-0.2916439930469859,-0.6013055146968422,-0.1808981911111381,-0.007868398539594996,-0.4360062373960579,-0.7098622535055418,-0.5468846419569181,-0.7783453774757525,-0.40711037406469774,-0.6982208754395988,-0.24492650498741353,-0.6185677000086734,0.146062431156388,-0.6886770666314348,1.5843502981153275,1.4661127659217572,0.562495333486517,-1.418296761693965,0.3170073612468561,0.40283071898450806,0.7979568303973792,3.060582385600862,1.2564674721000266,-0.7728133817201327,0.37733739636922675,0.618455927647525,-0.41871957321781383,-0.9525983294918743,0.13739015217901315,1.7036627580757193,3.5447005409794774,0.7799503140594762,11,0,11,0,0,21,1,5,4,5
SI_037,45.975,14.535,True,0.466425029660814,0.5957435955779463,-0.19200606293224262,-0.22465329533658496,0.33631196253385476,-1.148744495164792,-0.07136680754902357,0.05834444648153133,-0.10231128830219462,-0.7892643604071639,-0.26917672949071014,0.1864368449731535,-0.6992061908906158,0.6780013532051361,0.23696687945584893,0.1573726812579177,0.53924538401982,0.4569438623777138,0.9029277909284623,0.1656197041655049,1.9470408854719727,1.3277176936974366,-0.7136934512833535,0.13403728816319002,-0.1861733990556353,0.7037389545119328,0.43927544988227457,1.531964915807717,-0.07883627655732399,-0.0843693708310462,-0.2168943304382987,-0.47053053508362536,-0.564618404666536,-0.30298911170375264,-0.36104957026694745,-0.09226553927193881,0.053444009689366564,-0.1889406451384228,-0.2805277806612867,-0.22627863063810233,-0.16789457412041106,-0.1194957411143004,0.21883953305331832,-0.29331703309012197,-0.23830992649976981,-0.18547173453098575,-0.1232948716050105,0.04820837004223492,-0.5050960467941736,-0.37480892271714966,-0.3091843338906578,-0.1808981911111381,-0.007868398539594996,-0.18953931527556936,0.46773869417031827,-0.5468846419569181,-0.7783453774757525,-0.40711037406469774,-0.6982208754395988,-0.24492650498741353,-0.6185677000086734,-0.4793790996191998,-1.5879015811644626,2.874744070890513,0.1630276357149732,0.4186291897293958,-0.3531832769438444,0.0031653073195932113,-0.24883755094208673,-0.8950320296708116,-0.5424749113342928,1.5536461225384948,-0.975596247921969,0.49622471928458134,1.064451433037753,-0.5325237532306168,-0.9609301572677739,0.304277110703708,1.4046033222538756,3.5447005409794774,1.1001997966439652,11,0,11,6,2,24,15,5,4,5
SI_038,45.974,14.538,True,0.466425029660814,0.3751290502948011,-0.07487194419130634,-0.17046970654358215,0.33631196253385476,-1.5266894838198213,0.013104966872940297,-0.1697348354321792,0.07483389364163652,-0.7892643604071639,0.017766334574106667,-0.015269347262715335,-0.6392750014151355,0.501901605392553,0.22130224040969637,0.3724074549610258,1.6701981243357287,1.5990275447817517,2.1473013062791817,0.14563225841130847,1.6279683696896723,-0.059421035455516594,-0.7136934512833535,-0.1351559718278478,0.4772888406708524,0.14354435591117126,0.7745507062194157,1.0815633259896988,0.5519495899304151,-0.0843693708310462,-0.2168943304382987,-0.47053053508362536,0.32373816771831854,-0.30298911170375264,-0.36104957026694745,-0.09226553927193881,-0.3789574297633535,-0.1889406451384228,-0.2805277806612867,-0.22627863063810233,-0.16789457412041106,-0.1194957411143004,-0.1711534724157458,-0.29331703309012197,-0.23830992649976981,-0.18547173453098575,-0.1232948716050105,0.24950771031615238,-0.5050960467941736,-0.27085276062944497,-0.6013055146968422,-0.1808981911111381,-0.007868398539594996,-0.3303775564872771,-0.003301684900025763,-0.5468846419569181,-0.7783453774757525,-0.40711037406469774,-0.6982208754395988,-0.24492650498741353,-0.6185677000086734,1.0658293881793113,-0.4088139172128625,-0.9964372474350444,-2.5810401278241706,0.7063614772436384,-0.306032188119363,0.4530055846153367,-0.18222809562303266,-1.8044888553272778,-2.0199125049679476,1.5451184813779026,-1.0612500337742559,0.6301289805278525,1.1016297291967596,-0.5079108037908661,-0.8105423353193267,0.24899999258392402,1.5508287932253388,3.5447005409794774,1.1001997966439652,11,0,11,6,2,24,1,3,4,5
SI_039,45.974,14.538,True,0.466425029660814,-0.05829161556936621,0.1552504517502247,-0.06402030129954966,0.33631196253385476,-1.6373075292798298,0.08068238641051206,-0.01985416446031224,-0.08380358272597346,-0.8277118748457027,-0.20396239674870634,-0.11612244338064975,-0.6632474772053276,0.8077590621196713,-0.36500282103201137,0.2731606363288222,1.3725002674143296,1.2983997178562776,1.7654013109696098,0.4146348456360332,2.0922284082407874,-0.059421035455516594,-0.7136934512833535,0.16247840511962222,0.06477909053036138,0.29201034138450377,0.9085674537053683,1.0201956468655549,1.119064375936365,-0.0843693708310462,-0.2168943304382987,-0.47053053508362536,-0.0908282327279469,-0.30298911170375264,-0.36104957026694745,-0.09226553927193881,0.19757782284027323,-0.1889406451384228,-0.2805277806612867,-0.22627863063810233,0.7189063330939192,-0.1194957411143004,0.08884186456363026,-0.29331703309012197,-0.23830992649976981,-0.18547173453098575,-0.1232948716050105,1.3902039718683514,-0.5050960467941736,0.22120640658569046,0.2750580277217112,-0.1808981911111381,-0.007868398539594996,-0.36558711679020406,-0.23882187443519778,-0.5468846419569181,-0.7783453774757525,-0.40711037406469774,-0.6982208754395988,-0.24492650498741353,-0.6185677000086734,0.6832063340577752,-0.8485472342071754,0.2939565253401415,2.136473558521033,1.6055248757256466,-0.3944879344648071,0.0345495127123195,-0.3152292026949889,-0.2863955386545612,0.16348809462141514,1.5451184813779026,-1.0612500337742559,0.6301289805278525,1.1016297291967596,-0.5079108037908661,-0.8105423353193267,0.24899999258392402,1.5508287932253388,3.5447005409794774,1.1001997966439652,11,0,11,6,2,24,1,3,4,5
SI_040,45.973,14.537,True,0.3890790735605318,0.462026922066464,-0.12100990675117719,-0.1918120824282725,0.33631196253385476,-1.3331079042648062,-0.08826116243341622,-0.013337613548491962,0.08805368333893736,-0.6482901407991873,0.17428073315491585,0.004901271960871549,-0.631284176151738,0.5181213190068699,-0.16136251343202884,0.32278404564492363,1.4156934014656797,1.3420179627514246,1.7125595871416086,0.40763320102481826,1.282632502208357,-0.43702537078754733,-0.7136934512833535,-0.04115655438330253,0.2065353351321264,0.006582877476941725,0.7786468288506053,0.5981846601489965,1.0614072618625296,-0.0843693708310462,-0.2168943304382987,-0.47053053508362536,-0.20927577571259415,-0.30298911170375264,-0.36104957026694745,-0.09226553927193881,0.4858454491420866,-0.1889406451384228,-0.2805277806612867,-0.22627863063810233,-0.027873378244464186,-0.1194957411143004,-0.1711534724157458,-0.29331703309012197,-0.23830992649976981,-0.18547173453098575,-0.1232948716050105,0.18240793022484658,-0.5050960467941736,-0.26392234982359797,-0.017063153084473304,-0.1808981911111381,-0.007868398539594996,-0.18953931527556936,-0.23882187443519778,-0.5468846419569181,-0.7783453774757525,-0.40711037406469774,-0.6982208754395988,-0.24492650498741353,-0.6185677000086734,0.6464156557768582,-0.6479565567289477,1.5843502981153275,-1.5080926650260658,1.1259710632019089,-0.25280688495356357,0.3902371738298841,0.03833004504200212,0.5670947131153532,0.29570672488564176,1.5451184813779026,-1.0612500337742559,0.6301289805278525,1.1016297291967596,-0.5079108037908661,-0.8105423353193267,0.24899999258392402,1.5508287932253388,3.5447005409794774,1.1001997966439652,11,0,11,6,0,24,15,3,4,5
SI_041,45.973,14.539,True,0.466425029660814,0.7369621447451891,-0.2669853000688895,-0.25933699122890175,0.33631196253385476,-1.2685807110798017,-0.08826116243341622,-0.22186724272674155,0.03517452454973403,-0.7380010078224452,-0.03440513161949644,0.10575436807880596,-0.6073117003615459,0.27019141090231197,0.08703390572838923,0.7859358659285403,1.1358269430308559,1.0593970325953708,1.380916724133871,0.6445532071480662,1.6531884512742,-0.9841801882250418,-0.7136934512833535,0.15826925152997404,0.2736439074325957,1.370008429199445,0.9374947725531293,1.0193495042309213,-0.043598625564677675,-0.0843693708310462,-0.2168943304382987,-0.47053053508362536,-0.3277233186972414,-0.30298911170375264,-0.36104957026694745,-0.09226553927193881,0.4858454491420866,-0.1889406451384228,-0.2805277806612867,-0.22627863063810233,-0.16789457412041106,-0.08686995826349626,-0.1711534724157458,-0.29331703309012197,-0.23830992649976981,-0.18547173453098575,-0.1232948716050105,0.18240793022484658,-0.5050960467941736,-0.3055048146586799,-0.017063153084473304,-0.1808981911111381,-0.007868398539594996,-0.400796677093131,-0.4743420639703698,-0.5468846419569181,-0.7783453774757525,-0.40711037406469774,-0.6982208754395988,-0.24492650498741353,-0.6185677000086734,2.1769078722630026,1.0585701378530912,-0.9964372474350444,-1.7212630781351774,0.13089690221515315,-0.4102808917522341,0.996998478089259,-0.0935820441991944,0.6300571087377239,0.32973768035449336,1.5451184813779026,-1.0612500337742559,0.6301289805278525,1.1016297291967596,-0.5079108037908661,-0.8105423353193267,0.24899999258392402,1.61152597381045,3.5447005409794774,1.2090827349578843,11,0,11,6,0,24,15,3,4,5
SI_042,45.973,14.539,True,0.466425029660814,0.1781633432555569,0.029705949739560755,-0.12209434279392435,0.33631196253385476,-1.194835347439796,-0.10515551731780916,-0.23490034455038222,-0.1816300264859996,-0.7764485222609842,0.10906640041291203,0.04524251040804532,-0.6632474772053276,0.26787430895740955,-0.11884420744961512,0.5295482511286809,0.6832753938505441,0.6023914289649922,0.9808894486918884,0.1656197041655049,1.6387317671791763,-0.1349777107332456,-0.7136934512833535,-0.02877169935527038,0.21975044009717826,1.3721682194376859,0.6437674394159949,0.9365558425416456,0.033649016596697376,-0.0843693708310462,-0.2168943304382987,-0.47053053508362536,-0.20927577571259415,-0.30298911170375264,-0.36104957026694745,-0.09226553927193881,-0.3789574297633535,-0.1889406451384228,-0.2805277806612867,-0.22627863063810233,-0.16789457412041106,-0.1194957411143004,-0.1711534724157458,-0.29331703309012197,-0.23830992649976981,-0.18547173453098575,-0.1232948716050105,0.04820837004223492,-0.5050960467941736,-0.37480892271714966,-0.6013055146968422,-0.1808981911111381,-0.007868398539594996,-0.3303775564872771,-0.23882187443519778,-0.5468846419569181,-0.7783453774757525,-0.40711037406469774,-0.6982208754395988,-0.24492650498741353,-0.6185677000086734,0.3079414155924225,-0.770961410605987,2.874744070890513,0.47090617736894347,0.46658457098176953,-0.2723202985250478,0.5785424061862419,-0.2078776685310431,-0.335366290805294,-0.2744512503465929,1.5451184813779026,-1.0612500337742559,0.6301289805278525,1.1016297291967596,-0.5079108037908661,-0.8105423353193267,0.24899999258392402,1.61152597381045,3.5447005409794774,1.2090827349578843,11,0,11,6,0,24,15,3,4,5
SI_043,46.051,14.495,True,0.27306013941010837,0.9661309350777478,0.4997497692995509,-0.8755161154732616,-0.41517737380457287,-0.2177092792097207,-0.45993696989005883,-0.02637071537213252,-0.04943212951299128,-0.5500353816784765,-0.021362265071095603,0.14609560652597975,-0.631284176151738,0.057018031971290156,0.6173938277195525,0.7611241612704891,0.13554854702766103,0.04927380355803132,0.24357126699748619,0.1656197041655049,1.4959129227598005,-0.9841801882250418,-0.7136934512833535,0.3115398955826082,0.07111092290610478,1.5242454539245405,0.22907480642619552,-0.000992927536742036,0.07036715203432793,-0.0843693708310462,-0.2168943304382987,-0.47053053508362536,0.5014094821952895,-0.30298911170375264,-0.36104957026694745,-0.09226553927193881,-0.3789574297633535,-0.1889406451384228,-0.2805277806612867,-0.22627863063810233,-0.16789457412041106,-0.1194957411143004,-0.1711534724157458,-0.29331703309012197,-0.23830992649976981,-0.18547173453098575,-0.1232948716050105,0.4508070505900698,-0.5050960467941736,-0.20847906337682218,-0.6013055146968422,-0.1808981911111381,-0.007868398539594996,-0.400796677093131,-0.4743420639703698,-0.5468846419569181,-0.7783453774757525,-0.40711037406469774,-0.6982208754395988,-0.24492650498741353,-0.6185677000086734,0.046727599797912286,-0.4285717977572645,0.2939565253401415,1.0212622077403692,-0.12086884935980913,-0.19312772905011366,0.6203880133765436,-0.18207435192927837,0.15434123070203393,0.7234447529917927,0.5423954335783717,-0.5252658184328942,0.45150987819299476,1.1798455691973269,-0.29931719001176715,-1.3570035991771103,0.7380835224745825,1.9427950864186203,-0.07871887565721612,1.956110587057125,11,0,19,5,2,13,4,5,4,0
SI_044,46.052,14.518,True,-0.30703453134200853,1.1119562746392495,-0.09393917889843424,-0.5859713925006149,0.054503461406943614,0.6395805731053461,-0.7809297126935224,0.09744375195245311,0.5322386171682454,-0.7807204683097108,-0.2561338629423094,-0.1766343010514104,2.796779861845738,2.293021408802116,2.3181260670161095,0.9513472303155455,0.3753566021776416,0.29144207189728777,0.14693012465485414,0.1656197041655049,0.777130850683178,-0.9841801882250418,-0.7136934512833535,-0.3760395007153348,0.4168774197906681,-1.330165929734866,0.6292392364545393,0.476715298855891,1.3161434551156683,-0.0843693708310462,-0.2168943304382987,-0.47053053508362536,0.32373816771831854,-0.30298911170375264,-0.36104957026694745,-0.09226553927193881,-0.3789574297633535,-0.1889406451384228,-0.2805277806612867,-0.22627863063810233,-0.16789457412041106,-0.1194957411143004,-0.1711534724157458,-0.29331703309012197,-0.23830992649976981,-0.18547173453098575,-0.1232948716050105,0.3501573804531111,-0.5050960467941736,-0.250061528211904,-0.6013055146968422,-0.1808981911111381,-0.007868398539594996,-0.4360062373960579,-0.7098622535055418,-0.5468846419569181,-0.7783453774757525,-0.40711037406469774,-0.6982208754395988,-0.24492650498741353,-0.6185677000086734,0.21228565206203848,-0.5735030800433353,0.2939565253401415,0.7997624152478335,1.0540379913233482,-0.4320721357017126,-0.8965152472718937,-0.3991348235614026,2.4279832948431994,2.124213074585552,0.5300481806984877,-0.8224237110509375,0.9053014220075394,0.4910911508887046,-0.2916820002590668,-1.3141917860261685,0.7616932156368411,2.1233470938591985,-0.07871887565721612,1.3859636182051625,11,0,19,5,2,13,4,3,4,0
SI_045,46.054,14.506,True,0.27306013941010837,1.2635444712624615,0.1256665245147826,-0.8123250997818252,-1.0936052468878756,1.1834526299503858,-0.9667676164218438,0.27339062657160135,0.5057990377736437,-0.8789752274304216,-0.6343769928459315,0.08558374885521908,-0.2077704371916769,0.71044078043377,1.7139185609502274,1.100217458263851,-0.5210041295189697,-0.18660812661434006,-0.3929137019888178,-1.2104804520286392,1.1158476340445767,-0.059421035455516594,-0.7136934512833535,0.6177175556591484,0.28364776438997874,-0.7735950377359023,0.7297537709052907,1.3031545467309678,-2.125501028548144,-0.0843693708310462,-0.2168943304382987,-0.47053053508362536,-0.564618404666536,-0.30298911170375264,-0.36104957026694745,-0.09226553927193881,-0.3789574297633535,-0.1889406451384228,-0.2805277806612867,-0.22627863063810233,-0.16789457412041106,-0.1194957411143004,-0.1711534724157458,-0.29331703309012197,-0.23830992649976981,-0.18547173453098575,-0.1232948716050105,-0.15309097023168255,-0.5050960467941736,-0.45797385238731336,-1.185547876309211,-0.1808981911111381,-0.007868398539594996,-0.400796677093131,-0.4743420639703698,-0.5468846419569181,-0.7783453774757525,-0.40711037406469774,-0.6982208754395988,-0.24492650498741353,-0.6185677000086734,0.49925294265319053,-0.5921766866554226,0.2939565253401415,-0.025771630309305155,0.8622164663138532,3.2628724481220597,1.0911510942674378,-0.006281250095706342,1.4695557170360003,1.1181878968728742,1.0198842156310213,-1.0176202721622907,0.8925279584666408,-0.16429578523891344,-0.21162546105778862,-0.17282574530417336,0.13726520168596693,1.9913656807359181,-0.07871887565721612,0.9237693237641674,11,0,19,5,2,13,3,3,4,0
