random_state,nematode_shannon_z_r2,nematode_shannon_z_rmse,nematode_shannon_z_mae,macro_shannon_z_r2,macro_shannon_z_rmse,macro_shannon_z_mae,earthworm_shannon_z_r2,earthworm_shannon_z_rmse,earthworm_shannon_z_mae,orib_shannon_z_r2,orib_shannon_z_rmse,orib_shannon_z_mae,meso_shannon_z_r2,meso_shannon_z_rmse,meso_shannon_z_mae,coll_shannon_z_r2,coll_shannon_z_rmse,coll_shannon_z_mae,bac_shannon_z_r2,bac_shannon_z_rmse,bac_shannon_z_mae,fun_shannon_z_r2,fun_shannon_z_rmse,fun_shannon_z_mae,euk_shannon_z_r2,euk_shannon_z_rmse,euk_shannon_z_mae,oomy_shannon_z_r2,oomy_shannon_z_rmse,oomy_shannon_z_mae,cerc_shannon_z_r2,cerc_shannon_z_rmse,cerc_shannon_z_mae,macro_order_richness_z_r2,macro_order_richness_z_rmse,macro_order_richness_z_mae,earthworm_richness_z_r2,earthworm_richness_z_rmse,earthworm_richness_z_mae,orib_species_richness_z_r2,orib_species_richness_z_rmse,orib_species_richness_z_mae,meso_species_richness_z_r2,meso_species_richness_z_rmse,meso_species_richness_z_mae,coll_species_richness_z_r2,coll_species_richness_z_rmse,coll_species_richness_z_mae,bac_asv_richness_z_r2,bac_asv_richness_z_rmse,bac_asv_richness_z_mae,fun_asv_richness_z_r2,fun_asv_richness_z_rmse,fun_asv_richness_z_mae,euk_asv_richness_z_r2,euk_asv_richness_z_rmse,euk_asv_richness_z_mae,oomy_asv_richness_z_r2,oomy_asv_richness_z_rmse,oomy_asv_richness_z_mae,cerc_asv_richness_z_r2,cerc_asv_richness_z_rmse,cerc_asv_richness_z_mae
0,0.15321424385096116,0.9087905244798343,0.7253348653360675,0.2733379279247432,0.856193538771264,0.7205040715111266,0.4978523617105647,0.7073282460133723,0.5146338722936518,0.16774453170383707,1.043227893014034,0.8898165200437634,-0.17454857053693207,1.058384506591117,0.8782367818736112,-0.4502719008062612,0.7629144458449022,0.628939981548354,0.003316259150102141,0.9997170349743351,0.6720456517924306,-0.06122945199736596,1.178630373546238,0.9560790365489369,0.158604704989171,0.8895952150988382,0.631166689418293,0.07928375181398373,1.003074637632436,0.7402218496223179,-0.03705591097634686,0.9119456223161155,0.6391629001540662,0.3121363266621284,0.7595579749176716,0.6410703786597597,0.5489637291632707,0.6132955650895558,0.4509782200861639,0.21433291323465753,1.0605106591127937,0.7293690991569908,-0.0329862688027569,0.9802909553033355,0.7472787809954615,-0.5582996330466345,0.6427074429000366,0.5107395938361182,0.007310505330744954,1.0947880504801986,0.812222667709227,-0.023863786680218935,1.0905784208192975,0.8163604584893962,0.22734748727539855,0.7136189696564971,0.5236606150680619,0.1877940459900771,0.9051657445233497,0.7351578763814639,0.12779226868012794,0.9213945545926235,0.7596925389465736
1,0.15697788204036145,0.9067686625657043,0.7269676142776816,0.296755779360907,0.8422844550414705,0.7114112033121984,0.5126115486927213,0.6968557793901282,0.511561275575537,0.16320960172020516,1.0460662872425746,0.8882317190393781,-0.19101918420063235,1.06577949847971,0.8843760638393452,-0.4024252055296582,0.7502240399303843,0.6248563736452388,-0.007288547702939185,1.0050215029928122,0.6718014842251812,-0.03953290099656215,1.1665197637007139,0.938348849080635,0.16725731994970738,0.8850092514780044,0.6191929622635727,0.06839513834623301,1.0089885061825674,0.7386363371861536,-0.02943846490412083,0.9085902101753409,0.6292781180689023,0.3106852262826322,0.760358725291511,0.6352351449438343,0.5568169765571839,0.6079329016646841,0.44794693250442713,0.22365712258097536,1.0541988651994867,0.7160020235286368,-0.06538523158012133,0.995545371230221,0.7616915273960924,-0.5703183418247344,0.6451811893979487,0.5130904120782368,0.001177381955600021,1.0981648017946206,0.8132887743257053,-0.018753312810725564,1.0878532806763848,0.8114306041212974,0.22981944645632957,0.7124765090264655,0.5246713222487492,0.20563962163456528,0.8951664823131883,0.7386472078732154,0.11413240486595422,0.9285816197950453,0.7590401837593114
2,0.14337971255519766,0.9140526160904947,0.7312318714212772,0.27935175961729075,0.8526432630680754,0.7181435130074622,0.4793039218014272,0.7202735094330793,0.519944061818046,0.14876176920182316,1.0550582114048699,0.8992936302738465,-0.16764511150513117,1.0552695728972,0.8749780991138953,-0.4255350249396459,0.7563800546913214,0.6265117221025426,-0.014481401449442988,1.0086034524728411,0.6744846017299558,-0.04548668456242955,1.1698555360156075,0.9387531189847557,0.1598642136609375,0.8889291354820115,0.6278847736726694,0.09488349935131157,0.994540760521371,0.7327785983341362,-0.02144553173766095,0.9050560248643162,0.6282970883430212,0.3300707207863549,0.7495907525147667,0.6241337794855055,0.5456969707715168,0.6155125417860716,0.44614223974469946,0.21978095925063512,1.0568273166814381,0.719704923828268,-0.032431473286767654,0.9800276729700983,0.7480804887530141,-0.5457625900509502,0.6401168233480472,0.51018369521536,-0.007479361146354169,1.1029134033141417,0.8219646047417389,-0.01836651987182436,1.0876467469115727,0.8167862956301181,0.2611841299252413,0.6978183463143484,0.5126399583379493,0.15610220718756662,0.9226562990509529,0.7495956652655739,0.11616093114013404,0.927517842435786,0.7612262805071177
3,0.11906061644325072,0.9269366013878172,0.7381067950207902,0.27659455748349027,0.8542728136152397,0.7160013688252737,0.49737342944431884,0.7076654790872376,0.5132239183414429,0.15058234884510602,1.053929358419869,0.8957352974122555,-0.18574852955332988,1.0634186699575687,0.8800972555088334,-0.4183679112941836,0.7544762456930438,0.6260352657758094,-0.015361274708361572,1.0090407452935781,0.673550418778584,-0.035486957210633996,1.164247457226228,0.9389122457642511,0.17490085967549618,0.8809382474085449,0.6246776735341961,0.10853106642179244,0.9870143174525837,0.7316793025308915,-0.042332427161737796,0.9142626577834475,0.6393874733937293,0.3111710483934197,0.7600907314771476,0.6359579184241821,0.5395033803489726,0.6196940318459505,0.4564481642343026,0.22733722233230735,1.051697286585208,0.7172849184807911,-0.05449272774873082,0.9904430658474509,0.7540601673766276,-0.5722779977773456,0.6455836361245256,0.5108056179223385,-0.00660897069887767,1.1024368810385021,0.8216144855773496,-0.020423667013225177,1.0887447408827087,0.8163056584622271,0.23872907805305188,0.7083434725180907,0.5180614914989436,0.2060157122444748,0.8949545485515474,0.7364121140416952,0.10564914190347496,0.9330171770578103,0.7663479663217454
4,0.15197733245837197,0.9094540235703623,0.7276766609617893,0.2774080525674242,0.8537923484594967,0.7194521928594695,0.49943475121879677,0.70621288483851,0.5173993072963387,0.15536848020934002,1.0509559271406494,0.891009994007918,-0.18855842304160597,1.064677927287007,0.8779386293010215,-0.4116689753482532,0.752692445504338,0.6200949395384288,-0.015263999151710061,1.0089924091231688,0.6836570054431216,-0.014592274579990017,1.1524411500287983,0.9288284564428397,0.1748630606148689,0.8809584257454492,0.6238958041538271,0.08464408369262921,1.0001504676351693,0.7359893784394868,-0.04507242585928117,0.9154635387595762,0.632264379317256,0.30580367422355725,0.763046309124695,0.6387530669943582,0.5474729634713508,0.6143082616536281,0.45056775920184416,0.22255898545131658,1.054944183964614,0.7207406656741885,-0.05264168352646115,0.9895733779230075,0.7477967039571657,-0.43935612065793217,0.6176919970505829,0.49289524783630484,0.003700808752945872,1.096776722016956,0.8134077918017089,-0.017006722763371895,1.0869203517912673,0.8150022825314603,0.24659372890843656,0.7046750432871582,0.5128112334063141,0.1752571377993578,0.9121248930792593,0.7421690104789148,0.1186026540961419,0.9262357606549319,0.7602490898556824
5,0.11540951270977695,0.9288554861304116,0.7390852434675931,0.2706642969823738,0.8577672026922442,0.7103386712712827,0.5022252237442222,0.704241691491423,0.5070524354447671,0.15176819349269388,1.0531934230458917,0.8955381481552364,-0.18306415585280322,1.0622142701693373,0.8777167681129993,-0.3952145554333524,0.7482928943675503,0.6193351149846148,0.005713507164965326,0.9985140392863167,0.6792704327553146,-0.050757803274727564,1.1728009080392796,0.9411073582132893,0.15371729736733009,0.8921751670850238,0.635092061334869,0.09723498370747308,0.9932480164599986,0.7417578873775352,-0.029334437897747367,0.9085443015024389,0.6291107548303547,0.28509416301723167,0.7743444003641764,0.6496029556146771,0.5469334522879619,0.6146743474630797,0.45307202432305566,0.2268358287237272,1.0520384630951316,0.7213321052255355,-0.03930509747461608,0.9832846285726531,0.7460064107184617,-0.5200577899354428,0.6347721946264802,0.5087021861378654,-0.013399376404941377,1.1061490530497298,0.8236256517786894,-0.022304933893697365,1.0897478910087026,0.8204434879128526,0.258561011526809,0.699056028368883,0.5035554291587799,0.19534288878415196,0.9009495079411085,0.7349666895608438,0.12801114098683097,0.9212789397009251,0.7532702387002295
6,0.10135456488237249,0.9362055350309875,0.7453970755499585,0.2664479264725108,0.8602430531773535,0.721561182749189,0.4974838997908847,0.7075877072867776,0.5110224759696061,0.15480136385418264,1.0513086929728597,0.8918903898402581,-0.18442664592993707,1.062825750091175,0.8843752800304384,-0.40330040694796354,0.7504580968817611,0.620218720164805,-0.01138498402838728,1.0070630378320942,0.6704173765094741,-0.04510069559980234,1.1696395633892644,0.9472965734395532,0.1719106516273764,0.8825330899006125,0.623124311941054,0.1115818053073272,0.9853240154184728,0.7327436772102892,-0.0393108437123415,0.9129365329332333,0.634917550725761,0.2966802724892327,0.768044069766135,0.6428310046640073,0.5540041678751011,0.6098590745554224,0.4495476962711796,0.21708617428561128,1.0586508222325763,0.7214178120353177,-0.05735159065947237,0.9917847651795556,0.7535085388065991,-0.5693864543628695,0.6449897232885975,0.5134051849479812,-0.006642711492228726,1.102455357320936,0.8197070181582993,-0.01948458978103984,1.0882436496366263,0.8161438730076034,0.23987169732240166,0.7078116836319812,0.5128074687550246,0.20125523523289846,0.8976334703368278,0.738657061178628,0.10414559042734883,0.9338011256810262,0.7606751514679148
7,0.14361641923932533,0.9139263189926085,0.7261845312871237,0.2787827381800687,0.852979818777917,0.714633218666985,0.5009424214595853,0.7051485489786657,0.5112150674887401,0.15675180936653166,1.0500949518555727,0.8930366044560912,-0.20803526048478238,1.0733658871420235,0.8906104008661448,-0.49885156981173107,0.775586847512357,0.6406929796169618,0.003683947122044451,0.9995326144697322,0.669770044179694,-0.04050702335354561,1.1670661951303394,0.9423666662906227,0.1702490779910587,0.8834180541077211,0.6253587371561273,0.0848921590104722,1.0000149304885915,0.7396449317837773,-0.026270849442411315,0.9071912524506097,0.6348787328492507,0.2889404068293725,0.772258577374776,0.6476343839714978,0.5569676867616817,0.6078295250937208,0.4465201551443942,0.22117370036500406,1.0558836430347507,0.7209636508083692,-0.06091497816013369,0.99345456966509,0.7547124269414864,-0.5902041452938018,0.6492534793907215,0.5193854713501506,-0.0021962633569674317,1.1000178312374955,0.8191626144342964,-0.01591398565371427,1.0863362664609153,0.8184404964361719,0.24643875240970714,0.7047475157762144,0.5139803316327697,0.16855273866623066,0.9158247564218436,0.7475471841786141,0.12815759222305012,0.9212015716796561,0.7507950516891813
8,0.10614590090074472,0.9337064012114913,0.7469530642085644,0.2942440679214191,0.8437872685763771,0.7128989923563973,0.5081028416062181,0.7000715775130947,0.5032524227303948,0.15920344535531505,1.0485673324959455,0.8922017639427399,-0.1881258624893407,1.0644841717371745,0.8808288284780789,-0.413403777711451,0.753154796004272,0.6238860474503358,0.0101658789468827,0.9962758796037746,0.6716396411758047,-0.05214924482773653,1.1735771782811504,0.9440663728787565,0.1610146595336307,0.888320296286067,0.6240619320204025,0.12375411500415845,0.9785507218108467,0.7290330418677302,-0.015719443674317102,0.9025156476375943,0.6219072128718475,0.3087735060086584,0.7614123707417876,0.6384907770437632,0.5552472613256045,0.6090085724180153,0.44938361355309264,0.22065661921845425,1.056234097900779,0.717742699648481,-0.03486444650803966,0.9811817340735878,0.7382882334271271,-0.5921733513506464,0.6496553517935395,0.5185621058512582,0.020486038780236693,1.0874984603380886,0.8104035653747255,-0.027650791456985457,1.0925934416734073,0.8195872890754171,0.23015338752489856,0.712322031636957,0.5217171293687053,0.17993007737738476,0.9095372022008917,0.7407231270137025,0.133774985782233,0.918229065358634,0.749923269466179
9,0.1475197191578992,0.911841153672274,0.7280863354252255,0.264864217516382,0.8611711673098165,0.7248152987976139,0.4989582790326035,0.7065489157179342,0.5079939683291359,0.16350941653771278,1.0458788721676164,0.8891763893705381,-0.17805671787645316,1.0599639220952917,0.8841940675173026,-0.44669595468069945,0.7619733034525523,0.6303484901678723,0.015707876515408614,0.9934829325326586,0.6598392482861897,-0.044959473878380285,1.1695605355531464,0.9480059181443341,0.16044372014027575,0.8886225010868946,0.6270584602104953,0.10798914309595498,0.987314274521698,0.7303025233189067,-0.01137323590630257,0.9005826701766764,0.6301443278797174,0.2966747597426991,0.7680470797940219,0.6456054323482852,0.545219406564563,0.6158359707874312,0.4548174311560112,0.23657844112844262,1.04538910120779,0.7124760490676585,-0.058848617223515864,0.9924866144956587,0.7581780901962162,-0.597179649953685,0.6506759115425577,0.5166632268937313,-0.008568338503646578,1.1035093080015446,0.8201537940743614,-0.008939906064802772,1.082601086691528,0.8125419307467486,0.2436363949864141,0.7060567137482902,0.5152076164133448,0.19607851529575826,0.9005375847256897,0.735227346884222,0.11333467440181932,0.9289996230955094,0.7617290237454636
10,0.12532603792970243,0.923634437930491,0.7319583828461691,0.28180100672600106,0.8511931024056963,0.7194175747953198,0.49281270733177973,0.7108688287402022,0.5144473694320623,0.15839325453396969,1.04907241013232,0.8886057985087836,-0.18051088092416978,1.0610674219821081,0.8799560440233517,-0.4312575911438863,0.7578967132159787,0.6262460599312116,0.026206821293094373,0.9881702383606794,0.6675789334753675,-0.0630057957397645,1.1796163890114484,0.9478679958631988,0.16065828268584492,0.8885089427145003,0.6322257220220642,0.10110459078026779,0.9911170039603963,0.7265196777486325,-0.028977178907710455,0.9083866201033717,0.6318567404208159,0.34056521162910525,0.7436963806503578,0.6266344549909891,0.5484236592550599,0.6136626346679817,0.4510647035165495,0.23305112718712306,1.0478013765651677,0.7169151776599323,-0.034478943767332515,0.9809989644938317,0.7441881281225305,-0.5211009269613953,0.6349899629317486,0.5069718013965111,-0.001225707542652943,1.0994850576945991,0.8191921092843779,-0.01685546563798268,1.086839521174522,0.8118498369158319,0.25476364859092115,0.7008438890363622,0.5101976360545104,0.1846019588062091,0.9069427166166525,0.7368593328858362,0.12486014511278987,0.9229419932670028,0.7503380957137789
11,0.1497710718300579,0.9106362969504131,0.7262369789556381,0.27511170416438435,0.8551479195433735,0.7132034624263889,0.4957546875594867,0.7088041046482993,0.5183814406132342,0.15644855785724476,1.050283754071739,0.8979431566876223,-0.18593354571486365,1.0635016310413246,0.8812389597601868,-0.41864492794673924,0.7545499192013256,0.6168354257541075,0.0025499621954712115,1.0001012756793084,0.668404246352485,-0.031091307463544604,1.161773709656869,0.9402686736566718,0.16171877706370075,0.8879474571245206,0.6238640826979321,0.08483414862724925,1.0000466263868326,0.7365363423133846,-0.051158807375554005,0.9181254458640562,0.6364781375356601,0.3145907722942335,0.758201630739147,0.632463397455298,0.5220957984882535,0.6312981470620812,0.4560094893400348,0.24222174233107086,1.0415181151623607,0.7075639040266984,-0.03891580911139525,0.9831004588252447,0.7487953480845668,-0.587931679757361,0.6487894088997372,0.5151275573360625,0.0029618061634278936,1.097183412396737,0.8145666514502554,-0.017980436057766003,1.08744055267595,0.818457452628204,0.21475286310351427,0.7194116331252554,0.5287500016671122,0.1893825134918673,0.9042801747639628,0.7364490545385433,0.11855626551715204,0.9262601345628054,0.7576842168042153
12,0.15743177005980735,0.9065245249347864,0.7281378587304727,0.27433139615710544,0.855608058916521,0.7196912727596977,0.5273555833297494,0.6862345108800164,0.49727328911798024,0.1659219960420174,1.0443695378187605,0.8915945613059628,-0.18333840449788918,1.0623373801218083,0.8805064259234316,-0.42403974114885257,0.7559832564518918,0.6243710572427915,0.02400937362248745,0.9892845554451917,0.6649333003302489,-0.03681525689400811,1.1649939533031122,0.9391516938569613,0.17346454033675562,0.8817046755871125,0.6270216570453422,0.1157422084607207,0.9830142047484469,0.7353357583037218,-0.02501412966103378,0.9066356318609247,0.6343697281381931,0.30483059752492825,0.7635809147836093,0.6397370171077382,0.5448956411524523,0.6160551434124366,0.45101867090279557,0.22842773662113014,1.0509548566986942,0.7141754762185689,-0.04509228984299707,0.9860184541387154,0.7421509077680913,-0.5501836851191695,0.6410315811113967,0.5089560223465058,0.009865481773286167,1.0933782643189,0.8130850752477919,-0.01270161963105898,1.0846173843576856,0.8117084392383895,0.24201517114311177,0.7068130055902355,0.5160200928979235,0.19116085354037815,0.9032877210967231,0.7317201708598585,0.1218031437913153,0.9245525788450104,0.752553594945972
13,0.1509085096667948,0.9100269676283812,0.7292810728321703,0.2653687084844216,0.8608756248751829,0.7167632449908162,0.4922771508076317,0.7112440451506473,0.5142219513271352,0.1509585823938342,1.0536959234894918,0.898774954507924,-0.18770353857749256,1.0642949674238913,0.8804316383594798,-0.4838211201217719,0.7716882654679138,0.6345373587008973,-0.0012607584120714055,1.0020098792613352,0.6695724212277977,-0.02269241957769852,1.1570323453994782,0.9336953895336771,0.16865888567718224,0.8842641707797477,0.6306134019537158,0.08805986032749935,0.9982826238883229,0.7379832992257924,-0.01940961114299755,0.9041536070521222,0.6302723802145958,0.31456715464144525,0.7582146935838529,0.6356202688374566,0.5489507517215746,0.6133043880498186,0.4509293264172876,0.24467119071913856,1.0398334470115187,0.7118533784488651,-0.039059991215807166,0.983168674446854,0.7505795277990714,-0.5658357100544043,0.6442596639575843,0.5136173936096594,-0.003403686886257251,1.1006802701523257,0.8177982649989824,-0.021630496023233192,1.0893883659388104,0.8199486160339371,0.25327179785425946,0.7015450301794921,0.5144783531554659,0.18230653568041433,0.9082183845178123,0.7373201930031009,0.10659853707521572,0.9325218249261907,0.7613153447368216
14,0.15637434796152683,0.9070931901573367,0.728645490456435,0.2714004035734404,0.8573342282150574,0.7206466208514748,0.5084617233000397,0.6998161494100407,0.50758323566399,0.15683092968058976,1.0500456865311438,0.8947146935201122,-0.18291442241439348,1.062147048951027,0.883295566820313,-0.4615444751678235,0.7658736713039659,0.6343243380580217,0.006838066546796306,0.9979492091185294,0.6662287870701445,-0.03674405554128901,1.1649539507235898,0.9401229187343438,0.16361503563959345,0.8869425847602433,0.6259394989669684,0.0919813238924273,0.9961339376407923,0.7423528058377366,-0.022185399335147737,0.9053837468976476,0.6272109226518731,0.3008819657066806,0.7657464520502059,0.6406487964686151,0.5448631891849225,0.6160771074353474,0.4499929204066142,0.25527678045000646,1.0325074770232345,0.7046666677732747,-0.04086587554899679,0.9840226762088439,0.7537843430189693,-0.6158101466595949,0.6544598532128227,0.5164420127293545,-0.008365954584752977,1.103398584843471,0.8134055380075075,-0.01878554361107554,1.087870489015313,0.8167413800009522,0.2332079973205513,0.7109074456196003,0.5179798986296363,0.19241327041841128,0.9025881190441984,0.7300631318794295,0.1285790860946845,0.9209788664328928,0.749394787413447
15,0.15352801622556023,0.9086221349082964,0.7220185009826555,0.2671595374185327,0.8598256956855757,0.7194322760272494,0.5205213205277321,0.6911780527081325,0.5017242006526892,0.17141191299236713,1.0409268336097528,0.8867469156604822,-0.1849281818941213,1.0630507487952587,0.8785698227907125,-0.46708072834778447,0.7673228447353337,0.6337946494886143,-0.0031470812099096968,1.0029533021817114,0.6722534699947589,-0.04032004896535124,1.1669613321708865,0.9397989333819562,0.165641673855061,0.8858673610179341,0.6269782627475363,0.06286122164828145,1.0119808643704904,0.7480721035042774,-0.004908259261465098,0.8976996691587793,0.6235334827807856,0.31835059448548864,0.7561192080387692,0.6322979995217393,0.5466463734125275,0.6148690562507345,0.45122394905455127,0.21153779825040697,1.0623954380069898,0.7284799531283275,-0.04906279238147215,0.9878897134595168,0.7538097625693189,-0.5533745829318295,0.6416909915976288,0.5096572944629894,-0.02922926572897433,1.1147549227840767,0.8255318047245076,-0.013199576596922613,1.0848840109707165,0.8168339213871942,0.23880482203860975,0.7083082327034329,0.5153460357633353,0.17891555574383133,0.9100996298265078,0.7452035025523175,0.12562850616138033,0.9225367389532054,0.7553514407494425
16,0.1372026181899263,0.9173423158588684,0.7372328311144354,0.2728111952175474,0.8565037953964095,0.7170775842036806,0.5167298830653427,0.6939053880351911,0.4948482050491013,0.14867942512956678,1.0551092404150424,0.8979658521951029,-0.19010813417002836,1.0653717954754107,0.8800640567693581,-0.45152025599097056,0.7632427233713541,0.6270170737206122,-0.004531468558956808,1.0036451235406918,0.6730822387704803,-0.020340187361253426,1.1557009697776786,0.9299418552009387,0.15510692221842703,0.8914423752283989,0.636125125261215,0.12190324093851956,0.9795836617465996,0.7314647095111725,-0.013078329801163191,0.9013415054355115,0.630807343761441,0.32313761918233175,0.7534595280873683,0.6290206864180009,0.5303514084220236,0.6258216775997998,0.4552947029488541,0.2257339154227891,1.0527878785945763,0.728898664066988,-0.04577626819120084,0.9863410596016888,0.7556315696660469,-0.5727560871328601,0.6456817813652679,0.5122083528748529,-0.014831829299050359,1.1069305548518003,0.8183757187737265,-0.013130837963644337,1.084847209381588,0.8110736756721693,0.20573032610013364,0.7235328701669144,0.5235316493903497,0.1896204452391873,0.9041474532546697,0.7447408218683136,0.10220483889133791,0.9348120575336718,0.7642037151268448
17,0.17053063397526325,0.8994503472621851,0.7182264318591086,0.27878085343988224,0.8529809333132847,0.7146464540065802,0.5082237129833396,0.6999855597214919,0.5078548856915597,0.15885909444776203,1.0487820325611896,0.892705591828765,-0.18218164630332856,1.0618180156153438,0.8794858481857519,-0.3965387695554985,0.7486479168288754,0.6151012587294615,-0.002891175222122566,1.0028253657448711,0.6704535391086771,-0.05351024825830453,1.1743359710002705,0.9455823473762527,0.1552010245680071,0.8913927303915886,0.6395535585407868,0.10501683183445365,0.988957844633275,0.7294685508951809,-0.046154668772499186,0.9159374281940479,0.6354238730357603,0.29634285735345745,0.7682282808794193,0.644763921559747,0.5648243335923022,0.6024158525973388,0.440821130447057,0.23306958067381278,1.0477887709627927,0.7267248810286763,-0.0672198466934304,0.9964021772536923,0.7556307622317071,-0.5089622101351827,0.6324512087030693,0.503674884296254,-0.017627598745256767,1.1084542526931798,0.8221900000633487,-0.016091384712662693,1.0864311104249935,0.8127809730275432,0.24835468151097628,0.7038510354823083,0.5071493846255816,0.18336144963739298,0.9076323449430468,0.7388938845666664,0.11322614169418543,0.9290564786848301,0.7610381718024634
18,0.1349801804500147,0.9185230247043037,0.7347819430819055,0.27929756429013874,0.8526753233779835,0.7169314333504074,0.5053474767692064,0.7020295669571519,0.5128891305403386,0.13634563369272978,1.0627248800022506,0.9045139544780578,-0.17997065066710904,1.0608246091752473,0.8771510843494192,-0.4422556655095795,0.7608030568951307,0.6310455688376815,-0.004790576423725712,1.0037745548157866,0.6783859296283328,-0.022485338318521952,1.1569151978385142,0.9391832547209548,0.16503195054217557,0.88619098416817,0.6257875460741151,0.10317192856320112,0.9899766304220785,0.7356244139875275,-0.02697211680932976,0.9075011487025274,0.6320070331838517,0.3052762070090165,0.7633361446304798,0.6393930067952012,0.5570147210044195,0.6077972593205588,0.447203806067877,0.2311939115636653,1.0490692683982659,0.7107397106883901,-0.055260032571856854,0.9908033497653971,0.7559277267454698,-0.5279117140621519,0.6364099709952115,0.5056960171684599,0.00038529642077400617,1.098600148400184,0.812116450814986,-0.009839356922298093,1.0830835383952586,0.808767000179948,0.2178706529956821,0.7179820162239655,0.5194963260131326,0.19306047861808528,0.9022263749147332,0.7376926135113278,0.126322515462576,0.9221705466781325,0.7550097759628719
19,0.12706722724664543,0.9227146531624087,0.7376611920084221,0.27867375181425647,0.8530442651408412,0.7125582186904621,0.5046809206747687,0.7025024085274454,0.5065661651580409,0.16793441000961218,1.043108880492037,0.8877180259228763,-0.1998589307256906,1.0697272955583588,0.886964628518175,-0.417758194449928,0.7543140641040272,0.6228213377419325,-0.010068364982812161,1.0064073279900172,0.6741280876164242,-0.033412973424011616,1.163080933295016,0.9337629973045873,0.18004690070282336,0.8781867992810545,0.6185223980426509,0.09868331805325226,0.9924509471045735,0.7299350280314602,-0.06006257225517242,0.9220057040210401,0.641083767007879,0.2931181233715523,0.7699865946141352,0.6431702676143924,0.5502663214609687,0.6124093262743425,0.4466679118005065,0.23656774357833255,1.0453964255117665,0.7221349915840174,-0.06240132815929944,0.9941502448142574,0.7569510402989064,-0.6262676153017854,0.6565742586622033,0.5184154350833595,0.0035942829705587487,1.096835354943976,0.812534284768181,-0.01061566993380425,1.0834997681185334,0.8135372843162302,0.2531099505029939,0.7016210531908593,0.5127731760028927,0.20469231688564327,0.8957000831931173,0.7214591778453037,0.12132750389836444,0.9248029182528978,0.7575463512343731
20,0.13781437301736232,0.9170170436031511,0.7315286758696664,0.29020297655735816,0.8461995432279407,0.7123148095328726,0.5086343440608163,0.699693256229865,0.507357990309752,0.15569220792575622,1.0507545042949598,0.8985925249588864,-0.18758141262127737,1.0642402477999284,0.8844727604033101,-0.3987994557358989,0.7492536191773629,0.6214471748815004,-0.00907264249408124,1.0059111489524015,0.6754730490037927,-0.036047172868195254,1.1645623532552685,0.9415765263277106,0.1708801643194785,0.8830820381485078,0.6194328202350918,0.07688582592448046,1.0043799988582116,0.7444255036025526,-0.004453243537401397,0.8974964099510394,0.6194526510858412,0.3135473010146439,0.7587785566875384,0.6394732100464016,0.5341187885701071,0.6233065466343439,0.45742155910648347,0.22038284605059655,1.0564196022441055,0.7265015277454847,-0.04259935487185751,0.9848417410767644,0.750049742188361,-0.5314559696608641,0.6371476749585949,0.5072941230759317,-0.01412652986231877,1.1065458343644021,0.8221408600263425,-0.022373574316990608,1.0897844747610161,0.8163461046324402,0.24526036447259736,0.7052983280462592,0.5151948831432814,0.18215575306811282,0.9083021183581942,0.7347721040728925,0.12236545175295721,0.924256536722385,0.7548011624329384
21,0.1510651011553591,0.90994304908139,0.7260735012554616,0.2754398712690538,0.8549543288983944,0.7131853882194967,0.49853248577811027,0.7068490702373893,0.5153580501703819,0.16331649093397582,1.0459994743500463,0.8929678242876168,-0.17154790355115934,1.0570316930522228,0.8753794236428997,-0.41571572653539457,0.75377052375936,0.6243561781643443,-0.012145257377234486,1.0074414789638262,0.6763069129030629,-0.031825135942677996,1.1621870537484282,0.9347289675976703,0.16952967848962008,0.8838009357642734,0.6196476827451456,0.08734008304673546,0.9986765090757156,0.7414086902682586,-0.003751443412203237,0.8971828198686096,0.6230161499915654,0.325013815823159,0.7524145451981982,0.6354544333817578,0.5474835896261857,0.6143010490757056,0.44649221010455414,0.2166451593344968,1.058948948983797,0.7168103835648211,-0.04589220803356042,0.9863957333694416,0.7492563529451424,-0.5467941206371358,0.6403303716522402,0.5076760194519261,-0.007935884238177593,1.1031632587605056,0.82155081612028,-0.01854799686334241,1.0877436540971448,0.8122879717399866,0.23820584268490397,0.7085868593883645,0.5116279341204516,0.20874316113204017,0.8934160781560342,0.7340957160731375,0.13540022503153848,0.9173672554681329,0.7460065023990089
22,0.15338263799411866,0.9087001576960493,0.7262604349105765,0.2657494345754998,0.8606525195624499,0.7203476166400138,0.4987455154086329,0.706698915155119,0.5090398897908367,0.1571417723674462,1.0498521137815469,0.8947276925914383,-0.1865819818829788,1.0637923381746537,0.879179966176695,-0.4197323351932476,0.7548390492940165,0.6272432322577681,0.010521631155845923,0.996096829806991,0.6698884893079724,-0.030318393721091574,1.1613381909011185,0.9373675722945596,0.15619645664512882,0.890867408699059,0.63305302238263,0.08236712443872429,1.001393638393406,0.7420407648799967,-0.05094515620769391,0.9180321352525475,0.63878292079918,0.30535796326632625,0.7632912279722001,0.6390257538596539,0.5597151347942221,0.605941878164188,0.43717339828407026,0.21725077096109768,1.0585395331229024,0.7221108509678191,-0.046982449436239415,0.9869097105045076,0.7473959622734242,-0.5893779745093959,0.6490848016944399,0.5186548919903007,0.006631100991697614,1.0951626270890498,0.8180700384484763,-0.027587430348999797,1.0925597585396352,0.8195282190185174,0.24590089976796758,0.7049989768896155,0.5151324066389763,0.19579493548246185,0.9006964010830271,0.7329659859647188,0.14083904341702236,0.9144773257343431,0.7446380876290163
23,0.14274471533686472,0.9143913387153807,0.7328764348637953,0.2744209537172778,0.8555552603428034,0.7187050175583137,0.501145966029564,0.7050047341142037,0.5103067935220831,0.1626467885855929,1.046418012648449,0.8918116478956232,-0.16707784586724017,1.0550132060934552,0.8731183538612023,-0.41138663370177486,0.7526171704025804,0.6273392670512077,-0.004238531679373159,1.0034987736665948,0.6788843656540655,-0.03500512486923779,1.1639765521475203,0.9380178943873633,0.16605345421128637,0.8856487332503901,0.6277173705563462,0.10008681189406543,0.9916779438508506,0.7383109169774499,-0.03416302053932707,0.9106727877885429,0.6359535331884189,0.2812518659356712,0.7764224882118038,0.6444509998248104,0.5600966224911781,0.6056793101270453,0.44827808335804115,0.2211506128410955,1.0558992932241473,0.7172648876056872,-0.026652012967771865,0.9772807691100702,0.7462775398262734,-0.5368568235584315,0.6382701730960877,0.50735014211884,0.006410803979414403,1.0952840561374457,0.8137899677141471,-0.019548428464086554,1.0882777212423165,0.8165326319713453,0.21696719251618846,0.7183965775515071,0.5241985296041659,0.18618470095564243,0.9060620708165099,0.7397722007377453,0.1172886144758889,0.9269259472067184,0.756903409936853
24,0.1169275227787342,0.9280581581935919,0.7317623124532942,0.26897757630117836,0.8587585007568943,0.7122531100370963,0.5036824893786571,0.7032100809311975,0.508080484662169,0.15914519769565327,1.0486036525397289,0.896102269113336,-0.1841580894997894,1.0627052509147905,0.8884301249581346,-0.42048418147332134,0.7550388925325783,0.6271496101403863,-0.01850141528935989,1.010599837547879,0.6781896534789991,-0.04087446139094131,1.1672722421109065,0.9485449678953484,0.1592128007373962,0.8892736915252101,0.6313333526681885,0.0839495354144345,1.0005298397743052,0.7373556990822565,-0.014791118184618979,0.9021031224031959,0.6300947110687388,0.3133480410311338,0.7588886758789545,0.6340229914237564,0.5314939272738591,0.6250599927337248,0.4582415612409301,0.2238143168499107,1.0540921324567385,0.7238224661261973,-0.05820391260912472,0.9921844192064273,0.7578867476065555,-0.5508796480346745,0.6411754621720994,0.5058482472875184,0.0013046489261115957,1.0980948371396566,0.8129113979425959,-0.01635672951811995,1.0865729579192032,0.8162110492328633,0.23592080185783748,0.7096487850571234,0.5208819671046576,0.1842847472090332,0.9071191119221073,0.7410045033002547,0.11217272421025581,0.9296081378545125,0.7558574972013058
25,0.11374602979304305,0.9297284378105417,0.7406958732782882,0.267340131733801,0.8597197454765714,0.721378458853561,0.5185117317813693,0.6926249692889757,0.4966782668720064,0.15094309373439774,1.053705534482866,0.8971823399491,-0.17101757234279003,1.056792419716663,0.8760972179328758,-0.4460713686130928,0.7618088012687602,0.6354640483227398,0.001905499770077701,1.0004243112169364,0.6732483936875595,-0.052316216515245095,1.1736702954834783,0.9416915291275542,0.1563988390277351,0.8907605670756396,0.6266162805971754,0.07215776440444355,1.0069488605686219,0.7471478373576855,-0.009069005137094077,0.899556177910009,0.6296623445107812,0.2854127185528803,0.7741718607321982,0.6493941954070741,0.5475227745619817,0.6142744512908042,0.4492750779572399,0.23403766319479724,1.0471272596514911,0.7119326021279255,-0.02298469403806158,0.9755337279688988,0.7376802902768859,-0.5567325690745326,0.6423842005044573,0.5135207598565579,0.004704782432489951,1.0962239701352792,0.8145507501169722,-0.021664532935226966,1.0894065129632244,0.8203995909449874,0.23792609097975737,0.7087169537090359,0.5171451486269333,0.1861773406079561,0.9060661681324461,0.7491901937364046,0.11669042117313555,0.9272399722634488,0.7509002850032276
26,0.161529961743605,0.904317202331131,0.7226283721003468,0.262317090609389,0.8626617868300644,0.7282306869795614,0.48130305843513577,0.7188894871842529,0.5211384836059642,0.16851291245898115,1.0427462011712827,0.8834681354267754,-0.18853569638866308,1.0646677482832037,0.881775732764098,-0.45208466833684247,0.7633910994431369,0.6356109593780235,-0.003690147087380913,1.0032247459357557,0.6679211780032606,-0.04526595092824515,1.169732033679792,0.9455822402855325,0.16925295193286483,0.8839481721031714,0.6322042708860905,0.09152998228489573,0.996381477063207,0.7357515901756376,-0.011551914627425441,0.9006622193715234,0.6232440050510056,0.3164835255372892,0.7571540224966722,0.6347146677762677,0.5418092043027795,0.6181406018127122,0.4564032514261502,0.22862149741512117,1.0508228880917845,0.7090601842437421,-0.050521603785568914,0.9885763473434792,0.7524391581198119,-0.5983696373664427,0.6509182612290356,0.5151241701015127,0.01810057589275338,1.0888218767463709,0.809064529781062,-0.01488296624018215,1.085784882134933,0.8144125913876025,0.2275867540889589,0.7135084681342403,0.5188255254639793,0.1904018322531842,0.9037114480148666,0.7432976379400286,0.1328819758343729,0.9187022544546914,0.7526552515767222
27,0.14558872604150896,0.9128732966225261,0.7300875553222022,0.2736144069765801,0.8560306418018003,0.7219971267015568,0.5095018672623244,0.6990753169384976,0.5093584637946207,0.17893951533051933,1.0361877109975204,0.8850913423296874,-0.19025071666055937,1.0654356127076878,0.8807977678954741,-0.39293954856926594,0.7476825703161918,0.6200170548871256,0.017173246602536163,0.992743130607826,0.6635780406023222,-0.04061981887268451,1.1671294509599515,0.9441911134137972,0.16879661432906967,0.8841909195266444,0.620542270077322,0.07623657799909067,1.004733138822545,0.7438917521732912,-0.02691068718569345,0.9074740066376272,0.626748230745939,0.30917686357574004,0.7611901814438621,0.6416686531984324,0.5459995453833353,0.615307536012003,0.45645587836122026,0.218467584008612,1.0577164434057023,0.7155717985532039,-0.06670088917088002,0.9961598873057899,0.7548979652753066,-0.5917602835677014,0.6495710741918178,0.5150617009612333,0.009240784243917055,1.0937231280657114,0.8144690778025868,-0.028757345971488046,1.0931815251594372,0.8183002315512121,0.2219843683149807,0.716091365043492,0.5229007013629151,0.17390438064863145,0.9128726279087396,0.750139843368649,0.1148351761552876,0.928213218251475,0.7546779366430846
28,0.13258682307219127,0.9197928426285975,0.7296111399721538,0.28140576223872915,0.8514272875762735,0.7144479631113866,0.5034198128715965,0.7033961436127686,0.5130277942780918,0.1516467751283005,1.0532687989313458,0.8979040939102197,-0.177309920841757,1.0596279011756298,0.8808003397465257,-0.3927004909342582,0.7476184085596074,0.617434790260579,-0.0016547846125285481,1.002207020369018,0.6776744731572594,-0.042357856764352775,1.1681037111441903,0.9429469108113915,0.17539174728069018,0.8806761540525968,0.6214652397937029,0.08584065806746821,0.9994965439748112,0.7389926447811195,-0.05837210680076166,0.9212702565557133,0.6413353393637644,0.3173939055259545,0.7566496253319922,0.6354606625149238,0.5529838679824242,0.6105562600867036,0.4423478523064343,0.22885142018071614,1.0506662684100538,0.7222449530871112,-0.04651375704564531,0.9866887856693034,0.7513479000600339,-0.5002264259304292,0.6306178371199046,0.5059858922841501,0.005530833419368553,1.0957689670149582,0.8129573842476469,-0.019403099820538783,1.088200155745151,0.8147849146611161,0.24891800621582771,0.7035872335373811,0.5123481068224525,0.18272628717656303,0.9079852439956052,0.7429749618049295,0.11542719645894683,0.9279027602607074,0.7595183904944228
29,0.1364420171032944,0.9177465694373874,0.725109507620293,0.28072980814207515,0.8518276459792905,0.7175907461437454,0.4997666438695503,0.7059787238260157,0.5154945564896782,0.15061467599859468,1.053909302997039,0.8950455403575832,-0.19590513400993848,1.067963348905865,0.8864908438597174,-0.3966528944182224,0.7486785058813061,0.6141481711090524,0.012432887279646088,0.9951343446995828,0.6699234274337379,-0.026813443597256015,1.1593611806518818,0.9360102732130451,0.16666597896620305,0.8853234237779964,0.6261595458564406,0.08073514431209672,1.0022837157809028,0.7387747831695344,-0.047555278251831146,0.9165503593349551,0.6374357821286928,0.306678167839478,0.7625655449805847,0.6411431611401669,0.5476843649481915,0.6141647554830072,0.45201023267448537,0.2420353387651175,1.041646207220316,0.7125217807273997,-0.04307721382592922,0.9850674085537692,0.751878669572806,-0.5693623855299226,0.6449847773400132,0.5125979861572602,0.02201981206435022,1.0866466962931547,0.809005897552592,-0.02401380609320003,1.0906583152075913,0.8188238701990634,0.22680836145397865,0.7138678935374895,0.5250227478537454,0.18888844893988155,0.90455570837354,0.736177100182453,0.1073756071643247,0.9321161884425133,0.7604131033172219
30,0.15258817665982372,0.909126417473132,0.7293776034748372,0.2764455856731943,0.8543607698351479,0.7100349055191633,0.49891947250759416,0.7065762768898037,0.5077104244280315,0.17136341864760174,1.0409572940562444,0.8870704429296639,-0.1875990535399934,1.0642481521447533,0.8817773714478531,-0.38886830414472096,0.7465891179895993,0.6181151390801647,0.0002518204999837348,1.0012527379099203,0.6720417502771577,-0.03508541088385164,1.1640216964777446,0.9352289245937477,0.16215339017193175,0.8877172458143786,0.6281757663437672,0.10894540555966292,0.9867849173152349,0.7296818317694088,-0.043623009713734895,0.9148284880267422,0.6361640624871123,0.3119948737232753,0.7596360690145908,0.6322503662455974,0.5308594749925978,0.6254830785728558,0.4603092867535723,0.23224721867216014,1.0483503804569574,0.7171715025785044,-0.056774463538099784,0.9915140586244626,0.7537301799514411,-0.49465798069028066,0.6294464054642103,0.4970426354857587,-0.004755210540096533,1.1014212953507714,0.8172948717415203,0.0014478722866506644,1.0770135804203242,0.8142742295471993,0.23646631191779932,0.7093954149401623,0.5183690870786497,0.1832461995024116,0.9076963886131816,0.7358422925192024,0.0990800153667385,0.9364374758184794,0.7626306187065491
31,0.1313523069762894,0.9204471417397462,0.7272612647197425,0.27289755348166955,0.8564529362683424,0.716734382201922,0.5115472828923533,0.6976161947738085,0.49965242687739597,0.15750042405926856,1.0496287243144973,0.8903166202090366,-0.19826748445653308,1.0690176378026064,0.8844325913173735,-0.43317909259536447,0.7584052908441719,0.6295684028481264,0.0013202978836729384,1.0007175521896012,0.6731391118879674,-0.022387069895323464,1.1568596024379216,0.9333482386146166,0.17000253362969509,0.8835492896132836,0.6241642632777165,0.08764303976295984,0.998510740390912,0.7390517599121514,-0.024716438714200928,0.9065039669350365,0.6269266684766747,0.3050940382980588,0.7634362181045476,0.6419942264421792,0.5259380619211809,0.628755264147692,0.46352971091235173,0.22089456881194935,1.056072840573488,0.7175726789109103,-0.03788426764774644,0.9826122764672431,0.7487795365491237,-0.558909695443147,0.6428332381151696,0.5051137342524085,0.017344119741974584,1.0892412106477005,0.8123891340083284,-0.02564309719034341,1.0915256343763116,0.8119261777755892,0.25431713578368564,0.7010538149957167,0.5100969493142817,0.16356150763344102,0.9185695206001369,0.7527729449032761,0.12092406189577554,0.9250152052683446,0.7538544946748367
32,0.14666015555420908,0.9123007467037484,0.7239781006133008,0.26766330169685326,0.8595301170726571,0.7212358049960435,0.48379155758034287,0.7171629426782953,0.524684082880559,0.17013852551784947,1.0417263830721963,0.886387591571394,-0.1816139075739187,1.0615630177443687,0.8740915613920123,-0.45285158756267396,0.7635926655231003,0.6340287512625854,-0.03760862772820195,1.020035279586445,0.6953094082260057,-0.049768459713149804,1.1722486512423507,0.9456929650048739,0.1766931354998793,0.8799809426497209,0.6259762636348573,0.08220012795354392,1.001484754140612,0.7351085692657391,-0.024880125921991958,0.9065763660751417,0.6343921111663107,0.32305382203977184,0.7535061666680075,0.6275447350708964,0.5335567480507529,0.6236824127697812,0.4630968825867531,0.24322447574578254,1.0408287903338544,0.7107161933947175,-0.03722565927563504,0.9823004597306144,0.739905471633234,-0.5184032048597595,0.6344266253424131,0.5046929427698696,-0.012675648358677183,1.1057539994840337,0.8243429785073041,-0.013203760222399774,1.0848862507780594,0.8154805927902444,0.23943431238033097,0.7080152950810383,0.5190343069916613,0.18987958005411443,0.9040028822232432,0.7379020832025379,0.12008015448967135,0.9254591031668226,0.7583948683741872
33,0.11917594604393278,0.9268759237014904,0.7346857577741897,0.2693150168499877,0.8585602760658456,0.7227111828612639,0.4989398633533473,0.7065619001243308,0.5098438833135583,0.15421202115513066,1.051675158977386,0.8938001451986305,-0.19417684801056345,1.067191375700097,0.8829864820494865,-0.4368359894253857,0.7593722471077053,0.6254850011865001,0.013619475910448542,0.99453632457877,0.6750610811438452,-0.03843993931262757,1.1659063647871415,0.9459585529957736,0.15853046663430126,0.8896344598087631,0.6276984506407411,0.11077465577459089,0.9857715092154172,0.7271740774988894,-0.04107997608579894,0.9137132105049578,0.6310051128209765,0.30761105693474267,0.7620523428071778,0.6415128418134282,0.5295743996573061,0.6263391580916058,0.46342030568871473,0.22884412555907552,1.0506712377473348,0.7174446542144176,-0.06940097665182532,0.997419855742389,0.757730096980143,-0.5354655898977967,0.637981211890475,0.5070754780231865,0.008956339594519025,1.0938801194722374,0.8138581537291933,-0.023387368165651123,1.0903246604006065,0.8143900027335539,0.23068894366995607,0.712074219406997,0.5194622809570612,0.1943636920255437,0.9014975293260863,0.7380637265736845,0.12045700593128617,0.925260904462306,0.7568045046021176
34,0.1382647611331923,0.9167774968529637,0.7358083646482798,0.2804172464010244,0.8520127084332445,0.716327786446819,0.5244745954402421,0.6883227929563615,0.49778635782394043,0.15280773561594096,1.0525478597890383,0.8994724823705738,-0.17080484310305066,1.0566964259142955,0.8779065041370854,-0.4110116081137043,0.7525171731933876,0.6270449990308319,0.005476554900346597,0.9986330120723153,0.6667121734954408,-0.03586269504773676,1.1644586680686395,0.9395258774155569,0.1558489180064183,0.8910508512642868,0.6286130229711241,0.10948749710838424,0.9864847061100076,0.729944818634117,-0.005801324251026196,0.898098474770218,0.621318864674628,0.2959903401606061,0.768420689760933,0.6417002734222206,0.5622601534940876,0.6041880495286682,0.44484440684333354,0.22915106163569365,1.0504621224348993,0.7187825137604865,-0.04802977817467324,0.9874032051861146,0.7498704188043732,-0.5661103659396813,0.644316164760452,0.5113324287041483,0.01551788082091432,1.0902529032279231,0.8079475769541354,-0.015167545102257707,1.0859371015428843,0.8108511115736612,0.2397502224412431,0.7078682384958039,0.5108022272116046,0.18138489217425513,0.9087300786179944,0.7381767430490888,0.12995590535533097,0.9202510191452825,0.7489353780374672
35,0.13851375085077078,0.9166450404724786,0.7280617591270274,0.2859751619342532,0.8487159409803674,0.7095540905359199,0.5129166814135182,0.6966376096838424,0.5016923584012315,0.15812471464975786,1.0492397657981467,0.8937905352939454,-0.19281533835573983,1.066582836961546,0.8813972455504734,-0.42510038298399944,0.7562647367358336,0.6213865381240282,0.021375453825994595,0.9906185541873019,0.6702310946193664,-0.03269868571937562,1.1626789071750165,0.9356583647731811,0.1636607161656216,0.8869183635231443,0.6274647794959248,0.08270719015733141,1.0012080678824056,0.7424562098266306,-0.031659623546669735,0.9095698877584202,0.63824040977493,0.3166181722096808,0.7570794425160524,0.6335252069812172,0.550589233895727,0.6121894293596197,0.445832080529733,0.23235687955887274,1.048275507958582,0.7126645135727361,-0.05790006513123447,0.9920419634973986,0.7468348775753927,-0.6007087663741635,0.651394379238216,0.5160925971372908,0.002764962628675205,1.0972917145679768,0.8117998387217982,-0.02404712303297507,1.090676057693887,0.8188176332076841,0.22100641980728863,0.7165412792392584,0.5239921159151046,0.1964229338123631,0.9003446585182066,0.7289922649023378,0.1268050133814831,0.9219158721409161,0.7525894116527649
36,0.13462955109402275,0.9187091640849736,0.7330048611130203,0.2803384285613536,0.8520593687804605,0.7107060619360779,0.500012265317246,0.7058053799204489,0.51677158658208,0.1735919592800983,1.039556572973281,0.8861090186774766,-0.1960319459447557,1.0680199699975876,0.8879148959371108,-0.3859558287396154,0.7458059034895567,0.6182725846901272,0.00497008889943662,0.9988872591164376,0.6767852245047099,-0.0356243925787989,1.1643247172379798,0.9398467202563079,0.17655487783482948,0.8800548270106681,0.6264730459943394,0.11506335245769483,0.9833914686362958,0.725824121580276,-0.05118630635360577,0.918137455156176,0.6339672802080439,0.32092113510277265,0.7546921760672971,0.6325525598633829,0.5445458151787943,0.6162918700967288,0.4513507864354838,0.23437602722112938,1.046895949757762,0.7106531331966858,-0.04581276793661626,0.98635827211862,0.7448469249648628,-0.5111944611201715,0.6329188374099612,0.5030086119505109,0.002432903161659672,1.0974743875395563,0.8122609294047993,-0.020436564681546532,1.0887516214680169,0.8187936457102541,0.2403075879270501,0.7076087095384878,0.5117490648876178,0.17826291438179143,0.9104612556517263,0.7377505247695322,0.13134110144695477,0.9195181620979043,0.7488222809076492
37,0.14306785409170342,0.9142189844973881,0.7323373469559716,0.2667236160592581,0.8600813861686695,0.7190359850461048,0.49723106906186443,0.7077656890658712,0.5098431899470017,0.1644692742139705,1.0452786364704993,0.8914146577276341,-0.19288186109929462,1.0666125779554154,0.8841523288655478,-0.40927316209238196,0.7520534584819297,0.6226614997057083,-0.0026333911238238805,1.0026964738704323,0.6679545654284919,-0.0540778231949024,1.174652263090329,0.9489565920585936,0.15726386041187657,0.8903037608272684,0.6367588063850668,0.09831810892923776,0.9926519948826493,0.7335393508566889,-0.012296124153246435,0.9009934718537485,0.6250022728090129,0.29906070680503105,0.7667432189614518,0.6395503396329134,0.5400515204657819,0.6193251037292611,0.4617740844503213,0.21756616973426957,1.0583262491643546,0.7153828402855248,-0.050511530694923534,0.9885716077726832,0.7566010973592678,-0.6195211458919985,0.655210964700193,0.5213592308008883,0.0017343376069529626,1.09785858406979,0.8122169018134399,-0.025824092402231713,1.0916219408784922,0.8184949318472636,0.24215178227356116,0.7067493084876706,0.509507424508386,0.18332386228498854,0.907653232460688,0.7401520428766495,0.11050960439188662,0.9304784233276058,0.760554763927385
38,0.15183880162809948,0.9095283035872627,0.7312956448672077,0.27257335069587707,0.8566438539888015,0.7195128042573221,0.5149465068354637,0.6951845430816842,0.5010154471423345,0.1520345906288313,1.0530280261921665,0.8964443642382539,-0.18354337705561963,1.0624293827900837,0.88074153591409,-0.422112996439687,0.7554716556424536,0.6234498887357461,-0.01285995582871613,1.007797104700138,0.6785255991374678,-0.04610710311674038,1.1702025956415092,0.9456849967063297,0.15394433300035415,0.8920554853639416,0.6280692348610175,0.12139488943602206,0.9798671730851006,0.7236026167324061,-0.04529625983405072,0.9155615706599114,0.6312177184218148,0.2999457230107716,0.7662590154700389,0.6378659769079648,0.5589411579833645,0.6064742369542044,0.4472136840583523,0.2190184206724074,1.0573436298903707,0.7219853717127717,-0.037459304679331895,0.9824110899787268,0.7464161335366845,-0.507856370937344,0.6322194210824075,0.5011991652142735,0.000891361816210523,1.0983220242889942,0.8158318239529684,-0.02436679554040766,1.0908462803021524,0.8164929002139379,0.250021192651955,0.7030703305067695,0.5064230904757747,0.20602508685542875,0.8949492651500944,0.7304051960023379,0.11737112859689924,0.9268826225886619,0.7505282055721957
39,0.1570580290944521,0.9067255577865414,0.7236397806019864,0.2744529052000657,0.8555364225881401,0.7166210051069769,0.5119565403465853,0.6973238794211083,0.494604039607204,0.1641632864353263,1.0454700197436555,0.8920038210910431,-0.1797269989079162,1.0607150788549842,0.8793430444365434,-0.38315807878382113,0.7450527653055646,0.6193017753925226,-0.0043253954567559205,1.0035421726233527,0.6797122166360889,-0.02333905730286112,1.1573980773243973,0.9308524206678669,0.17143536036095874,0.8827863235036961,0.6254355860708786,0.07635799633160345,1.004667106206213,0.7417412598900821,-0.027429378292326945,0.9077031596108677,0.6308816304240483,0.3199771810618207,0.7552165241009392,0.6350943991980651,0.554410127849887,0.6095814545410317,0.4483943626774513,0.22710852044586038,1.0518529219830988,0.7187995231639355,-0.04990841995007056,0.9882877918697737,0.7483831302630543,-0.4943189086522748,0.6293750045872268,0.5025998130404571,-0.0007531466139631959,1.0992255582640948,0.8143897519036253,-0.022090704324019494,1.0896337037218202,0.8184283775784604,0.2635568535641861,0.6966969156267117,0.503246505016335,0.19271948985828824,0.9024169818626557,0.7403875646715394,0.11427574804282536,0.9285064893663943,0.7575342500862965
40,0.15125627005325237,0.9098405897502061,0.7247765739518616,0.271119654616917,0.8574993892369577,0.7196964765393385,0.5033417034426798,0.7034514616783676,0.5018481558693227,0.16300734695532904,1.046192698293992,0.8887221625373528,-0.17576054233722127,1.0589304190710476,0.8809933472934194,-0.3702146859724793,0.7415585235484322,0.6175983250857525,-0.004340786846872335,1.0035498622874646,0.6635048285878712,-0.03554084234592092,1.1642777496481451,0.9387950160893217,0.153156452947524,0.8924707471488171,0.6288968619126524,0.07548732376931033,1.0051405201666064,0.7475388931093814,-0.030065423412031,0.9088668472328787,0.6302052059772287,0.3025667000318627,0.7648232478022423,0.6452178432351396,0.5412996156334966,0.6184842467693639,0.45446130425308456,0.22287417346422633,1.0547303159909809,0.7221078497198118,-0.044349747086025904,0.985668106630848,0.7525719963920091,-0.4741766662155902,0.6251188738221556,0.4974244681876366,-0.0005244959106138758,1.0990999763181837,0.8149564422042239,-0.0035677319938853813,1.07971504563183,0.8078268240681077,0.24255700293303684,0.7065603341604636,0.5160908202704287,0.19395946299213151,0.9017236647247652,0.728761430622859,0.11801127127662103,0.9265464423626285,0.7610146636009613
41,0.14451695146916455,0.9134456718851234,0.7321676848254072,0.28714738934122785,0.8480189787035447,0.7123267501953034,0.5064494106775126,0.701247177846616,0.5041165011187829,0.17309143805381733,1.0398713335665979,0.8857230308117118,-0.1814546924949738,1.0614914958485677,0.8782425272502724,-0.41286364510013884,0.7530108731049762,0.6237265822685647,0.006219444493909543,0.998259962714232,0.6690184084660827,-0.06395521739144838,1.1801430575326586,0.954038233199938,0.17600153027681897,0.880350471731203,0.6264207211653163,0.0834449301651422,1.0008053721389356,0.7434183388451959,-0.022931765173711982,0.9057142271573106,0.6271109420920562,0.340255059440021,0.7438712515772693,0.625239002833728,0.5577940859656512,0.6072623607107231,0.4411082998891924,0.24101981698217467,1.0423437729444185,0.7112645365618754,-0.04769138045301058,0.9872437812945063,0.7490889162078778,-0.4953771984738413,0.6295978296052304,0.49985746718086416,0.014225489708638017,1.0909682900321458,0.812999690598442,-0.016662479053973334,1.086736381934796,0.8139626994439869,0.24328250445473898,0.7062218707996238,0.5150635230167515,0.18765038950256452,0.9052457902196078,0.7357404251509534,0.1213674319832152,0.9247819058568963,0.7527225301634645
42,0.12917350875217537,0.9216007812573187,0.7308724836324223,0.28498032953510277,0.8493069822016386,0.7109176924508167,0.5149889565286181,0.6951541227088416,0.5014129774540884,0.16006618546335938,1.0480292277245886,0.894989446379488,-0.1997825426121247,1.069693243325776,0.8871764609686512,-0.47235644709526703,0.7687012783103666,0.6330673843165889,0.0007729394540149093,1.0009917522930716,0.6781627817372561,-0.028595863422844925,1.1603669974149422,0.9351589141986704,0.14922097215011554,0.894542103972517,0.6386879632809355,0.09189809750223432,0.9961795879860696,0.7386118360246802,-0.04805968031064012,0.9167709941120529,0.6340463995660315,0.2970951277819599,0.7678175197814076,0.6436537804808462,0.5623659629091636,0.6041150236797862,0.44288766573801247,0.2477116969127814,1.0377384599547046,0.7078153704511093,-0.05353972249744565,0.9899954047219037,0.7494605625433972,-0.5961554431601699,0.6504672519965272,0.5133441477174974,-0.020209772943707627,1.1098596826324532,0.8288066354726066,-0.01139934051644853,1.0839197805802534,0.8111764781999979,0.2205323821412819,0.7167592629979471,0.5267387488188435,0.17707570188678412,0.9111187170621342,0.7422241103295464,0.12514999085962253,0.9227891417179916,0.7519834953106999
43,0.1272920906937961,0.9225958019933235,0.7363071671584976,0.26799753748929966,0.8593339514858453,0.7214024813872869,0.5055639856224248,0.7018759113655529,0.503338362917903,0.169109318239258,1.0423721656453295,0.8892966480914546,-0.19012772638231645,1.0653805648064816,0.8840298799241294,-0.4153701729445558,0.7536785264740868,0.6175489798249473,0.0043183202504089024,0.9992143532141899,0.6642843458003521,-0.04269943766207129,1.168295089387657,0.9401127801278975,0.14516560174608428,0.8966715563503582,0.633166426369684,0.09057141283819725,0.9969070029542244,0.7395758497041577,-0.05091328095199499,0.9180182131507302,0.6420836237356726,0.29888028702922165,0.766841891371714,0.6482057149612503,0.5559761076706256,0.6085093560736533,0.44958066426400606,0.21728089544570428,1.0585191637226528,0.7175385523063524,-0.025166272421293545,0.9765733671161188,0.7409462863611156,-0.5652939759172917,0.6441482066560253,0.5117302914485014,-0.001590210428696226,1.0996851769109632,0.8169190860268216,-0.010131106527366152,1.0832399822755872,0.8113470675832389,0.22076390715686467,0.7166528057055525,0.5266793445610245,0.20678846126316908,0.8945189331297412,0.7335638724647858,0.11792567666617315,0.9265914006796484,0.7579359747416496
44,0.1399684758829044,0.9158707797727693,0.7314390403508957,0.27964421085723223,0.8524702369861737,0.7115077069338613,0.48454639375397224,0.7166384078892842,0.5168108364457815,0.1448767058207705,1.0574631208528107,0.9032913240745988,-0.17388617897644454,1.058086024326308,0.8777355872140749,-0.4133973712161285,0.7531530891006181,0.6154479586348138,-0.014825061437075293,1.008774272410991,0.6752522618608903,-0.0436050414819078,1.1688023222638202,0.9401503047130642,0.14257712666296596,0.8980281100936252,0.6371218321569498,0.09398911354284745,0.9950320141393434,0.7451607974687162,-0.03492423501621911,0.9110078847602674,0.6327716573071043,0.3179751745924302,0.7563273965270555,0.632311042487985,0.5301056282638263,0.6259854111178902,0.46121588716958584,0.23612412275300965,1.0457001147189813,0.7104830988927728,-0.055374462482885356,0.9908570684992775,0.7574188926589857,-0.48855994006122194,0.6281610569553231,0.4974381868370459,-0.0025104870467784757,1.100190264814227,0.8178854185934505,-0.018272044684741973,1.0875962945394686,0.8174463701742721,0.23214459369588636,0.7114002256893939,0.5187969882058353,0.17718943200841952,0.9110557554852365,0.7552214661804929,0.10967044450986552,0.9309172341877154,0.7595413057595574
45,0.11574906151038167,0.9286771990912319,0.7406832110094209,0.28493672866140907,0.8493328765675476,0.7081716904479365,0.4944421046040677,0.7097260363954503,0.5173237179886213,0.16231626342149474,1.0466245165207908,0.8918949451626218,-0.18628745086329523,1.0636603037715535,0.8844739467565982,-0.3951473210890102,0.7482748643132983,0.6222825240220202,0.021722132721590626,0.9904430747514611,0.6672050173525784,-0.03002254767336665,1.1611714453673017,0.9385581137603755,0.1751862626777807,0.8807858753153285,0.6206760747400325,0.11965652254406345,0.9808360537078514,0.7287545190282279,-0.050391683985016034,0.9177903661181412,0.6379317226924666,0.3013545638506382,0.7654875890874119,0.638810227665071,0.5312885543175083,0.6251969774614994,0.4566584073787602,0.25081605277613406,1.0355951062929325,0.7083416265763772,-0.039007093966284545,0.9831436481822237,0.7478395325285635,-0.5423194172032044,0.6394034985416817,0.5081324228901186,0.004493243211563969,1.096340459213173,0.8184399651351403,-0.019260174317154988,1.0881238674706544,0.8120890426806445,0.2339464007192933,0.7105650692590083,0.5160507562899603,0.19526400372217034,0.9009936694323744,0.7354045961195333,0.11700423571018437,0.9270752467592034,0.7536590690384707
46,0.16185386153387005,0.9041425172310268,0.7207806535198296,0.2716272136783372,0.8572007754911073,0.7203293582017148,0.5217675011353402,0.6902792712722319,0.5018898317297149,0.18134781504998365,1.0346669441378724,0.8817293006817117,-0.20320947885812735,1.0712198352356304,0.8900445428790935,-0.41180925359381537,0.7527298422859613,0.6154821298906031,-0.0019886763264720386,1.002374044349365,0.6713235440564411,-0.029771182866232593,1.161029751650709,0.9374604921749015,0.1699019928312664,0.88360280186159,0.6243663221840078,0.09362015819322145,0.9952345972550073,0.7321707254047615,-0.025899807220101323,0.9070272427797906,0.630729567810793,0.30561714126030537,0.7631488188354043,0.6410606548991593,0.5570144227404962,0.6077974639367991,0.44150869523159986,0.24644690147131587,1.0386104498921644,0.7071329728159922,-0.061544813981886604,0.993749419133962,0.7592979884131075,-0.5665563424038726,0.6444078982031288,0.5128500968814294,0.016401124239021292,1.0897637248252066,0.8117067168300961,-0.015247396798793611,1.0859798098697881,0.8126768641342947,0.25939232975673066,0.6986640197094866,0.5110991985575071,0.18146603308108544,0.9086850409628243,0.7425009362536961,0.1259778676409138,0.9223524174131301,0.756748889908518
47,0.1585920577576223,0.9059001294373882,0.7286383388163292,0.27008599479780404,0.8581072041160156,0.7217013606917647,0.4966797556304535,0.7081536344978638,0.5112659679431052,0.1530334936509592,1.0524076100612696,0.8936441287891531,-0.1931732059639335,1.0667428226742652,0.8857647834024289,-0.4685084352067963,0.7676961185672823,0.6303577346607057,0.0033169994157646876,0.9997166637149775,0.6702278314564389,-0.053686867106394365,1.1744344043921524,0.9441909645191354,0.15952882474207908,0.8891065515841523,0.6269101501849589,0.09932220008019765,0.9920991443000773,0.7302370520836782,0.00021268017605768907,0.8954094415959407,0.6211534573361185,0.2920719588050017,0.7705561628105665,0.6503658989186368,0.5501460685492109,0.6124911959296329,0.44990515270601594,0.22403247945859528,1.0539439851411918,0.7207805651252968,-0.03828871333713035,0.9828037113907675,0.7484487664984478,-0.5751038622855364,0.6461635313155091,0.5079121388821066,0.0037542805155895698,1.0967472894067596,0.8067653265059149,-0.023512062064038552,1.0903910832896826,0.8191562554029531,0.2171020699167392,0.7183347029819241,0.5271653113933275,0.1969373560854747,0.9000564276108187,0.7347116675414538,0.11660541337024566,0.9272845889744776,0.7556661284699194
48,0.138391620277168,0.9167100133128746,0.7370962137755538,0.28819181325236753,0.8473975206791379,0.7142318831391512,0.49816415564622163,0.707108614488685,0.5081848808589726,0.14458184659277573,1.057645419643901,0.8974807499743479,-0.20921687436752534,1.0738907037949181,0.8920454629562216,-0.4269748382371126,0.7567619362978447,0.6260077335622053,-0.006632702005522351,1.0046942649057857,0.6767469759255583,-0.04929502996726276,1.171984288200358,0.9407993711215045,0.169750403601857,0.8836834782107247,0.6298278366604046,0.09458940979031027,0.9947023200006762,0.7314010792387484,-0.024535104916398653,0.906423755925609,0.6302853002108432,0.30472801407323413,0.7636372520418939,0.637143507299103,0.537644578103134,0.6209434748871506,0.45507925131471205,0.21273790072054433,1.0615866047409133,0.7199432710608091,-0.055722864247728765,0.9910206065976082,0.755514146156054,-0.521713555734892,0.6351178222848205,0.5064284971286106,0.006334746041519734,1.0953259766076413,0.8127106821130817,-0.026360900756229988,1.0919075235334808,0.8132026771653214,0.24401911929230857,0.7058780567793349,0.5087025017039588,0.1956749111559959,0.9007636112078977,0.7353899686398767,0.11958994107018683,0.9257168592027467,0.7572925322775979
49,0.1424196398924401,0.9145646931420989,0.7346348754974479,0.26798845844372576,0.8593392806399921,0.723520371655009,0.4975592857024498,0.7075346302361021,0.509863948233075,0.1707728622355057,1.0413281650314965,0.8835951513144686,-0.18557714118505242,1.0633418137893078,0.8827218930776787,-0.37859653804517723,0.7438231895652919,0.6175050180958505,0.017770378877267512,0.9924415062217046,0.671081781525209,-0.03432977467350917,1.1635967375706269,0.9365575277862596,0.16312466161182249,0.8872025546869583,0.6304829887299686,0.08462442682597038,1.0001612064737377,0.7430029972680878,-0.019299383098157374,0.9041047229835781,0.6269504796154673,0.30827278644447165,0.7616881016739195,0.6379982063461472,0.5566617552454243,0.608039354164376,0.44707283642256906,0.24498203792236906,1.039619459025715,0.7075126750239189,-0.04909663914946871,0.987905649876519,0.7448508166814491,-0.538466814866877,0.6386044073684897,0.5084110957973923,0.0036076588901823303,1.0968279928671962,0.8121762483429755,-0.01714960155822265,1.086996699573656,0.8178159791264179,0.2822838579104532,0.6877817256529326,0.49418559308518256,0.17593366450933312,0.9117507137571889,0.7395391460143427,0.11615237347568352,0.9275223327143527,0.7593684599822452
50,0.10918515276872853,0.9321176714301991,0.7464247010653642,0.28874184779070067,0.8470700532592972,0.7126094045602613,0.5208388644151764,0.690949141887061,0.506555440573108,0.16055538202146868,1.047723985243106,0.8914690351488856,-0.21555642716315715,1.0767020634548214,0.8961195653561836,-0.4020668961772609,0.7501281954386687,0.6207601379887598,-0.0029989341306260187,1.0028792402164255,0.6735304965482801,-0.054813795994352876,1.1750622713668932,0.9476968922068759,0.16705878692084586,0.8851147421057893,0.6239205596027757,0.10807926208430796,0.9872643995620409,0.7336876914635698,-0.0387220612587762,0.9126779013771836,0.6304707534228292,0.3336629080382415,0.7475783836797351,0.6310687022174495,0.5492344378894984,0.6131114896713317,0.4532958534873522,0.22616505866789804,1.052494719952531,0.7234500777611679,-0.06562538954642227,0.9956575722784428,0.7603990805396339,-0.6029391373158701,0.6518480362025573,0.5097605095208171,-0.008678119610244117,1.103569364009616,0.8197509985440422,-0.023691738938280027,1.0904867878110263,0.8144132693273001,0.2211891728051374,0.7164572235092999,0.5273652149461736,0.2008203211079862,0.897877816443936,0.7340196930077009,0.12090312182122975,0.9250262223893724,0.7565239642574119
51,0.11002849434851292,0.9316763453059134,0.738959797069918,0.27646865686093136,0.8543471486931472,0.7228102024427026,0.5087409329975822,0.6996173620314176,0.504770342818131,0.15739864646112878,1.0496921222481002,0.8968470762834073,-0.17110232012376803,1.05683065961771,0.8754583280860498,-0.4847022640579495,0.7719173589581354,0.6351045487523984,0.0030868700852956232,0.9998320719479369,0.6838398459670322,-0.04826822726120139,1.1714107168269103,0.9429621266203775,0.18014160399957524,0.8781360832177297,0.6219266303796508,0.09364593644789532,0.9952204444726178,0.7365428457324381,-0.026378879768286678,0.9072389989045415,0.630587933283567,0.31702385596242577,0.7568546923014599,0.6345549661385735,0.541597174244379,0.6182836090816998,0.45754737204951007,0.23655769416925132,1.045403306005531,0.7117900559752876,-0.056258225051776245,0.9912718497800704,0.7518838647617213,-0.5980654452247847,0.650856318848206,0.5199237486022397,-0.001624759889244709,1.099704143351331,0.8186356016670903,-0.0138629683374496,1.085239116391801,0.8139107721272998,0.23004272564484152,0.7123732262914525,0.5151448819362907,0.2041950376066921,0.8959800650776546,0.7296407237927902,0.10656220449960196,0.9325407864886371,0.7607955759806672
52,0.14217051175402395,0.9146975245741369,0.7300582728427139,0.27199549761273,0.8569840367579786,0.7165137033022629,0.5048912898797291,0.7023532111976206,0.5048348510238925,0.1592842781588163,1.0485169275115802,0.8943458749536245,-0.1980434879299009,1.0689177154428093,0.8889539488353735,-0.3509463176669929,0.7363260545244127,0.6148587435784473,0.009853212984022641,0.9964332175634264,0.6756629441802239,-0.012889509850670056,1.1514736874240887,0.9325868414934723,0.15922687166844218,0.8892662503075286,0.6308024664484965,0.08077290725367414,1.0022631289120132,0.7398746187925406,-0.034917694001435295,0.9110050058415715,0.6315029887139342,0.3224653198272749,0.7538336252803182,0.6325643733120226,0.5475338009761199,0.6142669666204402,0.448975238642083,0.238993440239331,1.0437343054606274,0.7172084040323153,-0.04111359543997817,0.9841397650163689,0.7477329382403755,-0.5552982722562014,0.6420882017063264,0.5171964617574772,-0.011568804831997959,1.1051495456948315,0.8227202939886854,-0.020546201918544504,1.088810108451724,0.8162807698351028,0.25858330538549057,0.6990455185537113,0.507719762121869,0.18789489274718985,0.9051095482696613,0.7353026181865144,0.12200906274761625,0.9244441782841029,0.7528197905154124
53,0.16244626053737798,0.903822938235478,0.7228002298850051,0.2702603292540474,0.8580047217787837,0.7161992879918784,0.5025407000965457,0.7040184913381102,0.507142719083256,0.1682975080709419,1.0428812589284229,0.8871878460808901,-0.18057113278464265,1.0610944994413554,0.8786655173982962,-0.42421039810895467,0.7560285536215156,0.6246779490918287,-0.0062366800937017075,1.0044966158112718,0.6780815471498143,-0.01765463420340163,1.1541790551431381,0.9302041805891824,0.18023965669431996,0.8780835703787311,0.6209531982390761,0.08074026174871607,1.002280925980718,0.7470685892345241,-0.004707107425492296,0.8976098186812926,0.6205430148283396,0.30808794599692657,0.7617898624278127,0.6390132947292958,0.5520392863909005,0.6112009972894862,0.4496943461490307,0.23349886675075038,1.0474954822361984,0.7096989433731679,-0.03819130578187191,0.9827576092079165,0.7438784592188613,-0.5058549105478947,0.6317996920126617,0.5056082561682678,-0.018081391066165686,1.10870137254541,0.8217841839831443,-0.02397177270069739,1.0906359304803372,0.813049736592899,0.25454832515563464,0.7009451302160828,0.5069033190441516,0.15882325165102584,0.9211676022703833,0.7480917521842583,0.12596533859178527,0.9223590283197135,0.7556535149549679
54,0.12579321295320312,0.9233877422520516,0.7348102245416641,0.2753963627784808,0.8549799977231659,0.714061294125208,0.4928716665335656,0.7108275092144162,0.5100481981903595,0.15299849290869516,1.0524293551165331,0.8975893546787288,-0.1885410420328737,1.0646701425438903,0.882201701545892,-0.467939822964337,0.7675474766987972,0.6285407013520216,0.0007670878958629945,1.0009946832349488,0.6783392494002756,-0.021144897807588103,1.156156612592008,0.9356005567131337,0.17198312351136924,0.882494470737554,0.619578604012223,0.10798326247817869,0.9873175289710466,0.736391068204815,-0.049909956793366295,0.9175798849779184,0.6388818184796302,0.3130739889973345,0.7590401021110302,0.6370347939798079,0.5480635136556579,0.6139072930235259,0.4513300014796565,0.21381253630613728,1.060861809071028,0.7231358601594629,-0.07808841932011701,1.0014630075630684,0.7618776414727497,-0.5263044381499373,0.6360751494366849,0.504504019158335,-0.002779636728165835,1.1003379420658654,0.8189175759267431,-0.018955322086247284,1.0879611309074007,0.813395753081277,0.2583054891582779,0.6991764759496562,0.5059939030387344,0.15941513708946697,0.9208434601471019,0.7560791491219583,0.11984985856712971,0.9255802025576307,0.7565885402787924
55,0.14840369853091684,0.9113682642366475,0.7258086287265771,0.26656559064245233,0.8601740575001716,0.7177472211757288,0.4844020375832905,0.7167387505127925,0.5203626782400864,0.16613739748944145,1.0442346743918085,0.885663323579612,-0.20321894328271228,1.0712240483255309,0.8859903307577373,-0.4324382176277184,0.7582092385389397,0.629836899605402,0.021946584881821662,0.990329446585106,0.6691074967952745,-0.03915244681689134,1.1663062793879235,0.935418538410369,0.15861534571936498,0.8895895899351073,0.633572829406455,0.07238557623498576,1.0068252355939937,0.7386147961490226,-0.007881587213645735,0.8990267475422944,0.6252606469145799,0.3205849673108112,0.7548789524678972,0.6319180664834957,0.5424986371545149,0.6176753732723562,0.4538991059718302,0.22474152412919934,1.053462351480693,0.7123930980854265,-0.03613327013863099,0.9817830520567903,0.7465953445331847,-0.5646273136342645,0.6440110199504812,0.507431714737412,0.011761210144522916,1.0923310625303402,0.815277376278024,-0.025734069274085947,1.091574041156363,0.8203079656231168,0.24692037536523304,0.704522267441333,0.5087397159653174,0.1869307718901203,0.9056466561784532,0.7378795937089048,0.12004630807129157,0.9254769020464295,0.7539711501623451
56,0.13978166303599338,0.915970245392779,0.734169302498878,0.2611885412980568,0.8633214092010808,0.7218342706715898,0.5046338398479788,0.7025357946917284,0.5138285987885519,0.15273734762288116,1.052591583743904,0.8961979442197776,-0.18813167055622215,1.0644867735607282,0.8831349289867265,-0.45046656577682076,0.7629656458077523,0.6308309531344489,0.003468496266097243,0.9996406818423986,0.6703979411150252,-0.04128246078363795,1.1675009919377268,0.9420556112876753,0.1603325557661781,0.888681329718635,0.6280362018097764,0.09278439671956129,0.9956933381936577,0.7299680216724278,-0.01697050026842617,0.9030712886155718,0.6305719595178763,0.289299639323787,0.7720634773963064,0.6453961177512838,0.5288413197199284,0.6268269907370883,0.4644214690452018,0.21061283895236882,1.0630184130256894,0.7208565939367341,-0.05642214865607942,0.9913487658914283,0.7535624025642162,-0.5726852641515501,0.645667243311997,0.5109317029585344,0.010840925718940131,1.0928395536718294,0.8143149855310186,-0.009445844990164654,1.0828724910530236,0.8166892321976269,0.2521677189158321,0.7020634751729776,0.5117241555695132,0.18610499853612972,0.9061064381141697,0.7410163547488875,0.1221423683558055,0.9243739963117173,0.7620301947118797
57,0.16735988040028127,0.9011678399418123,0.7210025196875719,0.26955581714450894,0.8584187933420636,0.7194986937588127,0.5054054316760668,0.7019884398547427,0.50591323584216,0.1578049274836235,1.0494390242631555,0.8922928060176,-0.19467332903877366,1.0674131959494748,0.8856475865534138,-0.42943350759746024,0.7574136039247666,0.626271133327469,0.03143820573742617,0.9855123536593274,0.667336408374891,-0.04945704623793601,1.1720747647532745,0.9397698827896359,0.166194194308117,0.8855739973164755,0.6288743022429142,0.12451764121235531,0.9781242935873367,0.7284961213005613,-0.02951634312092488,0.9086245774782831,0.6252315069993664,0.3050052953358142,0.7634849638574703,0.6377260136527435,0.5363990820935901,0.621779263166134,0.45527138234288017,0.2359139213800704,1.0458439813384826,0.7010774737817758,-0.06285598013238869,0.9943629441075791,0.7582780953488025,-0.5974216151323559,0.6507251968407897,0.5197052081484644,0.01952129445089479,1.088033878824652,0.8091206459309315,-0.020920140175897828,1.0890095655977428,0.8167479329632077,0.2407624407153791,0.7073968435381179,0.5157286983151029,0.1898432942883942,0.904023127404506,0.7357956255561372,0.09907085413326455,0.9364422370074234,0.7639644462095729
58,0.140648313289513,0.9155087196077646,0.7311640835225108,0.2918896317020775,0.845193554439209,0.7119913396741209,0.49523783183052417,0.7091672767229005,0.5150579938154075,0.16824236334808462,1.042915831654439,0.889649672776568,-0.1973593217088241,1.0686124586472538,0.8867872397068398,-0.403567596617056,0.7505295374321759,0.6232590642398218,0.023415415090457747,0.9895855340691754,0.6578305085096637,-0.048410127818246496,1.1714899991155525,0.9431854846979906,0.16226427070835303,0.8876585036651357,0.6280267814651561,0.060591960366347175,1.013205368428388,0.7547269565313988,-0.04176938715598122,0.9140156943516176,0.6287128187510247,0.3187744002497974,0.7558841183429459,0.6347067322499453,0.5544586368934863,0.6095482726623171,0.44571925302650517,0.22367630714310605,1.054185839725073,0.7267568244639048,-0.06271928283401418,0.9942989979561824,0.7547989946552967,-0.5253673837874073,0.6358798645088812,0.5046867042092658,0.002020214740434123,1.097701373845188,0.8117011112220366,-0.01812841670597032,1.0875195887283524,0.8209911076181253,0.27542361240465796,0.6910609677964228,0.5020265089022984,0.20295037768324498,0.8966804595371822,0.742858227117218,0.11826741961659026,0.9264118881673457,0.7540100394097129
59,0.14203700149272858,0.9147687023290928,0.7325748250245191,0.2764058249203105,0.8543842439236912,0.7154003222599559,0.5045846060764929,0.7025707058646908,0.5107137260505731,0.1582324609525262,1.0491726208629797,0.8931976402411593,-0.2136711359670047,1.0758667733095637,0.8898878616087287,-0.43587142517879385,0.7591173167281033,0.6266074604122486,-0.002093747367308163,1.0024265986974017,0.6720785537483533,-0.023878381036537943,1.1577030251449618,0.9314027175232941,0.17143077610852497,0.8827887656244197,0.6257203038648127,0.13286367416701095,0.9734508661346327,0.7248902348127098,-0.02430818236992205,0.9063233692348421,0.6241917884459054,0.3193513762445931,0.7555639458650075,0.6342431858826774,0.5437942742234979,0.6168001294190684,0.45529957589751363,0.21428273071307602,1.0605445273059209,0.7215176259001927,-0.058293027170679634,0.9922261957567855,0.7484801385159514,-0.5851992645282016,0.6482309700966584,0.5129755306304884,0.005485000531600059,1.09579421750996,0.8146053662720928,-0.019883920647042475,1.088456760622636,0.8159523928721709,0.23657756505366834,0.7093437306852057,0.5190832314509654,0.1861645028994363,0.9060733145097069,0.7455401468223454,0.11967354425930832,0.9256729054119818,0.7555400334535676
60,0.16209573701773672,0.9040120473292542,0.7302003098581669,0.2609893606033513,0.8634377754050994,0.7241953620437515,0.49804601861442854,0.7071918397087543,0.511961199665919,0.16784229098137526,1.0431666208421688,0.8919697715329583,-0.2011776906044236,1.0703150004910105,0.8889596344245824,-0.3942873791914838,0.7480442176698925,0.6189934577945293,-0.004429615127734543,1.003594240470258,0.6730185386099004,-0.050665400257795756,1.1727493391979937,0.9405505842988723,0.16359015283221778,0.8869557781211284,0.6195526763109429,0.07202240883589661,1.007022305794471,0.7447581909970774,-0.032103157725366316,0.9097653892459217,0.6367128309481955,0.33056720459087363,0.7493129406191491,0.6322673879585833,0.556481325600301,0.6081630714008176,0.4508989033553112,0.20681480105855188,1.0655726346539567,0.7245900324688634,-0.04135176431560095,0.9842523262482996,0.7540728076861763,-0.5856616432892539,0.6483255028113049,0.5173635085076354,-0.023965693518167575,1.111900789927352,0.8270063085161261,-0.017019060528069785,1.0869269447304162,0.806673759970597,0.21642010429849012,0.7186474978665108,0.5233309830438347,0.19268187366304423,0.9024380062138766,0.7320127260216428,0.11967882454567702,0.9256701292683581,0.750826771839974
61,0.11613437076296562,0.9284748431247538,0.7397235635076751,0.2871742651889526,0.8480029926193106,0.7084347923551849,0.4988363488622335,0.7066348810033598,0.5135982774509817,0.1647790532422766,1.0450848462188775,0.8904648151591468,-0.18411855343456618,1.0626875102367566,0.8819029781171335,-0.41452093112079536,0.7534523837384507,0.629454543907999,0.011673016268292091,0.9955171178448493,0.6768921321319136,-0.036706489823195465,1.16493284487403,0.9393078647926145,0.15560507794306655,0.8911795356980209,0.6303521495714429,0.104915021458444,0.9890140933485196,0.7268372415560047,-0.04483465570534095,0.9153593917725454,0.6363615539228137,0.32469698735702157,0.7525911105743903,0.6305120139621517,0.5299273050681548,0.6261041794380695,0.461320698407607,0.22523201645034052,1.0531290452576059,0.7175509891795837,-0.03600968648362124,0.9817244997645043,0.7411627703409551,-0.5699459645666398,0.645104687379048,0.5072263249426894,0.009730894986404115,1.0934525720339046,0.8200544349805161,-0.02025030250138604,1.0886522510061043,0.8095406492116969,0.2452819644614055,0.7052882354631513,0.5134171852562315,0.19350995186851128,0.901975065431855,0.7391792287879074,0.1163935570059641,0.9273957733578744,0.7621546287441513
62,0.18001037720632962,0.8942958106748374,0.7075477172482696,0.26780772469260095,0.8594453595864506,0.7215864663322191,0.5195035340160334,0.6919112435790026,0.5038088238068702,0.15959703709841244,1.0483218773069976,0.8958696529301505,-0.17911656043320656,1.060440614899359,0.8833214405102507,-0.4358393293707523,0.759108832465722,0.6256443624175981,0.006558367721449354,0.9980897227461565,0.666312056131617,-0.044806875517987566,1.169475135333917,0.9445477596272339,0.17080187531431434,0.8831237293367582,0.6216770379892997,0.10994364136847268,0.9862320218565503,0.7285163658163565,-0.043841946696686396,0.914924441873989,0.6406122163760297,0.30686908771851107,0.7624605439991312,0.6372411311060849,0.5671702513772678,0.6007899255354902,0.4417600960441171,0.19958217468880746,1.070419800017379,0.7247515012668478,-0.04733075335682391,0.9870738564926511,0.74843572675829,-0.5927416874224223,0.6497712906852267,0.5092071610947081,-0.01148044540628601,1.1051012778403744,0.8290600353195351,-0.017977529481030485,1.0874390002238812,0.8119079899480827,0.2515305081672152,0.7023625175837378,0.5034012189468657,0.18719464131769703,0.9054996872314254,0.7437022671634805,0.11014757154530275,0.9306677617870548,0.7595403503791464
63,0.15169316235194397,0.9096063886011453,0.7293471326843396,0.27824770281888,0.8532961518585146,0.7154447387321184,0.5151297731620258,0.6950532009145581,0.4992077095146807,0.1621584944875617,1.0467230722482328,0.8909050664198978,-0.17878219877121482,1.0602902498556153,0.882625819519639,-0.4608691528693305,0.765696710788414,0.6329479069180771,0.011142061550505566,0.9957844906613149,0.6708091789643933,-0.02501892380023163,1.1583476536093562,0.9313608496026408,0.16670287687058882,0.885303823629783,0.6308379559886803,0.09613601123510762,0.9938523931322066,0.7381499890882038,-0.028348237076850635,0.9081089610431249,0.6336764617897704,0.31269385583287446,0.759250093001327,0.6362756122684295,0.5448905806293991,0.6160585685088219,0.44670236707356986,0.2375780078331452,1.0447045001566682,0.7119938195133558,-0.0697473524681298,0.9975813733366515,0.7569793450311231,-0.544796466231015,0.6399167509769706,0.5055794789692505,-3.383254148081605e-05,1.0988304405729987,0.8141655126886189,-0.02095615929431638,1.0890287761201864,0.8211304121328761,0.22587559999454188,0.7142983610463169,0.5215811834986864,0.17259646864845557,0.9135949927468574,0.7420967181124678,0.13935592278982856,0.9152662904573419,0.7464423610791499
64,0.13704452215534868,0.9174263573398329,0.7274090375884047,0.277380992560624,0.8538083349443601,0.7146495496042933,0.49459842147514155,0.7096163054117148,0.5129227286199814,0.1625626217452697,1.046470601856625,0.8913403149915541,-0.1902441320233177,1.0654326656324966,0.8853540203480523,-0.38137383789961543,0.7445720600953357,0.6211935740415835,0.01409407868572865,0.9942970322978217,0.6680896542360263,-0.04609556322587616,1.1701961412127782,0.9438255557798446,0.15711501898923397,0.8903823786897178,0.62983769275494,0.08516190361097031,0.9998675333747835,0.7346370400029585,-0.020675253715834785,0.9047147064960724,0.6306335461260852,0.3009385919357488,0.7657154399678812,0.6376017402522398,0.5308085312315394,0.6255170381156927,0.4612285517754929,0.22151647268828356,1.055651262900228,0.7205975410281314,-0.0442091487603935,0.985601755319706,0.7499790271004328,-0.50478922646508,0.6315760921043617,0.5070434730542486,0.00694815171243468,1.0949878431741902,0.8165482586945613,-0.02309085647289799,1.090166696055141,0.8135635266815622,0.2406281850569406,0.7074593851166728,0.5150108974603772,0.19877352978944018,0.8990268655179101,0.7352155258280479,0.10595057771564764,0.9328599297705905,0.7636525159130694
65,0.1398857166295282,0.9159148449938914,0.7288750554815274,0.277984004918875,0.8534520168661116,0.7137486345789963,0.5041492143268325,0.7028793623115425,0.5108901460112436,0.15750372760805942,1.0496266664481189,0.8943481900391389,-0.18745527874845758,1.0641837294395138,0.882541699673933,-0.40954366672393183,0.7521256319214046,0.6214692307339488,-0.0012149938435233043,1.0019869795953777,0.6679148379343935,-0.035126637264087046,1.1640448771364293,0.9414694707672971,0.15044695022897947,0.8938973511383012,0.6286329663507271,0.10235133980103017,0.9904294362509739,0.73307601275543,-0.03871700865905181,0.9126756816295278,0.6328390303444554,0.304538110643259,0.7637415331256734,0.6419186038921758,0.5415985526289451,0.6182826795136682,0.45332982201167005,0.23360520469260315,1.0474228193447856,0.7113978417560071,-0.0432959230063259,0.9851706760734308,0.7427337052739034,-0.5568131423555049,0.6424008245328839,0.5067268161140694,0.015748302334673614,1.0901253069919088,0.8109195712104991,-0.02739337131457531,1.0924565891661697,0.8167601374584196,0.2438691861759822,0.7059480514395846,0.5167080891148732,0.18335744960094624,0.9076345678101969,0.744430729478927,0.13186219026117307,0.9192423216563895,0.751470364805833
66,0.15804730113737742,0.9061933375338516,0.7198603967084196,0.2697746092891319,0.8582902213310085,0.7224988983755147,0.5195387481805779,0.6918858890503704,0.49779630542708164,0.16088996645149878,1.0475151643974503,0.889124052556852,-0.1930674535245367,1.0666955482488545,0.8859705440608451,-0.38333866249123205,0.7451014003825783,0.6138714347458266,0.008077092821077159,0.997326515509312,0.6630462656372025,-0.0440010087258933,1.1690240361902353,0.9408956700580279,0.17345148263388022,0.8817116401958732,0.6219294104391359,0.10395373516249129,0.9895450320826296,0.7352145443768339,-0.019220524879361323,0.9040697492220647,0.6335536570784001,0.30681840897949797,0.7624884174007867,0.6366422558211794,0.5570592218214376,0.6077667299156188,0.4499757735159753,0.2419219395384612,1.0417241247425046,0.7156377765989772,-0.05747161565814807,0.9918410546807022,0.7499098534242774,-0.5040698815460611,0.6314251156907261,0.5064263810972492,-0.00402495924989088,1.101020968729105,0.8174417855932895,-0.030637647936774037,1.0941800954248082,0.8230824466022465,0.24638635008547927,0.704772019269414,0.5159105499713018,0.17170161987879473,0.9140888922779095,0.7475729058293488,0.10732947280655691,0.9321402758562354,0.7618266537090336
67,0.14854140598858867,0.9112945748133544,0.7245424895134968,0.28028659503843045,0.8520900529557425,0.7169743142758942,0.49116834700928946,0.7120202560322044,0.5149467067156898,0.16287625197448363,1.0462746256808813,0.8920403988853955,-0.16549049348904532,1.05429549580916,0.8776910469256962,-0.38738174491748856,0.7461894594775067,0.6190511243218285,-0.008204345110010003,1.0054782673352176,0.6695651992807752,-0.02777160612758456,1.1599019787021712,0.9395232139620024,0.16044243162529792,0.888623182996488,0.6336814615553312,0.09259448246573143,0.9957975507212411,0.7356345023210573,-0.03414218838378291,0.9106636154567498,0.6350895788035587,0.31515519580035223,0.7578893830018868,0.6364266603516195,0.5531562968768883,0.6104384928657817,0.4558853111804872,0.2147557496184136,1.0602252437952246,0.7221867674385801,-0.07009832584611897,0.9977450081380077,0.75880123076638,-0.47175437863040925,0.6246050818683803,0.5021424039465332,-0.0023697270759144295,1.1001130246317177,0.8187945279695705,-0.017066510850441974,1.0869523004166386,0.8160740271468397,0.2238863755343985,0.7152155186379988,0.5128360674495954,0.1777606268342723,0.9107394732819536,0.7466477044804971,0.12360698174044016,0.9236025638837587,0.7585878696362928
68,0.14412075139892,0.9136571695571932,0.7321411385021515,0.2881890883638645,0.8473991426480859,0.7091839186832645,0.4949364384327206,0.7093789669528353,0.5172089449529418,0.17300077880787068,1.0399283358589306,0.8879511469713646,-0.18545545794056917,1.0632872436573348,0.886045648521861,-0.41155775601161726,0.7526627942175022,0.6216571234114311,0.004721176430054652,0.9990121900074949,0.6718389946857064,-0.035166500100903386,1.1640672906666123,0.9360483112174907,0.17372371854509328,0.8815664258892387,0.6212902264415826,0.07401073781044509,1.0059428803052992,0.7430088710872,-0.04196336081880947,0.9141007835864092,0.6332919884934077,0.30809328531254077,0.7617869231493809,0.6382265441141436,0.5261559158571849,0.6286107761193085,0.4621229586999173,0.23983476687955418,1.0431571985355406,0.7075986480128509,-0.040469581677476274,0.9838353325316757,0.7492046301668791,-0.5341119955030647,0.6376999427424767,0.5116387632596907,0.005778598366457666,1.0956324569744695,0.8124221637518412,-0.018907679807334654,1.0879356962527056,0.8128471913130042,0.23982680638594156,0.7078325839590004,0.5176163533044289,0.19857948729644448,0.8991357229133532,0.7388462619172707,0.10831735969172007,0.9316243497477478,0.7640676387199602
69,0.12081730041573058,0.9260119366045376,0.7370221126042882,0.2749973451258807,0.8552153713409193,0.7151650485853194,0.5075255911523608,0.7004822305722536,0.5052307860883108,0.15157369062210158,1.05331416680996,0.8977140024600881,-0.184690423222591,1.062944091608082,0.8823069103545979,-0.4135172850378337,0.7531850374937579,0.6243829089744166,0.011282407451423393,0.9957138236700743,0.6648706553513428,-0.04843590360815564,1.1715043999181116,0.9489321078191069,0.15716607156752782,0.8903554135607538,0.635822863324856,0.11044279116227862,0.985955440186692,0.7286350567904889,-0.02102978710262593,0.9048718199948244,0.6297585293050988,0.3255161351618169,0.7521345226369475,0.6310884479439788,0.5527761539120651,0.6106980965752293,0.45413328741869297,0.22430431634710668,1.0537593601780735,0.7157921345375132,-0.0786841673781633,1.0017396719031775,0.765727112614309,-0.5623220858825118,0.643536421529168,0.513833208012051,0.007234575519732056,1.0948299192925026,0.8139287161970905,-0.01398105366701552,1.0853023138314364,0.8104130680434317,0.23368365485357379,0.7106869158429008,0.5243033844610778,0.19581997351298575,0.9006823798833908,0.7363700822243421,0.11267044598446407,0.9293475291253588,0.7553771649163525
70,0.13456088991568504,0.918745609980862,0.737165531375411,0.2734108982733826,0.8561505488369036,0.7179087868745537,0.513211377019601,0.6964268376287658,0.5020006516447957,0.17317720213017462,1.039817406251577,0.8828136492810171,-0.17635745103145317,1.059199183222982,0.8795700831252622,-0.4122118472680725,0.7528371594292282,0.6225361011034847,-0.015995245129469593,1.0093557081443163,0.6725787081716277,-0.03380036681764231,1.1632989137458454,0.9385168058164548,0.14987656284971262,0.8941973807923528,0.6344818150406816,0.11477514741147321,0.9835515904441005,0.7323736011907658,-0.02715712464647302,0.9075828876617187,0.6331443653230451,0.3128017293943194,0.7591905080360231,0.6385758802512315,0.549376350960586,0.6130149701155305,0.4490707564111166,0.2271830097588161,1.0518022333084984,0.7170703027454103,-0.057374727854489604,0.9917956163440111,0.7566787154803913,-0.6107362177394267,0.6534314855649591,0.5184927418966006,-0.006213320841205849,1.1022202021311631,0.8214902977727406,-0.017280962714949055,1.0870668881347676,0.8141359909386274,0.24922295426328134,0.7034443867260504,0.512170369198297,0.19820592554468408,0.8993452531030137,0.7303040779214646,0.12171133951846391,0.9246009026681401,0.751931380276376
71,0.1636173947521682,0.9031908186501248,0.7151899007468979,0.2831785316472747,0.8503764050120358,0.7081949887930509,0.5064695111181057,0.701232898134404,0.5049407593792867,0.15397250330932777,1.051824059850842,0.8955899254889595,-0.18321400639306873,1.0622815397005148,0.877231534513393,-0.3664240021063545,0.740532056377451,0.6180981720589462,0.003933153175974091,0.9994076013497017,0.6641979752214816,-0.041351271763993225,1.1675395672348563,0.9453267883099004,0.15888666014692576,0.8894461490311809,0.6273091223192675,0.100542000304505,0.9914271099879565,0.7319939341647952,-0.026557755928133586,0.9073180517579073,0.6249280676928661,0.2946674927435584,0.769142289423187,0.6451125288310507,0.5500886120182851,0.6125303091764677,0.4530940924637626,0.22917208378171838,1.0504477985397802,0.7095313217309711,-0.0450298084121854,0.9859889788640135,0.7471232033621589,-0.5100065100622915,0.632670019523649,0.5072664141129031,-0.0053870906648341155,1.1017675771272202,0.8203816635633852,-0.02527951655232319,1.0913321495449722,0.821035252642273,0.24673264114799487,0.7046100766783598,0.5196738811682855,0.21145226880485446,0.8918853263843685,0.7354262008305252,0.1247992213926229,0.9229741184643858,0.7527153095323785
72,0.14264109445687434,0.9144466006506581,0.7277489269884541,0.25628774353132333,0.8661800346256066,0.719741858115658,0.5103695669221595,0.6984567050849045,0.5047795355977537,0.15312918070630044,1.0523481598770785,0.8970822538488268,-0.19972101187161928,1.0696658134128794,0.8885073058205136,-0.3811005750663081,0.7444984109757268,0.6168670996632896,-0.013714562158637422,1.0082221823139215,0.6795860819906936,-0.03780615023350431,1.1655505177725523,0.9402750911388369,0.17368082905156723,0.8815893053108846,0.6228529499120616,0.06864721803163476,1.0088519876200175,0.7459977040194066,-0.051752660265170336,0.9183847570450862,0.6427108857105558,0.29246008360216114,0.7703449033744947,0.6457379589557358,0.5545769609086766,0.6094673273290072,0.44890070750477584,0.2353880578189319,1.0462038077129523,0.7133151047522064,-0.042931363104451004,0.9849985364640353,0.7518953962718353,-0.5778074633275998,0.6467178501230616,0.5144327230095794,0.023580229254836937,1.0857794501521711,0.8121498733516002,-0.021417604990068062,1.0892748546942663,0.8228686745061232,0.2532683614085691,0.7015466444339256,0.5169613070268976,0.18691814573141907,0.9056536880483237,0.7398033457331723,0.12263721621818424,0.9241134250298366,0.7541566929953116
73,0.12711034089363238,0.9226918667083555,0.7290663888769694,0.2854461971030995,0.8490302562149552,0.7119404781902112,0.5004429825747859,0.7055013044042918,0.515773883868002,0.15810668480514556,1.0492510011491438,0.8926165870200078,-0.20119231803980298,1.0703215173935325,0.8846280375422729,-0.36672540156032585,0.7406137234334204,0.6115337248339126,0.0035892884308331707,0.9995800954882519,0.6765352972192741,-0.04747355644669837,1.1709666213308512,0.9435419928683714,0.1766543976347552,0.8800016446404169,0.6239856119955266,0.09149643347647962,0.9963998745347955,0.7330866492326066,-0.026712919035818183,0.9073866192439474,0.630939261395771,0.32200947742509156,0.7540871706426456,0.6350384947396532,0.5384511481241329,0.6204016265789728,0.453444334720643,0.22790520693065608,1.0513106640532437,0.7195054159122954,-0.03653037138360582,0.9819711697131778,0.7501335432711583,-0.4926618544848831,0.6290259499946745,0.49955466021937817,-0.025799793095778956,1.112896147680944,0.8266428328971778,-0.01586102930995481,1.086307952476026,0.8138672575423622,0.24113509185076165,0.7072232189667608,0.5067602754694147,0.1991696070539688,0.898804626155949,0.7364152724127655,0.12425677368746957,0.9232601029212795,0.7559754128296465
74,0.11885447960292161,0.9270450450612967,0.7412816782600924,0.25806319110080955,0.8651455107596704,0.7240064733363895,0.5093718182905426,0.6991679859975009,0.5147145331717266,0.1566699277984085,1.0501459340782977,0.8926455785019661,-0.1916011223783456,1.0660398393900452,0.8822429315907987,-0.36843614211245446,0.7410770943852252,0.6109533203360535,0.006007276051242294,0.9983665194168717,0.6736214915084241,-0.04058655311378789,1.1671107958485922,0.9395619793262233,0.1446368486005143,0.8969488291261365,0.6328963762859534,0.12450857873451338,0.9781293560575904,0.7267790915068003,-0.030553472154200012,0.9090821339430856,0.6337293574704825,0.3272217887742186,0.7511829112598015,0.6274431140283796,0.5486905247477558,0.613481281518363,0.45658095788274883,0.22791161661464243,1.0513063002217724,0.724729083100286,-0.052611354546461264,0.9895591219003532,0.7552220508469704,-0.5051646609020688,0.63165487411003,0.505518133535575,0.0019918732017735197,1.0977169604960957,0.8150543927692051,-0.026376484844063963,1.0919158131702682,0.816688462064946,0.24384657445807623,0.7059586068742832,0.5164703137452004,0.19323400353558795,0.9021293619598202,0.7340506063557506,0.10535998583834827,0.9331679935803068,0.7587333905876806
75,0.1499555915500842,0.9105374768170243,0.7282381636232301,0.28577200141847003,0.8488366743889779,0.7153356341186651,0.49116819797075373,0.7120203603087839,0.5195042658173871,0.16640809190179884,1.0440651671882923,0.8867976746637508,-0.17108658682836775,1.0568235605433949,0.87145690590334,-0.3503717739022689,0.7361694618725257,0.6095204515969138,-0.007001379027687271,1.0048782315998896,0.6732508614788474,-0.04564747141454206,1.1699454894126502,0.9421757427521923,0.1723617592264286,0.8822926740456397,0.6265046815756999,0.10809130323159122,0.9872577353845756,0.7374638262891238,-0.02780628521818085,0.9078696373485472,0.6326602659817449,0.3337604129539963,0.7475236852133114,0.625089247232708,0.5264606894423169,0.6284085843197074,0.46552954116902967,0.2418264778914695,1.0417897126914093,0.7064683690021105,-0.05020107416853792,0.9884255212344114,0.7462625403979963,-0.5766253506917944,0.6464755402703679,0.5129764051601358,0.010428065745899495,1.0930675971939923,0.8118055632380582,-0.021911990884450727,1.089538437861728,0.8117043256699946,0.2265044119418873,0.7140081941221508,0.5270160857915124,0.17981852225684314,0.9095990628295479,0.7392564552959778,0.10900489628721222,0.9312651135562088,0.7612904283987296
76,0.1313761553429661,0.9204345064033571,0.7380635103462705,0.2812191913580856,0.8515378097743773,0.7157837405101943,0.5132822403482691,0.6963761452771596,0.5025798888896517,0.16572054618302368,1.044495650360527,0.8935764345600137,-0.18588653732421756,1.0634805531336589,0.8813327606336661,-0.4717284947622795,0.7685373372887815,0.6344767519318193,-0.0043631757308943975,1.0035610478514463,0.6739013709669545,-0.039651847154328346,1.1665864999602495,0.9453101434430997,0.16050143883935653,0.8885919545842155,0.62322426477125,0.08988110432934393,0.9972852860075339,0.737575375036404,-0.0019240003802851735,0.8963657364013048,0.6258181849537625,0.31181054827874066,0.7597378203487789,0.6372905463350116,0.5434287656311143,0.6170471677573356,0.45271548320808347,0.24119645996400918,1.0422224697598486,0.711401769710532,-0.05706972591528903,0.9916525632732256,0.7601685617838243,-0.551971852978302,0.641401195922085,0.5085975562135335,-0.0025866057184162905,1.100232031675023,0.8172689535044271,-0.021714898584378695,1.0894333652166988,0.8185750751557797,0.23199121571344505,0.7114712727134664,0.5118341876657203,0.19850231935527218,0.8991790102895266,0.7345536474925268,0.11048605963634595,0.9304907380991582,0.7617082779345266
77,0.12912444775984766,0.9216267416595919,0.7298930301844935,0.284969508972863,0.849313408559313,0.7128301581774892,0.49326778540770155,0.7105498406444568,0.5172229873284531,0.16300907887134408,1.0461916158957059,0.8904825238112474,-0.19339684687147551,1.0668427897846313,0.8846253996186175,-0.42389318581413793,0.7559443543669591,0.6285689606361998,-0.002169378368712227,1.0024644260450226,0.6732493597757772,-0.04356425372729911,1.1687794815883605,0.9457266911200429,0.1635104594415726,0.8869980318260073,0.6307637930507463,0.08524140737583452,0.9998240858179195,0.7340365475740073,-0.03541918602707961,0.9112257028188357,0.6297524774980929,0.3017956073323763,0.765245931020732,0.6424640672539621,0.5540114135270966,0.6098541206475051,0.4485808665328825,0.23099888383888567,1.049202321857321,0.7133612916573617,-0.07121281640517907,0.9982644407868598,0.7638177341651015,-0.5063150755548105,0.6318962185439492,0.49993648335829405,-0.00022730733707487794,1.0989367298335797,0.8168881670135814,-0.0075471668185074225,1.0818536181323983,0.8119410436973951,0.22553839757559635,0.7144539154451885,0.5244730234746836,0.17705338722595187,0.9111310700619,0.7489418803335194,0.1203547802106042,0.9253146725641803,0.7513216353512796
78,0.1417361302569815,0.9149290842251283,0.7299738000617759,0.28508701079878984,0.8492436213420032,0.7131995816644654,0.50503432962898,0.7022517469308874,0.509176312957994,0.1559556983702982,1.0505905324719882,0.8953474183112426,-0.19496638591901472,1.067544107719416,0.8823898750789941,-0.3828086853052648,0.7449586571111346,0.6212602141108438,-0.01219467380601591,1.007466072050683,0.6744325919918629,-0.038128319425196455,1.165731416358665,0.936847679157236,0.15776120462768783,0.8900410138342,0.633245260219287,0.0845899930251589,1.0001800178932803,0.7430210692116092,-0.03503152141474697,0.9110551037830545,0.6278139817309475,0.3030277295689362,0.7645704176042704,0.6442398177396718,0.5374220710711378,0.6210928704217467,0.46161712009280054,0.22876054374809296,1.050728174761189,0.7135852155613064,-0.05886554493578999,0.992494547858571,0.7607392750310936,-0.45543618732758606,0.6211327513596501,0.49594332699227367,-0.011007225453071534,1.1048427374218368,0.8179092186593456,-0.017243955808004197,1.0870471151563486,0.8179596131220717,0.24538973582599188,0.7052378771931287,0.5181632183242983,0.19140166207801956,0.9031532471481131,0.7388379523342924,0.10394794067059543,0.9339041309151673,0.7621686636627312
79,0.13178666671207495,0.9202169821636725,0.7322223233389089,0.26459891730333807,0.861326545602174,0.7206911517734169,0.4926093401964228,0.7110113331665737,0.5260949003835736,0.15010137216471098,1.0542277061787666,0.8991944728820084,-0.1795633586043086,1.060641510242369,0.8797580797104089,-0.43837751914836653,0.7597794895119692,0.6273657135703746,0.01963307726892438,0.9915000275596989,0.6680766210254329,-0.04781874152334131,1.1711595459664341,0.9409326747775182,0.16001697462976006,0.8888483153029857,0.6267044184239219,0.1117833953502615,0.9852122196555907,0.7188976331070202,-0.0371897156840022,0.9120044516812461,0.63491697824935,0.3198049668111246,0.7553121464910574,0.6368779697096348,0.5508046109981841,0.6120427179360958,0.44865586560603293,0.22875136342710356,1.0507344283268838,0.713507825961799,-0.05190430474223651,0.9892267175835416,0.7473674589250883,-0.596495983299747,0.6505366369665754,0.5127821068179381,0.005780448438948871,1.0956314375836131,0.8102570194358139,-0.022148759909811577,1.0896646493240212,0.8162117506198577,0.21717241884880478,0.7183024285228018,0.5213824848064846,0.1638670803651906,0.9184017166069096,0.7520935645784191,0.12849770889593626,0.9210218680004637,0.7488696185555974
80,0.11611296697152795,0.9284860850833334,0.7407384254280343,0.28099899309597853,0.8516682339489573,0.7137113339063832,0.5090410976287556,0.6994035924651355,0.5053015128136403,0.16201492624961833,1.0468127489645451,0.8923983067313748,-0.1928831791176342,1.0666131672067891,0.8840294591774144,-0.4201024696283093,0.7549374388674064,0.6233410826341307,0.011930264534176449,0.9953875495323699,0.6757597541704271,-0.04559566691502215,1.1699165077563554,0.9460820481805942,0.1607871723969927,0.8884407201685591,0.6335740387798102,0.10947783668286293,0.9864900568693484,0.7310461559242446,-0.03375347561554087,0.910492449514001,0.6290083722220436,0.3058842396427004,0.7630020299149269,0.6384253424210997,0.5558206687608886,0.6086158568228819,0.4482761591095595,0.20647473146798234,1.0658010365567931,0.7212937600957203,-0.04694631023219009,0.9868926775355181,0.7469277136761442,-0.546081500966237,0.6401828521532557,0.5107041046269475,0.008284967924149123,1.0942505752940204,0.8114506179820777,-0.026159020342246153,1.0918001316874895,0.8185591860570676,0.24892444481853537,0.7035842178024726,0.5156893291254793,0.18765168881743532,0.905245066270355,0.7427432116704284,0.12918324236320822,0.9206595536756597,0.7488965309130715
81,0.15094150776859427,0.910009284342999,0.7241988230897455,0.2785339450024633,0.8531269292759002,0.7189308753689817,0.494479255654909,0.7096999587169913,0.5108873139881872,0.15767604698929816,1.0495193186335654,0.894277162325503,-0.19359322409589153,1.0669305623510594,0.8792609114200118,-0.4405427269830542,0.7603511272971983,0.6324966442062017,-0.026296633592460816,1.0144598372198326,0.6695059224084926,-0.054527672131705174,1.174902889606709,0.9469306456451612,0.1526550542611601,0.8927349148601518,0.6358859110629331,0.10329846577849233,0.9899067879912962,0.7381437714710608,-0.023540439408101577,0.9059836502749102,0.6305759410823824,0.31826749108972774,0.756165297830845,0.6347734795609873,0.5318681743047435,0.6248102909748452,0.45574055731195556,0.22716662321042502,1.0518133842776471,0.7206511321615598,-0.025217794990304965,0.9765979070068098,0.7431234025657278,-0.5013253297345956,0.6308487560907243,0.5022414179246094,-0.003918931185119323,1.1009628316261997,0.815366578514566,-0.011070643377816491,1.0837436334007968,0.811242906207157,0.24435723617862937,0.7057201850729852,0.5087162890096585,0.18759055689526427,0.9052791269861195,0.7338455115364556,0.121042060093144,0.9249531208766131,0.7512417668013365
82,0.13576072761497182,0.918108518392398,0.7339478245678505,0.27077868995949417,0.8576999316184394,0.7195699813853004,0.516220861984893,0.6942707318652664,0.5049345568663429,0.17001136074751555,1.041806195080516,0.8874039006262209,-0.19206201736795836,1.0662459842612186,0.8842949951359329,-0.45580881448597266,0.7643694031119292,0.6317241201832081,0.01509770918264386,0.9937908172045957,0.6720008260045577,-0.03857198281915375,1.1659804882223332,0.9387662272173687,0.18548690145962765,0.8752687744000909,0.6101177166529823,0.10470824305917015,0.9891283254864155,0.7353166770105316,-0.025445009061262347,0.9068261704889822,0.6228891859616366,0.31174400896066756,0.7597745480365296,0.6360962564141455,0.5555693224011344,0.608788030238914,0.4477790451803941,0.23263384920193286,1.0480863792610446,0.7117579859654423,-0.05533280254542583,0.9908375117199809,0.7575812572568754,-0.6262398484919418,0.6565686534806711,0.5130994228705825,0.0012866417435707378,1.0981047368077717,0.8185612634624628,-0.01423240567961992,1.0854368212842962,0.8129816387853219,0.21502633998875953,0.7192863479913293,0.529288447446715,0.1744338614344466,0.912580031035159,0.7438194388129812,0.12058615304611087,0.9251929719315012,0.7560897277642281
83,0.13450075667134964,0.9187775279944769,0.7357381429571065,0.27451087527483464,0.8555022438963428,0.719346599972904,0.5096303347866408,0.6989837627097035,0.5072360898458261,0.15905680613977013,1.048658766259939,0.8940297335595215,-0.16854081853664726,1.0556742468719198,0.8720042371907023,-0.4367156736890674,0.7593404528234449,0.623921753844713,-0.01994783314440096,1.0113171811971478,0.677124125653544,-0.03879288569476791,1.1661044828767044,0.9385503115337646,0.1434645106381064,0.8975632857513227,0.6301157102385689,0.08575973986594021,0.9995407789726904,0.7382771306271445,-0.01722845026437203,0.9031858113404413,0.6249109233677252,0.3069288056663618,0.7624276977077773,0.6396208464962041,0.5598795991456904,0.6058286955930682,0.44647769674670684,0.22584648374903193,1.0527113449070404,0.7197051731018482,-0.04470448445618391,0.9858354948195598,0.7513929996029086,-0.577282184403296,0.646610189479154,0.511222251369273,0.004046603288124118,1.0965863714103952,0.8206390898129936,-0.01709131114669704,1.0869655525365594,0.815780722186148,0.2355318110409489,0.709829402286674,0.5198661389633961,0.1785576803010266,0.9102979448890567,0.7433996192804816,0.11551061857915446,0.9278590049923907,0.756293124278447
84,0.12682347334796606,0.9228434715561038,0.7322358607600921,0.2488688037970328,0.8704896253266757,0.730716050678962,0.5093377211995682,0.699192280545933,0.5007416344090516,0.16080699736402038,1.0475669509484071,0.8917178155766445,-0.19525124733963128,1.0676713431017386,0.8856604440738254,-0.4274659111981973,0.7568921394899591,0.6234303336947116,0.008427674650526074,0.9971502541025089,0.6618468031924586,-0.05557897005721557,1.1754883959471412,0.9451499507870833,0.16711458205590568,0.885085096602088,0.6222233947607869,0.10138252311916907,0.9909637688006884,0.7317404638962449,-0.030532807856011646,0.90907301959872,0.6374362933161054,0.30522111060097046,0.7633664129517205,0.6374200417429915,0.5474540429065722,0.6143211039114717,0.4518256829253357,0.22067091680332873,1.0562244091895527,0.7212259059498449,-0.04047544109994572,0.9838381027706328,0.7471762102980839,-0.4874066544631219,0.6279176708964934,0.4977696158752196,-0.0238889836019196,1.11185914038064,0.8169634532225788,-0.008045576706752655,1.0821211688198282,0.8140293244429999,0.23261248115088617,0.7111834492236861,0.516828041383886,0.20793519656182724,0.8938721022455021,0.7260578351479283,0.12358201835128546,0.9236157178486829,0.7573527012653976
85,0.15014204178104007,0.9104376118972696,0.7286091769356864,0.2953705230373789,0.843113616387819,0.7039702695782318,0.4912347153835527,0.7119738190941918,0.5136976167552784,0.15434819560181268,1.0515904941138077,0.8955762765534824,-0.21133239882217625,1.0748296789759566,0.8949166277367507,-0.44301542516130543,0.7610034205945962,0.6316729808440702,0.02651773175209904,0.9880124754002597,0.6596654596846898,-0.03412273288857093,1.1634802731660934,0.943138396186226,0.15657836426435068,0.8906657814603344,0.6326069475082808,0.09264930246658587,0.9957674702081486,0.7328213464379522,-0.0546527765326581,0.9196500683499161,0.6378916895286308,0.2981075677883822,0.7672643515426247,0.6389674204087534,0.5406790281436031,0.618902486938628,0.45343823037434383,0.2188603862734657,1.057450603100208,0.7169272602023833,-0.0669292577925733,0.9962665148938108,0.7574680409922161,-0.5939232660918674,0.6500122630806958,0.51548890059291,-0.005450679571864292,1.1018024189751618,0.82271925805744,-0.02359636779441132,1.0904359896113494,0.813660433699571,0.23443083358542227,0.7103403620650353,0.5249529886566916,0.16913752464797627,0.915502633957125,0.7452959271274271,0.11948153560659935,0.9257738495081843,0.7551376961257915
86,0.12744613256582982,0.9225143746023003,0.7431524414769972,0.2697007043731017,0.8583336533060305,0.7157455300920554,0.5090922141298061,0.6993671820905543,0.5041151247928377,0.15835327142010047,1.0490973295401584,0.8968654766782613,-0.2063622893654593,1.0726223938329704,0.8911847752587467,-0.4071931537706104,0.7514982591362687,0.6209447512339138,-0.00244762563624934,1.002603580979794,0.6768942058353972,-0.03528145373549507,1.1641319228060854,0.9398775643846828,0.16056135673687055,0.8885602430875018,0.634720817682824,0.1098628741798019,0.9862767681133668,0.7365542672858919,-0.03044675964982768,0.9090350655738688,0.6310697933578261,0.2961310305307089,0.7683439047399803,0.638764993425214,0.5329685910597566,0.624075501968775,0.45755052344084585,0.2267253594206624,1.052113617770645,0.715412274385199,-0.06674522208266054,0.9961805876773759,0.7571418897759689,-0.5275940002508739,0.6363438000418054,0.5064938255760438,-0.019106382786500342,1.1092593455376691,0.8191651760282994,-0.016309321521824183,1.0865476160062806,0.8151220911162385,0.2158762524181176,0.7188968470410083,0.5291061974854072,0.18254701865364642,0.908084821558113,0.7432129517835444,0.11369498518095522,0.9288108469130805,0.7609650911697623
87,0.13766200027250242,0.9170980715318784,0.7376196286037572,0.28582461612099297,0.8488054083844646,0.7138255801658009,0.48693691982357323,0.7149746949369277,0.5141939763621499,0.16846694909114612,1.0427750215015024,0.8916378369030077,-0.18327542523029083,1.0623091100512545,0.8764176878062151,-0.4330117307463295,0.7583610075378406,0.6245402040380029,-0.019120155629448243,1.010906761003874,0.6798364493668769,-0.03322865340020709,1.1629772048385003,0.9359501878434688,0.16558092345157793,0.8858996108429498,0.6255829040116855,0.0743850353902511,1.0057395517909045,0.7510562163137501,-0.013564233016508664,0.9015576349390345,0.6273653032302535,0.31588519316602703,0.7574853463779494,0.6381168864464666,0.5417398420156283,0.6181873880246871,0.4526531621372636,0.24983294741486406,1.0362743555797918,0.7080960953426435,-0.057020823252661,0.9916296248565638,0.7517545452561912,-0.5039010845782601,0.6313896832827126,0.4990142446125008,-0.008655326985052225,1.1035568955201673,0.8214368270236021,-0.024262714148177045,1.090790860854647,0.8152050807137626,0.21137245789118664,0.7209584653695847,0.5289150624414803,0.19504766788933126,0.9011147676053802,0.737521105343722,0.13448780560896068,0.9178511805237816,0.751204384910078
88,0.15366505727447677,0.908548580453443,0.7284865407152358,0.2876977878125164,0.847691534802636,0.7117491911236089,0.5028165932285136,0.7038232383749156,0.5056148007162402,0.16439331022978354,1.0453261522126855,0.8839238691003064,-0.17519180906065746,1.0586742777088944,0.879012090493734,-0.41360183817910334,0.7532075639988182,0.6250907444518483,-0.001078118771481229,1.0019184869496978,0.6753552040618032,-0.027964025896880518,1.160010552253171,0.9313645745260428,0.16560898474038488,0.8858847144350532,0.6274851812042241,0.0764536235299802,1.0046150968849048,0.7403351278751238,-0.059730905482884955,0.9218614566026344,0.636620715211486,0.3317616137643259,0.7486441760891209,0.626558689695388,0.5464745412836527,0.6149855704277787,0.4545612241345922,0.22636552242473973,1.052358385509428,0.7192029974122838,-0.0566898995866747,0.9914743869504138,0.7557118944802158,-0.6137772345360324,0.6540480232365232,0.5174346657644897,0.016606646045500106,1.0896498664650152,0.8130937851959822,-0.021980960065968613,1.089575203897904,0.817657530235083,0.24790071549295234,0.7040635534168463,0.5102674334053924,0.20857635258173657,0.8935102458016865,0.7277633285905932,0.13614955770968973,0.9169696366571114,0.7482554077055804
89,0.13993449556031656,0.9158888728753306,0.731448594092588,0.2954453253483835,0.8430688634198661,0.7060806943234953,0.5050645401965081,0.7022303153965136,0.5126297347347981,0.16068593912429052,1.0476425068917434,0.8892427436052774,-0.18536328206337105,1.0632459045504912,0.879820613719143,-0.4157597036694902,0.7537822310567202,0.622401832156978,-0.004315511880243594,1.0035372346768,0.675074624629258,-0.02947979656839106,1.1608654762747144,0.9362431466533706,0.1604830904839153,0.8886016652095177,0.6246660679731862,0.08756222115972279,0.9985549645596554,0.7394993496737555,-0.033914765961448046,0.9105634760778123,0.6339465739589509,0.31549819341051266,0.757699568607034,0.6369983921230364,0.5670842002698269,0.6008496442462458,0.4443590231999975,0.2303762296908709,1.0496270013386746,0.7167031223392532,-0.0314941662892394,0.9795827062086228,0.7490255156162567,-0.5566367231628653,0.6423644248383332,0.512908441448908,-0.00747989835154117,1.1029136973602258,0.816421275095433,-0.02436596270177116,1.090845836857911,0.8189619795478897,0.24585261619968113,0.7050215464175278,0.5170424403494227,0.18915528323572828,0.9044069086558875,0.7395425527633207,0.12268085493178815,0.9240904427337426,0.7552264865795448
90,0.14911215815843226,0.910989092813718,0.7242390424094666,0.2861488377685969,0.8486127159903529,0.7096070438059784,0.5093958115959221,0.6991508900002444,0.506061055491023,0.15740355223080582,1.049689066499817,0.8966799925595383,-0.17092279807597244,1.056749654024795,0.87432333293863,-0.41588845902356786,0.7538165063971219,0.6280253556612283,0.013443162420046173,0.9946252062685772,0.6708800327168011,-0.039407283999884246,1.1664492805364888,0.9469132428744245,0.16831567019323557,0.8844466842105145,0.6303526877518643,0.10460372219470426,0.989186061710174,0.7335892074737979,-0.03542420943719504,0.9112279132544365,0.6272385839398974,0.29220292818870475,0.7704848816012324,0.6482054298276785,0.5738161271114663,0.5961596745470388,0.4383157327709903,0.2251303069593702,1.0531981689864118,0.7112407775673453,-0.06069085846613409,0.9933496298259404,0.7581461630804691,-0.4989181133381013,0.6303428035659158,0.5032030563529155,-0.010687344367183105,1.1046679383475302,0.8219870545643541,-0.009954349129394302,1.0831452029661255,0.8104780703926502,0.22440643091103296,0.7149758539844725,0.5153730581929036,0.1867533275082549,0.9057454750358095,0.7388569118145902,0.12086718655948991,0.9250451285648731,0.7566399239235959
91,0.13015978747403611,0.9210787411257811,0.7377695064637971,0.26420132448489486,0.8615593511978279,0.7226750599403509,0.499352517333707,0.7062708915063752,0.5176017130409465,0.14283307858360528,1.0587259626160428,0.8965325526589842,-0.17243096446552064,1.0574299898455113,0.8786545489811568,-0.45314301738211205,0.7636692468188313,0.6263604569165662,0.005906636785635078,0.9984170591883519,0.6718427548484645,-0.03924492810540725,1.1663581770224458,0.9416942124389759,0.18483304653873733,0.875620017362503,0.6180620924337213,0.0993211601422268,0.9920997170472201,0.7481699661420387,-0.02333435081595847,0.9058924363436627,0.6263954342680885,0.29866925843913095,0.7669572877762871,0.6466061631473107,0.5551747752055587,0.6090581987228302,0.45280117001843334,0.23031052301180022,1.0496718063688841,0.7148006897809136,-0.03344614692550141,0.9805091402948559,0.7455851880453674,-0.5528875440583514,0.6415903870936746,0.5090232775686299,-0.006983460864306679,1.1026419325484007,0.8190263742307922,-0.013735249796267945,1.085170759263431,0.8088675974123444,0.2337859305392549,0.7106394886821163,0.5274845531752291,0.1876258346575599,0.9052594715224687,0.7418933519795392,0.13276437946353525,0.9187645483900885,0.7572289507863772
92,0.13560234864206,0.9181926400167951,0.7347747110748063,0.2911075019387094,0.8456601968068691,0.7081285828637219,0.5157067554810437,0.6946395306567894,0.4995723902888768,0.15841365580523592,1.0490596948465665,0.8921946064419822,-0.19772983989273452,1.0687777848423619,0.8858093226651483,-0.3802021497578554,0.7442562182490211,0.6160072040632059,0.007898443274320655,0.9974163228456562,0.6698100675946891,-0.04213888673897648,1.167981011856201,0.9432522953637755,0.16571671935136478,0.885827520910496,0.6284475633372429,0.11585938633564363,0.9829490702746998,0.7215979243716772,-0.031685533387148634,0.9095813094823065,0.629674442919002,0.32100384435199014,0.754646215334865,0.6281717306109975,0.5525609863967679,0.6108449878825329,0.4478151501383616,0.20978501663139348,1.0635756552922015,0.7272760651644813,-0.04780941174948694,0.9872993904098921,0.7490070403294153,-0.47779970969589325,0.6258865711630132,0.4947036352980268,0.0038896149056166784,1.096672793394566,0.8149923482195409,-0.018538534537568596,1.08773860150819,0.8163221761694638,0.24153733431191082,0.7070357594385812,0.5212302666625576,0.2134829925428835,0.8907361630547411,0.7323277062307385,0.12792478529465334,0.9213245570904665,0.7546736439418138
93,0.1209396657488433,0.9259474928307225,0.7368591164573751,0.2623543944991962,0.8626399745807408,0.7232232609714725,0.4946025929050816,0.7096133769277765,0.5159246494874578,0.1612347347155092,1.0472999440600117,0.8899320710869083,-0.1705222802151951,1.0565689062799613,0.8756116937249163,-0.42796015591885483,0.7570231610315473,0.6276219357583877,-0.013023659636475893,1.0078785441710305,0.6747858244202294,-0.018510744248807054,1.1546644342318895,0.9308729210125756,0.16372134040803854,0.8868862176408804,0.6312732551573313,0.09283051041571488,0.9956680323659284,0.7364352025305162,-0.023914785753952783,0.9061493108836354,0.6248535676389184,0.3252669404765025,0.7522734515475397,0.6313705720517225,0.5564332825858996,0.6081960093555039,0.44448002980028567,0.21745329404667468,1.0584025846897347,0.7284290112762388,-0.038185277819773544,0.9827547561527108,0.7436924753214491,-0.5335582211220633,0.6375848358380929,0.5042921059708576,-0.012198877916649975,1.1054936728487037,0.8253970427057526,-0.015533546937586351,1.0861328422147758,0.817728492049462,0.2517700751126607,0.7022501039776129,0.5123992109103468,0.1645056863413844,0.918050929764484,0.7480493325302588,0.1227417801313837,0.9240583555665698,0.7554589883915317
94,0.1276382793224815,0.9224127946819516,0.7361303274999329,0.2733881604292653,0.8561639448989808,0.7142329690167778,0.5205130548633725,0.6911840102422415,0.4976344376564936,0.16326441278379056,1.0460320272027652,0.8897338965523288,-0.21005951953131263,1.074264810059559,0.8892167600074982,-0.45683905402921643,0.7646398178482446,0.6325795126497045,-0.015011346082373977,1.0088668551337128,0.6752717218273107,-0.025198605794173545,1.158449176171895,0.9390234746644865,0.17958398860568536,0.8784346585384027,0.6202979915276264,0.1260970075763138,0.9772416293432775,0.7240812254962598,-0.03998733561791501,0.9132336017613825,0.634156354910887,0.3249835971895889,0.752431387531785,0.6288534578285113,0.5406944310373275,0.6188921096972906,0.452355801837587,0.24117564033324512,1.042236767622874,0.7132770868348945,-0.05156292779103233,0.9890661865340918,0.7503835206435993,-0.5664079526459869,0.6443773771826067,0.5141150833359591,-0.0017332587974512315,1.0997637033146395,0.8175462448017476,-0.027146817794826417,1.0923254976163,0.8211442077914265,0.22999697678345887,0.7123943896604958,0.5225942621178575,0.20637173149288968,0.8947538791077357,0.7331636800287558,0.10180401313102172,0.9350207103299341,0.7640889386231414
95,0.13603572118231388,0.9179624396201719,0.7289951070550129,0.26978926699075045,0.8582816071241767,0.720871975579376,0.49807839835521983,0.7071690297913075,0.5128828623845285,0.1756464219259587,1.0382635923518269,0.884212751260846,-0.18564026597370198,1.063370121662104,0.8807235390458114,-0.4283400407564928,0.7571238509896678,0.6263026670113145,0.00843551550069166,0.997146311615919,0.6699090218634458,-0.045491314746129774,1.1698581265029457,0.9434146126324012,0.17390418223792692,0.8814701509362926,0.6307717406426925,0.1196438915394149,0.980843090109343,0.7287005466970967,-0.036204600203139536,0.91157124109195,0.6337404544316815,0.3207449505363651,0.7547900708019685,0.6307164440833839,0.5421532664354058,0.6179084728430627,0.4520719406472018,0.22350191485601323,1.0543042385050951,0.720411842686627,-0.04774664500626136,0.9872698189560115,0.7500389447864843,-0.5830374501055533,0.64778880702226,0.5157116568432298,-0.01105329105147046,1.1048679076979828,0.8233423919958153,-0.022490550517043406,1.08984681753069,0.8209591488225622,0.22457185352632358,0.7148996030410008,0.5189133515907367,0.1969166425102643,0.9000680352148028,0.7311137169420052,0.12010961356375482,0.9254436111895635,0.7569756422388692
96,0.15611636388585048,0.9072318759059621,0.7272434492272813,0.29836459868203746,0.8413204518098122,0.7046646216705008,0.4992915192778826,0.706313915630739,0.513865318534901,0.1550591618982683,1.0511483484201005,0.8961973216418639,-0.17680956443052054,1.0594027064544735,0.8732123519194985,-0.41732082189383046,0.7541977037401842,0.6254477009179908,0.0016841146618532532,1.0005352560043674,0.6719612652121243,-0.0360921743242264,1.1645876447834134,0.940580396891895,0.16550396613356733,0.8859404625493109,0.624735484695892,0.10147666122624388,0.9909118613433587,0.7349086269576052,-0.02942196244866091,0.9085829275498724,0.6277137626103476,0.2924172865880773,0.7703682009739579,0.6452309045033462,0.5554490952491387,0.6088703691787986,0.4496847951036045,0.23884314546207486,1.0438373663794627,0.711891798167117,-0.06083741737004589,0.9934182545355714,0.7523868954440741,-0.47448716499404675,0.6251847032548549,0.49721171042025425,-0.014596579111380681,1.1068022475272352,0.8285033710595315,-0.01142122938209611,1.0839315096990751,0.8166884104507341,0.24725934703853314,0.7043636919312628,0.5085248098637514,0.17970988422292622,0.9096593018037911,0.7406664901512278,0.13334900295532937,0.9184548160178422,0.7468007542266809
97,0.14386243199873283,0.9137950380513135,0.7314887643323452,0.28019061468098416,0.8521468680579897,0.7175668197019545,0.49073162409088933,0.7123257488890152,0.5147667386005897,0.16116752669454204,1.0473419018935017,0.8926009236445773,-0.18012388525263145,1.0608934878978142,0.8799601193381449,-0.4202193607251441,0.7549685083329285,0.6270199497770487,0.0031872087089014345,0.9997817544752393,0.6744669638360302,-0.03637583571609082,1.164747054318991,0.9372505957040869,0.1688314828202946,0.8841723736886544,0.6256027441479194,0.07877123398851382,1.0033537801534185,0.7481028377420562,-0.020639191031637694,0.9046987235823954,0.6319621355667271,0.31720355413291534,0.7567551175564202,0.6309445200946415,0.5353945911904319,0.6224525078022182,0.4630036637561929,0.22588127313786222,1.0526876909450076,0.7193857676051627,-0.03982333908477975,0.9835297517332169,0.7438041174986755,-0.5309168805486313,0.6370355236419075,0.5055849234825416,0.0003751078019552656,1.0986057471521753,0.8159589015351293,-0.02731184605966175,1.0924132442452814,0.8201425450693192,0.2429330077856916,0.7063849393821743,0.520536717246836,0.1821186681949768,0.9083227114522417,0.7332774873270892,0.09932188538504072,0.9363117646803223,0.771436299842649
98,0.1462272183213733,0.9125321427177392,0.7306707625931634,0.27187667393123505,0.8570539716574914,0.7167785550282012,0.5198124925638395,0.6916887588335658,0.5025767695242904,0.17908880823890594,1.0360935020369249,0.8861428536596669,-0.19431251695839968,1.06725199512148,0.8883092221118325,-0.42938673765709723,0.7574012128346372,0.6268282128264184,-0.010343715151633459,1.0065444947175959,0.6753279998755435,-0.03341413927265413,1.1630815893618451,0.9381755483414705,0.169304204279751,0.8839209044064467,0.6208500112566151,0.07803843346818096,1.003752764662114,0.7402759771532184,-0.02820708421888596,0.9080466346008256,0.6291421287292304,0.30927396491352976,0.7611366835378977,0.6343592715628059,0.552814348462373,0.6106720180941565,0.4484139352503633,0.23069315456126915,1.0494108651126381,0.7154468068500484,-0.04549814995155477,0.9862098949881956,0.7511549257355983,-0.5118872581508656,0.6330638994979233,0.5009127575669696,0.0013945275165675453,1.098045423954401,0.8156754358334348,-0.01881769478975648,1.0878876545722593,0.819077333880642,0.256350416229681,0.7000973681547401,0.5023145330168614,0.19539987553799165,0.9009176042294679,0.733819284211774,0.12252136191296803,0.9241744368408303,0.7580417884883028
99,0.14052568251538633,0.9155740395109947,0.7279005822143869,0.2864002044200019,0.8484632928825037,0.7108075333250835,0.4951630107145394,0.7092198348624102,0.5139364688264412,0.1645320999501273,1.04523933711721,0.8914762626107847,-0.19548141874434521,1.067774139724419,0.8808822048157819,-0.37206337770235165,0.74205860978561,0.6140584555602345,0.01209453370034097,0.9953048032071256,0.6709400292841846,-0.03886561980144543,1.1661453062614342,0.9436693209723052,0.1616873149317365,0.8879641200636308,0.6251439558141345,0.07906064441918581,1.0031961624854542,0.7387949618783692,-0.03893426719518822,0.9127711244756356,0.6384552919466262,0.32487263613178785,0.7524932283637371,0.63011625734165,0.5380894365609419,0.6206446804747314,0.45359438692262244,0.21300137106898043,1.0614089510737943,0.7256853070757717,-0.04261443640396689,0.98484886407591,0.7489959362022831,-0.4983196958776801,0.6302169642047318,0.5027635816593954,0.007589259327899334,1.0946343277030004,0.8164146983872077,-0.01092793174000084,1.0836671460218386,0.8128765912536947,0.26020855004853616,0.6982789163809213,0.5126461620482214,0.1710728021527046,0.9144358000241405,0.7432948210422977,0.11314779347162751,0.9290975197661424,0.7562449246558594
100,0.14270744434369786,0.9144112160515294,0.7306680900412713,0.26818266365837173,0.8592252802243924,0.7187353540064353,0.4976700532860313,0.7074566347443103,0.5082730217735558,0.15865778898788419,1.0489075245671218,0.8955478155608363,-0.22570198999641278,1.081186038543844,0.8960789751789882,-0.41575179893021263,0.7537801267235095,0.6252947507339861,-0.01793525841333543,1.010318916200016,0.676862621574282,-0.027386045375933143,1.1596843940627108,0.9364840676572175,0.15425933407930814,0.8918894061026434,0.6311094192880958,0.08663834719318075,0.99906037191456,0.7353572254839129,-0.021696188424098928,0.905167065747784,0.6283592997169216,0.3012649278966356,0.7655366934013381,0.6423467633706784,0.5417401899400729,0.6181871533517174,0.4560331224652145,0.23037510523419802,1.0496277681157025,0.7161180212881294,-0.06128517686444179,0.9936278839855016,0.7507302989420934,-0.596529020098669,0.6505433678124746,0.5198589716054308,-0.02928491205583117,1.114785057556003,0.8258192822817353,-0.013399033991044806,1.084990790273785,0.8145498159463398,0.24269433106369387,0.7064962798298456,0.5102604366870536,0.17257315442484067,0.9136078641011033,0.7422812861495278,0.09632043682788427,0.9378705647478222,0.7668380523100321
