random_state,nematode_shannon_z_r2,nematode_shannon_z_rmse,nematode_shannon_z_mae,macro_shannon_z_r2,macro_shannon_z_rmse,macro_shannon_z_mae,earthworm_shannon_z_r2,earthworm_shannon_z_rmse,earthworm_shannon_z_mae,orib_shannon_z_r2,orib_shannon_z_rmse,orib_shannon_z_mae,meso_shannon_z_r2,meso_shannon_z_rmse,meso_shannon_z_mae,coll_shannon_z_r2,coll_shannon_z_rmse,coll_shannon_z_mae,bac_shannon_z_r2,bac_shannon_z_rmse,bac_shannon_z_mae,fun_shannon_z_r2,fun_shannon_z_rmse,fun_shannon_z_mae,euk_shannon_z_r2,euk_shannon_z_rmse,euk_shannon_z_mae,oomy_shannon_z_r2,oomy_shannon_z_rmse,oomy_shannon_z_mae,cerc_shannon_z_r2,cerc_shannon_z_rmse,cerc_shannon_z_mae,macro_order_richness_z_r2,macro_order_richness_z_rmse,macro_order_richness_z_mae,earthworm_richness_z_r2,earthworm_richness_z_rmse,earthworm_richness_z_mae,orib_species_richness_z_r2,orib_species_richness_z_rmse,orib_species_richness_z_mae,meso_species_richness_z_r2,meso_species_richness_z_rmse,meso_species_richness_z_mae,coll_species_richness_z_r2,coll_species_richness_z_rmse,coll_species_richness_z_mae,bac_asv_richness_z_r2,bac_asv_richness_z_rmse,bac_asv_richness_z_mae,fun_asv_richness_z_r2,fun_asv_richness_z_rmse,fun_asv_richness_z_mae,euk_asv_richness_z_r2,euk_asv_richness_z_rmse,euk_asv_richness_z_mae,oomy_asv_richness_z_r2,oomy_asv_richness_z_rmse,oomy_asv_richness_z_mae,cerc_asv_richness_z_r2,cerc_asv_richness_z_rmse,cerc_asv_richness_z_mae
0,0.13476862413919788,0.9186353385834118,0.7262281289773379,0.25765430481533547,0.8653838716318585,0.7412388750034048,0.5072186057609445,0.7007005204033546,0.5229899518801108,0.1094985817103582,1.0791160934116184,0.9109064460599906,-0.1731978168342294,1.0577757501355207,0.8742362607360135,-0.3422853834210142,0.7339619614635786,0.5945318923985687,0.009458249124249862,0.996631933489127,0.6683098951463767,-0.03478820197500965,1.16385456898647,0.9533260468469148,0.10956591522198367,0.9151521127426874,0.6516128760541761,0.09742285230057035,0.9931446618698633,0.7399773758347705,-0.014215040953043268,0.9018470328325479,0.6236737291153698,0.2984902530528226,0.7670551593782519,0.6468640005844987,0.5105587572666572,0.6388727603208162,0.4845998055079792,0.13973135705350037,1.1097184444565786,0.7522497207132497,-0.05422353644758582,0.9903166374386108,0.7512815949315967,-0.46480232716371295,0.6231281279875521,0.4863921828783342,-0.0014361464604437657,1.0996005972215797,0.818939227780516,-0.031534821356637766,1.094656235490369,0.825024352745487,0.1650780802716605,0.7418177263394923,0.5365344420153775,0.17593026719167393,0.9117525931590494,0.7427941023673619,0.10660911783598859,0.9325163028736935,0.7607219542435019
1,0.17752502403514403,0.895650071285354,0.701533470644124,0.26098305479995987,0.8634414591526314,0.7401457862807699,0.49216205331098917,0.7113246578021506,0.5335597593266805,0.09766718235092364,1.0862611269805085,0.9175742919550506,-0.21283228456029635,1.0754949063651393,0.8977123151520009,-0.3253444648721717,0.7293156054425503,0.5912701963671084,-0.011667037965698901,1.0072034523619575,0.6776981777022719,-0.03393490213110262,1.1633746051934455,0.9448752838477424,0.11564575686828504,0.912022453717671,0.641211042926941,0.08462114608097215,1.0001629987822893,0.7360129812808895,-0.04839389045415721,0.916917154559337,0.6299949161142331,0.27341099372743005,0.7806460235749683,0.6573575141537344,0.5266021292149525,0.6283147287482082,0.480266616701918,0.12980003920646865,1.116105601104587,0.7468721489986375,-0.06325471729345877,0.9945494473993739,0.7625420891534764,-0.5094967891665314,0.6325632278157316,0.5030117369860893,-0.005981723083055002,1.1020933471129335,0.8261332787550868,-0.023890426744492155,1.090592608688144,0.8227399024322674,0.15225591540821615,0.7474921900931746,0.53721031561937,0.17968102360405658,0.9096753041296689,0.7452406407811982,0.1283731871766287,0.9210876642303247,0.7405276203285589
2,0.17390887227321306,0.8976168511211415,0.7089395428480536,0.2538428497864813,0.8676026147487799,0.7403793538459384,0.49341050440889156,0.7104497719079625,0.5359010151498627,0.11961225411838206,1.072970683924529,0.9100846159491254,-0.24984656837864305,1.0917830169920226,0.9007126796220606,-0.34730836477869986,0.7353339628070278,0.5963678767913768,0.013440755918423197,0.9946264193592083,0.6734015166298069,-0.02261137525125223,1.1569864993742554,0.9385168269280563,0.09172792102631555,0.9242732427714435,0.6640042171317044,0.09221745160014316,0.99600440830225,0.7473649206203246,-0.06318884592884855,0.923364265383804,0.633239707921551,0.30265357431162865,0.7647756120369084,0.6424342487891905,0.5244748030226742,0.6297248873162214,0.4759290339088728,0.12290708235930314,1.12051728423005,0.752345853462798,-0.059351953564185767,0.9927224816533315,0.7541172271188394,-0.6410018866122962,0.6595418912699272,0.5187039060099529,0.002396633968351325,1.0974943381519242,0.8184860103601286,-0.018497196424957618,1.0877165279608867,0.8177995857207866,0.1662624848155807,0.741291375262825,0.5322729448067196,0.17946890782516234,0.9097929071714758,0.7446591084369761,0.12268841699382527,0.9240864601212843,0.7497179521950827
3,0.15671137028956594,0.9069119834832897,0.7221661276069353,0.2577515807946097,0.8653271704062495,0.732976363717953,0.49266307943074605,0.7109736795207418,0.5299526016425662,0.12560673617023888,1.0693115635338484,0.9051616665410159,-0.20200839309356833,1.070685037194734,0.8867222257907822,-0.3232185543175703,0.7287304436092138,0.5879583688884589,-0.003386868363393969,1.003073165436032,0.6767323011512447,-0.015464763525384617,1.152936558931395,0.9381896354002285,0.09416423311833244,0.9230327938989016,0.6617282822153319,0.10519685793912259,0.9888583750628996,0.7334409466029033,-0.02795493139360139,0.9079352851619248,0.6317807904342326,0.2842898790214262,0.7747798547352133,0.652764137009096,0.5170299612683418,0.6346352419568886,0.4845585289003128,0.11432117807653419,1.125988326256502,0.7533942336069249,-0.04566795514929711,0.9862899796670257,0.7506791552056233,-0.5220319277652121,0.6351842583018619,0.5023091923066112,-0.013043506116153791,1.1059548156361225,0.8262268735216669,-0.02376933497025102,1.0905281165826617,0.8246616175611476,0.13161910978489844,0.756535661004753,0.5381587376146095,0.15730962988977082,0.9219960088246428,0.7523504378751424,0.1285800742496065,0.9209783442569596,0.7499783010590061
4,0.16358445180096493,0.9032086056520926,0.7083542860230673,0.2681944454882531,0.8592183636850297,0.7331062132371851,0.47032220104650435,0.726459109729337,0.5497749739774243,0.10823642460222016,1.0798805682047081,0.9188598796217501,-0.1879559799119186,1.0644080670983114,0.8745430390655097,-0.3644678552836711,0.74000180067289,0.5989853957827579,-0.009189597460939058,1.0059694415328506,0.690276025325464,-0.0362439511546615,1.1646729417063408,0.9473083201154999,0.0974655878072116,0.9213492435862143,0.6577146404352042,0.0916446494523141,0.9963185933989834,0.7434735588727269,-0.02612886606702003,0.9071284958539622,0.6258359877478824,0.3059057137991822,0.7629902271633903,0.6473849935911795,0.4831391736919932,0.6565244417438719,0.5058462337197308,0.1420740913912968,1.108206388945714,0.7525005319290264,-0.06061469137339248,0.9933139634905983,0.7508951138780023,-0.5982609387902689,0.6508961277095079,0.5127410694290867,0.0006496720239826947,1.0984548612798897,0.8250009023696124,-0.026258396979727205,1.0918529971776345,0.8241367426412655,0.15466915508413293,0.7464275035734946,0.5280700375905818,0.19140217426981965,0.9031529611051304,0.7398788885085099,0.14348971382100317,0.9130655701962664,0.735170449802323
5,0.1698727089175348,0.8998069931167603,0.7069481861591294,0.23553477657686983,0.8781820713214233,0.7514083609598352,0.49845806047330266,0.7069015217962882,0.5338513704071285,0.1233761652635389,1.070674597856229,0.9045835468696873,-0.20232752045065228,1.0708271585860012,0.8829674244128626,-0.3783791449985521,0.7437645399313599,0.599278022621101,0.027159773629777728,0.9876866091607246,0.6666478910521679,-0.028834951544232768,1.1605018481642637,0.9402405319954272,0.0996955247627761,0.9202103278063731,0.6520774709006524,0.08767364484920404,0.9984939926896603,0.7409084675824185,-0.022210034033926407,0.9053946567196421,0.6343656874660005,0.2625480187557854,0.7864599548365291,0.6663303618446835,0.5082408984644959,0.6403837361804176,0.48630584063940174,0.12738201390526072,1.1176551871390197,0.7404653052647354,-0.06684360872901007,0.9962265258289388,0.7612734036321335,-0.6125584355920255,0.6538009929799519,0.5175538840243826,-0.01515224401374815,1.107105287667825,0.8257817993061356,-0.0232148631951532,1.090232762476133,0.8168018293278766,0.15947552493201367,0.7443024653070127,0.5330299928987325,0.1551353342829681,0.9231847019021823,0.7582243354316398,0.14127034612484135,0.9142477610317344,0.74131351150066
6,0.18848902623265917,0.8896603113086804,0.7015366560808123,0.2613838065921049,0.8632073152418769,0.7408708919739659,0.4967444708340625,0.7081081070425683,0.5360803322366225,0.14497388282419443,1.0574030336012719,0.9043913432677219,-0.2224708714164303,1.0797600207749902,0.8987207509093808,-0.40002421313913117,0.7495815622330388,0.5969620529569332,0.0476566392838258,0.9772263862170147,0.6590214163332523,-0.02011752375117859,1.1555748615473511,0.9317414276950566,0.1003186183015703,0.9198918375804905,0.6536554558494163,0.10427722300718079,0.9893663947185054,0.739036778456057,-0.04287437519988546,0.9145003067582362,0.6403119942293628,0.30885968558211707,0.7613649042172161,0.6470972597478339,0.5210395957613814,0.631995369247528,0.485404955606482,0.16241402237904046,1.0949907663218816,0.738714802500703,-0.07780292374747155,1.0013303968324248,0.769712124036317,-0.6226629035379136,0.6558461884782671,0.5193496345573229,0.027341679109149197,1.0836860647260251,0.8090235376783127,-0.033110751516253645,1.0954920984010519,0.8291471635849474,0.1679698214588542,0.740531974063862,0.5264275389568234,0.15248841542002178,0.9246297168125291,0.7575505468970969,0.1129754301544943,0.9291878023120653,0.7546543690155845
7,0.169680877927483,0.8999109536161635,0.7080703725278905,0.27347886040866276,0.856110507512336,0.7375638577267692,0.5101864990546708,0.6985872658316167,0.524573039333411,0.10825674400629959,1.0798682652495173,0.9105849341930359,-0.19978108447791443,1.0696925933093226,0.880731998676394,-0.34770706420668707,0.7354427558464526,0.6016076769259072,0.003138764417378148,0.9998060484704363,0.6765535761223227,-0.02938544682882216,1.160812279570257,0.941184756969711,0.08295707798634877,0.9287252010112821,0.6575586949915632,0.09677390868173819,0.9935016280792782,0.7347381822286586,0.012436976671289401,0.8899185664153111,0.618777870848978,0.3126487328657034,0.7592750157050071,0.6444187044549073,0.5013667938670303,0.6448440376620366,0.4907413886423011,0.12190325584989747,1.1211583128387586,0.7482275825629842,-0.07178349374359017,0.9985303128114972,0.7554853067810908,-0.5600603386664236,0.643070434430101,0.5061807992273853,0.01063757048544589,1.0929518830370404,0.8156265481057015,-0.029159804161533742,1.0933953349753192,0.8233674946669247,0.1672010740300699,0.7408739992875377,0.5295712248651541,0.1934157465609888,0.9020277433027218,0.7408790215220059,0.1282599186015928,0.9211475103114947,0.7477123700674728
8,0.180847049879718,0.8938394489067446,0.7169039712459376,0.2387487894201734,0.8763340727186009,0.7535613864546196,0.4776287544729141,0.7214311998950352,0.5498155325490728,0.12000856760117418,1.0727291536346584,0.9157049419423722,-0.20296827878514367,1.071112459397441,0.8832911380154831,-0.31033966037262317,0.7251754033112917,0.5831789009002841,0.004891179496302245,0.9989268659834724,0.6720981731671597,-0.039822878476986734,1.166682452575308,0.9509381796595501,0.08463244135446057,0.9278764602145925,0.6717034029039736,0.08571079916121771,0.9995675321018214,0.744534117101573,-0.05279674547009883,0.9188404887589788,0.6417881918904784,0.30451029841297983,0.7637568043744337,0.6492062794179464,0.5193181547678489,0.6331300840698977,0.47690003109020895,0.13806319161331526,1.1107938628268115,0.7507814822494812,-0.06582548763781282,0.9957510478234821,0.7531119956157288,-0.5746580970743791,0.6460720904867838,0.509772457342023,-0.02060811725609768,1.1100763356957766,0.822760465165789,-0.03209252659041706,1.0949521115986718,0.8223687302964283,0.18567426059164294,0.7326108673484861,0.5201563028821649,0.17676915245288194,0.9112884027315646,0.7471307704730031,0.12541234339473806,0.9226507670131763,0.7441278159565973
9,0.1792194115385507,0.8947270275863958,0.7048593643293313,0.2331861859312513,0.8795300126452309,0.7571547870492871,0.46061100791897003,0.7330883680502506,0.5526159859030326,0.13277720314843244,1.0649180900089013,0.9016780474503466,-0.2199732986743308,1.0786564533675633,0.8846185698765077,-0.3254210101181827,0.7293366659433819,0.5926839191181916,0.023748061137400245,0.9894169824877236,0.6678222243702103,-0.026566370990616095,1.159221689089887,0.9360051928951696,0.09026749672939016,0.9250160207145026,0.6594451091384012,0.08326432665841488,1.0009039696278486,0.7581306961011759,-0.053299724031715456,0.9190599527168306,0.6275730520813402,0.29317280376236077,0.769956813130446,0.6520242973322755,0.5054538271430062,0.6421958769475646,0.48901775464780994,0.14661583003213696,1.1052691523734137,0.740942353102433,-0.06594122360932886,0.9958051097162951,0.7544468985106269,-0.4961304350627582,0.6297563770331639,0.495132477990779,0.027270239805151975,1.083725861001382,0.8109967555760029,-0.017823571237929325,1.0873567653396554,0.8261652014646437,0.13779162546309698,0.7538421102261357,0.5417238947335077,0.17634626603186454,0.9115224330855765,0.7494256689548008,0.10063689688228405,0.9356279962721357,0.7663501646571366
10,0.18316830430846542,0.8925721027175753,0.7079389616660728,0.2547444017843876,0.8670783114667826,0.7418121311567315,0.45938389013692127,0.7339217876453366,0.5466477430713292,0.12448837360494158,1.0699951780643184,0.9046518544803458,-0.1936719796833819,1.0669657608406022,0.885935797963681,-0.33122205439680785,0.7309309876511169,0.5948963441966777,0.010627012893602017,0.9960437850850189,0.6760247514200636,-0.035180841662631135,1.1640753543380506,0.9423423026132671,0.1004224961815362,0.9198387303503963,0.6580645337037851,0.08576318144046213,0.9995388976306265,0.7423317631862971,-0.030440107097893465,0.9090321312093868,0.6309691193520679,0.28533514099717583,0.7742138827022735,0.6508741685001485,0.5266438977077275,0.628287009635245,0.48663206728679465,0.13033952215921207,1.1157595810386114,0.7482661831040622,-0.013344415062875203,0.9709262893588839,0.7408541773907275,-0.5939171323870676,0.6500110123971597,0.5113443843119901,0.00811463452621286,1.0943445435258383,0.8176323941304073,-0.024961938465918987,1.0911631175821803,0.8186833611257992,0.15694558022915428,0.7454217838349719,0.525773804074833,0.18989692732347052,0.9039932033748512,0.7428246907866434,0.12379843846555805,0.9235016733146171,0.749313200933524
11,0.1670353324929158,0.9013434522112871,0.7060342966772086,0.24158584971110553,0.8746995706518338,0.7483699159020579,0.5003846564976238,0.7055424888147354,0.5318307741456341,0.10614122947143034,1.0811484115884857,0.9112394552044252,-0.1778805632370577,1.0598846710116556,0.8713473737329492,-0.36517346028156106,0.7401931138943492,0.6041282219248281,0.02124744916718524,0.9906833388099151,0.673136243765196,-0.02537113225248988,1.1585466473957855,0.9347083281657949,0.11215684435541551,0.9138197167572844,0.6442582988407396,0.1043418859742904,0.9893306824853599,0.7325382304664312,-0.013625597890926322,0.9015849263192416,0.626747157255591,0.28889084672581944,0.7722854897099407,0.6526139151869651,0.5456298686032612,0.6155579968001001,0.46888459839427915,0.12790088096538232,1.1173228534593669,0.753975712019933,-0.04995461606367413,0.9883095340293957,0.7562739352217993,-0.6066315622893648,0.6525983814314931,0.5108897987373802,-0.0019060673166697573,1.0998585590757928,0.809742313913387,-0.029452198867897073,1.0935506462798061,0.8257282807060203,0.16232658939842826,0.7430390536289195,0.5253212678069046,0.20093711603413034,0.8978122045372918,0.7363116790985302,0.12762844282187813,0.9214810828133818,0.743309470322084
12,0.1323107766157019,0.9199391888936116,0.7244995206837999,0.26372247990472186,0.8618396492880859,0.741589176427814,0.5047273357118165,0.7024694929376911,0.5292154633990781,0.12623858474367777,1.068925144107214,0.9161131996296933,-0.18466581517257574,1.0629330519657039,0.875808415929081,-0.39183045836700536,0.747384850093459,0.6006233654918194,0.011542210190866098,0.99558299451469,0.6754609803131737,-0.02812974004032065,1.1601040489143664,0.9399646592760248,0.10045272140280903,0.9198232772279131,0.6505630575691853,0.10982236154583014,0.9862992119671943,0.7371872183604139,-0.05220053022840743,0.9185802750524332,0.6407671987987392,0.2937538699935831,0.7696402662486534,0.6516152224566667,0.5097034785537995,0.639430718788133,0.4880918422908296,0.11232578841193497,1.1272560100731714,0.7597375451578371,-0.04851661055823708,0.9876325135774571,0.7483335165123535,-0.638598833441866,0.6590588038034016,0.521233431824101,-0.018812473581137468,1.1090993793909782,0.8209610777601438,-0.028015216839517132,1.0927871521696482,0.827622605895886,0.1749458472813974,0.7374210026976782,0.5291487317878536,0.17812804322850662,0.9105359692818946,0.7482756577408746,0.13234756952177684,0.9189853097302613,0.7495001867758471
13,0.17337619889436628,0.897906201492275,0.7084770211190513,0.255476896198759,0.8666520911459481,0.7394697301151935,0.47743192353713093,0.7215671057334762,0.5453211758215268,0.10834820835673464,1.0798128838482286,0.9165668668147476,-0.2404104365377897,1.0876538192613683,0.8994917258566637,-0.3238906528298795,0.7289154910710478,0.592499896425658,0.02746422145335692,0.9875320500872953,0.6617449774188214,-0.012044470288557152,1.1509932579969733,0.9261640209708581,0.09696575414912645,0.9216043350341155,0.6542349573578143,0.09012517855473279,0.9971515518567234,0.743151481621179,-0.04445488546054799,0.9151930219778566,0.6302620940165681,0.29199039367688306,0.770600551998614,0.650691275031949,0.5054556537889026,0.6421946909455177,0.4954894740528008,0.12934388489884752,1.116398091163814,0.7524720694789347,-0.08679006634577657,1.005496472638487,0.7629345586534481,-0.6147305511877181,0.6542411796407025,0.5154157425225367,0.01943958855513983,1.0880792122572966,0.8206195697670785,-0.02333829996611647,1.090298521271394,0.8250729624825073,0.13661870513791963,0.7543546871480153,0.5375460247252606,0.19845544108632562,0.8992053056489282,0.7356962254677343,0.15022601608802633,0.9094679327387769,0.7388283174291058
14,0.14714351512319723,0.9120423316296541,0.7270979566026721,0.2487002872728089,0.8705872671634842,0.7510723324371763,0.5043253800413598,0.7027544918378118,0.5316897764158365,0.12774605406039485,1.0680026568931964,0.9093384786485252,-0.17848161218996972,1.0601550555246522,0.8778488779100336,-0.3329893762537668,0.7314160163686663,0.5990125237615022,0.03155305042528889,0.9854539246491488,0.6626596319421525,-0.028711968671020216,1.1604324851839343,0.9415946274713187,0.09329705079075046,0.9234745109722948,0.6696227415687296,0.10075904899709409,0.9913074818666655,0.7464370830465389,-0.018158685400951002,0.9035986896782745,0.6252608547637487,0.29434020834482455,0.7693207152539377,0.6476082195082233,0.5344618020841818,0.6230770439927242,0.4716810951991322,0.12948983489830934,1.1163045151083673,0.7469081801353566,-0.052073131941996254,0.9893060982246167,0.7509771433708338,-0.6212858655725764,0.6555678445336461,0.5181731189988246,-0.013278309431432156,1.1060829773637109,0.8241729856661189,-0.017559841200556647,1.0872158827608116,0.8170276954553493,0.16632813295104099,0.7412621902053437,0.5295383969818253,0.18705773647696022,0.9055759429238102,0.742403245202899,0.14364819297164877,0.9129810945323376,0.742574994841249
15,0.15208930594799286,0.9093939791243995,0.7184827134636202,0.2780986438338654,0.8533842602666718,0.7311505311052136,0.49799966525832495,0.7072244920629935,0.5360558246836641,0.12156399165194642,1.0717806860559127,0.909065783374242,-0.2112122793846416,1.0747763859502548,0.8867992492052473,-0.30123809901059984,0.7226524965286543,0.5916356618589695,0.022531440255249335,0.9900333042157207,0.6672933215096191,-0.04319763376812058,1.1685741585690244,0.9444008224719351,0.10258686160149033,0.9187315071979769,0.6517112158614464,0.08046999824446732,1.0024282510713274,0.7448336025101998,-0.044644234487183576,0.9152759758024067,0.6324411083336223,0.29074368465761724,0.7712787151899745,0.6588738249496399,0.5049588115377641,0.642517199291421,0.49714829684951983,0.13477682264189483,1.1129094503360484,0.7525353233034622,-0.07779022847991923,1.0013244995600896,0.7607201006282179,-0.5393689966028252,0.6387916238843008,0.5070597513036568,-0.004725133435093509,1.101404809836924,0.8197482079239845,-0.02281209093709391,1.090018164961688,0.8267122407728708,0.12272460226147008,0.7604002492201787,0.5486385729030099,0.18012648872865533,0.9094282760448444,0.7425387443906342,0.11133501473321195,0.9300466003569904,0.7579611813206375
16,0.13703550205196513,0.9174311520593627,0.7270347278378858,0.2658492138127476,0.8605940394102831,0.732608907098908,0.4945077529654369,0.7096799547652596,0.524621726728406,0.12479369232083548,1.0698085911415107,0.9149170920031588,-0.18525437283226598,1.0631970587849648,0.8804026555185019,-0.32006555127399317,0.7278617059081411,0.5923873525974457,0.0160079829660148,0.9933314666420028,0.6606381847396274,-0.01842518989913766,1.1546159376205838,0.9320330850927234,0.07763956741753064,0.9314139343315284,0.6594411283233561,0.06167189310357413,1.0126228163052784,0.757722462109059,-0.03647952807450561,0.9116921630216348,0.6308999384231375,0.29298497300539095,0.77005910967848,0.6459732224967346,0.5239588474470054,0.6300664275573111,0.4848325596040281,0.12928371995154675,1.1164366637246785,0.7524815119149421,-0.056737547374482666,0.9914967402579868,0.7530033224659686,-0.5683177587122483,0.6447700785042433,0.5073093680480834,-0.01320744550962516,1.1060442995654474,0.8233428486309937,-0.01703276823815636,1.0869342696812545,0.8179319501852804,0.17135687339794325,0.7390231477220729,0.5281299469988249,0.16492238449876762,0.9178219648061655,0.7554754514477044,0.12144293920566174,0.9247421684194932,0.7556048128774843
17,0.1566852598753854,0.9069260235541416,0.7143362841614835,0.26396973771658816,0.8616949250002639,0.741099925973684,0.4912408137678227,0.7119695519959034,0.5309950856851272,0.14725365465018947,1.055992406122227,0.8887122253164662,-0.18366366293095582,1.0624833698276155,0.8766391141573072,-0.3771834028439436,0.743441862539561,0.6070786368963426,0.0023975531498030556,1.0001776798364597,0.6730447670126705,-0.02105967841214751,1.1561083682030417,0.9357066193814393,0.068691039231906,0.9359212101670548,0.6721094242142297,0.08775569100833436,0.9984490940421125,0.7447204602528981,-0.04143642182178264,0.9138696160226043,0.6335946090834381,0.2959194961150583,0.7684593516316456,0.647830801021911,0.5124735846606991,0.6376218135235743,0.49103642708908907,0.13202172763738562,1.1146799382024108,0.7497480059745476,-0.07286872959340274,0.9990357165274444,0.7533333798042291,-0.586157193869739,0.6484268021594686,0.5074647649764881,-0.017023133762748666,1.10812499604363,0.8214274527625852,-0.02100697296529308,1.0890558766283134,0.8244582940822656,0.14913833354859096,0.7488653813549064,0.536030735703288,0.18813289889381168,0.9049769069281562,0.7520052167062091,0.12860575419213183,0.9209647739652482,0.745951778619443
18,0.16664048506682538,0.9015570572958108,0.7172520442342573,0.23897521388780107,0.8762037358272111,0.7482695732592555,0.4800915492378004,0.7197285448200881,0.5422639382699395,0.11638612967126016,1.074934802361281,0.9019195304328285,-0.21947205640918432,1.078434840422763,0.887761448246724,-0.3198146374301498,0.727792527806522,0.5913316693309367,0.009748671424346989,0.9964858188214452,0.6708178401276192,-0.018130367426047123,1.1544488014533387,0.9356797271913566,0.10278188598192817,0.9186316731467028,0.6568437349253962,0.08818219672172667,0.9982156620410556,0.7475954747925281,-0.04309578396023084,0.9145973786771332,0.6301503977881191,0.2850968881739625,0.7743429244971766,0.648089634134536,0.5259230176719734,0.6287652407721367,0.4823295097418608,0.13838193225967788,1.1105884603608465,0.7458345169909126,-0.06178052246678423,0.9938597405098221,0.7453589105076261,-0.5065431636755466,0.6319440579925906,0.49295849639748063,-0.009346849185055461,1.103935123502358,0.8272791465510382,-0.02584520503942822,1.0916331742369119,0.8244853154181333,0.16790360628942202,0.7405614402273877,0.5299186113914606,0.1703334293239387,0.9148435308158233,0.7489303500648186,0.12916825587682546,0.9206674757742994,0.741912091493421
19,0.18660837640308947,0.8906905939093687,0.7007136151151543,0.2664433940151676,0.8602457107998054,0.738715334183338,0.49142490992519927,0.7118407260980246,0.5382855808918326,0.13784689665811334,1.0618008278053503,0.8932385746311696,-0.1937687385502458,1.0670090040044367,0.8900034083183453,-0.34826657341317957,0.7355954018867794,0.598971323426293,-0.013410866360152207,1.0080711458247407,0.6865133574924528,-0.0255705616422639,1.158659307587943,0.9367909557418383,0.09707673353572621,0.9215477025050183,0.657753101779789,0.10246780661636357,0.990365181766315,0.7340231361366741,-0.016845169893152878,0.9030156401229157,0.6212526969078531,0.2997675509929455,0.7663565202162386,0.6430119895981576,0.5090562319633418,0.6398526398461282,0.489111361540134,0.1318090398504661,1.1148164993901555,0.7417519242355429,-0.05610228753956936,0.9911986753573591,0.7494292540637691,-0.5977871458340878,0.6507996438214841,0.5117434768325558,-0.0005245497097776664,1.0991000058680143,0.8203356540169692,-0.03215570541714241,1.0949856244520806,0.8321872091993734,0.15922741378431526,0.7444123110749857,0.5256218202717686,0.19291347072971132,0.9023085547748271,0.7334829963072996,0.14314852570927872,0.913247410452609,0.7355938656491534
20,0.15530898721569353,0.9076657643627682,0.7224287327919259,0.23885402897756514,0.8762734960020702,0.7475296874481443,0.49526600686790234,0.7091474841407486,0.5349161096043346,0.12189722064481334,1.0715773802532698,0.9088823646962897,-0.17970727443051926,1.0607062114907257,0.8807372315088392,-0.340285497468944,0.7334149885993239,0.595810465072848,0.004094370822497306,0.9993267188958664,0.672940240253662,-0.02390420208656896,1.1577176230307173,0.937503047452631,0.08209354202431973,0.9291623664269099,0.6673676974415133,0.07532334571919319,1.0052296555992646,0.7564440125408484,-0.06578924364388494,0.9244927798231496,0.6357450801342464,0.30648086666609187,0.7626740403195906,0.6434821574359829,0.5175100494419165,0.6343197393344419,0.48626081099660223,0.14056393599038597,1.1091813146507243,0.751497736436226,-0.06504225124249863,0.995385109963749,0.759378767753057,-0.5829459678060864,0.6477700891878149,0.5120651134411931,0.022396543761236787,1.0864373803526919,0.8208448444318253,-0.018518870078115368,1.0877281012206987,0.82307986844171,0.16198721940004668,0.7431895535876368,0.5258664427535781,0.19351363696577295,0.9019730047308901,0.741985055916536,0.1460724271632321,0.911687906047038,0.7422218796757685
21,0.17322499404875324,0.8979883195974797,0.7061142763519906,0.2720327099261186,0.8569621338947591,0.7290435215641837,0.4966083263035521,0.7082038819730179,0.5316996861661889,0.12585948416433856,1.0691570072848275,0.9022688298479882,-0.19619612231312944,1.0680932697216394,0.8836924639261934,-0.36843893159365937,0.7410778497071248,0.5971929579975128,0.007606347554500625,0.9975631422895526,0.6808642024980577,-0.03254900923954196,1.1625946463956789,0.9432327167779713,0.07098265239382306,0.9347690198335918,0.6634709422961417,0.08714739440365993,0.9987819281161713,0.748291576122282,-0.04739499185024898,0.9164802359810177,0.634568517694885,0.29894145943447925,0.7668084373229016,0.6429212740606683,0.5005884310965762,0.6453471398059124,0.494426213092382,0.11566134050547416,1.125136110711363,0.7503056739018341,-0.043508028496975326,0.985270815202476,0.7502872214753215,-0.6683329248480969,0.6650115763960907,0.5193257876220859,0.008157993381877393,1.0943206244081056,0.8190009283085753,-0.03194502875068972,1.0948738682060124,0.8253132627630507,0.16779181780928043,0.7406111841381746,0.526187777831047,0.19269237130617212,0.9024321389463016,0.7372342262286223,0.1566677618558232,0.9060142460142693,0.7337632805287145
22,0.18224577148215315,0.8930759976476645,0.7032917712652954,0.25484511205456306,0.8670197230834508,0.750292904220538,0.49128518847008196,0.7119385018186499,0.5352855636649441,0.1357377928446276,1.063098787666802,0.8989943295782589,-0.1961689527041972,1.0680811396701015,0.8802774598195251,-0.3707079235503572,0.7416919813282675,0.6044419337925617,0.003700623933621139,0.9995242491087695,0.6825306428430564,-0.02773547095928741,1.1598815881692115,0.9406266327736401,0.08092633591991405,0.9297529382801843,0.6658952077617548,0.09339247803871786,0.9953595895199406,0.7442514331658057,-0.0357599164919582,0.9113756212396719,0.6292701573939167,0.2926645767460395,0.7702335728110158,0.6491234108618418,0.540289407724325,0.6191649242608849,0.46968288232001565,0.1512535710860876,1.102261752203299,0.7382595640025288,-0.057884607339683924,0.9920347157268368,0.7479931891208405,-0.5896658668791137,0.6491435851000994,0.5088108799420736,0.007793512924743395,1.0945216755042186,0.8097056581973977,-0.039002137151118665,1.0986112177675837,0.8235006473455336,0.18022371266488635,0.7350585801545028,0.5183563702952735,0.1703505701463347,0.9148340804823822,0.7511126970992154,0.10978351027072253,0.9308581222518016,0.7562897031144764
23,0.14187005616622128,0.9148576973857919,0.7223852280627604,0.24660529913730866,0.8718002320267486,0.7518521149823566,0.4937918196827725,0.7101823400432696,0.5379161513178428,0.11117245246432916,1.0781014119894394,0.9223173841326295,-0.20734182801045398,1.0730577779215666,0.8882740735810785,-0.3841876853791464,0.7453300179742046,0.6032985794431504,-0.005904515313893466,1.0043308069394539,0.670102095587617,-0.017307203512539893,1.1539820180323543,0.9354969429930747,0.10306368851884529,0.9184873977123751,0.6549158740936957,0.11647347449425183,0.9826076527311075,0.7358564382276396,-0.007604521630908856,0.8989031682975603,0.6228918438865998,0.31142331793836897,0.7599515348727928,0.6479513577456355,0.5143172582017101,0.6364150276520086,0.4882015794064468,0.13863506323640817,1.110425310931391,0.758971604725472,-0.0939166948560255,1.008787858423434,0.7652654161127473,-0.5745352860050073,0.6460468956995469,0.5168577709326964,-0.02106040418013766,1.1103222760284055,0.8280382671012784,-0.020838502224355793,1.0889660233636191,0.8198172269315719,0.16815070262992593,0.7404514748374321,0.5308968760970616,0.1845405769265086,0.9069768525835479,0.7468169094254853,0.13908462565380775,0.915410536821548,0.73950564345355
24,0.15425653006968876,0.9082310491408903,0.7156055721554573,0.2774821178565078,0.8537485907080871,0.7234984823184683,0.4925739145694328,0.7110361538665128,0.5352123584617758,0.12513464762108162,1.0696001874555288,0.8982398663068061,-0.2422788684033763,1.088472678201759,0.9062657961424975,-0.32178740252285376,0.7283362509681353,0.5882119610982721,0.007562495840701455,0.9975851821172297,0.661381712925981,-0.02063183289486803,1.155866125942454,0.9343199971565765,0.10843586978095865,0.9157326360995752,0.6551291004908565,0.09805403508423294,0.9927973422838877,0.7389263549179743,-0.026053842269587957,0.9070953336114944,0.6319583504512724,0.3256765213340507,0.7520450919214543,0.6348590607739109,0.5016404161100834,0.6446670860650486,0.48460176655094045,0.11857910017078199,1.1232784575043964,0.7521588595933467,-0.06884271152921917,0.9971594775401352,0.7596026337583549,-0.5447717420835954,0.6399116300889643,0.5005834200511198,-0.013737081895675463,1.1063333444071017,0.826849740805476,-0.027093687681441825,1.0922972464807084,0.8198258853945639,0.14661735594824998,0.7499739496580831,0.5353382530637049,0.1834199290501085,0.9075998466261791,0.7400288862438661,0.1283561422118924,0.9210966702807187,0.7433393266346611
25,0.1408607914083735,0.9153955310265686,0.728341769120021,0.23575097034163361,0.8780578858729958,0.7471339793181883,0.48895775884861603,0.7135652441666485,0.5399200186832627,0.13519436314952982,1.0634329620986889,0.9055529470262632,-0.20666412979628657,1.072756574318817,0.883128855701618,-0.3437908390068445,0.7343734378550363,0.5913433687483994,0.028226061754563547,0.9871451804592583,0.6615824552472568,-0.02644934763194029,1.159155614510792,0.9387940366554921,0.11296719758645868,0.9134025902615512,0.6491083167791576,0.09533066079017816,0.9942950599856628,0.7391146823878311,-0.03757324756143121,0.9121730565394547,0.6362054278419351,0.2850189055231308,0.7743851565607017,0.6580410092121977,0.5006016998405713,0.6453385667137008,0.4898889257293809,0.12774381883872832,1.1174234619791754,0.7509319505502225,-0.051590598109020336,0.9890791993529808,0.7551635918589498,-0.5311772663416869,0.637089696389471,0.4960543055385113,-0.011536919328300366,1.1051321279337032,0.8304685352136149,-0.025733216864795017,1.0915735875943358,0.8251632065224005,0.16761097009855763,0.7406916511200632,0.5233453120899729,0.148665925788936,0.9267125268224292,0.7623514769456412,0.12316461183409033,0.923835634222083,0.7436693085521769
26,0.16999815414430852,0.8997390030878875,0.7094761431317445,0.25961873524566026,0.864238103185241,0.7375085459345974,0.5020423054434076,0.7043710741636398,0.5262939191621117,0.13991168788640074,1.060528599440537,0.9035036760662624,-0.21111328892832049,1.0747324651691443,0.8848331002720158,-0.33565139370493435,0.7321459813365618,0.5930892831432892,-0.007976395499409872,1.00536459428014,0.677424500005277,-0.024888307918573105,1.1582738484254964,0.9396627053264174,0.08567590218059173,0.9273474493225481,0.6705774227496885,0.11421676968035444,0.9838617414339039,0.7293661161108393,-0.0162300867097942,0.9027424845971826,0.6294513589924119,0.3161676103205079,0.7573289772006592,0.6498575234554979,0.5059209652851018,0.6418925027826732,0.48774258967558404,0.13149860275852376,1.1150157927926077,0.7480268020317359,-0.06615505770626684,0.9959049868969541,0.7525159812632981,-0.6097617253408136,0.653233793246351,0.5194387364857234,-0.013218818502028773,1.106050507079108,0.8186585906583984,-0.02706115649102303,1.0922799481507142,0.8284714975679195,0.1757457250649418,0.7370634566466223,0.5374984838799302,0.17989077089184768,0.9095589992949681,0.7473007199903452,0.11550892564281368,0.9278598929654461,0.755701289635929
27,0.16662143114198236,0.901567363833334,0.7048049105452847,0.2635997098881766,0.8619114996806089,0.7420067745372818,0.4769170175723556,0.7219225117998196,0.5403587485861353,0.10987018124779857,1.0788909164073373,0.9083418941846113,-0.20783319686630652,1.0732761144042233,0.884324946933744,-0.3819029534261231,0.7447146452914584,0.5986762588561083,0.025619021017962318,0.9884684326408233,0.6715202530107065,-0.019308349977129158,1.155116460260204,0.9374819797037818,0.09637320844837516,0.9219066508852232,0.6585874227951068,0.09681918063699135,0.9934767293715813,0.7368929107884771,-0.04098579691275184,0.9136718809708303,0.630657816138666,0.3223336537883982,0.7539068683693716,0.638962982790145,0.5064189327624584,0.6415689491123171,0.49218364463612685,0.11860247575702854,1.123263562539597,0.7522475040867179,-0.057056969983116934,0.9916465799919497,0.7585061626113113,-0.6325067709308514,0.6578325225078759,0.5069054970181561,0.0064563144185626475,1.0952589716108643,0.8173637888375221,-0.01829655504135963,1.0876093839750285,0.8121612533137247,0.16933600347292477,0.7399237526728802,0.5263565134645264,0.18511008823500485,0.9066600840375835,0.7463535074407753,0.1467098962710307,0.911347548504717,0.741261202102778
28,0.1459784633602208,0.9126650705707673,0.7273094191960945,0.2435396790210259,0.873572141944337,0.7477025858525065,0.47588705002740417,0.7226329068232602,0.5511988554222654,0.11194631321358062,1.077631983445916,0.9136314556211247,-0.2083024559166522,1.0734845850866335,0.8887011978578357,-0.3069407715949384,0.7242342767295519,0.5882903699693387,-0.004465503512569358,1.0036121695785085,0.6734930988078678,-0.0187741442853524,1.1548137301499184,0.931434853597437,0.10075378511818123,0.9196693394670007,0.6548176459818977,0.08324909932531555,1.0009122822938108,0.7468143617381028,-0.01775345893564051,0.9034188559506604,0.6296376533188272,0.2906094792654552,0.771351682369918,0.6571610332959713,0.505280578069544,0.642308353905589,0.4936400684664972,0.12988751612430782,1.1160495013940932,0.7562939368681093,-0.0648821030633353,0.995310270160119,0.7585222044267093,-0.507553128045338,0.6321558455027857,0.5039057307325533,-0.011476504029937384,1.1050991247467075,0.8220917671323278,-0.028777796129650257,1.0931923905127097,0.8245950949663198,0.12789812801630474,0.7581547928129816,0.5459926656398271,0.1655972102404486,0.9174510441544032,0.7479144431054108,0.12347322714864362,0.9236730410373869,0.7425228540263349
29,0.17322289266091762,0.8979894607909839,0.7189351089685537,0.24702179466226015,0.8715592221738946,0.7509332399569043,0.4982295731483981,0.707062524928295,0.532162586454592,0.13021549652773545,1.0664897715436312,0.8988263074947105,-0.1970695175158117,1.0684831294196708,0.8901161373324368,-0.36868989986968703,0.7411458025033522,0.5971931672305973,0.023053990943251,0.9897686349637541,0.6680301391998554,-0.018836986351007168,1.1548493463665133,0.9380038204391921,0.10428002119073865,0.9178644074138895,0.6605501686211316,0.08622438345292005,0.9992867487919074,0.7415681244184594,-0.03410965303892333,0.9106492900631262,0.6346577108519471,0.2969183140695374,0.7679140848608534,0.644475091735061,0.5246485592776746,0.6296098264992787,0.48210731530923334,0.13717118123427874,1.1113684893103613,0.7454736555631172,-0.07432125434988635,0.9997117700113028,0.7704331253965647,-0.6587933131220916,0.6631075658362171,0.5178224208713164,0.011395253692128793,1.0925332953326814,0.8126600433529778,-0.02911205233049241,1.0933699685381828,0.8303823926770961,0.1365752568640396,0.7543736677518996,0.539964458598594,0.18416232111454545,0.907187181559848,0.7412516094791706,0.13315363448979267,0.9185583334644438,0.7451491138990419
30,0.15386786184463797,0.9084397176175676,0.7187295845881633,0.26363649174822157,0.861889973953052,0.7394489860918825,0.4897379605192328,0.7130203406349425,0.5304744213175889,0.11663196348435156,1.0747852609650854,0.9135815525681157,-0.19571115555908913,1.067876732387839,0.8830741155695705,-0.3490209033822931,0.7358011490579798,0.5999504929990681,-0.014187122252512285,1.0084571547973324,0.6779030478050561,-0.029917445795021314,1.1611122018033382,0.9412422497330882,0.08928165943308364,0.9255170846935952,0.6632632943161797,0.10464355600885211,0.9891640583285647,0.7411818521747687,-0.0510779761302127,0.9180901445140596,0.6347515263276494,0.3064423081783444,0.762695241716556,0.6371696315011964,0.5303430859627216,0.6258272225460232,0.47640608435141185,0.13983976750657456,1.1096485192821788,0.7442890530438633,-0.04531793568517695,0.9861248939997894,0.7488820634519584,-0.6049705250563224,0.6522609454708941,0.5153376888677533,-0.027212440415172123,1.1136621786797283,0.8278791081424398,-0.018915685291471807,1.087939970160452,0.8146878305319455,0.17087918224511633,0.7392361308177678,0.5295278705980838,0.1987246850627944,0.899054268539334,0.733019995285866,0.12825732068486073,0.9211488828896278,0.7495178466540426
31,0.12761868869213822,0.9224231519375511,0.7196937582939719,0.24057263065259027,0.8752836621192618,0.7435366460359558,0.4933328305788154,0.7105042353741706,0.534811061174827,0.12191669007949224,1.0715655005952476,0.9074204214064973,-0.21757068339907315,1.0775937769528905,0.887290996465341,-0.3664250031551324,0.7405323276360695,0.6086924113908254,-0.003839053178223306,1.0032991616980864,0.6859605572632653,-0.029820421667388297,1.1610575088023327,0.9398765545700537,0.08310883923606727,0.9286483505577925,0.6640233463029765,0.11315776569768365,0.9844496969496002,0.7286675185826222,-0.02157553881817531,0.9051136196866001,0.628956178223528,0.28286787634274513,0.775549155248275,0.6534125417383514,0.5192988399084384,0.633142804225486,0.48634695546636453,0.11864079521507798,1.12323914488603,0.7512917837114544,-0.08061818686095523,1.0026373009188971,0.7592930459379885,-0.6165995343046513,0.6546196985514336,0.5222518871855759,-0.01286612123250186,1.1058579845258716,0.8307158563045587,-0.014893074332313905,1.0857902892541087,0.81841273110773,0.1538797261888053,0.746775955269247,0.5393847063582442,0.19409977078237994,0.9016451796143526,0.7354725495234937,0.10493973264636813,0.9333871436171395,0.7534049709887389
32,0.16818410962743124,0.9007216971471954,0.7130143271143001,0.2597910300859977,0.8641375384917622,0.7412722307581435,0.4836764643320476,0.7172428871402314,0.5482541946103973,0.12448721368955984,1.069995886851853,0.910340771343503,-0.2126145319733268,1.0753983545525803,0.8867005864104648,-0.33997826394793695,0.7333309234563796,0.5888980716633758,-0.03980544904114036,1.021114516190738,0.6889349113150831,-0.0357833829350751,1.1644140881038367,0.9419332845798681,0.09081426309325602,0.9247380029119286,0.6678502027953293,0.07513987150322743,1.0053293794184786,0.7496226120344937,-0.037712070337691195,0.9122340768872087,0.6365812284694026,0.29749316661064906,0.767600090313271,0.6483599515542123,0.5080596167281419,0.6405017606139398,0.4881190047649715,0.12590169147708485,1.1186027890598256,0.7526596470727198,-0.05102380573173426,0.9888126136154807,0.742545902530825,-0.545683731507143,0.640100495056529,0.5036891430523589,-0.03361265812480796,1.1171262198183702,0.825224187767322,-0.021302588494788388,1.0892135241950271,0.8245300571862366,0.18378191839678226,0.7334615993827764,0.5284998802204129,0.18669937497813216,0.9057755190871505,0.7414648356960827,0.1377255857136186,0.9161327848669608,0.7405338559286389
33,0.15868785291474274,0.9058485591401276,0.718276121908236,0.2522440622080512,0.868531621485665,0.7415559737998446,0.484852233250486,0.7164257710502053,0.5448387819253515,0.12754971294872175,1.0681228518381203,0.9083951191755455,-0.1935823309248248,1.0669256937394527,0.8841229217073341,-0.39852580332461285,0.7491803259373496,0.6084999937143423,0.033474160503338624,0.9844760160149703,0.6631427550694171,-0.0209373139322524,1.156039091724504,0.936278286612704,0.09365043234184434,0.9232945343555458,0.6567530838204512,0.10401248028029175,0.9895125940855292,0.7320662839685845,-0.018408058746314904,0.9037093402259436,0.6259230260642586,0.27415752273562355,0.780244885747607,0.6561030299962372,0.5176282071706865,0.6342420647954886,0.47566811576704354,0.14623285459413138,1.1055171318139447,0.746680614931635,-0.05450957404076484,0.9904509773417892,0.7625539653958369,-0.5654206080797801,0.6441742618993037,0.5113539401401028,-0.023652376874991443,1.1117306652450818,0.8265754889892682,-0.023155432556327904,1.0902011004212044,0.8224338256179184,0.16652481380669015,0.7411747453199712,0.5277432225248984,0.18815278510163602,0.904965823421368,0.7394189307012898,0.12905353045025003,0.9207281192287018,0.745878110197676
34,0.18742259558475205,0.8902446838918934,0.7067981198243751,0.24960873404000228,0.8700607652915874,0.7435558483044853,0.4722576174744989,0.7251306723148468,0.535911972424496,0.12506320907907997,1.0696438565286683,0.8962464814372043,-0.18365270224397245,1.0624784505355203,0.8752224401008151,-0.3580970239310206,0.738272209694694,0.5988024650014667,-0.0060665852015566735,1.0044117118477822,0.675166936288381,-0.015177215859988324,1.1527733096979356,0.9349658413581374,0.08235944430238995,0.9290277752149545,0.6637264561632038,0.0961428091678096,0.9938486557588455,0.7402936095791144,-0.015509439956689963,0.902422343605657,0.6385276117459604,0.3074083869902057,0.762163865245037,0.645421396161818,0.5219467081005016,0.6313966115093029,0.4778420897996329,0.11934642652559879,1.1227894125805749,0.751120243757946,-0.031578387178374134,0.9796226965668897,0.7396580586026502,-0.5587600812649307,0.6428023898644162,0.5024598378543299,-0.011698988437033542,1.1052206568850285,0.827541092000427,-0.0007677510270662768,1.0782077765571176,0.816758058714298,0.15833998080930678,0.7448050699583317,0.5309865518518533,0.17726400085035388,0.9110144714311942,0.7461466681728612,0.12454690739193641,0.923107152229963,0.7483085971097464
35,0.16900048885172314,0.9002795854980816,0.7122564598874932,0.27528969003534187,0.8550429284763575,0.7305677510838261,0.5093326305284551,0.6991959076320844,0.532165535308424,0.12607581087145303,1.069024705028082,0.9057124877700452,-0.22212873613222284,1.0796089129401567,0.8919170137011336,-0.3567222484471879,0.73789844570647,0.5990867636390562,0.019825352707770083,0.9914027933268673,0.6548428435417574,-0.03169330745231447,1.1621128094538324,0.9413781049951844,0.09852094261629785,0.9208104083039814,0.6590761408119931,0.10543813975812077,0.9887250442650493,0.7319549395564415,-0.01144745762290511,0.9006157151313211,0.6238461245204442,0.2962635072075607,0.7682715955166285,0.650296932478792,0.5130372035026429,0.6372531364800997,0.4874985346133609,0.12110258030251353,1.1216693496414205,0.7484641797115424,-0.0691258272819002,0.9972915329215025,0.7573211914100647,-0.5358069996401664,0.6380521352951816,0.4955339436020324,-0.007161717938932055,1.1027395235392843,0.8194810916196955,-0.019486219679589523,1.0882445195497448,0.8213950068115087,0.15596613623162225,0.7458546663062319,0.5346379109868952,0.17745518148723205,0.9109086182497601,0.7451113154837535,0.141445206092649,0.9141546738346363,0.744513230264282
36,0.17972079153325027,0.8944537104740096,0.6975123371473397,0.2608655930712953,0.8635100755066364,0.7346803294373937,0.4878961922724364,0.7143059892372423,0.5359737276207435,0.1286017079114684,1.067478689754478,0.900903378619987,-0.2324766360932511,1.084169863154281,0.8946076545094317,-0.4130661619729319,0.7530648386604837,0.6067092209483184,0.009770327885942898,0.996474922357975,0.6676483605455261,-0.0454713263778832,1.1698469434034473,0.9480232590956689,0.09592175869965314,0.9221369132901871,0.6608599685997163,0.09274696954969541,0.9957138766407612,0.7386411384827574,-0.03997380175028131,0.9132276595626305,0.6309106533383984,0.29943779708956575,0.7665369455234398,0.6489137980712991,0.5149682455965102,0.6359883735371025,0.48367641952541984,0.13413026791694205,1.1133251942197646,0.7518949220163146,-0.08395503594612297,1.004184133378762,0.7640974419857518,-0.6681371263704399,0.6649725517886712,0.5241906747971141,0.004516882143791867,1.096327442490037,0.8206655653887526,-0.012933254530133276,1.0847414193492837,0.8179038320379807,0.14399713746021148,0.7511244239092079,0.5412248425213739,0.17512655601296756,0.9121970987261484,0.749080364804953,0.11676539734861369,0.9272006189133604,0.7455875387325575
37,0.1497097250527295,0.9106691490403729,0.7192793356068387,0.26573716720508245,0.8606597091375464,0.7389802627878859,0.48437551033753223,0.7167571881927465,0.5395186915600021,0.10364661419633558,1.0826560156391403,0.9162979801691348,-0.2309306044930184,1.0834896527560716,0.9019749728049471,-0.4222668103018168,0.7555125099456913,0.5982766748350704,0.056628377456868884,0.9726124169938777,0.658572831644096,-0.013391352310975213,1.1517589045304413,0.9297834784441201,0.09115837145573169,0.9245629890606895,0.6512183957100708,0.0871540944263891,0.998778262752312,0.7451029694539395,-0.02287101207829645,0.9056873310525272,0.625150912682272,0.31902492018031425,0.7557451178050337,0.6395308046444909,0.5197725241058688,0.6328307770396047,0.48180751857994464,0.12909908618753485,1.1165550266070055,0.7541130400827125,-0.08111319485215596,1.0028669179370269,0.766112722802456,-0.6445181935318989,0.6602481399055705,0.5191700846202579,-0.0028819118175558156,1.1003940532432106,0.8194582948560427,-0.025486037531968986,1.0914420569567962,0.8185549507417402,0.16480239937151986,0.741940185754701,0.5292949034263927,0.19062176802568398,0.9035886883645295,0.7467888711140221,0.12164629232885016,0.9246351406011905,0.7520515334206063
38,0.15962348812746696,0.9053447154806912,0.7159535836897034,0.26840119300070486,0.8590969832126547,0.7301571540001658,0.5089795010919911,0.6994474652696864,0.5285255483406128,0.14203508435905898,1.0592186675025397,0.8921988903108711,-0.19812280137976135,1.0689530973589814,0.8824033582283212,-0.3779824582428879,0.7436575074163541,0.6032654056621245,0.01617463227477023,0.9932473475592737,0.6685758354536213,-0.022953322390251163,1.157179923369562,0.9374047988241614,0.11235358579166921,0.9137184622939059,0.6617771278553783,0.09474568233415204,0.9946164742133882,0.74787630840569,-0.0005745496507274517,0.895761893713768,0.6135543741560585,0.3169239174132291,0.7569100648014653,0.640634553735376,0.5350676120572533,0.6226715035138163,0.47878734131924816,0.11290075340168881,1.1268908773938189,0.7554823374152011,-0.0632485469535855,0.9945465615824033,0.7519324007467915,-0.6360643468636582,0.6585489102078258,0.5147242128860254,0.004027993178049694,1.0965966166175571,0.8227357864993594,-0.018296430502608096,1.0876093174671344,0.8202619466427472,0.16833376169726844,0.7403699974503488,0.5276770670129213,0.16923116080327205,0.9154510450572099,0.7463536765402987,0.122430445393239,0.9242223129619486,0.7513923130663852
39,0.14967530394710582,0.9106875815231738,0.7245113183835266,0.28923100570517246,0.8467787228296041,0.7191680351169228,0.48576314737628157,0.7157920780161436,0.5417601151088143,0.13713345332913673,1.062240064213375,0.894150719554609,-0.1994951980827413,1.069565141400441,0.893410819004157,-0.3837222623847254,0.7452047015530698,0.6026900505520134,0.014856694846445473,0.9939124044854453,0.6748551466119714,-0.031203471475554467,1.1618368978807214,0.9374017674981334,0.06641493792198838,0.9370641990121753,0.6736924100815496,0.09732737255035717,0.9931971907294891,0.7388305103514885,-0.04402201647105586,0.9150033537886786,0.6340097131857996,0.32726422295761237,0.7511592211822029,0.6332012704591068,0.5103763034834932,0.6389918286386082,0.4857113695481099,0.1293119785792839,1.1164185469024852,0.7541401041161383,-0.0756889151056892,1.0003479073295214,0.7651513388987652,-0.6391607180350918,0.6591717915707574,0.5220704368919616,0.006755072221961145,1.095094287474955,0.8134121253136097,-0.023974109728922333,1.0906371750681112,0.8208373714308371,0.1427220401173951,0.7516836512184816,0.5385302594055328,0.18864876360749894,0.9046893476496868,0.7513000840694328,0.09357564888287673,0.9392938037814232,0.7671779615074832
40,0.18212174172151296,0.8931437220314701,0.7009241341878059,0.25175641417906514,0.8688147811919564,0.7449571385446814,0.5031703076152803,0.7035728310845949,0.5284662945178873,0.11709513269082239,1.0745034572967305,0.91582083234214,-0.20472171408475925,1.0718927968937555,0.8903344357332607,-0.40638674205301273,0.7512828999843237,0.6032689034367599,0.037038113555245666,0.9826592685730026,0.6673266723841864,-0.04786159350201413,1.1711834938062637,0.9512525681052003,0.10910553343372864,0.915388663054889,0.657491985178166,0.10418487915538932,0.9894173923884697,0.7343916677875479,-0.03102062348348067,0.9092881546993042,0.6299930151746386,0.2869970540724187,0.7733131632581722,0.6531156836818817,0.5094064336424129,0.639624388203468,0.4901316300715148,0.13917234140140688,1.1100789418660042,0.74467106795997,-0.05547949886454284,0.9909063749092275,0.7551412111338405,-0.6053840498777112,0.6523449684218128,0.5098104377859606,0.01319822225577294,1.0915365865261821,0.8207273498086813,-0.02573178925628361,1.0915728279717256,0.8176546303768615,0.17169506335483287,0.7388723254293759,0.5214215915202238,0.17219082319204315,0.9138189162814758,0.7482954080575638,0.14620974412692145,0.9116146005043182,0.7397897593411425
41,0.16174052970510056,0.9042036430040946,0.7191997867894242,0.24626685649369684,0.8719960266387813,0.7427565853435527,0.5052311858611429,0.702112084334772,0.5314230533872693,0.1451335266022734,1.057304313987801,0.8938713558656678,-0.2089989720670027,1.0737939412526922,0.8888710605500084,-0.36092653327963986,0.7390408812868094,0.6068596339571549,-0.03202667606901488,1.017287872830507,0.6919573653178457,-0.02792207830762372,1.1599868840403877,0.9421170357117218,0.1037947461072114,0.9181130098931152,0.6540976008317145,0.11196761822726908,0.9851100441048057,0.7410219036157153,-0.029712414031068723,0.9087110969238004,0.6278500276439203,0.2815117716569896,0.7762820948782795,0.6564783108082805,0.5369268117095014,0.6214252682186904,0.48118015793446745,0.14487035609571974,1.1063989091050488,0.7489520855024284,-0.05134463457476435,0.9889635214251459,0.7509542661458847,-0.5435328484249207,0.6396549768068068,0.49834547335250934,-0.0065516084375831785,1.1024054690527083,0.8205442617983081,-0.03202667338647047,1.0949171790451033,0.8291193446357707,0.16543700756068147,0.7416582579862134,0.533484590295348,0.16952665308198345,0.9152882243296729,0.754530738807593,0.12577559030342933,0.9224591425124724,0.7484495424901374
42,0.17789866784672315,0.8954466048380064,0.7084613309700283,0.25034705955370373,0.8696326245447872,0.7355179175201682,0.4945826228955814,0.7096273964356888,0.5313420601691766,0.11932545632615843,1.0731454367918773,0.9074224422188758,-0.18224427577806113,1.0618461416753444,0.8807248360065562,-0.35461956198598044,0.7373264160570681,0.5946354410971202,0.015475705394914052,0.9936000951310637,0.6654335981774648,-0.0036955454675435817,1.1462358301886815,0.9315875852412835,0.08047401826963385,0.9299816968397072,0.6727052940182354,0.11169662025568738,0.9852603440630493,0.7345104392480882,-0.04279349557708367,0.9144648442539565,0.6390230984884208,0.2983236193515597,0.7671462555115871,0.6527086497698535,0.49605160410608307,0.6482717907205636,0.4935871371920315,0.14267003499444053,1.1078214237461974,0.7422136568169009,-0.05909400640530871,0.99260161269534,0.7565113637121271,-0.5957501017277946,0.6503846541298849,0.5004595971328147,0.0009269064738616217,1.0983024869603801,0.8161801187155794,-0.026165104615077484,1.091803368417811,0.8193588966716985,0.16218423865565235,0.7431021854334022,0.5335052398979176,0.14799792966718428,0.9270760263042007,0.7639259538341643,0.12799953534699515,0.9212850705108983,0.748398435252908
43,0.1601297545238235,0.9050719718646123,0.7149502445767522,0.23966412771432388,0.8758070565407149,0.7485299807924035,0.4797993643390479,0.7199307576078176,0.5443357024324662,0.11486913214947958,1.075857136311008,0.9064416184452716,-0.20713753064852924,1.0729669866714273,0.8827189389523714,-0.3461210669893535,0.7350098896997327,0.5950006037816364,0.00626489056137991,0.9982371369968024,0.6759642386753753,-0.020946654203626514,1.1560443798523805,0.9366451803240571,0.10589979937883931,0.9170341203115034,0.6531777946918373,0.09621149109917049,0.9938108949584573,0.7369574250292628,-0.053562218184222576,0.9191744656277046,0.6411680141651133,0.29698896447528433,0.7678755012895796,0.6476178119234945,0.5003329555246425,0.6455121833894975,0.49555156521574667,0.11171511393000255,1.1276436906647676,0.7647808772646292,-0.06769303619860922,0.9966230477723862,0.7541627461997252,-0.5662456950816892,0.6443440021568738,0.5044323274395123,-0.009692809428089477,1.104124297790335,0.8222982473007601,-0.023702845098610315,1.0904927032090874,0.8237726229957708,0.16121408551151895,0.7435323004876246,0.5300199405878054,0.1794819814592502,0.9097856592152093,0.7490895337929293,0.10827070051874965,0.9316487240324309,0.7567518796792707
44,0.1696947318028983,0.899903446077249,0.7131299039960871,0.27984782646533324,0.8523497489469313,0.7324202226371884,0.4966734128768283,0.7081580964978847,0.5377449094748843,0.1222834877134209,1.0713416671953608,0.9096040005789366,-0.16946210841740972,1.056090317223361,0.8713442395714498,-0.40284994094870985,0.750337636932997,0.6155839548527007,-0.008416901373818897,1.0055842525164802,0.6816532418395856,-0.026843240359880394,1.1593780020908202,0.9423757940749642,0.08490090115243076,0.9277403860270919,0.6671583386143058,0.07624401428118643,1.0047290947708376,0.7471713633013156,-0.06470745740814188,0.9240234762165691,0.6340795391468357,0.3180988987672282,0.75625879181961,0.6430179579812444,0.5202170500575929,0.6325378170916706,0.47428783946679015,0.12866195689806725,1.1168352064001241,0.7490840865075415,-0.05454234922304524,0.9904663693116139,0.7429027538471019,-0.6687707794064097,0.6650988369312215,0.5245363099889595,0.00688800281688795,1.0950210042383541,0.8230584203246533,-0.03565758722144774,1.0968415766612225,0.8241827283984238,0.1768144101838336,0.7365854826424529,0.5253545498399854,0.1815817385834032,0.9086208141993736,0.7424796626700622,0.11242440258173014,0.9294763673786048,0.7575814390111865
45,0.17072008346018386,0.899347624881536,0.7175002619437828,0.2659090914544905,0.8605589434917749,0.7368058656293157,0.4972913800997196,0.7077232367971971,0.5273916777062908,0.10249265355003978,1.0833526943234077,0.9142012846793133,-0.17620703155673678,1.0591314617671879,0.8767479481981599,-0.27931202814605327,0.7165382252013526,0.5811057925226212,0.0014563576457067295,1.0006493811686272,0.669324301569597,-0.03330348527723381,1.1630193185522437,0.9416042859813274,0.0838464367121351,0.9282747476042127,0.6589469568057293,0.1022759323486847,0.9904710361526886,0.7464838748104198,-0.007603488158881566,0.8989027073074111,0.6249406206659192,0.31417138303127656,0.758433560062054,0.6393960002510264,0.5297174794364323,0.626243900431762,0.48093013039218496,0.11954528828950328,1.1226626360046186,0.7486170514477961,-0.05239893747569102,0.9894592703004501,0.750028645776674,-0.5401062858190933,0.6389445819458042,0.5027573493114471,-0.0031151374348195038,1.10052199710193,0.8216715707711141,-0.018077659694107018,1.0874924801967845,0.8178376171234754,0.16372541688099373,0.742418395438079,0.5311686383518645,0.18992052440724627,0.903980037297957,0.7342317169938611,0.12518072079347964,0.9227729346550575,0.748715527021063
46,0.12996827958740398,0.921180129939928,0.7245529337814749,0.25239789541747404,0.8684422769064376,0.7404599828256029,0.49637998369513536,0.7083644873184245,0.5284639482363992,0.10598625589982713,1.0812421300676638,0.9159454682047564,-0.21071655248602572,1.0745564203419975,0.8813936128728913,-0.3055629438499523,0.723852418102475,0.5870924853227418,0.01636754068179247,0.9931499648512674,0.6697098888994008,-0.02400468973472525,1.1577744317959862,0.9404544519049549,0.09092501599406533,0.9246816774927374,0.6685459852803421,0.08554894839808402,0.9996560017067375,0.7440331532251153,-0.054724242835153314,0.9196812268876183,0.6500739008789762,0.3017480875803539,0.7652719718753466,0.6457482384860213,0.521465734053089,0.6317141587808155,0.48926858145813007,0.12198300750688007,1.1211073980254986,0.7459595661529955,-0.07319252896465445,0.9991864631770359,0.7517887136272858,-0.5864357048324544,0.6484837278055386,0.5080511996963611,0.002859004445788349,1.097239974639179,0.8159162187060953,-0.021626516031138632,1.0893862439576618,0.8251860182229187,0.1569015025364633,0.7454412701469421,0.531634177630196,0.17688129846800904,0.9112263297152038,0.7469545308477119,0.12693027630990272,0.9218497437128219,0.7484181976720622
47,0.16627178619748817,0.9017564708166309,0.7219746392033949,0.2611851498552822,0.8633233906956562,0.7343539063214274,0.5147467119014244,0.6953277026012902,0.5276717923421159,0.1293823880717646,1.06700040894064,0.9046327079353438,-0.19288948632920655,1.066615986990879,0.8800419916846679,-0.36585776734904507,0.7403786053118442,0.604494777867916,-0.005333193941109204,1.0040455526513368,0.6727961977204843,-0.01817116513088468,1.1544719312956169,0.9318082475752144,0.11036147308367983,0.9147432003012779,0.6431770740737792,0.0968486980284542,0.9934604950359416,0.7401048507403054,-0.040905251464047776,0.9136365329692403,0.6340816132710222,0.2844428749627852,0.7746970387281865,0.6541853210158878,0.5258240815733877,0.628830846503852,0.47497981222417707,0.12280343335852129,1.1205834899099492,0.745071149007615,-0.07908280667855494,1.001924756623267,0.7567178313871985,-0.6515854931221581,0.6616653236632836,0.5225408500653633,0.01067716200982416,1.0929300143755967,0.8140068799521369,-0.03177558816746773,1.0947839779127027,0.8275403491649534,0.14925324297817055,0.7488148122655192,0.5439779224647047,0.1843853778394765,0.9070631568671474,0.7511523124991014,0.11695530896868256,0.9271009309948878,0.7453369054710327
48,0.1968673463872811,0.8850558153904262,0.7025044531313662,0.2710267564585379,0.8575540330317196,0.7319956064264527,0.47730973688417977,0.7216514590650092,0.543797350114358,0.1304934281470852,1.0663193644423927,0.9075285854538898,-0.1946052900518045,1.0673827998801737,0.8916429813181227,-0.3279400487191588,0.7300294100187527,0.5860698595508892,-0.014514575852808909,1.0086199434327465,0.6739482918001882,-0.030192919501131232,1.161267473712515,0.9440951726260026,0.07878450045663199,0.930835669214647,0.6640107752353139,0.09482644283328834,0.9945721068389692,0.7387412979279746,-0.02839316364880462,0.9081287976001977,0.6287557580438901,0.3066759350878814,0.7625667728505207,0.6473513141760157,0.489671705520491,0.6523623886407681,0.5013973483020319,0.13753542166590593,1.1111338842182048,0.7507303721759437,-0.04304122256682863,0.9850504135884394,0.7492948286827139,-0.4966125031476396,0.6298578257414051,0.4947092567948781,0.008504150596106652,1.0941296463927643,0.8141962827427527,-0.01710134692885168,1.0869709151438622,0.8181346593924484,0.17341438326703096,0.7381050851572173,0.528917709500407,0.1768484772000345,0.9112444967823395,0.7467769451989092,0.12260278669892155,0.9241315569072216,0.7497045730728805
49,0.15663838077229064,0.9069512308022166,0.7189493424072816,0.27202881500959464,0.8569644264369904,0.7319286535605953,0.50251530332286,0.7040364622254776,0.5312727691875088,0.1360809121086035,1.062887737199784,0.8948145549952997,-0.1905429949430808,1.065566419004174,0.8819016304100037,-0.35111089516923477,0.7363709042015586,0.5972337762732983,0.010487457304928283,0.9961140308756158,0.6762391811644047,-0.02969455582309921,1.1609865537376998,0.9405845701984994,0.09665847524832616,0.9217611206056169,0.6579523566114894,0.07344874008006985,1.006248095433921,0.7490572005949052,-0.01612525168473944,0.9026959196149449,0.6197126151056526,0.28723868188473545,0.7731821190582537,0.6448951715879347,0.5207298636607574,0.6321996842756827,0.48763811919771133,0.1511128359048325,1.1023531343712385,0.7481409793352679,-0.046705432911140043,0.9867791407968122,0.7393852371316451,-0.5778256982415142,0.6467215872109273,0.513410370936121,-0.0076007181985524586,1.1029798276470901,0.8226213469792327,-0.02728349906909422,1.0923981724627108,0.8211740784703584,0.16742834533319162,0.7407728999205163,0.5248138554231456,0.16590294136807127,0.9172829484552343,0.7456910473166221,0.12458571941684782,0.9230866896516752,0.7450964960136124
50,0.1418323697531535,0.9148777860255134,0.7189615392083114,0.2675584450578199,0.8595916490247848,0.7401840584249616,0.4906641231245952,0.7123729549256228,0.5368444276669884,0.12633959896211866,1.0688633539222434,0.9006591111712583,-0.22619163419433153,1.0814019734181501,0.8902173438382721,-0.3548827580413376,0.7373980420634685,0.5955512713929396,0.01502414662349405,0.9938279297341501,0.6655970472806519,-0.0143586112836811,1.152308437258058,0.9385366827540031,0.07721733393957952,0.9316270989109879,0.6552245564679394,0.09770704269609798,0.9929882960702355,0.7398659845238429,-0.04493129610676316,0.9154017231850653,0.6364203608930021,0.3178665529587047,0.7563876217883868,0.6377893251893239,0.5146569522340445,0.6361924294591711,0.48933913720922984,0.13335527263428137,1.1138233227263836,0.7558493005174685,-0.06577595782290246,0.9957279108565682,0.7537795652083551,-0.5451168767922083,0.6399831109988586,0.5024117369368112,0.006649980564111702,1.0951522199279309,0.8150086366477376,-0.02631558320316163,1.0918834174303897,0.8286443157334785,0.14505884970647898,0.7506584643496795,0.5333893266868452,0.21142586116953543,0.8919002604107624,0.7333065119443648,0.1072437043373321,0.9321850551571351,0.758650616855963
51,0.17123768193733546,0.8990669153101684,0.7096792672312072,0.26525504397890953,0.8609422210157752,0.737276889443352,0.4797363104463024,0.7199743879478949,0.5458968456960674,0.1254299021234001,1.069419684867606,0.9043053569784786,-0.1714526147421387,1.056988704908499,0.8739667923780836,-0.3902865566777831,0.7469702130613984,0.6041117344913189,0.012572755961149151,0.9950638719916749,0.6694582617019483,-0.03721828046902931,1.165220355454579,0.9393570101394035,0.10579662017014657,0.9170870316771504,0.6632650092304253,0.08513056791806106,0.9998846573193407,0.737167922159038,-0.0328397641634699,0.9100899786592298,0.6279471679690675,0.3039422045014102,0.7640686688229151,0.6498853085983998,0.5084912929328591,0.6402206797555529,0.4891476114302245,0.12589301771869044,1.1186083390455466,0.7487630619658702,-0.07479101087459883,0.9999303125560074,0.7566815562375666,-0.5539676425767215,0.6418134748413099,0.5011783056728024,-0.013981017593214906,1.1064664449752302,0.8322259672536756,-0.017278662731084582,1.087065659252184,0.8189226804227828,0.13502821651747265,0.7550491893963192,0.5423837122514111,0.18396743834931928,0.907295527003063,0.7424784433970544,0.1369936421153196,0.9165215330863565,0.747006167416191
52,0.1696430254411172,0.8999314658975145,0.7141275922663327,0.25559440879349427,0.8665836939703825,0.7340343003129894,0.49515743276025226,0.7092237529438653,0.5334955758684563,0.15276436568719243,1.0525748007464786,0.8888947636814085,-0.19725592951020388,1.068566320209611,0.8847383682889319,-0.39633940780181276,0.7485944786101146,0.6034704087301963,0.008233651410761045,0.9972478066736213,0.6701692897678314,-0.035429593245555946,1.1642152082563155,0.9399264566131876,0.08596002763961996,0.927203351899758,0.6585515572671243,0.10083514185901421,0.9912655392599292,0.7358541308288815,-0.03935297092827028,0.9129550351383077,0.6361075479306004,0.31311702794282603,0.7590163231328169,0.6438496088316362,0.49974135310038903,0.6458942113878254,0.49278338060858395,0.14593575540316361,1.1057094674398444,0.7407388080977304,-0.05538395186929912,0.9908615231287963,0.750474670482115,-0.6207091053821192,0.6554512275088756,0.5109378159035807,-0.005044973050011503,1.101580103978451,0.8243803509909313,-0.03336523801189073,1.0956270165491522,0.8227679476785017,0.16556531515521733,0.7416012436890684,0.5310700750307815,0.18270180532146874,0.9079988434766318,0.7472190302701612,0.14499269545974192,0.9122641067661202,0.7395456090877
53,0.15650450125475268,0.9070232149736741,0.7128326311978542,0.2784177395957852,0.8531956324182035,0.7282166548668882,0.49003650946914346,0.7128117197658441,0.5356344340351945,0.13050201511998005,1.0663140991123867,0.9013934583728507,-0.17539457560328064,1.058765605125716,0.8711351393883293,-0.3629722515257705,0.7395961286319027,0.6018308694547947,0.010018253514925135,0.9963501699169605,0.6701445928074774,-0.018211328062569088,1.1544947008070974,0.9302131468219185,0.11382320899770104,0.9129617543849031,0.6430514316454584,0.05942966621001944,1.0138319750738294,0.7621636997099673,-0.03068861972582604,0.9091417408525756,0.628204422619539,0.30408009741481856,0.7639929819517461,0.6497675196507429,0.5140920430603414,0.6365625660305377,0.484065135741068,0.1543282397548309,1.1002634141486647,0.7432186839448546,-0.05293761067233671,0.9897124665850549,0.7439033450296051,-0.5924478300919973,0.649711347234825,0.5094011423946866,0.017464204741059364,1.089174653509647,0.8159181019916969,-0.022356106287473976,1.0897751648232576,0.8233513157311585,0.18630618426199275,0.732326556061998,0.528411948488121,0.18383370513193287,0.9073698687541593,0.7431380406571784,0.14122973355285218,0.914269379892717,0.7382719691829476
54,0.1818181434227234,0.8933094751573112,0.7096742337844597,0.26596262860471975,0.8605275626961969,0.7405778562260527,0.5046989862179309,0.7024895973882891,0.521145813122395,0.12232071770685027,1.071318945470498,0.9024006561942985,-0.18319864388657203,1.0622746435008676,0.8771366272784444,-0.3681938717038342,0.7410114906671481,0.5993988668118146,0.007590130347415847,0.9975712930984213,0.6771325280154472,-0.008392673732469769,1.1489147961167088,0.9348382550797143,0.11567606868260105,0.9120068235036611,0.6501365787767946,0.10588281570796165,0.9884792720501685,0.742248975603325,-0.013354939188337855,0.9014645475034276,0.6282697603357201,0.2885403678502908,0.7724757814578836,0.6459905715681851,0.5176493888288727,0.6342281393894982,0.48474091951878634,0.11291492781287016,1.1268818744110523,0.7593919625282115,-0.054264405080480804,0.9903358328433162,0.7473631645295229,-0.5469072021865631,0.6403537775555346,0.5074014134612277,0.004526171366068477,1.0963223273590639,0.8161027177859268,-0.010682267787110122,1.083535467926094,0.8173119623283972,0.1616230905686331,0.7433509994268773,0.5228833251764065,0.17944480510756233,0.9098062694442116,0.7481827812675762,0.128830513464385,0.9208459937904325,0.7485115661339314
55,0.15575911694498257,0.9074238878755284,0.7232494155045267,0.262534394141689,0.8625347178290342,0.7437189380159289,0.4930541543370903,0.7106996036982688,0.5353014619717265,0.12110046551530718,1.072063423123066,0.9063252128152907,-0.1726939415179547,1.0575485743245503,0.8662910294020654,-0.3911008719878326,0.7471889378398602,0.6157525274889236,0.027264929186554543,0.9876332275574284,0.6715440480730592,-0.04397170599889222,1.1690076301560093,0.9503561979306937,0.09605323131558263,0.9220698614828349,0.6557805131531073,0.08737195933075792,0.9986590686395634,0.7424214538001986,-0.03603312066164621,0.9114958108699321,0.6355692270371147,0.29293418958838113,0.7700867650529709,0.6544666442612854,0.5001513424769277,0.6456294842857038,0.5007670555615065,0.10530102637575445,1.131707587182504,0.7623353467314117,-0.0529067272566186,0.9896979519901876,0.7342186828728001,-0.5807565795077645,0.6473219655594095,0.5063121497221305,0.0032700152096030166,1.0970138160900547,0.8259915265522163,-0.027562664890550703,1.092546592795518,0.8237164230943917,0.16147778884975206,0.7434154128769879,0.5294641122121966,0.19034189734879214,0.9037448984715166,0.739228984539277,0.13238377591326456,0.918966135295978,0.750373446105109
56,0.15709797991297125,0.9067040706268816,0.723671599360336,0.2330053659860981,0.8796337061307661,0.7538418287863643,0.5017157295977623,0.7046020103242833,0.5321685773088415,0.1355977044618205,1.0631849430917721,0.8987118045220022,-0.20329797990304366,1.0712592308409572,0.8790474711330922,-0.39596611820320904,0.7484944093828462,0.6027622144384641,-0.019161577776869887,1.0109273049520873,0.6675011491523731,-0.03014358500236658,1.161239667641647,0.9404332519584483,0.10453679712962971,0.9177328359440278,0.6643650799708116,0.08338491569711304,1.000838137119904,0.7459375658752643,-0.03498047604728116,0.9110326379378181,0.6278882132681486,0.2819207674769706,0.7760611160817315,0.6580230591413693,0.5223935997860965,0.631101422798242,0.4787390133358828,0.12712215544446592,1.1178215890138372,0.760450423672778,-0.04528421689871043,0.9861089891722997,0.7406756655838387,-0.591163729433082,0.6494493408417311,0.5122598238330996,-0.0025213760840046007,1.1001962398042013,0.8213950409821431,-0.020940384776714005,1.0890203629430881,0.8233838967475798,0.1389118026649523,0.7533522569487684,0.5361905689999898,0.17582280967372088,0.9118120368402189,0.7430813211064587,0.12214732412547569,0.9243713871237835,0.7486948586661404
57,0.16868156968293857,0.9004523225883487,0.7138490243874968,0.2488893751904947,0.8704777051006977,0.745728416284644,0.5027304936403219,0.7038841779264341,0.5266979451292411,0.1363045342996414,1.062750166059774,0.8979587192024269,-0.2284348905181086,1.082390706852338,0.894066992021054,-0.38492819389520205,0.7455293585096673,0.5985424736991906,-0.02021271795217716,1.0114484943673583,0.6883008998261976,-0.03194456966015102,1.162254313354236,0.9446355179173266,0.1064397224453526,0.9167571923759255,0.6530338903082789,0.09253854309985488,0.9958282445091728,0.7435275312344979,-0.0076554281197041,0.8989258753344593,0.6241644809775792,0.3036823011075118,0.7642113046122487,0.6468505656975663,0.5145173594488757,0.6362839126778972,0.48622683279286466,0.1258392082644164,1.1186427689146463,0.7547109364093324,-0.08810946475614734,1.006106640178547,0.7627067084662948,-0.5195797143578937,0.6346723652152414,0.49702745692306394,0.0009245373919481992,1.0983037891508962,0.8217979339349668,-0.022505729796538754,1.0898549071057206,0.8228464391152491,0.17863602819266144,0.7357700404625537,0.5236090543532811,0.18456169058509786,0.9069651109057723,0.7447479910077313,0.14990790389709063,0.9096381460962151,0.738743676483285
58,0.16290145572656056,0.9035772992105295,0.7235876028597883,0.23551313200891422,0.8781945033696026,0.7537920153525178,0.4966515253818583,0.7081734936959171,0.5335781569217294,0.1144076486850295,1.076137561273711,0.9115953939100884,-0.19477014582706764,1.0674564468621879,0.8850727267652998,-0.33772473868465114,0.7327140197336115,0.5939602114473328,0.01808417320818989,0.9922829651899784,0.6677858622463904,-0.03159247759000139,1.162056020029675,0.9381952277961764,0.09972317361464156,0.9201961976120435,0.6599723297886323,0.10486492031707528,0.9890417723079091,0.7336079335562203,-0.031560075387288444,0.9095260030359484,0.6316824416741618,0.2707329231946536,0.7820833576272684,0.660288172593564,0.5114407989819769,0.6382968316012098,0.49024704802141944,0.12112822717862026,1.1216529839518279,0.7572410440994971,-0.034990670276960456,0.9812415702582349,0.7458782812826916,-0.55774440172217,0.6425929324779344,0.5052600976038919,-0.008244855852060473,1.103332327061929,0.8265366865866928,-0.022980211657700256,1.0901077450082917,0.8256183806017086,0.1874075030339275,0.7318307933705602,0.5203312363924399,0.18736878956549008,0.9054026777631123,0.7443751080081529,0.11240109508446028,0.9294885711986168,0.7481540551859909
59,0.1813060844278529,0.8935889702356297,0.7148684160454297,0.2426659834874355,0.8740764749571555,0.7492728279800535,0.4797387778500979,0.7199726806697593,0.5421851121731709,0.1253695945306177,1.0694565561345495,0.9069086091801537,-0.21253120338237874,1.0753614042411808,0.8772427698543687,-0.3877568315105606,0.7462903209558097,0.6080317716760892,0.004866686566934453,0.9989391593598944,0.6647515541623016,-0.03447745378627287,1.1636798023748978,0.9431470510314934,0.09144000517019402,0.9244197252200973,0.6563121267946767,0.11859098030283,0.9814294619732199,0.7291283426147854,-0.06568427603483817,0.9244472529111724,0.6433088101996737,0.2670121946735543,0.784075918223131,0.6656277618928295,0.5257462584598984,0.628882447148942,0.48534204508189027,0.13169050010098615,1.114892603360423,0.7481598601667755,-0.06408378407068893,0.9949371189611603,0.7545825169739823,-0.6350990878435179,0.6583546134296475,0.5189739784983864,-0.026653230096792324,1.1133590008079275,0.8285138124434303,-0.01798656919121755,1.087443828479565,0.8235617042517478,0.14333899868172117,0.7514131198644007,0.5403295083868884,0.17542568661208946,0.9120316849835629,0.741232523856814,0.12888750201539145,0.9208158741994992,0.7526043238640783
60,0.13799337955536528,0.9169218433572277,0.7247253312686269,0.2714638954918376,0.8572968723195502,0.7283894242615819,0.49934117670705913,0.706278890656888,0.5294632932942107,0.13897607869376882,1.0611052673234462,0.8969872137883548,-0.2078364131774888,1.0732775434043862,0.8920177521815552,-0.3847289656646862,0.7454757326835668,0.6065214411572383,0.037561164701403915,0.9823923572457914,0.6588158523343937,-0.04843765082753282,1.1715053760742733,0.9504268260103511,0.08867018173481211,0.9258277395185525,0.6673068747502499,0.07997694194379679,1.0026969684197033,0.7499206497243923,-0.01598831945792134,0.9026350942753412,0.6231193858335732,0.28609247401555604,0.7738035552965656,0.6531718584693093,0.5242907358869523,0.6298467530368878,0.47899188910754287,0.13443527506460196,1.1131290896334693,0.7392163482056042,-0.06774124200009624,0.99664554603214,0.7669476186742323,-0.633726950776627,0.6580783175241961,0.5197097173584251,-0.011330133205667003,1.105019162374158,0.8287120831609758,-0.01821234699818519,1.0875644131111861,0.8174012051821946,0.15224394253827633,0.7474974685700974,0.5329432194437728,0.20032020613762058,0.8981587119173763,0.733817559889353,0.11002774154299566,0.9307304228318898,0.7537739348584573
61,0.17052635940836502,0.8994526648617766,0.7120779251708389,0.25698838273992475,0.8657719314318488,0.7418881283969998,0.47879042244945313,0.7206285810898022,0.5420810400652772,0.13301516583164563,1.064771975219745,0.9026096128279213,-0.23901736349997615,1.0870428896771944,0.8995189584021633,-0.37568991824472087,0.7430386409518918,0.6061098341187221,-0.01960667607628319,1.011148031928475,0.6854733957517465,-0.02690456246897921,1.1594126200539763,0.9351574842248904,0.09006368821988608,0.9251196311593409,0.6516378961365787,0.0948042855428779,0.9945842795808563,0.7550687305242235,-0.04323183532525765,0.914657022367848,0.6380471353293109,0.2780780952325249,0.778134821466106,0.6529058121377188,0.5179096949106617,0.6340569820220574,0.4806581677718521,0.1448919503086712,1.1063849393142358,0.7435006077755502,-0.0847060046521515,1.004531924692363,0.7609587172858177,-0.5353875038316083,0.6379649894245178,0.5017038432831604,0.013957323544013689,1.0911166712719473,0.8136867107944302,-0.039793104857122286,1.0990293115547654,0.8305827674454266,0.15340801038836538,0.7469840917154509,0.5320163531274794,0.17412506912446568,0.9127506844431033,0.7422124028924912,0.14626433445711418,0.9115854562635534,0.737007849977381
62,0.15367213868069096,0.9085447794671567,0.716229940738811,0.24981128277014786,0.8699433321570862,0.74080965645441,0.4948820825215088,0.7094171382897584,0.5340158279824749,0.1323714773191943,1.0651671691692348,0.907937038839667,-0.2151115548906506,1.0765050184156009,0.8929831946788174,-0.3755367961423224,0.7429972875903886,0.6073451293641517,0.011150077765464284,0.9957804544704745,0.6642027542288148,-0.026119526381178648,1.158969368169482,0.9374052733545052,0.1022031099931684,0.9189279200849555,0.6559965764674719,0.09675640535075947,0.9935112544085801,0.7434741003149712,-0.0008686764124501423,0.8958935421681088,0.6202027363686635,0.27161813636964893,0.7816085516678339,0.6603846843018792,0.5173187574989488,0.6344454706898345,0.4825227456991245,0.13286211300752715,1.1141401853091462,0.748552935017972,-0.06227365781696159,0.9940905087653171,0.757848689893781,-0.5428996924982441,0.6395237703730297,0.5062210491941287,0.0035795128630768946,1.096843484321282,0.8146677152509197,-0.02635571569984907,1.0919047654348342,0.818410882675996,0.16646356412055252,0.7412019782162159,0.5341531902717491,0.16260073732034097,0.9190969240194565,0.7520902489352986,0.09834146058268389,0.9368212328145371,0.7571620847477673
63,0.16371148363862797,0.9031400149820716,0.7114916990745414,0.23999941169208572,0.8756139336962976,0.7508114110662127,0.4928980713090607,0.7108090035582736,0.5282856561799496,0.1154479673341865,1.0755052980508857,0.9102808592619818,-0.15467829690637025,1.0493937779771656,0.8652379220696481,-0.38762197136970156,0.7462540583841661,0.6034131063157508,0.018946908727563327,0.9918469472231625,0.6720223969542455,-0.02197278292928173,1.1566251900363638,0.9384946445508577,0.0872455095914133,0.9265511252078843,0.6633792574362612,0.08605851752897009,0.9993774385061286,0.7499263994223635,-0.0531367366276394,0.9189888423824527,0.6433863406611066,0.24707473415106984,0.7946679105096266,0.6666743164190506,0.5139817954398965,0.6366347767515833,0.4779602596457478,0.11734411138709555,1.1240651138625488,0.7581951525268474,-0.043421962544420545,0.9852301830187845,0.7516216360284155,-0.6327912879313091,0.657889844286041,0.5252554966525871,-0.001836021712431135,1.0998201115573956,0.8248670547891577,-0.02883905617691429,1.0932249378814667,0.8203604502530096,0.16230329174671854,0.7430493863818131,0.5318558913022118,0.17882634015048804,0.9101490722885986,0.742817156429275,0.13110736305032888,0.9196418655706263,0.7437602692771853
64,0.1628402368131996,0.9036103389341464,0.7172649107973691,0.24289802355376255,0.8739425602664256,0.7469395897406539,0.48958158935260543,0.7131295857611014,0.5355684865965327,0.13664043616440513,1.0625434876112065,0.9047607936047845,-0.20395913334862237,1.071553492728135,0.8816540032714854,-0.3248055042611264,0.7291672997136207,0.6035899334230863,-0.017544447460347445,1.0101249541576944,0.6764932192950076,-0.03512729123431124,1.1640452448453364,0.9402980216352917,0.08533351303300662,0.9275210660870958,0.6667672133999692,0.09967174890854813,0.9919066111063702,0.7405836978072489,-0.048533733284841674,0.9169783052470528,0.6396399351678131,0.2940040736922983,0.7695039229177473,0.6578237678622706,0.5171322078560876,0.6345680610580337,0.49369123178389074,0.1418383287178543,1.1083586490365753,0.7461095734557536,-0.033670003183926545,0.9806153292933144,0.7396528677688203,-0.5415690683478338,0.6392479425506112,0.5047451931134774,-0.0061321818864232824,1.1021757608599714,0.8130153914736498,-0.019677220996462408,1.0883464563870078,0.8132863199838124,0.16027034789155525,0.7439504656760668,0.5335863796623923,0.19820207069216755,0.8993474150291588,0.7370528795914625,0.11211797277729318,0.9296368014213771,0.7471271750179931
65,0.17293475154935212,0.8981459268680672,0.7079456611278493,0.2554075908704071,0.8666924271742854,0.743637662728835,0.47479792777130025,0.7233833434756138,0.5497860565907714,0.13993094900499803,1.0605167244497915,0.8934617003762022,-0.20827233322400707,1.0734712041456307,0.8832468357456666,-0.3457290084963318,0.7349028458899208,0.5936492854451862,0.005288150566406635,0.9987275990217448,0.6761366031017362,-0.033678274597972235,1.163230218693702,0.9448690147431821,0.0848342761866312,0.927774158077877,0.6608165793705654,0.09985859458071922,0.9918036802731726,0.7375052268723845,-0.047609742508368136,0.9165741855645135,0.6455596078131303,0.2920399383931952,0.7705735891909474,0.6543043996017339,0.5069875444338412,0.6411992948226366,0.48816826013203457,0.1399759140146346,1.1095606979996524,0.7444248160333843,-0.05546954468167553,0.9909017022999883,0.7520572760460477,-0.5269174584401015,0.6362028722613445,0.493331756558532,-0.014199918929201916,1.1065858722170332,0.8259547866790179,-0.026850205140579897,1.0921677689676876,0.821712613313363,0.1447110319480398,0.7508111449140248,0.5348137185381509,0.19861549981302273,0.899115520969817,0.7407153375423386,0.1408499234204439,0.9144715354642803,0.7380056827550288
66,0.14687043504900288,0.9121883354756884,0.72115006633389,0.2352644978466717,0.8783372994157012,0.7600721918068944,0.481343412162229,0.7188615224594757,0.5343226612403418,0.11818073143999153,1.0738426622088864,0.904965284688199,-0.18812196197517927,1.0644824244311333,0.8818491035302346,-0.3502389453618544,0.7361332545399412,0.5953220680794996,0.015180948707806063,0.9937488209454657,0.6604336658449048,-0.0334724358541576,1.1631143945664046,0.9373570584552725,0.08161906728160495,0.9294024819168447,0.6610479250037253,0.11970113399793636,0.9808112014326642,0.7345485394187649,-0.016475474848660188,0.9028514702147047,0.6198277551978064,0.29184654055687864,0.7706788331846895,0.6538324740556267,0.5168690036557259,0.6347409844004351,0.47823846789580715,0.1268993751474009,1.1179642279521838,0.751359388187897,-0.0656981206918672,0.9956915495470172,0.7570241098889124,-0.5003682140137189,0.6306476366156045,0.4965586704814823,0.01353838808018304,1.091348435544278,0.8188862566673824,-0.021791855569880392,1.0894743932613815,0.8197909041162912,0.16026580222882014,0.7439524792665858,0.5356028800209631,0.18124895338227287,0.9088055271040834,0.7429161100480923,0.13566561270289945,0.9172264523752471,0.7479581919734605
67,0.16211777764970559,0.9040001574697906,0.7194607719476939,0.24972702485840736,0.8699921848982429,0.7466525060648647,0.5015490584918912,0.7047198416351619,0.5285281735670142,0.12900148909434506,1.0672337920678976,0.8999465676645594,-0.174720494796758,1.0584619641434478,0.8772302144511636,-0.3550730556508257,0.7374498252000101,0.5897274693920365,0.0015409857245440861,1.000606976998466,0.6746199810833806,-0.021985141557009813,1.1566321834989925,0.9409359776060674,0.10575440406884229,0.917108679650624,0.6480550608956759,0.06106951639964053,1.0129477999247367,0.7563648653207262,-0.033714677279613525,0.910475363272353,0.6314304603957124,0.284887388442955,0.7744563753610868,0.6534747911353189,0.5084913512372073,0.6402206417830307,0.4880792463248911,0.12636743921204951,1.1183047355523594,0.7497835341903853,-0.03201589688560791,0.9798304117587799,0.7461627055351778,-0.580703185020278,0.6473110329095277,0.5182140993629992,-0.002462096342225495,1.100163711663305,0.8239277835912886,-0.01816683385620821,1.0875401062822445,0.8169965344336215,0.15337068540008303,0.747000558245674,0.5375504973186018,0.19141061808571347,0.903148245486937,0.7386531953604837,0.126118370301739,0.9222782784567831,0.7457854465854786
68,0.1724397192172159,0.8984146751705803,0.709664228769158,0.24725595277048884,0.8714236946606854,0.7425374055981377,0.476920323192342,0.7219202307035748,0.5456986656681883,0.12266822460428384,1.0711068363386342,0.908274671927301,-0.19788086042430963,1.0688451632678733,0.8821432295130097,-0.36254668613831287,0.7394806563304246,0.6030467175959353,0.003914834089427055,0.9994167915713347,0.6710340279763305,-0.03260537285007592,1.1626263771595717,0.9419335688396647,0.0848779328556889,0.9277520287457911,0.6645680615051043,0.07292502429681302,1.0065324367249813,0.751196603652075,-0.05658149208905572,0.920490597684293,0.6330518373244968,0.27099581812441675,0.7819423775329665,0.6623182308447778,0.508015829586875,0.6405302652030872,0.4791732591211513,0.14681433104191854,1.1051405996006896,0.7490919466336586,-0.06551348099508947,0.9956052905277006,0.7569160841527728,-0.6059656359230705,0.6524631209522317,0.5060165815505284,-0.0017578306649066455,1.0997771914772811,0.8188308678258379,-0.028317503383219034,1.0929478066841711,0.8223763610091391,0.1755552515323019,0.7371486142096303,0.5240782189294635,0.1765422400850689,0.9114139861949405,0.7418619610416706,0.12465965077284002,0.9230477101118655,0.7479325850476131
69,0.16269282136782104,0.9036898937950406,0.7154514991993469,0.24798604106089617,0.8710009941560617,0.7466373534770131,0.49909338344254883,0.7064536498885519,0.5288092226632546,0.08433263546091929,1.0942579979032465,0.9261472962255638,-0.20917230722770186,1.073870913846911,0.8963418468636064,-0.38403324685637763,0.7452884373131843,0.6002985587352703,0.021242124837357768,0.9906860334223954,0.6674008883499926,-0.020576794811361765,1.155834960191997,0.9399030977006539,0.08330534212104246,0.928548833916124,0.6625909107533994,0.10280734336739972,0.9901778362944866,0.746862207588588,-0.013623041777523603,0.9015837895312739,0.6337683991856581,0.27043890459764486,0.7822409980080013,0.6638725071630457,0.5114692126981828,0.638278270238848,0.48957881080772886,0.13772824389428384,1.1110096685150865,0.7432968640189732,-0.06581836321441714,0.9957477198096567,0.7674551347580999,-0.594769614443386,0.6501848133564515,0.5088527370572467,-0.013800168646537214,1.1063677684661015,0.825875310970086,-0.00985687536320956,1.0830929328858534,0.8122109506922317,0.1665621973381336,0.7411581233253675,0.5299402849168098,0.18821865105531999,0.9049291122982969,0.7454753169050099,0.10754126916466,0.932029688791178,0.7638516859353025
70,0.14908040369856612,0.9110060913505854,0.7261442658243661,0.2542515932645393,0.8673649466586745,0.7402741429937738,0.49412446702621515,0.7099489586982186,0.5287163069454557,0.13919770113965724,1.0609686974365244,0.9041611079765067,-0.21774755358219777,1.0776720423423694,0.8970222337690932,-0.3294032438586496,0.7304314919516969,0.5967437875960497,0.02441534765289033,0.9890787821513787,0.662826720018116,-0.00836678085530429,1.1489000454637963,0.931906394560571,0.09656918763315281,0.9218066735976772,0.6579222467804576,0.10017125685001338,0.9916314148267144,0.7401036000514605,-0.005573511487545257,0.8979967599100812,0.6211200772623384,0.29239966983699006,0.770377790877805,0.6421393668588201,0.5028028042554807,0.6439148271876782,0.4921533264499161,0.13961846808339862,1.1097912536097334,0.7490866665862902,-0.05726883309966846,0.9917459515560486,0.755911309432557,-0.5518234020662194,0.6413705191835178,0.5081127941619653,0.004725854620267977,1.0962123655584635,0.8126561068543874,-0.023514679272882644,1.0903924774009335,0.8195480851956329,0.15949155192312447,0.744295369150854,0.5284778292622871,0.17850057561689137,0.9103295851953668,0.7443687732919521,0.10583481825349983,0.9329203200945343,0.7628003598140146
71,0.1710803851558591,0.8991522314613545,0.708199991726685,0.2533046809589581,0.8679154392796237,0.7476823306450022,0.4992304801248748,0.7063569661191818,0.5292892526961324,0.12773418281174387,1.0680099245484596,0.9048345847693787,-0.20282831652289568,1.0710501469963567,0.8801172567477842,-0.31458225612192625,0.7263484349449872,0.5867376498170729,-0.00045222853152093734,1.0016052301528653,0.6688777466093664,-0.024729804098948094,1.1581842787003982,0.9362299927944107,0.1043416640286966,0.9178328234692691,0.6526823944495483,0.1168269846556409,0.9824110561758332,0.7298158958800561,-0.026165605383240198,0.9071447350337856,0.6287338886097258,0.29179531593998154,0.770706706390398,0.6538660882383281,0.5239164913585989,0.6300944572303384,0.48668869852947716,0.11895144130633528,1.1230411775875633,0.7511159788880039,-0.0726187574884376,0.9989193250238666,0.7535510354512384,-0.561916515960329,0.6434528869112349,0.508104165435741,-0.00851094381450146,1.1034779088031115,0.821486738866384,-0.022545912917898647,1.0898763218227585,0.8158678248881193,0.17354544454007337,0.7380465668228565,0.5380424697737668,0.1822135819337829,0.9082700052694639,0.7446506022237329,0.12050780736427658,0.9252341830519222,0.7539932240360494
72,0.18852862855189922,0.8896386030122696,0.6982398139853134,0.257805732006706,0.8652956045796312,0.740930258486723,0.4825562208842705,0.7180205500196543,0.5393693721334555,0.11861123850892852,1.0735805034474595,0.9123214622881564,-0.2045047504405335,1.0717962715981515,0.8873952084350929,-0.37059035814934327,0.7416601732444588,0.6035974926539297,0.010636425663025362,0.9960390469564737,0.6749158921973807,-0.03987456617810925,1.1667114490447024,0.9429624485943956,0.09343751531859013,0.9234029768301217,0.658704605352757,0.08596420710771757,0.9994290004921365,0.7545869668735665,-0.0380772338384785,0.9123945671130458,0.6321388870911483,0.2871452934806332,0.7732327698703295,0.6493737212972874,0.5078002962168795,0.6406705548079714,0.49132889767467053,0.12583242527294747,1.118647108922635,0.7522482389503774,-0.059551159521300745,0.9928158155710832,0.7514645273324708,-0.5372644417583345,0.6383548111983981,0.49667507433086544,0.012366215703813244,1.0919966456112027,0.8139825313906096,-0.023970032278195053,1.0906350036148844,0.8225154532046317,0.1698805182258294,0.7396811964470253,0.5269883325703435,0.18126521490166925,0.908796501996788,0.7471073386164327,0.1329244591559916,0.9186797488670309,0.7454393038154725
73,0.15859297477308154,0.9058996357858501,0.7164839739080187,0.2501463887385732,0.869749010542468,0.7486833309938293,0.48899553125563266,0.7135388729856326,0.534569392652469,0.12502515174245332,1.069667119554113,0.9109979467101982,-0.17888777742572803,1.0603377317023939,0.8825531071284891,-0.34812853014273704,0.735557743683165,0.5848401034546545,-0.010836558935709562,1.0067899600525714,0.6781539455360893,-0.006875272622472783,1.148050043244224,0.9307907191968814,0.12664358871200376,0.9063337553254781,0.6439328785410869,0.09049982678999191,0.9969462381561183,0.748062362551431,-0.04930697349093327,0.917316355325156,0.6396884296117803,0.30205505686801104,0.765103736878622,0.6417772093590365,0.49384428333012087,0.6496899719505156,0.4958297742308355,0.1237323103162059,1.1199900312026327,0.7592999105046403,-0.046775795483991134,0.98681230731634,0.7482077157224156,-0.5927570337301977,0.649774421000164,0.5108090577463027,0.027912269940400636,1.0833681565612296,0.8006720903023916,-0.01946898498020011,1.0882353209720386,0.8244047770203351,0.1601626433139427,0.7439981740673005,0.5366564021103364,0.17859518953070985,0.9102771613454845,0.748701278229234,0.10307705157085578,0.9343578597993114,0.7583884988787405
74,0.16328711119516393,0.9033691339510209,0.7167307934465844,0.25160572314329777,0.8689022634040915,0.7420875133825727,0.5076792874627198,0.7003729153127111,0.5208054134121882,0.13813507941079217,1.0616233545360017,0.8983668529852091,-0.18639830764812526,1.0637100013413752,0.8828879927876152,-0.376383818544225,0.743226012294933,0.6106986504170822,-0.0012898491034152304,1.0020244353837808,0.6791358843247259,-0.024321987956593905,1.1579537919683995,0.937707563850955,0.10087250161380079,0.9196086311076191,0.6492289962669778,0.08104986782901624,1.002112127985667,0.7459938116934213,-0.007172214026652135,0.8987103126891607,0.6185845332901969,0.30694503273352935,0.7624187721904709,0.64930124932123,0.5256615524924204,0.6289386066612803,0.4800457955331167,0.14830883017507335,1.1041722549363808,0.7425225418123889,-0.054346087497112006,0.9903741967759854,0.7580786423123976,-0.47306730850021683,0.6248836201458511,0.4966263243223374,0.0028786821867292645,1.0972291480306102,0.8219441882029015,-0.02596711032708865,1.0916980338776365,0.8205438778447461,0.15391491485439457,0.7467604265534168,0.5285254396193771,0.17630738646558775,0.9115439464820303,0.7467311555319723,0.10471584766742925,0.9335038722344947,0.7533341854869103
75,0.1604852008192197,0.9048804312510459,0.7100215313626551,0.26071330524430913,0.8635990277316479,0.7362618978247212,0.49244336706046477,0.7111276135212361,0.5275139371149243,0.11555964808286445,1.0754374009549679,0.9117575406278932,-0.2011642148229038,1.070308996645089,0.8847320085337778,-0.31121518680626314,0.7254176321900458,0.5921563697987983,0.009965468321113446,0.9963767319399365,0.670445051454215,-0.04048512725380826,1.1670539153803352,0.9464120171838284,0.07873590146826359,0.9308602221424189,0.6563340066938695,0.07834554949907668,1.0035855699261806,0.7488468218277324,-0.008595468216404445,0.8993450808258142,0.6372613721778924,0.30876551506183314,0.7614167718955591,0.6462309408957768,0.5071009883687567,0.6411255194492423,0.48796130664153564,0.13993011131081634,1.1095902438020417,0.7529231537482887,-0.06579026672148491,0.9957345950577673,0.7507888950144774,-0.6087887245692947,0.6530363438199713,0.5222298804968357,-0.007391666544091624,1.1028654015084673,0.8275677632804556,-0.01244757450063827,1.084481332907677,0.8133391493571537,0.14451901548081458,0.7508954205321406,0.5365415382006579,0.19241469520003085,0.902587322850129,0.7335283940848754,0.1171825620250273,0.9269816278162791,0.7467311275393207
76,0.13991502619757312,0.9158992393367763,0.7251330125174226,0.26382227453970986,0.8617812406816822,0.7371695281834721,0.49067397021436787,0.7123660686697529,0.5356191885138967,0.12613381082156638,1.0689892303215138,0.9027820445823236,-0.20823047323095079,1.073452609047028,0.8902477217211421,-0.31919149922831314,0.7276206972866802,0.5901461487781158,0.009876280062802056,0.9964216107301275,0.6692998205490581,-0.04124141386509894,1.1674779805108595,0.9402019903282639,0.07898372231087625,0.9307350126173858,0.6691289371023674,0.09423273476606409,0.9948982258935443,0.7381951045566844,-0.027155887903990594,0.9075823412766406,0.634426710779826,0.2756563888299357,0.7794388658388236,0.659356597942195,0.5007179657614208,0.6452634410572602,0.49052746727420177,0.1442432359442153,1.1068045305760492,0.7374089696292522,-0.07963743764802733,1.0021822100406592,0.7690077810285516,-0.5405483327509715,0.6390362714709387,0.5027580264076883,0.002288306432933762,1.0975539237715906,0.8219703386300341,-0.032207716388241714,1.095013212609533,0.8230450480959781,0.16856187174091175,0.740268455866253,0.5330523871032529,0.1852928764973525,0.9065583917025133,0.7443738090952358,0.10378584668684121,0.9339885977683896,0.7570909206991322
77,0.1489723106795927,0.9110639524411364,0.7221437658372505,0.25455516167681547,0.867188391537437,0.7494313925774939,0.49811285376252734,0.7071447568619786,0.5284811735475932,0.12710147706141217,1.0683971995705928,0.9045549592928258,-0.20628395330629123,1.07258756748928,0.8867055517352792,-0.32660968501707965,0.7296636374841808,0.5910544010884102,-0.0039924685004426586,1.0033758251747842,0.6767751060960076,-0.039191417197836254,1.1663281486401316,0.9466913352867664,0.09353153563475436,0.9233550921600522,0.6627412433232828,0.11954641965197976,0.9808973874443607,0.7344851905523219,-0.011526744392904131,0.9006510138070919,0.6140296636270207,0.3082510052204782,0.7617000936616797,0.6416327545047611,0.5062255308811501,0.641694631090018,0.4875718521750072,0.13324200606438563,1.1138961061989063,0.754044597544905,-0.0775296576712663,1.0012034501668023,0.7610516898508837,-0.5364015318566864,0.6381756227663459,0.49952777738473925,-0.001361104557534576,1.099559397556765,0.8190378012531708,-0.022740638397951596,1.089980090555564,0.8239791712865278,0.15087021436816617,0.74810285656448,0.533406551919458,0.1994851843615637,0.898627516061732,0.7383745472821522,0.11415707697947874,0.9285686888385545,0.757263387021442
78,0.16707461324114437,0.9013221992914363,0.7141819328492319,0.2727310249355229,0.8565510075220142,0.73574003396536,0.5048123512305495,0.7024091995117754,0.535730940173455,0.12521191391967612,1.0695529539743682,0.9047702239031988,-0.1825453073531067,1.0619813205371817,0.87822786394257,-0.357444892250264,0.738094936459363,0.59115397429891,-0.006281743858530309,1.00451910847794,0.6723833337293015,-0.02507271573817249,1.158378047656814,0.9418571206530059,0.09600435525632611,0.9220947891298908,0.6595144346635876,0.08420653070328166,1.000389482063669,0.7382838265623988,-0.05160887324812169,0.9183219778750034,0.6320934683213225,0.31007150004364414,0.7606971398262842,0.645748792579969,0.5182039388467743,0.6338634540702411,0.48421588777851055,0.1360228650540557,1.1121077889587856,0.747012261607982,-0.054035691214506576,0.9902284044687563,0.746636192532145,-0.5752943034216982,0.6462025929928478,0.5093501511920439,-0.011979760462611733,1.105374009571456,0.8216623777414336,-0.016414285423823616,1.086603723596022,0.8227269993448532,0.1366882801632464,0.7543242919424608,0.5398922270246835,0.18102365496057393,0.9089305580082085,0.7443326365465817,0.10481884953198062,0.9334501711805392,0.7585709125435054
79,0.1538066572325748,0.908472572825735,0.7158340750219112,0.2440999914715839,0.873248553246955,0.7494885662467599,0.49938899587712404,0.7062451606242743,0.5360198774429501,0.14136249356523944,1.0596337667349243,0.9069480396442702,-0.1751004428467462,1.0586331231757038,0.879735333166239,-0.3452914294264344,0.7347833551725538,0.5944656097984043,0.0017948424422034037,1.0004797674952537,0.6778933806179054,-0.032713048321345584,1.1626869923195666,0.943695521469694,0.11289688327332559,0.9134387918557051,0.6480038243854954,0.10251566127402689,0.9903387792490379,0.7414875937087995,-0.025143924304425802,0.9066930323981932,0.6250925316492596,0.29396627166167744,0.7695245239016898,0.6535142875086429,0.5097244716371336,0.6394170293517695,0.48420992922404466,0.13900295448560562,1.1101881528081616,0.7510306207812577,-0.022113086259626824,0.9751180502060893,0.7380453371395045,-0.5656240667468608,0.6442161223991958,0.5061841076290433,-0.007703739802775944,1.1030362130013467,0.8322480474710404,-0.023433541044988182,1.090349256591021,0.8168352118261776,0.18018850400272135,0.7350743650410264,0.5238929936371486,0.17515806964983138,0.9121796736757403,0.7436635164269851,0.1403216164450365,0.9147526548268441,0.7421848300865374
80,0.17774217079660082,0.8955318303924862,0.7085867413419898,0.2496998616749755,0.8700079335285389,0.7454068300856013,0.4815201807962657,0.7187390107615601,0.5389795564674061,0.12971512271389085,1.0667964951200424,0.9019837234091314,-0.2260211677648989,1.081326801994951,0.8954286906783282,-0.3605051418949179,0.7389264557232116,0.5941523585802468,0.03679456005927073,0.9827835284074674,0.6578982728569152,-0.047506598783852994,1.1709850901354033,0.9460009543873875,0.10984720616602872,0.9150075516013209,0.653710861739337,0.11018926116545458,0.986095932258999,0.7362961302887111,0.002061891668194149,0.8945809815073773,0.6242788267861524,0.28145091033424585,0.7763149726296344,0.6498770051376923,0.5095653704807862,0.63952077074906,0.4869629802175156,0.12045449277736842,1.1220828256267448,0.7547814867593748,-0.05861838091065641,0.9923787053583452,0.7580381621264578,-0.5667116411731326,0.6444398387311145,0.5020108294868991,0.004055840993129944,1.0965812858486934,0.8147773629381047,-0.030894095275395772,1.0943162160687625,0.823776917911612,0.17008297425014485,0.7395909913323262,0.5261268908866835,0.1984216124677245,0.899224280609238,0.7411134179338283,0.13872972539410788,0.9155991999422706,0.7484561603895551
81,0.14027778483077957,0.9157060692389991,0.7331565340364736,0.24203649590135934,0.8744396608114303,0.7481937576985295,0.5099990366391685,0.6987209354101672,0.5261249585346567,0.12181828471351319,1.0716255432130095,0.9053088073182578,-0.22256914530440097,1.079803420615962,0.8938786977418588,-0.3370110947177769,0.732518551009237,0.5995367498217826,0.0428789499916149,0.9796745804266026,0.65599250681473,-0.012371207428309328,1.15117904128384,0.9282604243896834,0.10539627168860366,0.9172923056242732,0.6524828708160259,0.12796343848053127,0.9761975037889332,0.7178602426953522,-0.06173769981843957,0.9227339004212005,0.6336289326473806,0.2936041963998074,0.7697218162331797,0.6545003715636342,0.5215439014186358,0.6316625622163157,0.4786399082545689,0.12204086344386422,1.121070460364795,0.7501767165305351,-0.07236245350835224,0.9987999712025094,0.7645238749345981,-0.6213164594478464,0.6555740298297363,0.5109649051951834,0.014174885113294566,1.09099629202437,0.8107835128239553,-0.035132547509479695,1.0965635125601174,0.8199594588590401,0.19153388407019378,0.729970293692297,0.5233863313953732,0.1934786088442646,0.901992592214574,0.7393420586482352,0.14111199473960812,0.914332051661091,0.7464876314540253
82,0.15733093240735252,0.9065787692481169,0.7121782134469129,0.24768930890184393,0.8711728184367682,0.7518878281156769,0.481855056440447,0.7185068637649202,0.5400351543965282,0.10788958096751655,1.0800905528347593,0.9046112548052132,-0.20183947374528555,1.0706098023734674,0.8885068785488853,-0.372334188991283,0.7421318381571265,0.5974418739916505,0.030875174478855683,0.9857987544081133,0.6596037592411225,-0.042689283378718024,1.1682894006782207,0.946457931464216,0.08546356833901969,0.9274551222014659,0.671182907974319,0.07394012375756531,1.0059812351504764,0.7549985397041337,-0.01588791995365768,0.9025904941784553,0.6180802533111918,0.29938184378539745,0.7665675562374653,0.6467897313311362,0.5117983511962096,0.638063219976639,0.48984528711137326,0.13810627149667143,1.1107661035598222,0.7495722019248111,-0.06520298513510636,0.9954602178231884,0.7572538341204467,-0.5276453556834189,0.6363544964167706,0.4950776506982226,0.011184977652371253,1.0926494799659896,0.8131057916043352,-0.016479007059211348,1.0866383185695057,0.8142525132528909,0.16523097967251987,0.7417497986228307,0.5288874153465022,0.17071171803476237,0.914634944348945,0.7469801726226138,0.10624647451896374,0.9327055461834111,0.7557935350523856
83,0.15881889345324562,0.9057780101138392,0.7202603531065745,0.2629075149832153,0.8623164904331049,0.7308837732483726,0.47859890763406965,0.7207609638971615,0.5526712637735708,0.13614497409015325,1.062848328441551,0.8932114072639222,-0.20136379486921752,1.070397911817555,0.8758386812835607,-0.38596356245476526,0.7458079843070866,0.599305145669881,0.005799527591121456,0.9984708452664716,0.6737675283922783,-0.02222029895277422,1.156765245593881,0.9388050865959022,0.0990873670472473,0.920521077419265,0.6619614490582892,0.08942500396795594,0.9975351463323568,0.7465937264913307,-0.03294054746294828,0.9101343803353826,0.6278601203402604,0.28587491397039133,0.7739214528577969,0.6564533557368856,0.4963953266752458,0.6480506731862451,0.49633171964938666,0.1399467220063546,1.1095795288851809,0.7435883489505002,-0.062390525251958096,0.9941451903494355,0.7588309255733858,-0.5493635932725085,0.6408619965889913,0.5058324569027066,-0.02609328479929318,1.1130553417210585,0.8310447485665171,-0.02400047182672793,1.0906512141432,0.823923350218516,0.1703553654940514,0.7394696089308521,0.5193092974463978,0.18279528141758905,0.9079469171327784,0.742516602082956,0.13368626126310745,0.9182760897142463,0.7463622282065188
84,0.14824338001496973,0.9114540456870237,0.7169081705856669,0.21011610920443824,0.892662576529285,0.76956607751378,0.49768895210130093,0.7074433265411119,0.534460094383133,0.11363010114004446,1.076609880469199,0.904320261447706,-0.1662167711092113,1.0546239377726407,0.8638943224948434,-0.29152556271601004,0.7199504795409621,0.5838130745752115,0.03718738378901221,0.982583103843338,0.6554279974843307,-0.05472769983371473,1.1750143148389551,0.9466995930589668,0.06796972206856178,0.9362835847348209,0.6653564035242884,0.11908552773781456,0.981154089521774,0.7367985303395415,-0.06810009432729447,0.9254944825607005,0.6388316716166298,0.2693336358541213,0.7828333125659908,0.6657875255269229,0.48703587787281843,0.6540449332360486,0.4978837533145129,0.1274955577478183,1.1175824709017894,0.7571182983058977,-0.032415156469133066,0.9800199286323809,0.7374809569493256,-0.5164385287105759,0.6340160472060149,0.5021454856280007,-0.006978522679913501,1.1026392289012856,0.826165783596825,-0.03414532533263581,1.0960404828981922,0.829364532210625,0.15551486229515143,0.7460540302227092,0.5241017760052201,0.187885978858518,0.9051145156215089,0.7380590992017736,0.12726915162013896,0.9216708218991057,0.7454227245577058
85,0.16391955759881383,0.9030276544711844,0.7158096090489237,0.24245157885686142,0.8742001936715054,0.7497163952222504,0.4966659640375537,0.7081633365710903,0.5367720274877024,0.12063735953893429,1.0723458294592865,0.9022915169249615,-0.1939900411431419,1.067107901265272,0.8826205479500634,-0.31428134483789205,0.7262652986679551,0.5898979777056741,0.028950309318571343,0.9867772601427851,0.6559390252894249,-0.033251023419003545,1.1629897943466567,0.9375474769711124,0.09693182298069536,0.9216216493377081,0.6465955670707934,0.08849148471323787,0.9980463506384322,0.7391920745585134,-0.024437912683390683,0.9063807610892687,0.6278865226007303,0.2835938126996702,0.7751565205720575,0.6538829599061534,0.4940674623338073,0.6495467224101307,0.4955571028827418,0.14978693956972078,1.1032136937947776,0.7523171683406428,-0.06367193710326768,0.9947445582352255,0.7526221433105137,-0.55409820154109,0.6418404357445939,0.49882419451681187,0.014821186599059288,1.0906386078272876,0.8126753309002744,-0.01905223794943045,1.0880128692823574,0.8181185667401367,0.15679932127246543,0.7454864415140392,0.5356679664638814,0.18851984032117675,0.9047612221262423,0.743971158275189,0.14224594853645944,0.9137282751875643,0.7404966836137198
86,0.14529564088745772,0.9130298527675291,0.7222111421952409,0.2547795907747117,0.8670578406574634,0.7416938444209952,0.49477926930006033,0.7094893330661806,0.5333107845429046,0.12895171422726426,1.067264286185034,0.9032839861548877,-0.20931261707626314,1.073933216917224,0.8743850983195828,-0.4035976190824133,0.7505375643439536,0.6080778815427267,0.014102078724874678,0.9942929982256321,0.665190068384604,-0.044624072610583765,1.169372823216831,0.9450150606441315,0.10520206619114858,0.9173918656506069,0.6561737438609576,0.09222509661010703,0.9960002143024477,0.7413000024303051,-0.05876431843822094,0.9214409429542159,0.6407862228871274,0.289081560555674,0.772181922346666,0.6499246286890557,0.5226487831237885,0.6309328026909579,0.48443278284387536,0.12350662186734296,1.1201342522793607,0.7569216274934147,-0.06206766741501313,0.9939941197463226,0.744623367427061,-0.6247223203988834,0.6562622429825101,0.5209899310185945,0.015727290378513947,1.0901369430109098,0.8055680563507627,-0.016068590229714852,1.086418924132164,0.8207494312250888,0.1757446301170268,0.7370639462078242,0.5313680825721491,0.192396335829651,0.9025975823488367,0.7375109263385076,0.13834208649291202,0.9158052223440696,0.7355971679149843
87,0.180575105727122,0.8939878059630862,0.7082555952152335,0.26989474094681665,0.8582196184258157,0.7347376887655194,0.486562741115266,0.7152353641982753,0.5405436709166148,0.12616415631859057,1.0689706695329573,0.9030099094348311,-0.20570999752174024,1.0723323659328683,0.8879384736118656,-0.32960877444062775,0.7304879534536043,0.5876989314764353,0.03097807782959916,0.9857464161100528,0.6641371444404869,-0.023388403956925874,1.1574259825595306,0.9363910548106341,0.08374489913682215,0.928326186663911,0.6624582029020273,0.08008271253257038,1.002639329159394,0.7485612695994271,-0.0100040406759625,0.8999728601339387,0.6301139150225631,0.31118207998308545,0.7600846450295536,0.6435309971525923,0.5072432171620025,0.6410330125808543,0.48783602875371246,0.13676297880624733,1.1116313512256197,0.7450667433073715,-0.0768392980997441,1.0008826696088626,0.7592086169104496,-0.5252508271309877,0.6358555695594887,0.5012111904436635,0.01642019973173947,1.0897531575699473,0.8232864360947331,-0.019977535766412036,1.0885067141856646,0.8161034233651527,0.1530398642880597,0.7471464895374927,0.5380019746372686,0.1689099678755921,0.9156279943918183,0.7477694682537868,0.13831966103086535,0.9158171396150129,0.7412184745633121
88,0.1596316356185642,0.9053403267895609,0.713621287716978,0.24311623369150914,0.8738166083633974,0.752004040552463,0.49750785650831153,0.7075708404831167,0.5347226408937836,0.13747075713222934,1.062032423392624,0.8939196118433902,-0.2079752870022249,1.073339242932455,0.880662703293816,-0.33642239604889146,0.7323572658198201,0.5988897092642308,-0.012527938012496076,1.0076319120603918,0.6642435631463904,-0.03421487459000083,1.163532105826095,0.9387416334468517,0.09201065404999298,0.9241293745878842,0.6563078261821998,0.0904454812650276,0.9969760230637761,0.7451433350910118,-0.022539777953666462,0.9055406757864537,0.6278385792086437,0.28763713685754,0.7729659728388398,0.6501512115303983,0.523575593186238,0.6303200054874947,0.4862644383390079,0.11289051659927973,1.1268973793303347,0.7561238751881225,-0.0702228277720609,0.9978030483942883,0.7596374281539569,-0.5648046491685832,0.6440475151597486,0.5099119646290655,0.0012213303289091426,1.0981406418053021,0.8176022798878481,-0.02534794790660233,1.0913685689260593,0.8303613048976475,0.154812548874948,0.7463641924986949,0.5306154619083884,0.1649293652903986,0.9178181285536053,0.7534203473708421,0.1128604686675625,0.9292480133559081,0.7540467586641564
89,0.14402689472706498,0.9137072645153796,0.7154475033096924,0.23889028961804226,0.8762526231223308,0.7528696151920401,0.4921512769334975,0.7113322049561358,0.5290913150986833,0.1320839552213342,1.065343646614688,0.9055801737385074,-0.1926820199789656,1.0665232304736942,0.8850288372863045,-0.3567237229294735,0.7378988466794372,0.5996880314672984,0.017832340523979084,0.9924102028082823,0.6666323923235683,-0.02843816508982644,1.1602780436470492,0.9301545371950178,0.06865868316340296,0.9359374681807994,0.6686543341922434,0.10275689083962158,0.990205676620711,0.7404097377489796,-0.05156539513608749,0.9183029939544841,0.6353930025748072,0.3041220577941184,0.7639699491871816,0.6454267985138421,0.5155532346164573,0.6356047301370591,0.48606340849270646,0.13279854670386537,1.1141810210727185,0.7470930513124309,-0.04307142353558824,0.9850646744157107,0.7463893223158097,-0.5478191787631412,0.6405425094969704,0.509783916577673,0.026761482012632176,1.0840092294793298,0.8100711217489219,-0.014421261926774509,1.0855378740517214,0.8212679970219776,0.1476163894153616,0.7495348333422222,0.5455501405130134,0.18944269241302691,0.9042466079977175,0.7439244621624829,0.1264777218626928,0.9220886325104557,0.745757983910164
90,0.14818612007076692,0.9114846817451887,0.7147720450079883,0.2457098544105979,0.8723181657857435,0.7477762761046798,0.4910812682707175,0.7120811791026639,0.5350669103012669,0.11812047632785427,1.0738793496612087,0.9045903106087929,-0.2151185416381356,1.0765081132993126,0.8875482299383118,-0.34741222986187426,0.7353623060034699,0.5972775791701977,-0.008954303262265206,1.0058521629894945,0.673363495833424,-0.03192703903248417,1.1622444411504598,0.9450536798716574,0.09312852039950803,0.9235603308593255,0.6542984627049533,0.10061454651984914,0.9913871271677615,0.7404502054036568,-0.03730030309547461,0.9120530703292158,0.6274757854224908,0.28321539303135634,0.7753612199120342,0.6570243997521936,0.5079373322644669,0.6405813622793262,0.4864665094799703,0.1086120453175139,1.1296115870010561,0.7646492827459997,-0.08543542984181052,1.0048696234532497,0.7586147486332838,-0.6317123261208686,0.6576724388747802,0.5251257424252083,-0.02838126755466952,1.1142955960990377,0.8339831036926301,-0.02676659186127983,1.0921233021178494,0.8265907228636099,0.14558463346425898,0.7504276035887879,0.5324542414442446,0.17220522587551124,0.9138109666825736,0.7554527473540922,0.11583949963939555,0.9276864853264741,0.7461161174044323
91,0.17703332812930073,0.895917752179618,0.7070791025352261,0.2776586108881469,0.8536443096350789,0.7242588344142006,0.4961819824653163,0.7085037225077478,0.5286280125219122,0.1279604800219889,1.0678713754162257,0.9069446500760113,-0.21099266924403137,1.074678945354078,0.878214078634773,-0.3008953581611369,0.7225573183892702,0.58801231665126,0.02230130558719201,0.9901498438089633,0.6652612771229846,-0.02371202858697674,1.1576089736634434,0.9433736349030115,0.10145714006733397,0.9193096045544683,0.6570582714939739,0.08717058135872158,0.9987692432322127,0.742792029420661,-0.04023782660685593,0.9133435757039939,0.6267011253811771,0.30042466896664555,0.7659968504773735,0.6426406357495489,0.5286781761885181,0.6269355039856823,0.4773613190787671,0.1353735851974417,1.1125255856506993,0.7560387076299752,-0.05030311718122826,0.9884735403569104,0.7437924877042725,-0.46719149449512587,0.6236360978254745,0.495806682306347,-0.02241229943943135,1.1110570723712843,0.8278523204900736,-0.02856144904480451,1.0930774378848247,0.8279285884890464,0.168405067378671,0.740338257723303,0.5331316058066908,0.17403355177609336,0.9128012551804248,0.7444352006124075,0.12712264864233924,0.9217481778525528,0.7470100436665509
92,0.1652665812760108,0.9022999194915559,0.711155452245412,0.24232692787687415,0.8742721134495379,0.7445445960553337,0.49067295713447656,0.712366777138728,0.5364089768076206,0.10563936366122872,1.0814518797100534,0.9217528456314266,-0.2241150462965309,1.080485894009859,0.8931372651346849,-0.3481294000937638,0.7355579810118382,0.600141321739665,0.0022021197850320418,1.0002756439692138,0.674607612103069,-0.026888769581709937,1.1594037046474834,0.9377138146301711,0.09708589953229951,0.9215430249621781,0.6582081668425565,0.0825385599461379,1.0013000920253268,0.7423526900621233,-0.04360130284791608,0.9148189739769788,0.6368227115869279,0.2870020213665202,0.7733104695241374,0.6519897258538163,0.5250989624397282,0.6293114730727369,0.48215632758103344,0.10952399900561316,1.129033602374654,0.7583687043090535,-0.07770627436228561,1.001285499878274,0.7568568954559793,-0.5919613561384822,0.6496121000933557,0.5126026865831375,-0.004852147379232008,1.1014744255673317,0.8196192536412362,-0.022990957631076725,1.0901134705530817,0.8186878772092598,0.1495085255791041,0.7487024558364692,0.5321184463168984,0.18360582250697532,0.9074965337472072,0.7389714970554913,0.11975179829921612,0.925631762007814,0.7578197101234883
93,0.18947058120499405,0.8891221086545228,0.6984701774121866,0.26107161430252845,0.8633897226954618,0.7426252696646835,0.49867117870764777,0.7067513154028959,0.5391570364322833,0.1391008601606083,1.0610283756913148,0.8993446601906662,-0.19588331499017375,1.067953606486069,0.8815116967379149,-0.3273425620159407,0.7298651586504811,0.5942420355977536,0.01092583883512055,0.9958933533449666,0.6646392876391479,-0.039086287331731695,1.1662691513171455,0.9475580073753734,0.0947007722762312,0.9227593908093701,0.6590073152517759,0.10566248582275106,0.9886010559241857,0.7421664335252924,-0.018074764714103297,0.903561449812628,0.6297276435029362,0.2844581283282862,0.774688781665511,0.6572718594422404,0.52740281289449,0.6277831523699561,0.47940360951525857,0.1391891862416319,1.1100680806943726,0.7459890112128796,-0.07516349761199215,1.0001035688034752,0.7613186884897355,-0.596949773502836,0.650629085109619,0.5124104603224557,-0.0006587826233728222,1.099173732418784,0.8179446429278298,-0.01575079039755667,1.086249009051299,0.8194858004050803,0.1736737874146782,0.7379892577457264,0.5201359588301366,0.19669425430386733,0.9001926490912772,0.7354946893831373,0.131046308297754,0.9196741753853582,0.7473780921692524
94,0.17814896091350285,0.8953102827511594,0.7066750465634305,0.2682222572177516,0.8592020365503088,0.7265202152884664,0.4984047485899872,0.7069390911868562,0.5326566162000516,0.12157722700298079,1.071772611792728,0.9041440051257623,-0.2297828572333116,1.0829843999440052,0.8950357845715854,-0.3728642890353151,0.7422751582536136,0.6046121468987878,0.006210313592338812,0.9982645487329832,0.6702650312006657,-0.01872487690187241,1.15478580671906,0.9285288738878806,0.11267295646194231,0.9135540718755069,0.6472927085392287,0.08338583210103423,1.0008376368159932,0.7440147912541588,-0.02440860841876291,0.9063677973892266,0.6245565184646964,0.2889671629259606,0.7722440477772111,0.6493322154641891,0.5178875827974772,0.6340715230518597,0.48223388876267187,0.1483837345493204,1.10412369910223,0.7468884132435516,-0.0635479625372315,0.9946865861226499,0.7544542555582958,-0.5629095304127989,0.6436573973587771,0.5091427409008096,-0.01103859657584616,1.1048598786882002,0.8188200518385662,-0.02895925109871511,1.0932887944427168,0.8185274580993376,0.17115379886430693,0.7391136979134622,0.5272613491904207,0.17384197937327994,0.9129071053585545,0.7468259574645457,0.1273800209359327,0.9216122767822851,0.7475581451196888
95,0.16107903786178024,0.9045603376813959,0.7109253754250665,0.26559347030978,0.8607439215423945,0.7277865795602184,0.4827267975460833,0.7179021916115508,0.5390500186853717,0.12223308521504783,1.0713724274241458,0.9125080371484173,-0.23853849857925669,1.0868328050454283,0.8963040016394643,-0.3828163752148981,0.7449607284955749,0.6116944546311709,0.006114215471178963,0.9983128129833925,0.6664906653324743,-0.04396105039716924,1.1690016642321093,0.9517394264590787,0.09388848172388586,0.9231732764354103,0.6702850667103479,0.08821253927522732,0.9981990530957144,0.7483467870702366,-0.046785862950153856,0.9162137005328466,0.6303694270282175,0.30093508985215855,0.7657173579654188,0.6506589678816768,0.5115345892972774,0.638235560690322,0.4876858597514704,0.11966354455186923,1.1225872395397762,0.7559594970689197,-0.07173942321870297,0.9985097833819835,0.7513918220798068,-0.536439363335939,0.6381834797551317,0.5019631505831411,0.015543920825106361,1.090238484287572,0.8065169306874128,-0.030669624541644458,1.0941970693308443,0.818345136660915,0.14083176669162922,0.7525119153901448,0.5417489009328963,0.1642111975799484,0.9182127093587821,0.7539606324910935,0.12642897210962278,0.9221143622297305,0.7470576027353201
96,0.14539439058148473,0.9129771070303482,0.7232081530715938,0.2543918958886824,0.8672833512430481,0.7468006007413617,0.4919295117220801,0.711487498759343,0.5373326709566782,0.12273013246712983,1.0710690449883216,0.9044379529250369,-0.18745928558903513,1.0641855248801626,0.8826823542127491,-0.3551573733611859,0.7374727682853545,0.6017404842837114,0.01721404898140899,0.9927225233636626,0.6701344475975655,-0.01843509908807861,1.154621554763484,0.9364010627385447,0.12188390450593523,0.9088001028913228,0.6500770756891642,0.10095102712783399,0.991201659553151,0.740454291454537,-0.03764116788442595,0.9122029118170938,0.6267787617698655,0.28744193221068504,0.7730718712666922,0.6516495767353548,0.5300798876775159,0.6260025564720489,0.4729449139786132,0.14082972082094014,1.1090097914996704,0.74980295478111,-0.04343953559731428,0.985238479484569,0.752288719949618,-0.5052619027964542,0.6316752779655394,0.49883691764709026,-0.006956564675998367,1.1026272068531728,0.8198249411961662,-0.031007714857156365,1.0943765192199972,0.8205649108337713,0.15273159890847554,0.7472824454303091,0.5313535501732448,0.17044899502304867,0.9147798135239336,0.7486652484250227,0.11125853841722078,0.9300866182538902,0.7506778489207042
97,0.16758352640279417,0.9010468055864014,0.7136697119918535,0.2518121929875581,0.8687823971144958,0.7431162843377709,0.4997592708575852,0.7059839265682301,0.5255888225403608,0.11877958352129347,1.0734779717600895,0.9038185041033318,-0.2114632674779171,1.0748877380670943,0.8884260284302574,-0.3461974337482019,0.7350307383174072,0.5971101242055072,0.003062032736234954,0.9998445269065259,0.6759447927173294,-0.017858793293768382,1.1542948234603623,0.933252329171958,0.10303696892835146,0.9185010784074571,0.6563659089462615,0.08283772898042585,1.0011368249970378,0.7430135633157053,-0.057784832003385356,0.921014621569597,0.6353001704474482,0.3010956093544106,0.765629440789204,0.6503756440768687,0.5167384001797934,0.6348267724970109,0.4887368357489378,0.11152447933408516,1.1277646858378056,0.7590835832122255,-0.07874604843534327,1.001768404975743,0.7589505968352682,-0.5534225027146493,0.641700889228293,0.5056782927557881,0.006304168648693098,1.0953428293429424,0.8213726671596457,-0.0106675340065574,1.0835275699780949,0.8107239332693172,0.16743371596888235,0.7407705106800415,0.5340333199281283,0.16574521177047763,0.9173696744720303,0.7528529151316881,0.11619263844001404,0.9275012051591742,0.7534961245341435
98,0.18575974779898607,0.8911551109044137,0.7088129672751932,0.2575930231632465,0.8654195902056071,0.7421687519916667,0.5040213335326192,0.7029699933835022,0.5345480393834414,0.12640563335471078,1.0688229588923142,0.9075428423465458,-0.1924250353771877,1.0664083235628299,0.8794363796514062,-0.35033353113551136,0.7361590375742336,0.5987031459101076,0.02414107764450546,0.9892178042145947,0.6628557333268537,-0.02631741605933735,1.1590811178306313,0.9344178120609592,0.09473458071981056,0.9227421604013925,0.6610591654367671,0.08304933015695148,1.001021330740028,0.7469624939847289,-0.007358663060951232,0.8987934940524858,0.6176350292133335,0.3044072101532803,0.7638134058181739,0.6454905591610126,0.5031543949150736,0.6436871162529134,0.48771521655060374,0.1152431039675752,1.125402138551406,0.7572417311786714,-0.05483762960659844,0.9906050289014098,0.7467046685535519,-0.5599780482894214,0.6430534738020297,0.5096490323789327,-0.001583299528260751,1.0996813830300933,0.8106410176674391,-0.019074240917855034,1.0880246151883548,0.8192506391911597,0.1855817159089409,0.7326524952320326,0.5252750788551269,0.19216156578143473,0.9027287651861287,0.7465971844104136,0.12254671337402012,0.9241610864637095,0.7486751856231724
99,0.1459102609423112,0.9127015126973346,0.7161864001977284,0.2689190524830658,0.8587928750926418,0.7345870408914575,0.47554712816781974,0.7228672064204885,0.5532266320876779,0.12400465789903536,1.0702907206863912,0.9042717811870885,-0.17842755497067442,1.060130740469186,0.8725559634747662,-0.3241640116517137,0.7289907409396277,0.5913879419750507,0.01715420055500716,0.9927527496689587,0.6584200721498111,-0.03456101506124187,1.1637268003080197,0.9405417914004786,0.10483287206167469,0.917581104331837,0.6517579899157969,0.10619860845142459,0.9883046964162612,0.7376390558833955,-0.02574616583017053,0.9069593208719647,0.6283748402214485,0.299056677228253,0.766745422894274,0.6475217297411509,0.503191209987891,0.6436632679720691,0.495966875655573,0.12402944770365576,1.1198001239788355,0.7499628442541021,-0.03938726198045406,0.983323495647916,0.7474055653600018,-0.5571968450705711,0.6424799848854473,0.5002126094455769,0.010233669735493445,1.0931749555062797,0.8229050378650882,-0.025534336393479684,1.091467759299947,0.8185983189379984,0.1955324344915399,0.728162895129763,0.5272169553879053,0.16374293185037458,0.9184698959444403,0.7607900963454794,0.11353228601229814,0.9288960939869492,0.748894328629849
100,0.16763872848768846,0.9010169284224528,0.7096837153274378,0.24680836351710578,0.8716827348477993,0.7448479922958456,0.49408615779924103,0.7099758398963958,0.5329942725438371,0.12127937461538141,1.0719543027648584,0.9074202135270618,-0.21468576637733827,1.0763163922641739,0.8886597276396725,-0.3785490859488403,0.7438103880412757,0.595379683604798,0.0028951257894049842,0.9999282201846273,0.6803018602752662,-0.036921377172893566,1.1650535716001658,0.9396929728945793,0.08641175374901866,0.926974207804848,0.6659781303691569,0.09947968052361389,0.9920124079315832,0.7331328673472611,-0.04278612045056707,0.9144616104852981,0.6373549879783511,0.2778989985182774,0.7782313365784833,0.6525159929146831,0.5115333980001125,0.6382363389724005,0.4844475287550366,0.13363791799281488,1.1136416781290948,0.7534364379288886,-0.05706837366650164,0.9916519289908448,0.754288323556548,-0.593206090103825,0.6498660121140798,0.507587232704938,0.008757473148236605,1.0939898649602058,0.8100155421438581,-0.016913586655561863,1.0868705812998005,0.8194983677292144,0.18825746983540437,0.7314479479551141,0.5157303638054755,0.18381471834467156,0.9073804229381407,0.7371865745934616,0.1249622360964251,0.922888157983686,0.743882079577158
